seed	condition_id	coverage	error_model	substitution_rate	insertion_rate	deletion_rate	unit_substitution_rate	period	requested_gc	founder_gc	array_scope	source_coverage	observed_coverage	read_count	total_bases	family_id	truth_copies	estimate	signed_relative_error	absolute_relative_error	interval_low	interval_high	interval_contains_truth	interval_relative_width	sampling_oracle_copy_estimate	oracle_relative_error	estimator_minus_sampling_oracle	interval_kind
6301	condition_001	1	error_free	0	0	0	0.0	61	0.3	0.2786885245901639	factorial	1.0007148	1.0007148	722	10007148	f001	20	59.9571	1.997855	1.997855	56.9593	59.9571	False	0.1498899999999999	59.95714263444491	1.9978571317222453	-2.13172224547975e-06	diagnostic_kmer_10_90_spread_not_sampling_CI
6301	condition_001	1	error_free	0	0	0	0.02	61	0.3	0.29508196721311475	factorial	1.0007148	1.0007148	722	10007148	f002	20	0.0	-1.0	1.0	0.0	0.0	False	0.0	0.0	-1.0	0.0	diagnostic_kmer_10_90_spread_not_sampling_CI
6301	condition_001	1	error_free	0	0	0	0.0	61	0.5	0.5409836065573771	factorial	1.0007148	1.0007148	722	10007148	f003	20	106.9236	4.3461799999999995	4.3461799999999995	101.9271	106.9236	False	0.24982499999999988	107.33311435543251	4.366655717771626	-0.020475717771626024	diagnostic_kmer_10_90_spread_not_sampling_CI
6301	condition_001	1	error_free	0	0	0	0.02	61	0.5	0.4918032786885246	factorial	1.0007148	1.0007148	722	10007148	f004	20	0.0	-1.0	1.0	0.0	0.0	False	0.0	0.0	-1.0	0.0	diagnostic_kmer_10_90_spread_not_sampling_CI
6301	condition_001	1	error_free	0	0	0	0.0	61	0.7	0.7540983606557377	factorial	1.0007148	1.0007148	722	10007148	f005	20	19.9857	-0.0007149999999999324	0.0007149999999999324	18.9864	19.9857	False	0.04996500000000008	19.985714211481636	-0.0007142894259182242	-7.105740817081596e-07	diagnostic_kmer_10_90_spread_not_sampling_CI
6301	condition_001	1	error_free	0	0	0	0.02	61	0.7	0.6721311475409836	factorial	1.0007148	1.0007148	722	10007148	f006	20	0.0	-1.0	1.0	0.0	0.0	False	0.0	0.0	-1.0	0.0	diagnostic_kmer_10_90_spread_not_sampling_CI
6301	condition_001	1	error_free	0	0	0	0.0	61	0.3	0.2786885245901639	factorial	1.0007148	1.0007148	722	10007148	f007	80	67.9514	-0.15060749999999992	0.15060749999999992	67.9514	68.9507	False	0.012491249999999888	68.73775150112864	-0.140778106235892	-0.00982939376410794	diagnostic_kmer_10_90_spread_not_sampling_CI
6301	condition_001	1	error_free	0	0	0	0.02	61	0.3	0.32786885245901637	factorial	1.0007148	1.0007148	722	10007148	f008	80	63.9543	-0.20057124999999995	0.20057124999999995	59.9571	73.9471	False	0.1748750000000001	107.07100662806883	0.33838758285086035	-0.5389588328508603	diagnostic_kmer_10_90_spread_not_sampling_CI
6301	condition_001	1	error_free	0	0	0	0.0	61	0.5	0.36065573770491804	factorial	1.0007148	1.0007148	722	10007148	f009	80	57.9586	-0.2755175	0.2755175	56.9593	57.9586	False	0.012491249999999976	57.95857121329674	-0.27551785983379073	3.5983379067516805e-07	diagnostic_kmer_10_90_spread_not_sampling_CI
6301	condition_001	1	error_free	0	0	0	0.02	61	0.5	0.5901639344262295	factorial	1.0007148	1.0007148	722	10007148	f010	80	116.9164	0.46145499999999995	0.46145499999999995	104.925	129.9071	False	0.3122762500000002	187.53807892872277	1.3442259866090347	-0.8827709866090346	diagnostic_kmer_10_90_spread_not_sampling_CI
6301	condition_001	1	error_free	0	0	0	0.0	61	0.7	0.7213114754098361	factorial	1.0007148	1.0007148	722	10007148	f011	80	86.9379	0.08672374999999999	0.08672374999999999	85.9386	86.9379	False	0.012491250000000065	87.1999645473088	0.08999955684135993	-0.003275806841359952	diagnostic_kmer_10_90_spread_not_sampling_CI
6301	condition_001	1	error_free	0	0	0	0.02	61	0.7	0.6885245901639344	factorial	1.0007148	1.0007148	722	10007148	f012	80	40.9707	-0.48786625	0.48786625	37.9729	43.9686	False	0.07494624999999999	64.33106533482655	-0.19586168331466816	-0.2920045666853318	diagnostic_kmer_10_90_spread_not_sampling_CI
6301	condition_001	1	error_free	0	0	0	0.0	61	0.3	0.3770491803278688	factorial	1.0007148	1.0007148	722	10007148	f013	200	101.9271	-0.49036450000000004	0.49036450000000004	100.9279	102.9264	False	0.009992500000000036	102.79537432544858	-0.48602312837275713	-0.004341371627242907	diagnostic_kmer_10_90_spread_not_sampling_CI
6301	condition_001	1	error_free	0	0	0	0.02	61	0.3	0.22950819672131148	factorial	1.0007148	1.0007148	722	10007148	f014	200	0.0	-1.0	1.0	0.0	0.0	False	0.0	0.0	-1.0	0.0	diagnostic_kmer_10_90_spread_not_sampling_CI
6301	condition_001	1	error_free	0	0	0	0.0	61	0.5	0.5081967213114754	factorial	1.0007148	1.0007148	722	10007148	f015	200	52.9621	-0.7351895	0.7351895	52.9621	53.9614	False	0.0049964999999999905	53.78122930843787	-0.7310938534578106	-0.004095646542189364	diagnostic_kmer_10_90_spread_not_sampling_CI
6301	condition_001	1	error_free	0	0	0	0.02	61	0.5	0.6229508196721312	factorial	1.0007148	1.0007148	722	10007148	f016	200	74.9464	-0.625268	0.625268	69.95	76.945	False	0.03497499999999995	114.34449606241132	-0.42827751968794336	-0.19699048031205663	diagnostic_kmer_10_90_spread_not_sampling_CI
6301	condition_001	1	error_free	0	0	0	0.0	61	0.7	0.7704918032786885	factorial	1.0007148	1.0007148	722	10007148	f017	200	0.0	-1.0	1.0	0.0	0.0	False	0.0	0.0	-1.0	0.0	diagnostic_kmer_10_90_spread_not_sampling_CI
6301	condition_001	1	error_free	0	0	0	0.02	61	0.7	0.639344262295082	factorial	1.0007148	1.0007148	722	10007148	f018	200	161.8843	-0.1905785	0.1905785	154.8893	166.8807	False	0.059956999999999996	238.27230590655768	0.19136152953278837	-0.3819400295327884	diagnostic_kmer_10_90_spread_not_sampling_CI
6301	condition_001	1	error_free	0	0	0	0.0	171	0.3	0.2807017543859649	factorial	1.0007148	1.0007148	722	10007148	f019	20	0.0	-1.0	1.0	0.0	0.0	False	0.0	0.0	-1.0	0.0	diagnostic_kmer_10_90_spread_not_sampling_CI
6301	condition_001	1	error_free	0	0	0	0.02	171	0.3	0.22807017543859648	factorial	1.0007148	1.0007148	722	10007148	f020	20	23.9829	0.19914500000000004	0.19914500000000004	17.9871	27.98	True	0.49964499999999995	39.97142842296327	0.9985714211481636	-0.7994264211481635	diagnostic_kmer_10_90_spread_not_sampling_CI
6301	condition_001	1	error_free	0	0	0	0.0	171	0.5	0.5146198830409356	factorial	1.0007148	1.0007148	722	10007148	f021	20	38.9721	0.9486049999999999	0.9486049999999999	36.9736	38.9721	False	0.099925	38.9546113841335	0.947730569206675	0.0008744307933248763	diagnostic_kmer_10_90_spread_not_sampling_CI
6301	condition_001	1	error_free	0	0	0	0.02	171	0.5	0.52046783625731	factorial	1.0007148	1.0007148	722	10007148	f022	20	36.9736	0.8486799999999999	0.8486799999999999	31.9771	42.9693	False	0.5496099999999998	54.0607725644493	1.703038628222465	-0.8543586282224652	diagnostic_kmer_10_90_spread_not_sampling_CI
6301	condition_001	1	error_free	0	0	0	0.0	171	0.7	0.672514619883041	factorial	1.0007148	1.0007148	722	10007148	f023	20	39.9714	0.9985700000000002	0.9985700000000002	37.9729	39.9714	False	0.099925	39.97142842296327	0.9985714211481636	-1.4211481634163192e-06	diagnostic_kmer_10_90_spread_not_sampling_CI
6301	condition_001	1	error_free	0	0	0	0.02	171	0.7	0.672514619883041	factorial	1.0007148	1.0007148	722	10007148	f024	20	12.9907	-0.35046499999999997	0.35046499999999997	10.9921	15.9886	False	0.24982499999999996	19.985714211481636	-0.0007142894259182242	-0.34975071057408175	diagnostic_kmer_10_90_spread_not_sampling_CI
6301	condition_001	1	error_free	0	0	0	0.0	171	0.3	0.26900584795321636	factorial	1.0007148	1.0007148	722	10007148	f025	80	92.9336	0.16166999999999998	0.16166999999999998	91.9343	92.9336	False	0.012491250000000065	93.24913499199194	0.16561418739989922	-0.003944187399899235	diagnostic_kmer_10_90_spread_not_sampling_CI
6301	condition_001	1	error_free	0	0	0	0.02	171	0.3	0.3216374269005848	factorial	1.0007148	1.0007148	722	10007148	f026	80	33.9757	-0.57530375	0.57530375	31.9771	36.9736	False	0.06245624999999997	50.67138243501674	-0.36660771956229077	-0.20869603043770918	diagnostic_kmer_10_90_spread_not_sampling_CI
6301	condition_001	1	error_free	0	0	0	0.0	171	0.5	0.4327485380116959	factorial	1.0007148	1.0007148	722	10007148	f027	80	0.0	-1.0	1.0	0.0	0.0	False	0.0	0.0	-1.0	0.0	diagnostic_kmer_10_90_spread_not_sampling_CI
6301	condition_001	1	error_free	0	0	0	0.02	171	0.5	0.5029239766081871	factorial	1.0007148	1.0007148	722	10007148	f028	80	22.9836	-0.712705	0.712705	19.9857	27.98	False	0.09992874999999998	34.15102744207563	-0.5731121569740546	-0.13959284302594538	diagnostic_kmer_10_90_spread_not_sampling_CI
6301	condition_001	1	error_free	0	0	0	0.0	171	0.7	0.695906432748538	factorial	1.0007148	1.0007148	722	10007148	f029	80	67.9514	-0.15060749999999992	0.15060749999999992	67.9514	68.9507	False	0.012491249999999888	68.23192957112852	-0.14710088036089353	-0.0035066196391063897	diagnostic_kmer_10_90_spread_not_sampling_CI
6301	condition_001	1	error_free	0	0	0	0.02	171	0.7	0.7777777777777778	factorial	1.0007148	1.0007148	722	10007148	f030	80	113.9186	0.4239825	0.4239825	96.9307	124.9107	False	0.34975000000000006	167.8741556003605	1.098426945004506	-0.6744444450045062	diagnostic_kmer_10_90_spread_not_sampling_CI
6301	condition_001	1	error_free	0	0	0	0.0	171	0.3	0.30409356725146197	factorial	1.0007148	1.0007148	722	10007148	f031	200	88.9364	-0.555318	0.555318	88.9364	88.9364	False	0.0	89.11174152365014	-0.5544412923817493	-0.0008767076182506628	diagnostic_kmer_10_90_spread_not_sampling_CI
6301	condition_001	1	error_free	0	0	0	0.02	171	0.3	0.3567251461988304	factorial	1.0007148	1.0007148	722	10007148	f032	200	0.0	-1.0	1.0	0.0	0.0	False	0.0	0.0	-1.0	0.0	diagnostic_kmer_10_90_spread_not_sampling_CI
6301	condition_001	1	error_free	0	0	0	0.0	171	0.5	0.5614035087719298	factorial	1.0007148	1.0007148	722	10007148	f033	200	129.9071	-0.35046449999999996	0.35046449999999996	129.9071	130.9064	False	0.004996499999999884	130.36880068536368	-0.3481559965731816	-0.0023085034268183337	diagnostic_kmer_10_90_spread_not_sampling_CI
6301	condition_001	1	error_free	0	0	0	0.02	171	0.5	0.47953216374269003	factorial	1.0007148	1.0007148	722	10007148	f034	200	120.9136	-0.395432	0.395432	111.92	129.9071	False	0.08993550000000006	182.25568854610796	-0.0887215572694602	-0.3067104427305398	diagnostic_kmer_10_90_spread_not_sampling_CI
6301	condition_001	1	error_free	0	0	0	0.0	171	0.7	0.7134502923976608	factorial	1.0007148	1.0007148	722	10007148	f035	200	265.81	0.32905	0.32905	264.8107	266.8093	False	0.009993000000000052	266.62812766463776	0.3331406383231888	-0.0040906383231887845	diagnostic_kmer_10_90_spread_not_sampling_CI
6301	condition_001	1	error_free	0	0	0	0.02	171	0.7	0.7309941520467836	factorial	1.0007148	1.0007148	722	10007148	f036	200	116.9164	-0.415418	0.415418	106.9236	128.9079	False	0.10992150000000009	184.9847319779097	-0.07507634011045156	-0.34034165988954845	diagnostic_kmer_10_90_spread_not_sampling_CI
6301	condition_001	1	error_free	0	0	0	0.0	421	0.3	0.2755344418052256	factorial	1.0007148	1.0007148	722	10007148	f037	20	37.9729	0.8986450000000001	0.8986450000000001	36.9736	37.9729	False	0.04996500000000026	37.58596015900376	0.8792980079501881	0.01934699204981207	diagnostic_kmer_10_90_spread_not_sampling_CI
6301	condition_001	1	error_free	0	0	0	0.02	421	0.3	0.30641330166270786	factorial	1.0007148	1.0007148	722	10007148	f038	20	33.9757	0.6987850000000002	0.6987850000000002	28.9793	39.9714	False	0.5496050000000002	47.94197810492946	1.397098905246473	-0.6983139052464729	diagnostic_kmer_10_90_spread_not_sampling_CI
6301	condition_001	1	error_free	0	0	0	0.0	421	0.5	0.47743467933491684	factorial	1.0007148	1.0007148	722	10007148	f039	20	0.0	-1.0	1.0	0.0	0.0	False	0.0	0.0	-1.0	0.0	diagnostic_kmer_10_90_spread_not_sampling_CI
6301	condition_001	1	error_free	0	0	0	0.02	421	0.5	0.4916864608076009	factorial	1.0007148	1.0007148	722	10007148	f040	20	3.9971	-0.800145	0.800145	2.9979	5.9957	False	0.14989000000000002	6.755266347491299	-0.6622366826254351	-0.13790831737456494	diagnostic_kmer_10_90_spread_not_sampling_CI
6301	condition_001	1	error_free	0	0	0	0.0	421	0.7	0.6864608076009501	factorial	1.0007148	1.0007148	722	10007148	f041	20	19.9857	-0.0007149999999999324	0.0007149999999999324	19.9857	21.9843	True	0.09992999999999999	20.693047089750223	0.03465235448751116	-0.03536735448751109	diagnostic_kmer_10_90_spread_not_sampling_CI
6301	condition_001	1	error_free	0	0	0	0.02	421	0.7	0.7339667458432304	factorial	1.0007148	1.0007148	722	10007148	f042	20	17.9871	-0.10064499999999992	0.10064499999999992	13.99	21.9843	True	0.39971500000000004	29.159679226609487	0.45798396133047437	-0.5586289613304742	diagnostic_kmer_10_90_spread_not_sampling_CI
6301	condition_001	1	error_free	0	0	0	0.0	421	0.3	0.30403800475059384	factorial	1.0007148	1.0007148	722	10007148	f043	80	22.9836	-0.712705	0.712705	21.9843	22.9836	False	0.012491249999999976	22.603795301180476	-0.717452558735244	0.00474755873524404	diagnostic_kmer_10_90_spread_not_sampling_CI
6301	condition_001	1	error_free	0	0	0	0.02	421	0.3	0.2850356294536817	factorial	1.0007148	1.0007148	722	10007148	f044	80	61.9557	-0.22555375	0.22555375	52.9621	70.9493	False	0.22483999999999993	90.04252596348644	0.1255315745435805	-0.3510853245435805	diagnostic_kmer_10_90_spread_not_sampling_CI
6301	condition_001	1	error_free	0	0	0	0.0	421	0.5	0.5106888361045131	factorial	1.0007148	1.0007148	722	10007148	f045	80	62.955	-0.21306250000000002	0.21306250000000002	61.9557	63.9543	False	0.02498250000000004	62.817330950933666	-0.21478336311332918	0.0017208631133291518	diagnostic_kmer_10_90_spread_not_sampling_CI
6301	condition_001	1	error_free	0	0	0	0.02	421	0.5	0.47743467933491684	factorial	1.0007148	1.0007148	722	10007148	f046	80	35.9743	-0.55032125	0.55032125	29.9786	41.97	False	0.14989249999999998	54.39342361880204	-0.3200822047649745	-0.2302390452350255	diagnostic_kmer_10_90_spread_not_sampling_CI
6301	condition_001	1	error_free	0	0	0	0.0	421	0.7	0.6935866983372921	factorial	1.0007148	1.0007148	722	10007148	f047	80	119.9143	0.49892875	0.49892875	117.9157	120.9136	False	0.037473750000000014	120.06619568569917	0.5008274460712396	-0.0018986960712396694	diagnostic_kmer_10_90_spread_not_sampling_CI
6301	condition_001	1	error_free	0	0	0	0.02	421	0.7	0.672209026128266	factorial	1.0007148	1.0007148	722	10007148	f048	80	31.9771	-0.60028625	0.60028625	26.9807	36.9736	False	0.12491124999999999	50.25386476074693	-0.3718266904906634	-0.2284595595093366	diagnostic_kmer_10_90_spread_not_sampling_CI
6301	condition_001	1	error_free	0	0	0	0.0	421	0.3	0.3254156769596199	factorial	1.0007148	1.0007148	722	10007148	f049	200	317.7729	0.5888645	0.5888645	315.7743	319.7714	False	0.01998550000000023	318.44221123662425	0.5922110561831212	-0.003346556183121265	diagnostic_kmer_10_90_spread_not_sampling_CI
6301	condition_001	1	error_free	0	0	0	0.02	421	0.3	0.29453681710213775	factorial	1.0007148	1.0007148	722	10007148	f050	200	109.9214	-0.450393	0.450393	101.9271	118.915	False	0.08493950000000006	166.29443440099803	-0.16852782799500987	-0.2818651720049901	diagnostic_kmer_10_90_spread_not_sampling_CI
6301	condition_001	1	error_free	0	0	0	0.0	421	0.5	0.48693586698337293	factorial	1.0007148	1.0007148	722	10007148	f051	200	41.97	-0.79015	0.79015	40.9707	41.97	False	0.0049964999999999905	41.599718203138615	-0.7920014089843069	0.0018514089843069215	diagnostic_kmer_10_90_spread_not_sampling_CI
6301	condition_001	1	error_free	0	0	0	0.02	421	0.5	0.5106888361045131	factorial	1.0007148	1.0007148	722	10007148	f052	200	156.8879	-0.2155605	0.2155605	140.8993	172.8764	False	0.1598854999999999	234.79653798096953	0.17398268990484766	-0.38954318990484765	diagnostic_kmer_10_90_spread_not_sampling_CI
6301	condition_001	1	error_free	0	0	0	0.0	421	0.7	0.7078384798099763	factorial	1.0007148	1.0007148	722	10007148	f053	200	229.8357	0.14917850000000002	0.14917850000000002	228.8364	231.8343	False	0.014989500000000077	230.6356167205506	0.15317808360275292	-0.003999583602752921	diagnostic_kmer_10_90_spread_not_sampling_CI
6301	condition_001	1	error_free	0	0	0	0.02	421	0.7	0.6793349168646081	factorial	1.0007148	1.0007148	722	10007148	f054	200	176.8736	-0.11563199999999994	0.11563199999999994	166.8807	188.865	False	0.10992150000000009	273.343806246345	0.3667190312317251	-0.48235103123172507	diagnostic_kmer_10_90_spread_not_sampling_CI
6301	condition_001	1	error_free	0	0	0	0.01	171	0.5	0.5906432748538012	megabase	1.0007148	1.0007148	722	10007148	megabase_171	6000	3887.2214	-0.3521297666666667	0.3521297666666667	3856.2436	3928.1921	False	0.011991416666666737	4836.198056389527	-0.19396699060174555	-0.15816277606492113	diagnostic_kmer_10_90_spread_not_sampling_CI
6301	condition_002	1	iid_low_indel	0.001	0.001	0.001	0.0	61	0.3	0.2786885245901639	factorial	1.0007148	1.0007387	722	10007387	f001	20	53.9601	1.6980049999999998	1.6980049999999998	51.9616	55.9587	False	0.19985500000000017	59.95714263444491	1.9978571317222453	-0.29985213172224545	diagnostic_kmer_10_90_spread_not_sampling_CI
6301	condition_002	1	iid_low_indel	0.001	0.001	0.001	0.02	61	0.3	0.29508196721311475	factorial	1.0007148	1.0007387	722	10007387	f002	20	0.0	-1.0	1.0	0.0	0.0	False	0.0	0.0	-1.0	0.0	diagnostic_kmer_10_90_spread_not_sampling_CI
6301	condition_002	1	iid_low_indel	0.001	0.001	0.001	0.0	61	0.5	0.5409836065573771	factorial	1.0007148	1.0007387	722	10007387	f003	20	97.9277	3.896385	3.896385	95.9291	99.9262	False	0.19985499999999945	107.33311435543251	4.366655717771626	-0.4702707177716256	diagnostic_kmer_10_90_spread_not_sampling_CI
6301	condition_002	1	iid_low_indel	0.001	0.001	0.001	0.02	61	0.5	0.4918032786885246	factorial	1.0007148	1.0007387	722	10007387	f004	20	0.0	-1.0	1.0	0.0	0.0	False	0.0	0.0	-1.0	0.0	diagnostic_kmer_10_90_spread_not_sampling_CI
6301	condition_002	1	iid_low_indel	0.001	0.001	0.001	0.0	61	0.7	0.7540983606557377	factorial	1.0007148	1.0007387	722	10007387	f005	20	18.986	-0.05069999999999997	0.05069999999999997	17.9867	19.9852	False	0.099925	19.985714211481636	-0.0007142894259182242	-0.04998571057408174	diagnostic_kmer_10_90_spread_not_sampling_CI
6301	condition_002	1	iid_low_indel	0.001	0.001	0.001	0.02	61	0.7	0.6721311475409836	factorial	1.0007148	1.0007387	722	10007387	f006	20	0.0	-1.0	1.0	0.0	0.0	False	0.0	0.0	-1.0	0.0	diagnostic_kmer_10_90_spread_not_sampling_CI
6301	condition_002	1	iid_low_indel	0.001	0.001	0.001	0.0	61	0.3	0.2786885245901639	factorial	1.0007148	1.0007387	722	10007387	f007	80	62.9535	-0.21308125000000003	0.21308125000000003	59.9557	63.9528	False	0.04996375000000004	68.73775150112864	-0.140778106235892	-0.07230314376410804	diagnostic_kmer_10_90_spread_not_sampling_CI
6301	condition_002	1	iid_low_indel	0.001	0.001	0.001	0.02	61	0.3	0.32786885245901637	factorial	1.0007148	1.0007387	722	10007387	f008	80	59.9557	-0.25055375	0.25055375	56.9579	67.9498	False	0.13739874999999993	107.07100662806883	0.33838758285086035	-0.5889413328508604	diagnostic_kmer_10_90_spread_not_sampling_CI
6301	condition_002	1	iid_low_indel	0.001	0.001	0.001	0.0	61	0.5	0.36065573770491804	factorial	1.0007148	1.0007387	722	10007387	f009	80	56.9579	-0.28802625	0.28802625	52.9609	56.9579	False	0.0499625	57.95857121329674	-0.27551785983379073	-0.01250839016620926	diagnostic_kmer_10_90_spread_not_sampling_CI
6301	condition_002	1	iid_low_indel	0.001	0.001	0.001	0.02	61	0.5	0.5901639344262295	factorial	1.0007148	1.0007387	722	10007387	f010	80	110.9181	0.38647624999999997	0.38647624999999997	98.9269	123.9085	False	0.31227	187.53807892872277	1.3442259866090347	-0.9577497366090346	diagnostic_kmer_10_90_spread_not_sampling_CI
6301	condition_002	1	iid_low_indel	0.001	0.001	0.001	0.0	61	0.7	0.7213114754098361	factorial	1.0007148	1.0007387	722	10007387	f011	80	81.9395	0.024243749999999942	0.024243749999999942	79.9409	83.938	True	0.04996375000000004	87.1999645473088	0.08999955684135993	-0.06575580684136	diagnostic_kmer_10_90_spread_not_sampling_CI
6301	condition_002	1	iid_low_indel	0.001	0.001	0.001	0.02	61	0.7	0.6885245901639344	factorial	1.0007148	1.0007387	722	10007387	f012	80	36.9727	-0.5378412499999999	0.5378412499999999	34.9742	39.9705	False	0.062453749999999975	64.33106533482655	-0.19586168331466816	-0.3419795666853318	diagnostic_kmer_10_90_spread_not_sampling_CI
6301	condition_002	1	iid_low_indel	0.001	0.001	0.001	0.0	61	0.3	0.3770491803278688	factorial	1.0007148	1.0007387	722	10007387	f013	200	93.9306	-0.530347	0.530347	91.9321	96.9284	False	0.024981499999999955	102.79537432544858	-0.48602312837275713	-0.0443238716272429	diagnostic_kmer_10_90_spread_not_sampling_CI
6301	condition_002	1	iid_low_indel	0.001	0.001	0.001	0.02	61	0.3	0.22950819672131148	factorial	1.0007148	1.0007387	722	10007387	f014	200	0.0	-1.0	1.0	0.0	0.0	False	0.0	0.0	-1.0	0.0	diagnostic_kmer_10_90_spread_not_sampling_CI
6301	condition_002	1	iid_low_indel	0.001	0.001	0.001	0.0	61	0.5	0.5081967213114754	factorial	1.0007148	1.0007387	722	10007387	f015	200	48.9638	-0.755181	0.755181	46.9653	51.9616	False	0.02498149999999999	53.78122930843787	-0.7310938534578106	-0.024087146542189367	diagnostic_kmer_10_90_spread_not_sampling_CI
6301	condition_002	1	iid_low_indel	0.001	0.001	0.001	0.02	61	0.5	0.6229508196721312	factorial	1.0007148	1.0007387	722	10007387	f016	200	71.9469	-0.6402655	0.6402655	67.9498	73.9454	False	0.02997800000000005	114.34449606241132	-0.42827751968794336	-0.21198798031205662	diagnostic_kmer_10_90_spread_not_sampling_CI
6301	condition_002	1	iid_low_indel	0.001	0.001	0.001	0.0	61	0.7	0.7704918032786885	factorial	1.0007148	1.0007387	722	10007387	f017	200	0.0	-1.0	1.0	0.0	0.0	False	0.0	0.0	-1.0	0.0	diagnostic_kmer_10_90_spread_not_sampling_CI
6301	condition_002	1	iid_low_indel	0.001	0.001	0.001	0.02	61	0.7	0.639344262295082	factorial	1.0007148	1.0007387	722	10007387	f018	200	152.8871	-0.23556449999999998	0.23556449999999998	142.8944	159.8819	False	0.08493750000000005	238.27230590655768	0.19136152953278837	-0.42692602953278835	diagnostic_kmer_10_90_spread_not_sampling_CI
6301	condition_002	1	iid_low_indel	0.001	0.001	0.001	0.0	171	0.3	0.2807017543859649	factorial	1.0007148	1.0007387	722	10007387	f019	20	0.0	-1.0	1.0	0.0	0.0	False	0.0	0.0	-1.0	0.0	diagnostic_kmer_10_90_spread_not_sampling_CI
6301	condition_002	1	iid_low_indel	0.001	0.001	0.001	0.02	171	0.3	0.22807017543859648	factorial	1.0007148	1.0007387	722	10007387	f020	20	21.9838	0.09918999999999993	0.09918999999999993	16.9875	25.9808	True	0.44966499999999987	39.97142842296327	0.9985714211481636	-0.8993814211481637	diagnostic_kmer_10_90_spread_not_sampling_CI
6301	condition_002	1	iid_low_indel	0.001	0.001	0.001	0.0	171	0.5	0.5146198830409356	factorial	1.0007148	1.0007387	722	10007387	f021	20	35.9734	0.7986699999999999	0.7986699999999999	33.9749	37.972	False	0.19985500000000017	38.9546113841335	0.947730569206675	-0.1490605692066751	diagnostic_kmer_10_90_spread_not_sampling_CI
6301	condition_002	1	iid_low_indel	0.001	0.001	0.001	0.02	171	0.5	0.52046783625731	factorial	1.0007148	1.0007387	722	10007387	f022	20	35.9734	0.7986699999999999	0.7986699999999999	28.9786	41.969	False	0.6495200000000001	54.0607725644493	1.703038628222465	-0.9043686282224652	diagnostic_kmer_10_90_spread_not_sampling_CI
6301	condition_002	1	iid_low_indel	0.001	0.001	0.001	0.0	171	0.7	0.672514619883041	factorial	1.0007148	1.0007387	722	10007387	f023	20	37.972	0.8986000000000001	0.8986000000000001	35.9734	38.9712	False	0.14989000000000025	39.97142842296327	0.9985714211481636	-0.09997142114816349	diagnostic_kmer_10_90_spread_not_sampling_CI
6301	condition_002	1	iid_low_indel	0.001	0.001	0.001	0.02	171	0.7	0.672514619883041	factorial	1.0007148	1.0007387	722	10007387	f024	20	12.9904	-0.35048	0.35048	9.9926	14.9889	False	0.24981499999999998	19.985714211481636	-0.0007142894259182242	-0.3497657105740818	diagnostic_kmer_10_90_spread_not_sampling_CI
6301	condition_002	1	iid_low_indel	0.001	0.001	0.001	0.0	171	0.3	0.26900584795321636	factorial	1.0007148	1.0007387	722	10007387	f025	80	87.935	0.09918750000000003	0.09918750000000003	84.9373	89.9336	False	0.062453750000000065	93.24913499199194	0.16561418739989922	-0.06642668739989918	diagnostic_kmer_10_90_spread_not_sampling_CI
6301	condition_002	1	iid_low_indel	0.001	0.001	0.001	0.02	171	0.3	0.3216374269005848	factorial	1.0007148	1.0007387	722	10007387	f026	80	32.9756	-0.587805	0.587805	29.9779	34.9742	False	0.062453750000000016	50.67138243501674	-0.36660771956229077	-0.22119728043770923	diagnostic_kmer_10_90_spread_not_sampling_CI
6301	condition_002	1	iid_low_indel	0.001	0.001	0.001	0.0	171	0.5	0.4327485380116959	factorial	1.0007148	1.0007387	722	10007387	f027	80	0.0	-1.0	1.0	0.0	0.0	False	0.0	0.0	-1.0	0.0	diagnostic_kmer_10_90_spread_not_sampling_CI
6301	condition_002	1	iid_low_indel	0.001	0.001	0.001	0.02	171	0.5	0.5029239766081871	factorial	1.0007148	1.0007387	722	10007387	f028	80	21.9838	-0.7252025	0.7252025	18.986	24.9815	False	0.07494375	34.15102744207563	-0.5731121569740546	-0.1520903430259454	diagnostic_kmer_10_90_spread_not_sampling_CI
6301	condition_002	1	iid_low_indel	0.001	0.001	0.001	0.0	171	0.7	0.695906432748538	factorial	1.0007148	1.0007387	722	10007387	f029	80	63.9528	-0.20058999999999996	0.20058999999999996	62.9535	67.9498	False	0.062453749999999975	68.23192957112852	-0.14710088036089353	-0.05348911963910643	diagnostic_kmer_10_90_spread_not_sampling_CI
6301	condition_002	1	iid_low_indel	0.001	0.001	0.001	0.02	171	0.7	0.7777777777777778	factorial	1.0007148	1.0007387	722	10007387	f030	80	106.921	0.3365125000000001	0.3365125000000001	92.9314	117.9129	False	0.31226875	167.8741556003605	1.098426945004506	-0.7619144450045061	diagnostic_kmer_10_90_spread_not_sampling_CI
6301	condition_002	1	iid_low_indel	0.001	0.001	0.001	0.0	171	0.3	0.30409356725146197	factorial	1.0007148	1.0007387	722	10007387	f031	200	84.9373	-0.5753135	0.5753135	81.9395	86.9358	False	0.024981500000000025	89.11174152365014	-0.5544412923817493	-0.020872207618250725	diagnostic_kmer_10_90_spread_not_sampling_CI
6301	condition_002	1	iid_low_indel	0.001	0.001	0.001	0.02	171	0.3	0.3567251461988304	factorial	1.0007148	1.0007387	722	10007387	f032	200	0.0	-1.0	1.0	0.0	0.0	False	0.0	0.0	-1.0	0.0	diagnostic_kmer_10_90_spread_not_sampling_CI
6301	condition_002	1	iid_low_indel	0.001	0.001	0.001	0.0	171	0.5	0.5614035087719298	factorial	1.0007148	1.0007387	722	10007387	f033	200	122.9092	-0.385454	0.385454	117.9129	126.9063	False	0.04496700000000004	130.36880068536368	-0.3481559965731816	-0.03729800342681841	diagnostic_kmer_10_90_spread_not_sampling_CI
6301	condition_002	1	iid_low_indel	0.001	0.001	0.001	0.02	171	0.5	0.47953216374269003	factorial	1.0007148	1.0007387	722	10007387	f034	200	111.9173	-0.4404135	0.4404135	105.9218	121.9099	False	0.07994049999999994	182.25568854610796	-0.0887215572694602	-0.35169194273053983	diagnostic_kmer_10_90_spread_not_sampling_CI
6301	condition_002	1	iid_low_indel	0.001	0.001	0.001	0.0	171	0.7	0.7134502923976608	factorial	1.0007148	1.0007387	722	10007387	f035	200	251.814	0.25906999999999997	0.25906999999999997	245.8184	254.8118	False	0.04496700000000004	266.62812766463776	0.3331406383231888	-0.07407063832318883	diagnostic_kmer_10_90_spread_not_sampling_CI
6301	condition_002	1	iid_low_indel	0.001	0.001	0.001	0.02	171	0.7	0.7309941520467836	factorial	1.0007148	1.0007387	722	10007387	f036	200	111.9173	-0.4404135	0.4404135	100.9254	123.9085	False	0.11491550000000003	184.9847319779097	-0.07507634011045156	-0.36533715988954846	diagnostic_kmer_10_90_spread_not_sampling_CI
6301	condition_002	1	iid_low_indel	0.001	0.001	0.001	0.0	421	0.3	0.2755344418052256	factorial	1.0007148	1.0007387	722	10007387	f037	20	35.9734	0.7986699999999999	0.7986699999999999	33.9749	37.972	False	0.19985500000000017	37.58596015900376	0.8792980079501881	-0.08062800795018817	diagnostic_kmer_10_90_spread_not_sampling_CI
6301	condition_002	1	iid_low_indel	0.001	0.001	0.001	0.02	421	0.3	0.30641330166270786	factorial	1.0007148	1.0007387	722	10007387	f038	20	30.9771	0.548855	0.548855	26.9801	36.9727	False	0.49963000000000013	47.94197810492946	1.397098905246473	-0.8482439052464731	diagnostic_kmer_10_90_spread_not_sampling_CI
6301	condition_002	1	iid_low_indel	0.001	0.001	0.001	0.0	421	0.5	0.47743467933491684	factorial	1.0007148	1.0007387	722	10007387	f039	20	0.0	-1.0	1.0	0.0	0.0	False	0.0	0.0	-1.0	0.0	diagnostic_kmer_10_90_spread_not_sampling_CI
6301	condition_002	1	iid_low_indel	0.001	0.001	0.001	0.02	421	0.5	0.4916864608076009	factorial	1.0007148	1.0007387	722	10007387	f040	20	3.997	-0.80015	0.80015	1.9985	5.9956	False	0.19985499999999998	6.755266347491299	-0.6622366826254351	-0.13791331737456494	diagnostic_kmer_10_90_spread_not_sampling_CI
6301	condition_002	1	iid_low_indel	0.001	0.001	0.001	0.0	421	0.7	0.6864608076009501	factorial	1.0007148	1.0007387	722	10007387	f041	20	19.9852	-0.0007400000000000517	0.0007400000000000517	17.9867	21.9838	True	0.19985499999999998	20.693047089750223	0.03465235448751116	-0.03539235448751121	diagnostic_kmer_10_90_spread_not_sampling_CI
6301	condition_002	1	iid_low_indel	0.001	0.001	0.001	0.02	421	0.7	0.7339667458432304	factorial	1.0007148	1.0007387	722	10007387	f042	20	17.9867	-0.10066500000000005	0.10066500000000005	12.9904	21.9838	True	0.44966999999999996	29.159679226609487	0.45798396133047437	-0.5586489613304744	diagnostic_kmer_10_90_spread_not_sampling_CI
6301	condition_002	1	iid_low_indel	0.001	0.001	0.001	0.0	421	0.3	0.30403800475059384	factorial	1.0007148	1.0007387	722	10007387	f043	80	20.9845	-0.73769375	0.73769375	18.986	22.983	False	0.0499625	22.603795301180476	-0.717452558735244	-0.02024119126475594	diagnostic_kmer_10_90_spread_not_sampling_CI
6301	condition_002	1	iid_low_indel	0.001	0.001	0.001	0.02	421	0.3	0.2850356294536817	factorial	1.0007148	1.0007387	722	10007387	f044	80	58.9564	-0.263045	0.263045	50.9624	66.9505	False	0.19985125000000004	90.04252596348644	0.1255315745435805	-0.38857657454358047	diagnostic_kmer_10_90_spread_not_sampling_CI
6301	condition_002	1	iid_low_indel	0.001	0.001	0.001	0.0	421	0.5	0.5106888361045131	factorial	1.0007148	1.0007387	722	10007387	f045	80	58.9564	-0.263045	0.263045	55.9587	60.955	False	0.062453749999999975	62.817330950933666	-0.21478336311332918	-0.0482616368866708	diagnostic_kmer_10_90_spread_not_sampling_CI
6301	condition_002	1	iid_low_indel	0.001	0.001	0.001	0.02	421	0.5	0.47743467933491684	factorial	1.0007148	1.0007387	722	10007387	f046	80	33.9749	-0.5753137500000001	0.5753137500000001	27.9793	39.9705	False	0.14989000000000002	54.39342361880204	-0.3200822047649745	-0.2552315452350255	diagnostic_kmer_10_90_spread_not_sampling_CI
6301	condition_002	1	iid_low_indel	0.001	0.001	0.001	0.0	421	0.7	0.6935866983372921	factorial	1.0007148	1.0007387	722	10007387	f047	80	113.9159	0.42394874999999993	0.42394874999999993	109.9188	116.9136	False	0.08743499999999997	120.06619568569917	0.5008274460712396	-0.07687869607123972	diagnostic_kmer_10_90_spread_not_sampling_CI
6301	condition_002	1	iid_low_indel	0.001	0.001	0.001	0.02	421	0.7	0.672209026128266	factorial	1.0007148	1.0007387	722	10007387	f048	80	29.9779	-0.62527625	0.62527625	24.9815	34.9742	False	0.12490875000000004	50.25386476074693	-0.3718266904906634	-0.25344955950933656	diagnostic_kmer_10_90_spread_not_sampling_CI
6301	condition_002	1	iid_low_indel	0.001	0.001	0.001	0.0	421	0.3	0.3254156769596199	factorial	1.0007148	1.0007387	722	10007387	f049	200	300.7778	0.503889	0.503889	294.7822	304.7749	False	0.04996350000000007	318.44221123662425	0.5922110561831212	-0.08832205618312117	diagnostic_kmer_10_90_spread_not_sampling_CI
6301	condition_002	1	iid_low_indel	0.001	0.001	0.001	0.02	421	0.3	0.29453681710213775	factorial	1.0007148	1.0007387	722	10007387	f050	200	103.9232	-0.48038400000000003	0.48038400000000003	95.9291	112.9166	False	0.08493749999999999	166.29443440099803	-0.16852782799500987	-0.31185617200499016	diagnostic_kmer_10_90_spread_not_sampling_CI
6301	condition_002	1	iid_low_indel	0.001	0.001	0.001	0.0	421	0.5	0.48693586698337293	factorial	1.0007148	1.0007387	722	10007387	f051	200	38.9712	-0.805144	0.805144	35.9734	40.9697	False	0.024981500000000025	41.599718203138615	-0.7920014089843069	-0.013142591015693057	diagnostic_kmer_10_90_spread_not_sampling_CI
6301	condition_002	1	iid_low_indel	0.001	0.001	0.001	0.02	421	0.5	0.5106888361045131	factorial	1.0007148	1.0007387	722	10007387	f052	200	147.8908	-0.26054599999999994	0.26054599999999994	132.9018	161.8804	False	0.144893	234.79653798096953	0.17398268990484766	-0.4345286899048476	diagnostic_kmer_10_90_spread_not_sampling_CI
6301	condition_002	1	iid_low_indel	0.001	0.001	0.001	0.0	421	0.7	0.7078384798099763	factorial	1.0007148	1.0007387	722	10007387	f053	200	216.8398	0.08419899999999998	0.08419899999999998	211.8435	220.8369	False	0.04496700000000004	230.6356167205506	0.15317808360275292	-0.06897908360275296	diagnostic_kmer_10_90_spread_not_sampling_CI
6301	condition_002	1	iid_low_indel	0.001	0.001	0.001	0.02	421	0.7	0.6793349168646081	factorial	1.0007148	1.0007387	722	10007387	f054	200	164.8782	-0.17560900000000004	0.17560900000000004	154.8856	178.8679	False	0.11991149999999991	273.343806246345	0.3667190312317251	-0.5423280312317251	diagnostic_kmer_10_90_spread_not_sampling_CI
6301	condition_002	1	iid_low_indel	0.001	0.001	0.001	0.01	171	0.5	0.5906432748538012	megabase	1.0007148	1.0007387	722	10007387	megabase_171	6000	3659.2969	-0.39011718333333334	0.39011718333333334	3624.3227	3698.2681	False	0.012324233333333268	4836.198056389527	-0.19396699060174555	-0.19615019273158782	diagnostic_kmer_10_90_spread_not_sampling_CI
6301	condition_003	1	iid_high_indel	0.01	0.005	0.005	0.0	61	0.3	0.2786885245901639	factorial	1.0007148	1.000766	722	10007660	f001	20	35.9724	0.79862	0.79862	33.974	38.9701	False	0.24980500000000028	59.95714263444491	1.9978571317222453	-1.1992371317222452	diagnostic_kmer_10_90_spread_not_sampling_CI
6301	condition_003	1	iid_high_indel	0.01	0.005	0.005	0.02	61	0.3	0.29508196721311475	factorial	1.0007148	1.000766	722	10007660	f002	20	0.0	-1.0	1.0	0.0	0.0	False	0.0	0.0	-1.0	0.0	diagnostic_kmer_10_90_spread_not_sampling_CI
6301	condition_003	1	iid_high_indel	0.01	0.005	0.005	0.0	61	0.5	0.5409836065573771	factorial	1.0007148	1.000766	722	10007660	f003	20	70.9457	2.547285	2.547285	66.9487	73.9434	False	0.34973499999999974	107.33311435543251	4.366655717771626	-1.8193707177716256	diagnostic_kmer_10_90_spread_not_sampling_CI
6301	condition_003	1	iid_high_indel	0.01	0.005	0.005	0.02	61	0.5	0.4918032786885246	factorial	1.0007148	1.000766	722	10007660	f004	20	0.0	-1.0	1.0	0.0	0.0	False	0.0	0.0	-1.0	0.0	diagnostic_kmer_10_90_spread_not_sampling_CI
6301	condition_003	1	iid_high_indel	0.01	0.005	0.005	0.0	61	0.7	0.7540983606557377	factorial	1.0007148	1.000766	722	10007660	f005	20	11.9908	-0.40046	0.40046	10.9916	12.99	False	0.09992000000000001	19.985714211481636	-0.0007142894259182242	-0.39974571057408176	diagnostic_kmer_10_90_spread_not_sampling_CI
6301	condition_003	1	iid_high_indel	0.01	0.005	0.005	0.02	61	0.7	0.6721311475409836	factorial	1.0007148	1.000766	722	10007660	f006	20	0.0	-1.0	1.0	0.0	0.0	False	0.0	0.0	-1.0	0.0	diagnostic_kmer_10_90_spread_not_sampling_CI
6301	condition_003	1	iid_high_indel	0.01	0.005	0.005	0.0	61	0.3	0.2786885245901639	factorial	1.0007148	1.000766	722	10007660	f007	80	44.9656	-0.43793	0.43793	41.9679	46.964	False	0.06245124999999998	68.73775150112864	-0.140778106235892	-0.297151893764108	diagnostic_kmer_10_90_spread_not_sampling_CI
6301	condition_003	1	iid_high_indel	0.01	0.005	0.005	0.02	61	0.3	0.32786885245901637	factorial	1.0007148	1.000766	722	10007660	f008	80	45.9648	-0.42544000000000004	0.42544000000000004	41.9679	52.9594	False	0.13739375000000004	107.07100662806883	0.33838758285086035	-0.7638275828508604	diagnostic_kmer_10_90_spread_not_sampling_CI
6301	condition_003	1	iid_high_indel	0.01	0.005	0.005	0.0	61	0.5	0.36065573770491804	factorial	1.0007148	1.000766	722	10007660	f009	80	37.9709	-0.52536375	0.52536375	32.9747	40.9686	False	0.09992375000000005	57.95857121329674	-0.27551785983379073	-0.24984589016620928	diagnostic_kmer_10_90_spread_not_sampling_CI
6301	condition_003	1	iid_high_indel	0.01	0.005	0.005	0.02	61	0.5	0.5901639344262295	factorial	1.0007148	1.000766	722	10007660	f010	80	77.9403	-0.02574625000000008	0.02574625000000008	74.9426	84.9349	True	0.12490375000000001	187.53807892872277	1.3442259866090347	-1.3699722366090348	diagnostic_kmer_10_90_spread_not_sampling_CI
6301	condition_003	1	iid_high_indel	0.01	0.005	0.005	0.0	61	0.7	0.7213114754098361	factorial	1.0007148	1.000766	722	10007660	f011	80	55.9571	-0.30053625000000006	0.30053625000000006	51.9602	60.9533	False	0.11241374999999998	87.1999645473088	0.08999955684135993	-0.39053580684135997	diagnostic_kmer_10_90_spread_not_sampling_CI
6301	condition_003	1	iid_high_indel	0.01	0.005	0.005	0.02	61	0.7	0.6885245901639344	factorial	1.0007148	1.000766	722	10007660	f012	80	24.9809	-0.6877387500000001	0.6877387500000001	21.9832	30.9763	False	0.11241374999999998	64.33106533482655	-0.19586168331466816	-0.4918770666853319	diagnostic_kmer_10_90_spread_not_sampling_CI
6301	condition_003	1	iid_high_indel	0.01	0.005	0.005	0.0	61	0.3	0.3770491803278688	factorial	1.0007148	1.000766	722	10007660	f013	200	70.9457	-0.6452715000000001	0.6452715000000001	61.9525	75.9418	False	0.0699465	102.79537432544858	-0.48602312837275713	-0.15924837162724287	diagnostic_kmer_10_90_spread_not_sampling_CI
6301	condition_003	1	iid_high_indel	0.01	0.005	0.005	0.02	61	0.3	0.22950819672131148	factorial	1.0007148	1.000766	722	10007660	f014	200	0.0	-1.0	1.0	0.0	0.0	False	0.0	0.0	-1.0	0.0	diagnostic_kmer_10_90_spread_not_sampling_CI
6301	condition_003	1	iid_high_indel	0.01	0.005	0.005	0.0	61	0.5	0.5081967213114754	factorial	1.0007148	1.000766	722	10007660	f015	200	34.9732	-0.825134	0.825134	30.9763	40.9686	False	0.04996150000000002	53.78122930843787	-0.7310938534578106	-0.09404014654218937	diagnostic_kmer_10_90_spread_not_sampling_CI
6301	condition_003	1	iid_high_indel	0.01	0.005	0.005	0.02	61	0.5	0.6229508196721312	factorial	1.0007148	1.000766	722	10007660	f016	200	47.9633	-0.7601835	0.7601835	41.9679	53.9587	False	0.059954	114.34449606241132	-0.42827751968794336	-0.33190598031205665	diagnostic_kmer_10_90_spread_not_sampling_CI
6301	condition_003	1	iid_high_indel	0.01	0.005	0.005	0.0	61	0.7	0.7704918032786885	factorial	1.0007148	1.000766	722	10007660	f017	200	0.0	-1.0	1.0	0.0	0.0	False	0.0	0.0	-1.0	0.0	diagnostic_kmer_10_90_spread_not_sampling_CI
6301	condition_003	1	iid_high_indel	0.01	0.005	0.005	0.02	61	0.7	0.639344262295082	factorial	1.0007148	1.000766	722	10007660	f018	200	107.9173	-0.46041350000000003	0.46041350000000003	100.9227	114.912	False	0.0699465	238.27230590655768	0.19136152953278837	-0.6517750295327883	diagnostic_kmer_10_90_spread_not_sampling_CI
6301	condition_003	1	iid_high_indel	0.01	0.005	0.005	0.0	171	0.3	0.2807017543859649	factorial	1.0007148	1.000766	722	10007660	f019	20	0.0	-1.0	1.0	0.0	0.0	False	0.0	0.0	-1.0	0.0	diagnostic_kmer_10_90_spread_not_sampling_CI
6301	condition_003	1	iid_high_indel	0.01	0.005	0.005	0.02	171	0.3	0.22807017543859648	factorial	1.0007148	1.000766	722	10007660	f020	20	13.9893	-0.300535	0.300535	10.9916	18.9855	False	0.3996949999999999	39.97142842296327	0.9985714211481636	-1.2991064211481635	diagnostic_kmer_10_90_spread_not_sampling_CI
6301	condition_003	1	iid_high_indel	0.01	0.005	0.005	0.0	171	0.5	0.5146198830409356	factorial	1.0007148	1.000766	722	10007660	f021	20	24.9809	0.2490449999999999	0.2490449999999999	22.9824	27.9786	False	0.2498100000000001	38.9546113841335	0.947730569206675	-0.6986855692066751	diagnostic_kmer_10_90_spread_not_sampling_CI
6301	condition_003	1	iid_high_indel	0.01	0.005	0.005	0.02	171	0.5	0.52046783625731	factorial	1.0007148	1.000766	722	10007660	f022	20	23.9816	0.19908	0.19908	18.9855	33.974	True	0.7494249999999999	54.0607725644493	1.703038628222465	-1.503958628222465	diagnostic_kmer_10_90_spread_not_sampling_CI
6301	condition_003	1	iid_high_indel	0.01	0.005	0.005	0.0	171	0.7	0.672514619883041	factorial	1.0007148	1.000766	722	10007660	f023	20	27.9786	0.39893	0.39893	23.9816	29.977	False	0.29977	39.97142842296327	0.9985714211481636	-0.5996414211481635	diagnostic_kmer_10_90_spread_not_sampling_CI
6301	condition_003	1	iid_high_indel	0.01	0.005	0.005	0.02	171	0.7	0.672514619883041	factorial	1.0007148	1.000766	722	10007660	f024	20	7.9939	-0.600305	0.600305	4.9962	10.9916	False	0.29977	19.985714211481636	-0.0007142894259182242	-0.5995907105740818	diagnostic_kmer_10_90_spread_not_sampling_CI
6301	condition_003	1	iid_high_indel	0.01	0.005	0.005	0.0	171	0.3	0.26900584795321636	factorial	1.0007148	1.000766	722	10007660	f025	80	62.9518	-0.21310250000000003	0.21310250000000003	58.9548	66.9487	False	0.09992375000000005	93.24913499199194	0.16561418739989922	-0.3787166873998992	diagnostic_kmer_10_90_spread_not_sampling_CI
6301	condition_003	1	iid_high_indel	0.01	0.005	0.005	0.02	171	0.3	0.3216374269005848	factorial	1.0007148	1.000766	722	10007660	f026	80	22.9824	-0.71272	0.71272	18.9855	27.9786	False	0.11241375000000002	50.67138243501674	-0.36660771956229077	-0.34611228043770925	diagnostic_kmer_10_90_spread_not_sampling_CI
6301	condition_003	1	iid_high_indel	0.01	0.005	0.005	0.0	171	0.5	0.4327485380116959	factorial	1.0007148	1.000766	722	10007660	f027	80	0.0	-1.0	1.0	0.0	0.0	False	0.0	0.0	-1.0	0.0	diagnostic_kmer_10_90_spread_not_sampling_CI
6301	condition_003	1	iid_high_indel	0.01	0.005	0.005	0.02	171	0.5	0.5029239766081871	factorial	1.0007148	1.000766	722	10007660	f028	80	15.9878	-0.8001525	0.8001525	12.99	17.9862	False	0.0624525	34.15102744207563	-0.5731121569740546	-0.2270403430259454	diagnostic_kmer_10_90_spread_not_sampling_CI
6301	condition_003	1	iid_high_indel	0.01	0.005	0.005	0.0	171	0.7	0.695906432748538	factorial	1.0007148	1.000766	722	10007660	f029	80	43.9663	-0.45042125000000005	0.45042125000000005	38.9701	49.9617	False	0.137395	68.23192957112852	-0.14710088036089353	-0.3033203696391065	diagnostic_kmer_10_90_spread_not_sampling_CI
6301	condition_003	1	iid_high_indel	0.01	0.005	0.005	0.02	171	0.7	0.7777777777777778	factorial	1.0007148	1.000766	722	10007660	f030	80	72.9441	-0.08819874999999992	0.08819874999999992	60.9533	84.9349	True	0.29977	167.8741556003605	1.098426945004506	-1.1866256950045062	diagnostic_kmer_10_90_spread_not_sampling_CI
6301	condition_003	1	iid_high_indel	0.01	0.005	0.005	0.0	171	0.3	0.30409356725146197	factorial	1.0007148	1.000766	722	10007660	f031	200	57.9556	-0.710222	0.710222	53.9587	65.9495	False	0.059954	89.11174152365014	-0.5544412923817493	-0.15578070761825072	diagnostic_kmer_10_90_spread_not_sampling_CI
6301	condition_003	1	iid_high_indel	0.01	0.005	0.005	0.02	171	0.3	0.3567251461988304	factorial	1.0007148	1.000766	722	10007660	f032	200	0.0	-1.0	1.0	0.0	0.0	False	0.0	0.0	-1.0	0.0	diagnostic_kmer_10_90_spread_not_sampling_CI
6301	condition_003	1	iid_high_indel	0.01	0.005	0.005	0.0	171	0.5	0.5614035087719298	factorial	1.0007148	1.000766	722	10007660	f033	200	87.9326	-0.5603370000000001	0.5603370000000001	77.9403	92.9288	False	0.07494250000000001	130.36880068536368	-0.3481559965731816	-0.21218100342681845	diagnostic_kmer_10_90_spread_not_sampling_CI
6301	condition_003	1	iid_high_indel	0.01	0.005	0.005	0.02	171	0.5	0.47953216374269003	factorial	1.0007148	1.000766	722	10007660	f034	200	81.9372	-0.590314	0.590314	72.9441	92.9288	False	0.09992349999999994	182.25568854610796	-0.0887215572694602	-0.5015924427305398	diagnostic_kmer_10_90_spread_not_sampling_CI
6301	condition_003	1	iid_high_indel	0.01	0.005	0.005	0.0	171	0.7	0.7134502923976608	factorial	1.0007148	1.000766	722	10007660	f035	200	176.8645	-0.11567750000000004	0.11567750000000004	167.8714	186.8569	False	0.09492750000000001	266.62812766463776	0.3331406383231888	-0.44881813832318884	diagnostic_kmer_10_90_spread_not_sampling_CI
6301	condition_003	1	iid_high_indel	0.01	0.005	0.005	0.02	171	0.7	0.7309941520467836	factorial	1.0007148	1.000766	722	10007660	f036	200	78.9395	-0.6053025000000001	0.6053025000000001	67.948	86.9334	False	0.09492700000000007	184.9847319779097	-0.07507634011045156	-0.5302261598895485	diagnostic_kmer_10_90_spread_not_sampling_CI
6301	condition_003	1	iid_high_indel	0.01	0.005	0.005	0.0	421	0.3	0.2755344418052256	factorial	1.0007148	1.000766	722	10007660	f037	20	25.9801	0.299005	0.299005	22.9824	29.977	False	0.3497300000000001	37.58596015900376	0.8792980079501881	-0.580293007950188	diagnostic_kmer_10_90_spread_not_sampling_CI
6301	condition_003	1	iid_high_indel	0.01	0.005	0.005	0.02	421	0.3	0.30641330166270786	factorial	1.0007148	1.000766	722	10007660	f038	20	21.9832	0.09916	0.09916	17.9862	25.9801	True	0.399695	47.94197810492946	1.397098905246473	-1.2979389052464732	diagnostic_kmer_10_90_spread_not_sampling_CI
6301	condition_003	1	iid_high_indel	0.01	0.005	0.005	0.0	421	0.5	0.47743467933491684	factorial	1.0007148	1.000766	722	10007660	f039	20	0.0	-1.0	1.0	0.0	0.0	False	0.0	0.0	-1.0	0.0	diagnostic_kmer_10_90_spread_not_sampling_CI
6301	condition_003	1	iid_high_indel	0.01	0.005	0.005	0.02	421	0.5	0.4916864608076009	factorial	1.0007148	1.000766	722	10007660	f040	20	2.9977	-0.850115	0.850115	0.9992	4.9962	False	0.19985	6.755266347491299	-0.6622366826254351	-0.18787831737456492	diagnostic_kmer_10_90_spread_not_sampling_CI
6301	condition_003	1	iid_high_indel	0.01	0.005	0.005	0.0	421	0.7	0.6864608076009501	factorial	1.0007148	1.000766	722	10007660	f041	20	12.99	-0.3505	0.3505	10.9916	15.9878	False	0.24981	20.693047089750223	0.03465235448751116	-0.3851523544875112	diagnostic_kmer_10_90_spread_not_sampling_CI
6301	condition_003	1	iid_high_indel	0.01	0.005	0.005	0.02	421	0.7	0.7339667458432304	factorial	1.0007148	1.000766	722	10007660	f042	20	12.99	-0.3505	0.3505	8.9931	15.9878	False	0.349735	29.159679226609487	0.45798396133047437	-0.8084839613304744	diagnostic_kmer_10_90_spread_not_sampling_CI
6301	condition_003	1	iid_high_indel	0.01	0.005	0.005	0.0	421	0.3	0.30403800475059384	factorial	1.0007148	1.000766	722	10007660	f043	80	14.9885	-0.81264375	0.81264375	9.9923	16.987	False	0.08743374999999998	22.603795301180476	-0.717452558735244	-0.09519119126475595	diagnostic_kmer_10_90_spread_not_sampling_CI
6301	condition_003	1	iid_high_indel	0.01	0.005	0.005	0.02	421	0.3	0.2850356294536817	factorial	1.0007148	1.000766	722	10007660	f044	80	40.9686	-0.48789249999999995	0.48789249999999995	34.9732	49.9617	False	0.18735625000000003	90.04252596348644	0.1255315745435805	-0.6134240745435805	diagnostic_kmer_10_90_spread_not_sampling_CI
6301	condition_003	1	iid_high_indel	0.01	0.005	0.005	0.0	421	0.5	0.5106888361045131	factorial	1.0007148	1.000766	722	10007660	f045	80	41.9679	-0.47540125	0.47540125	36.9717	46.964	False	0.12490375000000001	62.817330950933666	-0.21478336311332918	-0.2606178868866708	diagnostic_kmer_10_90_spread_not_sampling_CI
6301	condition_003	1	iid_high_indel	0.01	0.005	0.005	0.02	421	0.5	0.47743467933491684	factorial	1.0007148	1.000766	722	10007660	f046	80	23.9816	-0.70023	0.70023	19.9847	29.977	False	0.12490375000000001	54.39342361880204	-0.3200822047649745	-0.3801477952350255	diagnostic_kmer_10_90_spread_not_sampling_CI
6301	condition_003	1	iid_high_indel	0.01	0.005	0.005	0.0	421	0.7	0.6935866983372921	factorial	1.0007148	1.000766	722	10007660	f047	80	81.9372	0.024215000000000052	0.024215000000000052	71.9449	88.9319	True	0.21233749999999993	120.06619568569917	0.5008274460712396	-0.4766124460712396	diagnostic_kmer_10_90_spread_not_sampling_CI
6301	condition_003	1	iid_high_indel	0.01	0.005	0.005	0.02	421	0.7	0.672209026128266	factorial	1.0007148	1.000766	722	10007660	f048	80	21.9832	-0.72521	0.72521	13.9893	27.9786	False	0.17486625	50.25386476074693	-0.3718266904906634	-0.3533833095093366	diagnostic_kmer_10_90_spread_not_sampling_CI
6301	condition_003	1	iid_high_indel	0.01	0.005	0.005	0.0	421	0.3	0.3254156769596199	factorial	1.0007148	1.000766	722	10007660	f049	200	210.8385	0.05419250000000005	0.05419250000000005	201.8454	223.8285	False	0.10991549999999989	318.44221123662425	0.5922110561831212	-0.5380185561831212	diagnostic_kmer_10_90_spread_not_sampling_CI
6301	condition_003	1	iid_high_indel	0.01	0.005	0.005	0.02	421	0.3	0.29453681710213775	factorial	1.0007148	1.000766	722	10007660	f050	200	73.9434	-0.630283	0.630283	64.9502	81.9372	False	0.08493500000000004	166.29443440099803	-0.16852782799500987	-0.46175517200499017	diagnostic_kmer_10_90_spread_not_sampling_CI
6301	condition_003	1	iid_high_indel	0.01	0.005	0.005	0.0	421	0.5	0.48693586698337293	factorial	1.0007148	1.000766	722	10007660	f051	200	27.9786	-0.860107	0.860107	23.9816	30.9763	False	0.03497349999999999	41.599718203138615	-0.7920014089843069	-0.06810559101569308	diagnostic_kmer_10_90_spread_not_sampling_CI
6301	condition_003	1	iid_high_indel	0.01	0.005	0.005	0.02	421	0.5	0.5106888361045131	factorial	1.0007148	1.000766	722	10007660	f052	200	105.9189	-0.47040550000000003	0.47040550000000003	90.9303	119.9082	False	0.14488949999999995	234.79653798096953	0.17398268990484766	-0.6443881899048478	diagnostic_kmer_10_90_spread_not_sampling_CI
6301	condition_003	1	iid_high_indel	0.01	0.005	0.005	0.0	421	0.7	0.7078384798099763	factorial	1.0007148	1.000766	722	10007660	f053	200	153.8821	-0.23058949999999995	0.23058949999999995	145.8882	161.876	False	0.07993899999999997	230.6356167205506	0.15317808360275292	-0.38376758360275287	diagnostic_kmer_10_90_spread_not_sampling_CI
6301	condition_003	1	iid_high_indel	0.01	0.005	0.005	0.02	421	0.7	0.6793349168646081	factorial	1.0007148	1.000766	722	10007660	f054	200	116.9104	-0.41544800000000004	0.41544800000000004	106.9181	127.902	False	0.10491950000000003	273.343806246345	0.3667190312317251	-0.7821670312317253	diagnostic_kmer_10_90_spread_not_sampling_CI
6301	condition_003	1	iid_high_indel	0.01	0.005	0.005	0.01	171	0.5	0.5906432748538012	megabase	1.0007148	1.000766	722	10007660	megabase_171	6000	2585.0199	-0.5691633500000001	0.5691633500000001	2540.0543	2624.9893	False	0.0141558333333334	4836.198056389527	-0.19396699060174555	-0.3751963593982545	diagnostic_kmer_10_90_spread_not_sampling_CI
6301	condition_004	5	error_free	0	0	0	0.0	61	0.3	0.2786885245901639	factorial	5.0002457	5.0002457	3619	50002457	f001	20	19.999	-5.0000000000061104e-05	5.0000000000061104e-05	18.9991	19.999	False	0.04999500000000001	19.999017248292418	-4.913758537909985e-05	-8.624146209612604e-07	diagnostic_kmer_10_90_spread_not_sampling_CI
6301	condition_004	5	error_free	0	0	0	0.02	61	0.3	0.29508196721311475	factorial	5.0002457	5.0002457	3619	50002457	f002	20	17.7991	-0.11004500000000003	0.11004500000000003	14.9993	19.1991	False	0.20999000000000007	27.670771405834103	0.3835385702917051	-0.4935835702917052	diagnostic_kmer_10_90_spread_not_sampling_CI
6301	condition_004	5	error_free	0	0	0	0.0	61	0.5	0.5409836065573771	factorial	5.0002457	5.0002457	3619	50002457	f003	20	37.1982	0.85991	0.85991	35.5983	37.3982	False	0.08999500000000005	37.42439047364885	0.8712195236824425	-0.011309523682442446	diagnostic_kmer_10_90_spread_not_sampling_CI
6301	condition_004	5	error_free	0	0	0	0.02	61	0.5	0.4918032786885246	factorial	5.0002457	5.0002457	3619	50002457	f004	20	2.7999	-0.8600049999999999	0.8600049999999999	1.9999	2.7999	False	0.04	3.999803449658484	-0.8000098275170758	-0.059995172482924186	diagnostic_kmer_10_90_spread_not_sampling_CI
6301	condition_004	5	error_free	0	0	0	0.0	61	0.7	0.7540983606557377	factorial	5.0002457	5.0002457	3619	50002457	f005	20	22.7989	0.13994499999999999	0.13994499999999999	21.7989	22.9989	False	0.05999999999999996	22.93657781459898	0.146828890729949	-0.006883890729949016	diagnostic_kmer_10_90_spread_not_sampling_CI
6301	condition_004	5	error_free	0	0	0	0.02	61	0.7	0.6721311475409836	factorial	5.0002457	5.0002457	3619	50002457	f006	20	10.7995	-0.460025	0.460025	9.7995	11.7994	False	0.09999500000000001	16.697540138615295	-0.16512299306923522	-0.29490200693076474	diagnostic_kmer_10_90_spread_not_sampling_CI
6301	condition_004	5	error_free	0	0	0	0.0	61	0.3	0.2786885245901639	factorial	5.0002457	5.0002457	3619	50002457	f007	80	79.9961	-4.875000000001961e-05	4.875000000001961e-05	78.9961	80.1961	True	0.015000000000000036	80.11409598020879	0.0014261997526098468	-0.0014749497526098665	diagnostic_kmer_10_90_spread_not_sampling_CI
6301	condition_004	5	error_free	0	0	0	0.02	61	0.3	0.32786885245901637	factorial	5.0002457	5.0002457	3619	50002457	f008	80	60.197	-0.24753749999999997	0.24753749999999997	55.1973	67.9967	False	0.15999250000000007	99.19184702411265	0.2398980878014081	-0.48743558780140805	diagnostic_kmer_10_90_spread_not_sampling_CI
6301	condition_004	5	error_free	0	0	0	0.0	61	0.5	0.36065573770491804	factorial	5.0002457	5.0002457	3619	50002457	f009	80	66.7967	-0.16504124999999997	0.16504124999999997	65.9968	66.7967	False	0.009998750000000101	66.8786807947405	-0.1640164900657437	-0.0010247599342562807	diagnostic_kmer_10_90_spread_not_sampling_CI
6301	condition_004	5	error_free	0	0	0	0.02	61	0.5	0.5901639344262295	factorial	5.0002457	5.0002457	3619	50002457	f010	80	63.5969	-0.20503875000000002	0.20503875000000002	57.1972	71.1965	False	0.17499125	101.93269594535403	0.2741586993169253	-0.4791974493169254	diagnostic_kmer_10_90_spread_not_sampling_CI
6301	condition_004	5	error_free	0	0	0	0.0	61	0.7	0.7213114754098361	factorial	5.0002457	5.0002457	3619	50002457	f011	80	31.3985	-0.60751875	0.60751875	30.9985	31.5984	False	0.007498750000000021	31.647625163568314	-0.604404685455396	-0.003114064544603945	diagnostic_kmer_10_90_spread_not_sampling_CI
6301	condition_004	5	error_free	0	0	0	0.02	61	0.7	0.6885245901639344	factorial	5.0002457	5.0002457	3619	50002457	f012	80	64.1968	-0.19754000000000005	0.19754000000000005	58.3971	69.1966	False	0.13499375000000002	101.77204810188414	0.27215060127355173	-0.4696906012735518	diagnostic_kmer_10_90_spread_not_sampling_CI
6301	condition_004	5	error_free	0	0	0	0.0	61	0.3	0.3770491803278688	factorial	5.0002457	5.0002457	3619	50002457	f013	200	128.5937	-0.35703149999999995	0.35703149999999995	127.7937	128.7937	False	0.005	128.84940604510498	-0.35575296977447507	-0.0012785302255248609	diagnostic_kmer_10_90_spread_not_sampling_CI
6301	condition_004	5	error_free	0	0	0	0.02	61	0.3	0.22950819672131148	factorial	5.0002457	5.0002457	3619	50002457	f014	200	91.9955	-0.5400225	0.5400225	87.3957	99.9951	False	0.06299699999999994	141.41928016476945	-0.2929035991761528	-0.2471189008238472	diagnostic_kmer_10_90_spread_not_sampling_CI
6301	condition_004	5	error_free	0	0	0	0.0	61	0.5	0.5081967213114754	factorial	5.0002457	5.0002457	3619	50002457	f015	200	142.393	-0.288035	0.288035	141.1931	142.593	False	0.006999500000000012	142.62905678192024	-0.2868547160903988	-0.0011802839096012009	diagnostic_kmer_10_90_spread_not_sampling_CI
6301	condition_004	5	error_free	0	0	0	0.02	61	0.5	0.6229508196721312	factorial	5.0002457	5.0002457	3619	50002457	f016	200	164.1919	-0.1790405	0.1790405	156.3923	169.1917	False	0.06399699999999996	253.97768347106046	0.2698884173553023	-0.44892891735530227	diagnostic_kmer_10_90_spread_not_sampling_CI
6301	condition_004	5	error_free	0	0	0	0.0	61	0.7	0.7704918032786885	factorial	5.0002457	5.0002457	3619	50002457	f017	200	169.9916	-0.15004199999999998	0.15004199999999998	169.1917	170.1916	False	0.004999499999999983	170.30966377000757	-0.14845168114996213	-0.0015903188500378462	diagnostic_kmer_10_90_spread_not_sampling_CI
6301	condition_004	5	error_free	0	0	0	0.02	61	0.7	0.639344262295082	factorial	5.0002457	5.0002457	3619	50002457	f018	200	119.9941	-0.4000295	0.4000295	117.5942	124.5939	False	0.03499850000000002	175.8438180511744	-0.12078090974412803	-0.27924859025587195	diagnostic_kmer_10_90_spread_not_sampling_CI
6301	condition_004	5	error_free	0	0	0	0.0	171	0.3	0.2807017543859649	factorial	5.0002457	5.0002457	3619	50002457	f019	20	14.5993	-0.270035	0.270035	13.7993	14.7993	False	0.05	14.663606915736278	-0.2668196542131861	-0.003215345786813906	diagnostic_kmer_10_90_spread_not_sampling_CI
6301	condition_004	5	error_free	0	0	0	0.02	171	0.3	0.22807017543859648	factorial	5.0002457	5.0002457	3619	50002457	f020	20	17.3991	-0.13004499999999997	0.13004499999999997	12.9994	20.999	True	0.39997999999999995	29.3704865588519	0.4685243279425951	-0.598569327942595	diagnostic_kmer_10_90_spread_not_sampling_CI
6301	condition_004	5	error_free	0	0	0	0.0	171	0.5	0.5146198830409356	factorial	5.0002457	5.0002457	3619	50002457	f021	20	12.9994	-0.35003	0.35003	12.1994	12.9994	False	0.039999999999999945	12.994683078700414	-0.35026584606497935	0.00023584606497930593	diagnostic_kmer_10_90_spread_not_sampling_CI
6301	condition_004	5	error_free	0	0	0	0.02	171	0.5	0.52046783625731	factorial	5.0002457	5.0002457	3619	50002457	f022	20	21.7989	0.08994499999999998	0.08994499999999998	18.5991	24.9988	True	0.31998499999999996	31.309572558715576	0.5654786279357789	-0.4755336279357788	diagnostic_kmer_10_90_spread_not_sampling_CI
6301	condition_004	5	error_free	0	0	0	0.0	171	0.7	0.672514619883041	factorial	5.0002457	5.0002457	3619	50002457	f023	20	37.5982	0.87991	0.87991	35.7982	37.7981	False	0.09999499999999983	37.7209534098933	0.8860476704946649	-0.00613767049466496	diagnostic_kmer_10_90_spread_not_sampling_CI
6301	condition_004	5	error_free	0	0	0	0.02	171	0.7	0.672514619883041	factorial	5.0002457	5.0002457	3619	50002457	f024	20	13.5993	-0.320035	0.320035	11.3994	16.5992	False	0.25999	20.705415284430934	0.035270764221546715	-0.35530576422154675	diagnostic_kmer_10_90_spread_not_sampling_CI
6301	condition_004	5	error_free	0	0	0	0.0	171	0.3	0.26900584795321636	factorial	5.0002457	5.0002457	3619	50002457	f025	80	100.795	0.25993750000000004	0.25993750000000004	99.9951	101.395	False	0.017498750000000028	101.2067226080838	0.2650840326010474	-0.005146532601047404	diagnostic_kmer_10_90_spread_not_sampling_CI
6301	condition_004	5	error_free	0	0	0	0.02	171	0.3	0.3216374269005848	factorial	5.0002457	5.0002457	3619	50002457	f026	80	46.1977	-0.42252875	0.42252875	43.3979	49.3976	False	0.07499624999999996	68.11010336191846	-0.14862370797601923	-0.2739050420239808	diagnostic_kmer_10_90_spread_not_sampling_CI
6301	condition_004	5	error_free	0	0	0	0.0	171	0.5	0.4327485380116959	factorial	5.0002457	5.0002457	3619	50002457	f027	80	74.3963	-0.07004625000000005	0.07004625000000005	73.1964	74.5963	False	0.017498750000000028	74.42324342661334	-0.06970945716733326	-0.00033679283266678793	diagnostic_kmer_10_90_spread_not_sampling_CI
6301	condition_004	5	error_free	0	0	0	0.02	171	0.5	0.5029239766081871	factorial	5.0002457	5.0002457	3619	50002457	f028	80	37.5982	-0.5300225000000001	0.5300225000000001	33.3984	42.1979	False	0.10999374999999993	55.097877285631824	-0.3112765339296022	-0.2187459660703978	diagnostic_kmer_10_90_spread_not_sampling_CI
6301	condition_004	5	error_free	0	0	0	0.0	171	0.7	0.695906432748538	factorial	5.0002457	5.0002457	3619	50002457	f029	80	62.1969	-0.22253875	0.22253875	61.397	62.9969	False	0.019998749999999975	62.46476673867241	-0.21919041576659487	-0.0033483342334051256	diagnostic_kmer_10_90_spread_not_sampling_CI
6301	condition_004	5	error_free	0	0	0	0.02	171	0.7	0.7777777777777778	factorial	5.0002457	5.0002457	3619	50002457	f030	80	35.1983	-0.5600212499999999	0.5600212499999999	29.5985	38.5981	False	0.11249500000000001	51.838388334111876	-0.3520201458236015	-0.20800110417639842	diagnostic_kmer_10_90_spread_not_sampling_CI
6301	condition_004	5	error_free	0	0	0	0.0	171	0.3	0.30409356725146197	factorial	5.0002457	5.0002457	3619	50002457	f031	200	207.9898	0.03994900000000001	0.03994900000000001	207.3898	208.3898	False	0.005	208.36753859693113	0.04183769298465563	-0.00188869298465562	diagnostic_kmer_10_90_spread_not_sampling_CI
6301	condition_004	5	error_free	0	0	0	0.02	171	0.3	0.3567251461988304	factorial	5.0002457	5.0002457	3619	50002457	f032	200	151.9925	-0.24003749999999996	0.24003749999999996	138.5932	165.5919	False	0.13499350000000007	236.34160254791982	0.1817080127395991	-0.42174551273959904	diagnostic_kmer_10_90_spread_not_sampling_CI
6301	condition_004	5	error_free	0	0	0	0.0	171	0.5	0.5614035087719298	factorial	5.0002457	5.0002457	3619	50002457	f033	200	274.3865	0.37193250000000005	0.37193250000000005	272.7866	274.7865	False	0.009999499999999842	274.66369600843433	0.37331848004217166	-0.0013859800421715817	diagnostic_kmer_10_90_spread_not_sampling_CI
6301	condition_004	5	error_free	0	0	0	0.02	171	0.5	0.47953216374269003	factorial	5.0002457	5.0002457	3619	50002457	f034	200	113.1944	-0.43402799999999997	0.43402799999999997	105.9948	121.594	False	0.07799599999999998	174.90017733511033	-0.12549911332444835	-0.3085288866755516	diagnostic_kmer_10_90_spread_not_sampling_CI
6301	condition_004	5	error_free	0	0	0	0.0	171	0.7	0.7134502923976608	factorial	5.0002457	5.0002457	3619	50002457	f035	200	263.1871	0.3159354999999999	0.3159354999999999	261.5871	263.587	False	0.009999499999999842	263.4256517547008	0.3171282587735041	-0.0011927587735041812	diagnostic_kmer_10_90_spread_not_sampling_CI
6301	condition_004	5	error_free	0	0	0	0.02	171	0.7	0.7309941520467836	factorial	5.0002457	5.0002457	3619	50002457	f036	200	174.5914	-0.12704300000000004	0.12704300000000004	164.5919	188.3907	False	0.118994	270.60190730063783	0.35300953650318917	-0.4800525365031892	diagnostic_kmer_10_90_spread_not_sampling_CI
6301	condition_004	5	error_free	0	0	0	0.0	421	0.3	0.2755344418052256	factorial	5.0002457	5.0002457	3619	50002457	f037	20	29.7985	0.48992500000000005	0.48992500000000005	29.7985	29.9985	False	0.009999999999999964	29.879766862650673	0.49398834313253365	-0.0040633431325336035	diagnostic_kmer_10_90_spread_not_sampling_CI
6301	condition_004	5	error_free	0	0	0	0.02	421	0.3	0.30641330166270786	factorial	5.0002457	5.0002457	3619	50002457	f038	20	17.9991	-0.10004500000000008	0.10004500000000008	15.1993	20.999	True	0.289985	25.127506326975674	0.2563753163487837	-0.35642031634878374	diagnostic_kmer_10_90_spread_not_sampling_CI
6301	condition_004	5	error_free	0	0	0	0.0	421	0.5	0.47743467933491684	factorial	5.0002457	5.0002457	3619	50002457	f039	20	2.1999	-0.890005	0.890005	1.9999	2.1999	False	0.009999999999999998	2.1960916089989513	-0.8901954195500524	0.00019041955005243415	diagnostic_kmer_10_90_spread_not_sampling_CI
6301	condition_004	5	error_free	0	0	0	0.02	421	0.5	0.4916864608076009	factorial	5.0002457	5.0002457	3619	50002457	f040	20	3.7998	-0.8100099999999999	0.8100099999999999	2.9999	4.3998	False	0.069995	5.733684992562696	-0.7133157503718651	-0.09669424962813482	diagnostic_kmer_10_90_spread_not_sampling_CI
6301	condition_004	5	error_free	0	0	0	0.0	421	0.7	0.6864608076009501	factorial	5.0002457	5.0002457	3619	50002457	f041	20	22.9989	0.14994499999999994	0.14994499999999994	22.7989	23.5988	False	0.039995000000000044	23.182708782688042	0.15913543913440212	-0.009190439134402161	diagnostic_kmer_10_90_spread_not_sampling_CI
6301	condition_004	5	error_free	0	0	0	0.02	421	0.7	0.7339667458432304	factorial	5.0002457	5.0002457	3619	50002457	f042	20	12.7994	-0.36002999999999996	0.36002999999999996	9.7995	15.3992	False	0.27998500000000004	19.846055643685528	-0.007697217815723611	-0.3523327821842764	diagnostic_kmer_10_90_spread_not_sampling_CI
6301	condition_004	5	error_free	0	0	0	0.0	421	0.3	0.30403800475059384	factorial	5.0002457	5.0002457	3619	50002457	f043	80	57.1972	-0.285035	0.285035	56.9972	57.5972	False	0.007500000000000018	57.410480511695496	-0.2823689936038063	-0.0026660063961936762	diagnostic_kmer_10_90_spread_not_sampling_CI
6301	condition_004	5	error_free	0	0	0	0.02	421	0.3	0.2850356294536817	factorial	5.0002457	5.0002457	3619	50002457	f044	80	40.398	-0.49502499999999994	0.49502499999999994	36.1982	45.3978	False	0.11499499999999996	61.519067214319755	-0.23101165982100308	-0.2640133401789969	diagnostic_kmer_10_90_spread_not_sampling_CI
6301	condition_004	5	error_free	0	0	0	0.0	421	0.5	0.5106888361045131	factorial	5.0002457	5.0002457	3619	50002457	f045	80	68.7966	-0.14004250000000001	0.14004250000000001	68.1966	69.3966	False	0.015000000000000036	68.9932842543348	-0.13758394682081504	-0.0024585531791849746	diagnostic_kmer_10_90_spread_not_sampling_CI
6301	condition_004	5	error_free	0	0	0	0.02	421	0.5	0.47743467933491684	factorial	5.0002457	5.0002457	3619	50002457	f046	80	45.9977	-0.42502874999999996	0.42502874999999996	41.198	52.1974	False	0.13749250000000002	70.00178576545414	-0.1249776779318232	-0.30005107206817677	diagnostic_kmer_10_90_spread_not_sampling_CI
6301	condition_004	5	error_free	0	0	0	0.0	421	0.7	0.6935866983372921	factorial	5.0002457	5.0002457	3619	50002457	f047	80	83.3959	0.042448749999999966	0.042448749999999966	82.9959	83.7959	False	0.009999999999999964	83.57784072837455	0.044723009104681924	-0.0022742591046819526	diagnostic_kmer_10_90_spread_not_sampling_CI
6301	condition_004	5	error_free	0	0	0	0.02	421	0.7	0.672209026128266	factorial	5.0002457	5.0002457	3619	50002457	f048	80	75.9963	-0.05004624999999994	0.05004624999999994	68.3966	84.1959	True	0.19749124999999984	116.04037853589377	0.45050473169867206	-0.500550981698672	diagnostic_kmer_10_90_spread_not_sampling_CI
6301	condition_004	5	error_free	0	0	0	0.0	421	0.3	0.3254156769596199	factorial	5.0002457	5.0002457	3619	50002457	f049	200	257.1874	0.2859370000000001	0.2859370000000001	256.3874	258.3873	False	0.009999499999999842	257.748854411318	0.28874427205659003	-0.002807272056589909	diagnostic_kmer_10_90_spread_not_sampling_CI
6301	condition_004	5	error_free	0	0	0	0.02	421	0.3	0.29453681710213775	factorial	5.0002457	5.0002457	3619	50002457	f050	200	152.7925	-0.23603750000000004	0.23603750000000004	144.7929	161.1921	False	0.08199600000000004	232.5838202372493	0.16291910118624656	-0.3989566011862466	diagnostic_kmer_10_90_spread_not_sampling_CI
6301	condition_004	5	error_free	0	0	0	0.0	421	0.5	0.48693586698337293	factorial	5.0002457	5.0002457	3619	50002457	f051	200	175.7914	-0.12104299999999996	0.12104299999999996	174.7914	176.3913	False	0.007999499999999955	176.04123056908423	-0.11979384715457883	-0.0012491528454211221	diagnostic_kmer_10_90_spread_not_sampling_CI
6301	condition_004	5	error_free	0	0	0	0.02	421	0.5	0.5106888361045131	factorial	5.0002457	5.0002457	3619	50002457	f052	200	152.7925	-0.23603750000000004	0.23603750000000004	140.7931	164.9919	False	0.12099399999999988	230.9724979924463	0.15486248996223154	-0.3908999899622316	diagnostic_kmer_10_90_spread_not_sampling_CI
6301	condition_004	5	error_free	0	0	0	0.0	421	0.7	0.7078384798099763	factorial	5.0002457	5.0002457	3619	50002457	f053	200	186.3908	-0.06804599999999994	0.06804599999999994	185.7909	186.7908	False	0.004999499999999983	186.64260985483583	-0.06678695072582087	-0.0012590492741790626	diagnostic_kmer_10_90_spread_not_sampling_CI
6301	condition_004	5	error_free	0	0	0	0.02	421	0.7	0.6793349168646081	factorial	5.0002457	5.0002457	3619	50002457	f054	200	129.5936	-0.35203199999999996	0.35203199999999996	122.194	136.9933	False	0.0739965	199.01397342246716	-0.0049301328876642	-0.34710186711233576	diagnostic_kmer_10_90_spread_not_sampling_CI
6301	condition_004	5	error_free	0	0	0	0.01	171	0.5	0.5906432748538012	megabase	5.0002457	5.0002457	3619	50002457	megabase_171	6000	4473.7802	-0.25436996666666667	0.25436996666666667	4449.1814	4505.1786	False	0.009332866666666632	5562.795650069709	-0.07286739165504848	-0.18150257501161818	diagnostic_kmer_10_90_spread_not_sampling_CI
6301	condition_005	5	iid_low_indel	0.001	0.001	0.001	0.0	61	0.3	0.2786885245901639	factorial	5.0002457	5.0002502	3619	50002502	f001	20	18.1991	-0.09004499999999993	0.09004499999999993	17.7991	18.5991	False	0.040000000000000036	19.999017248292418	-4.913758537909985e-05	-0.08999586241462083	diagnostic_kmer_10_90_spread_not_sampling_CI
6301	condition_005	5	iid_low_indel	0.001	0.001	0.001	0.02	61	0.3	0.29508196721311475	factorial	5.0002457	5.0002502	3619	50002502	f002	20	17.1991	-0.14004499999999992	0.14004499999999992	13.9993	18.7991	False	0.23998999999999998	27.670771405834103	0.3835385702917051	-0.5235835702917051	diagnostic_kmer_10_90_spread_not_sampling_CI
6301	condition_005	5	iid_low_indel	0.001	0.001	0.001	0.0	61	0.5	0.5409836065573771	factorial	5.0002457	5.0002502	3619	50002502	f003	20	34.3983	0.719915	0.719915	32.7984	35.3982	False	0.1299900000000001	37.42439047364885	0.8712195236824425	-0.1513045236824425	diagnostic_kmer_10_90_spread_not_sampling_CI
6301	condition_005	5	iid_low_indel	0.001	0.001	0.001	0.02	61	0.5	0.4918032786885246	factorial	5.0002457	5.0002502	3619	50002502	f004	20	2.5999	-0.8700050000000001	0.8700050000000001	1.7999	2.7999	False	0.05	3.999803449658484	-0.8000098275170758	-0.0699951724829242	diagnostic_kmer_10_90_spread_not_sampling_CI
6301	condition_005	5	iid_low_indel	0.001	0.001	0.001	0.0	61	0.7	0.7540983606557377	factorial	5.0002457	5.0002502	3619	50002502	f005	20	20.9989	0.04994499999999995	0.04994499999999995	20.199	21.5989	False	0.06999499999999995	22.93657781459898	0.146828890729949	-0.09688389072994905	diagnostic_kmer_10_90_spread_not_sampling_CI
6301	condition_005	5	iid_low_indel	0.001	0.001	0.001	0.02	61	0.7	0.6721311475409836	factorial	5.0002457	5.0002502	3619	50002502	f006	20	9.9995	-0.500025	0.500025	8.5996	10.9994	False	0.11998999999999996	16.697540138615295	-0.16512299306923522	-0.3349020069307648	diagnostic_kmer_10_90_spread_not_sampling_CI
6301	condition_005	5	iid_low_indel	0.001	0.001	0.001	0.0	61	0.3	0.2786885245901639	factorial	5.0002457	5.0002502	3619	50002502	f007	80	74.3963	-0.07004625000000005	0.07004625000000005	73.5963	75.3962	False	0.02249874999999992	80.11409598020879	0.0014261997526098468	-0.07147244975260988	diagnostic_kmer_10_90_spread_not_sampling_CI
6301	condition_005	5	iid_low_indel	0.001	0.001	0.001	0.02	61	0.3	0.32786885245901637	factorial	5.0002457	5.0002502	3619	50002502	f008	80	56.3972	-0.29503500000000005	0.29503500000000005	52.9973	63.7968	False	0.13499374999999994	99.19184702411265	0.2398980878014081	-0.5349330878014081	diagnostic_kmer_10_90_spread_not_sampling_CI
6301	condition_005	5	iid_low_indel	0.001	0.001	0.001	0.0	61	0.5	0.36065573770491804	factorial	5.0002457	5.0002502	3619	50002502	f009	80	62.5969	-0.21753875000000003	0.21753875000000003	61.7969	63.9968	False	0.027498749999999995	66.8786807947405	-0.1640164900657437	-0.05352225993425632	diagnostic_kmer_10_90_spread_not_sampling_CI
6301	condition_005	5	iid_low_indel	0.001	0.001	0.001	0.02	61	0.5	0.5901639344262295	factorial	5.0002457	5.0002502	3619	50002502	f010	80	59.997	-0.2500375	0.2500375	54.5973	67.1966	False	0.15749125000000008	101.93269594535403	0.2741586993169253	-0.5241961993169253	diagnostic_kmer_10_90_spread_not_sampling_CI
6301	condition_005	5	iid_low_indel	0.001	0.001	0.001	0.0	61	0.7	0.7213114754098361	factorial	5.0002457	5.0002502	3619	50002502	f011	80	29.5985	-0.63001875	0.63001875	29.1985	30.1985	False	0.0125	31.647625163568314	-0.604404685455396	-0.02561406454460391	diagnostic_kmer_10_90_spread_not_sampling_CI
6301	condition_005	5	iid_low_indel	0.001	0.001	0.001	0.02	61	0.7	0.6885245901639344	factorial	5.0002457	5.0002502	3619	50002502	f012	80	60.197	-0.24753749999999997	0.24753749999999997	53.9973	64.5968	False	0.13249375	101.77204810188414	0.27215060127355173	-0.5196881012735517	diagnostic_kmer_10_90_spread_not_sampling_CI
6301	condition_005	5	iid_low_indel	0.001	0.001	0.001	0.0	61	0.3	0.3770491803278688	factorial	5.0002457	5.0002502	3619	50002502	f013	200	119.994	-0.40003	0.40003	118.3941	121.7939	False	0.016998999999999997	128.84940604510498	-0.35575296977447507	-0.04427703022552493	diagnostic_kmer_10_90_spread_not_sampling_CI
6301	condition_005	5	iid_low_indel	0.001	0.001	0.001	0.02	61	0.3	0.22950819672131148	factorial	5.0002457	5.0002502	3619	50002502	f014	200	86.9956	-0.565022	0.565022	83.1958	95.3952	False	0.06099699999999999	141.41928016476945	-0.2929035991761528	-0.27211840082384725	diagnostic_kmer_10_90_spread_not_sampling_CI
6301	condition_005	5	iid_low_indel	0.001	0.001	0.001	0.0	61	0.5	0.5081967213114754	factorial	5.0002457	5.0002502	3619	50002502	f015	200	133.1933	-0.33403350000000004	0.33403350000000004	131.5934	134.1933	False	0.012999499999999956	142.62905678192024	-0.2868547160903988	-0.047178783909601237	diagnostic_kmer_10_90_spread_not_sampling_CI
6301	condition_005	5	iid_low_indel	0.001	0.001	0.001	0.02	61	0.5	0.6229508196721312	factorial	5.0002457	5.0002502	3619	50002502	f016	200	154.3923	-0.22803849999999998	0.22803849999999998	147.5926	157.9921	False	0.05199749999999995	253.97768347106046	0.2698884173553023	-0.49792691735530226	diagnostic_kmer_10_90_spread_not_sampling_CI
6301	condition_005	5	iid_low_indel	0.001	0.001	0.001	0.0	61	0.7	0.7704918032786885	factorial	5.0002457	5.0002502	3619	50002502	f017	200	160.192	-0.19903999999999997	0.19903999999999997	158.992	160.9919	False	0.009999499999999984	170.30966377000757	-0.14845168114996213	-0.05058831885003784	diagnostic_kmer_10_90_spread_not_sampling_CI
6301	condition_005	5	iid_low_indel	0.001	0.001	0.001	0.02	61	0.7	0.639344262295082	factorial	5.0002457	5.0002502	3619	50002502	f018	200	112.7944	-0.436028	0.436028	110.5945	117.1941	False	0.03299800000000005	175.8438180511744	-0.12078090974412803	-0.315247090255872	diagnostic_kmer_10_90_spread_not_sampling_CI
6301	condition_005	5	iid_low_indel	0.001	0.001	0.001	0.0	171	0.3	0.2807017543859649	factorial	5.0002457	5.0002502	3619	50002502	f019	20	13.5993	-0.320035	0.320035	13.1993	14.1993	False	0.05	14.663606915736278	-0.2668196542131861	-0.0532153457868139	diagnostic_kmer_10_90_spread_not_sampling_CI
6301	condition_005	5	iid_low_indel	0.001	0.001	0.001	0.02	171	0.3	0.22807017543859648	factorial	5.0002457	5.0002502	3619	50002502	f020	20	15.9992	-0.20004	0.20004	12.1994	20.599	True	0.41997999999999996	29.3704865588519	0.4685243279425951	-0.668564327942595	diagnostic_kmer_10_90_spread_not_sampling_CI
6301	condition_005	5	iid_low_indel	0.001	0.001	0.001	0.0	171	0.5	0.5146198830409356	factorial	5.0002457	5.0002502	3619	50002502	f021	20	11.9994	-0.40003	0.40003	11.3994	12.3994	False	0.05	12.994683078700414	-0.35026584606497935	-0.04976415393502069	diagnostic_kmer_10_90_spread_not_sampling_CI
6301	condition_005	5	iid_low_indel	0.001	0.001	0.001	0.02	171	0.5	0.52046783625731	factorial	5.0002457	5.0002502	3619	50002502	f022	20	20.599	0.02995000000000001	0.02995000000000001	17.5991	23.9988	True	0.31998499999999996	31.309572558715576	0.5654786279357789	-0.5355286279357788	diagnostic_kmer_10_90_spread_not_sampling_CI
6301	condition_005	5	iid_low_indel	0.001	0.001	0.001	0.0	171	0.7	0.672514619883041	factorial	5.0002457	5.0002502	3619	50002502	f023	20	35.3982	0.7699100000000001	0.7699100000000001	34.1983	35.9982	False	0.08999499999999969	37.7209534098933	0.8860476704946649	-0.11613767049466475	diagnostic_kmer_10_90_spread_not_sampling_CI
6301	condition_005	5	iid_low_indel	0.001	0.001	0.001	0.02	171	0.7	0.672514619883041	factorial	5.0002457	5.0002502	3619	50002502	f024	20	13.3993	-0.33003499999999997	0.33003499999999997	11.3994	15.3992	False	0.19999000000000003	20.705415284430934	0.035270764221546715	-0.3653057642215467	diagnostic_kmer_10_90_spread_not_sampling_CI
6301	condition_005	5	iid_low_indel	0.001	0.001	0.001	0.0	171	0.3	0.26900584795321636	factorial	5.0002457	5.0002502	3619	50002502	f025	80	95.1952	0.18994	0.18994	93.9953	96.5952	False	0.03249875000000006	101.2067226080838	0.2650840326010474	-0.07514403260104743	diagnostic_kmer_10_90_spread_not_sampling_CI
6301	condition_005	5	iid_low_indel	0.001	0.001	0.001	0.02	171	0.3	0.3216374269005848	factorial	5.0002457	5.0002502	3619	50002502	f026	80	43.7978	-0.45252749999999997	0.45252749999999997	41.3979	46.3977	False	0.062497500000000004	68.11010336191846	-0.14862370797601923	-0.30390379202398077	diagnostic_kmer_10_90_spread_not_sampling_CI
6301	condition_005	5	iid_low_indel	0.001	0.001	0.001	0.0	171	0.5	0.4327485380116959	factorial	5.0002457	5.0002502	3619	50002502	f027	80	69.5965	-0.13004374999999993	0.13004374999999993	68.3966	70.3965	False	0.02499874999999996	74.42324342661334	-0.06970945716733326	-0.06033429283266667	diagnostic_kmer_10_90_spread_not_sampling_CI
6301	condition_005	5	iid_low_indel	0.001	0.001	0.001	0.02	171	0.5	0.5029239766081871	factorial	5.0002457	5.0002502	3619	50002502	f028	80	35.1982	-0.5600225	0.5600225	31.9984	38.7981	False	0.08499624999999997	55.097877285631824	-0.3112765339296022	-0.2487459660703978	diagnostic_kmer_10_90_spread_not_sampling_CI
6301	condition_005	5	iid_low_indel	0.001	0.001	0.001	0.0	171	0.7	0.695906432748538	factorial	5.0002457	5.0002502	3619	50002502	f029	80	58.3971	-0.27003625	0.27003625	57.7971	59.797	False	0.02499874999999996	62.46476673867241	-0.21919041576659487	-0.05084583423340509	diagnostic_kmer_10_90_spread_not_sampling_CI
6301	condition_005	5	iid_low_indel	0.001	0.001	0.001	0.02	171	0.7	0.7777777777777778	factorial	5.0002457	5.0002502	3619	50002502	f030	80	33.1983	-0.5850212499999999	0.5850212499999999	28.1986	36.3982	False	0.10249500000000004	51.838388334111876	-0.3520201458236015	-0.2330011041763984	diagnostic_kmer_10_90_spread_not_sampling_CI
6301	condition_005	5	iid_low_indel	0.001	0.001	0.001	0.0	171	0.3	0.30409356725146197	factorial	5.0002457	5.0002502	3619	50002502	f031	200	195.7902	-0.021049000000000005	0.021049000000000005	194.5903	197.3901	False	0.013998999999999881	208.36753859693113	0.04183769298465563	-0.06288669298465564	diagnostic_kmer_10_90_spread_not_sampling_CI
6301	condition_005	5	iid_low_indel	0.001	0.001	0.001	0.02	171	0.3	0.3567251461988304	factorial	5.0002457	5.0002502	3619	50002502	f032	200	142.9928	-0.28503600000000007	0.28503600000000007	129.3935	155.9922	False	0.13299350000000004	236.34160254791982	0.1817080127395991	-0.46674401273959915	diagnostic_kmer_10_90_spread_not_sampling_CI
6301	condition_005	5	iid_low_indel	0.001	0.001	0.001	0.0	171	0.5	0.5614035087719298	factorial	5.0002457	5.0002502	3619	50002502	f033	200	257.7871	0.28893550000000007	0.28893550000000007	255.7872	260.9869	False	0.025998499999999893	274.66369600843433	0.37331848004217166	-0.0843829800421716	diagnostic_kmer_10_90_spread_not_sampling_CI
6301	condition_005	5	iid_low_indel	0.001	0.001	0.001	0.02	171	0.5	0.47953216374269003	factorial	5.0002457	5.0002502	3619	50002502	f034	200	106.7947	-0.46602649999999995	0.46602649999999995	100.395	113.5943	False	0.06599650000000004	174.90017733511033	-0.12549911332444835	-0.3405273866755516	diagnostic_kmer_10_90_spread_not_sampling_CI
6301	condition_005	5	iid_low_indel	0.001	0.001	0.001	0.0	171	0.7	0.7134502923976608	factorial	5.0002457	5.0002502	3619	50002502	f035	200	247.9876	0.23993799999999993	0.23993799999999993	245.5877	249.9875	False	0.021998999999999994	263.4256517547008	0.3171282587735041	-0.07719025877350419	diagnostic_kmer_10_90_spread_not_sampling_CI
6301	condition_005	5	iid_low_indel	0.001	0.001	0.001	0.02	171	0.7	0.7309941520467836	factorial	5.0002457	5.0002502	3619	50002502	f036	200	164.3918	-0.17804100000000006	0.17804100000000006	156.3922	178.1911	False	0.10899450000000002	270.60190730063783	0.35300953650318917	-0.5310505365031892	diagnostic_kmer_10_90_spread_not_sampling_CI
6301	condition_005	5	iid_low_indel	0.001	0.001	0.001	0.0	421	0.3	0.2755344418052256	factorial	5.0002457	5.0002502	3619	50002502	f037	20	28.3986	0.4199299999999999	0.4199299999999999	27.3986	28.9985	False	0.07999500000000008	29.879766862650673	0.49398834313253365	-0.07405834313253372	diagnostic_kmer_10_90_spread_not_sampling_CI
6301	condition_005	5	iid_low_indel	0.001	0.001	0.001	0.02	421	0.3	0.30641330166270786	factorial	5.0002457	5.0002502	3619	50002502	f038	20	16.7992	-0.16004000000000004	0.16004000000000004	13.9993	19.599	False	0.27998500000000004	25.127506326975674	0.2563753163487837	-0.4164153163487837	diagnostic_kmer_10_90_spread_not_sampling_CI
6301	condition_005	5	iid_low_indel	0.001	0.001	0.001	0.0	421	0.5	0.47743467933491684	factorial	5.0002457	5.0002502	3619	50002502	f039	20	1.9999	-0.9000049999999999	0.9000049999999999	1.7999	2.1999	False	0.019999999999999997	2.1960916089989513	-0.8901954195500524	-0.009809580449947564	diagnostic_kmer_10_90_spread_not_sampling_CI
6301	condition_005	5	iid_low_indel	0.001	0.001	0.001	0.02	421	0.5	0.4916864608076009	factorial	5.0002457	5.0002502	3619	50002502	f040	20	3.5998	-0.8200099999999999	0.8200099999999999	2.7999	4.1998	False	0.06999499999999999	5.733684992562696	-0.7133157503718651	-0.10669424962813481	diagnostic_kmer_10_90_spread_not_sampling_CI
6301	condition_005	5	iid_low_indel	0.001	0.001	0.001	0.0	421	0.7	0.6864608076009501	factorial	5.0002457	5.0002502	3619	50002502	f041	20	21.9989	0.09994499999999995	0.09994499999999995	20.799	22.5989	False	0.08999500000000005	23.182708782688042	0.15913543913440212	-0.05919043913440216	diagnostic_kmer_10_90_spread_not_sampling_CI
6301	condition_005	5	iid_low_indel	0.001	0.001	0.001	0.02	421	0.7	0.7339667458432304	factorial	5.0002457	5.0002502	3619	50002502	f042	20	12.1994	-0.39003	0.39003	9.3995	14.5993	False	0.25999	19.846055643685528	-0.007697217815723611	-0.38233278218427635	diagnostic_kmer_10_90_spread_not_sampling_CI
6301	condition_005	5	iid_low_indel	0.001	0.001	0.001	0.0	421	0.3	0.30403800475059384	factorial	5.0002457	5.0002502	3619	50002502	f043	80	54.1973	-0.32253375	0.32253375	53.1973	55.1972	False	0.02499875000000005	57.410480511695496	-0.2823689936038063	-0.040164756396193727	diagnostic_kmer_10_90_spread_not_sampling_CI
6301	condition_005	5	iid_low_indel	0.001	0.001	0.001	0.02	421	0.3	0.2850356294536817	factorial	5.0002457	5.0002502	3619	50002502	f044	80	37.7981	-0.5275237500000001	0.5275237500000001	33.9983	42.9978	False	0.11249374999999998	61.519067214319755	-0.23101165982100308	-0.29651209017899693	diagnostic_kmer_10_90_spread_not_sampling_CI
6301	condition_005	5	iid_low_indel	0.001	0.001	0.001	0.0	421	0.5	0.5106888361045131	factorial	5.0002457	5.0002502	3619	50002502	f045	80	64.7968	-0.19003999999999993	0.19003999999999993	63.7968	65.7967	False	0.02499875000000005	68.9932842543348	-0.13758394682081504	-0.05245605317918489	diagnostic_kmer_10_90_spread_not_sampling_CI
6301	condition_005	5	iid_low_indel	0.001	0.001	0.001	0.02	421	0.5	0.47743467933491684	factorial	5.0002457	5.0002502	3619	50002502	f046	80	43.1978	-0.4600275	0.4600275	38.3981	49.3975	False	0.13749250000000002	70.00178576545414	-0.1249776779318232	-0.3350498220681768	diagnostic_kmer_10_90_spread_not_sampling_CI
6301	condition_005	5	iid_low_indel	0.001	0.001	0.001	0.0	421	0.7	0.6935866983372921	factorial	5.0002457	5.0002502	3619	50002502	f047	80	78.996	-0.012550000000000061	0.012550000000000061	77.5961	79.996	False	0.029998749999999852	83.57784072837455	0.044723009104681924	-0.057273009104681985	diagnostic_kmer_10_90_spread_not_sampling_CI
6301	condition_005	5	iid_low_indel	0.001	0.001	0.001	0.02	421	0.7	0.672209026128266	factorial	5.0002457	5.0002502	3619	50002502	f048	80	71.5964	-0.10504499999999997	0.10504499999999997	64.1968	78.7961	False	0.18249125	116.04037853589377	0.45050473169867206	-0.5555497316986721	diagnostic_kmer_10_90_spread_not_sampling_CI
6301	condition_005	5	iid_low_indel	0.001	0.001	0.001	0.0	421	0.3	0.3254156769596199	factorial	5.0002457	5.0002502	3619	50002502	f049	200	241.7879	0.20893950000000003	0.20893950000000003	239.788	243.9878	False	0.02099899999999991	257.748854411318	0.28874427205659003	-0.07980477205658999	diagnostic_kmer_10_90_spread_not_sampling_CI
6301	condition_005	5	iid_low_indel	0.001	0.001	0.001	0.02	421	0.3	0.29453681710213775	factorial	5.0002457	5.0002502	3619	50002502	f050	200	143.3928	-0.283036	0.283036	135.9932	151.3924	False	0.07699600000000004	232.5838202372493	0.16291910118624656	-0.4459551011862466	diagnostic_kmer_10_90_spread_not_sampling_CI
6301	condition_005	5	iid_low_indel	0.001	0.001	0.001	0.0	421	0.5	0.48693586698337293	factorial	5.0002457	5.0002502	3619	50002502	f051	200	164.7918	-0.17604100000000003	0.17604100000000003	162.9918	166.1917	False	0.015999499999999927	176.04123056908423	-0.11979384715457883	-0.0562471528454212	diagnostic_kmer_10_90_spread_not_sampling_CI
6301	condition_005	5	iid_low_indel	0.001	0.001	0.001	0.02	421	0.5	0.5106888361045131	factorial	5.0002457	5.0002502	3619	50002502	f052	200	143.5928	-0.28203599999999995	0.28203599999999995	132.3934	155.7922	False	0.11699399999999997	230.9724979924463	0.15486248996223154	-0.43689848996223146	diagnostic_kmer_10_90_spread_not_sampling_CI
6301	condition_005	5	iid_low_indel	0.001	0.001	0.001	0.0	421	0.7	0.7078384798099763	factorial	5.0002457	5.0002502	3619	50002502	f053	200	175.5912	-0.12204400000000007	0.12204400000000007	173.5913	177.1911	False	0.01799900000000008	186.64260985483583	-0.06678695072582087	-0.055257049274179196	diagnostic_kmer_10_90_spread_not_sampling_CI
6301	condition_005	5	iid_low_indel	0.001	0.001	0.001	0.02	421	0.7	0.6793349168646081	factorial	5.0002457	5.0002502	3619	50002502	f054	200	121.9939	-0.3900305	0.3900305	114.7943	128.7936	False	0.06999649999999996	199.01397342246716	-0.0049301328876642	-0.3851003671123358	diagnostic_kmer_10_90_spread_not_sampling_CI
6301	condition_005	5	iid_low_indel	0.001	0.001	0.001	0.01	171	0.5	0.5906432748538012	megabase	5.0002457	5.0002502	3619	50002502	megabase_171	6000	4208.7894	-0.29853510000000005	0.29853510000000005	4185.5906	4242.7877	False	0.009532849999999902	5562.795650069709	-0.07286739165504848	-0.2256677083449516	diagnostic_kmer_10_90_spread_not_sampling_CI
6301	condition_006	5	iid_high_indel	0.01	0.005	0.005	0.0	61	0.3	0.2786885245901639	factorial	5.0002457	5.0003273	3619	50003273	f001	20	12.9991	-0.350045	0.350045	11.7992	13.5991	False	0.08999499999999996	19.999017248292418	-4.913758537909985e-05	-0.3499958624146209	diagnostic_kmer_10_90_spread_not_sampling_CI
6301	condition_006	5	iid_high_indel	0.01	0.005	0.005	0.02	61	0.3	0.29508196721311475	factorial	5.0002457	5.0003273	3619	50003273	f002	20	11.1993	-0.44003500000000006	0.44003500000000006	8.3995	12.5992	False	0.209985	27.670771405834103	0.3835385702917051	-0.8235735702917051	diagnostic_kmer_10_90_spread_not_sampling_CI
6301	condition_006	5	iid_high_indel	0.01	0.005	0.005	0.0	61	0.5	0.5409836065573771	factorial	5.0002457	5.0003273	3619	50003273	f003	20	24.7984	0.23992000000000005	0.23992000000000005	24.1984	25.7983	False	0.07999500000000008	37.42439047364885	0.8712195236824425	-0.6312995236824424	diagnostic_kmer_10_90_spread_not_sampling_CI
6301	condition_006	5	iid_high_indel	0.01	0.005	0.005	0.02	61	0.5	0.4918032786885246	factorial	5.0002457	5.0003273	3619	50003273	f004	20	1.7999	-0.910005	0.910005	1.1999	1.9999	False	0.04	3.999803449658484	-0.8000098275170758	-0.10999517248292419	diagnostic_kmer_10_90_spread_not_sampling_CI
6301	condition_006	5	iid_high_indel	0.01	0.005	0.005	0.0	61	0.7	0.7540983606557377	factorial	5.0002457	5.0003273	3619	50003273	f005	20	14.599	-0.27005	0.27005	13.5991	15.799	False	0.10999499999999998	22.93657781459898	0.146828890729949	-0.416878890729949	diagnostic_kmer_10_90_spread_not_sampling_CI
6301	condition_006	5	iid_high_indel	0.01	0.005	0.005	0.02	61	0.7	0.6721311475409836	factorial	5.0002457	5.0003273	3619	50003273	f006	20	7.1995	-0.640025	0.640025	6.3996	8.3995	False	0.09999499999999997	16.697540138615295	-0.16512299306923522	-0.47490200693076473	diagnostic_kmer_10_90_spread_not_sampling_CI
6301	condition_006	5	iid_high_indel	0.01	0.005	0.005	0.0	61	0.3	0.2786885245901639	factorial	5.0002457	5.0003273	3619	50003273	f007	80	54.3964	-0.320045	0.320045	53.5965	55.7963	False	0.027497500000000043	80.11409598020879	0.0014261997526098468	-0.32147119975260985	diagnostic_kmer_10_90_spread_not_sampling_CI
6301	condition_006	5	iid_high_indel	0.01	0.005	0.005	0.02	61	0.3	0.32786885245901637	factorial	5.0002457	5.0003273	3619	50003273	f008	80	41.3973	-0.48253375	0.48253375	37.1976	45.597	False	0.1049925	99.19184702411265	0.2398980878014081	-0.7224318378014081	diagnostic_kmer_10_90_spread_not_sampling_CI
6301	condition_006	5	iid_high_indel	0.01	0.005	0.005	0.0	61	0.5	0.36065573770491804	factorial	5.0002457	5.0003273	3619	50003273	f009	80	43.1972	-0.46003499999999997	0.46003499999999997	40.3974	44.5971	False	0.05249625	66.8786807947405	-0.1640164900657437	-0.29601850993425627	diagnostic_kmer_10_90_spread_not_sampling_CI
6301	condition_006	5	iid_high_indel	0.01	0.005	0.005	0.02	61	0.5	0.5901639344262295	factorial	5.0002457	5.0003273	3619	50003273	f010	80	41.9973	-0.47503375	0.47503375	38.9974	46.9969	False	0.09999374999999996	101.93269594535403	0.2741586993169253	-0.7491924493169253	diagnostic_kmer_10_90_spread_not_sampling_CI
6301	condition_006	5	iid_high_indel	0.01	0.005	0.005	0.0	61	0.7	0.7213114754098361	factorial	5.0002457	5.0003273	3619	50003273	f011	80	20.3987	-0.7450162499999999	0.7450162499999999	18.3988	21.3986	False	0.03749749999999996	31.647625163568314	-0.604404685455396	-0.1406115645446039	diagnostic_kmer_10_90_spread_not_sampling_CI
6301	condition_006	5	iid_high_indel	0.01	0.005	0.005	0.02	61	0.7	0.6885245901639344	factorial	5.0002457	5.0003273	3619	50003273	f012	80	41.9973	-0.47503375	0.47503375	40.5973	44.7971	False	0.052497500000000044	101.77204810188414	0.27215060127355173	-0.7471843512735517	diagnostic_kmer_10_90_spread_not_sampling_CI
6301	condition_006	5	iid_high_indel	0.01	0.005	0.005	0.0	61	0.3	0.3770491803278688	factorial	5.0002457	5.0003273	3619	50003273	f013	200	86.7943	-0.5660284999999999	0.5660284999999999	81.3947	88.7942	False	0.036997500000000016	128.84940604510498	-0.35575296977447507	-0.2102755302255249	diagnostic_kmer_10_90_spread_not_sampling_CI
6301	condition_006	5	iid_high_indel	0.01	0.005	0.005	0.02	61	0.3	0.22950819672131148	factorial	5.0002457	5.0003273	3619	50003273	f014	200	61.396	-0.69302	0.69302	57.3962	65.1957	False	0.03899750000000001	141.41928016476945	-0.2929035991761528	-0.40011640082384725	diagnostic_kmer_10_90_spread_not_sampling_CI
6301	condition_006	5	iid_high_indel	0.01	0.005	0.005	0.0	61	0.5	0.5081967213114754	factorial	5.0002457	5.0003273	3619	50003273	f015	200	94.5938	-0.527031	0.527031	91.994	96.3937	False	0.02199849999999998	142.62905678192024	-0.2868547160903988	-0.2401762839096012	diagnostic_kmer_10_90_spread_not_sampling_CI
6301	condition_006	5	iid_high_indel	0.01	0.005	0.005	0.02	61	0.5	0.6229508196721312	factorial	5.0002457	5.0003273	3619	50003273	f016	200	108.7929	-0.4560355	0.4560355	102.7933	116.9923	False	0.07099499999999999	253.97768347106046	0.2698884173553023	-0.7259239173553023	diagnostic_kmer_10_90_spread_not_sampling_CI
6301	condition_006	5	iid_high_indel	0.01	0.005	0.005	0.0	61	0.7	0.7704918032786885	factorial	5.0002457	5.0003273	3619	50003273	f017	200	112.5926	-0.43703699999999995	0.43703699999999995	110.3928	116.1924	False	0.028998000000000062	170.30966377000757	-0.14845168114996213	-0.28858531885003785	diagnostic_kmer_10_90_spread_not_sampling_CI
6301	condition_006	5	iid_high_indel	0.01	0.005	0.005	0.02	61	0.7	0.639344262295082	factorial	5.0002457	5.0003273	3619	50003273	f018	200	78.7948	-0.6060260000000001	0.6060260000000001	75.795	82.9946	False	0.035998000000000016	175.8438180511744	-0.12078090974412803	-0.485245090255872	diagnostic_kmer_10_90_spread_not_sampling_CI
6301	condition_006	5	iid_high_indel	0.01	0.005	0.005	0.0	171	0.3	0.2807017543859649	factorial	5.0002457	5.0003273	3619	50003273	f019	20	9.3994	-0.53003	0.53003	8.3995	10.7993	False	0.11999000000000004	14.663606915736278	-0.2668196542131861	-0.2632103457868139	diagnostic_kmer_10_90_spread_not_sampling_CI
6301	condition_006	5	iid_high_indel	0.01	0.005	0.005	0.02	171	0.3	0.22807017543859648	factorial	5.0002457	5.0003273	3619	50003273	f020	20	11.5992	-0.42004	0.42004	8.5994	14.3991	False	0.28998500000000005	29.3704865588519	0.4685243279425951	-0.8885643279425951	diagnostic_kmer_10_90_spread_not_sampling_CI
6301	condition_006	5	iid_high_indel	0.01	0.005	0.005	0.0	171	0.5	0.5146198830409356	factorial	5.0002457	5.0003273	3619	50003273	f021	20	8.5994	-0.57003	0.57003	7.7995	9.3994	False	0.079995	12.994683078700414	-0.35026584606497935	-0.21976415393502072	diagnostic_kmer_10_90_spread_not_sampling_CI
6301	condition_006	5	iid_high_indel	0.01	0.005	0.005	0.02	171	0.5	0.52046783625731	factorial	5.0002457	5.0003273	3619	50003273	f022	20	13.5991	-0.320045	0.320045	11.3993	18.1988	False	0.3399749999999999	31.309572558715576	0.5654786279357789	-0.8855236279357788	diagnostic_kmer_10_90_spread_not_sampling_CI
6301	condition_006	5	iid_high_indel	0.01	0.005	0.005	0.0	171	0.7	0.672514619883041	factorial	5.0002457	5.0003273	3619	50003273	f023	20	25.1984	0.25992	0.25992	23.7984	27.1982	False	0.16998999999999995	37.7209534098933	0.8860476704946649	-0.6261276704946649	diagnostic_kmer_10_90_spread_not_sampling_CI
6301	condition_006	5	iid_high_indel	0.01	0.005	0.005	0.02	171	0.7	0.672514619883041	factorial	5.0002457	5.0003273	3619	50003273	f024	20	8.7994	-0.56003	0.56003	7.5995	10.3993	False	0.13999	20.705415284430934	0.035270764221546715	-0.5953007642215467	diagnostic_kmer_10_90_spread_not_sampling_CI
6301	condition_006	5	iid_high_indel	0.01	0.005	0.005	0.0	171	0.3	0.26900584795321636	factorial	5.0002457	5.0003273	3619	50003273	f025	80	67.5956	-0.15505499999999994	0.15505499999999994	65.5957	69.3955	False	0.04749750000000006	101.2067226080838	0.2650840326010474	-0.42013903260104735	diagnostic_kmer_10_90_spread_not_sampling_CI
6301	condition_006	5	iid_high_indel	0.01	0.005	0.005	0.02	171	0.3	0.3216374269005848	factorial	5.0002457	5.0003273	3619	50003273	f026	80	31.198	-0.610025	0.610025	29.3981	33.1978	False	0.04749625000000002	68.11010336191846	-0.14862370797601923	-0.4614012920239808	diagnostic_kmer_10_90_spread_not_sampling_CI
6301	condition_006	5	iid_high_indel	0.01	0.005	0.005	0.0	171	0.5	0.4327485380116959	factorial	5.0002457	5.0003273	3619	50003273	f027	80	48.3968	-0.39504	0.39504	45.997	51.3966	False	0.067495	74.42324342661334	-0.06970945716733326	-0.32533054283266677	diagnostic_kmer_10_90_spread_not_sampling_CI
6301	condition_006	5	iid_high_indel	0.01	0.005	0.005	0.02	171	0.5	0.5029239766081871	factorial	5.0002457	5.0003273	3619	50003273	f028	80	25.5983	-0.68002125	0.68002125	22.5985	28.1982	False	0.06999624999999998	55.097877285631824	-0.3112765339296022	-0.3687447160703978	diagnostic_kmer_10_90_spread_not_sampling_CI
6301	condition_006	5	iid_high_indel	0.01	0.005	0.005	0.0	171	0.7	0.695906432748538	factorial	5.0002457	5.0003273	3619	50003273	f029	80	41.1973	-0.48503375000000004	0.48503375000000004	39.1974	43.5971	False	0.05499624999999995	62.46476673867241	-0.21919041576659487	-0.2658433342334051	diagnostic_kmer_10_90_spread_not_sampling_CI
6301	condition_006	5	iid_high_indel	0.01	0.005	0.005	0.02	171	0.7	0.7777777777777778	factorial	5.0002457	5.0003273	3619	50003273	f030	80	22.5985	-0.71751875	0.71751875	19.3987	25.5983	False	0.07749499999999995	51.838388334111876	-0.3520201458236015	-0.36549860417639846	diagnostic_kmer_10_90_spread_not_sampling_CI
6301	condition_006	5	iid_high_indel	0.01	0.005	0.005	0.0	171	0.3	0.30409356725146197	factorial	5.0002457	5.0003273	3619	50003273	f031	200	137.391	-0.313045	0.313045	134.9912	139.3909	False	0.02199849999999998	208.36753859693113	0.04183769298465563	-0.3548826929846557	diagnostic_kmer_10_90_spread_not_sampling_CI
6301	condition_006	5	iid_high_indel	0.01	0.005	0.005	0.02	171	0.3	0.3567251461988304	factorial	5.0002457	5.0003273	3619	50003273	f032	200	101.3934	-0.493033	0.493033	91.994	107.7929	False	0.07899450000000002	236.34160254791982	0.1817080127395991	-0.6747410127395992	diagnostic_kmer_10_90_spread_not_sampling_CI
6301	condition_006	5	iid_high_indel	0.01	0.005	0.005	0.0	171	0.5	0.5614035087719298	factorial	5.0002457	5.0003273	3619	50003273	f033	200	182.988	-0.08506	0.08506	179.9882	186.5878	False	0.0329979999999999	274.66369600843433	0.37331848004217166	-0.45837848004217163	diagnostic_kmer_10_90_spread_not_sampling_CI
6301	condition_006	5	iid_high_indel	0.01	0.005	0.005	0.02	171	0.5	0.47953216374269003	factorial	5.0002457	5.0003273	3619	50003273	f034	200	76.995	-0.6150249999999999	0.6150249999999999	70.3954	81.9946	False	0.057996000000000054	174.90017733511033	-0.12549911332444835	-0.48952588667555164	diagnostic_kmer_10_90_spread_not_sampling_CI
6301	condition_006	5	iid_high_indel	0.01	0.005	0.005	0.0	171	0.7	0.7134502923976608	factorial	5.0002457	5.0003273	3619	50003273	f035	200	174.3886	-0.128057	0.128057	168.9889	179.1883	False	0.05099699999999999	263.4256517547008	0.3171282587735041	-0.4451852587735041	diagnostic_kmer_10_90_spread_not_sampling_CI
6301	condition_006	5	iid_high_indel	0.01	0.005	0.005	0.02	171	0.7	0.7309941520467836	factorial	5.0002457	5.0003273	3619	50003273	f036	200	116.7924	-0.416038	0.416038	109.9928	125.3918	False	0.07699500000000001	270.60190730063783	0.35300953650318917	-0.7690475365031892	diagnostic_kmer_10_90_spread_not_sampling_CI
6301	condition_006	5	iid_high_indel	0.01	0.005	0.005	0.0	421	0.3	0.2755344418052256	factorial	5.0002457	5.0003273	3619	50003273	f037	20	19.9987	-6.500000000002615e-05	6.500000000002615e-05	18.3988	21.7986	True	0.16998999999999995	29.879766862650673	0.49398834313253365	-0.4940533431325337	diagnostic_kmer_10_90_spread_not_sampling_CI
6301	condition_006	5	iid_high_indel	0.01	0.005	0.005	0.02	421	0.3	0.30641330166270786	factorial	5.0002457	5.0003273	3619	50003273	f038	20	11.9992	-0.40004	0.40004	10.1993	14.1991	False	0.19999000000000003	25.127506326975674	0.2563753163487837	-0.6564153163487837	diagnostic_kmer_10_90_spread_not_sampling_CI
6301	condition_006	5	iid_high_indel	0.01	0.005	0.005	0.0	421	0.5	0.47743467933491684	factorial	5.0002457	5.0003273	3619	50003273	f039	20	1.3999	-0.9300050000000001	0.9300050000000001	1.1999	1.7999	False	0.030000000000000006	2.1960916089989513	-0.8901954195500524	-0.03980958044994757	diagnostic_kmer_10_90_spread_not_sampling_CI
6301	condition_006	5	iid_high_indel	0.01	0.005	0.005	0.02	421	0.5	0.4916864608076009	factorial	5.0002457	5.0003273	3619	50003273	f040	20	2.5998	-0.87001	0.87001	1.7999	3.3998	False	0.079995	5.733684992562696	-0.7133157503718651	-0.1566942496281348	diagnostic_kmer_10_90_spread_not_sampling_CI
6301	condition_006	5	iid_high_indel	0.01	0.005	0.005	0.0	421	0.7	0.6864608076009501	factorial	5.0002457	5.0003273	3619	50003273	f041	20	14.999	-0.25005	0.25005	13.5991	16.5989	False	0.14999	23.182708782688042	0.15913543913440212	-0.4091854391344021	diagnostic_kmer_10_90_spread_not_sampling_CI
6301	condition_006	5	iid_high_indel	0.01	0.005	0.005	0.02	421	0.7	0.7339667458432304	factorial	5.0002457	5.0003273	3619	50003273	f042	20	8.3995	-0.580025	0.580025	6.3996	10.3993	False	0.199985	19.846055643685528	-0.007697217815723611	-0.5723277821842764	diagnostic_kmer_10_90_spread_not_sampling_CI
6301	condition_006	5	iid_high_indel	0.01	0.005	0.005	0.0	421	0.3	0.30403800475059384	factorial	5.0002457	5.0003273	3619	50003273	f043	80	37.5975	-0.5300312500000001	0.5300312500000001	35.1977	39.9974	False	0.059996250000000015	57.410480511695496	-0.2823689936038063	-0.24766225639619374	diagnostic_kmer_10_90_spread_not_sampling_CI
6301	condition_006	5	iid_high_indel	0.01	0.005	0.005	0.02	421	0.3	0.2850356294536817	factorial	5.0002457	5.0003273	3619	50003273	f044	80	27.3982	-0.6575225	0.6575225	24.1984	30.398	False	0.07749500000000001	61.519067214319755	-0.23101165982100308	-0.426510840178997	diagnostic_kmer_10_90_spread_not_sampling_CI
6301	condition_006	5	iid_high_indel	0.01	0.005	0.005	0.0	421	0.5	0.5106888361045131	factorial	5.0002457	5.0003273	3619	50003273	f045	80	45.997	-0.4250375	0.4250375	44.1971	47.7969	False	0.044997500000000024	68.9932842543348	-0.13758394682081504	-0.287453553179185	diagnostic_kmer_10_90_spread_not_sampling_CI
6301	condition_006	5	iid_high_indel	0.01	0.005	0.005	0.02	421	0.5	0.47743467933491684	factorial	5.0002457	5.0003273	3619	50003273	f046	80	29.998	-0.6250249999999999	0.6250249999999999	26.5983	34.7977	False	0.10249250000000001	70.00178576545414	-0.1249776779318232	-0.5000473220681767	diagnostic_kmer_10_90_spread_not_sampling_CI
6301	condition_006	5	iid_high_indel	0.01	0.005	0.005	0.0	421	0.7	0.6935866983372921	factorial	5.0002457	5.0003273	3619	50003273	f047	80	55.3964	-0.307545	0.307545	52.7965	57.9962	False	0.06499625	83.57784072837455	0.044723009104681924	-0.3522680091046819	diagnostic_kmer_10_90_spread_not_sampling_CI
6301	condition_006	5	iid_high_indel	0.01	0.005	0.005	0.02	421	0.7	0.672209026128266	factorial	5.0002457	5.0003273	3619	50003273	f048	80	50.3967	-0.37004125	0.37004125	45.397	56.5963	False	0.13999125	116.04037853589377	0.45050473169867206	-0.8205459816986721	diagnostic_kmer_10_90_spread_not_sampling_CI
6301	condition_006	5	iid_high_indel	0.01	0.005	0.005	0.0	421	0.3	0.3254156769596199	factorial	5.0002457	5.0003273	3619	50003273	f049	200	172.9887	-0.13505650000000002	0.13505650000000002	168.9889	176.9884	False	0.03999750000000006	257.748854411318	0.28874427205659003	-0.42380077205659006	diagnostic_kmer_10_90_spread_not_sampling_CI
6301	condition_006	5	iid_high_indel	0.01	0.005	0.005	0.02	421	0.3	0.29453681710213775	factorial	5.0002457	5.0003273	3619	50003273	f050	200	101.5933	-0.4920335	0.4920335	96.1937	108.5929	False	0.06199599999999997	232.5838202372493	0.16291910118624656	-0.6549526011862465	diagnostic_kmer_10_90_spread_not_sampling_CI
6301	condition_006	5	iid_high_indel	0.01	0.005	0.005	0.0	421	0.5	0.48693586698337293	factorial	5.0002457	5.0003273	3619	50003273	f051	200	116.1924	-0.41903799999999997	0.41903799999999997	111.9927	120.9921	False	0.044996999999999975	176.04123056908423	-0.11979384715457883	-0.29924415284542116	diagnostic_kmer_10_90_spread_not_sampling_CI
6301	condition_006	5	iid_high_indel	0.01	0.005	0.005	0.02	421	0.5	0.5106888361045131	factorial	5.0002457	5.0003273	3619	50003273	f052	200	102.1933	-0.4890335	0.4890335	91.794	110.9927	False	0.09599350000000001	230.9724979924463	0.15486248996223154	-0.6438959899622315	diagnostic_kmer_10_90_spread_not_sampling_CI
6301	condition_006	5	iid_high_indel	0.01	0.005	0.005	0.0	421	0.7	0.7078384798099763	factorial	5.0002457	5.0003273	3619	50003273	f053	200	124.1919	-0.3790405	0.3790405	119.9921	129.3915	False	0.04699700000000007	186.64260985483583	-0.06678695072582087	-0.3122535492741791	diagnostic_kmer_10_90_spread_not_sampling_CI
6301	condition_006	5	iid_high_indel	0.01	0.005	0.005	0.02	421	0.7	0.6793349168646081	factorial	5.0002457	5.0003273	3619	50003273	f054	200	85.3944	-0.573028	0.573028	80.1948	91.994	False	0.05899599999999999	199.01397342246716	-0.0049301328876642	-0.5680978671123358	diagnostic_kmer_10_90_spread_not_sampling_CI
6301	condition_006	5	iid_high_indel	0.01	0.005	0.005	0.01	171	0.5	0.5906432748538012	megabase	5.0002457	5.0003273	3619	50003273	megabase_171	6000	2970.4056	-0.5049324	0.5049324	2948.607	3010.203	False	0.010266	5562.795650069709	-0.07286739165504848	-0.43206500834495154	diagnostic_kmer_10_90_spread_not_sampling_CI
6301	condition_007	20	error_free	0	0	0	0.0	61	0.3	0.2786885245901639	factorial	20.0008005	20.0008005	14475	200008005	f001	20	18.9992	-0.050040000000000084	0.050040000000000084	18.0493	18.9992	False	0.047494999999999975	18.999239555436795	-0.05003802222816027	-1.977771839811737e-06	diagnostic_kmer_10_90_spread_not_sampling_CI
6301	condition_007	20	error_free	0	0	0	0.02	61	0.3	0.29508196721311475	factorial	20.0008005	20.0008005	14475	200008005	f002	20	16.8993	-0.15503499999999998	0.15503499999999998	14.2994	18.2493	False	0.19749500000000006	26.02272893207777	0.30113644660388844	-0.4561714466038884	diagnostic_kmer_10_90_spread_not_sampling_CI
6301	condition_007	20	error_free	0	0	0	0.0	61	0.5	0.5409836065573771	factorial	20.0008005	20.0008005	14475	200008005	f003	20	23.2991	0.16495499999999996	0.16495499999999996	22.1991	23.3491	False	0.057499999999999926	23.362999322181636	0.1681499661090818	-0.003194966109081854	diagnostic_kmer_10_90_spread_not_sampling_CI
6301	condition_007	20	error_free	0	0	0	0.02	61	0.5	0.4918032786885246	factorial	20.0008005	20.0008005	14475	200008005	f004	20	10.1496	-0.49252	0.49252	7.3497	10.2496	False	0.14499499999999993	14.595317461762855	-0.2702341269118572	-0.2222858730881428	diagnostic_kmer_10_90_spread_not_sampling_CI
6301	condition_007	20	error_free	0	0	0	0.0	61	0.7	0.7540983606557377	factorial	20.0008005	20.0008005	14475	200008005	f005	20	20.8492	0.042459999999999984	0.042459999999999984	19.7992	20.9492	True	0.05750000000000011	20.9327687233089	0.04663843616544501	-0.004178436165445021	diagnostic_kmer_10_90_spread_not_sampling_CI
6301	condition_007	20	error_free	0	0	0	0.02	61	0.7	0.6721311475409836	factorial	20.0008005	20.0008005	14475	200008005	f006	20	13.0495	-0.347525	0.347525	11.8995	14.1994	False	0.11499500000000004	20.22296106778654	0.01114805338932694	-0.3586730533893269	diagnostic_kmer_10_90_spread_not_sampling_CI
6301	condition_007	20	error_free	0	0	0	0.0	61	0.3	0.2786885245901639	factorial	20.0008005	20.0008005	14475	200008005	f007	80	99.096	0.23870000000000005	0.23870000000000005	97.8461	99.246	False	0.01749874999999985	99.23947056314152	0.24049338203926904	-0.001793382039268998	diagnostic_kmer_10_90_spread_not_sampling_CI
6301	condition_007	20	error_free	0	0	0	0.02	61	0.3	0.32786885245901637	factorial	20.0008005	20.0008005	14475	200008005	f008	80	47.2981	-0.40877375000000005	0.40877375000000005	42.6983	52.6979	False	0.12499499999999993	77.30510258458054	-0.03368621769274327	-0.3750875323072568	diagnostic_kmer_10_90_spread_not_sampling_CI
6301	condition_007	20	error_free	0	0	0	0.0	61	0.5	0.36065573770491804	factorial	20.0008005	20.0008005	14475	200008005	f009	80	84.1966	0.052457500000000046	0.052457500000000046	83.0967	84.2466	False	0.014373750000000029	84.31137953539475	0.053892244192434366	-0.001434744192434323	diagnostic_kmer_10_90_spread_not_sampling_CI
6301	condition_007	20	error_free	0	0	0	0.02	61	0.5	0.5901639344262295	factorial	20.0008005	20.0008005	14475	200008005	f010	80	36.2985	-0.5462687500000001	0.5462687500000001	32.7487	40.6484	False	0.09874625000000004	57.87637202279995	-0.27654534971500067	-0.2697234002849994	diagnostic_kmer_10_90_spread_not_sampling_CI
6301	condition_007	20	error_free	0	0	0	0.0	61	0.7	0.7213114754098361	factorial	20.0008005	20.0008005	14475	200008005	f011	80	52.1979	-0.34752625000000004	0.34752625000000004	51.4979	52.2479	False	0.009375	52.33315126725987	-0.3458356091592516	-0.0016906408407484363	diagnostic_kmer_10_90_spread_not_sampling_CI
6301	condition_007	20	error_free	0	0	0	0.02	61	0.7	0.6885245901639344	factorial	20.0008005	20.0008005	14475	200008005	f012	80	50.898	-0.36377499999999996	0.36377499999999996	46.3481	53.9978	False	0.09562124999999995	80.01892838993217	0.00023660487415213538	-0.3640116048741521	diagnostic_kmer_10_90_spread_not_sampling_CI
6301	condition_007	20	error_free	0	0	0	0.0	61	0.3	0.3770491803278688	factorial	20.0008005	20.0008005	14475	200008005	f013	200	152.0939	-0.23953050000000004	0.23953050000000004	150.994	152.1939	False	0.005999500000000069	152.3160346982522	-0.23841982650873902	-0.001110673491261025	diagnostic_kmer_10_90_spread_not_sampling_CI
6301	condition_007	20	error_free	0	0	0	0.02	61	0.3	0.22950819672131148	factorial	20.0008005	20.0008005	14475	200008005	f014	200	112.3455	-0.4382725	0.4382725	107.6957	123.895	False	0.08099649999999997	174.25777943073894	-0.12871110284630533	-0.3095613971536947	diagnostic_kmer_10_90_spread_not_sampling_CI
6301	condition_007	20	error_free	0	0	0	0.0	61	0.5	0.5081967213114754	factorial	20.0008005	20.0008005	14475	200008005	f015	200	214.7914	0.07395700000000005	0.07395700000000005	213.7914	215.1414	False	0.006749999999999971	215.32334889607517	0.07661674448037586	-0.0026597444803758206	diagnostic_kmer_10_90_spread_not_sampling_CI
6301	condition_007	20	error_free	0	0	0	0.02	61	0.5	0.6229508196721312	factorial	20.0008005	20.0008005	14475	200008005	f016	200	111.3455	-0.4432725	0.4432725	106.2457	115.2454	False	0.044998500000000025	173.22421424180857	-0.13387892879095717	-0.3093935712090428	diagnostic_kmer_10_90_spread_not_sampling_CI
6301	condition_007	20	error_free	0	0	0	0.0	61	0.7	0.7704918032786885	factorial	20.0008005	20.0008005	14475	200008005	f017	200	221.8911	0.10945549999999997	0.10945549999999997	220.8412	221.9911	False	0.0057495000000000115	222.1607801459222	0.11080390072961094	-0.0013484007296109724	diagnostic_kmer_10_90_spread_not_sampling_CI
6301	condition_007	20	error_free	0	0	0	0.02	61	0.7	0.639344262295082	factorial	20.0008005	20.0008005	14475	200008005	f018	200	102.3959	-0.4880205	0.4880205	99.196	106.6957	False	0.03749850000000002	149.53991630419418	-0.2523004184790291	-0.2357200815209709	diagnostic_kmer_10_90_spread_not_sampling_CI
6301	condition_007	20	error_free	0	0	0	0.0	171	0.3	0.2807017543859649	factorial	20.0008005	20.0008005	14475	200008005	f019	20	18.8492	-0.057540000000000015	0.057540000000000015	17.8493	18.8992	False	0.05249500000000005	18.882577558166567	-0.055871122091671666	-0.001668877908328348	diagnostic_kmer_10_90_spread_not_sampling_CI
6301	condition_007	20	error_free	0	0	0	0.02	171	0.3	0.22807017543859648	factorial	20.0008005	20.0008005	14475	200008005	f020	20	12.3495	-0.38252499999999995	0.38252499999999995	9.1496	14.6994	False	0.27749000000000007	20.74010554978999	0.037005277489499555	-0.4195302774894995	diagnostic_kmer_10_90_spread_not_sampling_CI
6301	condition_007	20	error_free	0	0	0	0.0	171	0.5	0.5146198830409356	factorial	20.0008005	20.0008005	14475	200008005	f021	20	24.499	0.22494999999999993	0.22494999999999993	23.1991	24.499	False	0.06499499999999987	24.46276356794667	0.2231381783973335	0.0018118216026664414	diagnostic_kmer_10_90_spread_not_sampling_CI
6301	condition_007	20	error_free	0	0	0	0.02	171	0.5	0.52046783625731	factorial	20.0008005	20.0008005	14475	200008005	f022	20	14.6994	-0.26503	0.26503	12.5495	16.7993	False	0.21248999999999993	20.981616351156422	0.0490808175578211	-0.31411081755782105	diagnostic_kmer_10_90_spread_not_sampling_CI
6301	condition_007	20	error_free	0	0	0	0.0	171	0.7	0.672514619883041	factorial	20.0008005	20.0008005	14475	200008005	f023	20	21.5991	0.079955	0.079955	20.5492	21.6991	False	0.057495000000000115	21.633344651696106	0.08166723258480531	-0.0017122325848053066	diagnostic_kmer_10_90_spread_not_sampling_CI
6301	condition_007	20	error_free	0	0	0	0.02	171	0.7	0.672514619883041	factorial	20.0008005	20.0008005	14475	200008005	f024	20	9.7996	-0.51002	0.51002	8.2997	11.9495	False	0.18249000000000004	14.95378743957001	-0.25231062802149945	-0.2577093719785005	diagnostic_kmer_10_90_spread_not_sampling_CI
6301	condition_007	20	error_free	0	0	0	0.0	171	0.3	0.26900584795321636	factorial	20.0008005	20.0008005	14475	200008005	f025	80	105.2958	0.3161975	0.3161975	104.2958	105.4458	False	0.014375000000000072	105.46624654973915	0.31832808187173944	-0.002130581871739423	diagnostic_kmer_10_90_spread_not_sampling_CI
6301	condition_007	20	error_free	0	0	0	0.02	171	0.3	0.3216374269005848	factorial	20.0008005	20.0008005	14475	200008005	f026	80	57.9477	-0.27565375000000003	0.27565375000000003	53.4479	62.3475	False	0.111245	84.6498282648927	0.05812285331115881	-0.3337766033111588	diagnostic_kmer_10_90_spread_not_sampling_CI
6301	condition_007	20	error_free	0	0	0	0.0	171	0.5	0.4327485380116959	factorial	20.0008005	20.0008005	14475	200008005	f027	80	70.6472	-0.11691000000000003	0.11691000000000003	69.4972	70.7972	False	0.016249999999999966	70.7462911867128	-0.11567136016609006	-0.0012386398339099714	diagnostic_kmer_10_90_spread_not_sampling_CI
6301	condition_007	20	error_free	0	0	0	0.02	171	0.5	0.5029239766081871	factorial	20.0008005	20.0008005	14475	200008005	f028	80	35.1486	-0.5606424999999999	0.5606424999999999	31.1988	39.5484	False	0.10437000000000003	51.431274796559606	-0.35710906504300494	-0.20353343495699505	diagnostic_kmer_10_90_spread_not_sampling_CI
6301	condition_007	20	error_free	0	0	0	0.0	171	0.7	0.695906432748538	factorial	20.0008005	20.0008005	14475	200008005	f029	80	87.0465	0.08808124999999993	0.08808124999999993	85.8966	87.1965	False	0.016248749999999923	87.20528153843098	0.09006601923038726	-0.001984769230387329	diagnostic_kmer_10_90_spread_not_sampling_CI
6301	condition_007	20	error_free	0	0	0	0.02	171	0.7	0.7777777777777778	factorial	20.0008005	20.0008005	14475	200008005	f030	80	55.7478	-0.30315250000000005	0.30315250000000005	47.5981	62.1975	False	0.18249249999999995	83.07328317897526	0.038416039737190745	-0.34156853973719076	diagnostic_kmer_10_90_spread_not_sampling_CI
6301	condition_007	20	error_free	0	0	0	0.0	171	0.3	0.30409356725146197	factorial	20.0008005	20.0008005	14475	200008005	f031	200	205.3918	0.026958999999999945	0.026958999999999945	204.7418	205.5918	False	0.004249999999999972	205.73357837902245	0.028667891895112235	-0.0017088918951122878	diagnostic_kmer_10_90_spread_not_sampling_CI
6301	condition_007	20	error_free	0	0	0	0.02	171	0.3	0.3567251461988304	factorial	20.0008005	20.0008005	14475	200008005	f032	200	170.7932	-0.14603399999999994	0.14603399999999994	155.4438	185.4926	False	0.150244	265.41101435105116	0.32705507175525583	-0.4730890717552558	diagnostic_kmer_10_90_spread_not_sampling_CI
6301	condition_007	20	error_free	0	0	0	0.0	171	0.5	0.5614035087719298	factorial	20.0008005	20.0008005	14475	200008005	f033	200	204.1918	0.020959000000000002	0.020959000000000002	203.0919	204.4918	False	0.006999500000000012	204.4488344792596	0.02224417239629801	-0.0012851723962980087	diagnostic_kmer_10_90_spread_not_sampling_CI
6301	condition_007	20	error_free	0	0	0	0.02	171	0.5	0.47953216374269003	factorial	20.0008005	20.0008005	14475	200008005	f034	200	127.5949	-0.3620255	0.3620255	119.1452	135.3946	False	0.08124699999999997	194.6398703579024	-0.02680064821048802	-0.335224851789512	diagnostic_kmer_10_90_spread_not_sampling_CI
6301	condition_007	20	error_free	0	0	0	0.0	171	0.7	0.7134502923976608	factorial	20.0008005	20.0008005	14475	200008005	f035	200	204.3918	0.021958999999999947	0.021958999999999947	203.5419	204.7918	False	0.006249499999999983	204.73391078837858	0.0236695539418929	-0.001710553941892954	diagnostic_kmer_10_90_spread_not_sampling_CI
6301	condition_007	20	error_free	0	0	0	0.02	171	0.7	0.7309941520467836	factorial	20.0008005	20.0008005	14475	200008005	f036	200	136.8945	-0.3155275	0.3155275	129.9948	147.0941	False	0.0854965	211.54065589226548	0.05770327946132738	-0.37323077946132743	diagnostic_kmer_10_90_spread_not_sampling_CI
6301	condition_007	20	error_free	0	0	0	0.0	421	0.3	0.2755344418052256	factorial	20.0008005	20.0008005	14475	200008005	f037	20	24.149	0.20745000000000005	0.20745000000000005	24.049	24.199	False	0.007500000000000106	24.154615159271717	0.20773075796358587	-0.00028075796358582037	diagnostic_kmer_10_90_spread_not_sampling_CI
6301	condition_007	20	error_free	0	0	0	0.02	421	0.3	0.30641330166270786	factorial	20.0008005	20.0008005	14475	200008005	f038	20	20.0992	0.004959999999999987	0.004959999999999987	16.8993	23.799	True	0.344985	28.447673733402763	0.42238368667013815	-0.4174236866701381	diagnostic_kmer_10_90_spread_not_sampling_CI
6301	condition_007	20	error_free	0	0	0	0.0	421	0.5	0.47743467933491684	factorial	20.0008005	20.0008005	14475	200008005	f039	20	14.8994	-0.25503	0.25503	14.7994	14.9494	False	0.007500000000000018	14.914011142713512	-0.2542994428643244	-0.0007305571356756247	diagnostic_kmer_10_90_spread_not_sampling_CI
6301	condition_007	20	error_free	0	0	0	0.02	421	0.5	0.4916864608076009	factorial	20.0008005	20.0008005	14475	200008005	f040	20	6.7497	-0.662515	0.662515	5.2498	7.7497	False	0.12499500000000001	9.871101346223249	-0.5064449326888376	-0.15607006731116244	diagnostic_kmer_10_90_spread_not_sampling_CI
6301	condition_007	20	error_free	0	0	0	0.0	421	0.7	0.6864608076009501	factorial	20.0008005	20.0008005	14475	200008005	f041	20	17.4993	-0.12503499999999992	0.12503499999999992	17.2493	17.5993	False	0.017499999999999894	17.51592600344651	-0.12420369982767454	-0.0008313001723253777	diagnostic_kmer_10_90_spread_not_sampling_CI
6301	condition_007	20	error_free	0	0	0	0.02	421	0.7	0.7339667458432304	factorial	20.0008005	20.0008005	14475	200008005	f042	20	15.3994	-0.23003	0.23003	11.8995	18.0493	False	0.30748999999999993	23.87683530353871	0.19384176517693544	-0.4238717651769354	diagnostic_kmer_10_90_spread_not_sampling_CI
6301	condition_007	20	error_free	0	0	0	0.0	421	0.3	0.30403800475059384	factorial	20.0008005	20.0008005	14475	200008005	f043	80	73.6471	-0.07941125000000007	0.07941125000000007	73.2971	73.847	False	0.006873749999999923	73.74977975651417	-0.07812775304357285	-0.0012834969564272213	diagnostic_kmer_10_90_spread_not_sampling_CI
6301	condition_007	20	error_free	0	0	0	0.02	421	0.3	0.2850356294536817	factorial	20.0008005	20.0008005	14475	200008005	f044	80	46.1482	-0.42314749999999995	0.42314749999999995	41.6483	52.0979	False	0.13062000000000004	70.22141741627146	-0.1222322822966067	-0.30091521770339325	diagnostic_kmer_10_90_spread_not_sampling_CI
6301	condition_007	20	error_free	0	0	0	0.0	421	0.5	0.5106888361045131	factorial	20.0008005	20.0008005	14475	200008005	f045	80	94.0962	0.17620249999999996	0.17620249999999996	93.8962	94.3462	False	0.005625000000000035	94.23316418458688	0.17791455230733605	-0.001712052307336087	diagnostic_kmer_10_90_spread_not_sampling_CI
6301	condition_007	20	error_free	0	0	0	0.02	421	0.5	0.47743467933491684	factorial	20.0008005	20.0008005	14475	200008005	f046	80	55.3978	-0.30752750000000006	0.30752750000000006	49.998	62.3975	False	0.15499375000000004	84.15637035861606	0.05195462948270073	-0.35948212948270075	diagnostic_kmer_10_90_spread_not_sampling_CI
6301	condition_007	20	error_free	0	0	0	0.0	421	0.7	0.6935866983372921	factorial	20.0008005	20.0008005	14475	200008005	f047	80	79.0968	-0.011289999999999977	0.011289999999999977	78.7468	79.3968	False	0.008125000000000071	79.21559424144618	-0.009805071981922708	-0.0014849280180772694	diagnostic_kmer_10_90_spread_not_sampling_CI
6301	condition_007	20	error_free	0	0	0	0.02	421	0.7	0.672209026128266	factorial	20.0008005	20.0008005	14475	200008005	f048	80	61.3475	-0.23315625000000004	0.23315625000000004	55.8978	68.0473	False	0.15186875000000014	93.7716624661694	0.17214578082711754	-0.4053020308271176	diagnostic_kmer_10_90_spread_not_sampling_CI
6301	condition_007	20	error_free	0	0	0	0.0	421	0.3	0.3254156769596199	factorial	20.0008005	20.0008005	14475	200008005	f049	200	215.0914	0.07545699999999997	0.07545699999999997	214.7914	215.7914	False	0.005	215.61951709723675	0.07809758548618376	-0.002640585486183795	diagnostic_kmer_10_90_spread_not_sampling_CI
6301	condition_007	20	error_free	0	0	0	0.02	421	0.3	0.29453681710213775	factorial	20.0008005	20.0008005	14475	200008005	f050	200	138.7944	-0.306028	0.306028	131.2447	147.1941	False	0.07974699999999998	211.78807900161542	0.05894039500807707	-0.3649683950080771	diagnostic_kmer_10_90_spread_not_sampling_CI
6301	condition_007	20	error_free	0	0	0	0.0	421	0.5	0.48693586698337293	factorial	20.0008005	20.0008005	14475	200008005	f051	200	187.9425	-0.06028750000000002	0.06028750000000002	187.7425	188.1925	False	0.002249999999999943	188.25529168527572	-0.05872354157362139	-0.0015639584263786332	diagnostic_kmer_10_90_spread_not_sampling_CI
6301	condition_007	20	error_free	0	0	0	0.02	421	0.5	0.5106888361045131	factorial	20.0008005	20.0008005	14475	200008005	f052	200	137.3445	-0.31327749999999993	0.31327749999999993	126.5949	149.694	False	0.11549549999999996	208.77513546166395	0.043875677308319753	-0.3571531773083197	diagnostic_kmer_10_90_spread_not_sampling_CI
6301	condition_007	20	error_free	0	0	0	0.0	421	0.7	0.7078384798099763	factorial	20.0008005	20.0008005	14475	200008005	f053	200	236.3905	0.18195250000000002	0.18195250000000002	235.7406	236.7905	False	0.005249500000000041	236.73126117331427	0.18365630586657133	-0.0017038058665713152	diagnostic_kmer_10_90_spread_not_sampling_CI
6301	condition_007	20	error_free	0	0	0	0.02	421	0.7	0.6793349168646081	factorial	20.0008005	20.0008005	14475	200008005	f054	200	143.8942	-0.2805289999999999	0.2805289999999999	135.7446	150.344	False	0.07299700000000002	219.74524270141148	0.09872621350705742	-0.3792552135070574	diagnostic_kmer_10_90_spread_not_sampling_CI
6301	condition_007	20	error_free	0	0	0	0.01	171	0.5	0.5906432748538012	megabase	20.0008005	20.0008005	14475	200008005	megabase_171	6000	4712.7614	-0.2145397666666666	0.2145397666666666	4683.8125	4750.9598	False	0.011191216666666606	5854.275331752653	-0.024287444707891154	-0.19025232195877545	diagnostic_kmer_10_90_spread_not_sampling_CI
6301	condition_008	20	iid_low_indel	0.001	0.001	0.001	0.0	61	0.3	0.2786885245901639	factorial	20.0008005	20.0007665	14475	200007665	f001	20	17.6493	-0.11753499999999999	0.11753499999999999	16.8494	18.1493	False	0.06499500000000005	18.999239555436795	-0.05003802222816027	-0.06749697777183972	diagnostic_kmer_10_90_spread_not_sampling_CI
6301	condition_008	20	iid_low_indel	0.001	0.001	0.001	0.02	61	0.3	0.29508196721311475	factorial	20.0008005	20.0007665	14475	200007665	f002	20	15.9494	-0.20252999999999996	0.20252999999999996	13.4495	17.3493	False	0.19498999999999994	26.02272893207777	0.30113644660388844	-0.5036664466038884	diagnostic_kmer_10_90_spread_not_sampling_CI
6301	condition_008	20	iid_low_indel	0.001	0.001	0.001	0.0	61	0.5	0.5409836065573771	factorial	20.0008005	20.0007665	14475	200007665	f003	20	21.9492	0.09746000000000006	0.09746000000000006	20.6492	22.1991	False	0.07749500000000005	23.362999322181636	0.1681499661090818	-0.07068996610908176	diagnostic_kmer_10_90_spread_not_sampling_CI
6301	condition_008	20	iid_low_indel	0.001	0.001	0.001	0.02	61	0.5	0.4918032786885246	factorial	20.0008005	20.0007665	14475	200007665	f004	20	9.5496	-0.52252	0.52252	6.8497	9.7996	False	0.147495	14.595317461762855	-0.2702341269118572	-0.25228587308814276	diagnostic_kmer_10_90_spread_not_sampling_CI
6301	condition_008	20	iid_low_indel	0.001	0.001	0.001	0.0	61	0.7	0.7540983606557377	factorial	20.0008005	20.0007665	14475	200007665	f005	20	19.4493	-0.027534999999999955	0.027534999999999955	18.2493	19.8992	False	0.08249499999999994	20.9327687233089	0.04663843616544501	-0.07417343616544496	diagnostic_kmer_10_90_spread_not_sampling_CI
6301	condition_008	20	iid_low_indel	0.001	0.001	0.001	0.02	61	0.7	0.6721311475409836	factorial	20.0008005	20.0007665	14475	200007665	f006	20	12.2495	-0.387525	0.387525	10.8996	13.2995	False	0.11999500000000003	20.22296106778654	0.01114805338932694	-0.39867305338932696	diagnostic_kmer_10_90_spread_not_sampling_CI
6301	condition_008	20	iid_low_indel	0.001	0.001	0.001	0.0	61	0.3	0.2786885245901639	factorial	20.0008005	20.0007665	14475	200007665	f007	80	92.5465	0.15683124999999992	0.15683124999999992	91.3965	93.6964	False	0.028748749999999924	99.23947056314152	0.24049338203926904	-0.08366213203926912	diagnostic_kmer_10_90_spread_not_sampling_CI
6301	condition_008	20	iid_low_indel	0.001	0.001	0.001	0.02	61	0.3	0.32786885245901637	factorial	20.0008005	20.0007665	14475	200007665	f008	80	44.2983	-0.44627125	0.44627125	40.5984	49.5981	False	0.11249625000000005	77.30510258458054	-0.03368621769274327	-0.41258503230725674	diagnostic_kmer_10_90_spread_not_sampling_CI
6301	condition_008	20	iid_low_indel	0.001	0.001	0.001	0.0	61	0.5	0.36065573770491804	factorial	20.0008005	20.0007665	14475	200007665	f009	80	78.997	-0.012537500000000002	0.012537500000000002	77.947	79.247	False	0.016249999999999966	84.31137953539475	0.053892244192434366	-0.06642974419243437	diagnostic_kmer_10_90_spread_not_sampling_CI
6301	condition_008	20	iid_low_indel	0.001	0.001	0.001	0.02	61	0.5	0.5901639344262295	factorial	20.0008005	20.0007665	14475	200007665	f010	80	34.4987	-0.56876625	0.56876625	31.1488	38.4485	False	0.09124625000000001	57.87637202279995	-0.27654534971500067	-0.29222090028499936	diagnostic_kmer_10_90_spread_not_sampling_CI
6301	condition_008	20	iid_low_indel	0.001	0.001	0.001	0.0	61	0.7	0.7213114754098361	factorial	20.0008005	20.0007665	14475	200007665	f011	80	49.4481	-0.38189875000000006	0.38189875000000006	48.6981	50.0481	False	0.01687500000000002	52.33315126725987	-0.3458356091592516	-0.036063140840748444	diagnostic_kmer_10_90_spread_not_sampling_CI
6301	condition_008	20	iid_low_indel	0.001	0.001	0.001	0.02	61	0.7	0.6885245901639344	factorial	20.0008005	20.0007665	14475	200007665	f012	80	47.8482	-0.4018975	0.4018975	43.2983	50.5981	False	0.09124750000000006	80.01892838993217	0.00023660487415213538	-0.40213410487415213	diagnostic_kmer_10_90_spread_not_sampling_CI
6301	condition_008	20	iid_low_indel	0.001	0.001	0.001	0.0	61	0.3	0.3770491803278688	factorial	20.0008005	20.0007665	14475	200007665	f013	200	142.6945	-0.2865275	0.2865275	141.6946	143.2445	False	0.007749499999999898	152.3160346982522	-0.23841982650873902	-0.04810767349126095	diagnostic_kmer_10_90_spread_not_sampling_CI
6301	condition_008	20	iid_low_indel	0.001	0.001	0.001	0.02	61	0.3	0.22950819672131148	factorial	20.0008005	20.0007665	14475	200007665	f014	200	106.4459	-0.46777050000000003	0.46777050000000003	101.4461	117.1955	False	0.07874699999999997	174.25777943073894	-0.12871110284630533	-0.3390593971536947	diagnostic_kmer_10_90_spread_not_sampling_CI
6301	condition_008	20	iid_low_indel	0.001	0.001	0.001	0.0	61	0.5	0.5081967213114754	factorial	20.0008005	20.0007665	14475	200007665	f015	200	201.5923	0.007961499999999972	0.007961499999999972	199.9923	202.5422	True	0.01274950000000004	215.32334889607517	0.07661674448037586	-0.0686552444803759	diagnostic_kmer_10_90_spread_not_sampling_CI
6301	condition_008	20	iid_low_indel	0.001	0.001	0.001	0.02	61	0.5	0.6229508196721312	factorial	20.0008005	20.0007665	14475	200007665	f016	200	104.046	-0.47977	0.47977	99.9462	106.9459	False	0.03499849999999995	173.22421424180857	-0.13387892879095717	-0.34589107120904283	diagnostic_kmer_10_90_spread_not_sampling_CI
6301	condition_008	20	iid_low_indel	0.001	0.001	0.001	0.0	61	0.7	0.7704918032786885	factorial	20.0008005	20.0007665	14475	200007665	f017	200	209.142	0.04570999999999998	0.04570999999999998	208.542	209.842	False	0.006500000000000057	222.1607801459222	0.11080390072961094	-0.06509390072961097	diagnostic_kmer_10_90_spread_not_sampling_CI
6301	condition_008	20	iid_low_indel	0.001	0.001	0.001	0.02	61	0.7	0.639344262295082	factorial	20.0008005	20.0007665	14475	200007665	f018	200	96.0463	-0.5197685	0.5197685	93.3964	100.3962	False	0.03499899999999997	149.53991630419418	-0.2523004184790291	-0.2674680815209709	diagnostic_kmer_10_90_spread_not_sampling_CI
6301	condition_008	20	iid_low_indel	0.001	0.001	0.001	0.0	171	0.3	0.2807017543859649	factorial	20.0008005	20.0007665	14475	200007665	f019	20	17.6493	-0.11753499999999999	0.11753499999999999	16.8494	17.8493	False	0.04999500000000001	18.882577558166567	-0.055871122091671666	-0.06166387790832832	diagnostic_kmer_10_90_spread_not_sampling_CI
6301	condition_008	20	iid_low_indel	0.001	0.001	0.001	0.02	171	0.3	0.22807017543859648	factorial	20.0008005	20.0007665	14475	200007665	f020	20	11.4996	-0.42502000000000006	0.42502000000000006	8.6497	14.0995	False	0.27249000000000007	20.74010554978999	0.037005277489499555	-0.4620252774894996	diagnostic_kmer_10_90_spread_not_sampling_CI
6301	condition_008	20	iid_low_indel	0.001	0.001	0.001	0.0	171	0.5	0.5146198830409356	factorial	20.0008005	20.0007665	14475	200007665	f021	20	22.8991	0.14495500000000003	0.14495500000000003	21.5992	23.2991	False	0.08499499999999997	24.46276356794667	0.2231381783973335	-0.07818317839733346	diagnostic_kmer_10_90_spread_not_sampling_CI
6301	condition_008	20	iid_low_indel	0.001	0.001	0.001	0.02	171	0.5	0.52046783625731	factorial	20.0008005	20.0007665	14475	200007665	f022	20	13.8495	-0.30752499999999994	0.30752499999999994	11.9495	16.0494	False	0.2049949999999999	20.981616351156422	0.0490808175578211	-0.35660581755782106	diagnostic_kmer_10_90_spread_not_sampling_CI
6301	condition_008	20	iid_low_indel	0.001	0.001	0.001	0.0	171	0.7	0.672514619883041	factorial	20.0008005	20.0007665	14475	200007665	f023	20	20.3492	0.017459999999999986	0.017459999999999986	19.7492	20.6492	True	0.04500000000000011	21.633344651696106	0.08166723258480531	-0.06420723258480532	diagnostic_kmer_10_90_spread_not_sampling_CI
6301	condition_008	20	iid_low_indel	0.001	0.001	0.001	0.02	171	0.7	0.672514619883041	factorial	20.0008005	20.0007665	14475	200007665	f024	20	9.4496	-0.52752	0.52752	8.0997	11.0996	False	0.14999500000000002	14.95378743957001	-0.25231062802149945	-0.27520937197850054	diagnostic_kmer_10_90_spread_not_sampling_CI
6301	condition_008	20	iid_low_indel	0.001	0.001	0.001	0.0	171	0.3	0.26900584795321636	factorial	20.0008005	20.0007665	14475	200007665	f025	80	99.0962	0.23870249999999996	0.23870249999999996	98.3462	99.8462	False	0.01875	105.46624654973915	0.31832808187173944	-0.07962558187173947	diagnostic_kmer_10_90_spread_not_sampling_CI
6301	condition_008	20	iid_low_indel	0.001	0.001	0.001	0.02	171	0.3	0.3216374269005848	factorial	20.0008005	20.0007665	14475	200007665	f026	80	54.3479	-0.32065124999999994	0.32065124999999994	50.3981	58.6478	False	0.10312124999999997	84.6498282648927	0.05812285331115881	-0.3787741033111588	diagnostic_kmer_10_90_spread_not_sampling_CI
6301	condition_008	20	iid_low_indel	0.001	0.001	0.001	0.0	171	0.5	0.4327485380116959	factorial	20.0008005	20.0007665	14475	200007665	f027	80	66.2475	-0.17190624999999998	0.17190624999999998	65.6475	66.8974	False	0.015623750000000136	70.7462911867128	-0.11567136016609006	-0.056234889833909917	diagnostic_kmer_10_90_spread_not_sampling_CI
6301	condition_008	20	iid_low_indel	0.001	0.001	0.001	0.02	171	0.5	0.5029239766081871	factorial	20.0008005	20.0007665	14475	200007665	f028	80	33.2487	-0.58439125	0.58439125	29.4489	36.5486	False	0.08874625000000003	51.431274796559606	-0.35710906504300494	-0.2272821849569951	diagnostic_kmer_10_90_spread_not_sampling_CI
6301	condition_008	20	iid_low_indel	0.001	0.001	0.001	0.0	171	0.7	0.695906432748538	factorial	20.0008005	20.0007665	14475	200007665	f029	80	81.6969	0.021211249999999994	0.021211249999999994	80.4469	82.6968	False	0.028123749999999958	87.20528153843098	0.09006601923038726	-0.06885476923038727	diagnostic_kmer_10_90_spread_not_sampling_CI
6301	condition_008	20	iid_low_indel	0.001	0.001	0.001	0.02	171	0.7	0.7777777777777778	factorial	20.0008005	20.0007665	14475	200007665	f030	80	52.498	-0.34377500000000005	0.34377500000000005	44.8983	57.8978	False	0.16249374999999996	83.07328317897526	0.038416039737190745	-0.38219103973719076	diagnostic_kmer_10_90_spread_not_sampling_CI
6301	condition_008	20	iid_low_indel	0.001	0.001	0.001	0.0	171	0.3	0.30409356725146197	factorial	20.0008005	20.0007665	14475	200007665	f031	200	193.3926	-0.033037000000000066	0.033037000000000066	192.8426	194.5925	False	0.008749499999999983	205.73357837902245	0.028667891895112235	-0.061704891895112295	diagnostic_kmer_10_90_spread_not_sampling_CI
6301	condition_008	20	iid_low_indel	0.001	0.001	0.001	0.02	171	0.3	0.3567251461988304	factorial	20.0008005	20.0007665	14475	200007665	f032	200	161.2938	-0.19353099999999998	0.19353099999999998	145.8944	174.5933	False	0.14349450000000005	265.41101435105116	0.32705507175525583	-0.5205860717552558	diagnostic_kmer_10_90_spread_not_sampling_CI
6301	condition_008	20	iid_low_indel	0.001	0.001	0.001	0.0	171	0.5	0.5614035087719298	factorial	20.0008005	20.0007665	14475	200007665	f033	200	192.3426	-0.03828699999999998	0.03828699999999998	191.3927	193.2926	False	0.009499500000000011	204.4488344792596	0.02224417239629801	-0.06053117239629799	diagnostic_kmer_10_90_spread_not_sampling_CI
6301	condition_008	20	iid_low_indel	0.001	0.001	0.001	0.02	171	0.5	0.47953216374269003	factorial	20.0008005	20.0007665	14475	200007665	f034	200	119.9954	-0.40002299999999996	0.40002299999999996	112.7957	127.1451	False	0.07174700000000002	194.6398703579024	-0.02680064821048802	-0.37322235178951196	diagnostic_kmer_10_90_spread_not_sampling_CI
6301	condition_008	20	iid_low_indel	0.001	0.001	0.001	0.0	171	0.7	0.7134502923976608	factorial	20.0008005	20.0007665	14475	200007665	f035	200	192.3426	-0.03828699999999998	0.03828699999999998	191.1427	193.0426	False	0.009499500000000011	204.73391078837858	0.0236695539418929	-0.06195655394189288	diagnostic_kmer_10_90_spread_not_sampling_CI
6301	condition_008	20	iid_low_indel	0.001	0.001	0.001	0.02	171	0.7	0.7309941520467836	factorial	20.0008005	20.0007665	14475	200007665	f036	200	129.0451	-0.35477450000000005	0.35477450000000005	121.9953	137.8947	False	0.079497	211.54065589226548	0.05770327946132738	-0.4124777794613274	diagnostic_kmer_10_90_spread_not_sampling_CI
6301	condition_008	20	iid_low_indel	0.001	0.001	0.001	0.0	421	0.3	0.2755344418052256	factorial	20.0008005	20.0007665	14475	200007665	f037	20	22.8991	0.14495500000000003	0.14495500000000003	22.5491	23.1991	False	0.032500000000000105	24.154615159271717	0.20773075796358587	-0.06277575796358584	diagnostic_kmer_10_90_spread_not_sampling_CI
6301	condition_008	20	iid_low_indel	0.001	0.001	0.001	0.02	421	0.3	0.30641330166270786	factorial	20.0008005	20.0007665	14475	200007665	f038	20	18.8993	-0.05503499999999999	0.05503499999999999	15.6994	22.3491	True	0.332485	28.447673733402763	0.42238368667013815	-0.4774186866701381	diagnostic_kmer_10_90_spread_not_sampling_CI
6301	condition_008	20	iid_low_indel	0.001	0.001	0.001	0.0	421	0.5	0.47743467933491684	factorial	20.0008005	20.0007665	14475	200007665	f039	20	14.0495	-0.297525	0.297525	13.6995	14.3495	False	0.032500000000000015	14.914011142713512	-0.2542994428643244	-0.04322555713567562	diagnostic_kmer_10_90_spread_not_sampling_CI
6301	condition_008	20	iid_low_indel	0.001	0.001	0.001	0.02	421	0.5	0.4916864608076009	factorial	20.0008005	20.0007665	14475	200007665	f040	20	6.2998	-0.6850099999999999	0.6850099999999999	4.8998	7.3497	False	0.12249500000000002	9.871101346223249	-0.5064449326888376	-0.17856506731116242	diagnostic_kmer_10_90_spread_not_sampling_CI
6301	condition_008	20	iid_low_indel	0.001	0.001	0.001	0.0	421	0.7	0.6864608076009501	factorial	20.0008005	20.0007665	14475	200007665	f041	20	16.4994	-0.17502999999999994	0.17502999999999994	16.0494	16.7494	False	0.03500000000000014	17.51592600344651	-0.12420369982767454	-0.05082630017232539	diagnostic_kmer_10_90_spread_not_sampling_CI
6301	condition_008	20	iid_low_indel	0.001	0.001	0.001	0.02	421	0.7	0.7339667458432304	factorial	20.0008005	20.0007665	14475	200007665	f042	20	14.3495	-0.28252499999999997	0.28252499999999997	11.1996	17.1993	False	0.29998500000000006	23.87683530353871	0.19384176517693544	-0.4763667651769354	diagnostic_kmer_10_90_spread_not_sampling_CI
6301	condition_008	20	iid_low_indel	0.001	0.001	0.001	0.0	421	0.3	0.30403800475059384	factorial	20.0008005	20.0007665	14475	200007665	f043	80	69.1973	-0.13503375	0.13503375	68.5974	69.7973	False	0.014998750000000172	73.74977975651417	-0.07812775304357285	-0.056905996956427174	diagnostic_kmer_10_90_spread_not_sampling_CI
6301	condition_008	20	iid_low_indel	0.001	0.001	0.001	0.02	421	0.3	0.2850356294536817	factorial	20.0008005	20.0007665	14475	200007665	f044	80	43.5983	-0.45502125	0.45502125	39.1985	49.0481	False	0.12311999999999994	70.22141741627146	-0.1222322822966067	-0.3327889677033933	diagnostic_kmer_10_90_spread_not_sampling_CI
6301	condition_008	20	iid_low_indel	0.001	0.001	0.001	0.0	421	0.5	0.5106888361045131	factorial	20.0008005	20.0007665	14475	200007665	f045	80	88.5466	0.10683249999999997	0.10683249999999997	87.9466	89.2466	False	0.016249999999999966	94.23316418458688	0.17791455230733605	-0.07108205230733607	diagnostic_kmer_10_90_spread_not_sampling_CI
6301	condition_008	20	iid_low_indel	0.001	0.001	0.001	0.02	421	0.5	0.47743467933491684	factorial	20.0008005	20.0007665	14475	200007665	f046	80	52.098	-0.348775	0.348775	46.9482	58.8477	False	0.14874375000000004	84.15637035861606	0.05195462948270073	-0.40072962948270074	diagnostic_kmer_10_90_spread_not_sampling_CI
6301	condition_008	20	iid_low_indel	0.001	0.001	0.001	0.0	421	0.7	0.6935866983372921	factorial	20.0008005	20.0007665	14475	200007665	f047	80	74.5971	-0.06753625000000003	0.06753625000000003	73.8972	75.4971	False	0.019998750000000065	79.21559424144618	-0.009805071981922708	-0.057731178018077325	diagnostic_kmer_10_90_spread_not_sampling_CI
6301	condition_008	20	iid_low_indel	0.001	0.001	0.001	0.02	421	0.7	0.672209026128266	factorial	20.0008005	20.0007665	14475	200007665	f048	80	57.7978	-0.2775275	0.2775275	52.298	63.5976	False	0.14124499999999998	93.7716624661694	0.17214578082711754	-0.4496732808271175	diagnostic_kmer_10_90_spread_not_sampling_CI
6301	condition_008	20	iid_low_indel	0.001	0.001	0.001	0.0	421	0.3	0.3254156769596199	factorial	20.0008005	20.0007665	14475	200007665	f049	200	202.6922	0.01346100000000007	0.01346100000000007	201.6423	203.8422	False	0.010999499999999926	215.61951709723675	0.07809758548618376	-0.06463658548618369	diagnostic_kmer_10_90_spread_not_sampling_CI
6301	condition_008	20	iid_low_indel	0.001	0.001	0.001	0.02	421	0.3	0.29453681710213775	factorial	20.0008005	20.0007665	14475	200007665	f050	200	130.795	-0.3460250000000001	0.3460250000000001	123.3453	138.2947	False	0.07474700000000006	211.78807900161542	0.05894039500807707	-0.40496539500807716	diagnostic_kmer_10_90_spread_not_sampling_CI
6301	condition_008	20	iid_low_indel	0.001	0.001	0.001	0.0	421	0.5	0.48693586698337293	factorial	20.0008005	20.0007665	14475	200007665	f051	200	176.7432	-0.116284	0.116284	175.9933	178.2932	False	0.011499500000000041	188.25529168527572	-0.05872354157362139	-0.0575604584263786	diagnostic_kmer_10_90_spread_not_sampling_CI
6301	condition_008	20	iid_low_indel	0.001	0.001	0.001	0.02	421	0.5	0.5106888361045131	factorial	20.0008005	20.0007665	14475	200007665	f052	200	129.245	-0.35377499999999995	0.35377499999999995	119.4454	141.3446	False	0.10949600000000004	208.77513546166395	0.043875677308319753	-0.3976506773083197	diagnostic_kmer_10_90_spread_not_sampling_CI
6301	condition_008	20	iid_low_indel	0.001	0.001	0.001	0.0	421	0.7	0.7078384798099763	factorial	20.0008005	20.0007665	14475	200007665	f053	200	222.1915	0.11095749999999996	0.11095749999999996	221.2915	223.3914	False	0.010499499999999955	236.73126117331427	0.18365630586657133	-0.07269880586657138	diagnostic_kmer_10_90_spread_not_sampling_CI
6301	condition_008	20	iid_low_indel	0.001	0.001	0.001	0.02	421	0.7	0.6793349168646081	factorial	20.0008005	20.0007665	14475	200007665	f054	200	135.4448	-0.32277600000000006	0.32277600000000006	127.9951	141.5446	False	0.06774750000000004	219.74524270141148	0.09872621350705742	-0.42150221350705747	diagnostic_kmer_10_90_spread_not_sampling_CI
6301	condition_008	20	iid_low_indel	0.001	0.001	0.001	0.01	171	0.5	0.5906432748538012	megabase	20.0008005	20.0007665	14475	200007665	megabase_171	6000	4433.1801	-0.2611366500000001	0.2611366500000001	4404.8812	4469.3787	False	0.0107495833333334	5854.275331752653	-0.024287444707891154	-0.23684920529210893	diagnostic_kmer_10_90_spread_not_sampling_CI
6301	condition_009	20	iid_high_indel	0.01	0.005	0.005	0.0	61	0.3	0.2786885245901639	factorial	20.0008005	20.0008428	14475	200008428	f001	20	12.7495	-0.36252500000000004	0.36252500000000004	12.2995	13.0495	False	0.0375	18.999239555436795	-0.05003802222816027	-0.31248697777183976	diagnostic_kmer_10_90_spread_not_sampling_CI
6301	condition_009	20	iid_high_indel	0.01	0.005	0.005	0.02	61	0.3	0.29508196721311475	factorial	20.0008005	20.0008428	14475	200008428	f002	20	11.3995	-0.430025	0.430025	8.5496	12.5495	False	0.199995	26.02272893207777	0.30113644660388844	-0.7311614466038885	diagnostic_kmer_10_90_spread_not_sampling_CI
6301	condition_009	20	iid_high_indel	0.01	0.005	0.005	0.0	61	0.5	0.5409836065573771	factorial	20.0008005	20.0008428	14475	200008428	f003	20	15.4993	-0.225035	0.225035	15.1494	16.0993	False	0.047494999999999975	23.362999322181636	0.1681499661090818	-0.3931849661090818	diagnostic_kmer_10_90_spread_not_sampling_CI
6301	condition_009	20	iid_high_indel	0.01	0.005	0.005	0.02	61	0.5	0.4918032786885246	factorial	20.0008005	20.0008428	14475	200008428	f004	20	6.6497	-0.6675150000000001	0.6675150000000001	5.3998	7.0497	False	0.08249499999999999	14.595317461762855	-0.2702341269118572	-0.39728087308814275	diagnostic_kmer_10_90_spread_not_sampling_CI
6301	condition_009	20	iid_high_indel	0.01	0.005	0.005	0.0	61	0.7	0.7540983606557377	factorial	20.0008005	20.0008428	14475	200008428	f005	20	13.8494	-0.30753	0.30753	13.0994	14.3494	False	0.0625	20.9327687233089	0.04663843616544501	-0.354168436165445	diagnostic_kmer_10_90_spread_not_sampling_CI
6301	condition_009	20	iid_high_indel	0.01	0.005	0.005	0.02	61	0.7	0.6721311475409836	factorial	20.0008005	20.0008428	14475	200008428	f006	20	8.2997	-0.5850150000000001	0.5850150000000001	7.1997	9.2496	False	0.10249499999999996	20.22296106778654	0.01114805338932694	-0.596163053389327	diagnostic_kmer_10_90_spread_not_sampling_CI
6301	condition_009	20	iid_high_indel	0.01	0.005	0.005	0.0	61	0.3	0.2786885245901639	factorial	20.0008005	20.0008428	14475	200008428	f007	80	66.2972	-0.17128499999999997	0.17128499999999997	65.2473	67.0972	False	0.023123750000000064	99.23947056314152	0.24049338203926904	-0.411778382039269	diagnostic_kmer_10_90_spread_not_sampling_CI
6301	condition_009	20	iid_high_indel	0.01	0.005	0.005	0.02	61	0.3	0.32786885245901637	factorial	20.0008005	20.0008428	14475	200008428	f008	80	31.6487	-0.6043912499999999	0.6043912499999999	28.4988	34.9985	False	0.08124625	77.30510258458054	-0.03368621769274327	-0.5707050323072567	diagnostic_kmer_10_90_spread_not_sampling_CI
6301	condition_009	20	iid_high_indel	0.01	0.005	0.005	0.0	61	0.5	0.36065573770491804	factorial	20.0008005	20.0008428	14475	200008428	f009	80	54.8977	-0.31377875	0.31377875	53.7477	56.5976	False	0.035623749999999975	84.31137953539475	0.053892244192434366	-0.3676709941924344	diagnostic_kmer_10_90_spread_not_sampling_CI
6301	condition_009	20	iid_high_indel	0.01	0.005	0.005	0.02	61	0.5	0.5901639344262295	factorial	20.0008005	20.0008428	14475	200008428	f010	80	23.849	-0.7018875	0.7018875	22.2991	27.1989	False	0.06124749999999999	57.87637202279995	-0.27654534971500067	-0.4253421502849994	diagnostic_kmer_10_90_spread_not_sampling_CI
6301	condition_009	20	iid_high_indel	0.01	0.005	0.005	0.0	61	0.7	0.7213114754098361	factorial	20.0008005	20.0008428	14475	200008428	f011	80	34.8485	-0.56439375	0.56439375	33.3486	36.3485	False	0.037498750000000046	52.33315126725987	-0.3458356091592516	-0.21855814084074837	diagnostic_kmer_10_90_spread_not_sampling_CI
6301	condition_009	20	iid_high_indel	0.01	0.005	0.005	0.02	61	0.7	0.6885245901639344	factorial	20.0008005	20.0008428	14475	200008428	f012	80	33.0986	-0.5862675	0.5862675	30.3987	35.5985	False	0.0649975	80.01892838993217	0.00023660487415213538	-0.5865041048741522	diagnostic_kmer_10_90_spread_not_sampling_CI
6301	condition_009	20	iid_high_indel	0.01	0.005	0.005	0.0	61	0.3	0.3770491803278688	factorial	20.0008005	20.0008428	14475	200008428	f013	200	100.6958	-0.496521	0.496521	97.7459	102.5457	False	0.02399899999999995	152.3160346982522	-0.23841982650873902	-0.25810117349126094	diagnostic_kmer_10_90_spread_not_sampling_CI
6301	condition_009	20	iid_high_indel	0.01	0.005	0.005	0.02	61	0.3	0.22950819672131148	factorial	20.0008005	20.0008428	14475	200008428	f014	200	75.1968	-0.624016	0.624016	71.347	82.5465	False	0.055997500000000006	174.25777943073894	-0.12871110284630533	-0.4953048971536947	diagnostic_kmer_10_90_spread_not_sampling_CI
6301	condition_009	20	iid_high_indel	0.01	0.005	0.005	0.0	61	0.5	0.5081967213114754	factorial	20.0008005	20.0008428	14475	200008428	f015	200	143.444	-0.28278000000000003	0.28278000000000003	142.544	144.5439	False	0.009999499999999984	215.32334889607517	0.07661674448037586	-0.35939674448037595	diagnostic_kmer_10_90_spread_not_sampling_CI
6301	condition_009	20	iid_high_indel	0.01	0.005	0.005	0.02	61	0.5	0.6229508196721312	factorial	20.0008005	20.0008428	14475	200008428	f016	200	73.5969	-0.6320155	0.6320155	69.5971	77.4467	False	0.03924800000000005	173.22421424180857	-0.13387892879095717	-0.4981365712090428	diagnostic_kmer_10_90_spread_not_sampling_CI
6301	condition_009	20	iid_high_indel	0.01	0.005	0.005	0.0	61	0.7	0.7704918032786885	factorial	20.0008005	20.0008428	14475	200008428	f017	200	148.1438	-0.259281	0.259281	146.4938	149.4437	False	0.014749500000000068	222.1607801459222	0.11080390072961094	-0.370084900729611	diagnostic_kmer_10_90_spread_not_sampling_CI
6301	condition_009	20	iid_high_indel	0.01	0.005	0.005	0.02	61	0.7	0.639344262295082	factorial	20.0008005	20.0008428	14475	200008428	f018	200	67.3472	-0.6632640000000001	0.6632640000000001	65.2972	69.9471	False	0.023249500000000013	149.53991630419418	-0.2523004184790291	-0.4109635815209709	diagnostic_kmer_10_90_spread_not_sampling_CI
6301	condition_009	20	iid_high_indel	0.01	0.005	0.005	0.0	171	0.3	0.2807017543859649	factorial	20.0008005	20.0008428	14475	200008428	f019	20	12.7495	-0.36252500000000004	0.36252500000000004	11.8495	13.4494	False	0.079995	18.882577558166567	-0.055871122091671666	-0.3066538779083284	diagnostic_kmer_10_90_spread_not_sampling_CI
6301	condition_009	20	iid_high_indel	0.01	0.005	0.005	0.02	171	0.3	0.22807017543859648	factorial	20.0008005	20.0008428	14475	200008428	f020	20	8.2997	-0.5850150000000001	0.5850150000000001	6.2497	9.9496	False	0.18499500000000002	20.74010554978999	0.037005277489499555	-0.6220202774894996	diagnostic_kmer_10_90_spread_not_sampling_CI
6301	condition_009	20	iid_high_indel	0.01	0.005	0.005	0.0	171	0.5	0.5146198830409356	factorial	20.0008005	20.0008428	14475	200008428	f021	20	15.8493	-0.20753500000000003	0.20753500000000003	15.0994	16.8493	False	0.08749500000000002	24.46276356794667	0.2231381783973335	-0.43067317839733354	diagnostic_kmer_10_90_spread_not_sampling_CI
6301	condition_009	20	iid_high_indel	0.01	0.005	0.005	0.02	171	0.5	0.52046783625731	factorial	20.0008005	20.0008428	14475	200008428	f022	20	9.6496	-0.51752	0.51752	7.9497	11.4495	False	0.17499000000000003	20.981616351156422	0.0490808175578211	-0.5666008175578211	diagnostic_kmer_10_90_spread_not_sampling_CI
6301	condition_009	20	iid_high_indel	0.01	0.005	0.005	0.0	171	0.7	0.672514619883041	factorial	20.0008005	20.0008428	14475	200008428	f023	20	14.3994	-0.28003	0.28003	13.3994	15.1494	False	0.0875	21.633344651696106	0.08166723258480531	-0.3616972325848053	diagnostic_kmer_10_90_spread_not_sampling_CI
6301	condition_009	20	iid_high_indel	0.01	0.005	0.005	0.02	171	0.7	0.672514619883041	factorial	20.0008005	20.0008428	14475	200008428	f024	20	6.5997	-0.670015	0.670015	5.8498	7.5997	False	0.08749500000000002	14.95378743957001	-0.25231062802149945	-0.4177043719785005	diagnostic_kmer_10_90_spread_not_sampling_CI
6301	condition_009	20	iid_high_indel	0.01	0.005	0.005	0.0	171	0.3	0.26900584795321636	factorial	20.0008005	20.0008428	14475	200008428	f025	80	69.6971	-0.12878624999999994	0.12878624999999994	68.3471	71.147	False	0.0349987500000001	105.46624654973915	0.31832808187173944	-0.4471143318717393	diagnostic_kmer_10_90_spread_not_sampling_CI
6301	condition_009	20	iid_high_indel	0.01	0.005	0.005	0.02	171	0.3	0.3216374269005848	factorial	20.0008005	20.0008428	14475	200008428	f026	80	38.2984	-0.52127	0.52127	35.2485	41.2483	False	0.07499750000000001	84.6498282648927	0.05812285331115881	-0.5793928533111588	diagnostic_kmer_10_90_spread_not_sampling_CI
6301	condition_009	20	iid_high_indel	0.01	0.005	0.005	0.0	171	0.5	0.4327485380116959	factorial	20.0008005	20.0008428	14475	200008428	f027	80	46.398	-0.420025	0.420025	45.3981	47.798	False	0.02999875000000003	70.7462911867128	-0.11567136016609006	-0.3043536398339099	diagnostic_kmer_10_90_spread_not_sampling_CI
6301	condition_009	20	iid_high_indel	0.01	0.005	0.005	0.02	171	0.5	0.5029239766081871	factorial	20.0008005	20.0008428	14475	200008428	f028	80	23.349	-0.7081375	0.7081375	20.8491	26.0989	False	0.0656225	51.431274796559606	-0.35710906504300494	-0.3510284349569951	diagnostic_kmer_10_90_spread_not_sampling_CI
6301	condition_009	20	iid_high_indel	0.01	0.005	0.005	0.0	171	0.7	0.695906432748538	factorial	20.0008005	20.0008428	14475	200008428	f029	80	58.3475	-0.27065625000000004	0.27065625000000004	56.8976	59.9975	False	0.03874875000000007	87.20528153843098	0.09006601923038726	-0.3607222692303873	diagnostic_kmer_10_90_spread_not_sampling_CI
6301	condition_009	20	iid_high_indel	0.01	0.005	0.005	0.02	171	0.7	0.7777777777777778	factorial	20.0008005	20.0008428	14475	200008428	f030	80	36.6485	-0.5418937500000001	0.5418937500000001	31.3487	41.1483	False	0.12249499999999998	83.07328317897526	0.038416039737190745	-0.5803097897371907	diagnostic_kmer_10_90_spread_not_sampling_CI
6301	condition_009	20	iid_high_indel	0.01	0.005	0.005	0.0	171	0.3	0.30409356725146197	factorial	20.0008005	20.0008428	14475	200008428	f031	200	136.8442	-0.315779	0.315779	134.9443	138.1942	False	0.016249499999999983	205.73357837902245	0.028667891895112235	-0.34444689189511224	diagnostic_kmer_10_90_spread_not_sampling_CI
6301	condition_009	20	iid_high_indel	0.01	0.005	0.005	0.02	171	0.3	0.3567251461988304	factorial	20.0008005	20.0008428	14475	200008428	f032	200	114.4452	-0.427774	0.427774	102.8457	123.1948	False	0.10174550000000003	265.41101435105116	0.32705507175525583	-0.7548290717552558	diagnostic_kmer_10_90_spread_not_sampling_CI
6301	condition_009	20	iid_high_indel	0.01	0.005	0.005	0.0	171	0.5	0.5614035087719298	factorial	20.0008005	20.0008428	14475	200008428	f033	200	136.0943	-0.3195285	0.3195285	133.9944	137.9942	False	0.019998999999999968	204.4488344792596	0.02224417239629801	-0.341772672396298	diagnostic_kmer_10_90_spread_not_sampling_CI
6301	condition_009	20	iid_high_indel	0.01	0.005	0.005	0.02	171	0.5	0.47953216374269003	factorial	20.0008005	20.0008428	14475	200008428	f034	200	84.7964	-0.5760179999999999	0.5760179999999999	79.7466	90.2962	False	0.05274799999999999	194.6398703579024	-0.02680064821048802	-0.5492173517895119	diagnostic_kmer_10_90_spread_not_sampling_CI
6301	condition_009	20	iid_high_indel	0.01	0.005	0.005	0.0	171	0.7	0.7134502923976608	factorial	20.0008005	20.0008428	14475	200008428	f035	200	135.5443	-0.3222785	0.3222785	132.9944	137.9442	False	0.02474899999999991	204.73391078837858	0.0236695539418929	-0.34594805394189293	diagnostic_kmer_10_90_spread_not_sampling_CI
6301	condition_009	20	iid_high_indel	0.01	0.005	0.005	0.02	171	0.7	0.7309941520467836	factorial	20.0008005	20.0008428	14475	200008428	f036	200	91.4961	-0.5425195	0.5425195	86.4464	98.6458	False	0.06099699999999999	211.54065589226548	0.05770327946132738	-0.6002227794613274	diagnostic_kmer_10_90_spread_not_sampling_CI
6301	condition_009	20	iid_high_indel	0.01	0.005	0.005	0.0	421	0.3	0.2755344418052256	factorial	20.0008005	20.0008428	14475	200008428	f037	20	16.1493	-0.19253499999999998	0.19253499999999998	15.1494	16.8993	False	0.08749500000000002	24.154615159271717	0.20773075796358587	-0.4002657579635859	diagnostic_kmer_10_90_spread_not_sampling_CI
6301	condition_009	20	iid_high_indel	0.01	0.005	0.005	0.02	421	0.3	0.30641330166270786	factorial	20.0008005	20.0008428	14475	200008428	f038	20	13.4994	-0.32503000000000004	0.32503000000000004	11.5495	15.7493	False	0.20998999999999998	28.447673733402763	0.42238368667013815	-0.7474136866701382	diagnostic_kmer_10_90_spread_not_sampling_CI
6301	condition_009	20	iid_high_indel	0.01	0.005	0.005	0.0	421	0.5	0.47743467933491684	factorial	20.0008005	20.0008428	14475	200008428	f039	20	9.7996	-0.51002	0.51002	9.1996	10.3996	False	0.05999999999999996	14.914011142713512	-0.2542994428643244	-0.25572055713567565	diagnostic_kmer_10_90_spread_not_sampling_CI
6301	condition_009	20	iid_high_indel	0.01	0.005	0.005	0.02	421	0.5	0.4916864608076009	factorial	20.0008005	20.0008428	14475	200008428	f040	20	4.4498	-0.77751	0.77751	3.5499	5.1998	False	0.08249499999999999	9.871101346223249	-0.5064449326888376	-0.2710650673111624	diagnostic_kmer_10_90_spread_not_sampling_CI
6301	condition_009	20	iid_high_indel	0.01	0.005	0.005	0.0	421	0.7	0.6864608076009501	factorial	20.0008005	20.0008428	14475	200008428	f041	20	11.5495	-0.422525	0.422525	10.9495	11.9995	False	0.05249999999999995	17.51592600344651	-0.12420369982767454	-0.29832130017232544	diagnostic_kmer_10_90_spread_not_sampling_CI
6301	condition_009	20	iid_high_indel	0.01	0.005	0.005	0.02	421	0.7	0.7339667458432304	factorial	20.0008005	20.0008428	14475	200008428	f042	20	10.2996	-0.48502	0.48502	7.9997	12.2995	False	0.21499000000000001	23.87683530353871	0.19384176517693544	-0.6788617651769354	diagnostic_kmer_10_90_spread_not_sampling_CI
6301	condition_009	20	iid_high_indel	0.01	0.005	0.005	0.0	421	0.3	0.30403800475059384	factorial	20.0008005	20.0008428	14475	200008428	f043	80	49.1979	-0.38502625	0.38502625	47.898	50.6479	False	0.03437374999999996	73.74977975651417	-0.07812775304357285	-0.3068984969564272	diagnostic_kmer_10_90_spread_not_sampling_CI
6301	condition_009	20	iid_high_indel	0.01	0.005	0.005	0.02	421	0.3	0.2850356294536817	factorial	20.0008005	20.0008428	14475	200008428	f044	80	30.9487	-0.61314125	0.61314125	27.6988	34.5985	False	0.08624625000000004	70.22141741627146	-0.1222322822966067	-0.49090896770339326	diagnostic_kmer_10_90_spread_not_sampling_CI
6301	condition_009	20	iid_high_indel	0.01	0.005	0.005	0.0	421	0.5	0.5106888361045131	factorial	20.0008005	20.0008428	14475	200008428	f045	80	62.5974	-0.2175325	0.2175325	60.9974	63.6973	False	0.033748749999999994	94.23316418458688	0.17791455230733605	-0.395447052307336	diagnostic_kmer_10_90_spread_not_sampling_CI
6301	condition_009	20	iid_high_indel	0.01	0.005	0.005	0.02	421	0.5	0.47743467933491684	factorial	20.0008005	20.0008428	14475	200008428	f046	80	36.5985	-0.5425187499999999	0.5425187499999999	33.2986	41.4983	False	0.10249625	84.15637035861606	0.05195462948270073	-0.5944733794827007	diagnostic_kmer_10_90_spread_not_sampling_CI
6301	condition_009	20	iid_high_indel	0.01	0.005	0.005	0.0	421	0.7	0.6935866983372921	factorial	20.0008005	20.0008428	14475	200008428	f047	80	52.2478	-0.3469025	0.3469025	50.9479	53.7977	False	0.03562250000000002	79.21559424144618	-0.009805071981922708	-0.3370974280180773	diagnostic_kmer_10_90_spread_not_sampling_CI
6301	condition_009	20	iid_high_indel	0.01	0.005	0.005	0.02	421	0.7	0.672209026128266	factorial	20.0008005	20.0008428	14475	200008428	f048	80	41.0983	-0.48627125	0.48627125	37.1984	44.9481	False	0.09687124999999996	93.7716624661694	0.17214578082711754	-0.6584170308271176	diagnostic_kmer_10_90_spread_not_sampling_CI
6301	condition_009	20	iid_high_indel	0.01	0.005	0.005	0.0	421	0.3	0.3254156769596199	factorial	20.0008005	20.0008428	14475	200008428	f049	200	143.344	-0.28328000000000003	0.28328000000000003	141.844	145.7939	False	0.01974950000000007	215.61951709723675	0.07809758548618376	-0.3613775854861838	diagnostic_kmer_10_90_spread_not_sampling_CI
6301	condition_009	20	iid_high_indel	0.01	0.005	0.005	0.02	421	0.3	0.29453681710213775	factorial	20.0008005	20.0008428	14475	200008428	f050	200	92.0461	-0.5397695	0.5397695	86.8963	98.5958	False	0.0584975	211.78807900161542	0.05894039500807707	-0.5987098950080771	diagnostic_kmer_10_90_spread_not_sampling_CI
6301	condition_009	20	iid_high_indel	0.01	0.005	0.005	0.0	421	0.5	0.48693586698337293	factorial	20.0008005	20.0008428	14475	200008428	f051	200	124.4948	-0.37752600000000003	0.37752600000000003	121.5449	126.6447	False	0.025499000000000008	188.25529168527572	-0.05872354157362139	-0.3188024584263786	diagnostic_kmer_10_90_spread_not_sampling_CI
6301	condition_009	20	iid_high_indel	0.01	0.005	0.005	0.02	421	0.5	0.5106888361045131	factorial	20.0008005	20.0008428	14475	200008428	f052	200	91.8961	-0.5405194999999999	0.5405194999999999	83.7965	99.1958	False	0.07699650000000005	208.77513546166395	0.043875677308319753	-0.5843951773083197	diagnostic_kmer_10_90_spread_not_sampling_CI
6301	condition_009	20	iid_high_indel	0.01	0.005	0.005	0.0	421	0.7	0.7078384798099763	factorial	20.0008005	20.0008428	14475	200008428	f053	200	157.1934	-0.21403300000000003	0.21403300000000003	154.5935	159.6433	False	0.025249000000000025	236.73126117331427	0.18365630586657133	-0.39768930586657136	diagnostic_kmer_10_90_spread_not_sampling_CI
6301	condition_009	20	iid_high_indel	0.01	0.005	0.005	0.02	421	0.7	0.6793349168646081	factorial	20.0008005	20.0008428	14475	200008428	f054	200	95.896	-0.52052	0.52052	90.2462	100.5458	False	0.05149799999999999	219.74524270141148	0.09872621350705742	-0.6192462135070574	diagnostic_kmer_10_90_spread_not_sampling_CI
6301	condition_009	20	iid_high_indel	0.01	0.005	0.005	0.01	171	0.5	0.5906432748538012	megabase	20.0008005	20.0008428	14475	200008428	megabase_171	6000	3132.618	-0.477897	0.477897	3106.5691	3173.6163	False	0.01117453333333333	5854.275331752653	-0.024287444707891154	-0.45360955529210883	diagnostic_kmer_10_90_spread_not_sampling_CI
6302	condition_001	1	error_free	0	0	0	0.0	61	0.3	0.22950819672131148	factorial	1.0007432	1.0007432	731	10007432	f001	20	39.9703	0.998515	0.998515	37.9718	39.9703	False	0.099925	39.97029407744164	0.9985147038720822	2.961279179203302e-07	diagnostic_kmer_10_90_spread_not_sampling_CI
6302	condition_001	1	error_free	0	0	0	0.02	61	0.3	0.22950819672131148	factorial	1.0007432	1.0007432	731	10007432	f002	20	0.0	-1.0	1.0	0.0	0.0	False	0.0	0.0	-1.0	0.0	diagnostic_kmer_10_90_spread_not_sampling_CI
6302	condition_001	1	error_free	0	0	0	0.0	61	0.5	0.47540983606557374	factorial	1.0007432	1.0007432	731	10007432	f003	20	19.9851	-0.0007450000000000401	0.0007450000000000401	18.9859	19.9851	False	0.049959999999999914	19.886859430333672	-0.005657028483316395	0.004912028483316355	diagnostic_kmer_10_90_spread_not_sampling_CI
6302	condition_001	1	error_free	0	0	0	0.02	61	0.5	0.5245901639344263	factorial	1.0007432	1.0007432	731	10007432	f004	20	22.9829	0.14914500000000003	0.14914500000000003	21.9837	24.9814	False	0.1498850000000001	39.02018052969918	0.9510090264849591	-0.801864026484959	diagnostic_kmer_10_90_spread_not_sampling_CI
6302	condition_001	1	error_free	0	0	0	0.0	61	0.7	0.7213114754098361	factorial	1.0007432	1.0007432	731	10007432	f005	20	0.0	-1.0	1.0	0.0	0.0	False	0.0	0.0	-1.0	0.0	diagnostic_kmer_10_90_spread_not_sampling_CI
6302	condition_001	1	error_free	0	0	0	0.02	61	0.7	0.6065573770491803	factorial	1.0007432	1.0007432	731	10007432	f006	20	13.9896	-0.30052	0.30052	11.9911	15.9881	False	0.19985	19.98514703872082	-0.0007426480639589172	-0.2997773519360411	diagnostic_kmer_10_90_spread_not_sampling_CI
6302	condition_001	1	error_free	0	0	0	0.0	61	0.3	0.3114754098360656	factorial	1.0007432	1.0007432	731	10007432	f007	80	57.9569	-0.27553875000000005	0.27553875000000005	56.9577	57.9569	False	0.012489999999999935	58.104357824871116	-0.27369552718911105	-0.0018432228108889782	diagnostic_kmer_10_90_spread_not_sampling_CI
6302	condition_001	1	error_free	0	0	0	0.02	61	0.3	0.32786885245901637	factorial	1.0007432	1.0007432	731	10007432	f008	80	39.9703	-0.5003712499999999	0.5003712499999999	36.9725	42.9681	False	0.07494500000000004	63.62484516261612	-0.2046894354672985	-0.2956818145327015	diagnostic_kmer_10_90_spread_not_sampling_CI
6302	condition_001	1	error_free	0	0	0	0.0	61	0.5	0.5901639344262295	factorial	1.0007432	1.0007432	731	10007432	f009	80	265.8025	2.32253125	2.32253125	263.8039	266.8017	False	0.0374724999999998	267.2767697407942	2.3409596217599273	-0.01842837175992713	diagnostic_kmer_10_90_spread_not_sampling_CI
6302	condition_001	1	error_free	0	0	0	0.02	61	0.5	0.5409836065573771	factorial	1.0007432	1.0007432	731	10007432	f010	80	32.9755	-0.5878062500000001	0.5878062500000001	28.9785	39.9703	False	0.1373975	48.750653760027184	-0.3906168279996602	-0.19718942200033984	diagnostic_kmer_10_90_spread_not_sampling_CI
6302	condition_001	1	error_free	0	0	0	0.0	61	0.7	0.6065573770491803	factorial	1.0007432	1.0007432	731	10007432	f011	80	117.9124	0.4739050000000001	0.4739050000000001	116.9131	118.9116	False	0.024981250000000087	118.61676205522743	0.4827095256903428	-0.008804525690342757	diagnostic_kmer_10_90_spread_not_sampling_CI
6302	condition_001	1	error_free	0	0	0	0.02	61	0.7	0.6229508196721312	factorial	1.0007432	1.0007432	731	10007432	f012	80	81.9391	0.024238749999999955	0.024238749999999955	75.9436	89.9332	True	0.17486999999999994	121.07395226490621	0.5134244033113277	-0.4891856533113277	diagnostic_kmer_10_90_spread_not_sampling_CI
6302	condition_001	1	error_free	0	0	0	0.0	61	0.3	0.29508196721311475	factorial	1.0007432	1.0007432	731	10007432	f013	200	284.7883	0.42394149999999997	0.42394149999999997	284.7883	285.7876	False	0.004996500000000026	285.67293377725605	0.4283646688862802	-0.00442316888628028	diagnostic_kmer_10_90_spread_not_sampling_CI
6302	condition_001	1	error_free	0	0	0	0.02	61	0.3	0.29508196721311475	factorial	1.0007432	1.0007432	731	10007432	f014	200	27.9792	-0.8601040000000001	0.8601040000000001	23.9822	33.9747	False	0.0499625	46.96509554099393	-0.7651745222950304	-0.09492947770496965	diagnostic_kmer_10_90_spread_not_sampling_CI
6302	condition_001	1	error_free	0	0	0	0.0	61	0.5	0.4426229508196721	factorial	1.0007432	1.0007432	731	10007432	f015	200	18.9859	-0.9050704999999999	0.9050704999999999	18.9859	19.9851	False	0.004995999999999992	19.739428017752942	-0.9013028599112353	-0.003767640088764708	diagnostic_kmer_10_90_spread_not_sampling_CI
6302	condition_001	1	error_free	0	0	0	0.02	61	0.5	0.4918032786885246	factorial	1.0007432	1.0007432	731	10007432	f016	200	320.7616	0.6038079999999999	0.6038079999999999	300.7765	345.743	False	0.2248325	514.7649676596418	1.573824838298209	-0.9700168382982091	diagnostic_kmer_10_90_spread_not_sampling_CI
6302	condition_001	1	error_free	0	0	0	0.0	61	0.7	0.639344262295082	factorial	1.0007432	1.0007432	731	10007432	f017	200	58.9562	-0.705219	0.705219	57.9569	58.9562	False	0.004996500000000026	59.03809010454905	-0.7048095494772548	-0.00040945052274523165	diagnostic_kmer_10_90_spread_not_sampling_CI
6302	condition_001	1	error_free	0	0	0	0.02	61	0.7	0.7377049180327869	factorial	1.0007432	1.0007432	731	10007432	f018	200	71.9465	-0.6402674999999999	0.6402674999999999	61.954	77.9421	False	0.07994049999999998	108.70609487618965	-0.45646952561905174	-0.18379797438094825	diagnostic_kmer_10_90_spread_not_sampling_CI
6302	condition_001	1	error_free	0	0	0	0.0	171	0.3	0.3508771929824561	factorial	1.0007432	1.0007432	731	10007432	f019	20	19.9851	-0.0007450000000000401	0.0007450000000000401	18.9859	19.9851	False	0.049959999999999914	19.98514703872082	-0.0007426480639589172	-2.351936041122826e-06	diagnostic_kmer_10_90_spread_not_sampling_CI
6302	condition_001	1	error_free	0	0	0	0.02	171	0.3	0.29239766081871343	factorial	1.0007432	1.0007432	731	10007432	f020	20	46.9651	1.348255	1.348255	38.971	54.9592	False	0.7994100000000003	79.01729773613536	2.950864886806768	-1.6026098868067682	diagnostic_kmer_10_90_spread_not_sampling_CI
6302	condition_001	1	error_free	0	0	0	0.0	171	0.5	0.47953216374269003	factorial	1.0007432	1.0007432	731	10007432	f021	20	16.9874	-0.15062999999999996	0.15062999999999996	16.9874	17.9866	False	0.049959999999999914	17.6009540586629	-0.119952297066855	-0.03067770293314496	diagnostic_kmer_10_90_spread_not_sampling_CI
6302	condition_001	1	error_free	0	0	0	0.02	171	0.5	0.49122807017543857	factorial	1.0007432	1.0007432	731	10007432	f022	20	38.971	0.9485499999999998	0.9485499999999998	32.9755	44.9666	False	0.5995550000000002	59.95544111616246	1.9977720558081231	-1.0492220558081233	diagnostic_kmer_10_90_spread_not_sampling_CI
6302	condition_001	1	error_free	0	0	0	0.0	171	0.7	0.7309941520467836	factorial	1.0007432	1.0007432	731	10007432	f023	20	41.9688	1.09844	1.09844	38.971	41.9688	False	0.14989000000000025	41.536381623165965	1.0768190811582983	0.02162091884170181	diagnostic_kmer_10_90_spread_not_sampling_CI
6302	condition_001	1	error_free	0	0	0	0.02	171	0.7	0.7777777777777778	factorial	1.0007432	1.0007432	731	10007432	f024	20	23.9822	0.19910999999999995	0.19910999999999995	17.9866	29.9777	True	0.599555	39.97029407744164	0.9985147038720822	-0.7994047038720822	diagnostic_kmer_10_90_spread_not_sampling_CI
6302	condition_001	1	error_free	0	0	0	0.0	171	0.3	0.26900584795321636	factorial	1.0007432	1.0007432	731	10007432	f025	80	51.9614	-0.35048250000000003	0.35048250000000003	51.9614	51.9614	False	0.0	52.095785336314655	-0.3488026832960668	-0.0016798167039332236	diagnostic_kmer_10_90_spread_not_sampling_CI
6302	condition_001	1	error_free	0	0	0	0.02	171	0.3	0.30994152046783624	factorial	1.0007432	1.0007432	731	10007432	f026	80	72.9458	-0.08817749999999994	0.08817749999999994	63.9525	81.9391	True	0.22483249999999994	108.82555359710463	0.3603194199638079	-0.4484969199638078	diagnostic_kmer_10_90_spread_not_sampling_CI
6302	condition_001	1	error_free	0	0	0	0.0	171	0.5	0.5263157894736842	factorial	1.0007432	1.0007432	731	10007432	f027	80	0.0	-1.0	1.0	0.0	0.0	False	0.0	0.0	-1.0	0.0	diagnostic_kmer_10_90_spread_not_sampling_CI
6302	condition_001	1	error_free	0	0	0	0.02	171	0.5	0.49707602339181284	factorial	1.0007432	1.0007432	731	10007432	f028	80	79.9406	-0.0007424999999999571	0.0007424999999999571	69.948	87.9346	True	0.22483250000000013	123.4404228204499	0.5430052852556237	-0.5437477852556236	diagnostic_kmer_10_90_spread_not_sampling_CI
6302	condition_001	1	error_free	0	0	0	0.0	171	0.7	0.7017543859649122	factorial	1.0007432	1.0007432	731	10007432	f029	80	99.9257	0.24907125000000008	0.24907125000000008	98.9265	100.925	False	0.02498124999999991	100.40491123371379	0.2550613904214224	-0.005990140421422296	diagnostic_kmer_10_90_spread_not_sampling_CI
6302	condition_001	1	error_free	0	0	0	0.02	171	0.7	0.6900584795321637	factorial	1.0007432	1.0007432	731	10007432	f030	80	39.9703	-0.5003712499999999	0.5003712499999999	34.974	44.9666	False	0.12490750000000003	63.37395310962787	-0.20782558612965163	-0.29254566387034836	diagnostic_kmer_10_90_spread_not_sampling_CI
6302	condition_001	1	error_free	0	0	0	0.0	171	0.3	0.30409356725146197	factorial	1.0007432	1.0007432	731	10007432	f031	200	251.8129	0.2590645000000001	0.2590645000000001	250.8136	252.8121	False	0.009992499999999894	252.03490987720147	0.26017454938600737	-0.0011100493860072903	diagnostic_kmer_10_90_spread_not_sampling_CI
6302	condition_001	1	error_free	0	0	0	0.02	171	0.3	0.28654970760233917	factorial	1.0007432	1.0007432	731	10007432	f032	200	178.8671	-0.10566450000000004	0.10566450000000004	165.8767	191.8574	False	0.12990350000000006	272.1953652232795	0.36097682611639753	-0.4666413261163976	diagnostic_kmer_10_90_spread_not_sampling_CI
6302	condition_001	1	error_free	0	0	0	0.0	171	0.5	0.49707602339181284	factorial	1.0007432	1.0007432	731	10007432	f033	200	0.0	-1.0	1.0	0.0	0.0	False	0.0	0.0	-1.0	0.0	diagnostic_kmer_10_90_spread_not_sampling_CI
6302	condition_001	1	error_free	0	0	0	0.02	171	0.5	0.5964912280701754	factorial	1.0007432	1.0007432	731	10007432	f034	200	194.8552	-0.025724000000000018	0.025724000000000018	182.8641	208.8448	True	0.12990349999999992	294.38939693470104	0.4719469846735052	-0.49767098467350523	diagnostic_kmer_10_90_spread_not_sampling_CI
6302	condition_001	1	error_free	0	0	0	0.0	171	0.7	0.7251461988304093	factorial	1.0007432	1.0007432	731	10007432	f035	200	143.8931	-0.28053449999999996	0.28053449999999996	142.8938	144.8923	False	0.009992500000000036	144.53585580576632	-0.2773207209711684	-0.0032137790288315673	diagnostic_kmer_10_90_spread_not_sampling_CI
6302	condition_001	1	error_free	0	0	0	0.02	171	0.7	0.7309941520467836	factorial	1.0007432	1.0007432	731	10007432	f036	200	117.9124	-0.41043799999999997	0.41043799999999997	109.9183	124.9072	False	0.07494450000000001	176.54715272919105	-0.11726423635404473	-0.29317376364595527	diagnostic_kmer_10_90_spread_not_sampling_CI
6302	condition_001	1	error_free	0	0	0	0.0	421	0.3	0.3016627078384798	factorial	1.0007432	1.0007432	731	10007432	f037	20	14.9889	-0.250555	0.250555	14.9889	14.9889	False	0.0	14.955630818406163	-0.2522184590796918	0.001663459079691787	diagnostic_kmer_10_90_spread_not_sampling_CI
6302	condition_001	1	error_free	0	0	0	0.02	421	0.3	0.27078384798099764	factorial	1.0007432	1.0007432	731	10007432	f038	20	27.9792	0.3989599999999999	0.3989599999999999	23.9822	33.9747	False	0.499625	44.69837161914377	1.2349185809571885	-0.8359585809571886	diagnostic_kmer_10_90_spread_not_sampling_CI
6302	condition_001	1	error_free	0	0	0	0.0	421	0.5	0.5201900237529691	factorial	1.0007432	1.0007432	731	10007432	f039	20	45.9658	1.2982900000000002	1.2982900000000002	44.9666	47.9644	False	0.1498899999999999	46.00381471549726	1.3001907357748632	-0.0019007357748630938	diagnostic_kmer_10_90_spread_not_sampling_CI
6302	condition_001	1	error_free	0	0	0	0.02	421	0.5	0.5130641330166271	factorial	1.0007432	1.0007432	731	10007432	f040	20	8.9933	-0.550335	0.550335	6.9948	10.9918	False	0.19985	12.995092640973457	-0.35024536795132716	-0.20008963204867286	diagnostic_kmer_10_90_spread_not_sampling_CI
6302	condition_001	1	error_free	0	0	0	0.0	421	0.7	0.7268408551068883	factorial	1.0007432	1.0007432	731	10007432	f041	20	12.9903	-0.35048500000000005	0.35048500000000005	10.9918	12.9903	False	0.099925	12.472915402432056	-0.3763542298783972	0.02586922987839717	diagnostic_kmer_10_90_spread_not_sampling_CI
6302	condition_001	1	error_free	0	0	0	0.02	421	0.7	0.7102137767220903	factorial	1.0007432	1.0007432	731	10007432	f042	20	20.9844	0.04922000000000004	0.04922000000000004	15.9881	23.9822	True	0.399705	30.165229657375644	0.5082614828687821	-0.45904148286878216	diagnostic_kmer_10_90_spread_not_sampling_CI
6302	condition_001	1	error_free	0	0	0	0.0	421	0.3	0.32304038004750596	factorial	1.0007432	1.0007432	731	10007432	f043	80	54.9592	-0.31300999999999995	0.31300999999999995	53.9599	54.9592	False	0.012491250000000065	54.8167423823346	-0.31479072022081744	0.0017807202208174999	diagnostic_kmer_10_90_spread_not_sampling_CI
6302	condition_001	1	error_free	0	0	0	0.02	421	0.3	0.29691211401425177	factorial	1.0007432	1.0007432	731	10007432	f044	80	34.974	-0.562825	0.562825	30.977	39.9703	False	0.11241625000000002	53.26445186412517	-0.33419435169843537	-0.22863064830156468	diagnostic_kmer_10_90_spread_not_sampling_CI
6302	condition_001	1	error_free	0	0	0	0.0	421	0.5	0.47268408551068886	factorial	1.0007432	1.0007432	731	10007432	f045	80	123.9079	0.54884875	0.54884875	122.9087	124.9072	False	0.024981250000000087	124.0954207393635	0.5511927592420438	-0.002344009242043832	diagnostic_kmer_10_90_spread_not_sampling_CI
6302	condition_001	1	error_free	0	0	0	0.02	421	0.5	0.501187648456057	factorial	1.0007432	1.0007432	731	10007432	f046	80	88.9339	0.11167374999999993	0.11167374999999993	76.9428	97.9272	True	0.2623049999999999	135.34121963122328	0.691765245390291	-0.5800914953902911	diagnostic_kmer_10_90_spread_not_sampling_CI
6302	condition_001	1	error_free	0	0	0	0.0	421	0.7	0.6959619952494062	factorial	1.0007432	1.0007432	731	10007432	f047	80	24.9814	-0.6877325	0.6877325	23.9822	24.9814	False	0.012490000000000024	24.888866015205053	-0.6888891748099368	0.0011566748099368419	diagnostic_kmer_10_90_spread_not_sampling_CI
6302	condition_001	1	error_free	0	0	0	0.02	421	0.7	0.6745843230403801	factorial	1.0007432	1.0007432	731	10007432	f048	80	129.9035	0.6237937500000001	0.6237937500000001	113.9153	149.8886	False	0.44966624999999993	201.5319316821505	1.5191491460268813	-0.8953553960268813	diagnostic_kmer_10_90_spread_not_sampling_CI
6302	condition_001	1	error_free	0	0	0	0.0	421	0.3	0.33729216152019004	factorial	1.0007432	1.0007432	731	10007432	f049	200	302.775	0.5138749999999999	0.5138749999999999	300.7765	303.7742	False	0.014988500000000045	302.44743009608084	0.5122371504804042	0.0016378495195957044	diagnostic_kmer_10_90_spread_not_sampling_CI
6302	condition_001	1	error_free	0	0	0	0.02	421	0.3	0.2992874109263658	factorial	1.0007432	1.0007432	731	10007432	f050	200	63.9525	-0.6802375	0.6802375	53.9599	72.9458	False	0.09492950000000004	100.2722709973634	-0.49863864501318295	-0.18159885498681702	diagnostic_kmer_10_90_spread_not_sampling_CI
6302	condition_001	1	error_free	0	0	0	0.0	421	0.5	0.4845605700712589	factorial	1.0007432	1.0007432	731	10007432	f051	200	136.8983	-0.31550849999999997	0.31550849999999997	135.899	137.8975	False	0.009992500000000036	137.47502571053562	-0.31262487144732193	-0.0028836285526780614	diagnostic_kmer_10_90_spread_not_sampling_CI
6302	condition_001	1	error_free	0	0	0	0.02	421	0.5	0.503562945368171	factorial	1.0007432	1.0007432	731	10007432	f052	200	159.8812	-0.20059399999999997	0.20059399999999997	144.8923	174.87	False	0.14988849999999998	234.77563351401795	0.17387816757008978	-0.3744721675700897	diagnostic_kmer_10_90_spread_not_sampling_CI
6302	condition_001	1	error_free	0	0	0	0.0	421	0.7	0.684085510688836	factorial	1.0007432	1.0007432	731	10007432	f053	200	252.8121	0.2640604999999999	0.2640604999999999	251.8129	253.8114	False	0.009992499999999894	253.3770108706041	0.26688505435302046	-0.002824554353020545	diagnostic_kmer_10_90_spread_not_sampling_CI
6302	condition_001	1	error_free	0	0	0	0.02	421	0.7	0.6983372921615202	factorial	1.0007432	1.0007432	731	10007432	f054	200	168.8745	-0.15562749999999995	0.15562749999999995	157.8827	182.8641	False	0.12490700000000005	259.9611911420306	0.299805955710153	-0.4554334557101529	diagnostic_kmer_10_90_spread_not_sampling_CI
6302	condition_001	1	error_free	0	0	0	0.01	171	0.5	0.5321637426900585	megabase	1.0007432	1.0007432	731	10007432	megabase_171	6000	5689.7714	-0.05170476666666673	0.05170476666666673	5627.8174	5821.6733	False	0.03230931666666675	7032.703119602915	0.17211718660048578	-0.2238219532671525	diagnostic_kmer_10_90_spread_not_sampling_CI
6302	condition_002	1	iid_low_indel	0.001	0.001	0.001	0.0	61	0.3	0.22950819672131148	factorial	1.0007432	1.0007577	731	10007577	f001	20	37.9712	0.8985600000000001	0.8985600000000001	36.972	38.9705	False	0.099925	39.97029407744164	0.9985147038720822	-0.09995470387208201	diagnostic_kmer_10_90_spread_not_sampling_CI
6302	condition_002	1	iid_low_indel	0.001	0.001	0.001	0.02	61	0.3	0.22950819672131148	factorial	1.0007432	1.0007577	731	10007577	f002	20	0.0	-1.0	1.0	0.0	0.0	False	0.0	0.0	-1.0	0.0	diagnostic_kmer_10_90_spread_not_sampling_CI
6302	condition_002	1	iid_low_indel	0.001	0.001	0.001	0.0	61	0.5	0.47540983606557374	factorial	1.0007432	1.0007577	731	10007577	f003	20	17.9864	-0.10068000000000002	0.10068000000000002	16.9871	18.9856	False	0.099925	19.886859430333672	-0.005657028483316395	-0.09502297151668362	diagnostic_kmer_10_90_spread_not_sampling_CI
6302	condition_002	1	iid_low_indel	0.001	0.001	0.001	0.02	61	0.5	0.5245901639344263	factorial	1.0007432	1.0007577	731	10007577	f004	20	21.9833	0.09916499999999999	0.09916499999999999	20.9841	23.9818	False	0.1498849999999999	39.02018052969918	0.9510090264849591	-0.8518440264849592	diagnostic_kmer_10_90_spread_not_sampling_CI
6302	condition_002	1	iid_low_indel	0.001	0.001	0.001	0.0	61	0.7	0.7213114754098361	factorial	1.0007432	1.0007577	731	10007577	f005	20	0.0	-1.0	1.0	0.0	0.0	False	0.0	0.0	-1.0	0.0	diagnostic_kmer_10_90_spread_not_sampling_CI
6302	condition_002	1	iid_low_indel	0.001	0.001	0.001	0.02	61	0.7	0.6065573770491803	factorial	1.0007432	1.0007577	731	10007577	f006	20	13.9894	-0.30053	0.30053	11.9909	15.9879	False	0.19985	19.98514703872082	-0.0007426480639589172	-0.2997873519360411	diagnostic_kmer_10_90_spread_not_sampling_CI
6302	condition_002	1	iid_low_indel	0.001	0.001	0.001	0.0	61	0.3	0.3114754098360656	factorial	1.0007432	1.0007577	731	10007577	f007	80	53.9591	-0.32551125000000003	0.32551125000000003	52.9599	55.9576	False	0.037471250000000025	58.104357824871116	-0.27369552718911105	-0.051815722810888955	diagnostic_kmer_10_90_spread_not_sampling_CI
6302	condition_002	1	iid_low_indel	0.001	0.001	0.001	0.02	61	0.3	0.32786885245901637	factorial	1.0007432	1.0007577	731	10007577	f008	80	37.9712	-0.5253599999999999	0.5253599999999999	35.9727	40.969	False	0.062453749999999975	63.62484516261612	-0.2046894354672985	-0.32067056453270143	diagnostic_kmer_10_90_spread_not_sampling_CI
6302	condition_002	1	iid_low_indel	0.001	0.001	0.001	0.0	61	0.5	0.5901639344262295	factorial	1.0007432	1.0007577	731	10007577	f009	80	248.8115	2.1101437499999998	2.1101437499999998	242.816	251.8092	False	0.11241500000000001	267.2767697407942	2.3409596217599273	-0.2308158717599273	diagnostic_kmer_10_90_spread_not_sampling_CI
6302	condition_002	1	iid_low_indel	0.001	0.001	0.001	0.02	61	0.5	0.5409836065573771	factorial	1.0007432	1.0007577	731	10007577	f010	80	29.9773	-0.62528375	0.62528375	27.9788	35.9727	False	0.09992375000000005	48.750653760027184	-0.3906168279996602	-0.2346669220003398	diagnostic_kmer_10_90_spread_not_sampling_CI
6302	condition_002	1	iid_low_indel	0.001	0.001	0.001	0.0	61	0.7	0.6065573770491803	factorial	1.0007432	1.0007577	731	10007577	f011	80	111.9152	0.39893999999999996	0.39893999999999996	110.916	115.9122	False	0.06245250000000002	118.61676205522743	0.4827095256903428	-0.08376952569034284	diagnostic_kmer_10_90_spread_not_sampling_CI
6302	condition_002	1	iid_low_indel	0.001	0.001	0.001	0.02	61	0.7	0.6229508196721312	factorial	1.0007432	1.0007577	731	10007577	f012	80	73.944	-0.07569999999999996	0.07569999999999996	67.9485	83.9364	True	0.19984875000000013	121.07395226490621	0.5134244033113277	-0.5891244033113276	diagnostic_kmer_10_90_spread_not_sampling_CI
6302	condition_002	1	iid_low_indel	0.001	0.001	0.001	0.0	61	0.3	0.29508196721311475	factorial	1.0007432	1.0007577	731	10007577	f013	200	269.7956	0.3489779999999999	0.3489779999999999	260.8024	274.7918	False	0.06994700000000023	285.67293377725605	0.4283646688862802	-0.07938666888628035	diagnostic_kmer_10_90_spread_not_sampling_CI
6302	condition_002	1	iid_low_indel	0.001	0.001	0.001	0.02	61	0.3	0.29508196721311475	factorial	1.0007432	1.0007577	731	10007577	f014	200	26.9796	-0.8651019999999999	0.8651019999999999	23.9818	33.9743	False	0.0499625	46.96509554099393	-0.7651745222950304	-0.09992747770496964	diagnostic_kmer_10_90_spread_not_sampling_CI
6302	condition_002	1	iid_low_indel	0.001	0.001	0.001	0.0	61	0.5	0.4426229508196721	factorial	1.0007432	1.0007577	731	10007577	f015	200	16.9871	-0.9150645000000001	0.9150645000000001	15.9879	19.9849	False	0.019985	19.739428017752942	-0.9013028599112353	-0.013761640088764704	diagnostic_kmer_10_90_spread_not_sampling_CI
6302	condition_002	1	iid_low_indel	0.001	0.001	0.001	0.02	61	0.5	0.4918032786885246	factorial	1.0007432	1.0007577	731	10007577	f016	200	299.7729	0.4988645	0.4988645	286.7827	324.7539	False	0.18985600000000005	514.7649676596418	1.573824838298209	-1.074960338298209	diagnostic_kmer_10_90_spread_not_sampling_CI
6302	condition_002	1	iid_low_indel	0.001	0.001	0.001	0.0	61	0.7	0.639344262295082	factorial	1.0007432	1.0007577	731	10007577	f017	200	55.9576	-0.720212	0.720212	52.9599	56.9568	False	0.01998450000000002	59.03809010454905	-0.7048095494772548	-0.015402450522745248	diagnostic_kmer_10_90_spread_not_sampling_CI
6302	condition_002	1	iid_low_indel	0.001	0.001	0.001	0.02	61	0.7	0.7377049180327869	factorial	1.0007432	1.0007577	731	10007577	f018	200	69.947	-0.650265	0.650265	60.9538	75.9425	False	0.07494349999999997	108.70609487618965	-0.45646952561905174	-0.19379547438094824	diagnostic_kmer_10_90_spread_not_sampling_CI
6302	condition_002	1	iid_low_indel	0.001	0.001	0.001	0.0	171	0.3	0.3508771929824561	factorial	1.0007432	1.0007577	731	10007577	f019	20	17.9864	-0.10068000000000002	0.10068000000000002	15.9879	18.9856	False	0.1498850000000001	19.98514703872082	-0.0007426480639589172	-0.0999373519360411	diagnostic_kmer_10_90_spread_not_sampling_CI
6302	condition_002	1	iid_low_indel	0.001	0.001	0.001	0.02	171	0.3	0.29239766081871343	factorial	1.0007432	1.0007577	731	10007577	f020	20	43.9667	1.1983350000000002	1.1983350000000002	36.972	50.9614	False	0.6994699999999998	79.01729773613536	2.950864886806768	-1.752529886806768	diagnostic_kmer_10_90_spread_not_sampling_CI
6302	condition_002	1	iid_low_indel	0.001	0.001	0.001	0.0	171	0.5	0.47953216374269003	factorial	1.0007432	1.0007577	731	10007577	f021	20	16.9871	-0.15064499999999992	0.15064499999999992	14.9886	17.9864	False	0.14989	17.6009540586629	-0.119952297066855	-0.03069270293314492	diagnostic_kmer_10_90_spread_not_sampling_CI
6302	condition_002	1	iid_low_indel	0.001	0.001	0.001	0.02	171	0.5	0.49122807017543857	factorial	1.0007432	1.0007577	731	10007577	f022	20	36.972	0.8486	0.8486	30.9765	43.9667	False	0.64951	59.95544111616246	1.9977720558081231	-1.149172055808123	diagnostic_kmer_10_90_spread_not_sampling_CI
6302	condition_002	1	iid_low_indel	0.001	0.001	0.001	0.0	171	0.7	0.7309941520467836	factorial	1.0007432	1.0007577	731	10007577	f023	20	38.9705	0.9485250000000001	0.9485250000000001	36.972	39.9697	False	0.1498850000000001	41.536381623165965	1.0768190811582983	-0.1282940811582982	diagnostic_kmer_10_90_spread_not_sampling_CI
6302	condition_002	1	iid_low_indel	0.001	0.001	0.001	0.02	171	0.7	0.7777777777777778	factorial	1.0007432	1.0007577	731	10007577	f024	20	22.9826	0.14913000000000007	0.14913000000000007	15.9879	27.9788	True	0.599545	39.97029407744164	0.9985147038720822	-0.8493847038720821	diagnostic_kmer_10_90_spread_not_sampling_CI
6302	condition_002	1	iid_low_indel	0.001	0.001	0.001	0.0	171	0.3	0.26900584795321636	factorial	1.0007432	1.0007577	731	10007577	f025	80	48.9629	-0.38796375000000005	0.38796375000000005	46.9644	50.9614	False	0.0499625	52.095785336314655	-0.3488026832960668	-0.039161066703933226	diagnostic_kmer_10_90_spread_not_sampling_CI
6302	condition_002	1	iid_low_indel	0.001	0.001	0.001	0.02	171	0.3	0.30994152046783624	factorial	1.0007432	1.0007577	731	10007577	f026	80	68.9478	-0.13815249999999998	0.13815249999999998	58.9553	73.944	False	0.18735875000000002	108.82555359710463	0.3603194199638079	-0.49847191996380785	diagnostic_kmer_10_90_spread_not_sampling_CI
6302	condition_002	1	iid_low_indel	0.001	0.001	0.001	0.0	171	0.5	0.5263157894736842	factorial	1.0007432	1.0007577	731	10007577	f027	80	0.0	-1.0	1.0	0.0	0.0	False	0.0	0.0	-1.0	0.0	diagnostic_kmer_10_90_spread_not_sampling_CI
6302	condition_002	1	iid_low_indel	0.001	0.001	0.001	0.02	171	0.5	0.49707602339181284	factorial	1.0007432	1.0007577	731	10007577	f028	80	74.9432	-0.06320999999999995	0.06320999999999995	66.9493	83.9364	True	0.21233875000000016	123.4404228204499	0.5430052852556237	-0.6062152852556236	diagnostic_kmer_10_90_spread_not_sampling_CI
6302	condition_002	1	iid_low_indel	0.001	0.001	0.001	0.0	171	0.7	0.7017543859649122	factorial	1.0007432	1.0007577	731	10007577	f029	80	93.9288	0.17410999999999993	0.17410999999999993	91.9303	96.9266	False	0.062453749999999884	100.40491123371379	0.2550613904214224	-0.08095139042142244	diagnostic_kmer_10_90_spread_not_sampling_CI
6302	condition_002	1	iid_low_indel	0.001	0.001	0.001	0.02	171	0.7	0.6900584795321637	factorial	1.0007432	1.0007577	731	10007577	f030	80	37.9712	-0.5253599999999999	0.5253599999999999	30.9765	42.9674	False	0.14988624999999994	63.37395310962787	-0.20782558612965163	-0.3175344138703483	diagnostic_kmer_10_90_spread_not_sampling_CI
6302	condition_002	1	iid_low_indel	0.001	0.001	0.001	0.0	171	0.3	0.30409356725146197	factorial	1.0007432	1.0007577	731	10007577	f031	200	236.8206	0.18410300000000007	0.18410300000000007	233.8228	241.8168	False	0.03997	252.03490987720147	0.26017454938600737	-0.0760715493860073	diagnostic_kmer_10_90_spread_not_sampling_CI
6302	condition_002	1	iid_low_indel	0.001	0.001	0.001	0.02	171	0.3	0.28654970760233917	factorial	1.0007432	1.0007577	731	10007577	f032	200	167.8728	-0.16063599999999995	0.16063599999999995	152.8842	181.8622	False	0.14489000000000005	272.1953652232795	0.36097682611639753	-0.5216128261163975	diagnostic_kmer_10_90_spread_not_sampling_CI
6302	condition_002	1	iid_low_indel	0.001	0.001	0.001	0.0	171	0.5	0.49707602339181284	factorial	1.0007432	1.0007577	731	10007577	f033	200	0.0	-1.0	1.0	0.0	0.0	False	0.0	0.0	-1.0	0.0	diagnostic_kmer_10_90_spread_not_sampling_CI
6302	condition_002	1	iid_low_indel	0.001	0.001	0.001	0.02	171	0.5	0.5964912280701754	factorial	1.0007432	1.0007577	731	10007577	f034	200	184.8599	-0.07570049999999995	0.07570049999999995	174.8675	196.8508	False	0.10991649999999993	294.38939693470104	0.4719469846735052	-0.5476474846735051	diagnostic_kmer_10_90_spread_not_sampling_CI
6302	condition_002	1	iid_low_indel	0.001	0.001	0.001	0.0	171	0.7	0.7251461988304093	factorial	1.0007432	1.0007577	731	10007577	f035	200	134.8978	-0.32551100000000005	0.32551100000000005	130.9008	139.894	False	0.044966000000000006	144.53585580576632	-0.2773207209711684	-0.04819027902883164	diagnostic_kmer_10_90_spread_not_sampling_CI
6302	condition_002	1	iid_low_indel	0.001	0.001	0.001	0.02	171	0.7	0.7309941520467836	factorial	1.0007432	1.0007577	731	10007577	f036	200	110.916	-0.44542000000000004	0.44542000000000004	101.9228	117.9107	False	0.07993950000000005	176.54715272919105	-0.11726423635404473	-0.3281557636459553	diagnostic_kmer_10_90_spread_not_sampling_CI
6302	condition_002	1	iid_low_indel	0.001	0.001	0.001	0.0	421	0.3	0.3016627078384798	factorial	1.0007432	1.0007577	731	10007577	f037	20	13.9894	-0.30053	0.30053	12.9902	14.9886	False	0.09992000000000001	14.955630818406163	-0.2522184590796918	-0.048311540920308184	diagnostic_kmer_10_90_spread_not_sampling_CI
6302	condition_002	1	iid_low_indel	0.001	0.001	0.001	0.02	421	0.3	0.27078384798099764	factorial	1.0007432	1.0007577	731	10007577	f038	20	26.9796	0.34898000000000007	0.34898000000000007	22.9826	32.975	False	0.49962	44.69837161914377	1.2349185809571885	-0.8859385809571885	diagnostic_kmer_10_90_spread_not_sampling_CI
6302	condition_002	1	iid_low_indel	0.001	0.001	0.001	0.0	421	0.5	0.5201900237529691	factorial	1.0007432	1.0007577	731	10007577	f039	20	43.9667	1.1983350000000002	1.1983350000000002	41.9682	45.9652	False	0.19985	46.00381471549726	1.3001907357748632	-0.10185573577486302	diagnostic_kmer_10_90_spread_not_sampling_CI
6302	condition_002	1	iid_low_indel	0.001	0.001	0.001	0.02	421	0.5	0.5130641330166271	factorial	1.0007432	1.0007577	731	10007577	f040	20	7.9939	-0.600305	0.600305	5.9955	9.9924	False	0.199845	12.995092640973457	-0.35024536795132716	-0.2500596320486729	diagnostic_kmer_10_90_spread_not_sampling_CI
6302	condition_002	1	iid_low_indel	0.001	0.001	0.001	0.0	421	0.7	0.7268408551068883	factorial	1.0007432	1.0007577	731	10007577	f041	20	10.9917	-0.450415	0.450415	9.9924	11.9909	False	0.099925	12.472915402432056	-0.3763542298783972	-0.07406077012160281	diagnostic_kmer_10_90_spread_not_sampling_CI
6302	condition_002	1	iid_low_indel	0.001	0.001	0.001	0.02	421	0.7	0.7102137767220903	factorial	1.0007432	1.0007577	731	10007577	f042	20	19.9849	-0.0007550000000000167	0.0007550000000000167	14.9886	22.9826	True	0.39970000000000006	30.165229657375644	0.5082614828687821	-0.5090164828687822	diagnostic_kmer_10_90_spread_not_sampling_CI
6302	condition_002	1	iid_low_indel	0.001	0.001	0.001	0.0	421	0.3	0.32304038004750596	factorial	1.0007432	1.0007577	731	10007577	f043	80	50.9614	-0.36298250000000004	0.36298250000000004	48.9629	53.9591	False	0.06245250000000002	54.8167423823346	-0.31479072022081744	-0.04819177977918256	diagnostic_kmer_10_90_spread_not_sampling_CI
6302	condition_002	1	iid_low_indel	0.001	0.001	0.001	0.02	421	0.3	0.29691211401425177	factorial	1.0007432	1.0007577	731	10007577	f044	80	31.9758	-0.6003025	0.6003025	28.978	36.972	False	0.099925	53.26445186412517	-0.33419435169843537	-0.26610814830156465	diagnostic_kmer_10_90_spread_not_sampling_CI
6302	condition_002	1	iid_low_indel	0.001	0.001	0.001	0.0	421	0.5	0.47268408551068886	factorial	1.0007432	1.0007577	731	10007577	f045	80	116.9114	0.4613925	0.4613925	113.9137	120.9084	False	0.08743374999999994	124.0954207393635	0.5511927592420438	-0.0898002592420438	diagnostic_kmer_10_90_spread_not_sampling_CI
6302	condition_002	1	iid_low_indel	0.001	0.001	0.001	0.02	421	0.5	0.501187648456057	factorial	1.0007432	1.0007577	731	10007577	f046	80	83.9364	0.049205000000000075	0.049205000000000075	71.9455	91.9303	True	0.2498100000000001	135.34121963122328	0.691765245390291	-0.642560245390291	diagnostic_kmer_10_90_spread_not_sampling_CI
6302	condition_002	1	iid_low_indel	0.001	0.001	0.001	0.0	421	0.7	0.6959619952494062	factorial	1.0007432	1.0007577	731	10007577	f047	80	23.9818	-0.7002275	0.7002275	22.9826	24.9811	False	0.02498125	24.888866015205053	-0.6888891748099368	-0.01133832519006317	diagnostic_kmer_10_90_spread_not_sampling_CI
6302	condition_002	1	iid_low_indel	0.001	0.001	0.001	0.02	421	0.7	0.6745843230403801	factorial	1.0007432	1.0007577	731	10007577	f048	80	122.9069	0.53633625	0.53633625	107.9182	142.8917	False	0.43716874999999983	201.5319316821505	1.5191491460268813	-0.9828128960268815	diagnostic_kmer_10_90_spread_not_sampling_CI
6302	condition_002	1	iid_low_indel	0.001	0.001	0.001	0.0	421	0.3	0.33729216152019004	factorial	1.0007432	1.0007577	731	10007577	f049	200	283.785	0.4189250000000001	0.4189250000000001	277.7895	288.7812	False	0.05495850000000019	302.44743009608084	0.5122371504804042	-0.09331215048040406	diagnostic_kmer_10_90_spread_not_sampling_CI
6302	condition_002	1	iid_low_indel	0.001	0.001	0.001	0.02	421	0.3	0.2992874109263658	factorial	1.0007432	1.0007577	731	10007577	f050	200	59.9546	-0.700227	0.700227	49.9621	68.9478	False	0.09492850000000001	100.2722709973634	-0.49863864501318295	-0.20158835498681704	diagnostic_kmer_10_90_spread_not_sampling_CI
6302	condition_002	1	iid_low_indel	0.001	0.001	0.001	0.0	421	0.5	0.4845605700712589	factorial	1.0007432	1.0007577	731	10007577	f051	200	128.9023	-0.35548850000000004	0.35548850000000004	124.9054	131.9001	False	0.034973500000000046	137.47502571053562	-0.31262487144732193	-0.042863628552678106	diagnostic_kmer_10_90_spread_not_sampling_CI
6302	condition_002	1	iid_low_indel	0.001	0.001	0.001	0.02	421	0.5	0.503562945368171	factorial	1.0007432	1.0007577	731	10007577	f052	200	151.8849	-0.24057550000000005	0.24057550000000005	136.8963	164.8751	False	0.13989400000000005	234.77563351401795	0.17387816757008978	-0.41445366757008983	diagnostic_kmer_10_90_spread_not_sampling_CI
6302	condition_002	1	iid_low_indel	0.001	0.001	0.001	0.0	421	0.7	0.684085510688836	factorial	1.0007432	1.0007577	731	10007577	f053	200	237.8198	0.18909899999999993	0.18909899999999993	233.8228	241.8168	False	0.03997	253.3770108706041	0.26688505435302046	-0.07778605435302055	diagnostic_kmer_10_90_spread_not_sampling_CI
6302	condition_002	1	iid_low_indel	0.001	0.001	0.001	0.02	421	0.7	0.6983372921615202	factorial	1.0007432	1.0007577	731	10007577	f054	200	160.8781	-0.19560950000000005	0.19560950000000005	148.8872	173.8683	False	0.12490549999999999	259.9611911420306	0.299805955710153	-0.49541545571015305	diagnostic_kmer_10_90_spread_not_sampling_CI
6302	condition_002	1	iid_low_indel	0.001	0.001	0.001	0.01	171	0.5	0.5321637426900585	megabase	1.0007432	1.0007577	731	10007577	megabase_171	6000	5354.9426	-0.10750956666666661	0.10750956666666661	5292.9895	5483.8449	False	0.031809233333333395	7032.703119602915	0.17211718660048578	-0.2796267532671524	diagnostic_kmer_10_90_spread_not_sampling_CI
6302	condition_003	1	iid_high_indel	0.01	0.005	0.005	0.0	61	0.3	0.22950819672131148	factorial	1.0007432	1.0007593	731	10007593	f001	20	24.981	0.24905000000000008	0.24905000000000008	21.9833	28.978	False	0.3497350000000001	39.97029407744164	0.9985147038720822	-0.7494647038720821	diagnostic_kmer_10_90_spread_not_sampling_CI
6302	condition_003	1	iid_high_indel	0.01	0.005	0.005	0.02	61	0.3	0.22950819672131148	factorial	1.0007432	1.0007593	731	10007593	f002	20	0.0	-1.0	1.0	0.0	0.0	False	0.0	0.0	-1.0	0.0	diagnostic_kmer_10_90_spread_not_sampling_CI
6302	condition_003	1	iid_high_indel	0.01	0.005	0.005	0.0	61	0.5	0.47540983606557374	factorial	1.0007432	1.0007593	731	10007593	f003	20	12.9901	-0.350495	0.350495	11.9909	14.9886	False	0.149885	19.886859430333672	-0.005657028483316395	-0.3448379715166836	diagnostic_kmer_10_90_spread_not_sampling_CI
6302	condition_003	1	iid_high_indel	0.01	0.005	0.005	0.02	61	0.5	0.5245901639344263	factorial	1.0007432	1.0007593	731	10007593	f004	20	14.9886	-0.25057	0.25057	12.9901	16.9871	False	0.19985000000000008	39.02018052969918	0.9510090264849591	-1.2015790264849593	diagnostic_kmer_10_90_spread_not_sampling_CI
6302	condition_003	1	iid_high_indel	0.01	0.005	0.005	0.0	61	0.7	0.7213114754098361	factorial	1.0007432	1.0007593	731	10007593	f005	20	0.0	-1.0	1.0	0.0	0.0	False	0.0	0.0	-1.0	0.0	diagnostic_kmer_10_90_spread_not_sampling_CI
6302	condition_003	1	iid_high_indel	0.01	0.005	0.005	0.02	61	0.7	0.6065573770491803	factorial	1.0007432	1.0007593	731	10007593	f006	20	8.9932	-0.55034	0.55034	6.9947	9.9924	False	0.149885	19.98514703872082	-0.0007426480639589172	-0.5495973519360411	diagnostic_kmer_10_90_spread_not_sampling_CI
6302	condition_003	1	iid_high_indel	0.01	0.005	0.005	0.0	61	0.3	0.3114754098360656	factorial	1.0007432	1.0007593	731	10007593	f007	80	35.9727	-0.55034125	0.55034125	32.975	39.9697	False	0.08743375000000002	58.104357824871116	-0.27369552718911105	-0.2766457228108889	diagnostic_kmer_10_90_spread_not_sampling_CI
6302	condition_003	1	iid_high_indel	0.01	0.005	0.005	0.02	61	0.3	0.32786885245901637	factorial	1.0007432	1.0007593	731	10007593	f008	80	27.9788	-0.650265	0.650265	24.981	30.9765	False	0.07494375	63.62484516261612	-0.2046894354672985	-0.4455755645327015	diagnostic_kmer_10_90_spread_not_sampling_CI
6302	condition_003	1	iid_high_indel	0.01	0.005	0.005	0.0	61	0.5	0.5901639344262295	factorial	1.0007432	1.0007593	731	10007593	f009	80	175.8665	1.19833125	1.19833125	170.8703	179.8634	False	0.11241375000000034	267.2767697407942	2.3409596217599273	-1.1426283717599273	diagnostic_kmer_10_90_spread_not_sampling_CI
6302	condition_003	1	iid_high_indel	0.01	0.005	0.005	0.02	61	0.5	0.5409836065573771	factorial	1.0007432	1.0007593	731	10007593	f010	80	21.9833	-0.72520875	0.72520875	13.9894	26.9795	False	0.16237625000000003	48.750653760027184	-0.3906168279996602	-0.3345919220003398	diagnostic_kmer_10_90_spread_not_sampling_CI
6302	condition_003	1	iid_high_indel	0.01	0.005	0.005	0.0	61	0.7	0.6065573770491803	factorial	1.0007432	1.0007593	731	10007593	f011	80	77.9408	-0.02574000000000005	0.02574000000000005	73.9439	80.9385	True	0.08743250000000007	118.61676205522743	0.4827095256903428	-0.5084495256903429	diagnostic_kmer_10_90_spread_not_sampling_CI
6302	condition_003	1	iid_high_indel	0.01	0.005	0.005	0.02	61	0.7	0.6229508196721312	factorial	1.0007432	1.0007593	731	10007593	f012	80	52.9598	-0.3380025	0.3380025	47.9636	56.9568	False	0.11241500000000001	121.07395226490621	0.5134244033113277	-0.8514269033113276	diagnostic_kmer_10_90_spread_not_sampling_CI
6302	condition_003	1	iid_high_indel	0.01	0.005	0.005	0.0	61	0.3	0.29508196721311475	factorial	1.0007432	1.0007593	731	10007593	f013	200	180.8627	-0.09568650000000005	0.09568650000000005	171.8695	189.8558	False	0.0899315	285.67293377725605	0.4283646688862802	-0.5240511688862803	diagnostic_kmer_10_90_spread_not_sampling_CI
6302	condition_003	1	iid_high_indel	0.01	0.005	0.005	0.02	61	0.3	0.29508196721311475	factorial	1.0007432	1.0007593	731	10007593	f014	200	17.9863	-0.9100685	0.9100685	13.9894	24.981	False	0.05495800000000001	46.96509554099393	-0.7651745222950304	-0.14489397770496965	diagnostic_kmer_10_90_spread_not_sampling_CI
6302	condition_003	1	iid_high_indel	0.01	0.005	0.005	0.0	61	0.5	0.4426229508196721	factorial	1.0007432	1.0007593	731	10007593	f015	200	12.9901	-0.9350495	0.9350495	9.9924	14.9886	False	0.024981	19.739428017752942	-0.9013028599112353	-0.03374664008876471	diagnostic_kmer_10_90_spread_not_sampling_CI
6302	condition_003	1	iid_high_indel	0.01	0.005	0.005	0.02	61	0.5	0.4918032786885246	factorial	1.0007432	1.0007593	731	10007593	f016	200	212.8384	0.06419200000000004	0.06419200000000004	201.8467	230.8247	False	0.14489000000000005	514.7649676596418	1.573824838298209	-1.5096328382982092	diagnostic_kmer_10_90_spread_not_sampling_CI
6302	condition_003	1	iid_high_indel	0.01	0.005	0.005	0.0	61	0.7	0.639344262295082	factorial	1.0007432	1.0007593	731	10007593	f017	200	36.9719	-0.8151404999999999	0.8151404999999999	35.9727	37.9712	False	0.0099925	59.03809010454905	-0.7048095494772548	-0.11033095052274526	diagnostic_kmer_10_90_spread_not_sampling_CI
6302	condition_003	1	iid_high_indel	0.01	0.005	0.005	0.02	61	0.7	0.7377049180327869	factorial	1.0007432	1.0007593	731	10007593	f018	200	48.9628	-0.7551859999999999	0.7551859999999999	39.9697	52.9598	False	0.0649505	108.70609487618965	-0.45646952561905174	-0.2987164743809483	diagnostic_kmer_10_90_spread_not_sampling_CI
6302	condition_003	1	iid_high_indel	0.01	0.005	0.005	0.0	171	0.3	0.3508771929824561	factorial	1.0007432	1.0007593	731	10007593	f019	20	13.9894	-0.30053	0.30053	10.9917	16.9871	False	0.2997700000000001	19.98514703872082	-0.0007426480639589172	-0.2997873519360411	diagnostic_kmer_10_90_spread_not_sampling_CI
6302	condition_003	1	iid_high_indel	0.01	0.005	0.005	0.02	171	0.3	0.29239766081871343	factorial	1.0007432	1.0007593	731	10007593	f020	20	31.9757	0.598785	0.598785	24.981	39.9697	False	0.7494350000000001	79.01729773613536	2.950864886806768	-2.352079886806768	diagnostic_kmer_10_90_spread_not_sampling_CI
6302	condition_003	1	iid_high_indel	0.01	0.005	0.005	0.0	171	0.5	0.47953216374269003	factorial	1.0007432	1.0007593	731	10007593	f021	20	11.9909	-0.400455	0.400455	6.9947	14.9886	False	0.399695	17.6009540586629	-0.119952297066855	-0.280502702933145	diagnostic_kmer_10_90_spread_not_sampling_CI
6302	condition_003	1	iid_high_indel	0.01	0.005	0.005	0.02	171	0.5	0.49122807017543857	factorial	1.0007432	1.0007593	731	10007593	f022	20	24.981	0.24905000000000008	0.24905000000000008	20.9841	31.9757	False	0.54958	59.95544111616246	1.9977720558081231	-1.748722055808123	diagnostic_kmer_10_90_spread_not_sampling_CI
6302	condition_003	1	iid_high_indel	0.01	0.005	0.005	0.0	171	0.7	0.7309941520467836	factorial	1.0007432	1.0007593	731	10007593	f023	20	28.978	0.4489000000000001	0.4489000000000001	23.9818	31.9757	False	0.399695	41.536381623165965	1.0768190811582983	-0.6279190811582982	diagnostic_kmer_10_90_spread_not_sampling_CI
6302	condition_003	1	iid_high_indel	0.01	0.005	0.005	0.02	171	0.7	0.7777777777777778	factorial	1.0007432	1.0007593	731	10007593	f024	20	13.9894	-0.30053	0.30053	8.9932	20.9841	True	0.5995450000000001	39.97029407744164	0.9985147038720822	-1.2990447038720823	diagnostic_kmer_10_90_spread_not_sampling_CI
6302	condition_003	1	iid_high_indel	0.01	0.005	0.005	0.0	171	0.3	0.26900584795321636	factorial	1.0007432	1.0007593	731	10007593	f025	80	33.9742	-0.5753225	0.5753225	28.978	36.9719	False	0.09992374999999995	52.095785336314655	-0.3488026832960668	-0.22651981670393315	diagnostic_kmer_10_90_spread_not_sampling_CI
6302	condition_003	1	iid_high_indel	0.01	0.005	0.005	0.02	171	0.3	0.30994152046783624	factorial	1.0007432	1.0007593	731	10007593	f026	80	46.9643	-0.41294624999999996	0.41294624999999996	36.9719	57.956	False	0.26230125000000004	108.82555359710463	0.3603194199638079	-0.7732656699638079	diagnostic_kmer_10_90_spread_not_sampling_CI
6302	condition_003	1	iid_high_indel	0.01	0.005	0.005	0.0	171	0.5	0.5263157894736842	factorial	1.0007432	1.0007593	731	10007593	f027	80	0.0	-1.0	1.0	0.0	0.0	False	0.0	0.0	-1.0	0.0	diagnostic_kmer_10_90_spread_not_sampling_CI
6302	condition_003	1	iid_high_indel	0.01	0.005	0.005	0.02	171	0.5	0.49707602339181284	factorial	1.0007432	1.0007593	731	10007593	f028	80	55.9575	-0.30053124999999997	0.30053124999999997	44.9659	63.9514	False	0.23731875000000002	123.4404228204499	0.5430052852556237	-0.8435365352556236	diagnostic_kmer_10_90_spread_not_sampling_CI
6302	condition_003	1	iid_high_indel	0.01	0.005	0.005	0.0	171	0.7	0.7017543859649122	factorial	1.0007432	1.0007593	731	10007593	f029	80	67.9484	-0.15064499999999992	0.15064499999999992	61.953	72.9446	False	0.13739499999999988	100.40491123371379	0.2550613904214224	-0.4057063904214223	diagnostic_kmer_10_90_spread_not_sampling_CI
6302	condition_003	1	iid_high_indel	0.01	0.005	0.005	0.02	171	0.7	0.6900584795321637	factorial	1.0007432	1.0007593	731	10007593	f030	80	23.9818	-0.7002275	0.7002275	20.9841	28.978	False	0.09992375	63.37395310962787	-0.20782558612965163	-0.4924019138703484	diagnostic_kmer_10_90_spread_not_sampling_CI
6302	condition_003	1	iid_high_indel	0.01	0.005	0.005	0.0	171	0.3	0.30409356725146197	factorial	1.0007432	1.0007593	731	10007593	f031	200	168.8718	-0.15564099999999997	0.15564099999999997	160.8778	175.8665	False	0.07494349999999997	252.03490987720147	0.26017454938600737	-0.41581554938600734	diagnostic_kmer_10_90_spread_not_sampling_CI
6302	condition_003	1	iid_high_indel	0.01	0.005	0.005	0.02	171	0.3	0.28654970760233917	factorial	1.0007432	1.0007593	731	10007593	f032	200	117.9105	-0.4104475	0.4104475	108.9173	131.8998	False	0.11491250000000001	272.1953652232795	0.36097682611639753	-0.7714243261163974	diagnostic_kmer_10_90_spread_not_sampling_CI
6302	condition_003	1	iid_high_indel	0.01	0.005	0.005	0.0	171	0.5	0.49707602339181284	factorial	1.0007432	1.0007593	731	10007593	f033	200	0.0	-1.0	1.0	0.0	0.0	False	0.0	0.0	-1.0	0.0	diagnostic_kmer_10_90_spread_not_sampling_CI
6302	condition_003	1	iid_high_indel	0.01	0.005	0.005	0.02	171	0.5	0.5964912280701754	factorial	1.0007432	1.0007593	731	10007593	f034	200	128.9021	-0.35548950000000007	0.35548950000000007	118.9097	145.8892	False	0.13489749999999995	294.38939693470104	0.4719469846735052	-0.8274364846735053	diagnostic_kmer_10_90_spread_not_sampling_CI
6302	condition_003	1	iid_high_indel	0.01	0.005	0.005	0.0	171	0.7	0.7251461988304093	factorial	1.0007432	1.0007593	731	10007593	f035	200	92.9294	-0.535353	0.535353	85.9347	99.9241	False	0.06994699999999994	144.53585580576632	-0.2773207209711684	-0.2580322790288316	diagnostic_kmer_10_90_spread_not_sampling_CI
6302	condition_003	1	iid_high_indel	0.01	0.005	0.005	0.02	171	0.7	0.7309941520467836	factorial	1.0007432	1.0007593	731	10007593	f036	200	78.9401	-0.6052995	0.6052995	68.9476	85.9347	False	0.08493550000000007	176.54715272919105	-0.11726423635404473	-0.4880352636459553	diagnostic_kmer_10_90_spread_not_sampling_CI
6302	condition_003	1	iid_high_indel	0.01	0.005	0.005	0.0	421	0.3	0.3016627078384798	factorial	1.0007432	1.0007593	731	10007593	f037	20	10.9917	-0.450415	0.450415	7.9939	12.9901	False	0.24981	14.955630818406163	-0.2522184590796918	-0.1981965409203082	diagnostic_kmer_10_90_spread_not_sampling_CI
6302	condition_003	1	iid_high_indel	0.01	0.005	0.005	0.02	421	0.3	0.27078384798099764	factorial	1.0007432	1.0007593	731	10007593	f038	20	19.9848	-0.0007600000000000051	0.0007600000000000051	14.9886	24.981	True	0.49962000000000006	44.69837161914377	1.2349185809571885	-1.2356785809571886	diagnostic_kmer_10_90_spread_not_sampling_CI
6302	condition_003	1	iid_high_indel	0.01	0.005	0.005	0.0	421	0.5	0.5201900237529691	factorial	1.0007432	1.0007593	731	10007593	f039	20	30.9765	0.5488250000000001	0.5488250000000001	24.981	34.9734	False	0.49961999999999984	46.00381471549726	1.3001907357748632	-0.7513657357748631	diagnostic_kmer_10_90_spread_not_sampling_CI
6302	condition_003	1	iid_high_indel	0.01	0.005	0.005	0.02	421	0.5	0.5130641330166271	factorial	1.0007432	1.0007593	731	10007593	f040	20	5.9954	-0.70023	0.70023	2.9977	7.9939	False	0.24981	12.995092640973457	-0.35024536795132716	-0.34998463204867286	diagnostic_kmer_10_90_spread_not_sampling_CI
6302	condition_003	1	iid_high_indel	0.01	0.005	0.005	0.0	421	0.7	0.7268408551068883	factorial	1.0007432	1.0007593	731	10007593	f041	20	8.9932	-0.55034	0.55034	5.9954	9.9924	False	0.19985	12.472915402432056	-0.3763542298783972	-0.17398577012160282	diagnostic_kmer_10_90_spread_not_sampling_CI
6302	condition_003	1	iid_high_indel	0.01	0.005	0.005	0.02	421	0.7	0.7102137767220903	factorial	1.0007432	1.0007593	731	10007593	f042	20	13.9894	-0.30053	0.30053	9.9924	17.9863	False	0.399695	30.165229657375644	0.5082614828687821	-0.8087914828687822	diagnostic_kmer_10_90_spread_not_sampling_CI
6302	condition_003	1	iid_high_indel	0.01	0.005	0.005	0.0	421	0.3	0.32304038004750596	factorial	1.0007432	1.0007593	731	10007593	f043	80	36.9719	-0.53785125	0.53785125	32.975	40.9689	False	0.09992374999999995	54.8167423823346	-0.31479072022081744	-0.22306052977918256	diagnostic_kmer_10_90_spread_not_sampling_CI
6302	condition_003	1	iid_high_indel	0.01	0.005	0.005	0.02	421	0.3	0.29691211401425177	factorial	1.0007432	1.0007593	731	10007593	f044	80	21.9833	-0.72520875	0.72520875	17.9863	27.9788	False	0.12490625	53.26445186412517	-0.33419435169843537	-0.39101439830156465	diagnostic_kmer_10_90_spread_not_sampling_CI
6302	condition_003	1	iid_high_indel	0.01	0.005	0.005	0.0	421	0.5	0.47268408551068886	factorial	1.0007432	1.0007593	731	10007593	f045	80	81.9378	0.024222499999999945	0.024222499999999945	76.9416	87.9332	True	0.13739500000000007	124.0954207393635	0.5511927592420438	-0.5269702592420439	diagnostic_kmer_10_90_spread_not_sampling_CI
6302	condition_003	1	iid_high_indel	0.01	0.005	0.005	0.02	421	0.5	0.501187648456057	factorial	1.0007432	1.0007593	731	10007593	f046	80	59.9545	-0.25056874999999995	0.25056874999999995	49.9621	68.9476	False	0.23731874999999994	135.34121963122328	0.691765245390291	-0.9423339953902911	diagnostic_kmer_10_90_spread_not_sampling_CI
6302	condition_003	1	iid_high_indel	0.01	0.005	0.005	0.0	421	0.7	0.6959619952494062	factorial	1.0007432	1.0007593	731	10007593	f047	80	16.9871	-0.78766125	0.78766125	14.9886	19.9848	False	0.0624525	24.888866015205053	-0.6888891748099368	-0.09877207519006315	diagnostic_kmer_10_90_spread_not_sampling_CI
6302	condition_003	1	iid_high_indel	0.01	0.005	0.005	0.02	421	0.7	0.6745843230403801	factorial	1.0007432	1.0007593	731	10007593	f048	80	86.934	0.08667499999999997	0.08667499999999997	72.9446	103.9211	True	0.38720625000000003	201.5319316821505	1.5191491460268813	-1.4324741460268815	diagnostic_kmer_10_90_spread_not_sampling_CI
6302	condition_003	1	iid_high_indel	0.01	0.005	0.005	0.0	421	0.3	0.33729216152019004	factorial	1.0007432	1.0007593	731	10007593	f049	200	199.8483	-0.0007585000000000264	0.0007585000000000264	189.8558	210.8399	True	0.10492050000000006	302.44743009608084	0.5122371504804042	-0.5129956504804042	diagnostic_kmer_10_90_spread_not_sampling_CI
6302	condition_003	1	iid_high_indel	0.01	0.005	0.005	0.02	421	0.3	0.2992874109263658	factorial	1.0007432	1.0007593	731	10007593	f050	200	41.9681	-0.7901595	0.7901595	34.9734	50.9613	False	0.07993950000000001	100.2722709973634	-0.49863864501318295	-0.291520854986817	diagnostic_kmer_10_90_spread_not_sampling_CI
6302	condition_003	1	iid_high_indel	0.01	0.005	0.005	0.0	421	0.5	0.4845605700712589	factorial	1.0007432	1.0007593	731	10007593	f051	200	89.9317	-0.5503414999999999	0.5503414999999999	83.9363	95.9272	False	0.05995449999999998	137.47502571053562	-0.31262487144732193	-0.23771662855267806	diagnostic_kmer_10_90_spread_not_sampling_CI
6302	condition_003	1	iid_high_indel	0.01	0.005	0.005	0.02	421	0.5	0.503562945368171	factorial	1.0007432	1.0007593	731	10007593	f052	200	106.9188	-0.465406	0.465406	91.9302	116.9112	False	0.12490499999999997	234.77563351401795	0.17387816757008978	-0.6392841675700898	diagnostic_kmer_10_90_spread_not_sampling_CI
6302	condition_003	1	iid_high_indel	0.01	0.005	0.005	0.0	421	0.7	0.684085510688836	factorial	1.0007432	1.0007593	731	10007593	f053	200	169.871	-0.15064499999999995	0.15064499999999995	161.8771	177.8649	False	0.07993899999999997	253.3770108706041	0.26688505435302046	-0.41753005435302043	diagnostic_kmer_10_90_spread_not_sampling_CI
6302	condition_003	1	iid_high_indel	0.01	0.005	0.005	0.02	421	0.7	0.6983372921615202	factorial	1.0007432	1.0007593	731	10007593	f054	200	109.9165	-0.4504175	0.4504175	100.9234	121.9074	False	0.10491999999999997	259.9611911420306	0.299805955710153	-0.750223455710153	diagnostic_kmer_10_90_spread_not_sampling_CI
6302	condition_003	1	iid_high_indel	0.01	0.005	0.005	0.01	171	0.5	0.5321637426900585	megabase	1.0007432	1.0007593	731	10007593	megabase_171	6000	3738.1616	-0.3769730666666667	0.3769730666666667	3697.1927	3850.0766	False	0.02548064999999997	7032.703119602915	0.17211718660048578	-0.5490902532671524	diagnostic_kmer_10_90_spread_not_sampling_CI
6302	condition_004	5	error_free	0	0	0	0.0	61	0.3	0.22950819672131148	factorial	5.0001434	5.0001434	3627	50001434	f001	20	21.9994	0.09997000000000007	0.09997000000000007	21.1994	21.9994	False	0.040000000000000036	22.143627215853417	0.10718136079267086	-0.007211360792670795	diagnostic_kmer_10_90_spread_not_sampling_CI
6302	condition_004	5	error_free	0	0	0	0.02	61	0.3	0.22950819672131148	factorial	5.0001434	5.0001434	3627	50001434	f002	20	8.3998	-0.5800099999999999	0.5800099999999999	7.1998	8.9997	False	0.08999500000000005	11.999655849870226	-0.40001720750648867	-0.17999279249351127	diagnostic_kmer_10_90_spread_not_sampling_CI
6302	condition_004	5	error_free	0	0	0	0.0	61	0.5	0.47540983606557374	factorial	5.0001434	5.0001434	3627	50001434	f003	20	17.5995	-0.12002500000000005	0.12002500000000005	16.7995	17.7995	False	0.05	17.743753404234333	-0.11281232978828334	-0.007212670211716699	diagnostic_kmer_10_90_spread_not_sampling_CI
6302	condition_004	5	error_free	0	0	0	0.02	61	0.5	0.5245901639344263	factorial	5.0001434	5.0001434	3627	50001434	f004	20	6.9998	-0.65001	0.65001	6.5998	7.5998	False	0.05	11.809497369189224	-0.4095251315405388	-0.2404848684594612	diagnostic_kmer_10_90_spread_not_sampling_CI
6302	condition_004	5	error_free	0	0	0	0.0	61	0.7	0.7213114754098361	factorial	5.0001434	5.0001434	3627	50001434	f005	20	26.3992	0.31996	0.31996	24.9993	26.3992	False	0.06999499999999995	26.382849897241996	0.31914249486209983	0.0008175051379001985	diagnostic_kmer_10_90_spread_not_sampling_CI
6302	condition_004	5	error_free	0	0	0	0.02	61	0.7	0.6065573770491803	factorial	5.0001434	5.0001434	3627	50001434	f006	20	16.9995	-0.15002499999999994	0.15002499999999994	14.3996	19.3994	False	0.24999000000000002	24.199305963904955	0.20996529819524773	-0.3599902981952477	diagnostic_kmer_10_90_spread_not_sampling_CI
6302	condition_004	5	error_free	0	0	0	0.0	61	0.3	0.3114754098360656	factorial	5.0001434	5.0001434	3627	50001434	f007	80	67.7981	-0.15252374999999993	0.15252374999999993	66.7981	67.998	False	0.014998749999999995	67.98165684345878	-0.15022928945676525	-0.0022944605432346776	diagnostic_kmer_10_90_spread_not_sampling_CI
6302	condition_004	5	error_free	0	0	0	0.02	61	0.3	0.32786885245901637	factorial	5.0001434	5.0001434	3627	50001434	f008	80	69.998	-0.12502499999999994	0.12502499999999994	65.1981	74.5979	False	0.11749749999999999	109.39030530899457	0.36737881636243214	-0.4924038163624321	diagnostic_kmer_10_90_spread_not_sampling_CI
6302	condition_004	5	error_free	0	0	0	0.0	61	0.5	0.5901639344262295	factorial	5.0001434	5.0001434	3627	50001434	f009	80	120.3965	0.50495625	0.50495625	118.9966	120.5965	False	0.019998750000000065	120.78342117738227	0.5097927647172783	-0.004836514717278284	diagnostic_kmer_10_90_spread_not_sampling_CI
6302	condition_004	5	error_free	0	0	0	0.02	61	0.5	0.5409836065573771	factorial	5.0001434	5.0001434	3627	50001434	f010	80	55.3984	-0.30751999999999996	0.30751999999999996	50.7985	65.7981	False	0.1874950000000001	82.75172504118156	0.034396563014769475	-0.34191656301476947	diagnostic_kmer_10_90_spread_not_sampling_CI
6302	condition_004	5	error_free	0	0	0	0.0	61	0.7	0.6065573770491803	factorial	5.0001434	5.0001434	3627	50001434	f011	80	71.198	-0.11002500000000008	0.11002500000000008	70.398	71.398	False	0.0125	71.34221620032135	-0.10822229749598318	-0.0018027025040169065	diagnostic_kmer_10_90_spread_not_sampling_CI
6302	condition_004	5	error_free	0	0	0	0.02	61	0.7	0.6229508196721312	factorial	5.0001434	5.0001434	3627	50001434	f012	80	38.7989	-0.5150137499999999	0.5150137499999999	36.399	41.5988	False	0.06499749999999996	56.23773136415956	-0.29702835794800553	-0.21798539205199444	diagnostic_kmer_10_90_spread_not_sampling_CI
6302	condition_004	5	error_free	0	0	0	0.0	61	0.3	0.29508196721311475	factorial	5.0001434	5.0001434	3627	50001434	f013	200	191.5945	-0.04202749999999995	0.04202749999999995	191.3945	192.3945	False	0.005	192.25022396849462	-0.03874888015752689	-0.0032786198424730626	diagnostic_kmer_10_90_spread_not_sampling_CI
6302	condition_004	5	error_free	0	0	0	0.02	61	0.3	0.29508196721311475	factorial	5.0001434	5.0001434	3627	50001434	f014	200	199.1943	-0.004028500000000008	0.004028500000000008	181.9948	208.994	True	0.134996	311.1123887720999	0.5555619438604995	-0.5595904438604995	diagnostic_kmer_10_90_spread_not_sampling_CI
6302	condition_004	5	error_free	0	0	0	0.0	61	0.5	0.4426229508196721	factorial	5.0001434	5.0001434	3627	50001434	f015	200	237.1932	0.18596599999999996	0.18596599999999996	235.9932	237.5932	False	0.007999999999999972	237.707936634738	0.18853968317368996	-0.00257368317369	diagnostic_kmer_10_90_spread_not_sampling_CI
6302	condition_004	5	error_free	0	0	0	0.02	61	0.5	0.4918032786885246	factorial	5.0001434	5.0001434	3627	50001434	f016	200	100.3971	-0.4980145	0.4980145	95.3973	109.7969	False	0.07199799999999996	163.01171826654308	-0.1849414086672846	-0.31307309133271544	diagnostic_kmer_10_90_spread_not_sampling_CI
6302	condition_004	5	error_free	0	0	0	0.0	61	0.7	0.639344262295082	factorial	5.0001434	5.0001434	3627	50001434	f017	200	156.9955	-0.21502250000000003	0.21502250000000003	156.1955	156.9955	False	0.003999999999999915	157.13647693239895	-0.21431761533800525	-0.0007048846619947824	diagnostic_kmer_10_90_spread_not_sampling_CI
6302	condition_004	5	error_free	0	0	0	0.02	61	0.7	0.7377049180327869	factorial	5.0001434	5.0001434	3627	50001434	f018	200	111.9968	-0.440016	0.440016	103.997	117.3966	False	0.06699800000000003	166.1788405482301	-0.16910579725884944	-0.2709102027411506	diagnostic_kmer_10_90_spread_not_sampling_CI
6302	condition_004	5	error_free	0	0	0	0.0	171	0.3	0.3508771929824561	factorial	5.0001434	5.0001434	3627	50001434	f019	20	7.9998	-0.6000099999999999	0.6000099999999999	7.5998	7.9998	False	0.019999999999999973	7.999770566580151	-0.6000114716709926	1.4716709924478266e-06	diagnostic_kmer_10_90_spread_not_sampling_CI
6302	condition_004	5	error_free	0	0	0	0.02	171	0.3	0.29239766081871343	factorial	5.0001434	5.0001434	3627	50001434	f020	20	16.5995	-0.17002500000000004	0.17002500000000004	13.7996	19.3994	False	0.27999	27.814406961170928	0.3907203480585464	-0.5607453480585465	diagnostic_kmer_10_90_spread_not_sampling_CI
6302	condition_004	5	error_free	0	0	0	0.0	171	0.5	0.47953216374269003	factorial	5.0001434	5.0001434	3627	50001434	f021	20	25.1993	0.25996500000000006	0.25996500000000006	23.9993	25.1993	False	0.05999999999999996	25.229685769337284	0.26148428846686417	-0.0015192884668641326	diagnostic_kmer_10_90_spread_not_sampling_CI
6302	condition_004	5	error_free	0	0	0	0.02	171	0.5	0.49122807017543857	factorial	5.0001434	5.0001434	3627	50001434	f022	20	13.7996	-0.31002	0.31002	11.5997	16.1995	False	0.22999	21.34675619608493	0.06733780980424645	-0.37735780980424644	diagnostic_kmer_10_90_spread_not_sampling_CI
6302	condition_004	5	error_free	0	0	0	0.0	171	0.7	0.7309941520467836	factorial	5.0001434	5.0001434	3627	50001434	f023	20	20.3994	0.019969999999999998	0.019969999999999998	19.1994	20.3994	True	0.05999999999999996	20.31286771935147	0.015643385967573486	0.004326614032426512	diagnostic_kmer_10_90_spread_not_sampling_CI
6302	condition_004	5	error_free	0	0	0	0.02	171	0.7	0.7777777777777778	factorial	5.0001434	5.0001434	3627	50001434	f024	20	26.9992	0.34995999999999994	0.34995999999999994	19.9994	33.799	True	0.6899799999999999	45.433784678353675	1.2716892339176837	-0.9217292339176838	diagnostic_kmer_10_90_spread_not_sampling_CI
6302	condition_004	5	error_free	0	0	0	0.0	171	0.3	0.26900584795321636	factorial	5.0001434	5.0001434	3627	50001434	f025	80	91.1974	0.13996750000000002	0.13996750000000002	90.1974	91.3974	False	0.015000000000000036	91.41375252258351	0.14267190653229384	-0.002704406532293824	diagnostic_kmer_10_90_spread_not_sampling_CI
6302	condition_004	5	error_free	0	0	0	0.02	171	0.3	0.30994152046783624	factorial	5.0001434	5.0001434	3627	50001434	f026	80	80.9977	0.012471249999999934	0.012471249999999934	70.998	85.9975	True	0.18749374999999996	118.83518829802769	0.4854398537253461	-0.47296860372534616	diagnostic_kmer_10_90_spread_not_sampling_CI
6302	condition_004	5	error_free	0	0	0	0.0	171	0.5	0.5263157894736842	factorial	5.0001434	5.0001434	3627	50001434	f027	80	70.398	-0.12002500000000005	0.12002500000000005	69.798	70.798	False	0.0125	70.63306196308115	-0.11708672546148566	-0.002938274538514385	diagnostic_kmer_10_90_spread_not_sampling_CI
6302	condition_004	5	error_free	0	0	0	0.02	171	0.5	0.49707602339181284	factorial	5.0001434	5.0001434	3627	50001434	f028	80	58.1983	-0.27252124999999994	0.27252124999999994	51.5985	63.5982	False	0.14999624999999997	89.48164419276034	0.11852055240950428	-0.39104180240950426	diagnostic_kmer_10_90_spread_not_sampling_CI
6302	condition_004	5	error_free	0	0	0	0.0	171	0.7	0.7017543859649122	factorial	5.0001434	5.0001434	3627	50001434	f029	80	99.9971	0.24996375000000004	0.24996375000000004	99.1972	100.1971	False	0.012498750000000136	100.22285660262469	0.2527857075328086	-0.002821957532808561	diagnostic_kmer_10_90_spread_not_sampling_CI
6302	condition_004	5	error_free	0	0	0	0.02	171	0.7	0.6900584795321637	factorial	5.0001434	5.0001434	3627	50001434	f030	80	51.1985	-0.36001874999999994	0.36001874999999994	44.7987	57.3984	False	0.15749625000000006	81.06434174134553	0.01330427176681912	-0.3733230217668191	diagnostic_kmer_10_90_spread_not_sampling_CI
6302	condition_004	5	error_free	0	0	0	0.0	171	0.3	0.30409356725146197	factorial	5.0001434	5.0001434	3627	50001434	f031	200	175.795	-0.12102500000000006	0.12102500000000006	174.795	176.1949	False	0.006999500000000012	176.08617791859274	-0.1195691104070363	-0.0014558895929637572	diagnostic_kmer_10_90_spread_not_sampling_CI
6302	condition_004	5	error_free	0	0	0	0.02	171	0.3	0.28654970760233917	factorial	5.0001434	5.0001434	3627	50001434	f032	200	163.7953	-0.1810235	0.1810235	151.9956	178.1949	False	0.13099649999999996	252.54597335575318	0.26272986677876586	-0.44375336677876587	diagnostic_kmer_10_90_spread_not_sampling_CI
6302	condition_004	5	error_free	0	0	0	0.0	171	0.5	0.49707602339181284	factorial	5.0001434	5.0001434	3627	50001434	f033	200	215.9938	0.07996899999999997	0.07996899999999997	214.7938	216.1938	False	0.007000000000000029	216.18795177632668	0.08093975888163342	-0.0009707588816334578	diagnostic_kmer_10_90_spread_not_sampling_CI
6302	condition_004	5	error_free	0	0	0	0.02	171	0.5	0.5964912280701754	factorial	5.0001434	5.0001434	3627	50001434	f034	200	173.195	-0.13402500000000003	0.13402500000000003	161.9954	188.1946	False	0.13099600000000008	266.33388201210016	0.3316694100605008	-0.46569441006050083	diagnostic_kmer_10_90_spread_not_sampling_CI
6302	condition_004	5	error_free	0	0	0	0.0	171	0.7	0.7251461988304093	factorial	5.0001434	5.0001434	3627	50001434	f035	200	254.1927	0.2709635	0.2709635	252.9927	254.3927	False	0.0069999999999998865	254.52018574118992	0.2726009287059496	-0.0016374287059495885	diagnostic_kmer_10_90_spread_not_sampling_CI
6302	condition_004	5	error_free	0	0	0	0.02	171	0.7	0.7309941520467836	factorial	5.0001434	5.0001434	3627	50001434	f036	200	71.9979	-0.6400104999999999	0.6400104999999999	68.998	75.3978	False	0.03199899999999999	108.98166972734964	-0.4550916513632518	-0.1849188486367482	diagnostic_kmer_10_90_spread_not_sampling_CI
6302	condition_004	5	error_free	0	0	0	0.0	421	0.3	0.3016627078384798	factorial	5.0001434	5.0001434	3627	50001434	f037	20	26.7992	0.33995999999999993	0.33995999999999993	26.7992	26.9992	False	0.009999999999999964	26.89851596148859	0.3449257980744296	-0.004965798074429628	diagnostic_kmer_10_90_spread_not_sampling_CI
6302	condition_004	5	error_free	0	0	0	0.02	421	0.3	0.27078384798099764	factorial	5.0001434	5.0001434	3627	50001434	f038	20	12.3996	-0.38002	0.38002	10.7997	14.5996	False	0.18999500000000005	19.42462104913672	-0.028768947543163927	-0.3512510524568361	diagnostic_kmer_10_90_spread_not_sampling_CI
6302	condition_004	5	error_free	0	0	0	0.0	421	0.5	0.5201900237529691	factorial	5.0001434	5.0001434	3627	50001434	f039	20	17.7995	-0.11002500000000008	0.11002500000000008	17.5995	17.9995	False	0.020000000000000108	17.78333795486508	-0.11083310225674606	0.0008081022567459683	diagnostic_kmer_10_90_spread_not_sampling_CI
6302	condition_004	5	error_free	0	0	0	0.02	421	0.5	0.5130641330166271	factorial	5.0001434	5.0001434	3627	50001434	f040	20	15.3996	-0.23002000000000003	0.23002000000000003	12.3996	18.3995	False	0.299995	23.320946357158714	0.16604731785793572	-0.39606731785793575	diagnostic_kmer_10_90_spread_not_sampling_CI
6302	condition_004	5	error_free	0	0	0	0.0	421	0.7	0.7268408551068883	factorial	5.0001434	5.0001434	3627	50001434	f041	20	17.1995	-0.14002499999999998	0.14002499999999998	16.3995	17.3995	False	0.05	17.05936821950474	-0.14703158902476296	0.007006589024762988	diagnostic_kmer_10_90_spread_not_sampling_CI
6302	condition_004	5	error_free	0	0	0	0.02	421	0.7	0.7102137767220903	factorial	5.0001434	5.0001434	3627	50001434	f042	20	8.7997	-0.560015	0.560015	6.7998	10.5997	False	0.189995	13.048556883778122	-0.3475721558110939	-0.21244284418890613	diagnostic_kmer_10_90_spread_not_sampling_CI
6302	condition_004	5	error_free	0	0	0	0.0	421	0.3	0.32304038004750596	factorial	5.0001434	5.0001434	3627	50001434	f043	80	73.9979	-0.07502624999999999	0.07502624999999999	73.3979	74.5979	False	0.014999999999999857	74.1204395464589	-0.07349450566926378	-0.0015317443307361956	diagnostic_kmer_10_90_spread_not_sampling_CI
6302	condition_004	5	error_free	0	0	0	0.02	421	0.3	0.29691211401425177	factorial	5.0001434	5.0001434	3627	50001434	f044	80	48.1986	-0.3975175	0.3975175	44.1987	52.5985	False	0.1049975	71.86492228695043	-0.10168847141311961	-0.2958290285868804	diagnostic_kmer_10_90_spread_not_sampling_CI
6302	condition_004	5	error_free	0	0	0	0.0	421	0.5	0.47268408551068886	factorial	5.0001434	5.0001434	3627	50001434	f045	80	96.9972	0.21246500000000007	0.21246500000000007	96.1972	97.1972	False	0.0125	97.04709792438592	0.21308872405482404	-0.0006237240548239598	diagnostic_kmer_10_90_spread_not_sampling_CI
6302	condition_004	5	error_free	0	0	0	0.02	421	0.5	0.501187648456057	factorial	5.0001434	5.0001434	3627	50001434	f046	80	61.3982	-0.23252249999999997	0.23252249999999997	55.5984	66.1981	False	0.13249624999999998	94.57590989069531	0.18219887363369142	-0.4147213736336914	diagnostic_kmer_10_90_spread_not_sampling_CI
6302	condition_004	5	error_free	0	0	0	0.0	421	0.7	0.6959619952494062	factorial	5.0001434	5.0001434	3627	50001434	f047	80	38.9989	-0.51251375	0.51251375	38.9989	39.1989	False	0.0025000000000000356	39.14187028526948	-0.5107266214341315	-0.0017871285658685565	diagnostic_kmer_10_90_spread_not_sampling_CI
6302	condition_004	5	error_free	0	0	0	0.02	421	0.7	0.6745843230403801	factorial	5.0001434	5.0001434	3627	50001434	f048	80	68.198	-0.14752500000000007	0.14752500000000007	60.5983	76.1978	False	0.19499375	105.45303261415053	0.3181629076768816	-0.46568790767688173	diagnostic_kmer_10_90_spread_not_sampling_CI
6302	condition_004	5	error_free	0	0	0	0.0	421	0.3	0.33729216152019004	factorial	5.0001434	5.0001434	3627	50001434	f049	200	248.1929	0.24096450000000005	0.24096450000000005	247.7929	248.5929	False	0.003999999999999915	248.59999604284982	0.24299998021424912	-0.002035480214249077	diagnostic_kmer_10_90_spread_not_sampling_CI
6302	condition_004	5	error_free	0	0	0	0.02	421	0.3	0.2992874109263658	factorial	5.0001434	5.0001434	3627	50001434	f050	200	143.7959	-0.28102050000000006	0.28102050000000006	131.5962	153.9956	False	0.11199699999999993	217.95099382107918	0.0897549691053959	-0.37077546910539594	diagnostic_kmer_10_90_spread_not_sampling_CI
6302	condition_004	5	error_free	0	0	0	0.0	421	0.5	0.4845605700712589	factorial	5.0001434	5.0001434	3627	50001434	f051	200	173.795	-0.13102500000000006	0.13102500000000006	173.595	173.995	False	0.0020000000000000282	174.10379530172557	-0.12948102349137217	-0.0015439765086279068	diagnostic_kmer_10_90_spread_not_sampling_CI
6302	condition_004	5	error_free	0	0	0	0.02	421	0.5	0.503562945368171	factorial	5.0001434	5.0001434	3627	50001434	f052	200	146.9958	-0.265021	0.265021	135.9961	157.3955	False	0.10699699999999993	220.19796025694163	0.10098980128470814	-0.36601080128470814	diagnostic_kmer_10_90_spread_not_sampling_CI
6302	condition_004	5	error_free	0	0	0	0.0	421	0.7	0.684085510688836	factorial	5.0001434	5.0001434	3627	50001434	f053	200	289.1917	0.44595850000000015	0.44595850000000015	288.3917	290.1917	False	0.009000000000000057	289.62779798781787	0.44813898993908935	-0.0021804899390892273	diagnostic_kmer_10_90_spread_not_sampling_CI
6302	condition_004	5	error_free	0	0	0	0.02	421	0.7	0.6983372921615202	factorial	5.0001434	5.0001434	3627	50001434	f054	200	150.3957	-0.24802149999999998	0.24802149999999998	139.396	161.3954	False	0.10999700000000004	231.6171101904009	0.15808555095200447	-0.40610705095200444	diagnostic_kmer_10_90_spread_not_sampling_CI
6302	condition_004	5	error_free	0	0	0	0.01	171	0.5	0.5321637426900585	megabase	5.0001434	5.0001434	3627	50001434	megabase_171	6000	5095.6539	-0.15072434999999995	0.15072434999999995	5060.2549	5201.6508	False	0.023565983333333405	6330.685102617924	0.05511418376965397	-0.20583853376965391	diagnostic_kmer_10_90_spread_not_sampling_CI
6302	condition_005	5	iid_low_indel	0.001	0.001	0.001	0.0	61	0.3	0.22950819672131148	factorial	5.0001434	5.0002267	3627	50002267	f001	20	20.5991	0.029955	0.029955	19.9991	20.7991	True	0.040000000000000036	22.143627215853417	0.10718136079267086	-0.07722636079267087	diagnostic_kmer_10_90_spread_not_sampling_CI
6302	condition_005	5	iid_low_indel	0.001	0.001	0.001	0.02	61	0.3	0.22950819672131148	factorial	5.0001434	5.0002267	3627	50002267	f002	20	7.7996	-0.61002	0.61002	6.5997	8.7996	False	0.10999499999999998	11.999655849870226	-0.40001720750648867	-0.21000279249351134	diagnostic_kmer_10_90_spread_not_sampling_CI
6302	condition_005	5	iid_low_indel	0.001	0.001	0.001	0.0	61	0.5	0.47540983606557374	factorial	5.0001434	5.0002267	3627	50002267	f003	20	16.1993	-0.19003499999999995	0.19003499999999995	15.7993	16.7992	False	0.04999499999999992	17.743753404234333	-0.11281232978828334	-0.07722267021171661	diagnostic_kmer_10_90_spread_not_sampling_CI
6302	condition_005	5	iid_low_indel	0.001	0.001	0.001	0.02	61	0.5	0.5245901639344263	factorial	5.0001434	5.0002267	3627	50002267	f004	20	6.3997	-0.680015	0.680015	6.1997	6.9997	False	0.039999999999999994	11.809497369189224	-0.4095251315405388	-0.27048986845946116	diagnostic_kmer_10_90_spread_not_sampling_CI
6302	condition_005	5	iid_low_indel	0.001	0.001	0.001	0.0	61	0.7	0.7213114754098361	factorial	5.0001434	5.0002267	3627	50002267	f005	20	24.1989	0.2099449999999999	0.2099449999999999	23.5989	25.1989	False	0.07999999999999989	26.382849897241996	0.31914249486209983	-0.10919749486209991	diagnostic_kmer_10_90_spread_not_sampling_CI
6302	condition_005	5	iid_low_indel	0.001	0.001	0.001	0.02	61	0.7	0.6065573770491803	factorial	5.0001434	5.0002267	3627	50002267	f006	20	15.5993	-0.22003500000000004	0.22003500000000004	13.3994	18.9991	False	0.27998499999999993	24.199305963904955	0.20996529819524773	-0.43000029819524777	diagnostic_kmer_10_90_spread_not_sampling_CI
6302	condition_005	5	iid_low_indel	0.001	0.001	0.001	0.0	61	0.3	0.3114754098360656	factorial	5.0001434	5.0002267	3627	50002267	f007	80	63.9971	-0.20003624999999997	0.20003624999999997	62.7972	64.3971	False	0.019998749999999975	67.98165684345878	-0.15022928945676525	-0.049806960543234705	diagnostic_kmer_10_90_spread_not_sampling_CI
6302	condition_005	5	iid_low_indel	0.001	0.001	0.001	0.02	61	0.3	0.32786885245901637	factorial	5.0001434	5.0002267	3627	50002267	f008	80	65.797	-0.17753750000000004	0.17753750000000004	61.9972	70.1968	False	0.10249499999999996	109.39030530899457	0.36737881636243214	-0.5449163163624322	diagnostic_kmer_10_90_spread_not_sampling_CI
6302	condition_005	5	iid_low_indel	0.001	0.001	0.001	0.0	61	0.5	0.5901639344262295	factorial	5.0001434	5.0002267	3627	50002267	f009	80	112.7949	0.40993625	0.40993625	110.995	113.5948	False	0.032497500000000026	120.78342117738227	0.5097927647172783	-0.09985651471727834	diagnostic_kmer_10_90_spread_not_sampling_CI
6302	condition_005	5	iid_low_indel	0.001	0.001	0.001	0.02	61	0.5	0.5409836065573771	factorial	5.0001434	5.0002267	3627	50002267	f010	80	52.1976	-0.34753	0.34753	47.3979	60.7972	False	0.16749124999999995	82.75172504118156	0.034396563014769475	-0.38192656301476946	diagnostic_kmer_10_90_spread_not_sampling_CI
6302	condition_005	5	iid_low_indel	0.001	0.001	0.001	0.0	61	0.7	0.6065573770491803	factorial	5.0001434	5.0002267	3627	50002267	f011	80	67.7969	-0.15253875000000008	0.15253875000000008	66.397	68.3969	False	0.02499874999999996	71.34221620032135	-0.10822229749598318	-0.044316452504016904	diagnostic_kmer_10_90_spread_not_sampling_CI
6302	condition_005	5	iid_low_indel	0.001	0.001	0.001	0.02	61	0.7	0.6229508196721312	factorial	5.0001434	5.0002267	3627	50002267	f012	80	35.7984	-0.55252	0.55252	33.5985	39.1982	False	0.06999624999999998	56.23773136415956	-0.29702835794800553	-0.2554916420519945	diagnostic_kmer_10_90_spread_not_sampling_CI
6302	condition_005	5	iid_low_indel	0.001	0.001	0.001	0.0	61	0.3	0.29508196721311475	factorial	5.0001434	5.0002267	3627	50002267	f013	200	180.3918	-0.09804100000000006	0.09804100000000006	178.5919	182.3917	False	0.01899899999999988	192.25022396849462	-0.03874888015752689	-0.05929211984247317	diagnostic_kmer_10_90_spread_not_sampling_CI
6302	condition_005	5	iid_low_indel	0.001	0.001	0.001	0.02	61	0.3	0.29508196721311475	factorial	5.0001434	5.0002267	3627	50002267	f014	200	188.7914	-0.05604299999999995	0.05604299999999995	173.1921	196.9911	False	0.11899499999999989	311.1123887720999	0.5555619438604995	-0.6116049438604995	diagnostic_kmer_10_90_spread_not_sampling_CI
6302	condition_005	5	iid_low_indel	0.001	0.001	0.001	0.0	61	0.5	0.4426229508196721	factorial	5.0001434	5.0002267	3627	50002267	f015	200	224.3898	0.12194900000000004	0.12194900000000004	220.59	226.5897	False	0.02999849999999995	237.707936634738	0.18853968317368996	-0.06659068317368991	diagnostic_kmer_10_90_spread_not_sampling_CI
6302	condition_005	5	iid_low_indel	0.001	0.001	0.001	0.02	61	0.5	0.4918032786885246	factorial	5.0001434	5.0002267	3627	50002267	f016	200	94.1957	-0.5290215	0.5290215	89.7959	101.7954	False	0.05999749999999999	163.01171826654308	-0.1849414086672846	-0.3440800913327154	diagnostic_kmer_10_90_spread_not_sampling_CI
6302	condition_005	5	iid_low_indel	0.001	0.001	0.001	0.0	61	0.7	0.639344262295082	factorial	5.0001434	5.0002267	3627	50002267	f017	200	147.7933	-0.2610335000000001	0.2610335000000001	146.5934	148.9932	False	0.011998999999999996	157.13647693239895	-0.21431761533800525	-0.046715884661994805	diagnostic_kmer_10_90_spread_not_sampling_CI
6302	condition_005	5	iid_low_indel	0.001	0.001	0.001	0.02	61	0.7	0.7377049180327869	factorial	5.0001434	5.0002267	3627	50002267	f018	200	105.9952	-0.470024	0.470024	98.3955	111.3949	False	0.06499700000000004	166.1788405482301	-0.16910579725884944	-0.30091820274115055	diagnostic_kmer_10_90_spread_not_sampling_CI
6302	condition_005	5	iid_low_indel	0.001	0.001	0.001	0.0	171	0.3	0.3508771929824561	factorial	5.0001434	5.0002267	3627	50002267	f019	20	7.3997	-0.630015	0.630015	6.7997	7.7996	False	0.04999500000000001	7.999770566580151	-0.6000114716709926	-0.030003528329007524	diagnostic_kmer_10_90_spread_not_sampling_CI
6302	condition_005	5	iid_low_indel	0.001	0.001	0.001	0.02	171	0.3	0.29239766081871343	factorial	5.0001434	5.0002267	3627	50002267	f020	20	15.5993	-0.22003500000000004	0.22003500000000004	13.1994	17.9992	False	0.23998999999999987	27.814406961170928	0.3907203480585464	-0.6107553480585464	diagnostic_kmer_10_90_spread_not_sampling_CI
6302	condition_005	5	iid_low_indel	0.001	0.001	0.001	0.0	171	0.5	0.47953216374269003	factorial	5.0001434	5.0002267	3627	50002267	f021	20	23.7989	0.18994499999999997	0.18994499999999997	22.599	24.1989	False	0.0799949999999999	25.229685769337284	0.26148428846686417	-0.07153928846686419	diagnostic_kmer_10_90_spread_not_sampling_CI
6302	condition_005	5	iid_low_indel	0.001	0.001	0.001	0.02	171	0.5	0.49122807017543857	factorial	5.0001434	5.0002267	3627	50002267	f022	20	13.3994	-0.33003	0.33003	10.9995	15.5993	False	0.22999	21.34675619608493	0.06733780980424645	-0.39736780980424646	diagnostic_kmer_10_90_spread_not_sampling_CI
6302	condition_005	5	iid_low_indel	0.001	0.001	0.001	0.0	171	0.7	0.7309941520467836	factorial	5.0001434	5.0002267	3627	50002267	f023	20	18.9991	-0.050045000000000076	0.050045000000000076	18.1992	19.3991	False	0.05999499999999998	20.31286771935147	0.015643385967573486	-0.06568838596757356	diagnostic_kmer_10_90_spread_not_sampling_CI
6302	condition_005	5	iid_low_indel	0.001	0.001	0.001	0.02	171	0.7	0.7777777777777778	factorial	5.0001434	5.0002267	3627	50002267	f024	20	25.1989	0.2599449999999999	0.2599449999999999	18.1992	31.5986	True	0.66997	45.433784678353675	1.2716892339176837	-1.0117442339176839	diagnostic_kmer_10_90_spread_not_sampling_CI
6302	condition_005	5	iid_low_indel	0.001	0.001	0.001	0.0	171	0.3	0.26900584795321636	factorial	5.0001434	5.0002267	3627	50002267	f025	80	86.1961	0.07745125000000001	0.07745125000000001	85.1961	86.9961	False	0.022499999999999964	91.41375252258351	0.14267190653229384	-0.06522065653229384	diagnostic_kmer_10_90_spread_not_sampling_CI
6302	condition_005	5	iid_low_indel	0.001	0.001	0.001	0.02	171	0.3	0.30994152046783624	factorial	5.0001434	5.0002267	3627	50002267	f026	80	76.1965	-0.047543749999999996	0.047543749999999996	66.397	82.1963	True	0.19749124999999984	118.83518829802769	0.4854398537253461	-0.5329836037253461	diagnostic_kmer_10_90_spread_not_sampling_CI
6302	condition_005	5	iid_low_indel	0.001	0.001	0.001	0.0	171	0.5	0.5263157894736842	factorial	5.0001434	5.0002267	3627	50002267	f027	80	66.397	-0.17003749999999992	0.17003749999999992	65.397	67.3969	False	0.02499874999999996	70.63306196308115	-0.11708672546148566	-0.05295077453851427	diagnostic_kmer_10_90_spread_not_sampling_CI
6302	condition_005	5	iid_low_indel	0.001	0.001	0.001	0.02	171	0.5	0.49707602339181284	factorial	5.0001434	5.0002267	3627	50002267	f028	80	54.5975	-0.31753125000000004	0.31753125000000004	48.1978	59.5973	False	0.14249374999999995	89.48164419276034	0.11852055240950428	-0.4360518024095043	diagnostic_kmer_10_90_spread_not_sampling_CI
6302	condition_005	5	iid_low_indel	0.001	0.001	0.001	0.0	171	0.7	0.7017543859649122	factorial	5.0001434	5.0002267	3627	50002267	f029	80	94.5957	0.18244624999999992	0.18244624999999992	92.3958	95.3957	False	0.037498750000000136	100.22285660262469	0.2527857075328086	-0.07033945753280868	diagnostic_kmer_10_90_spread_not_sampling_CI
6302	condition_005	5	iid_low_indel	0.001	0.001	0.001	0.02	171	0.7	0.6900584795321637	factorial	5.0001434	5.0002267	3627	50002267	f030	80	47.7978	-0.4025275	0.4025275	41.1981	53.9976	False	0.15999375000000002	81.06434174134553	0.01330427176681912	-0.41583177176681907	diagnostic_kmer_10_90_spread_not_sampling_CI
6302	condition_005	5	iid_low_indel	0.001	0.001	0.001	0.0	171	0.3	0.30409356725146197	factorial	5.0001434	5.0002267	3627	50002267	f031	200	165.9925	-0.17003749999999995	0.17003749999999995	163.9926	166.9924	False	0.014998999999999967	176.08617791859274	-0.1195691104070363	-0.05046838959296366	diagnostic_kmer_10_90_spread_not_sampling_CI
6302	condition_005	5	iid_low_indel	0.001	0.001	0.001	0.02	171	0.3	0.28654970760233917	factorial	5.0001434	5.0002267	3627	50002267	f032	200	153.1931	-0.23403450000000006	0.23403450000000006	142.3935	168.1924	False	0.1289945	252.54597335575318	0.26272986677876586	-0.49676436677876595	diagnostic_kmer_10_90_spread_not_sampling_CI
6302	condition_005	5	iid_low_indel	0.001	0.001	0.001	0.0	171	0.5	0.49707602339181284	factorial	5.0001434	5.0002267	3627	50002267	f033	200	203.5908	0.017954000000000008	0.017954000000000008	199.591	206.3906	True	0.033997999999999994	216.18795177632668	0.08093975888163342	-0.06298575888163342	diagnostic_kmer_10_90_spread_not_sampling_CI
6302	condition_005	5	iid_low_indel	0.001	0.001	0.001	0.02	171	0.5	0.5964912280701754	factorial	5.0001434	5.0002267	3627	50002267	f034	200	163.9926	-0.18003699999999995	0.18003699999999995	152.7931	177.7919	False	0.12499399999999994	266.33388201210016	0.3316694100605008	-0.5117064100605008	diagnostic_kmer_10_90_spread_not_sampling_CI
6302	condition_005	5	iid_low_indel	0.001	0.001	0.001	0.0	171	0.7	0.7251461988304093	factorial	5.0001434	5.0002267	3627	50002267	f035	200	239.7891	0.19894549999999994	0.19894549999999994	237.1892	241.589	False	0.021998999999999994	254.52018574118992	0.2726009287059496	-0.07365542870594964	diagnostic_kmer_10_90_spread_not_sampling_CI
6302	condition_005	5	iid_low_indel	0.001	0.001	0.001	0.02	171	0.7	0.7309941520467836	factorial	5.0001434	5.0002267	3627	50002267	f036	200	68.3969	-0.6580154999999999	0.6580154999999999	65.197	71.3968	False	0.03099899999999998	108.98166972734964	-0.4550916513632518	-0.2029238486367482	diagnostic_kmer_10_90_spread_not_sampling_CI
6302	condition_005	5	iid_low_indel	0.001	0.001	0.001	0.0	421	0.3	0.3016627078384798	factorial	5.0001434	5.0002267	3627	50002267	f037	20	25.1989	0.2599449999999999	0.2599449999999999	24.5989	25.9988	False	0.06999499999999995	26.89851596148859	0.3449257980744296	-0.08498079807442967	diagnostic_kmer_10_90_spread_not_sampling_CI
6302	condition_005	5	iid_low_indel	0.001	0.001	0.001	0.02	421	0.3	0.27078384798099764	factorial	5.0001434	5.0002267	3627	50002267	f038	20	11.7995	-0.410025	0.410025	9.9995	13.9994	False	0.199995	19.42462104913672	-0.028768947543163927	-0.3812560524568361	diagnostic_kmer_10_90_spread_not_sampling_CI
6302	condition_005	5	iid_low_indel	0.001	0.001	0.001	0.0	421	0.5	0.5201900237529691	factorial	5.0001434	5.0002267	3627	50002267	f039	20	16.7992	-0.16004000000000004	0.16004000000000004	15.9993	17.3992	False	0.06999500000000003	17.78333795486508	-0.11083310225674606	-0.049206897743254	diagnostic_kmer_10_90_spread_not_sampling_CI
6302	condition_005	5	iid_low_indel	0.001	0.001	0.001	0.02	421	0.5	0.5130641330166271	factorial	5.0001434	5.0002267	3627	50002267	f040	20	14.5993	-0.270035	0.270035	11.3995	16.9992	False	0.27998499999999993	23.320946357158714	0.16604731785793572	-0.4360823178579357	diagnostic_kmer_10_90_spread_not_sampling_CI
6302	condition_005	5	iid_low_indel	0.001	0.001	0.001	0.0	421	0.7	0.7268408551068883	factorial	5.0001434	5.0002267	3627	50002267	f041	20	15.9993	-0.20003500000000002	0.20003500000000002	15.1993	16.5992	False	0.06999500000000003	17.05936821950474	-0.14703158902476296	-0.053003410975237045	diagnostic_kmer_10_90_spread_not_sampling_CI
6302	condition_005	5	iid_low_indel	0.001	0.001	0.001	0.02	421	0.7	0.7102137767220903	factorial	5.0001434	5.0002267	3627	50002267	f042	20	8.3996	-0.58002	0.58002	6.5997	10.1995	False	0.17999	13.048556883778122	-0.3475721558110939	-0.23244784418890613	diagnostic_kmer_10_90_spread_not_sampling_CI
6302	condition_005	5	iid_low_indel	0.001	0.001	0.001	0.0	421	0.3	0.32304038004750596	factorial	5.0001434	5.0002267	3627	50002267	f043	80	69.9968	-0.1250400000000001	0.1250400000000001	68.7969	70.9968	False	0.027498749999999995	74.1204395464589	-0.07349450566926378	-0.0515454943307363	diagnostic_kmer_10_90_spread_not_sampling_CI
6302	condition_005	5	iid_low_indel	0.001	0.001	0.001	0.02	421	0.3	0.29691211401425177	factorial	5.0001434	5.0002267	3627	50002267	f044	80	45.3979	-0.43252625	0.43252625	41.7981	50.1977	False	0.10499499999999999	71.86492228695043	-0.10168847141311961	-0.3308377785868804	diagnostic_kmer_10_90_spread_not_sampling_CI
6302	condition_005	5	iid_low_indel	0.001	0.001	0.001	0.0	421	0.5	0.47268408551068886	factorial	5.0001434	5.0002267	3627	50002267	f045	80	91.1959	0.13994874999999993	0.13994874999999993	90.1959	92.5958	False	0.02999875000000003	97.04709792438592	0.21308872405482404	-0.07313997405482411	diagnostic_kmer_10_90_spread_not_sampling_CI
6302	condition_005	5	iid_low_indel	0.001	0.001	0.001	0.02	421	0.5	0.501187648456057	factorial	5.0001434	5.0002267	3627	50002267	f046	80	57.9974	-0.2750325	0.2750325	52.1976	63.1971	False	0.13749374999999997	94.57590989069531	0.18219887363369142	-0.45723137363369143	diagnostic_kmer_10_90_spread_not_sampling_CI
6302	condition_005	5	iid_low_indel	0.001	0.001	0.001	0.0	421	0.7	0.6959619952494062	factorial	5.0001434	5.0002267	3627	50002267	f047	80	36.7983	-0.54002125	0.54002125	35.9984	37.5983	False	0.019998750000000065	39.14187028526948	-0.5107266214341315	-0.029294628565868574	diagnostic_kmer_10_90_spread_not_sampling_CI
6302	condition_005	5	iid_low_indel	0.001	0.001	0.001	0.02	421	0.7	0.6745843230403801	factorial	5.0001434	5.0002267	3627	50002267	f048	80	64.3971	-0.19503625000000008	0.19503625000000008	57.7974	71.5968	False	0.1724925	105.45303261415053	0.3181629076768816	-0.5131991576768817	diagnostic_kmer_10_90_spread_not_sampling_CI
6302	condition_005	5	iid_low_indel	0.001	0.001	0.001	0.0	421	0.3	0.33729216152019004	factorial	5.0001434	5.0002267	3627	50002267	f049	200	233.7894	0.168947	0.168947	231.1895	235.7893	False	0.02299899999999994	248.59999604284982	0.24299998021424912	-0.07405298021424912	diagnostic_kmer_10_90_spread_not_sampling_CI
6302	condition_005	5	iid_low_indel	0.001	0.001	0.001	0.02	421	0.3	0.2992874109263658	factorial	5.0001434	5.0002267	3627	50002267	f050	200	135.5939	-0.32203050000000005	0.32203050000000005	125.5943	144.5934	False	0.0949955	217.95099382107918	0.0897549691053959	-0.41178546910539593	diagnostic_kmer_10_90_spread_not_sampling_CI
6302	condition_005	5	iid_low_indel	0.001	0.001	0.001	0.0	421	0.5	0.4845605700712589	factorial	5.0001434	5.0002267	3627	50002267	f051	200	163.5926	-0.18203699999999998	0.18203699999999998	160.5927	165.3925	False	0.023999000000000024	174.10379530172557	-0.12948102349137217	-0.052555976508627825	diagnostic_kmer_10_90_spread_not_sampling_CI
6302	condition_005	5	iid_low_indel	0.001	0.001	0.001	0.02	421	0.5	0.503562945368171	factorial	5.0001434	5.0002267	3627	50002267	f052	200	138.5937	-0.30703149999999996	0.30703149999999996	127.3942	148.3933	False	0.10499550000000006	220.19796025694163	0.10098980128470814	-0.4080213012847081	diagnostic_kmer_10_90_spread_not_sampling_CI
6302	condition_005	5	iid_low_indel	0.001	0.001	0.001	0.0	421	0.7	0.684085510688836	factorial	5.0001434	5.0002267	3627	50002267	f053	200	271.9877	0.3599385000000001	0.3599385000000001	269.1878	274.1876	False	0.024998999999999966	289.62779798781787	0.44813898993908935	-0.08820048993908927	diagnostic_kmer_10_90_spread_not_sampling_CI
6302	condition_005	5	iid_low_indel	0.001	0.001	0.001	0.02	421	0.7	0.6983372921615202	factorial	5.0001434	5.0002267	3627	50002267	f054	200	141.1936	-0.29403199999999996	0.29403199999999996	131.1941	152.1931	False	0.10499499999999998	231.6171101904009	0.15808555095200447	-0.45211755095200445	diagnostic_kmer_10_90_spread_not_sampling_CI
6302	condition_005	5	iid_low_indel	0.001	0.001	0.001	0.01	171	0.5	0.5321637426900585	megabase	5.0001434	5.0002267	3627	50002267	megabase_171	6000	4787.5829	-0.20206951666666662	0.20206951666666662	4757.1843	4909.7774	False	0.02543218333333334	6330.685102617924	0.05511418376965397	-0.25718370043632055	diagnostic_kmer_10_90_spread_not_sampling_CI
6302	condition_006	5	iid_high_indel	0.01	0.005	0.005	0.0	61	0.3	0.22950819672131148	factorial	5.0001434	5.0001379	3627	50001379	f001	20	13.9996	-0.30002000000000006	0.30002000000000006	13.1996	15.3996	False	0.10999999999999996	22.143627215853417	0.10718136079267086	-0.4072013607926709	diagnostic_kmer_10_90_spread_not_sampling_CI
6302	condition_006	5	iid_high_indel	0.01	0.005	0.005	0.02	61	0.3	0.22950819672131148	factorial	5.0001434	5.0001379	3627	50001379	f002	20	5.1999	-0.740005	0.740005	4.5999	6.5998	False	0.09999500000000001	11.999655849870226	-0.40001720750648867	-0.3399877924935113	diagnostic_kmer_10_90_spread_not_sampling_CI
6302	condition_006	5	iid_high_indel	0.01	0.005	0.005	0.0	61	0.5	0.47540983606557374	factorial	5.0001434	5.0001379	3627	50001379	f003	20	12.3997	-0.38001500000000005	0.38001500000000005	11.7997	12.7996	False	0.04999500000000001	17.743753404234333	-0.11281232978828334	-0.2672026702117167	diagnostic_kmer_10_90_spread_not_sampling_CI
6302	condition_006	5	iid_high_indel	0.01	0.005	0.005	0.02	61	0.5	0.5245901639344263	factorial	5.0001434	5.0001379	3627	50001379	f004	20	4.1999	-0.7900050000000001	0.7900050000000001	3.7999	4.5999	False	0.039999999999999994	11.809497369189224	-0.4095251315405388	-0.38047986845946113	diagnostic_kmer_10_90_spread_not_sampling_CI
6302	condition_006	5	iid_high_indel	0.01	0.005	0.005	0.0	61	0.7	0.7213114754098361	factorial	5.0001434	5.0001379	3627	50001379	f005	20	16.9995	-0.15002499999999994	0.15002499999999994	16.3995	18.9995	False	0.13000000000000006	26.382849897241996	0.31914249486209983	-0.46916749486209974	diagnostic_kmer_10_90_spread_not_sampling_CI
6302	condition_006	5	iid_high_indel	0.01	0.005	0.005	0.02	61	0.7	0.6065573770491803	factorial	5.0001434	5.0001379	3627	50001379	f006	20	11.9997	-0.40001499999999995	0.40001499999999995	10.3997	12.5997	False	0.11000000000000006	24.199305963904955	0.20996529819524773	-0.6099802981952477	diagnostic_kmer_10_90_spread_not_sampling_CI
6302	condition_006	5	iid_high_indel	0.01	0.005	0.005	0.0	61	0.3	0.3114754098360656	factorial	5.0001434	5.0001379	3627	50001379	f007	80	44.1988	-0.447515	0.447515	42.9988	45.1988	False	0.027499999999999948	67.98165684345878	-0.15022928945676525	-0.29728571054323477	diagnostic_kmer_10_90_spread_not_sampling_CI
6302	condition_006	5	iid_high_indel	0.01	0.005	0.005	0.02	61	0.3	0.32786885245901637	factorial	5.0001434	5.0001379	3627	50001379	f008	80	46.5987	-0.41751625	0.41751625	42.5988	50.7986	False	0.10249750000000005	109.39030530899457	0.36737881636243214	-0.7848950663624321	diagnostic_kmer_10_90_spread_not_sampling_CI
6302	condition_006	5	iid_high_indel	0.01	0.005	0.005	0.0	61	0.5	0.5901639344262295	factorial	5.0001434	5.0001379	3627	50001379	f009	80	80.7978	0.00997249999999994	0.00997249999999994	76.3979	82.3977	True	0.07499749999999991	120.78342117738227	0.5097927647172783	-0.49982026471727836	diagnostic_kmer_10_90_spread_not_sampling_CI
6302	condition_006	5	iid_high_indel	0.01	0.005	0.005	0.02	61	0.5	0.5409836065573771	factorial	5.0001434	5.0001379	3627	50001379	f010	80	36.399	-0.5450125	0.5450125	31.7991	41.5989	False	0.12249750000000001	82.75172504118156	0.034396563014769475	-0.5794090630147695	diagnostic_kmer_10_90_spread_not_sampling_CI
6302	condition_006	5	iid_high_indel	0.01	0.005	0.005	0.0	61	0.7	0.6065573770491803	factorial	5.0001434	5.0001379	3627	50001379	f011	80	46.7987	-0.41501625000000003	0.41501625000000003	45.1988	48.7987	False	0.044998749999999976	71.34221620032135	-0.10822229749598318	-0.30679395250401686	diagnostic_kmer_10_90_spread_not_sampling_CI
6302	condition_006	5	iid_high_indel	0.01	0.005	0.005	0.02	61	0.7	0.6229508196721312	factorial	5.0001434	5.0001379	3627	50001379	f012	80	25.5993	-0.68000875	0.68000875	23.5993	26.7993	False	0.039999999999999994	56.23773136415956	-0.29702835794800553	-0.38298039205199447	diagnostic_kmer_10_90_spread_not_sampling_CI
6302	condition_006	5	iid_high_indel	0.01	0.005	0.005	0.0	61	0.3	0.29508196721311475	factorial	5.0001434	5.0001379	3627	50001379	f013	200	127.5965	-0.3620175	0.3620175	123.7966	130.5964	False	0.03399899999999995	192.25022396849462	-0.03874888015752689	-0.32326861984247307	diagnostic_kmer_10_90_spread_not_sampling_CI
6302	condition_006	5	iid_high_indel	0.01	0.005	0.005	0.02	61	0.3	0.29508196721311475	factorial	5.0001434	5.0001379	3627	50001379	f014	200	131.5964	-0.34201800000000004	0.34201800000000004	119.3967	138.7962	False	0.09699750000000001	311.1123887720999	0.5555619438604995	-0.8975799438604996	diagnostic_kmer_10_90_spread_not_sampling_CI
6302	condition_006	5	iid_high_indel	0.01	0.005	0.005	0.0	61	0.5	0.4426229508196721	factorial	5.0001434	5.0001379	3627	50001379	f015	200	157.3957	-0.21302149999999997	0.21302149999999997	154.5957	159.9956	False	0.026999500000000013	237.707936634738	0.18853968317368996	-0.40156118317368994	diagnostic_kmer_10_90_spread_not_sampling_CI
6302	condition_006	5	iid_high_indel	0.01	0.005	0.005	0.02	61	0.5	0.4918032786885246	factorial	5.0001434	5.0001379	3627	50001379	f016	200	67.1981	-0.6640094999999999	0.6640094999999999	62.9983	74.5979	False	0.05799799999999997	163.01171826654308	-0.1849414086672846	-0.47906809133271544	diagnostic_kmer_10_90_spread_not_sampling_CI
6302	condition_006	5	iid_high_indel	0.01	0.005	0.005	0.0	61	0.7	0.639344262295082	factorial	5.0001434	5.0001379	3627	50001379	f017	200	103.5971	-0.4820145	0.4820145	101.3972	107.397	False	0.02999900000000004	157.13647693239895	-0.21431761533800525	-0.26769688466199476	diagnostic_kmer_10_90_spread_not_sampling_CI
6302	condition_006	5	iid_high_indel	0.01	0.005	0.005	0.02	61	0.7	0.7377049180327869	factorial	5.0001434	5.0001379	3627	50001379	f018	200	75.1979	-0.6240105	0.6240105	69.3981	79.1978	False	0.04899850000000001	166.1788405482301	-0.16910579725884944	-0.4549047027411505	diagnostic_kmer_10_90_spread_not_sampling_CI
6302	condition_006	5	iid_high_indel	0.01	0.005	0.005	0.0	171	0.3	0.3508771929824561	factorial	5.0001434	5.0001379	3627	50001379	f019	20	5.5998	-0.72001	0.72001	4.5999	6.5998	False	0.09999500000000001	7.999770566580151	-0.6000114716709926	-0.11999852832900752	diagnostic_kmer_10_90_spread_not_sampling_CI
6302	condition_006	5	iid_high_indel	0.01	0.005	0.005	0.02	171	0.3	0.29239766081871343	factorial	5.0001434	5.0001379	3627	50001379	f020	20	11.1997	-0.440015	0.440015	8.5998	13.7996	False	0.25999	27.814406961170928	0.3907203480585464	-0.8307353480585464	diagnostic_kmer_10_90_spread_not_sampling_CI
6302	condition_006	5	iid_high_indel	0.01	0.005	0.005	0.0	171	0.5	0.47953216374269003	factorial	5.0001434	5.0001379	3627	50001379	f021	20	16.9995	-0.15002499999999994	0.15002499999999994	15.5996	18.3995	False	0.13999499999999995	25.229685769337284	0.26148428846686417	-0.41150928846686413	diagnostic_kmer_10_90_spread_not_sampling_CI
6302	condition_006	5	iid_high_indel	0.01	0.005	0.005	0.02	171	0.5	0.49122807017543857	factorial	5.0001434	5.0001379	3627	50001379	f022	20	9.1997	-0.540015	0.540015	7.3998	11.1997	False	0.189995	21.34675619608493	0.06733780980424645	-0.6073528098042464	diagnostic_kmer_10_90_spread_not_sampling_CI
6302	condition_006	5	iid_high_indel	0.01	0.005	0.005	0.0	171	0.7	0.7309941520467836	factorial	5.0001434	5.0001379	3627	50001379	f023	20	13.7996	-0.31002	0.31002	12.1997	15.3996	False	0.15999499999999997	20.31286771935147	0.015643385967573486	-0.3256633859675735	diagnostic_kmer_10_90_spread_not_sampling_CI
6302	condition_006	5	iid_high_indel	0.01	0.005	0.005	0.02	171	0.7	0.7777777777777778	factorial	5.0001434	5.0001379	3627	50001379	f024	20	17.7995	-0.11002500000000008	0.11002500000000008	12.7996	23.1994	True	0.5199900000000001	45.433784678353675	1.2716892339176837	-1.3817142339176838	diagnostic_kmer_10_90_spread_not_sampling_CI
6302	condition_006	5	iid_high_indel	0.01	0.005	0.005	0.0	171	0.3	0.26900584795321636	factorial	5.0001434	5.0001379	3627	50001379	f025	80	59.5984	-0.25502	0.25502	57.7984	62.3983	False	0.057498749999999973	91.41375252258351	0.14267190653229384	-0.39769190653229386	diagnostic_kmer_10_90_spread_not_sampling_CI
6302	condition_006	5	iid_high_indel	0.01	0.005	0.005	0.02	171	0.3	0.30994152046783624	factorial	5.0001434	5.0001379	3627	50001379	f026	80	53.5985	-0.33001874999999997	0.33001874999999997	45.9987	58.7984	False	0.15999625	118.83518829802769	0.4854398537253461	-0.8154586037253461	diagnostic_kmer_10_90_spread_not_sampling_CI
6302	condition_006	5	iid_high_indel	0.01	0.005	0.005	0.0	171	0.5	0.5263157894736842	factorial	5.0001434	5.0001379	3627	50001379	f027	80	46.3987	-0.42001625000000004	0.42001625000000004	44.7988	47.9987	False	0.03999874999999999	70.63306196308115	-0.11708672546148566	-0.30292952453851435	diagnostic_kmer_10_90_spread_not_sampling_CI
6302	condition_006	5	iid_high_indel	0.01	0.005	0.005	0.02	171	0.5	0.49707602339181284	factorial	5.0001434	5.0001379	3627	50001379	f028	80	39.3989	-0.50751375	0.50751375	34.3991	43.5988	False	0.11499625	89.48164419276034	0.11852055240950428	-0.6260343024095043	diagnostic_kmer_10_90_spread_not_sampling_CI
6302	condition_006	5	iid_high_indel	0.01	0.005	0.005	0.0	171	0.7	0.7017543859649122	factorial	5.0001434	5.0001379	3627	50001379	f029	80	65.9982	-0.17502250000000003	0.17502250000000003	63.1983	69.7981	False	0.08249750000000003	100.22285660262469	0.2527857075328086	-0.4278082075328086	diagnostic_kmer_10_90_spread_not_sampling_CI
6302	condition_006	5	iid_high_indel	0.01	0.005	0.005	0.02	171	0.7	0.6900584795321637	factorial	5.0001434	5.0001379	3627	50001379	f030	80	33.3991	-0.58251125	0.58251125	29.5992	37.999	False	0.10499750000000004	81.06434174134553	0.01330427176681912	-0.5958155217668192	diagnostic_kmer_10_90_spread_not_sampling_CI
6302	condition_006	5	iid_high_indel	0.01	0.005	0.005	0.0	171	0.3	0.30409356725146197	factorial	5.0001434	5.0001379	3627	50001379	f031	200	115.1968	-0.424016	0.424016	112.3969	118.3967	False	0.029998999999999967	176.08617791859274	-0.1195691104070363	-0.30444688959296373	diagnostic_kmer_10_90_spread_not_sampling_CI
6302	condition_006	5	iid_high_indel	0.01	0.005	0.005	0.02	171	0.3	0.28654970760233917	factorial	5.0001434	5.0001379	3627	50001379	f032	200	107.597	-0.462015	0.462015	100.5972	119.1967	False	0.09299750000000002	252.54597335575318	0.26272986677876586	-0.7247448667787659	diagnostic_kmer_10_90_spread_not_sampling_CI
6302	condition_006	5	iid_high_indel	0.01	0.005	0.005	0.0	171	0.5	0.49707602339181284	factorial	5.0001434	5.0001379	3627	50001379	f033	200	143.1961	-0.2840195	0.2840195	139.5961	146.596	False	0.03499949999999998	216.18795177632668	0.08093975888163342	-0.36495925888163344	diagnostic_kmer_10_90_spread_not_sampling_CI
6302	condition_006	5	iid_high_indel	0.01	0.005	0.005	0.02	171	0.5	0.5964912280701754	factorial	5.0001434	5.0001379	3627	50001379	f034	200	114.7968	-0.42601599999999995	0.42601599999999995	108.797	127.1965	False	0.09199750000000001	266.33388201210016	0.3316694100605008	-0.7576854100605007	diagnostic_kmer_10_90_spread_not_sampling_CI
6302	condition_006	5	iid_high_indel	0.01	0.005	0.005	0.0	171	0.7	0.7251461988304093	factorial	5.0001434	5.0001379	3627	50001379	f035	200	168.7953	-0.1560235	0.1560235	164.1955	172.7952	False	0.04299849999999992	254.52018574118992	0.2726009287059496	-0.42862442870594963	diagnostic_kmer_10_90_spread_not_sampling_CI
6302	condition_006	5	iid_high_indel	0.01	0.005	0.005	0.02	171	0.7	0.7309941520467836	factorial	5.0001434	5.0001379	3627	50001379	f036	200	47.9987	-0.7600065	0.7600065	44.5988	51.9986	False	0.03699900000000003	108.98166972734964	-0.4550916513632518	-0.3049148486367482	diagnostic_kmer_10_90_spread_not_sampling_CI
6302	condition_006	5	iid_high_indel	0.01	0.005	0.005	0.0	421	0.3	0.3016627078384798	factorial	5.0001434	5.0001379	3627	50001379	f037	20	17.5995	-0.12002500000000005	0.12002500000000005	15.9996	18.5995	False	0.129995	26.89851596148859	0.3449257980744296	-0.4649507980744296	diagnostic_kmer_10_90_spread_not_sampling_CI
6302	condition_006	5	iid_high_indel	0.01	0.005	0.005	0.02	421	0.3	0.27078384798099764	factorial	5.0001434	5.0001379	3627	50001379	f038	20	8.5998	-0.57001	0.57001	7.1998	10.1997	False	0.14999500000000002	19.42462104913672	-0.028768947543163927	-0.5412410524568361	diagnostic_kmer_10_90_spread_not_sampling_CI
6302	condition_006	5	iid_high_indel	0.01	0.005	0.005	0.0	421	0.5	0.5201900237529691	factorial	5.0001434	5.0001379	3627	50001379	f039	20	11.5997	-0.42001499999999997	0.42001499999999997	10.3997	12.9996	False	0.129995	17.78333795486508	-0.11083310225674606	-0.30918189774325394	diagnostic_kmer_10_90_spread_not_sampling_CI
6302	condition_006	5	iid_high_indel	0.01	0.005	0.005	0.02	421	0.5	0.5130641330166271	factorial	5.0001434	5.0001379	3627	50001379	f040	20	10.3997	-0.480015	0.480015	8.1998	12.9996	False	0.23998999999999998	23.320946357158714	0.16604731785793572	-0.6460623178579358	diagnostic_kmer_10_90_spread_not_sampling_CI
6302	condition_006	5	iid_high_indel	0.01	0.005	0.005	0.0	421	0.7	0.7268408551068883	factorial	5.0001434	5.0001379	3627	50001379	f041	20	11.5997	-0.42001499999999997	0.42001499999999997	10.1997	12.5997	False	0.12000000000000002	17.05936821950474	-0.14703158902476296	-0.27298341097523704	diagnostic_kmer_10_90_spread_not_sampling_CI
6302	condition_006	5	iid_high_indel	0.01	0.005	0.005	0.02	421	0.7	0.7102137767220903	factorial	5.0001434	5.0001379	3627	50001379	f042	20	5.9998	-0.70001	0.70001	4.3999	7.7998	False	0.16999500000000003	13.048556883778122	-0.3475721558110939	-0.3524378441889061	diagnostic_kmer_10_90_spread_not_sampling_CI
6302	condition_006	5	iid_high_indel	0.01	0.005	0.005	0.0	421	0.3	0.32304038004750596	factorial	5.0001434	5.0001379	3627	50001379	f043	80	49.1986	-0.3850175	0.3850175	47.1987	51.1986	False	0.04999874999999996	74.1204395464589	-0.07349450566926378	-0.3115229943307362	diagnostic_kmer_10_90_spread_not_sampling_CI
6302	condition_006	5	iid_high_indel	0.01	0.005	0.005	0.02	421	0.3	0.29691211401425177	factorial	5.0001434	5.0001379	3627	50001379	f044	80	32.3991	-0.59501125	0.59501125	28.9992	35.199	False	0.0774975	71.86492228695043	-0.10168847141311961	-0.49332277858688045	diagnostic_kmer_10_90_spread_not_sampling_CI
6302	condition_006	5	iid_high_indel	0.01	0.005	0.005	0.0	421	0.5	0.47268408551068886	factorial	5.0001434	5.0001379	3627	50001379	f045	80	64.1982	-0.1975225	0.1975225	61.5983	66.5982	False	0.06249875000000005	97.04709792438592	0.21308872405482404	-0.41061122405482403	diagnostic_kmer_10_90_spread_not_sampling_CI
6302	condition_006	5	iid_high_indel	0.01	0.005	0.005	0.02	421	0.5	0.501187648456057	factorial	5.0001434	5.0001379	3627	50001379	f046	80	41.5989	-0.48001375	0.48001375	37.599	45.5987	False	0.09999625000000005	94.57590989069531	0.18219887363369142	-0.6622126236336914	diagnostic_kmer_10_90_spread_not_sampling_CI
6302	condition_006	5	iid_high_indel	0.01	0.005	0.005	0.0	421	0.7	0.6959619952494062	factorial	5.0001434	5.0001379	3627	50001379	f047	80	25.9993	-0.6750087499999999	0.6750087499999999	23.5993	27.3992	False	0.04749875000000001	39.14187028526948	-0.5107266214341315	-0.16428212856586852	diagnostic_kmer_10_90_spread_not_sampling_CI
6302	condition_006	5	iid_high_indel	0.01	0.005	0.005	0.02	421	0.7	0.6745843230403801	factorial	5.0001434	5.0001379	3627	50001379	f048	80	44.9988	-0.437515	0.437515	39.9989	50.3986	False	0.12999625000000004	105.45303261415053	0.3181629076768816	-0.7556779076768816	diagnostic_kmer_10_90_spread_not_sampling_CI
6302	condition_006	5	iid_high_indel	0.01	0.005	0.005	0.0	421	0.3	0.33729216152019004	factorial	5.0001434	5.0001379	3627	50001379	f049	200	164.9954	-0.17502300000000004	0.17502300000000004	159.9956	168.7953	False	0.04399850000000001	248.59999604284982	0.24299998021424912	-0.41802298021424916	diagnostic_kmer_10_90_spread_not_sampling_CI
6302	condition_006	5	iid_high_indel	0.01	0.005	0.005	0.02	421	0.3	0.2992874109263658	factorial	5.0001434	5.0001379	3627	50001379	f050	200	96.1973	-0.5190135	0.5190135	87.5976	102.5972	False	0.07499800000000001	217.95099382107918	0.0897549691053959	-0.608768469105396	diagnostic_kmer_10_90_spread_not_sampling_CI
6302	condition_006	5	iid_high_indel	0.01	0.005	0.005	0.0	421	0.5	0.4845605700712589	factorial	5.0001434	5.0001379	3627	50001379	f051	200	115.7968	-0.421016	0.421016	112.9969	119.1967	False	0.03099900000000005	174.10379530172557	-0.12948102349137217	-0.2915349765086278	diagnostic_kmer_10_90_spread_not_sampling_CI
6302	condition_006	5	iid_high_indel	0.01	0.005	0.005	0.02	421	0.5	0.503562945368171	factorial	5.0001434	5.0001379	3627	50001379	f052	200	98.5973	-0.5070135	0.5070135	90.1975	105.3971	False	0.07599799999999995	220.19796025694163	0.10098980128470814	-0.6080033012847081	diagnostic_kmer_10_90_spread_not_sampling_CI
6302	condition_006	5	iid_high_indel	0.01	0.005	0.005	0.0	421	0.7	0.684085510688836	factorial	5.0001434	5.0001379	3627	50001379	f053	200	192.5947	-0.03702650000000005	0.03702650000000005	188.9948	195.5946	False	0.032999000000000084	289.62779798781787	0.44813898993908935	-0.4851654899390894	diagnostic_kmer_10_90_spread_not_sampling_CI
6302	condition_006	5	iid_high_indel	0.01	0.005	0.005	0.02	421	0.7	0.6983372921615202	factorial	5.0001434	5.0001379	3627	50001379	f054	200	100.1972	-0.499014	0.499014	91.3975	108.797	False	0.08699750000000002	231.6171101904009	0.15808555095200447	-0.6570995509520046	diagnostic_kmer_10_90_spread_not_sampling_CI
6302	condition_006	5	iid_high_indel	0.01	0.005	0.005	0.01	171	0.5	0.5321637426900585	megabase	5.0001434	5.0001379	3627	50001379	megabase_171	6000	3378.9068	-0.4368488666666666	0.4368488666666666	3346.7077	3463.7045	False	0.01949946666666665	6330.685102617924	0.05511418376965397	-0.4919630504363206	diagnostic_kmer_10_90_spread_not_sampling_CI
6302	condition_007	20	error_free	0	0	0	0.0	61	0.3	0.22950819672131148	factorial	20.0011744	20.0011744	14508	200011744	f001	20	18.3989	-0.08005499999999995	0.08005499999999995	17.499	18.3989	False	0.04499500000000012	18.461211039654962	-0.07693944801725187	-0.003115551982748066	diagnostic_kmer_10_90_spread_not_sampling_CI
6302	condition_007	20	error_free	0	0	0	0.02	61	0.3	0.22950819672131148	factorial	20.0011744	20.0011744	14508	200011744	f002	20	10.7494	-0.46253	0.46253	9.1495	11.4993	False	0.11749000000000001	15.272873668661456	-0.2363563165669272	-0.22617368343307281	diagnostic_kmer_10_90_spread_not_sampling_CI
6302	condition_007	20	error_free	0	0	0	0.0	61	0.5	0.47540983606557374	factorial	20.0011744	20.0011744	14508	200011744	f003	20	11.5493	-0.422535	0.422535	10.9994	11.6493	False	0.03249500000000003	11.625546856085332	-0.41872265719573337	-0.0038123428042665885	diagnostic_kmer_10_90_spread_not_sampling_CI
6302	condition_007	20	error_free	0	0	0	0.02	61	0.5	0.5245901639344263	factorial	20.0011744	20.0011744	14508	200011744	f004	20	11.9493	-0.40253500000000003	0.40253500000000003	10.9994	12.9492	False	0.09749	19.9291576287165	-0.0035421185641750343	-0.398992881435825	diagnostic_kmer_10_90_spread_not_sampling_CI
6302	condition_007	20	error_free	0	0	0	0.0	61	0.7	0.7213114754098361	factorial	20.0011744	20.0011744	14508	200011744	f005	20	23.4486	0.17242999999999994	0.17242999999999994	22.2987	23.4986	False	0.05999499999999998	23.5002594090298	0.17501297045148992	-0.002582970451489963	diagnostic_kmer_10_90_spread_not_sampling_CI
6302	condition_007	20	error_free	0	0	0	0.02	61	0.7	0.6065573770491803	factorial	20.0011744	20.0011744	14508	200011744	f006	20	10.2494	-0.48753	0.48753	8.6995	11.9993	False	0.16498999999999997	14.800770243033625	-0.25996148784831874	-0.22756851215168128	diagnostic_kmer_10_90_spread_not_sampling_CI
6302	condition_007	20	error_free	0	0	0	0.0	61	0.3	0.3114754098360656	factorial	20.0011744	20.0011744	14508	200011744	f007	80	76.0955	-0.04880624999999998	0.04880624999999998	75.1956	76.2455	False	0.0131237500000001	76.3119124071264	-0.04610109491092	-0.0027051550890799803	diagnostic_kmer_10_90_spread_not_sampling_CI
6302	condition_007	20	error_free	0	0	0	0.02	61	0.3	0.32786885245901637	factorial	20.0011744	20.0011744	14508	200011744	f008	80	54.8468	-0.314415	0.314415	50.547	58.1966	False	0.09562	84.96468300496149	0.06205853756201858	-0.37647353756201857	diagnostic_kmer_10_90_spread_not_sampling_CI
6302	condition_007	20	error_free	0	0	0	0.0	61	0.5	0.5901639344262295	factorial	20.0011744	20.0011744	14508	200011744	f009	80	82.5452	0.03181499999999993	0.03181499999999993	81.5452	82.7451	False	0.014998749999999995	82.74514120530843	0.034314265066355355	-0.0024992650663554273	diagnostic_kmer_10_90_spread_not_sampling_CI
6302	condition_007	20	error_free	0	0	0	0.02	61	0.5	0.5409836065573771	factorial	20.0011744	20.0011744	14508	200011744	f010	80	64.1462	-0.19817250000000008	0.19817250000000008	59.2965	76.3955	False	0.21373749999999997	96.9320130702253	0.2116501633778162	-0.40982266337781625	diagnostic_kmer_10_90_spread_not_sampling_CI
6302	condition_007	20	error_free	0	0	0	0.0	61	0.7	0.6065573770491803	factorial	20.0011744	20.0011744	14508	200011744	f011	80	86.1449	0.07681125000000008	0.07681125000000008	84.995	86.1949	False	0.014998749999999995	86.23837870535324	0.07797973381691552	-0.0011684838169154332	diagnostic_kmer_10_90_spread_not_sampling_CI
6302	condition_007	20	error_free	0	0	0	0.02	61	0.7	0.6229508196721312	factorial	20.0011744	20.0011744	14508	200011744	f012	80	47.7472	-0.40316	0.40316	44.8974	50.497	False	0.06999500000000003	68.27713830742219	-0.1465357711572226	-0.2566242288427774	diagnostic_kmer_10_90_spread_not_sampling_CI
6302	condition_007	20	error_free	0	0	0	0.0	61	0.3	0.29508196721311475	factorial	20.0011744	20.0011744	14508	200011744	f013	200	194.2386	-0.028807000000000044	0.028807000000000044	193.3386	194.5386	False	0.005999999999999943	194.67545390324844	-0.026622730483757805	-0.0021842695162422386	diagnostic_kmer_10_90_spread_not_sampling_CI
6302	condition_007	20	error_free	0	0	0	0.02	61	0.3	0.29508196721311475	factorial	20.0011744	20.0011744	14508	200011744	f014	200	159.4406	-0.20279700000000006	0.20279700000000006	144.8915	167.1902	False	0.11149349999999998	246.9928736276409	0.2349643681382045	-0.4377613681382046	diagnostic_kmer_10_90_spread_not_sampling_CI
6302	condition_007	20	error_free	0	0	0	0.0	61	0.5	0.4426229508196721	factorial	20.0011744	20.0011744	14508	200011744	f015	200	188.3389	-0.058305500000000024	0.058305500000000024	187.539	188.4389	False	0.004499500000000012	188.7028537946547	-0.05648573102672657	-0.0018197689732734545	diagnostic_kmer_10_90_spread_not_sampling_CI
6302	condition_007	20	error_free	0	0	0	0.02	61	0.5	0.4918032786885246	factorial	20.0011744	20.0011744	14508	200011744	f016	200	130.6423	-0.34678849999999994	0.34678849999999994	124.5927	142.2916	False	0.08849449999999998	212.351465148196	0.061757325740980064	-0.40854582574098003	diagnostic_kmer_10_90_spread_not_sampling_CI
6302	condition_007	20	error_free	0	0	0	0.0	61	0.7	0.639344262295082	factorial	20.0011744	20.0011744	14508	200011744	f017	200	243.5857	0.21792850000000002	0.21792850000000002	242.2858	243.6357	False	0.0067495000000000974	243.81519136868417	0.21907595684342085	-0.0011474568434208265	diagnostic_kmer_10_90_spread_not_sampling_CI
6302	condition_007	20	error_free	0	0	0	0.02	61	0.7	0.7377049180327869	factorial	20.0011744	20.0011744	14508	200011744	f018	200	123.4927	-0.3825365	0.3825365	117.8931	129.8424	False	0.059746499999999966	182.89827660664028	-0.0855086169667986	-0.2970278830332014	diagnostic_kmer_10_90_spread_not_sampling_CI
6302	condition_007	20	error_free	0	0	0	0.0	171	0.3	0.3508771929824561	factorial	20.0011744	20.0011744	14508	200011744	f019	20	11.1493	-0.442535	0.442535	10.5494	11.1493	False	0.029994999999999994	11.118937739250805	-0.44405311303745976	0.0015181130374597451	diagnostic_kmer_10_90_spread_not_sampling_CI
6302	condition_007	20	error_free	0	0	0	0.02	171	0.3	0.29239766081871343	factorial	20.0011744	20.0011744	14508	200011744	f020	20	10.6494	-0.46753	0.46753	8.8995	12.3493	False	0.17248999999999998	17.64574746743971	-0.11771262662801459	-0.34981737337198543	diagnostic_kmer_10_90_spread_not_sampling_CI
6302	condition_007	20	error_free	0	0	0	0.0	171	0.5	0.47953216374269003	factorial	20.0011744	20.0011744	14508	200011744	f021	20	20.7988	0.039939999999999996	0.039939999999999996	19.6988	20.8488	True	0.05750000000000011	20.813690100819034	0.04068450504095171	-0.0007445050409517151	diagnostic_kmer_10_90_spread_not_sampling_CI
6302	condition_007	20	error_free	0	0	0	0.02	171	0.5	0.49122807017543857	factorial	20.0011744	20.0011744	14508	200011744	f022	20	15.4991	-0.225045	0.225045	13.0992	17.749	False	0.23248999999999995	23.914969981968508	0.19574849909842537	-0.42079349909842534	diagnostic_kmer_10_90_spread_not_sampling_CI
6302	condition_007	20	error_free	0	0	0	0.0	171	0.7	0.7309941520467836	factorial	20.0011744	20.0011744	14508	200011744	f023	20	20.6488	0.032440000000000066	0.032440000000000066	19.5489	20.7988	True	0.06249500000000001	20.68972077211088	0.03448603860554407	-0.002046038605543998	diagnostic_kmer_10_90_spread_not_sampling_CI
6302	condition_007	20	error_free	0	0	0	0.02	171	0.7	0.7777777777777778	factorial	20.0011744	20.0011744	14508	200011744	f024	20	14.8491	-0.257545	0.257545	11.2493	18.8989	False	0.38248000000000004	25.228635533585795	0.26143177667928974	-0.5189767766792898	diagnostic_kmer_10_90_spread_not_sampling_CI
6302	condition_007	20	error_free	0	0	0	0.0	171	0.3	0.26900584795321636	factorial	20.0011744	20.0011744	14508	200011744	f025	80	91.3446	0.1418075	0.1418075	90.2447	91.4446	False	0.014998749999999995	91.48380935726425	0.14354761696580312	-0.001740116965803118	diagnostic_kmer_10_90_spread_not_sampling_CI
6302	condition_007	20	error_free	0	0	0	0.02	171	0.3	0.30994152046783624	factorial	20.0011744	20.0011744	14508	200011744	f026	80	58.0466	-0.27441750000000004	0.27441750000000004	50.1971	61.9464	False	0.14686624999999998	85.04880710363751	0.06311008879546894	-0.33752758879546896	diagnostic_kmer_10_90_spread_not_sampling_CI
6302	condition_007	20	error_free	0	0	0	0.0	171	0.5	0.5263157894736842	factorial	20.0011744	20.0011744	14508	200011744	f027	80	55.6467	-0.30441624999999994	0.30441624999999994	55.0968	55.8967	False	0.009998750000000011	55.791168387036755	-0.3026103951620406	-0.0018058548379594086	diagnostic_kmer_10_90_spread_not_sampling_CI
6302	condition_007	20	error_free	0	0	0	0.02	171	0.5	0.49707602339181284	factorial	20.0011744	20.0011744	14508	200011744	f028	80	56.8967	-0.28879124999999994	0.28879124999999994	50.897	60.7964	False	0.1237425	87.43433953979276	0.09292924424740949	-0.38172049424740945	diagnostic_kmer_10_90_spread_not_sampling_CI
6302	condition_007	20	error_free	0	0	0	0.0	171	0.7	0.7017543859649122	factorial	20.0011744	20.0011744	14508	200011744	f029	80	65.0962	-0.18629750000000006	0.18629750000000006	64.0962	65.1962	False	0.013750000000000106	65.22745639346817	-0.18465679508164784	-0.0016407049183522204	diagnostic_kmer_10_90_spread_not_sampling_CI
6302	condition_007	20	error_free	0	0	0	0.02	171	0.7	0.6900584795321637	factorial	20.0011744	20.0011744	14508	200011744	f030	80	52.9969	-0.33753875000000005	0.33753875000000005	45.7973	58.9965	False	0.16498999999999997	82.03231756523655	0.02540396956545692	-0.362942719565457	diagnostic_kmer_10_90_spread_not_sampling_CI
6302	condition_007	20	error_free	0	0	0	0.0	171	0.3	0.30409356725146197	factorial	20.0011744	20.0011744	14508	200011744	f031	200	183.0892	-0.08455399999999998	0.08455399999999998	182.3893	183.3892	False	0.004999499999999983	183.48337790283315	-0.08258311048583422	-0.0019708895141657477	diagnostic_kmer_10_90_spread_not_sampling_CI
6302	condition_007	20	error_free	0	0	0	0.02	171	0.3	0.28654970760233917	factorial	20.0011744	20.0011744	14508	200011744	f032	200	129.9424	-0.35028800000000004	0.35028800000000004	121.5929	142.3416	False	0.1037435	201.50600382476534	0.007530019123826719	-0.35781801912382677	diagnostic_kmer_10_90_spread_not_sampling_CI
6302	condition_007	20	error_free	0	0	0	0.0	171	0.5	0.49707602339181284	factorial	20.0011744	20.0011744	14508	200011744	f033	200	205.9379	0.029689500000000067	0.029689500000000067	204.988	206.1879	False	0.005999500000000069	206.2218087840432	0.03110904392021595	-0.0014195439202158867	diagnostic_kmer_10_90_spread_not_sampling_CI
6302	condition_007	20	error_free	0	0	0	0.02	171	0.5	0.5964912280701754	factorial	20.0011744	20.0011744	14508	200011744	f034	200	140.0418	-0.29979100000000003	0.29979100000000003	131.0923	151.3411	False	0.10124400000000008	214.40729304468806	0.0720364652234403	-0.37182746522344035	diagnostic_kmer_10_90_spread_not_sampling_CI
6302	condition_007	20	error_free	0	0	0	0.0	171	0.7	0.7251461988304093	factorial	20.0011744	20.0011744	14508	200011744	f035	200	223.7869	0.11893450000000001	0.11893450000000001	222.4869	224.0368	False	0.00774950000000004	224.10204540625634	0.12051022703128168	-0.0015757270312816729	diagnostic_kmer_10_90_spread_not_sampling_CI
6302	condition_007	20	error_free	0	0	0	0.02	171	0.7	0.7309941520467836	factorial	20.0011744	20.0011744	14508	200011744	f036	200	96.2943	-0.5185285	0.5185285	91.1946	100.7441	False	0.04774750000000005	143.40035146118677	-0.28299824269406615	-0.23553025730593383	diagnostic_kmer_10_90_spread_not_sampling_CI
6302	condition_007	20	error_free	0	0	0	0.0	421	0.3	0.3016627078384798	factorial	20.0011744	20.0011744	14508	200011744	f037	20	23.6986	0.18492999999999996	0.18492999999999996	23.4486	23.7986	False	0.01750000000000007	23.7133343938595	0.18566671969297505	-0.0007367196929751075	diagnostic_kmer_10_90_spread_not_sampling_CI
6302	condition_007	20	error_free	0	0	0	0.02	421	0.3	0.27078384798099764	factorial	20.0011744	20.0011744	14508	200011744	f038	20	11.7493	-0.412535	0.412535	10.4994	13.4992	False	0.14999	18.075660687465714	-0.09621696562671431	-0.3163180343732857	diagnostic_kmer_10_90_spread_not_sampling_CI
6302	condition_007	20	error_free	0	0	0	0.0	421	0.5	0.5201900237529691	factorial	20.0011744	20.0011744	14508	200011744	f039	20	19.0989	-0.04505499999999998	0.04505499999999998	19.0489	19.1989	False	0.007499999999999929	19.148638062281773	-0.042568096885911365	-0.002486903114088612	diagnostic_kmer_10_90_spread_not_sampling_CI
6302	condition_007	20	error_free	0	0	0	0.02	421	0.5	0.5130641330166271	factorial	20.0011744	20.0011744	14508	200011744	f040	20	12.4993	-0.375035	0.375035	10.0494	14.8491	False	0.23998499999999998	18.844974183210972	-0.05775129083945139	-0.3172837091605486	diagnostic_kmer_10_90_spread_not_sampling_CI
6302	condition_007	20	error_free	0	0	0	0.0	421	0.7	0.7268408551068883	factorial	20.0011744	20.0011744	14508	200011744	f041	20	10.8994	-0.45503	0.45503	10.5994	10.9494	False	0.01750000000000007	10.88071500365489	-0.4559642498172555	0.0009342498172554947	diagnostic_kmer_10_90_spread_not_sampling_CI
6302	condition_007	20	error_free	0	0	0	0.02	421	0.7	0.7102137767220903	factorial	20.0011744	20.0011744	14508	200011744	f042	20	15.7991	-0.21004500000000004	0.21004500000000004	11.6493	18.4489	False	0.3399799999999999	22.956609232561448	0.1478304616280724	-0.35787546162807243	diagnostic_kmer_10_90_spread_not_sampling_CI
6302	condition_007	20	error_free	0	0	0	0.0	421	0.3	0.32304038004750596	factorial	20.0011744	20.0011744	14508	200011744	f043	80	78.6454	-0.016932500000000062	0.016932500000000062	78.4954	78.7954	False	0.0037499999999999643	78.76544615190933	-0.015431923101133371	-0.00150057689886669	diagnostic_kmer_10_90_spread_not_sampling_CI
6302	condition_007	20	error_free	0	0	0	0.02	421	0.3	0.29691211401425177	factorial	20.0011744	20.0011744	14508	200011744	f044	80	63.0463	-0.21192124999999998	0.21192124999999998	58.1966	68.546	False	0.12936750000000014	94.71545968587945	0.18394324607349316	-0.3958644960734931	diagnostic_kmer_10_90_spread_not_sampling_CI
6302	condition_007	20	error_free	0	0	0	0.0	421	0.5	0.47268408551068886	factorial	20.0011744	20.0011744	14508	200011744	f045	80	70.8958	-0.11380250000000007	0.11380250000000007	70.6459	70.9958	False	0.004373750000000065	70.97932378056841	-0.11275845274289491	-0.0010440472571051629	diagnostic_kmer_10_90_spread_not_sampling_CI
6302	condition_007	20	error_free	0	0	0	0.02	421	0.5	0.501187648456057	factorial	20.0011744	20.0011744	14508	200011744	f046	80	54.7968	-0.31504000000000004	0.31504000000000004	49.6971	58.7965	False	0.11374250000000004	84.63992305535714	0.0579990381919643	-0.3730390381919643	diagnostic_kmer_10_90_spread_not_sampling_CI
6302	condition_007	20	error_free	0	0	0	0.0	421	0.7	0.6959619952494062	factorial	20.0011744	20.0011744	14508	200011744	f047	80	41.0476	-0.486905	0.486905	40.8976	41.0976	False	0.0025000000000000356	41.09877432842749	-0.4862653208946564	-0.0006396791053435713	diagnostic_kmer_10_90_spread_not_sampling_CI
6302	condition_007	20	error_free	0	0	0	0.02	421	0.7	0.6745843230403801	factorial	20.0011744	20.0011744	14508	200011744	f048	80	55.5467	-0.30566625	0.30566625	49.2471	62.0964	False	0.16061625	86.77578338585705	0.08469729232321317	-0.39036354232321313	diagnostic_kmer_10_90_spread_not_sampling_CI
6302	condition_007	20	error_free	0	0	0	0.0	421	0.3	0.33729216152019004	factorial	20.0011744	20.0011744	14508	200011744	f049	200	199.5883	-0.002058499999999981	0.002058499999999981	199.3383	199.8383	False	0.0025	199.88945013994385	-0.0005527493002807659	-0.001505750699719215	diagnostic_kmer_10_90_spread_not_sampling_CI
6302	condition_007	20	error_free	0	0	0	0.02	421	0.3	0.2992874109263658	factorial	20.0011744	20.0011744	14508	200011744	f050	200	136.292	-0.31854	0.31854	128.2925	145.8914	False	0.08799450000000007	207.50610502773606	0.03753052513868028	-0.35607052513868026	diagnostic_kmer_10_90_spread_not_sampling_CI
6302	condition_007	20	error_free	0	0	0	0.0	421	0.5	0.4845605700712589	factorial	20.0011744	20.0011744	14508	200011744	f051	200	220.4371	0.10218549999999993	0.10218549999999993	220.1371	220.637	False	0.0024994999999999835	220.7734969878578	0.10386748493928906	-0.001681984939289123	diagnostic_kmer_10_90_spread_not_sampling_CI
6302	condition_007	20	error_free	0	0	0	0.02	421	0.5	0.503562945368171	factorial	20.0011744	20.0011744	14508	200011744	f052	200	124.7427	-0.3762865	0.3762865	115.9432	132.3922	False	0.08224499999999998	188.1136570539438	-0.05943171473028101	-0.316854785269719	diagnostic_kmer_10_90_spread_not_sampling_CI
6302	condition_007	20	error_free	0	0	0	0.0	421	0.7	0.684085510688836	factorial	20.0011744	20.0011744	14508	200011744	f053	200	198.5383	-0.007308500000000038	0.007308500000000038	198.1384	198.8383	False	0.0034995000000000685	198.82514208979427	-0.005874289551028653	-0.0014342104489713848	diagnostic_kmer_10_90_spread_not_sampling_CI
6302	condition_007	20	error_free	0	0	0	0.02	421	0.7	0.6983372921615202	factorial	20.0011744	20.0011744	14508	200011744	f054	200	139.8918	-0.30054100000000006	0.30054100000000006	129.6924	149.7412	False	0.100244	215.56133273735404	0.07780666368677018	-0.37834766368677025	diagnostic_kmer_10_90_spread_not_sampling_CI
6302	condition_007	20	error_free	0	0	0	0.01	171	0.5	0.5321637426900585	megabase	20.0011744	20.0011744	14508	200011744	megabase_171	6000	4733.2721	-0.21112131666666664	0.21112131666666664	4702.4239	4819.117	False	0.01944885000000007	5881.063143504377	-0.019822809415937174	-0.19129850725072947	diagnostic_kmer_10_90_spread_not_sampling_CI
6302	condition_008	20	iid_low_indel	0.001	0.001	0.001	0.0	61	0.3	0.22950819672131148	factorial	20.0011744	20.0013048	14508	200013048	f001	20	17.0489	-0.14755500000000002	0.14755500000000002	16.0989	17.2489	False	0.057499999999999926	18.461211039654962	-0.07693944801725187	-0.07061555198274813	diagnostic_kmer_10_90_spread_not_sampling_CI
6302	condition_008	20	iid_low_indel	0.001	0.001	0.001	0.02	61	0.3	0.22950819672131148	factorial	20.0011744	20.0013048	14508	200013048	f002	20	9.8994	-0.50503	0.50503	8.5494	10.7993	False	0.11249500000000001	15.272873668661456	-0.2363563165669272	-0.2686736834330728	diagnostic_kmer_10_90_spread_not_sampling_CI
6302	condition_008	20	iid_low_indel	0.001	0.001	0.001	0.0	61	0.5	0.47540983606557374	factorial	20.0011744	20.0013048	14508	200013048	f003	20	10.7493	-0.46253500000000003	0.46253500000000003	10.1493	10.9993	False	0.04249999999999998	11.625546856085332	-0.41872265719573337	-0.04381234280426662	diagnostic_kmer_10_90_spread_not_sampling_CI
6302	condition_008	20	iid_low_indel	0.001	0.001	0.001	0.02	61	0.5	0.5245901639344263	factorial	20.0011744	20.0013048	14508	200013048	f004	20	11.3493	-0.432535	0.432535	10.5993	12.1492	False	0.07749500000000005	19.9291576287165	-0.0035421185641750343	-0.428992881435825	diagnostic_kmer_10_90_spread_not_sampling_CI
6302	condition_008	20	iid_low_indel	0.001	0.001	0.001	0.0	61	0.7	0.7213114754098361	factorial	20.0011744	20.0013048	14508	200013048	f005	20	21.7486	0.08742999999999998	0.08742999999999998	20.9986	22.2985	False	0.06499500000000005	23.5002594090298	0.17501297045148992	-0.08758297045148992	diagnostic_kmer_10_90_spread_not_sampling_CI
6302	condition_008	20	iid_low_indel	0.001	0.001	0.001	0.02	61	0.7	0.6065573770491803	factorial	20.0011744	20.0013048	14508	200013048	f006	20	9.6494	-0.51753	0.51753	8.1995	11.6492	False	0.172485	14.800770243033625	-0.25996148784831874	-0.25756851215168125	diagnostic_kmer_10_90_spread_not_sampling_CI
6302	condition_008	20	iid_low_indel	0.001	0.001	0.001	0.0	61	0.3	0.3114754098360656	factorial	20.0011744	20.0013048	14508	200013048	f007	80	71.9953	-0.10005875	0.10005875	70.5954	72.4953	False	0.02374875000000003	76.3119124071264	-0.04610109491092	-0.053957655089079994	diagnostic_kmer_10_90_spread_not_sampling_CI
6302	condition_008	20	iid_low_indel	0.001	0.001	0.001	0.02	61	0.3	0.32786885245901637	factorial	20.0011744	20.0013048	14508	200013048	f008	80	51.4966	-0.3562925	0.3562925	47.2969	54.8464	False	0.09436875000000003	84.96468300496149	0.06205853756201858	-0.4183510375620186	diagnostic_kmer_10_90_spread_not_sampling_CI
6302	condition_008	20	iid_low_indel	0.001	0.001	0.001	0.0	61	0.5	0.5901639344262295	factorial	20.0011744	20.0013048	14508	200013048	f009	80	77.045	-0.03693749999999998	0.03693749999999998	76.245	77.395	False	0.014374999999999893	82.74514120530843	0.034314265066355355	-0.07125176506635533	diagnostic_kmer_10_90_spread_not_sampling_CI
6302	condition_008	20	iid_low_indel	0.001	0.001	0.001	0.02	61	0.5	0.5409836065573771	factorial	20.0011744	20.0013048	14508	200013048	f010	80	60.2461	-0.24692375000000003	0.24692375000000003	55.7964	72.1453	False	0.2043612500000001	96.9320130702253	0.2116501633778162	-0.4585739133778162	diagnostic_kmer_10_90_spread_not_sampling_CI
6302	condition_008	20	iid_low_indel	0.001	0.001	0.001	0.0	61	0.7	0.6065573770491803	factorial	20.0011744	20.0013048	14508	200013048	f011	80	81.0447	0.013058750000000074	0.013058750000000074	79.5948	81.8447	True	0.028123749999999958	86.23837870535324	0.07797973381691552	-0.06492098381691544	diagnostic_kmer_10_90_spread_not_sampling_CI
6302	condition_008	20	iid_low_indel	0.001	0.001	0.001	0.02	61	0.7	0.6229508196721312	factorial	20.0011744	20.0013048	14508	200013048	f012	80	44.2471	-0.44691125	0.44691125	41.4973	47.4469	False	0.07436999999999996	68.27713830742219	-0.1465357711572226	-0.3003754788427774	diagnostic_kmer_10_90_spread_not_sampling_CI
6302	condition_008	20	iid_low_indel	0.001	0.001	0.001	0.0	61	0.3	0.29508196721311475	factorial	20.0011744	20.0013048	14508	200013048	f013	200	182.5381	-0.08730950000000007	0.08730950000000007	181.4882	184.038	False	0.012749000000000024	194.67545390324844	-0.026622730483757805	-0.060686769516242266	diagnostic_kmer_10_90_spread_not_sampling_CI
6302	condition_008	20	iid_low_indel	0.001	0.001	0.001	0.02	61	0.3	0.29508196721311475	factorial	20.0011744	20.0013048	14508	200013048	f014	200	150.3902	-0.24804900000000005	0.24804900000000005	136.2911	157.5397	False	0.10624300000000005	246.9928736276409	0.2349643681382045	-0.48301336813820456	diagnostic_kmer_10_90_spread_not_sampling_CI
6302	condition_008	20	iid_low_indel	0.001	0.001	0.001	0.0	61	0.5	0.4426229508196721	factorial	20.0011744	20.0013048	14508	200013048	f015	200	177.4884	-0.11255799999999994	0.11255799999999994	176.0885	178.4384	False	0.011749499999999954	188.7028537946547	-0.05648573102672657	-0.056072268973273366	diagnostic_kmer_10_90_spread_not_sampling_CI
6302	condition_008	20	iid_low_indel	0.001	0.001	0.001	0.02	61	0.5	0.4918032786885246	factorial	20.0011744	20.0013048	14508	200013048	f016	200	122.642	-0.38679	0.38679	117.0924	133.6913	False	0.08299450000000007	212.351465148196	0.061757325740980064	-0.4485473257409801	diagnostic_kmer_10_90_spread_not_sampling_CI
6302	condition_008	20	iid_low_indel	0.001	0.001	0.001	0.0	61	0.7	0.639344262295082	factorial	20.0011744	20.0013048	14508	200013048	f017	200	229.0851	0.14542550000000007	0.14542550000000007	227.2352	230.585	False	0.01674900000000008	243.81519136868417	0.21907595684342085	-0.07365045684342078	diagnostic_kmer_10_90_spread_not_sampling_CI
6302	condition_008	20	iid_low_indel	0.001	0.001	0.001	0.02	61	0.7	0.7377049180327869	factorial	20.0011744	20.0013048	14508	200013048	f018	200	116.9924	-0.41503799999999996	0.41503799999999996	111.5427	121.892	False	0.0517465	182.89827660664028	-0.0855086169667986	-0.3295293830332014	diagnostic_kmer_10_90_spread_not_sampling_CI
6302	condition_008	20	iid_low_indel	0.001	0.001	0.001	0.0	171	0.3	0.3508771929824561	factorial	20.0011744	20.0013048	14508	200013048	f019	20	10.3993	-0.480035	0.480035	10.1493	10.6493	False	0.025	11.118937739250805	-0.44405311303745976	-0.035981886962540253	diagnostic_kmer_10_90_spread_not_sampling_CI
6302	condition_008	20	iid_low_indel	0.001	0.001	0.001	0.02	171	0.3	0.29239766081871343	factorial	20.0011744	20.0013048	14508	200013048	f020	20	10.0493	-0.49753499999999995	0.49753499999999995	8.2995	11.7492	False	0.172485	17.64574746743971	-0.11771262662801459	-0.3798223733719854	diagnostic_kmer_10_90_spread_not_sampling_CI
6302	condition_008	20	iid_low_indel	0.001	0.001	0.001	0.0	171	0.5	0.47953216374269003	factorial	20.0011744	20.0013048	14508	200013048	f021	20	19.5487	-0.02256499999999999	0.02256499999999999	18.8988	19.9487	False	0.05249499999999987	20.813690100819034	0.04068450504095171	-0.0632495050409517	diagnostic_kmer_10_90_spread_not_sampling_CI
6302	condition_008	20	iid_low_indel	0.001	0.001	0.001	0.02	171	0.5	0.49122807017543857	factorial	20.0011744	20.0013048	14508	200013048	f022	20	14.699	-0.26505	0.26505	12.2492	16.7989	False	0.227485	23.914969981968508	0.19574849909842537	-0.4607984990984254	diagnostic_kmer_10_90_spread_not_sampling_CI
6302	condition_008	20	iid_low_indel	0.001	0.001	0.001	0.0	171	0.7	0.7309941520467836	factorial	20.0011744	20.0013048	14508	200013048	f023	20	19.2487	-0.03756500000000003	0.03756500000000003	18.5988	19.5987	False	0.04999500000000001	20.68972077211088	0.03448603860554407	-0.0720510386055441	diagnostic_kmer_10_90_spread_not_sampling_CI
6302	condition_008	20	iid_low_indel	0.001	0.001	0.001	0.02	171	0.7	0.7777777777777778	factorial	20.0011744	20.0013048	14508	200013048	f024	20	14.0991	-0.295045	0.295045	10.7493	17.7988	False	0.352475	25.228635533585795	0.26143177667928974	-0.5564767766792897	diagnostic_kmer_10_90_spread_not_sampling_CI
6302	condition_008	20	iid_low_indel	0.001	0.001	0.001	0.0	171	0.3	0.26900584795321636	factorial	20.0011744	20.0013048	14508	200013048	f025	80	86.1444	0.07680500000000005	0.07680500000000005	85.2944	86.6943	False	0.017498750000000028	91.48380935726425	0.14354761696580312	-0.06674261696580305	diagnostic_kmer_10_90_spread_not_sampling_CI
6302	condition_008	20	iid_low_indel	0.001	0.001	0.001	0.02	171	0.3	0.30994152046783624	factorial	20.0011744	20.0013048	14508	200013048	f026	80	54.3465	-0.32066875	0.32066875	46.8969	58.6962	False	0.14749124999999993	85.04880710363751	0.06311008879546894	-0.3837788387954689	diagnostic_kmer_10_90_spread_not_sampling_CI
6302	condition_008	20	iid_low_indel	0.001	0.001	0.001	0.0	171	0.5	0.5263157894736842	factorial	20.0011744	20.0013048	14508	200013048	f027	80	52.3466	-0.34566749999999996	0.34566749999999996	51.8466	52.8965	False	0.013123750000000012	55.791168387036755	-0.3026103951620406	-0.043057104837959416	diagnostic_kmer_10_90_spread_not_sampling_CI
6302	condition_008	20	iid_low_indel	0.001	0.001	0.001	0.02	171	0.5	0.49707602339181284	factorial	20.0011744	20.0013048	14508	200013048	f028	80	53.4965	-0.33129375000000005	0.33129375000000005	47.6969	57.1963	False	0.11874250000000001	87.43433953979276	0.09292924424740949	-0.4242229942474095	diagnostic_kmer_10_90_spread_not_sampling_CI
6302	condition_008	20	iid_low_indel	0.001	0.001	0.001	0.0	171	0.7	0.7017543859649122	factorial	20.0011744	20.0013048	14508	200013048	f029	80	61.246	-0.23442499999999997	0.23442499999999997	60.1961	61.696	False	0.01874874999999996	65.22745639346817	-0.18465679508164784	-0.04976820491835214	diagnostic_kmer_10_90_spread_not_sampling_CI
6302	condition_008	20	iid_low_indel	0.001	0.001	0.001	0.02	171	0.7	0.6900584795321637	factorial	20.0011744	20.0013048	14508	200013048	f030	80	49.5468	-0.38066500000000003	0.38066500000000003	42.7972	55.4464	False	0.158115	82.03231756523655	0.02540396956545692	-0.40606896956545696	diagnostic_kmer_10_90_spread_not_sampling_CI
6302	condition_008	20	iid_low_indel	0.001	0.001	0.001	0.0	171	0.3	0.30409356725146197	factorial	20.0011744	20.0013048	14508	200013048	f031	200	171.7888	-0.14105599999999996	0.14105599999999996	170.8389	173.5887	False	0.013748999999999966	183.48337790283315	-0.08258311048583422	-0.05847288951416573	diagnostic_kmer_10_90_spread_not_sampling_CI
6302	condition_008	20	iid_low_indel	0.001	0.001	0.001	0.02	171	0.3	0.28654970760233917	factorial	20.0011744	20.0013048	14508	200013048	f032	200	121.8421	-0.3907895	0.3907895	113.8926	135.1412	False	0.10624299999999998	201.50600382476534	0.007530019123826719	-0.3983195191238267	diagnostic_kmer_10_90_spread_not_sampling_CI
6302	condition_008	20	iid_low_indel	0.001	0.001	0.001	0.0	171	0.5	0.49707602339181284	factorial	20.0011744	20.0013048	14508	200013048	f033	200	193.9373	-0.030313500000000035	0.030313500000000035	192.9874	194.8873	False	0.009499500000000011	206.2218087840432	0.03110904392021595	-0.06142254392021598	diagnostic_kmer_10_90_spread_not_sampling_CI
6302	condition_008	20	iid_low_indel	0.001	0.001	0.001	0.02	171	0.5	0.5964912280701754	factorial	20.0011744	20.0013048	14508	200013048	f034	200	132.4414	-0.33779300000000007	0.33779300000000007	123.7419	142.6407	False	0.09449400000000004	214.40729304468806	0.0720364652234403	-0.4098294652234404	diagnostic_kmer_10_90_spread_not_sampling_CI
6302	condition_008	20	iid_low_indel	0.001	0.001	0.001	0.0	171	0.7	0.7251461988304093	factorial	20.0011744	20.0013048	14508	200013048	f035	200	210.4863	0.0524315	0.0524315	209.4863	211.7862	False	0.011499500000000041	224.10204540625634	0.12051022703128168	-0.06807872703128169	diagnostic_kmer_10_90_spread_not_sampling_CI
6302	condition_008	20	iid_low_indel	0.001	0.001	0.001	0.02	171	0.7	0.7309941520467836	factorial	20.0011744	20.0013048	14508	200013048	f036	200	90.6941	-0.5465295	0.5465295	86.5944	94.7438	False	0.040747	143.40035146118677	-0.28299824269406615	-0.26353125730593385	diagnostic_kmer_10_90_spread_not_sampling_CI
6302	condition_008	20	iid_low_indel	0.001	0.001	0.001	0.0	421	0.3	0.3016627078384798	factorial	20.0011744	20.0013048	14508	200013048	f037	20	22.2485	0.112425	0.112425	21.8486	22.5485	False	0.03499499999999998	23.7133343938595	0.18566671969297505	-0.07324171969297506	diagnostic_kmer_10_90_spread_not_sampling_CI
6302	condition_008	20	iid_low_indel	0.001	0.001	0.001	0.02	421	0.3	0.27078384798099764	factorial	20.0011744	20.0013048	14508	200013048	f038	20	11.0993	-0.445035	0.445035	9.7994	12.7492	False	0.14748999999999998	18.075660687465714	-0.09621696562671431	-0.34881803437328573	diagnostic_kmer_10_90_spread_not_sampling_CI
6302	condition_008	20	iid_low_indel	0.001	0.001	0.001	0.0	421	0.5	0.5201900237529691	factorial	20.0011744	20.0013048	14508	200013048	f039	20	17.9488	-0.10256000000000007	0.10256000000000007	17.5989	18.1988	False	0.029994999999999904	19.148638062281773	-0.042568096885911365	-0.05999190311408871	diagnostic_kmer_10_90_spread_not_sampling_CI
6302	condition_008	20	iid_low_indel	0.001	0.001	0.001	0.02	421	0.5	0.5130641330166271	factorial	20.0011744	20.0013048	14508	200013048	f040	20	11.9492	-0.40254	0.40254	9.3494	13.8991	False	0.22748500000000008	18.844974183210972	-0.05775129083945139	-0.34478870916054866	diagnostic_kmer_10_90_spread_not_sampling_CI
6302	condition_008	20	iid_low_indel	0.001	0.001	0.001	0.0	421	0.7	0.7268408551068883	factorial	20.0011744	20.0013048	14508	200013048	f041	20	10.2493	-0.487535	0.487535	9.7994	10.4993	False	0.03499499999999998	10.88071500365489	-0.4559642498172555	-0.03157075018274451	diagnostic_kmer_10_90_spread_not_sampling_CI
6302	condition_008	20	iid_low_indel	0.001	0.001	0.001	0.02	421	0.7	0.7102137767220903	factorial	20.0011744	20.0013048	14508	200013048	f042	20	14.749	-0.26254999999999995	0.26254999999999995	11.1493	17.3989	False	0.31248000000000004	22.956609232561448	0.1478304616280724	-0.41038046162807235	diagnostic_kmer_10_90_spread_not_sampling_CI
6302	condition_008	20	iid_low_indel	0.001	0.001	0.001	0.0	421	0.3	0.32304038004750596	factorial	20.0011744	20.0013048	14508	200013048	f043	80	74.0452	-0.07443500000000007	0.07443500000000007	73.3452	74.7951	False	0.018123749999999994	78.76544615190933	-0.015431923101133371	-0.059003076898866705	diagnostic_kmer_10_90_spread_not_sampling_CI
6302	condition_008	20	iid_low_indel	0.001	0.001	0.001	0.02	421	0.3	0.29691211401425177	factorial	20.0011744	20.0013048	14508	200013048	f044	80	59.4461	-0.25692375	0.25692375	55.0464	64.8458	False	0.12249249999999998	94.71545968587945	0.18394324607349316	-0.4408669960734931	diagnostic_kmer_10_90_spread_not_sampling_CI
6302	condition_008	20	iid_low_indel	0.001	0.001	0.001	0.0	421	0.5	0.47268408551068886	factorial	20.0011744	20.0013048	14508	200013048	f045	80	66.6457	-0.16692874999999993	0.16692874999999993	65.9457	67.2456	False	0.016248749999999923	70.97932378056841	-0.11275845274289491	-0.054170297257105024	diagnostic_kmer_10_90_spread_not_sampling_CI
6302	condition_008	20	iid_low_indel	0.001	0.001	0.001	0.02	421	0.5	0.501187648456057	factorial	20.0011744	20.0013048	14508	200013048	f046	80	51.5466	-0.3556675	0.3556675	46.647	55.5964	False	0.11186750000000005	84.63992305535714	0.0579990381919643	-0.4136665381919643	diagnostic_kmer_10_90_spread_not_sampling_CI
6302	condition_008	20	iid_low_indel	0.001	0.001	0.001	0.0	421	0.7	0.6959619952494062	factorial	20.0011744	20.0013048	14508	200013048	f047	80	38.4975	-0.51878125	0.51878125	38.0475	38.8975	False	0.010625000000000018	41.09877432842749	-0.4862653208946564	-0.03251592910534358	diagnostic_kmer_10_90_spread_not_sampling_CI
6302	condition_008	20	iid_low_indel	0.001	0.001	0.001	0.02	421	0.7	0.6745843230403801	factorial	20.0011744	20.0013048	14508	200013048	f048	80	52.2466	-0.3469175	0.3469175	46.497	58.5962	False	0.15124000000000004	86.77578338585705	0.08469729232321317	-0.43161479232321315	diagnostic_kmer_10_90_spread_not_sampling_CI
6302	condition_008	20	iid_low_indel	0.001	0.001	0.001	0.0	421	0.3	0.33729216152019004	factorial	20.0011744	20.0013048	14508	200013048	f049	200	187.7877	-0.0610615	0.0610615	186.7378	188.5877	False	0.009249500000000098	199.88945013994385	-0.0005527493002807659	-0.06050875069971923	diagnostic_kmer_10_90_spread_not_sampling_CI
6302	condition_008	20	iid_low_indel	0.001	0.001	0.001	0.02	421	0.3	0.2992874109263658	factorial	20.0011744	20.0013048	14508	200013048	f050	200	128.5416	-0.35729200000000005	0.35729200000000005	121.0921	137.841	False	0.08374450000000003	207.50610502773606	0.03753052513868028	-0.3948225251386803	diagnostic_kmer_10_90_spread_not_sampling_CI
6302	condition_008	20	iid_low_indel	0.001	0.001	0.001	0.0	421	0.5	0.4845605700712589	factorial	20.0011744	20.0013048	14508	200013048	f051	200	207.4865	0.037432500000000035	0.037432500000000035	205.7866	208.5864	False	0.013999000000000024	220.7734969878578	0.10386748493928906	-0.06643498493928902	diagnostic_kmer_10_90_spread_not_sampling_CI
6302	condition_008	20	iid_low_indel	0.001	0.001	0.001	0.02	421	0.5	0.503562945368171	factorial	20.0011744	20.0013048	14508	200013048	f052	200	117.3423	-0.4132885	0.4132885	109.4429	124.5419	False	0.07549500000000002	188.1136570539438	-0.05943171473028101	-0.35385678526971903	diagnostic_kmer_10_90_spread_not_sampling_CI
6302	condition_008	20	iid_low_indel	0.001	0.001	0.001	0.0	421	0.7	0.684085510688836	factorial	20.0011744	20.0013048	14508	200013048	f053	200	186.9878	-0.06506100000000004	0.06506100000000004	185.9879	188.1377	False	0.010748999999999995	198.82514208979427	-0.005874289551028653	-0.059186710448971384	diagnostic_kmer_10_90_spread_not_sampling_CI
6302	condition_008	20	iid_low_indel	0.001	0.001	0.001	0.02	421	0.7	0.6983372921615202	factorial	20.0011744	20.0013048	14508	200013048	f054	200	131.4414	-0.34279300000000007	0.34279300000000007	122.042	140.9408	False	0.09449399999999997	215.56133273735404	0.07780666368677018	-0.42059966368677026	diagnostic_kmer_10_90_spread_not_sampling_CI
6302	condition_008	20	iid_low_indel	0.001	0.001	0.001	0.01	171	0.5	0.5321637426900585	megabase	20.0011744	20.0013048	14508	200013048	megabase_171	6000	4454.8094	-0.25753176666666666	0.25753176666666666	4422.3615	4538.1039	False	0.019290400000000013	5881.063143504377	-0.019822809415937174	-0.2377089572507295	diagnostic_kmer_10_90_spread_not_sampling_CI
6302	condition_009	20	iid_high_indel	0.01	0.005	0.005	0.0	61	0.3	0.22950819672131148	factorial	20.0011744	20.001215	14508	200012150	f001	20	11.8493	-0.40753500000000004	0.40753500000000004	11.2493	13.1492	False	0.09499500000000002	18.461211039654962	-0.07693944801725187	-0.33059555198274815	diagnostic_kmer_10_90_spread_not_sampling_CI
6302	condition_009	20	iid_high_indel	0.01	0.005	0.005	0.02	61	0.3	0.22950819672131148	factorial	20.0011744	20.001215	14508	200012150	f002	20	7.0496	-0.64752	0.64752	6.0996	8.3495	False	0.11249500000000005	15.272873668661456	-0.2363563165669272	-0.4111636834330728	diagnostic_kmer_10_90_spread_not_sampling_CI
6302	condition_009	20	iid_high_indel	0.01	0.005	0.005	0.0	61	0.5	0.47540983606557374	factorial	20.0011744	20.001215	14508	200012150	f003	20	7.5995	-0.620025	0.620025	7.1496	8.3495	False	0.05999500000000002	11.625546856085332	-0.41872265719573337	-0.20130234280426662	diagnostic_kmer_10_90_spread_not_sampling_CI
6302	condition_009	20	iid_high_indel	0.01	0.005	0.005	0.02	61	0.5	0.5245901639344263	factorial	20.0011744	20.001215	14508	200012150	f004	20	8.0995	-0.5950249999999999	0.5950249999999999	7.4995	8.6495	False	0.057499999999999975	19.9291576287165	-0.0035421185641750343	-0.591482881435825	diagnostic_kmer_10_90_spread_not_sampling_CI
6302	condition_009	20	iid_high_indel	0.01	0.005	0.005	0.0	61	0.7	0.7213114754098361	factorial	20.0011744	20.001215	14508	200012150	f005	20	15.849	-0.20754999999999998	0.20754999999999998	14.8491	16.249	False	0.06999499999999995	23.5002594090298	0.17501297045148992	-0.3825629704514899	diagnostic_kmer_10_90_spread_not_sampling_CI
6302	condition_009	20	iid_high_indel	0.01	0.005	0.005	0.02	61	0.7	0.6065573770491803	factorial	20.0011744	20.001215	14508	200012150	f006	20	6.9996	-0.6500199999999999	0.6500199999999999	5.7996	7.7995	False	0.09999500000000001	14.800770243033625	-0.25996148784831874	-0.39005851215168125	diagnostic_kmer_10_90_spread_not_sampling_CI
6302	condition_009	20	iid_high_indel	0.01	0.005	0.005	0.0	61	0.3	0.3114754098360656	factorial	20.0011744	20.001215	14508	200012150	f007	80	50.147	-0.3731625	0.3731625	49.297	51.0469	False	0.021873750000000046	76.3119124071264	-0.04610109491092	-0.32706140508908	diagnostic_kmer_10_90_spread_not_sampling_CI
6302	condition_009	20	iid_high_indel	0.01	0.005	0.005	0.02	61	0.3	0.32786885245901637	factorial	20.0011744	20.001215	14508	200012150	f008	80	36.3978	-0.5450275	0.5450275	33.8479	38.7976	False	0.06187125	84.96468300496149	0.06205853756201858	-0.6070860375620186	diagnostic_kmer_10_90_spread_not_sampling_CI
6302	condition_009	20	iid_high_indel	0.01	0.005	0.005	0.0	61	0.5	0.5901639344262295	factorial	20.0011744	20.001215	14508	200012150	f009	80	54.6467	-0.31691624999999995	0.31691624999999995	52.4468	56.8965	False	0.05562125	82.74514120530843	0.034314265066355355	-0.35123051506635533	diagnostic_kmer_10_90_spread_not_sampling_CI
6302	condition_009	20	iid_high_indel	0.01	0.005	0.005	0.02	61	0.5	0.5409836065573771	factorial	20.0011744	20.001215	14508	200012150	f010	80	43.3974	-0.4575325	0.4575325	38.7476	50.147	False	0.1424925	96.9320130702253	0.2116501633778162	-0.6691826633778162	diagnostic_kmer_10_90_spread_not_sampling_CI
6302	condition_009	20	iid_high_indel	0.01	0.005	0.005	0.0	61	0.7	0.6065573770491803	factorial	20.0011744	20.001215	14508	200012150	f011	80	57.4465	-0.28191875	0.28191875	56.1466	58.9464	False	0.03499749999999997	86.23837870535324	0.07797973381691552	-0.3598984838169155	diagnostic_kmer_10_90_spread_not_sampling_CI
6302	condition_009	20	iid_high_indel	0.01	0.005	0.005	0.02	61	0.7	0.6229508196721312	factorial	20.0011744	20.001215	14508	200012150	f012	80	31.7981	-0.6025237499999999	0.6025237499999999	29.2482	33.498	False	0.05312249999999996	68.27713830742219	-0.1465357711572226	-0.4559879788427773	diagnostic_kmer_10_90_spread_not_sampling_CI
6302	condition_009	20	iid_high_indel	0.01	0.005	0.005	0.0	61	0.3	0.29508196721311475	factorial	20.0011744	20.001215	14508	200012150	f013	200	130.3421	-0.3482895000000001	0.3482895000000001	127.6422	131.992	False	0.02174899999999994	194.67545390324844	-0.026622730483757805	-0.32166676951624223	diagnostic_kmer_10_90_spread_not_sampling_CI
6302	condition_009	20	iid_high_indel	0.01	0.005	0.005	0.02	61	0.3	0.29508196721311475	factorial	20.0011744	20.001215	14508	200012150	f014	200	106.3435	-0.4682825	0.4682825	98.394	111.7932	False	0.06699599999999997	246.9928736276409	0.2349643681382045	-0.7032468681382045	diagnostic_kmer_10_90_spread_not_sampling_CI
6302	condition_009	20	iid_high_indel	0.01	0.005	0.005	0.0	61	0.5	0.4426229508196721	factorial	20.0011744	20.001215	14508	200012150	f015	200	125.2924	-0.373538	0.373538	124.4424	126.7423	False	0.01149949999999997	188.7028537946547	-0.05648573102672657	-0.31705226897327343	diagnostic_kmer_10_90_spread_not_sampling_CI
6302	condition_009	20	iid_high_indel	0.01	0.005	0.005	0.02	61	0.5	0.4918032786885246	factorial	20.0011744	20.001215	14508	200012150	f016	200	87.4947	-0.5625265	0.5625265	83.6949	95.9942	False	0.06149650000000001	212.351465148196	0.061757325740980064	-0.6242838257409801	diagnostic_kmer_10_90_spread_not_sampling_CI
6302	condition_009	20	iid_high_indel	0.01	0.005	0.005	0.0	61	0.7	0.639344262295082	factorial	20.0011744	20.001215	14508	200012150	f017	200	159.5403	-0.2022985	0.2022985	157.0405	162.8401	False	0.02899799999999999	243.81519136868417	0.21907595684342085	-0.42137445684342084	diagnostic_kmer_10_90_spread_not_sampling_CI
6302	condition_009	20	iid_high_indel	0.01	0.005	0.005	0.02	61	0.7	0.7377049180327869	factorial	20.0011744	20.001215	14508	200012150	f018	200	81.995	-0.590025	0.590025	78.0953	86.7447	False	0.043247	182.89827660664028	-0.0855086169667986	-0.5045163830332013	diagnostic_kmer_10_90_spread_not_sampling_CI
6302	condition_009	20	iid_high_indel	0.01	0.005	0.005	0.0	171	0.3	0.3508771929824561	factorial	20.0011744	20.001215	14508	200012150	f019	20	7.6495	-0.617525	0.617525	6.8996	7.9995	False	0.054994999999999995	11.118937739250805	-0.44405311303745976	-0.1734718869625403	diagnostic_kmer_10_90_spread_not_sampling_CI
6302	condition_009	20	iid_high_indel	0.01	0.005	0.005	0.02	171	0.3	0.29239766081871343	factorial	20.0011744	20.001215	14508	200012150	f020	20	7.1996	-0.64002	0.64002	5.6997	8.3995	False	0.13499	17.64574746743971	-0.11771262662801459	-0.5223073733719854	diagnostic_kmer_10_90_spread_not_sampling_CI
6302	condition_009	20	iid_high_indel	0.01	0.005	0.005	0.0	171	0.5	0.47953216374269003	factorial	20.0011744	20.001215	14508	200012150	f021	20	13.7992	-0.31004	0.31004	13.1992	14.5991	False	0.06999500000000003	20.813690100819034	0.04068450504095171	-0.35072450504095165	diagnostic_kmer_10_90_spread_not_sampling_CI
6302	condition_009	20	iid_high_indel	0.01	0.005	0.005	0.02	171	0.5	0.49122807017543857	factorial	20.0011744	20.001215	14508	200012150	f022	20	10.3494	-0.48253	0.48253	8.4995	11.3993	False	0.14499000000000004	23.914969981968508	0.19574849909842537	-0.6782784990984254	diagnostic_kmer_10_90_spread_not_sampling_CI
6302	condition_009	20	iid_high_indel	0.01	0.005	0.005	0.0	171	0.7	0.7309941520467836	factorial	20.0011744	20.001215	14508	200012150	f023	20	13.4492	-0.32754000000000005	0.32754000000000005	12.5992	14.3491	False	0.08749500000000002	20.68972077211088	0.03448603860554407	-0.3620260386055441	diagnostic_kmer_10_90_spread_not_sampling_CI
6302	condition_009	20	iid_high_indel	0.01	0.005	0.005	0.02	171	0.7	0.7777777777777778	factorial	20.0011744	20.001215	14508	200012150	f024	20	9.7994	-0.51003	0.51003	7.4995	13.0992	False	0.279985	25.228635533585795	0.26143177667928974	-0.7714617766792897	diagnostic_kmer_10_90_spread_not_sampling_CI
6302	condition_009	20	iid_high_indel	0.01	0.005	0.005	0.0	171	0.3	0.26900584795321636	factorial	20.0011744	20.001215	14508	200012150	f025	80	60.5463	-0.24317124999999998	0.24317124999999998	59.4964	61.4463	False	0.024373749999999993	91.48380935726425	0.14354761696580312	-0.3867188669658031	diagnostic_kmer_10_90_spread_not_sampling_CI
6302	condition_009	20	iid_high_indel	0.01	0.005	0.005	0.02	171	0.3	0.30994152046783624	factorial	20.0011744	20.001215	14508	200012150	f026	80	38.1477	-0.52315375	0.52315375	33.698	41.2975	False	0.09499374999999999	85.04880710363751	0.06311008879546894	-0.586263838795469	diagnostic_kmer_10_90_spread_not_sampling_CI
6302	condition_009	20	iid_high_indel	0.01	0.005	0.005	0.0	171	0.5	0.5263157894736842	factorial	20.0011744	20.001215	14508	200012150	f027	80	36.8978	-0.5387775	0.5387775	35.7978	37.8477	False	0.02562375000000001	55.791168387036755	-0.3026103951620406	-0.2361671048379595	diagnostic_kmer_10_90_spread_not_sampling_CI
6302	condition_009	20	iid_high_indel	0.01	0.005	0.005	0.02	171	0.5	0.49707602339181284	factorial	20.0011744	20.001215	14508	200012150	f028	80	37.9977	-0.5250287499999999	0.5250287499999999	33.9979	41.2975	False	0.09124499999999998	87.43433953979276	0.09292924424740949	-0.6179579942474095	diagnostic_kmer_10_90_spread_not_sampling_CI
6302	condition_009	20	iid_high_indel	0.01	0.005	0.005	0.0	171	0.7	0.7017543859649122	factorial	20.0011744	20.001215	14508	200012150	f029	80	42.8974	-0.46378250000000004	0.46378250000000004	41.8975	44.3973	False	0.031247500000000004	65.22745639346817	-0.18465679508164784	-0.2791257049183522	diagnostic_kmer_10_90_spread_not_sampling_CI
6302	condition_009	20	iid_high_indel	0.01	0.005	0.005	0.02	171	0.7	0.6900584795321637	factorial	20.0011744	20.001215	14508	200012150	f030	80	34.9979	-0.56252625	0.56252625	30.2982	39.3976	False	0.11374249999999994	82.03231756523655	0.02540396956545692	-0.5879302195654569	diagnostic_kmer_10_90_spread_not_sampling_CI
6302	condition_009	20	iid_high_indel	0.01	0.005	0.005	0.0	171	0.3	0.30409356725146197	factorial	20.0011744	20.001215	14508	200012150	f031	200	121.6426	-0.391787	0.391787	120.0927	123.5925	False	0.01749900000000004	183.48337790283315	-0.08258311048583422	-0.3092038895141658	diagnostic_kmer_10_90_spread_not_sampling_CI
6302	condition_009	20	iid_high_indel	0.01	0.005	0.005	0.02	171	0.3	0.28654970760233917	factorial	20.0011744	20.001215	14508	200012150	f032	200	85.9948	-0.570026	0.570026	79.6952	94.0943	False	0.07199550000000002	201.50600382476534	0.007530019123826719	-0.5775560191238267	diagnostic_kmer_10_90_spread_not_sampling_CI
6302	condition_009	20	iid_high_indel	0.01	0.005	0.005	0.0	171	0.5	0.49707602339181284	factorial	20.0011744	20.001215	14508	200012150	f033	200	136.7417	-0.31629149999999995	0.31629149999999995	134.5918	138.5916	False	0.019998999999999968	206.2218087840432	0.03110904392021595	-0.3474005439202159	diagnostic_kmer_10_90_spread_not_sampling_CI
6302	condition_009	20	iid_high_indel	0.01	0.005	0.005	0.02	171	0.5	0.5964912280701754	factorial	20.0011744	20.001215	14508	200012150	f034	200	93.0443	-0.5347784999999999	0.5347784999999999	87.0447	101.1939	False	0.07074599999999996	214.40729304468806	0.0720364652234403	-0.6068149652234403	diagnostic_kmer_10_90_spread_not_sampling_CI
6302	condition_009	20	iid_high_indel	0.01	0.005	0.005	0.0	171	0.7	0.7251461988304093	factorial	20.0011744	20.001215	14508	200012150	f035	200	148.041	-0.259795	0.259795	146.1911	151.0908	False	0.02449849999999998	224.10204540625634	0.12051022703128168	-0.3803052270312817	diagnostic_kmer_10_90_spread_not_sampling_CI
6302	condition_009	20	iid_high_indel	0.01	0.005	0.005	0.02	171	0.7	0.7309941520467836	factorial	20.0011744	20.001215	14508	200012150	f036	200	64.0961	-0.6795194999999999	0.6795194999999999	60.9463	66.346	False	0.026998500000000016	143.40035146118677	-0.28299824269406615	-0.39652125730593385	diagnostic_kmer_10_90_spread_not_sampling_CI
6302	condition_009	20	iid_high_indel	0.01	0.005	0.005	0.0	421	0.3	0.3016627078384798	factorial	20.0011744	20.001215	14508	200012150	f037	20	15.699	-0.21505000000000002	0.21505000000000002	14.8491	16.349	False	0.074995	23.7133343938595	0.18566671969297505	-0.40071671969297507	diagnostic_kmer_10_90_spread_not_sampling_CI
6302	condition_009	20	iid_high_indel	0.01	0.005	0.005	0.02	421	0.3	0.27078384798099764	factorial	20.0011744	20.001215	14508	200012150	f038	20	7.7995	-0.610025	0.610025	6.9996	9.2494	False	0.11248999999999998	18.075660687465714	-0.09621696562671431	-0.5138080343732857	diagnostic_kmer_10_90_spread_not_sampling_CI
6302	condition_009	20	iid_high_indel	0.01	0.005	0.005	0.0	421	0.5	0.5201900237529691	factorial	20.0011744	20.001215	14508	200012150	f039	20	12.4992	-0.37504	0.37504	11.9993	13.1492	False	0.05749500000000003	19.148638062281773	-0.042568096885911365	-0.33247190311408864	diagnostic_kmer_10_90_spread_not_sampling_CI
6302	condition_009	20	iid_high_indel	0.01	0.005	0.005	0.02	421	0.5	0.5130641330166271	factorial	20.0011744	20.001215	14508	200012150	f040	20	8.1995	-0.590025	0.590025	6.5496	9.9494	False	0.16999000000000003	18.844974183210972	-0.05775129083945139	-0.5322737091605486	diagnostic_kmer_10_90_spread_not_sampling_CI
6302	condition_009	20	iid_high_indel	0.01	0.005	0.005	0.0	421	0.7	0.7268408551068883	factorial	20.0011744	20.001215	14508	200012150	f041	20	7.1996	-0.64002	0.64002	6.7996	7.5995	False	0.039995	10.88071500365489	-0.4559642498172555	-0.1840557501827445	diagnostic_kmer_10_90_spread_not_sampling_CI
6302	condition_009	20	iid_high_indel	0.01	0.005	0.005	0.02	421	0.7	0.7102137767220903	factorial	20.0011744	20.001215	14508	200012150	f042	20	10.4994	-0.47503	0.47503	7.7495	12.5992	False	0.24248499999999998	22.956609232561448	0.1478304616280724	-0.6228604616280724	diagnostic_kmer_10_90_spread_not_sampling_CI
6302	condition_009	20	iid_high_indel	0.01	0.005	0.005	0.0	421	0.3	0.32304038004750596	factorial	20.0011744	20.001215	14508	200012150	f043	80	52.3968	-0.34504	0.34504	51.2469	53.2468	False	0.02499875000000005	78.76544615190933	-0.015431923101133371	-0.3296080768988666	diagnostic_kmer_10_90_spread_not_sampling_CI
6302	condition_009	20	iid_high_indel	0.01	0.005	0.005	0.02	421	0.3	0.29691211401425177	factorial	20.0011744	20.001215	14508	200012150	f044	80	42.0974	-0.4737825	0.4737825	38.8476	45.8972	False	0.08811999999999998	94.71545968587945	0.18394324607349316	-0.6577257460734931	diagnostic_kmer_10_90_spread_not_sampling_CI
6302	condition_009	20	iid_high_indel	0.01	0.005	0.005	0.0	421	0.5	0.47268408551068886	factorial	20.0011744	20.001215	14508	200012150	f045	80	47.2471	-0.40941124999999995	0.40941124999999995	46.0972	48.4971	False	0.02999875000000003	70.97932378056841	-0.11275845274289491	-0.296652797257105	diagnostic_kmer_10_90_spread_not_sampling_CI
6302	condition_009	20	iid_high_indel	0.01	0.005	0.005	0.02	421	0.5	0.501187648456057	factorial	20.0011744	20.001215	14508	200012150	f046	80	36.3478	-0.5456525	0.5456525	33.098	39.4476	False	0.07937000000000002	84.63992305535714	0.0579990381919643	-0.6036515381919643	diagnostic_kmer_10_90_spread_not_sampling_CI
6302	condition_009	20	iid_high_indel	0.01	0.005	0.005	0.0	421	0.7	0.6959619952494062	factorial	20.0011744	20.001215	14508	200012150	f047	80	27.4483	-0.65689625	0.65689625	26.2984	28.1983	False	0.023748749999999985	41.09877432842749	-0.4862653208946564	-0.1706309291053436	diagnostic_kmer_10_90_spread_not_sampling_CI
6302	condition_009	20	iid_high_indel	0.01	0.005	0.005	0.02	421	0.7	0.6745843230403801	factorial	20.0011744	20.001215	14508	200012150	f048	80	36.8978	-0.5387775	0.5387775	33.098	41.0975	False	0.09999374999999996	86.77578338585705	0.08469729232321317	-0.6234747923232132	diagnostic_kmer_10_90_spread_not_sampling_CI
6302	condition_009	20	iid_high_indel	0.01	0.005	0.005	0.0	421	0.3	0.33729216152019004	factorial	20.0011744	20.001215	14508	200012150	f049	200	132.392	-0.33804	0.33804	130.2421	135.1918	False	0.024748500000000034	199.88945013994385	-0.0005527493002807659	-0.33748725069971924	diagnostic_kmer_10_90_spread_not_sampling_CI
6302	condition_009	20	iid_high_indel	0.01	0.005	0.005	0.02	421	0.3	0.2992874109263658	factorial	20.0011744	20.001215	14508	200012150	f050	200	90.4445	-0.5477775	0.5477775	85.1948	97.5941	False	0.06199649999999998	207.50610502773606	0.03753052513868028	-0.5853080251386803	diagnostic_kmer_10_90_spread_not_sampling_CI
6302	condition_009	20	iid_high_indel	0.01	0.005	0.005	0.0	421	0.5	0.4845605700712589	factorial	20.0011744	20.001215	14508	200012150	f051	200	146.3911	-0.2680445	0.2680445	143.9913	148.891	False	0.02449849999999998	220.7734969878578	0.10386748493928906	-0.37191198493928906	diagnostic_kmer_10_90_spread_not_sampling_CI
6302	condition_009	20	iid_high_indel	0.01	0.005	0.005	0.02	421	0.5	0.503562945368171	factorial	20.0011744	20.001215	14508	200012150	f052	200	83.3949	-0.5830255	0.5830255	77.4453	88.3946	False	0.05474649999999997	188.1136570539438	-0.05943171473028101	-0.523593785269719	diagnostic_kmer_10_90_spread_not_sampling_CI
6302	condition_009	20	iid_high_indel	0.01	0.005	0.005	0.0	421	0.7	0.684085510688836	factorial	20.0011744	20.001215	14508	200012150	f053	200	131.892	-0.34054	0.34054	129.8421	133.8419	False	0.01999900000000011	198.82514208979427	-0.005874289551028653	-0.33466571044897137	diagnostic_kmer_10_90_spread_not_sampling_CI
6302	condition_009	20	iid_high_indel	0.01	0.005	0.005	0.02	421	0.7	0.6983372921615202	factorial	20.0011744	20.001215	14508	200012150	f054	200	93.0443	-0.5347784999999999	0.5347784999999999	86.2948	99.7939	False	0.06749549999999999	215.56133273735404	0.07780666368677018	-0.6125851636867702	diagnostic_kmer_10_90_spread_not_sampling_CI
6302	condition_009	20	iid_high_indel	0.01	0.005	0.005	0.01	171	0.5	0.5321637426900585	megabase	20.0011744	20.001215	14508	200012150	megabase_171	6000	3148.7587	-0.47520688333333333	0.47520688333333333	3116.2607	3203.8054	False	0.014590783333333395	5881.063143504377	-0.019822809415937174	-0.45538407391739616	diagnostic_kmer_10_90_spread_not_sampling_CI
6303	condition_001	1	error_free	0	0	0	0.0	61	0.3	0.4426229508196721	factorial	1.0007189	1.0007189	727	10007189	f001	20	0.0	-1.0	1.0	0.0	0.0	False	0.0	0.0	-1.0	0.0	diagnostic_kmer_10_90_spread_not_sampling_CI
6303	condition_001	1	error_free	0	0	0	0.02	61	0.3	0.29508196721311475	factorial	1.0007189	1.0007189	727	10007189	f002	20	11.9914	-0.40042999999999995	0.40042999999999995	8.9935	13.9899	False	0.24982000000000007	19.98563232891874	-0.0007183835540629957	-0.399711616445937	diagnostic_kmer_10_90_spread_not_sampling_CI
6303	condition_001	1	error_free	0	0	0	0.0	61	0.5	0.5081967213114754	factorial	1.0007189	1.0007189	727	10007189	f003	20	37.9727	0.8986350000000002	0.8986350000000002	36.9734	37.9727	False	0.04996500000000026	38.26757141012637	0.9133785705063187	-0.014743570506318448	diagnostic_kmer_10_90_spread_not_sampling_CI
6303	condition_001	1	error_free	0	0	0	0.02	61	0.5	0.3770491803278688	factorial	1.0007189	1.0007189	727	10007189	f004	20	0.0	-1.0	1.0	0.0	0.0	False	0.0	0.0	-1.0	0.0	diagnostic_kmer_10_90_spread_not_sampling_CI
6303	condition_001	1	error_free	0	0	0	0.0	61	0.7	0.7540983606557377	factorial	1.0007189	1.0007189	727	10007189	f005	20	0.0	-1.0	1.0	0.0	0.0	False	0.0	0.0	-1.0	0.0	diagnostic_kmer_10_90_spread_not_sampling_CI
6303	condition_001	1	error_free	0	0	0	0.02	61	0.7	0.7377049180327869	factorial	1.0007189	1.0007189	727	10007189	f006	20	12.9907	-0.35046499999999997	0.35046499999999997	11.9914	15.9885	False	0.19985499999999998	19.98563232891874	-0.0007183835540629957	-0.34974661644593696	diagnostic_kmer_10_90_spread_not_sampling_CI
6303	condition_001	1	error_free	0	0	0	0.0	61	0.3	0.4098360655737705	factorial	1.0007189	1.0007189	727	10007189	f007	80	11.9914	-0.8501075	0.8501075	11.9914	11.9914	False	0.0	12.417302709279019	-0.8447837161340124	-0.00532378386598773	diagnostic_kmer_10_90_spread_not_sampling_CI
6303	condition_001	1	error_free	0	0	0	0.02	61	0.3	0.29508196721311475	factorial	1.0007189	1.0007189	727	10007189	f008	80	122.9116	0.5363950000000001	0.5363950000000001	117.9152	128.9073	False	0.13740124999999992	192.45181032798143	1.405647629099768	-0.8692526290997679	diagnostic_kmer_10_90_spread_not_sampling_CI
6303	condition_001	1	error_free	0	0	0	0.0	61	0.5	0.5081967213114754	factorial	1.0007189	1.0007189	727	10007189	f009	80	0.0	-1.0	1.0	0.0	0.0	False	0.0	0.0	-1.0	0.0	diagnostic_kmer_10_90_spread_not_sampling_CI
6303	condition_001	1	error_free	0	0	0	0.02	61	0.5	0.5737704918032787	factorial	1.0007189	1.0007189	727	10007189	f010	80	54.9605	-0.31299374999999996	0.31299374999999996	50.9634	60.9562	False	0.12491000000000003	96.34057682489434	0.20425721031117927	-0.5172509603111792	diagnostic_kmer_10_90_spread_not_sampling_CI
6303	condition_001	1	error_free	0	0	0	0.0	61	0.7	0.819672131147541	factorial	1.0007189	1.0007189	727	10007189	f011	80	0.0	-1.0	1.0	0.0	0.0	False	0.0	0.0	-1.0	0.0	diagnostic_kmer_10_90_spread_not_sampling_CI
6303	condition_001	1	error_free	0	0	0	0.02	61	0.7	0.6557377049180327	factorial	1.0007189	1.0007189	727	10007189	f012	80	71.9483	-0.10064624999999996	0.10064624999999996	65.9526	76.9447	False	0.13740124999999992	105.74365301899218	0.32179566273740223	-0.42244191273740217	diagnostic_kmer_10_90_spread_not_sampling_CI
6303	condition_001	1	error_free	0	0	0	0.0	61	0.3	0.2786885245901639	factorial	1.0007189	1.0007189	727	10007189	f013	200	0.0	-1.0	1.0	0.0	0.0	False	0.0	0.0	-1.0	0.0	diagnostic_kmer_10_90_spread_not_sampling_CI
6303	condition_001	1	error_free	0	0	0	0.02	61	0.3	0.3114754098360656	factorial	1.0007189	1.0007189	727	10007189	f014	200	211.8477	0.05923850000000001	0.05923850000000001	204.8527	223.8391	False	0.09493200000000002	322.63690878529064	0.6131845439264532	-0.5539460439264532	diagnostic_kmer_10_90_spread_not_sampling_CI
6303	condition_001	1	error_free	0	0	0	0.0	61	0.5	0.4426229508196721	factorial	1.0007189	1.0007189	727	10007189	f015	200	455.6724	1.278362	1.278362	454.6731	457.671	False	0.014989500000000077	456.9338053692872	1.284669026846436	-0.006307026846436088	diagnostic_kmer_10_90_spread_not_sampling_CI
6303	condition_001	1	error_free	0	0	0	0.02	61	0.5	0.45901639344262296	factorial	1.0007189	1.0007189	727	10007189	f016	200	41.9698	-0.790151	0.790151	37.9727	43.9684	False	0.029978499999999998	60.48111029374425	-0.6975944485312787	-0.09255655146872126	diagnostic_kmer_10_90_spread_not_sampling_CI
6303	condition_001	1	error_free	0	0	0	0.0	61	0.7	0.7540983606557377	factorial	1.0007189	1.0007189	727	10007189	f017	200	78.9432	-0.6052839999999999	0.6052839999999999	78.9432	79.9425	False	0.004996499999999955	79.45107934037368	-0.6027446032981316	-0.002539396701868384	diagnostic_kmer_10_90_spread_not_sampling_CI
6303	condition_001	1	error_free	0	0	0	0.02	61	0.7	0.7377049180327869	factorial	1.0007189	1.0007189	727	10007189	f018	200	174.8743	-0.12562849999999998	0.12562849999999998	163.8822	183.8678	False	0.09992799999999988	262.72915679606456	0.3136457839803228	-0.43927428398032276	diagnostic_kmer_10_90_spread_not_sampling_CI
6303	condition_001	1	error_free	0	0	0	0.0	171	0.3	0.30994152046783624	factorial	1.0007189	1.0007189	727	10007189	f019	20	19.9856	-0.0007199999999999207	0.0007199999999999207	18.9864	19.9856	False	0.049960000000000095	19.98563232891874	-0.0007183835540629957	-1.6164459369250039e-06	diagnostic_kmer_10_90_spread_not_sampling_CI
6303	condition_001	1	error_free	0	0	0	0.02	171	0.3	0.2982456140350877	factorial	1.0007189	1.0007189	727	10007189	f020	20	10.9921	-0.450395	0.450395	6.995	12.9907	False	0.299785	16.5670373252879	-0.17164813373560506	-0.27874686626439493	diagnostic_kmer_10_90_spread_not_sampling_CI
6303	condition_001	1	error_free	0	0	0	0.0	171	0.5	0.47368421052631576	factorial	1.0007189	1.0007189	727	10007189	f021	20	14.9892	-0.25054	0.25054	13.9899	14.9892	False	0.049964999999999996	14.819755434543252	-0.25901222827283743	0.008472228272837423	diagnostic_kmer_10_90_spread_not_sampling_CI
6303	condition_001	1	error_free	0	0	0	0.02	171	0.5	0.47953216374269003	factorial	1.0007189	1.0007189	727	10007189	f022	20	14.9892	-0.25054	0.25054	11.9914	16.9878	False	0.24982	19.98563232891874	-0.0007183835540629957	-0.24982161644593698	diagnostic_kmer_10_90_spread_not_sampling_CI
6303	condition_001	1	error_free	0	0	0	0.0	171	0.7	0.6491228070175439	factorial	1.0007189	1.0007189	727	10007189	f023	20	20.9849	0.04924499999999998	0.04924499999999998	20.9849	20.9849	False	0.0	21.27710155251261	0.06385507762563059	-0.014610077625630602	diagnostic_kmer_10_90_spread_not_sampling_CI
6303	condition_001	1	error_free	0	0	0	0.02	171	0.7	0.7017543859649122	factorial	1.0007189	1.0007189	727	10007189	f024	20	25.9813	0.299065	0.299065	19.9856	31.977	True	0.5995699999999999	39.97126465783748	0.998563232891874	-0.699498232891874	diagnostic_kmer_10_90_spread_not_sampling_CI
6303	condition_001	1	error_free	0	0	0	0.0	171	0.3	0.25146198830409355	factorial	1.0007189	1.0007189	727	10007189	f025	80	36.9734	-0.5378325	0.5378325	36.9734	37.9727	False	0.012491250000000065	37.58117003136737	-0.5302353746079078	-0.007597125392092163	diagnostic_kmer_10_90_spread_not_sampling_CI
6303	condition_001	1	error_free	0	0	0	0.02	171	0.3	0.3333333333333333	factorial	1.0007189	1.0007189	727	10007189	f026	80	92.9332	0.161665	0.161665	85.9382	102.926	False	0.21234750000000008	144.8899906325179	0.8111248829064739	-0.6494598829064738	diagnostic_kmer_10_90_spread_not_sampling_CI
6303	condition_001	1	error_free	0	0	0	0.0	171	0.5	0.4269005847953216	factorial	1.0007189	1.0007189	727	10007189	f027	80	134.903	0.6862874999999999	0.6862874999999999	132.9045	135.9023	False	0.0374724999999998	134.87964321162966	0.6859955401453707	0.0002919598546291979	diagnostic_kmer_10_90_spread_not_sampling_CI
6303	condition_001	1	error_free	0	0	0	0.02	171	0.5	0.47953216374269003	factorial	1.0007189	1.0007189	727	10007189	f028	80	23.9828	-0.700215	0.700215	20.9849	27.9799	False	0.08743750000000002	37.3649512020779	-0.5329381099740262	-0.1672768900259737	diagnostic_kmer_10_90_spread_not_sampling_CI
6303	condition_001	1	error_free	0	0	0	0.0	171	0.7	0.6549707602339181	factorial	1.0007189	1.0007189	727	10007189	f029	80	19.9856	-0.75018	0.75018	18.9864	19.9856	False	0.012490000000000024	19.605788439626423	-0.7549276445046698	0.0047476445046697345	diagnostic_kmer_10_90_spread_not_sampling_CI
6303	condition_001	1	error_free	0	0	0	0.02	171	0.7	0.6783625730994152	factorial	1.0007189	1.0007189	727	10007189	f030	80	97.9296	0.22411999999999993	0.22411999999999993	89.9353	104.9246	False	0.18736625	145.865897240392	0.8233237155049	-0.5992037155049001	diagnostic_kmer_10_90_spread_not_sampling_CI
6303	condition_001	1	error_free	0	0	0	0.0	171	0.3	0.32748538011695905	factorial	1.0007189	1.0007189	727	10007189	f031	200	88.9361	-0.5553195	0.5553195	88.9361	89.9353	False	0.004996000000000009	89.46784530869763	-0.5526607734565119	-0.0026587265434881856	diagnostic_kmer_10_90_spread_not_sampling_CI
6303	condition_001	1	error_free	0	0	0	0.02	171	0.3	0.2573099415204678	factorial	1.0007189	1.0007189	727	10007189	f032	200	193.8606	-0.030696999999999974	0.030696999999999974	172.8757	201.2553	True	0.14189800000000005	294.980920672269	0.47490460336134505	-0.505601603361345	diagnostic_kmer_10_90_spread_not_sampling_CI
6303	condition_001	1	error_free	0	0	0	0.0	171	0.5	0.4853801169590643	factorial	1.0007189	1.0007189	727	10007189	f033	200	218.8427	0.09421350000000003	0.09421350000000003	218.8427	219.842	False	0.004996500000000026	219.38029919881237	0.09690149599406184	-0.0026879959940617937	diagnostic_kmer_10_90_spread_not_sampling_CI
6303	condition_001	1	error_free	0	0	0	0.02	171	0.5	0.47368421052631576	factorial	1.0007189	1.0007189	727	10007189	f034	200	139.8994	-0.3005029999999999	0.3005029999999999	130.9059	147.8937	False	0.08493899999999996	219.04720532666374	0.09523602663331872	-0.39573902663331867	diagnostic_kmer_10_90_spread_not_sampling_CI
6303	condition_001	1	error_free	0	0	0	0.0	171	0.7	0.672514619883041	factorial	1.0007189	1.0007189	727	10007189	f035	200	128.9073	-0.35546350000000004	0.35546350000000004	127.908	129.9066	False	0.009992999999999981	129.15276611153013	-0.35423616944234937	-0.0012273305576506743	diagnostic_kmer_10_90_spread_not_sampling_CI
6303	condition_001	1	error_free	0	0	0	0.02	171	0.7	0.7192982456140351	factorial	1.0007189	1.0007189	727	10007189	f036	200	71.9483	-0.6402585	0.6402585	66.9519	76.9447	False	0.049964000000000015	111.3585408362209	-0.4432072958188955	-0.19705120418110447	diagnostic_kmer_10_90_spread_not_sampling_CI
6303	condition_001	1	error_free	0	0	0	0.0	421	0.3	0.2850356294536817	factorial	1.0007189	1.0007189	727	10007189	f037	20	36.9734	0.8486699999999999	0.8486699999999999	36.9734	36.9734	False	0.0	36.93781595043153	0.8468907975215764	0.0017792024784235138	diagnostic_kmer_10_90_spread_not_sampling_CI
6303	condition_001	1	error_free	0	0	0	0.02	421	0.3	0.3016627078384798	factorial	1.0007189	1.0007189	727	10007189	f038	20	6.995	-0.65025	0.65025	3.9971	8.9935	False	0.24982	10.370217059981707	-0.48148914700091466	-0.16876085299908533	diagnostic_kmer_10_90_spread_not_sampling_CI
6303	condition_001	1	error_free	0	0	0	0.0	421	0.5	0.5439429928741093	factorial	1.0007189	1.0007189	727	10007189	f039	20	11.9914	-0.40042999999999995	0.40042999999999995	10.9921	12.9907	False	0.09992999999999999	12.107685333707183	-0.39461573331464084	-0.005814266685359115	diagnostic_kmer_10_90_spread_not_sampling_CI
6303	condition_001	1	error_free	0	0	0	0.02	421	0.5	0.4821852731591449	factorial	1.0007189	1.0007189	727	10007189	f040	20	0.0	-1.0	1.0	0.0	0.0	False	0.0	0.0	-1.0	0.0	diagnostic_kmer_10_90_spread_not_sampling_CI
6303	condition_001	1	error_free	0	0	0	0.0	421	0.7	0.7244655581947743	factorial	1.0007189	1.0007189	727	10007189	f041	20	37.9727	0.8986350000000002	0.8986350000000002	36.9734	37.9727	False	0.04996500000000026	37.73059519008222	0.886529759504111	0.01210524049588919	diagnostic_kmer_10_90_spread_not_sampling_CI
6303	condition_001	1	error_free	0	0	0	0.02	421	0.7	0.6864608076009501	factorial	1.0007189	1.0007189	727	10007189	f042	20	7.9943	-0.6002850000000001	0.6002850000000001	4.9964	9.9928	False	0.24982000000000001	12.283331033510033	-0.3858334483244984	-0.21445155167550162	diagnostic_kmer_10_90_spread_not_sampling_CI
6303	condition_001	1	error_free	0	0	0	0.0	421	0.3	0.2850356294536817	factorial	1.0007189	1.0007189	727	10007189	f043	80	114.9174	0.4364675	0.4364675	111.9195	115.9167	False	0.04996500000000008	114.32636184735154	0.4290795230918942	0.00738797690810582	diagnostic_kmer_10_90_spread_not_sampling_CI
6303	condition_001	1	error_free	0	0	0	0.02	421	0.3	0.33016627078384797	factorial	1.0007189	1.0007189	727	10007189	f044	80	60.9562	-0.23804749999999997	0.23804749999999997	53.9612	67.9511	False	0.17487375	93.11120961981285	0.16389012024766067	-0.40193762024766067	diagnostic_kmer_10_90_spread_not_sampling_CI
6303	condition_001	1	error_free	0	0	0	0.0	421	0.5	0.47743467933491684	factorial	1.0007189	1.0007189	727	10007189	f045	80	77.944	-0.025699999999999966	0.025699999999999966	75.9454	78.9432	False	0.03747249999999998	77.73271652491208	-0.02834104343859902	0.0026410434385990555	diagnostic_kmer_10_90_spread_not_sampling_CI
6303	condition_001	1	error_free	0	0	0	0.02	421	0.5	0.5391923990498813	factorial	1.0007189	1.0007189	727	10007189	f046	80	39.9713	-0.50035875	0.50035875	35.9741	45.967	False	0.12491124999999999	64.92482198253138	-0.1884397252183577	-0.3119190247816423	diagnostic_kmer_10_90_spread_not_sampling_CI
6303	condition_001	1	error_free	0	0	0	0.0	421	0.7	0.7078384798099763	factorial	1.0007189	1.0007189	727	10007189	f047	80	0.0	-1.0	1.0	0.0	0.0	False	0.0	0.0	-1.0	0.0	diagnostic_kmer_10_90_spread_not_sampling_CI
6303	condition_001	1	error_free	0	0	0	0.02	421	0.7	0.6959619952494062	factorial	1.0007189	1.0007189	727	10007189	f048	80	24.982	-0.687725	0.687725	20.9849	27.9799	False	0.08743750000000002	39.30191212615635	-0.5087260984230456	-0.17899890157695442	diagnostic_kmer_10_90_spread_not_sampling_CI
6303	condition_001	1	error_free	0	0	0	0.0	421	0.3	0.3016627078384798	factorial	1.0007189	1.0007189	727	10007189	f049	200	193.8606	-0.030696999999999974	0.030696999999999974	192.8614	194.8599	False	0.009992500000000036	194.09799264429938	-0.029510036778503092	-0.0011869632214968817	diagnostic_kmer_10_90_spread_not_sampling_CI
6303	condition_001	1	error_free	0	0	0	0.02	421	0.3	0.332541567695962	factorial	1.0007189	1.0007189	727	10007189	f050	200	168.8786	-0.15560699999999997	0.15560699999999997	151.8908	180.87	False	0.14489599999999997	259.15098851587607	0.29575494257938034	-0.4513619425793803	diagnostic_kmer_10_90_spread_not_sampling_CI
6303	condition_001	1	error_free	0	0	0	0.0	421	0.5	0.498812351543943	factorial	1.0007189	1.0007189	727	10007189	f051	200	185.8664	-0.07066800000000001	0.07066800000000001	184.8671	186.8657	False	0.009993000000000052	186.1749474288682	-0.06912526285565904	-0.0015427371443409753	diagnostic_kmer_10_90_spread_not_sampling_CI
6303	condition_001	1	error_free	0	0	0	0.02	421	0.5	0.47268408551068886	factorial	1.0007189	1.0007189	727	10007189	f052	200	109.921	-0.450395	0.450395	101.9267	117.9152	False	0.07994250000000001	165.3134601914731	-0.1734326990426345	-0.27696230095736546	diagnostic_kmer_10_90_spread_not_sampling_CI
6303	condition_001	1	error_free	0	0	0	0.0	421	0.7	0.6912114014251781	factorial	1.0007189	1.0007189	727	10007189	f053	200	377.7285	0.8886425	0.8886425	376.7292	378.7277	False	0.009992500000000177	378.3147278794196	0.891573639397098	-0.002931139397097979	diagnostic_kmer_10_90_spread_not_sampling_CI
6303	condition_001	1	error_free	0	0	0	0.02	421	0.7	0.7173396674584323	factorial	1.0007189	1.0007189	727	10007189	f054	200	69.9497	-0.6502515	0.6502515	61.9555	77.944	False	0.07994250000000001	105.9262249338072	-0.470368875330964	-0.17988262466903598	diagnostic_kmer_10_90_spread_not_sampling_CI
6303	condition_001	1	error_free	0	0	0	0.01	171	0.5	0.5380116959064327	megabase	1.0007189	1.0007189	727	10007189	megabase_171	6000	4638.6653	-0.22688911666666672	0.22688911666666672	4598.694	4689.6286	False	0.015155766666666598	5764.4232076180315	-0.039262798730328084	-0.18762631793633863	diagnostic_kmer_10_90_spread_not_sampling_CI
6303	condition_002	1	iid_low_indel	0.001	0.001	0.001	0.0	61	0.3	0.4426229508196721	factorial	1.0007189	1.0007307	727	10007307	f001	20	0.0	-1.0	1.0	0.0	0.0	False	0.0	0.0	-1.0	0.0	diagnostic_kmer_10_90_spread_not_sampling_CI
6303	condition_002	1	iid_low_indel	0.001	0.001	0.001	0.02	61	0.3	0.29508196721311475	factorial	1.0007189	1.0007307	727	10007307	f002	20	10.992	-0.45039999999999997	0.45039999999999997	6.9949	13.9898	False	0.34974500000000003	19.98563232891874	-0.0007183835540629957	-0.44968161644593696	diagnostic_kmer_10_90_spread_not_sampling_CI
6303	condition_002	1	iid_low_indel	0.001	0.001	0.001	0.0	61	0.5	0.5081967213114754	factorial	1.0007189	1.0007307	727	10007307	f003	20	36.973	0.8486499999999999	0.8486499999999999	34.9744	36.973	False	0.09992999999999981	38.26757141012637	0.9133785705063187	-0.06472857050631867	diagnostic_kmer_10_90_spread_not_sampling_CI
6303	condition_002	1	iid_low_indel	0.001	0.001	0.001	0.02	61	0.5	0.3770491803278688	factorial	1.0007189	1.0007307	727	10007307	f004	20	0.0	-1.0	1.0	0.0	0.0	False	0.0	0.0	-1.0	0.0	diagnostic_kmer_10_90_spread_not_sampling_CI
6303	condition_002	1	iid_low_indel	0.001	0.001	0.001	0.0	61	0.7	0.7540983606557377	factorial	1.0007189	1.0007307	727	10007307	f005	20	0.0	-1.0	1.0	0.0	0.0	False	0.0	0.0	-1.0	0.0	diagnostic_kmer_10_90_spread_not_sampling_CI
6303	condition_002	1	iid_low_indel	0.001	0.001	0.001	0.02	61	0.7	0.7377049180327869	factorial	1.0007189	1.0007307	727	10007307	f006	20	12.9905	-0.350475	0.350475	10.992	15.9883	False	0.24981499999999998	19.98563232891874	-0.0007183835540629957	-0.349756616445937	diagnostic_kmer_10_90_spread_not_sampling_CI
6303	condition_002	1	iid_low_indel	0.001	0.001	0.001	0.0	61	0.3	0.4098360655737705	factorial	1.0007189	1.0007307	727	10007307	f007	80	10.992	-0.8625999999999999	0.8625999999999999	10.992	11.9912	False	0.012489999999999979	12.417302709279019	-0.8447837161340124	-0.017816283865987725	diagnostic_kmer_10_90_spread_not_sampling_CI
6303	condition_002	1	iid_low_indel	0.001	0.001	0.001	0.02	61	0.3	0.29508196721311475	factorial	1.0007189	1.0007307	727	10007307	f008	80	114.916	0.43644999999999995	0.43644999999999995	106.9219	120.9116	False	0.17487125000000017	192.45181032798143	1.405647629099768	-0.9691976290997679	diagnostic_kmer_10_90_spread_not_sampling_CI
6303	condition_002	1	iid_low_indel	0.001	0.001	0.001	0.0	61	0.5	0.5081967213114754	factorial	1.0007189	1.0007307	727	10007307	f009	80	0.0	-1.0	1.0	0.0	0.0	False	0.0	0.0	-1.0	0.0	diagnostic_kmer_10_90_spread_not_sampling_CI
6303	condition_002	1	iid_low_indel	0.001	0.001	0.001	0.02	61	0.5	0.5737704918032787	factorial	1.0007189	1.0007307	727	10007307	f010	80	51.962	-0.350475	0.350475	48.9642	57.9577	False	0.11241875000000005	96.34057682489434	0.20425721031117927	-0.5547322103111793	diagnostic_kmer_10_90_spread_not_sampling_CI
6303	condition_002	1	iid_low_indel	0.001	0.001	0.001	0.0	61	0.7	0.819672131147541	factorial	1.0007189	1.0007307	727	10007307	f011	80	0.0	-1.0	1.0	0.0	0.0	False	0.0	0.0	-1.0	0.0	diagnostic_kmer_10_90_spread_not_sampling_CI
6303	condition_002	1	iid_low_indel	0.001	0.001	0.001	0.02	61	0.7	0.6557377049180327	factorial	1.0007189	1.0007307	727	10007307	f012	80	68.9496	-0.13812999999999995	0.13812999999999995	62.954	74.9452	False	0.14989	105.74365301899218	0.32179566273740223	-0.45992566273740215	diagnostic_kmer_10_90_spread_not_sampling_CI
6303	condition_002	1	iid_low_indel	0.001	0.001	0.001	0.0	61	0.3	0.2786885245901639	factorial	1.0007189	1.0007307	727	10007307	f013	200	0.0	-1.0	1.0	0.0	0.0	False	0.0	0.0	-1.0	0.0	diagnostic_kmer_10_90_spread_not_sampling_CI
6303	condition_002	1	iid_low_indel	0.001	0.001	0.001	0.02	61	0.3	0.3114754098360656	factorial	1.0007189	1.0007307	727	10007307	f014	200	194.8576	-0.025712000000000047	0.025712000000000047	189.8613	209.8467	True	0.09992699999999999	322.63690878529064	0.6131845439264532	-0.6388965439264532	diagnostic_kmer_10_90_spread_not_sampling_CI
6303	condition_002	1	iid_low_indel	0.001	0.001	0.001	0.0	61	0.5	0.4426229508196721	factorial	1.0007189	1.0007307	727	10007307	f015	200	427.6875	1.1384375	1.1384375	424.6897	430.6853	False	0.029977999999999838	456.9338053692872	1.284669026846436	-0.146231526846436	diagnostic_kmer_10_90_spread_not_sampling_CI
6303	condition_002	1	iid_low_indel	0.001	0.001	0.001	0.02	61	0.5	0.45901639344262296	factorial	1.0007189	1.0007307	727	10007307	f016	200	38.9715	-0.8051425000000001	0.8051425000000001	34.9744	41.9693	False	0.03497449999999997	60.48111029374425	-0.6975944485312787	-0.10754805146872126	diagnostic_kmer_10_90_spread_not_sampling_CI
6303	condition_002	1	iid_low_indel	0.001	0.001	0.001	0.0	61	0.7	0.7540983606557377	factorial	1.0007189	1.0007307	727	10007307	f017	200	74.9452	-0.625274	0.625274	72.9467	76.9438	False	0.019985499999999944	79.45107934037368	-0.6027446032981316	-0.022529396701868407	diagnostic_kmer_10_90_spread_not_sampling_CI
6303	condition_002	1	iid_low_indel	0.001	0.001	0.001	0.02	61	0.7	0.7377049180327869	factorial	1.0007189	1.0007307	727	10007307	f018	200	163.8803	-0.18059849999999997	0.18059849999999997	156.8854	172.8737	False	0.07994150000000005	262.72915679606456	0.3136457839803228	-0.4942442839803228	diagnostic_kmer_10_90_spread_not_sampling_CI
6303	condition_002	1	iid_low_indel	0.001	0.001	0.001	0.0	171	0.3	0.30994152046783624	factorial	1.0007189	1.0007307	727	10007307	f019	20	17.9869	-0.10065500000000008	0.10065500000000008	16.9876	19.9854	False	0.1498899999999999	19.98563232891874	-0.0007183835540629957	-0.09993661644593707	diagnostic_kmer_10_90_spread_not_sampling_CI
6303	condition_002	1	iid_low_indel	0.001	0.001	0.001	0.02	171	0.3	0.2982456140350877	factorial	1.0007189	1.0007307	727	10007307	f020	20	8.9934	-0.55033	0.55033	6.9949	11.9912	False	0.24981499999999995	16.5670373252879	-0.17164813373560506	-0.378681866264395	diagnostic_kmer_10_90_spread_not_sampling_CI
6303	condition_002	1	iid_low_indel	0.001	0.001	0.001	0.0	171	0.5	0.47368421052631576	factorial	1.0007189	1.0007307	727	10007307	f021	20	13.9898	-0.30050999999999994	0.30050999999999994	11.9912	14.989	False	0.14989000000000008	14.819755434543252	-0.25901222827283743	-0.041497771727162555	diagnostic_kmer_10_90_spread_not_sampling_CI
6303	condition_002	1	iid_low_indel	0.001	0.001	0.001	0.02	171	0.5	0.47953216374269003	factorial	1.0007189	1.0007307	727	10007307	f022	20	13.9898	-0.30050999999999994	0.30050999999999994	9.9927	15.9883	False	0.29978000000000005	19.98563232891874	-0.0007183835540629957	-0.299791616445937	diagnostic_kmer_10_90_spread_not_sampling_CI
6303	condition_002	1	iid_low_indel	0.001	0.001	0.001	0.0	171	0.7	0.6491228070175439	factorial	1.0007189	1.0007307	727	10007307	f023	20	19.9854	-0.000730000000000075	0.000730000000000075	17.9869	20.9847	True	0.14989000000000008	21.27710155251261	0.06385507762563059	-0.06458507762563066	diagnostic_kmer_10_90_spread_not_sampling_CI
6303	condition_002	1	iid_low_indel	0.001	0.001	0.001	0.02	171	0.7	0.7017543859649122	factorial	1.0007189	1.0007307	727	10007307	f024	20	23.9825	0.19912500000000008	0.19912500000000008	18.9861	29.9781	True	0.5496000000000001	39.97126465783748	0.998563232891874	-0.7994382328918739	diagnostic_kmer_10_90_spread_not_sampling_CI
6303	condition_002	1	iid_low_indel	0.001	0.001	0.001	0.0	171	0.3	0.25146198830409355	factorial	1.0007189	1.0007307	727	10007307	f025	80	34.9744	-0.56282	0.56282	32.9759	36.973	False	0.04996374999999995	37.58117003136737	-0.5302353746079078	-0.0325846253920921	diagnostic_kmer_10_90_spread_not_sampling_CI
6303	condition_002	1	iid_low_indel	0.001	0.001	0.001	0.02	171	0.3	0.3333333333333333	factorial	1.0007189	1.0007307	727	10007307	f026	80	86.9365	0.08670624999999994	0.08670624999999994	80.9409	94.9306	False	0.17487124999999998	144.8899906325179	0.8111248829064739	-0.7244186329064739	diagnostic_kmer_10_90_spread_not_sampling_CI
6303	condition_002	1	iid_low_indel	0.001	0.001	0.001	0.0	171	0.5	0.4269005847953216	factorial	1.0007189	1.0007307	727	10007307	f027	80	124.9087	0.5613587499999999	0.5613587499999999	121.9109	126.9073	False	0.06245500000000011	134.87964321162966	0.6859955401453707	-0.12463679014537074	diagnostic_kmer_10_90_spread_not_sampling_CI
6303	condition_002	1	iid_low_indel	0.001	0.001	0.001	0.02	171	0.5	0.47953216374269003	factorial	1.0007189	1.0007307	727	10007307	f028	80	22.9832	-0.7127100000000001	0.7127100000000001	18.9861	25.981	False	0.08743625000000002	37.3649512020779	-0.5329381099740262	-0.1797718900259737	diagnostic_kmer_10_90_spread_not_sampling_CI
6303	condition_002	1	iid_low_indel	0.001	0.001	0.001	0.0	171	0.7	0.6549707602339181	factorial	1.0007189	1.0007307	727	10007307	f029	80	17.9869	-0.77516375	0.77516375	15.9883	19.9854	False	0.04996374999999997	19.605788439626423	-0.7549276445046698	-0.020236105495330302	diagnostic_kmer_10_90_spread_not_sampling_CI
6303	condition_002	1	iid_low_indel	0.001	0.001	0.001	0.02	171	0.7	0.6783625730994152	factorial	1.0007189	1.0007307	727	10007307	f030	80	91.9328	0.14916000000000001	0.14916000000000001	84.9379	98.9277	False	0.17487250000000004	145.865897240392	0.8233237155049	-0.6741637155049001	diagnostic_kmer_10_90_spread_not_sampling_CI
6303	condition_002	1	iid_low_indel	0.001	0.001	0.001	0.0	171	0.3	0.32748538011695905	factorial	1.0007189	1.0007307	727	10007307	f031	200	81.9401	-0.5902995	0.5902995	78.9423	84.9379	False	0.02997799999999998	89.46784530869763	-0.5526607734565119	-0.03763872654348816	diagnostic_kmer_10_90_spread_not_sampling_CI
6303	condition_002	1	iid_low_indel	0.001	0.001	0.001	0.02	171	0.3	0.2573099415204678	factorial	1.0007189	1.0007307	727	10007307	f032	200	180.8678	-0.09566100000000005	0.09566100000000005	153.8876	189.2617	False	0.17687049999999999	294.980920672269	0.47490460336134505	-0.5705656033613451	diagnostic_kmer_10_90_spread_not_sampling_CI
6303	condition_002	1	iid_low_indel	0.001	0.001	0.001	0.0	171	0.5	0.4853801169590643	factorial	1.0007189	1.0007307	727	10007307	f033	200	206.8489	0.03424449999999993	0.03424449999999993	204.8503	210.8459	False	0.02997799999999998	219.38029919881237	0.09690149599406184	-0.0626569959940619	diagnostic_kmer_10_90_spread_not_sampling_CI
6303	condition_002	1	iid_low_indel	0.001	0.001	0.001	0.02	171	0.5	0.47368421052631576	factorial	1.0007189	1.0007307	727	10007307	f034	200	131.9036	-0.34048199999999995	0.34048199999999995	123.9095	138.8985	False	0.0749450000000001	219.04720532666374	0.09523602663331872	-0.43571802663331866	diagnostic_kmer_10_90_spread_not_sampling_CI
6303	condition_002	1	iid_low_indel	0.001	0.001	0.001	0.0	171	0.7	0.672514619883041	factorial	1.0007189	1.0007307	727	10007307	f035	200	121.9109	-0.3904455	0.3904455	116.9146	125.908	False	0.04496700000000004	129.15276611153013	-0.35423616944234937	-0.036209330557650646	diagnostic_kmer_10_90_spread_not_sampling_CI
6303	condition_002	1	iid_low_indel	0.001	0.001	0.001	0.02	171	0.7	0.7192982456140351	factorial	1.0007189	1.0007307	727	10007307	f036	200	66.9511	-0.6652445	0.6652445	62.954	71.9474	False	0.04496700000000001	111.3585408362209	-0.4432072958188955	-0.2220372041811045	diagnostic_kmer_10_90_spread_not_sampling_CI
6303	condition_002	1	iid_low_indel	0.001	0.001	0.001	0.0	421	0.3	0.2850356294536817	factorial	1.0007189	1.0007307	727	10007307	f037	20	34.9744	0.7487200000000002	0.7487200000000002	31.9766	35.9737	False	0.19985499999999998	36.93781595043153	0.8468907975215764	-0.09817079752157624	diagnostic_kmer_10_90_spread_not_sampling_CI
6303	condition_002	1	iid_low_indel	0.001	0.001	0.001	0.02	421	0.3	0.3016627078384798	factorial	1.0007189	1.0007307	727	10007307	f038	20	5.9956	-0.7002200000000001	0.7002200000000001	3.9971	8.9934	False	0.24981499999999998	10.370217059981707	-0.48148914700091466	-0.21873085299908537	diagnostic_kmer_10_90_spread_not_sampling_CI
6303	condition_002	1	iid_low_indel	0.001	0.001	0.001	0.0	421	0.5	0.5439429928741093	factorial	1.0007189	1.0007307	727	10007307	f039	20	10.992	-0.45039999999999997	0.45039999999999997	9.9927	12.9905	False	0.14989000000000008	12.107685333707183	-0.39461573331464084	-0.055784266685359095	diagnostic_kmer_10_90_spread_not_sampling_CI
6303	condition_002	1	iid_low_indel	0.001	0.001	0.001	0.02	421	0.5	0.4821852731591449	factorial	1.0007189	1.0007307	727	10007307	f040	20	0.0	-1.0	1.0	0.0	0.0	False	0.0	0.0	-1.0	0.0	diagnostic_kmer_10_90_spread_not_sampling_CI
6303	condition_002	1	iid_low_indel	0.001	0.001	0.001	0.0	421	0.7	0.7244655581947743	factorial	1.0007189	1.0007307	727	10007307	f041	20	34.9744	0.7487200000000002	0.7487200000000002	33.9752	37.9723	False	0.1998549999999998	37.73059519008222	0.886529759504111	-0.13780975950411084	diagnostic_kmer_10_90_spread_not_sampling_CI
6303	condition_002	1	iid_low_indel	0.001	0.001	0.001	0.02	421	0.7	0.6864608076009501	factorial	1.0007189	1.0007307	727	10007307	f042	20	6.9949	-0.6502549999999999	0.6502549999999999	4.9963	9.9927	False	0.24982	12.283331033510033	-0.3858334483244984	-0.26442155167550163	diagnostic_kmer_10_90_spread_not_sampling_CI
6303	condition_002	1	iid_low_indel	0.001	0.001	0.001	0.0	421	0.3	0.2850356294536817	factorial	1.0007189	1.0007307	727	10007307	f043	80	106.9219	0.3365237499999999	0.3365237499999999	103.9241	109.9197	False	0.07494500000000012	114.32636184735154	0.4290795230918942	-0.09255577309189426	diagnostic_kmer_10_90_spread_not_sampling_CI
6303	condition_002	1	iid_low_indel	0.001	0.001	0.001	0.02	421	0.3	0.33016627078384797	factorial	1.0007189	1.0007307	727	10007307	f044	80	55.9591	-0.30051125	0.30051125	49.9635	63.9533	False	0.17487249999999993	93.11120961981285	0.16389012024766067	-0.4644013702476607	diagnostic_kmer_10_90_spread_not_sampling_CI
6303	condition_002	1	iid_low_indel	0.001	0.001	0.001	0.0	421	0.5	0.47743467933491684	factorial	1.0007189	1.0007307	727	10007307	f045	80	71.9474	-0.10065749999999998	0.10065749999999998	68.9496	74.9452	False	0.07494499999999996	77.73271652491208	-0.02834104343859902	-0.07231645656140095	diagnostic_kmer_10_90_spread_not_sampling_CI
6303	condition_002	1	iid_low_indel	0.001	0.001	0.001	0.02	421	0.5	0.5391923990498813	factorial	1.0007189	1.0007307	727	10007307	f046	80	37.9723	-0.52534625	0.52534625	32.9759	41.9693	False	0.11241749999999992	64.92482198253138	-0.1884397252183577	-0.33690652478164235	diagnostic_kmer_10_90_spread_not_sampling_CI
6303	condition_002	1	iid_low_indel	0.001	0.001	0.001	0.0	421	0.7	0.7078384798099763	factorial	1.0007189	1.0007307	727	10007307	f047	80	0.0	-1.0	1.0	0.0	0.0	False	0.0	0.0	-1.0	0.0	diagnostic_kmer_10_90_spread_not_sampling_CI
6303	condition_002	1	iid_low_indel	0.001	0.001	0.001	0.02	421	0.7	0.6959619952494062	factorial	1.0007189	1.0007307	727	10007307	f048	80	22.9832	-0.7127100000000001	0.7127100000000001	19.9854	26.9803	False	0.08743625000000002	39.30191212615635	-0.5087260984230456	-0.2039839015769544	diagnostic_kmer_10_90_spread_not_sampling_CI
6303	condition_002	1	iid_low_indel	0.001	0.001	0.001	0.0	421	0.3	0.3016627078384798	factorial	1.0007189	1.0007307	727	10007307	f049	200	181.8671	-0.09066450000000004	0.09066450000000004	177.87	186.8635	False	0.04496749999999992	194.09799264429938	-0.029510036778503092	-0.06115446322149694	diagnostic_kmer_10_90_spread_not_sampling_CI
6303	condition_002	1	iid_low_indel	0.001	0.001	0.001	0.02	421	0.3	0.332541567695962	factorial	1.0007189	1.0007307	727	10007307	f050	200	158.8839	-0.20558049999999994	0.20558049999999994	143.8949	170.8751	False	0.134901	259.15098851587607	0.29575494257938034	-0.5013354425793802	diagnostic_kmer_10_90_spread_not_sampling_CI
6303	condition_002	1	iid_low_indel	0.001	0.001	0.001	0.0	421	0.5	0.498812351543943	factorial	1.0007189	1.0007307	727	10007307	f051	200	175.8715	-0.12064250000000001	0.12064250000000001	172.8737	178.8693	False	0.02997799999999998	186.1749474288682	-0.06912526285565904	-0.051517237144340984	diagnostic_kmer_10_90_spread_not_sampling_CI
6303	condition_002	1	iid_low_indel	0.001	0.001	0.001	0.02	421	0.5	0.47268408551068886	factorial	1.0007189	1.0007307	727	10007307	f052	200	103.9241	-0.4803795	0.4803795	94.9306	112.9175	False	0.08993450000000003	165.3134601914731	-0.1734326990426345	-0.3069468009573655	diagnostic_kmer_10_90_spread_not_sampling_CI
6303	condition_002	1	iid_low_indel	0.001	0.001	0.001	0.0	421	0.7	0.6912114014251781	factorial	1.0007189	1.0007307	727	10007307	f053	200	356.7393	0.7836965	0.7836965	350.7437	361.7357	False	0.05496000000000009	378.3147278794196	0.891573639397098	-0.1078771393970979	diagnostic_kmer_10_90_spread_not_sampling_CI
6303	condition_002	1	iid_low_indel	0.001	0.001	0.001	0.02	421	0.7	0.7173396674584323	factorial	1.0007189	1.0007307	727	10007307	f054	200	64.9525	-0.6752375	0.6752375	57.9577	74.9452	False	0.08493749999999999	105.9262249338072	-0.470368875330964	-0.20486862466903602	diagnostic_kmer_10_90_spread_not_sampling_CI
6303	condition_002	1	iid_low_indel	0.001	0.001	0.001	0.01	171	0.5	0.5380116959064327	megabase	1.0007189	1.0007307	727	10007307	megabase_171	6000	4358.815	-0.2735308333333334	0.2735308333333334	4320.8428	4424.7668	False	0.01732066666666666	5764.4232076180315	-0.039262798730328084	-0.23426803460300533	diagnostic_kmer_10_90_spread_not_sampling_CI
6303	condition_003	1	iid_high_indel	0.01	0.005	0.005	0.0	61	0.3	0.4426229508196721	factorial	1.0007189	1.0006539	727	10006539	f001	20	0.0	-1.0	1.0	0.0	0.0	False	0.0	0.0	-1.0	0.0	diagnostic_kmer_10_90_spread_not_sampling_CI
6303	condition_003	1	iid_high_indel	0.01	0.005	0.005	0.02	61	0.3	0.29508196721311475	factorial	1.0007189	1.0006539	727	10006539	f002	20	8.9941	-0.550295	0.550295	3.9974	10.9928	False	0.34977	19.98563232891874	-0.0007183835540629957	-0.549576616445937	diagnostic_kmer_10_90_spread_not_sampling_CI
6303	condition_003	1	iid_high_indel	0.01	0.005	0.005	0.0	61	0.5	0.5081967213114754	factorial	1.0007189	1.0006539	727	10006539	f003	20	24.9837	0.24918499999999993	0.24918499999999993	20.9863	27.9817	False	0.34977	38.26757141012637	0.9133785705063187	-0.6641935705063187	diagnostic_kmer_10_90_spread_not_sampling_CI
6303	condition_003	1	iid_high_indel	0.01	0.005	0.005	0.02	61	0.5	0.3770491803278688	factorial	1.0007189	1.0006539	727	10006539	f004	20	0.0	-1.0	1.0	0.0	0.0	False	0.0	0.0	-1.0	0.0	diagnostic_kmer_10_90_spread_not_sampling_CI
6303	condition_003	1	iid_high_indel	0.01	0.005	0.005	0.0	61	0.7	0.7540983606557377	factorial	1.0007189	1.0006539	727	10006539	f005	20	0.0	-1.0	1.0	0.0	0.0	False	0.0	0.0	-1.0	0.0	diagnostic_kmer_10_90_spread_not_sampling_CI
6303	condition_003	1	iid_high_indel	0.01	0.005	0.005	0.02	61	0.7	0.7377049180327869	factorial	1.0007189	1.0006539	727	10006539	f006	20	8.9941	-0.550295	0.550295	5.9961	10.9928	False	0.24983500000000003	19.98563232891874	-0.0007183835540629957	-0.549576616445937	diagnostic_kmer_10_90_spread_not_sampling_CI
6303	condition_003	1	iid_high_indel	0.01	0.005	0.005	0.0	61	0.3	0.4098360655737705	factorial	1.0007189	1.0006539	727	10006539	f007	80	6.9954	-0.9125574999999999	0.9125574999999999	5.9961	7.9948	False	0.024983749999999992	12.417302709279019	-0.8447837161340124	-0.06777378386598773	diagnostic_kmer_10_90_spread_not_sampling_CI
6303	condition_003	1	iid_high_indel	0.01	0.005	0.005	0.02	61	0.3	0.29508196721311475	factorial	1.0007189	1.0006539	727	10006539	f008	80	79.9477	-0.0006537500000000307	0.0006537500000000307	74.951	85.9438	True	0.13741000000000003	192.45181032798143	1.405647629099768	-1.406301379099768	diagnostic_kmer_10_90_spread_not_sampling_CI
6303	condition_003	1	iid_high_indel	0.01	0.005	0.005	0.0	61	0.5	0.5081967213114754	factorial	1.0007189	1.0006539	727	10006539	f009	80	0.0	-1.0	1.0	0.0	0.0	False	0.0	0.0	-1.0	0.0	diagnostic_kmer_10_90_spread_not_sampling_CI
6303	condition_003	1	iid_high_indel	0.01	0.005	0.005	0.02	61	0.5	0.5737704918032787	factorial	1.0007189	1.0006539	727	10006539	f010	80	37.9752	-0.5253099999999999	0.5253099999999999	32.9784	43.9712	False	0.13741000000000003	96.34057682489434	0.20425721031117927	-0.7295672103111792	diagnostic_kmer_10_90_spread_not_sampling_CI
6303	condition_003	1	iid_high_indel	0.01	0.005	0.005	0.0	61	0.7	0.819672131147541	factorial	1.0007189	1.0006539	727	10006539	f011	80	0.0	-1.0	1.0	0.0	0.0	False	0.0	0.0	-1.0	0.0	diagnostic_kmer_10_90_spread_not_sampling_CI
6303	condition_003	1	iid_high_indel	0.01	0.005	0.005	0.02	61	0.7	0.6557377049180327	factorial	1.0007189	1.0006539	727	10006539	f012	80	51.966	-0.350425	0.350425	39.9739	55.9634	False	0.19986874999999998	105.74365301899218	0.32179566273740223	-0.6722206627374022	diagnostic_kmer_10_90_spread_not_sampling_CI
6303	condition_003	1	iid_high_indel	0.01	0.005	0.005	0.0	61	0.3	0.2786885245901639	factorial	1.0007189	1.0006539	727	10006539	f013	200	0.0	-1.0	1.0	0.0	0.0	False	0.0	0.0	-1.0	0.0	diagnostic_kmer_10_90_spread_not_sampling_CI
6303	condition_003	1	iid_high_indel	0.01	0.005	0.005	0.02	61	0.3	0.3114754098360656	factorial	1.0007189	1.0006539	727	10006539	f014	200	140.9079	-0.29546049999999996	0.29546049999999996	131.9137	153.8994	False	0.10992850000000004	322.63690878529064	0.6131845439264532	-0.9086450439264532	diagnostic_kmer_10_90_spread_not_sampling_CI
6303	condition_003	1	iid_high_indel	0.01	0.005	0.005	0.0	61	0.5	0.4426229508196721	factorial	1.0007189	1.0006539	727	10006539	f015	200	298.8046	0.494023	0.494023	293.8079	307.7987	False	0.06995399999999989	456.9338053692872	1.284669026846436	-0.790646026846436	diagnostic_kmer_10_90_spread_not_sampling_CI
6303	condition_003	1	iid_high_indel	0.01	0.005	0.005	0.02	61	0.5	0.45901639344262296	factorial	1.0007189	1.0006539	727	10006539	f016	200	27.9817	-0.8600915	0.8600915	24.9837	29.9804	False	0.024983500000000002	60.48111029374425	-0.6975944485312787	-0.16249705146872123	diagnostic_kmer_10_90_spread_not_sampling_CI
6303	condition_003	1	iid_high_indel	0.01	0.005	0.005	0.0	61	0.7	0.7540983606557377	factorial	1.0007189	1.0006539	727	10006539	f017	200	53.9647	-0.7301765	0.7301765	50.9667	56.9628	False	0.029980499999999993	79.45107934037368	-0.6027446032981316	-0.1274318967018684	diagnostic_kmer_10_90_spread_not_sampling_CI
6303	condition_003	1	iid_high_indel	0.01	0.005	0.005	0.02	61	0.7	0.7377049180327869	factorial	1.0007189	1.0006539	727	10006539	f018	200	114.9249	-0.4253755	0.4253755	100.934	121.9203	False	0.1049315	262.72915679606456	0.3136457839803228	-0.7390212839803229	diagnostic_kmer_10_90_spread_not_sampling_CI
6303	condition_003	1	iid_high_indel	0.01	0.005	0.005	0.0	171	0.3	0.30994152046783624	factorial	1.0007189	1.0006539	727	10006539	f019	20	12.9915	-0.350425	0.350425	8.9941	15.9895	False	0.34977	19.98563232891874	-0.0007183835540629957	-0.349706616445937	diagnostic_kmer_10_90_spread_not_sampling_CI
6303	condition_003	1	iid_high_indel	0.01	0.005	0.005	0.02	171	0.3	0.2982456140350877	factorial	1.0007189	1.0006539	727	10006539	f020	20	6.9954	-0.65023	0.65023	4.9967	8.9941	False	0.19987	16.5670373252879	-0.17164813373560506	-0.4785818662643949	diagnostic_kmer_10_90_spread_not_sampling_CI
6303	condition_003	1	iid_high_indel	0.01	0.005	0.005	0.0	171	0.5	0.47368421052631576	factorial	1.0007189	1.0006539	727	10006539	f021	20	9.9935	-0.500325	0.500325	6.9954	11.9922	False	0.24984	14.819755434543252	-0.25901222827283743	-0.24131277172716264	diagnostic_kmer_10_90_spread_not_sampling_CI
6303	condition_003	1	iid_high_indel	0.01	0.005	0.005	0.02	171	0.5	0.47953216374269003	factorial	1.0007189	1.0006539	727	10006539	f022	20	9.9935	-0.500325	0.500325	7.9948	12.9915	False	0.24983500000000003	19.98563232891874	-0.0007183835540629957	-0.49960661644593707	diagnostic_kmer_10_90_spread_not_sampling_CI
6303	condition_003	1	iid_high_indel	0.01	0.005	0.005	0.0	171	0.7	0.6491228070175439	factorial	1.0007189	1.0006539	727	10006539	f023	20	14.9902	-0.25049	0.25049	10.9928	16.9889	False	0.299805	21.27710155251261	0.06385507762563059	-0.3143450776256306	diagnostic_kmer_10_90_spread_not_sampling_CI
6303	condition_003	1	iid_high_indel	0.01	0.005	0.005	0.02	171	0.7	0.7017543859649122	factorial	1.0007189	1.0006539	727	10006539	f024	20	15.9895	-0.200525	0.200525	10.9928	18.9876	False	0.39974	39.97126465783748	0.998563232891874	-1.199088232891874	diagnostic_kmer_10_90_spread_not_sampling_CI
6303	condition_003	1	iid_high_indel	0.01	0.005	0.005	0.0	171	0.3	0.25146198830409355	factorial	1.0007189	1.0006539	727	10006539	f025	80	25.983	-0.6752125	0.6752125	22.985	29.9804	False	0.0874425	37.58117003136737	-0.5302353746079078	-0.14497712539209212	diagnostic_kmer_10_90_spread_not_sampling_CI
6303	condition_003	1	iid_high_indel	0.01	0.005	0.005	0.02	171	0.3	0.3333333333333333	factorial	1.0007189	1.0006539	727	10006539	f026	80	59.9608	-0.25049	0.25049	53.9647	70.9536	False	0.21236124999999992	144.8899906325179	0.8111248829064739	-1.0616148829064738	diagnostic_kmer_10_90_spread_not_sampling_CI
6303	condition_003	1	iid_high_indel	0.01	0.005	0.005	0.0	171	0.5	0.4269005847953216	factorial	1.0007189	1.0006539	727	10006539	f027	80	88.9418	0.11177250000000001	0.11177250000000001	82.9458	97.936	False	0.18737750000000003	134.87964321162966	0.6859955401453707	-0.5742230401453707	diagnostic_kmer_10_90_spread_not_sampling_CI
6303	condition_003	1	iid_high_indel	0.01	0.005	0.005	0.02	171	0.5	0.47953216374269003	factorial	1.0007189	1.0006539	727	10006539	f028	80	16.9889	-0.7876387499999999	0.7876387499999999	13.9909	19.9869	False	0.07494999999999999	37.3649512020779	-0.5329381099740262	-0.2547006400259737	diagnostic_kmer_10_90_spread_not_sampling_CI
6303	condition_003	1	iid_high_indel	0.01	0.005	0.005	0.0	171	0.7	0.6549707602339181	factorial	1.0007189	1.0006539	727	10006539	f029	80	13.9909	-0.8251137500000001	0.8251137500000001	9.9935	15.9895	False	0.07495	19.605788439626423	-0.7549276445046698	-0.07018610549533029	diagnostic_kmer_10_90_spread_not_sampling_CI
6303	condition_003	1	iid_high_indel	0.01	0.005	0.005	0.02	171	0.7	0.6783625730994152	factorial	1.0007189	1.0006539	727	10006539	f030	80	66.9562	-0.16304750000000007	0.16304750000000007	58.9614	72.9523	False	0.17488624999999997	145.865897240392	0.8233237155049	-0.9863712155049	diagnostic_kmer_10_90_spread_not_sampling_CI
6303	condition_003	1	iid_high_indel	0.01	0.005	0.005	0.0	171	0.3	0.32748538011695905	factorial	1.0007189	1.0006539	727	10006539	f031	200	59.9608	-0.7001959999999999	0.7001959999999999	54.9641	64.9575	False	0.04996699999999997	89.46784530869763	-0.5526607734565119	-0.14753522654348816	diagnostic_kmer_10_90_spread_not_sampling_CI
6303	condition_003	1	iid_high_indel	0.01	0.005	0.005	0.02	171	0.3	0.2573099415204678	factorial	1.0007189	1.0006539	727	10006539	f032	200	128.9157	-0.35542150000000006	0.35542150000000006	111.9268	143.9059	False	0.15989550000000002	294.980920672269	0.47490460336134505	-0.8303261033613452	diagnostic_kmer_10_90_spread_not_sampling_CI
6303	condition_003	1	iid_high_indel	0.01	0.005	0.005	0.0	171	0.5	0.4853801169590643	factorial	1.0007189	1.0006539	727	10006539	f033	200	140.9079	-0.29546049999999996	0.29546049999999996	130.9144	153.8994	False	0.11492500000000007	219.38029919881237	0.09690149599406184	-0.3923619959940618	diagnostic_kmer_10_90_spread_not_sampling_CI
6303	condition_003	1	iid_high_indel	0.01	0.005	0.005	0.02	171	0.5	0.47368421052631576	factorial	1.0007189	1.0006539	727	10006539	f034	200	93.9386	-0.5303070000000001	0.5303070000000001	85.9438	100.934	False	0.074951	219.04720532666374	0.09523602663331872	-0.6255430266333187	diagnostic_kmer_10_90_spread_not_sampling_CI
6303	condition_003	1	iid_high_indel	0.01	0.005	0.005	0.0	171	0.7	0.672514619883041	factorial	1.0007189	1.0006539	727	10006539	f035	200	89.9412	-0.5502940000000001	0.5502940000000001	83.9451	95.9373	False	0.05996099999999999	129.15276611153013	-0.35423616944234937	-0.19605783055765066	diagnostic_kmer_10_90_spread_not_sampling_CI
6303	condition_003	1	iid_high_indel	0.01	0.005	0.005	0.02	171	0.7	0.7192982456140351	factorial	1.0007189	1.0006539	727	10006539	f036	200	47.9686	-0.760157	0.760157	42.9719	55.9634	False	0.06495750000000002	111.3585408362209	-0.4432072958188955	-0.31694970418110446	diagnostic_kmer_10_90_spread_not_sampling_CI
6303	condition_003	1	iid_high_indel	0.01	0.005	0.005	0.0	421	0.3	0.2850356294536817	factorial	1.0007189	1.0006539	727	10006539	f037	20	24.9837	0.24918499999999993	0.24918499999999993	20.9863	27.9817	False	0.34977	36.93781595043153	0.8468907975215764	-0.5977057975215765	diagnostic_kmer_10_90_spread_not_sampling_CI
6303	condition_003	1	iid_high_indel	0.01	0.005	0.005	0.02	421	0.3	0.3016627078384798	factorial	1.0007189	1.0006539	727	10006539	f038	20	3.9974	-0.80013	0.80013	1.9987	6.9954	False	0.24983500000000003	10.370217059981707	-0.48148914700091466	-0.31864085299908534	diagnostic_kmer_10_90_spread_not_sampling_CI
6303	condition_003	1	iid_high_indel	0.01	0.005	0.005	0.0	421	0.5	0.5439429928741093	factorial	1.0007189	1.0006539	727	10006539	f039	20	7.9948	-0.60026	0.60026	5.9961	9.9935	False	0.19986999999999994	12.107685333707183	-0.39461573331464084	-0.20564426668535915	diagnostic_kmer_10_90_spread_not_sampling_CI
6303	condition_003	1	iid_high_indel	0.01	0.005	0.005	0.02	421	0.5	0.4821852731591449	factorial	1.0007189	1.0006539	727	10006539	f040	20	0.0	-1.0	1.0	0.0	0.0	False	0.0	0.0	-1.0	0.0	diagnostic_kmer_10_90_spread_not_sampling_CI
6303	condition_003	1	iid_high_indel	0.01	0.005	0.005	0.0	421	0.7	0.7244655581947743	factorial	1.0007189	1.0006539	727	10006539	f041	20	23.9843	0.19921500000000006	0.19921500000000006	20.9863	27.9817	False	0.34977	37.73059519008222	0.886529759504111	-0.6873147595041109	diagnostic_kmer_10_90_spread_not_sampling_CI
6303	condition_003	1	iid_high_indel	0.01	0.005	0.005	0.02	421	0.7	0.6864608076009501	factorial	1.0007189	1.0006539	727	10006539	f042	20	4.9967	-0.750165	0.750165	2.998	6.9954	False	0.19987	12.283331033510033	-0.3858334483244984	-0.36433155167550163	diagnostic_kmer_10_90_spread_not_sampling_CI
6303	condition_003	1	iid_high_indel	0.01	0.005	0.005	0.0	421	0.3	0.2850356294536817	factorial	1.0007189	1.0006539	727	10006539	f043	80	74.951	-0.06311250000000009	0.06311250000000009	67.9556	82.9458	True	0.18737750000000003	114.32636184735154	0.4290795230918942	-0.49219202309189425	diagnostic_kmer_10_90_spread_not_sampling_CI
6303	condition_003	1	iid_high_indel	0.01	0.005	0.005	0.02	421	0.3	0.33016627078384797	factorial	1.0007189	1.0006539	727	10006539	f044	80	40.9732	-0.487835	0.487835	33.9778	46.9693	False	0.16239374999999995	93.11120961981285	0.16389012024766067	-0.6517251202476607	diagnostic_kmer_10_90_spread_not_sampling_CI
6303	condition_003	1	iid_high_indel	0.01	0.005	0.005	0.0	421	0.5	0.47743467933491684	factorial	1.0007189	1.0006539	727	10006539	f045	80	51.966	-0.350425	0.350425	47.9686	55.9634	False	0.09993499999999997	77.73271652491208	-0.02834104343859902	-0.322083956561401	diagnostic_kmer_10_90_spread_not_sampling_CI
6303	condition_003	1	iid_high_indel	0.01	0.005	0.005	0.02	421	0.5	0.5391923990498813	factorial	1.0007189	1.0006539	727	10006539	f046	80	27.9817	-0.6502287499999999	0.6502287499999999	22.985	32.9784	False	0.12491750000000001	64.92482198253138	-0.1884397252183577	-0.46178902478164224	diagnostic_kmer_10_90_spread_not_sampling_CI
6303	condition_003	1	iid_high_indel	0.01	0.005	0.005	0.0	421	0.7	0.7078384798099763	factorial	1.0007189	1.0006539	727	10006539	f047	80	0.0	-1.0	1.0	0.0	0.0	False	0.0	0.0	-1.0	0.0	diagnostic_kmer_10_90_spread_not_sampling_CI
6303	condition_003	1	iid_high_indel	0.01	0.005	0.005	0.02	421	0.7	0.6959619952494062	factorial	1.0007189	1.0006539	727	10006539	f048	80	15.9895	-0.8001312500000001	0.8001312500000001	11.9922	19.9869	False	0.09993374999999997	39.30191212615635	-0.5087260984230456	-0.2914051515769544	diagnostic_kmer_10_90_spread_not_sampling_CI
6303	condition_003	1	iid_high_indel	0.01	0.005	0.005	0.0	421	0.3	0.3016627078384798	factorial	1.0007189	1.0006539	727	10006539	f049	200	127.9164	-0.360418	0.360418	119.9216	134.9118	False	0.074951	194.09799264429938	-0.029510036778503092	-0.3309079632214969	diagnostic_kmer_10_90_spread_not_sampling_CI
6303	condition_003	1	iid_high_indel	0.01	0.005	0.005	0.02	421	0.3	0.332541567695962	factorial	1.0007189	1.0006539	727	10006539	f050	200	113.9255	-0.4303725	0.4303725	99.9347	123.919	False	0.11992149999999996	259.15098851587607	0.29575494257938034	-0.7261274425793803	diagnostic_kmer_10_90_spread_not_sampling_CI
6303	condition_003	1	iid_high_indel	0.01	0.005	0.005	0.0	421	0.5	0.498812351543943	factorial	1.0007189	1.0006539	727	10006539	f051	200	121.9203	-0.39039850000000004	0.39039850000000004	114.9249	129.915	False	0.07495049999999999	186.1749474288682	-0.06912526285565904	-0.321273237144341	diagnostic_kmer_10_90_spread_not_sampling_CI
6303	condition_003	1	iid_high_indel	0.01	0.005	0.005	0.02	421	0.5	0.47268408551068886	factorial	1.0007189	1.0006539	727	10006539	f052	200	70.9536	-0.645232	0.645232	63.9582	77.949	False	0.069954	165.3134601914731	-0.1734326990426345	-0.4717993009573655	diagnostic_kmer_10_90_spread_not_sampling_CI
6303	condition_003	1	iid_high_indel	0.01	0.005	0.005	0.0	421	0.7	0.6912114014251781	factorial	1.0007189	1.0006539	727	10006539	f053	200	249.8366	0.24918300000000002	0.24918300000000002	238.8438	259.8301	False	0.10493150000000014	378.3147278794196	0.891573639397098	-0.642390639397098	diagnostic_kmer_10_90_spread_not_sampling_CI
6303	condition_003	1	iid_high_indel	0.01	0.005	0.005	0.02	421	0.7	0.7173396674584323	factorial	1.0007189	1.0006539	727	10006539	f054	200	45.9699	-0.7701505000000001	0.7701505000000001	40.9732	51.966	False	0.05496400000000001	105.9262249338072	-0.470368875330964	-0.299781624669036	diagnostic_kmer_10_90_spread_not_sampling_CI
6303	condition_003	1	iid_high_indel	0.01	0.005	0.005	0.01	171	0.5	0.5380116959064327	megabase	1.0007189	1.0006539	727	10006539	megabase_171	6000	3108.967	-0.4818388333333333	0.4818388333333333	3061.9978	3177.922	False	0.01932069999999999	5764.4232076180315	-0.039262798730328084	-0.4425760346030052	diagnostic_kmer_10_90_spread_not_sampling_CI
6303	condition_004	5	error_free	0	0	0	0.0	61	0.3	0.4426229508196721	factorial	5.0004458	5.0004458	3626	50004458	f001	20	13.5988	-0.32005999999999996	0.32005999999999996	12.7989	13.7988	False	0.04999500000000001	13.759428947020002	-0.3120285526489999	-0.008031447351000054	diagnostic_kmer_10_90_spread_not_sampling_CI
6303	condition_004	5	error_free	0	0	0	0.02	61	0.3	0.29508196721311475	factorial	5.0004458	5.0004458	3626	50004458	f002	20	19.1983	-0.040085000000000016	0.040085000000000016	14.3987	21.998	True	0.37996500000000005	31.800443360994528	0.5900221680497264	-0.6301071680497264	diagnostic_kmer_10_90_spread_not_sampling_CI
6303	condition_004	5	error_free	0	0	0	0.0	61	0.5	0.5081967213114754	factorial	5.0004458	5.0004458	3626	50004458	f003	20	19.5983	-0.020085000000000085	0.020085000000000085	18.7983	19.5983	False	0.039999999999999855	19.657263751806514	-0.017136812409674285	-0.0029481875903258014	diagnostic_kmer_10_90_spread_not_sampling_CI
6303	condition_004	5	error_free	0	0	0	0.02	61	0.5	0.3770491803278688	factorial	5.0004458	5.0004458	3626	50004458	f004	20	15.7986	-0.21006999999999998	0.21006999999999998	14.3987	17.9984	False	0.179985	24.08965544500905	0.20448277225045253	-0.4145527722504525	diagnostic_kmer_10_90_spread_not_sampling_CI
6303	condition_004	5	error_free	0	0	0	0.0	61	0.7	0.7540983606557377	factorial	5.0004458	5.0004458	3626	50004458	f005	20	18.1984	-0.09008000000000002	0.09008000000000002	17.3984	18.3984	False	0.05	18.349183658916118	-0.0825408170541941	-0.007539182945805934	diagnostic_kmer_10_90_spread_not_sampling_CI
6303	condition_004	5	error_free	0	0	0	0.02	61	0.7	0.7377049180327869	factorial	5.0004458	5.0004458	3626	50004458	f006	20	7.1994	-0.64003	0.64003	6.5994	8.9992	False	0.11999	11.235063855477138	-0.43824680722614306	-0.20178319277385692	diagnostic_kmer_10_90_spread_not_sampling_CI
6303	condition_004	5	error_free	0	0	0	0.0	61	0.3	0.4098360655737705	factorial	5.0004458	5.0004458	3626	50004458	f007	80	101.191	0.26488750000000005	0.26488750000000005	99.9911	101.391	False	0.017498750000000028	101.51553903847378	0.2689442379809222	-0.004056737980922165	diagnostic_kmer_10_90_spread_not_sampling_CI
6303	condition_004	5	error_free	0	0	0	0.02	61	0.3	0.29508196721311475	factorial	5.0004458	5.0004458	3626	50004458	f008	80	91.3919	0.14239875000000007	0.14239875000000007	88.9921	97.9913	False	0.11249000000000002	144.2068146515532	0.8025851831444151	-0.6601864331444149	diagnostic_kmer_10_90_spread_not_sampling_CI
6303	condition_004	5	error_free	0	0	0	0.0	61	0.5	0.5081967213114754	factorial	5.0004458	5.0004458	3626	50004458	f009	80	0.0	-1.0	1.0	0.0	0.0	False	0.0	0.0	-1.0	0.0	diagnostic_kmer_10_90_spread_not_sampling_CI
6303	condition_004	5	error_free	0	0	0	0.02	61	0.5	0.5737704918032787	factorial	5.0004458	5.0004458	3626	50004458	f010	80	54.9951	-0.31256125	0.31256125	50.9955	59.7947	False	0.10998999999999999	96.80448366633468	0.21005604582918344	-0.5226172958291835	diagnostic_kmer_10_90_spread_not_sampling_CI
6303	condition_004	5	error_free	0	0	0	0.0	61	0.7	0.819672131147541	factorial	5.0004458	5.0004458	3626	50004458	f011	80	92.9917	0.16239624999999994	0.16239624999999994	92.1918	93.5917	False	0.017498750000000028	93.54575782088843	0.16932197276110533	-0.006925722761105391	diagnostic_kmer_10_90_spread_not_sampling_CI
6303	condition_004	5	error_free	0	0	0	0.02	61	0.7	0.6557377049180327	factorial	5.0004458	5.0004458	3626	50004458	f012	80	72.9935	-0.08758125000000003	0.08758125000000003	65.5942	79.7929	False	0.17748375000000002	109.72464318032225	0.37155803975402807	-0.4591392897540281	diagnostic_kmer_10_90_spread_not_sampling_CI
6303	condition_004	5	error_free	0	0	0	0.0	61	0.3	0.2786885245901639	factorial	5.0004458	5.0004458	3626	50004458	f013	200	205.3817	0.026908499999999974	0.026908499999999974	204.1818	205.5817	False	0.006999500000000012	205.6734654325106	0.028367327162552983	-0.0014588271625530069	diagnostic_kmer_10_90_spread_not_sampling_CI
6303	condition_004	5	error_free	0	0	0	0.02	61	0.3	0.3114754098360656	factorial	5.0004458	5.0004458	3626	50004458	f014	200	215.3808	0.07690399999999997	0.07690399999999997	209.7813	232.1793	False	0.11199000000000012	334.1898757618246	0.6709493788091231	-0.5940453788091231	diagnostic_kmer_10_90_spread_not_sampling_CI
6303	condition_004	5	error_free	0	0	0	0.0	61	0.5	0.4426229508196721	factorial	5.0004458	5.0004458	3626	50004458	f015	200	289.1742	0.4458709999999999	0.4458709999999999	287.9743	289.3742	False	0.006999499999999727	289.76760694311577	0.4488380347155788	-0.0029670347155789046	diagnostic_kmer_10_90_spread_not_sampling_CI
6303	condition_004	5	error_free	0	0	0	0.02	61	0.5	0.45901639344262296	factorial	5.0004458	5.0004458	3626	50004458	f016	200	97.7913	-0.5110435	0.5110435	93.9916	100.591	False	0.03299699999999994	146.59348710173919	-0.2670325644913041	-0.2440109355086959	diagnostic_kmer_10_90_spread_not_sampling_CI
6303	condition_004	5	error_free	0	0	0	0.0	61	0.7	0.7540983606557377	factorial	5.0004458	5.0004458	3626	50004458	f017	200	252.5775	0.26288749999999994	0.26288749999999994	251.7776	253.1774	False	0.006998999999999995	253.08235321017466	0.2654117660508733	-0.002524266050873365	diagnostic_kmer_10_90_spread_not_sampling_CI
6303	condition_004	5	error_free	0	0	0	0.02	61	0.7	0.7377049180327869	factorial	5.0004458	5.0004458	3626	50004458	f018	200	82.3927	-0.5880365	0.5880365	78.193	86.7923	False	0.0429965	124.78559542778707	-0.3760720228610646	-0.21196447713893535	diagnostic_kmer_10_90_spread_not_sampling_CI
6303	condition_004	5	error_free	0	0	0	0.0	171	0.3	0.30994152046783624	factorial	5.0004458	5.0004458	3626	50004458	f019	20	30.9972	0.54986	0.54986	29.5974	31.1972	False	0.07998999999999992	31.053371632262465	0.5526685816131233	-0.002808581613123273	diagnostic_kmer_10_90_spread_not_sampling_CI
6303	condition_004	5	error_free	0	0	0	0.02	171	0.3	0.2982456140350877	factorial	5.0004458	5.0004458	3626	50004458	f020	20	18.9983	-0.05008499999999998	0.05008499999999998	13.3988	22.198	True	0.43996	29.43831095271008	0.471915547635504	-0.522000547635504	diagnostic_kmer_10_90_spread_not_sampling_CI
6303	condition_004	5	error_free	0	0	0	0.0	171	0.5	0.47368421052631576	factorial	5.0004458	5.0004458	3626	50004458	f021	20	29.3974	0.46987000000000007	0.46987000000000007	27.9975	29.3974	False	0.06999500000000011	29.36112485216666	0.46805624260833306	0.0018137573916670036	diagnostic_kmer_10_90_spread_not_sampling_CI
6303	condition_004	5	error_free	0	0	0	0.02	171	0.5	0.47953216374269003	factorial	5.0004458	5.0004458	3626	50004458	f022	20	15.3986	-0.23007	0.23007	12.3989	17.3984	False	0.24997499999999997	20.667163163685544	0.03335815818427719	-0.2634281581842772	diagnostic_kmer_10_90_spread_not_sampling_CI
6303	condition_004	5	error_free	0	0	0	0.0	171	0.7	0.6491228070175439	factorial	5.0004458	5.0004458	3626	50004458	f023	20	20.3982	0.019909999999999962	0.019909999999999962	19.7982	20.5982	True	0.039999999999999855	20.539689149151723	0.026984457457586153	-0.007074457457586192	diagnostic_kmer_10_90_spread_not_sampling_CI
6303	condition_004	5	error_free	0	0	0	0.02	171	0.7	0.7017543859649122	factorial	5.0004458	5.0004458	3626	50004458	f024	20	13.7988	-0.31006	0.31006	10.799	16.9985	False	0.309975	21.634328393221985	0.08171641966109924	-0.3917764196610992	diagnostic_kmer_10_90_spread_not_sampling_CI
6303	condition_004	5	error_free	0	0	0	0.0	171	0.3	0.25146198830409355	factorial	5.0004458	5.0004458	3626	50004458	f025	80	56.595	-0.2925625	0.2925625	55.1951	56.7949	False	0.019997500000000022	56.58092015743947	-0.2927384980320066	0.00017599803200658571	diagnostic_kmer_10_90_spread_not_sampling_CI
6303	condition_004	5	error_free	0	0	0	0.02	171	0.3	0.3333333333333333	factorial	5.0004458	5.0004458	3626	50004458	f026	80	70.3937	-0.12007875000000005	0.12007875000000005	65.3942	78.593	False	0.16498500000000008	109.36919601090474	0.3671149501363093	-0.48719370013630936	diagnostic_kmer_10_90_spread_not_sampling_CI
6303	condition_004	5	error_free	0	0	0	0.0	171	0.5	0.4269005847953216	factorial	5.0004458	5.0004458	3626	50004458	f027	80	87.3922	0.09240250000000003	0.09240250000000003	86.1923	87.5922	False	0.017498750000000028	87.46003832029331	0.09325047900366634	-0.0008479790036663104	diagnostic_kmer_10_90_spread_not_sampling_CI
6303	condition_004	5	error_free	0	0	0	0.02	171	0.5	0.47953216374269003	factorial	5.0004458	5.0004458	3626	50004458	f028	80	52.5953	-0.34255874999999997	0.34255874999999997	46.9958	56.195	False	0.11498999999999997	80.4267472798675	0.005334340998343734	-0.3478930909983437	diagnostic_kmer_10_90_spread_not_sampling_CI
6303	condition_004	5	error_free	0	0	0	0.0	171	0.7	0.6549707602339181	factorial	5.0004458	5.0004458	3626	50004458	f029	80	24.5978	-0.6925275	0.6925275	24.1978	24.5978	False	0.004999999999999982	24.630552477952765	-0.6921180940255904	-0.00040940597440957126	diagnostic_kmer_10_90_spread_not_sampling_CI
6303	condition_004	5	error_free	0	0	0	0.02	171	0.7	0.6783625730994152	factorial	5.0004458	5.0004458	3626	50004458	f030	80	67.794	-0.15257500000000004	0.15257500000000004	62.7944	71.5936	False	0.1099899999999999	100.44952345265271	0.2556190431581589	-0.40819404315815894	diagnostic_kmer_10_90_spread_not_sampling_CI
6303	condition_004	5	error_free	0	0	0	0.0	171	0.3	0.32748538011695905	factorial	5.0004458	5.0004458	3626	50004458	f031	200	161.9856	-0.19007199999999996	0.19007199999999996	161.7856	162.1855	False	0.0019995000000000117	162.1644887826012	-0.18917755608699394	-0.0008944439130060288	diagnostic_kmer_10_90_spread_not_sampling_CI
6303	condition_004	5	error_free	0	0	0	0.02	171	0.3	0.2573099415204678	factorial	5.0004458	5.0004458	3626	50004458	f032	200	174.3845	-0.12807749999999998	0.12807749999999998	163.7054	184.4636	False	0.10379100000000008	269.52216823388966	0.3476108411694483	-0.4756883411694483	diagnostic_kmer_10_90_spread_not_sampling_CI
6303	condition_004	5	error_free	0	0	0	0.0	171	0.5	0.4853801169590643	factorial	5.0004458	5.0004458	3626	50004458	f033	200	190.783	-0.04608500000000006	0.04608500000000006	189.9831	191.183	False	0.005999499999999927	191.19932693701614	-0.04400336531491931	-0.0020816346850807575	diagnostic_kmer_10_90_spread_not_sampling_CI
6303	condition_004	5	error_free	0	0	0	0.02	171	0.5	0.47368421052631576	factorial	5.0004458	5.0004458	3626	50004458	f034	200	121.9891	-0.3900545	0.3900545	115.7897	127.7886	False	0.059994500000000034	193.00150543606773	-0.03499247281966134	-0.3550620271803387	diagnostic_kmer_10_90_spread_not_sampling_CI
6303	condition_004	5	error_free	0	0	0	0.0	171	0.7	0.672514619883041	factorial	5.0004458	5.0004458	3626	50004458	f035	200	182.7837	-0.08608149999999995	0.08608149999999995	182.1838	182.9837	False	0.00399950000000004	183.1099897027918	-0.08445005148604096	-0.0016314485139589862	diagnostic_kmer_10_90_spread_not_sampling_CI
6303	condition_004	5	error_free	0	0	0	0.02	171	0.7	0.7192982456140351	factorial	5.0004458	5.0004458	3626	50004458	f036	200	146.9869	-0.26506550000000006	0.26506550000000006	133.3881	154.1863	False	0.1039909999999999	224.6700268999338	0.12335013449966895	-0.388415634499669	diagnostic_kmer_10_90_spread_not_sampling_CI
6303	condition_004	5	error_free	0	0	0	0.0	421	0.3	0.2850356294536817	factorial	5.0004458	5.0004458	3626	50004458	f037	20	23.3979	0.169895	0.169895	23.1979	23.5979	False	0.019999999999999928	23.37226292238701	0.16861314611935044	0.0012818538806495638	diagnostic_kmer_10_90_spread_not_sampling_CI
6303	condition_004	5	error_free	0	0	0	0.02	421	0.3	0.3016627078384798	factorial	5.0004458	5.0004458	3626	50004458	f038	20	8.9992	-0.55004	0.55004	7.1994	10.999	False	0.18998000000000004	13.468157848879924	-0.32659210755600376	-0.2234478924439962	diagnostic_kmer_10_90_spread_not_sampling_CI
6303	condition_004	5	error_free	0	0	0	0.0	421	0.5	0.5439429928741093	factorial	5.0004458	5.0004458	3626	50004458	f039	20	9.3992	-0.53004	0.53004	9.3992	9.5991	False	0.009994999999999976	9.490840257490245	-0.5254579871254877	-0.004582012874512209	diagnostic_kmer_10_90_spread_not_sampling_CI
6303	condition_004	5	error_free	0	0	0	0.02	421	0.5	0.4821852731591449	factorial	5.0004458	5.0004458	3626	50004458	f040	20	6.3994	-0.68003	0.68003	4.5996	7.5993	False	0.14998500000000003	9.385386476851464	-0.5307306761574269	-0.1492993238425732	diagnostic_kmer_10_90_spread_not_sampling_CI
6303	condition_004	5	error_free	0	0	0	0.0	421	0.7	0.7244655581947743	factorial	5.0004458	5.0004458	3626	50004458	f041	20	32.1971	0.6098549999999999	0.6098549999999999	31.7972	33.197	False	0.06999000000000014	32.54959194014034	0.6274795970070169	-0.017624597007016973	diagnostic_kmer_10_90_spread_not_sampling_CI
6303	condition_004	5	error_free	0	0	0	0.02	421	0.7	0.6864608076009501	factorial	5.0004458	5.0004458	3626	50004458	f042	20	7.5993	-0.620035	0.620035	5.7995	10.1991	False	0.21997999999999998	12.699105277464675	-0.36504473612676624	-0.2549902638732337	diagnostic_kmer_10_90_spread_not_sampling_CI
6303	condition_004	5	error_free	0	0	0	0.0	421	0.3	0.2850356294536817	factorial	5.0004458	5.0004458	3626	50004458	f043	80	131.7882	0.6473524999999999	0.6473524999999999	130.5884	131.9882	False	0.01749749999999999	131.58541748788224	0.644817718598528	0.002534781401471875	diagnostic_kmer_10_90_spread_not_sampling_CI
6303	condition_004	5	error_free	0	0	0	0.02	421	0.3	0.33016627078384797	factorial	5.0004458	5.0004458	3626	50004458	f044	80	70.1937	-0.12257874999999992	0.12257874999999992	63.3943	76.1932	False	0.15998625000000005	107.4873285438013	0.3435916067975162	-0.4661703567975161	diagnostic_kmer_10_90_spread_not_sampling_CI
6303	condition_004	5	error_free	0	0	0	0.0	421	0.5	0.47743467933491684	factorial	5.0004458	5.0004458	3626	50004458	f045	80	84.3925	0.054906249999999976	0.054906249999999976	83.9925	84.7924	False	0.009998749999999923	84.59198271943832	0.057399783992979	-0.0024935339929790246	diagnostic_kmer_10_90_spread_not_sampling_CI
6303	condition_004	5	error_free	0	0	0	0.02	421	0.5	0.5391923990498813	factorial	5.0004458	5.0004458	3626	50004458	f046	80	59.1947	-0.26006625000000005	0.26006625000000005	53.1953	65.5942	False	0.15498624999999996	91.95332163186706	0.1494165203983382	-0.40948277039833825	diagnostic_kmer_10_90_spread_not_sampling_CI
6303	condition_004	5	error_free	0	0	0	0.0	421	0.7	0.7078384798099763	factorial	5.0004458	5.0004458	3626	50004458	f047	80	69.3938	-0.13257750000000001	0.13257750000000001	68.7939	69.5938	False	0.009998750000000101	69.45128990826494	-0.13185887614668826	-0.0007186238533117617	diagnostic_kmer_10_90_spread_not_sampling_CI
6303	condition_004	5	error_free	0	0	0	0.02	421	0.7	0.6959619952494062	factorial	5.0004458	5.0004458	3626	50004458	f048	80	41.1963	-0.48504625	0.48504625	37.3967	46.1959	False	0.10998999999999999	66.46010767095683	-0.16924865411303963	-0.3157975958869604	diagnostic_kmer_10_90_spread_not_sampling_CI
6303	condition_004	5	error_free	0	0	0	0.0	421	0.3	0.3016627078384798	factorial	5.0004458	5.0004458	3626	50004458	f049	200	200.9821	0.004910500000000013	0.004910500000000013	199.9822	201.782	True	0.008999000000000024	201.21436376533146	0.006071818826657278	-0.001161318826657265	diagnostic_kmer_10_90_spread_not_sampling_CI
6303	condition_004	5	error_free	0	0	0	0.02	421	0.3	0.332541567695962	factorial	5.0004458	5.0004458	3626	50004458	f050	200	133.1881	-0.33405950000000006	0.33405950000000006	122.5891	141.1874	False	0.09299149999999998	202.51258530806024	0.012562926540301191	-0.34662242654030123	diagnostic_kmer_10_90_spread_not_sampling_CI
6303	condition_004	5	error_free	0	0	0	0.0	421	0.5	0.498812351543943	factorial	5.0004458	5.0004458	3626	50004458	f051	200	198.3823	-0.008088500000000068	0.008088500000000068	197.9823	198.5823	False	0.0029999999999999714	198.7243244945725	-0.006378377527137502	-0.0017101224728625652	diagnostic_kmer_10_90_spread_not_sampling_CI
6303	condition_004	5	error_free	0	0	0	0.02	421	0.5	0.47268408551068886	factorial	5.0004458	5.0004458	3626	50004458	f052	200	154.5862	-0.22706900000000005	0.22706900000000005	145.1871	163.1855	False	0.08999200000000002	234.5505839069935	0.17275291953496746	-0.39982191953496754	diagnostic_kmer_10_90_spread_not_sampling_CI
6303	condition_004	5	error_free	0	0	0	0.0	421	0.7	0.6912114014251781	factorial	5.0004458	5.0004458	3626	50004458	f053	200	252.1775	0.26088750000000005	0.26088750000000005	251.3776	252.7775	False	0.006999500000000012	252.5789052429558	0.26289452621477905	-0.0020070262147790174	diagnostic_kmer_10_90_spread_not_sampling_CI
6303	condition_004	5	error_free	0	0	0	0.02	421	0.7	0.7173396674584323	factorial	5.0004458	5.0004458	3626	50004458	f054	200	111.79	-0.44104999999999994	0.44104999999999994	103.9907	120.5892	False	0.08299250000000001	170.31165586786972	-0.14844172066065142	-0.2926082793393486	diagnostic_kmer_10_90_spread_not_sampling_CI
6303	condition_004	5	error_free	0	0	0	0.01	171	0.5	0.5380116959064327	megabase	5.0004458	5.0004458	3626	50004458	megabase_171	6000	4626.5875	-0.2289020833333334	0.2289020833333334	4590.3907	4679.3828	False	0.014832016666666732	5735.297997555685	-0.044117000407385906	-0.18478508292594747	diagnostic_kmer_10_90_spread_not_sampling_CI
6303	condition_005	5	iid_low_indel	0.001	0.001	0.001	0.0	61	0.3	0.4426229508196721	factorial	5.0004458	5.0004787	3626	50004787	f001	20	12.1988	-0.39005999999999996	0.39005999999999996	11.5989	12.7988	False	0.05999499999999998	13.759428947020002	-0.3120285526489999	-0.07803144735100007	diagnostic_kmer_10_90_spread_not_sampling_CI
6303	condition_005	5	iid_low_indel	0.001	0.001	0.001	0.02	61	0.3	0.29508196721311475	factorial	5.0004458	5.0004787	3626	50004787	f002	20	17.5983	-0.12008500000000008	0.12008500000000008	12.7988	20.998	True	0.40996000000000005	31.800443360994528	0.5900221680497264	-0.7101071680497265	diagnostic_kmer_10_90_spread_not_sampling_CI
6303	condition_005	5	iid_low_indel	0.001	0.001	0.001	0.0	61	0.5	0.5081967213114754	factorial	5.0004458	5.0004787	3626	50004787	f003	20	18.5982	-0.07009000000000007	0.07009000000000007	18.1983	18.9982	False	0.039995000000000044	19.657263751806514	-0.017136812409674285	-0.05295318759032579	diagnostic_kmer_10_90_spread_not_sampling_CI
6303	condition_005	5	iid_low_indel	0.001	0.001	0.001	0.02	61	0.5	0.3770491803278688	factorial	5.0004458	5.0004787	3626	50004787	f004	20	14.9986	-0.25007	0.25007	12.9988	17.1984	False	0.20998	24.08965544500905	0.20448277225045253	-0.45455277225045254	diagnostic_kmer_10_90_spread_not_sampling_CI
6303	condition_005	5	iid_low_indel	0.001	0.001	0.001	0.0	61	0.7	0.7540983606557377	factorial	5.0004458	5.0004787	3626	50004787	f005	20	17.1984	-0.14008000000000004	0.14008000000000004	16.5984	17.7983	False	0.05999499999999998	18.349183658916118	-0.0825408170541941	-0.057539182945805935	diagnostic_kmer_10_90_spread_not_sampling_CI
6303	condition_005	5	iid_low_indel	0.001	0.001	0.001	0.02	61	0.7	0.7377049180327869	factorial	5.0004458	5.0004787	3626	50004787	f006	20	6.7993	-0.660035	0.660035	5.9994	8.3992	False	0.11999000000000004	11.235063855477138	-0.43824680722614306	-0.22178819277385692	diagnostic_kmer_10_90_spread_not_sampling_CI
6303	condition_005	5	iid_low_indel	0.001	0.001	0.001	0.0	61	0.3	0.4098360655737705	factorial	5.0004458	5.0004787	3626	50004787	f007	80	95.5908	0.19488500000000003	0.19488500000000003	93.991	96.9907	False	0.03749625000000005	101.51553903847378	0.2689442379809222	-0.07405923798092218	diagnostic_kmer_10_90_spread_not_sampling_CI
6303	condition_005	5	iid_low_indel	0.001	0.001	0.001	0.02	61	0.3	0.29508196721311475	factorial	5.0004458	5.0004787	3626	50004787	f008	80	85.3918	0.06739750000000004	0.06739750000000004	82.9921	93.1911	False	0.12748750000000014	144.2068146515532	0.8025851831444151	-0.735187683144415	diagnostic_kmer_10_90_spread_not_sampling_CI
6303	condition_005	5	iid_low_indel	0.001	0.001	0.001	0.0	61	0.5	0.5081967213114754	factorial	5.0004458	5.0004787	3626	50004787	f009	80	0.0	-1.0	1.0	0.0	0.0	False	0.0	0.0	-1.0	0.0	diagnostic_kmer_10_90_spread_not_sampling_CI
6303	condition_005	5	iid_low_indel	0.001	0.001	0.001	0.02	61	0.5	0.5737704918032787	factorial	5.0004458	5.0004787	3626	50004787	f010	80	50.5952	-0.36756	0.36756	46.5955	56.1946	False	0.11998875	96.80448366633468	0.21005604582918344	-0.5776160458291835	diagnostic_kmer_10_90_spread_not_sampling_CI
6303	condition_005	5	iid_low_indel	0.001	0.001	0.001	0.0	61	0.7	0.819672131147541	factorial	5.0004458	5.0004787	3626	50004787	f011	80	87.3916	0.09239499999999996	0.09239499999999996	86.1917	88.3915	False	0.027497499999999953	93.54575782088843	0.16932197276110533	-0.07692697276110536	diagnostic_kmer_10_90_spread_not_sampling_CI
6303	condition_005	5	iid_low_indel	0.001	0.001	0.001	0.02	61	0.7	0.6557377049180327	factorial	5.0004458	5.0004787	3626	50004787	f012	80	68.9934	-0.13758250000000008	0.13758250000000008	61.5941	75.1928	False	0.1699837500000001	109.72464318032225	0.37155803975402807	-0.5091405397540282	diagnostic_kmer_10_90_spread_not_sampling_CI
6303	condition_005	5	iid_low_indel	0.001	0.001	0.001	0.0	61	0.3	0.2786885245901639	factorial	5.0004458	5.0004787	3626	50004787	f013	200	192.3816	-0.03809200000000004	0.03809200000000004	190.3818	193.7814	False	0.01699799999999996	205.6734654325106	0.028367327162552983	-0.06645932716255303	diagnostic_kmer_10_90_spread_not_sampling_CI
6303	condition_005	5	iid_low_indel	0.001	0.001	0.001	0.02	61	0.3	0.3114754098360656	factorial	5.0004458	5.0004787	3626	50004787	f014	200	202.7806	0.013902999999999964	0.013902999999999964	196.9811	218.3791	True	0.10698999999999997	334.1898757618246	0.6709493788091231	-0.6570463788091232	diagnostic_kmer_10_90_spread_not_sampling_CI
6303	condition_005	5	iid_low_indel	0.001	0.001	0.001	0.0	61	0.5	0.4426229508196721	factorial	5.0004458	5.0004787	3626	50004787	f015	200	271.774	0.35887	0.35887	270.1741	274.3737	False	0.020997999999999878	289.76760694311577	0.4488380347155788	-0.08996803471557882	diagnostic_kmer_10_90_spread_not_sampling_CI
6303	condition_005	5	iid_low_indel	0.001	0.001	0.001	0.02	61	0.5	0.45901639344262296	factorial	5.0004458	5.0004787	3626	50004787	f016	200	91.7912	-0.541044	0.541044	87.5916	95.3909	False	0.03899650000000001	146.59348710173919	-0.2670325644913041	-0.2740114355086959	diagnostic_kmer_10_90_spread_not_sampling_CI
6303	condition_005	5	iid_low_indel	0.001	0.001	0.001	0.0	61	0.7	0.7540983606557377	factorial	5.0004458	5.0004787	3626	50004787	f017	200	239.1771	0.1958855	0.1958855	237.7772	240.377	False	0.01299900000000008	253.08235321017466	0.2654117660508733	-0.06952626605087332	diagnostic_kmer_10_90_spread_not_sampling_CI
6303	condition_005	5	iid_low_indel	0.001	0.001	0.001	0.02	61	0.7	0.7377049180327869	factorial	5.0004458	5.0004787	3626	50004787	f018	200	76.9926	-0.6150370000000001	0.6150370000000001	73.193	80.9922	False	0.038995999999999996	124.78559542778707	-0.3760720228610646	-0.23896497713893539	diagnostic_kmer_10_90_spread_not_sampling_CI
6303	condition_005	5	iid_low_indel	0.001	0.001	0.001	0.0	171	0.3	0.30994152046783624	factorial	5.0004458	5.0004787	3626	50004787	f019	20	29.1972	0.45985999999999994	0.45985999999999994	28.1973	29.5972	False	0.06999500000000011	31.053371632262465	0.5526685816131233	-0.0928085816131233	diagnostic_kmer_10_90_spread_not_sampling_CI
6303	condition_005	5	iid_low_indel	0.001	0.001	0.001	0.02	171	0.3	0.2982456140350877	factorial	5.0004458	5.0004787	3626	50004787	f020	20	17.7983	-0.11008499999999995	0.11008499999999995	12.7988	20.998	True	0.40996000000000005	29.43831095271008	0.471915547635504	-0.5820005476355039	diagnostic_kmer_10_90_spread_not_sampling_CI
6303	condition_005	5	iid_low_indel	0.001	0.001	0.001	0.0	171	0.5	0.47368421052631576	factorial	5.0004458	5.0004787	3626	50004787	f021	20	27.5974	0.37987000000000004	0.37987000000000004	26.5975	28.1973	False	0.07998999999999992	29.36112485216666	0.46805624260833306	-0.08818624260833303	diagnostic_kmer_10_90_spread_not_sampling_CI
6303	condition_005	5	iid_low_indel	0.001	0.001	0.001	0.02	171	0.5	0.47953216374269003	factorial	5.0004458	5.0004787	3626	50004787	f022	20	14.1986	-0.29006999999999994	0.29006999999999994	10.9989	16.1984	False	0.25997499999999996	20.667163163685544	0.03335815818427719	-0.32342815818427717	diagnostic_kmer_10_90_spread_not_sampling_CI
6303	condition_005	5	iid_low_indel	0.001	0.001	0.001	0.0	171	0.7	0.6491228070175439	factorial	5.0004458	5.0004787	3626	50004787	f023	20	19.1982	-0.04009	0.04009	18.3982	19.7981	False	0.06999500000000011	20.539689149151723	0.026984457457586153	-0.06707445745758615	diagnostic_kmer_10_90_spread_not_sampling_CI
6303	condition_005	5	iid_low_indel	0.001	0.001	0.001	0.02	171	0.7	0.7017543859649122	factorial	5.0004458	5.0004787	3626	50004787	f024	20	12.3988	-0.38006	0.38006	10.199	15.7985	False	0.27997500000000003	21.634328393221985	0.08171641966109924	-0.4617764196610993	diagnostic_kmer_10_90_spread_not_sampling_CI
6303	condition_005	5	iid_low_indel	0.001	0.001	0.001	0.0	171	0.3	0.25146198830409355	factorial	5.0004458	5.0004787	3626	50004787	f025	80	52.9949	-0.33756375	0.33756375	51.995	54.1948	False	0.027497500000000043	56.58092015743947	-0.2927384980320066	-0.04482525196799338	diagnostic_kmer_10_90_spread_not_sampling_CI
6303	condition_005	5	iid_low_indel	0.001	0.001	0.001	0.02	171	0.3	0.3333333333333333	factorial	5.0004458	5.0004787	3626	50004787	f026	80	66.5936	-0.16758000000000006	0.16758000000000006	62.194	73.193	False	0.13748749999999993	109.36919601090474	0.3671149501363093	-0.5346949501363094	diagnostic_kmer_10_90_spread_not_sampling_CI
6303	condition_005	5	iid_low_indel	0.001	0.001	0.001	0.0	171	0.5	0.4269005847953216	factorial	5.0004458	5.0004787	3626	50004787	f027	80	81.5922	0.019902500000000066	0.019902500000000066	80.7923	82.7921	False	0.024997500000000096	87.46003832029331	0.09325047900366634	-0.07334797900366627	diagnostic_kmer_10_90_spread_not_sampling_CI
6303	condition_005	5	iid_low_indel	0.001	0.001	0.001	0.02	171	0.5	0.47953216374269003	factorial	5.0004458	5.0004787	3626	50004787	f028	80	49.3953	-0.38255875	0.38255875	43.5958	53.1949	False	0.11998875	80.4267472798675	0.005334340998343734	-0.38789309099834374	diagnostic_kmer_10_90_spread_not_sampling_CI
6303	condition_005	5	iid_low_indel	0.001	0.001	0.001	0.0	171	0.7	0.6549707602339181	factorial	5.0004458	5.0004787	3626	50004787	f029	80	23.1978	-0.7100275	0.7100275	22.3979	23.5977	False	0.014997499999999997	24.630552477952765	-0.6921180940255904	-0.017909405974409553	diagnostic_kmer_10_90_spread_not_sampling_CI
6303	condition_005	5	iid_low_indel	0.001	0.001	0.001	0.02	171	0.7	0.6783625730994152	factorial	5.0004458	5.0004787	3626	50004787	f030	80	63.9939	-0.20007625000000004	0.20007625000000004	58.9944	67.5935	False	0.10748875000000009	100.44952345265271	0.2556190431581589	-0.45569529315815893	diagnostic_kmer_10_90_spread_not_sampling_CI
6303	condition_005	5	iid_low_indel	0.001	0.001	0.001	0.0	171	0.3	0.32748538011695905	factorial	5.0004458	5.0004787	3626	50004787	f031	200	151.5855	-0.24207250000000002	0.24207250000000002	150.3856	152.9854	False	0.012998999999999938	162.1644887826012	-0.18917755608699394	-0.05289494391300607	diagnostic_kmer_10_90_spread_not_sampling_CI
6303	condition_005	5	iid_low_indel	0.001	0.001	0.001	0.02	171	0.3	0.2573099415204678	factorial	5.0004458	5.0004787	3626	50004787	f032	200	163.3844	-0.183078	0.183078	151.7055	173.5834	False	0.10938950000000006	269.52216823388966	0.3476108411694483	-0.5306888411694483	diagnostic_kmer_10_90_spread_not_sampling_CI
6303	condition_005	5	iid_low_indel	0.001	0.001	0.001	0.0	171	0.5	0.4853801169590643	factorial	5.0004458	5.0004787	3626	50004787	f033	200	179.9828	-0.10008600000000001	0.10008600000000001	178.3829	182.3825	False	0.019997999999999932	191.19932693701614	-0.04400336531491931	-0.05608263468508071	diagnostic_kmer_10_90_spread_not_sampling_CI
6303	condition_005	5	iid_low_indel	0.001	0.001	0.001	0.02	171	0.5	0.47368421052631576	factorial	5.0004458	5.0004787	3626	50004787	f034	200	114.789	-0.426055	0.426055	108.9896	119.1886	False	0.05099499999999999	193.00150543606773	-0.03499247281966134	-0.3910625271803386	diagnostic_kmer_10_90_spread_not_sampling_CI
6303	condition_005	5	iid_low_indel	0.001	0.001	0.001	0.0	171	0.7	0.672514619883041	factorial	5.0004458	5.0004787	3626	50004787	f035	200	172.3835	-0.1380825	0.1380825	170.9836	174.7833	False	0.01899850000000001	183.1099897027918	-0.08445005148604096	-0.05363244851395905	diagnostic_kmer_10_90_spread_not_sampling_CI
6303	condition_005	5	iid_low_indel	0.001	0.001	0.001	0.02	171	0.7	0.7192982456140351	factorial	5.0004458	5.0004787	3626	50004787	f036	200	137.5868	-0.31206599999999995	0.31206599999999995	125.788	144.9861	False	0.09599049999999998	224.6700268999338	0.12335013449966895	-0.43541613449966887	diagnostic_kmer_10_90_spread_not_sampling_CI
6303	condition_005	5	iid_low_indel	0.001	0.001	0.001	0.0	421	0.3	0.2850356294536817	factorial	5.0004458	5.0004787	3626	50004787	f037	20	22.1979	0.10989500000000003	0.10989500000000003	20.998	22.5978	False	0.07998999999999992	23.37226292238701	0.16861314611935044	-0.0587181461193504	diagnostic_kmer_10_90_spread_not_sampling_CI
6303	condition_005	5	iid_low_indel	0.001	0.001	0.001	0.02	421	0.3	0.3016627078384798	factorial	5.0004458	5.0004787	3626	50004787	f038	20	8.3992	-0.58004	0.58004	6.7993	10.199	False	0.169985	13.468157848879924	-0.32659210755600376	-0.2534478924439962	diagnostic_kmer_10_90_spread_not_sampling_CI
6303	condition_005	5	iid_low_indel	0.001	0.001	0.001	0.0	421	0.5	0.5439429928741093	factorial	5.0004458	5.0004787	3626	50004787	f039	20	8.7992	-0.56004	0.56004	8.3992	9.1991	False	0.03999499999999996	9.490840257490245	-0.5254579871254877	-0.034582012874512194	diagnostic_kmer_10_90_spread_not_sampling_CI
6303	condition_005	5	iid_low_indel	0.001	0.001	0.001	0.02	421	0.5	0.4821852731591449	factorial	5.0004458	5.0004787	3626	50004787	f040	20	5.9994	-0.70003	0.70003	4.3996	7.1993	False	0.13998499999999997	9.385386476851464	-0.5307306761574269	-0.1692993238425732	diagnostic_kmer_10_90_spread_not_sampling_CI
6303	condition_005	5	iid_low_indel	0.001	0.001	0.001	0.0	421	0.7	0.7244655581947743	factorial	5.0004458	5.0004787	3626	50004787	f041	20	30.3971	0.519855	0.519855	29.5972	31.397	False	0.08998999999999988	32.54959194014034	0.6274795970070169	-0.10762459700701701	diagnostic_kmer_10_90_spread_not_sampling_CI
6303	condition_005	5	iid_low_indel	0.001	0.001	0.001	0.02	421	0.7	0.6864608076009501	factorial	5.0004458	5.0004787	3626	50004787	f042	20	6.9993	-0.650035	0.650035	5.5995	9.5991	False	0.19998	12.699105277464675	-0.36504473612676624	-0.28499026387323373	diagnostic_kmer_10_90_spread_not_sampling_CI
6303	condition_005	5	iid_low_indel	0.001	0.001	0.001	0.0	421	0.3	0.2850356294536817	factorial	5.0004458	5.0004787	3626	50004787	f043	80	122.9882	0.5373525000000001	0.5373525000000001	121.5884	124.5881	False	0.03749625000000005	131.58541748788224	0.644817718598528	-0.10746521859852791	diagnostic_kmer_10_90_spread_not_sampling_CI
6303	condition_005	5	iid_low_indel	0.001	0.001	0.001	0.02	421	0.3	0.33016627078384797	factorial	5.0004458	5.0004787	3626	50004787	f044	80	65.3937	-0.18257875000000007	0.18257875000000007	59.5943	70.9932	False	0.14248625000000006	107.4873285438013	0.3435916067975162	-0.5261703567975162	diagnostic_kmer_10_90_spread_not_sampling_CI
6303	condition_005	5	iid_low_indel	0.001	0.001	0.001	0.0	421	0.5	0.47743467933491684	factorial	5.0004458	5.0004787	3626	50004787	f045	80	79.5924	-0.0050950000000000275	0.0050950000000000275	77.7926	80.5923	True	0.03499625000000002	84.59198271943832	0.057399783992979	-0.06249478399297903	diagnostic_kmer_10_90_spread_not_sampling_CI
6303	condition_005	5	iid_low_indel	0.001	0.001	0.001	0.02	421	0.5	0.5391923990498813	factorial	5.0004458	5.0004787	3626	50004787	f046	80	55.7947	-0.30256625000000004	0.30256625000000004	49.3953	61.5941	False	0.15248499999999998	91.95332163186706	0.1494165203983382	-0.45198277039833823	diagnostic_kmer_10_90_spread_not_sampling_CI
6303	condition_005	5	iid_low_indel	0.001	0.001	0.001	0.0	421	0.7	0.7078384798099763	factorial	5.0004458	5.0004787	3626	50004787	f047	80	64.9938	-0.1875775000000001	0.1875775000000001	63.7939	66.4536	False	0.03324624999999992	69.45128990826494	-0.13185887614668826	-0.05571862385331183	diagnostic_kmer_10_90_spread_not_sampling_CI
6303	condition_005	5	iid_low_indel	0.001	0.001	0.001	0.02	421	0.7	0.6959619952494062	factorial	5.0004458	5.0004787	3626	50004787	f048	80	38.7963	-0.5150462499999999	0.5150462499999999	35.1966	43.3958	False	0.10249000000000005	66.46010767095683	-0.16924865411303963	-0.34579759588696035	diagnostic_kmer_10_90_spread_not_sampling_CI
6303	condition_005	5	iid_low_indel	0.001	0.001	0.001	0.0	421	0.3	0.3016627078384798	factorial	5.0004458	5.0004787	3626	50004787	f049	200	189.5818	-0.05209100000000007	0.05209100000000007	187.582	191.7816	False	0.02099800000000002	201.21436376533146	0.006071818826657278	-0.058162818826657345	diagnostic_kmer_10_90_spread_not_sampling_CI
6303	condition_005	5	iid_low_indel	0.001	0.001	0.001	0.02	421	0.3	0.332541567695962	factorial	5.0004458	5.0004787	3626	50004787	f050	200	125.788	-0.37106	0.37106	115.189	133.1872	False	0.08999099999999999	202.51258530806024	0.012562926540301191	-0.3836229265403012	diagnostic_kmer_10_90_spread_not_sampling_CI
6303	condition_005	5	iid_low_indel	0.001	0.001	0.001	0.0	421	0.5	0.498812351543943	factorial	5.0004458	5.0004787	3626	50004787	f051	200	186.7821	-0.06608949999999993	0.06608949999999993	184.7823	188.382	False	0.017998500000000063	198.7243244945725	-0.006378377527137502	-0.05971112247286243	diagnostic_kmer_10_90_spread_not_sampling_CI
6303	condition_005	5	iid_low_indel	0.001	0.001	0.001	0.02	421	0.5	0.47268408551068886	factorial	5.0004458	5.0004787	3626	50004787	f052	200	145.1861	-0.27406949999999997	0.27406949999999997	136.3869	154.1852	False	0.08899150000000006	234.5505839069935	0.17275291953496746	-0.44682241953496743	diagnostic_kmer_10_90_spread_not_sampling_CI
6303	condition_005	5	iid_low_indel	0.001	0.001	0.001	0.0	421	0.7	0.6912114014251781	factorial	5.0004458	5.0004787	3626	50004787	f053	200	237.7772	0.18888599999999997	0.18888599999999997	235.5774	239.5771	False	0.01999849999999995	252.5789052429558	0.26289452621477905	-0.0740085262147791	diagnostic_kmer_10_90_spread_not_sampling_CI
6303	condition_005	5	iid_low_indel	0.001	0.001	0.001	0.02	421	0.7	0.7173396674584323	factorial	5.0004458	5.0004787	3626	50004787	f054	200	104.79	-0.47605	0.47605	97.5907	113.5891	False	0.07999200000000002	170.31165586786972	-0.14844172066065142	-0.32760827933934855	diagnostic_kmer_10_90_spread_not_sampling_CI
6303	condition_005	5	iid_low_indel	0.001	0.001	0.001	0.01	171	0.5	0.5380116959064327	megabase	5.0004458	5.0004787	3626	50004787	megabase_171	6000	4353.5832	-0.2744028	0.2744028	4319.1865	4399.3788	False	0.013365383333333435	5735.297997555685	-0.044117000407385906	-0.23028579959261408	diagnostic_kmer_10_90_spread_not_sampling_CI
6303	condition_006	5	iid_high_indel	0.01	0.005	0.005	0.0	61	0.3	0.4426229508196721	factorial	5.0004458	5.0003123	3626	50003123	f001	20	8.7995	-0.560025	0.560025	7.9995	9.7994	False	0.089995	13.759428947020002	-0.3120285526489999	-0.24799644735100007	diagnostic_kmer_10_90_spread_not_sampling_CI
6303	condition_006	5	iid_high_indel	0.01	0.005	0.005	0.02	61	0.3	0.29508196721311475	factorial	5.0004458	5.0003123	3626	50003123	f002	20	12.9992	-0.35004	0.35004	9.5994	15.799	False	0.30998000000000003	31.800443360994528	0.5900221680497264	-0.9400621680497263	diagnostic_kmer_10_90_spread_not_sampling_CI
6303	condition_006	5	iid_high_indel	0.01	0.005	0.005	0.0	61	0.5	0.5081967213114754	factorial	5.0004458	5.0003123	3626	50003123	f003	20	14.1991	-0.290045	0.290045	12.5992	14.5991	False	0.09999500000000001	19.657263751806514	-0.017136812409674285	-0.27290818759032576	diagnostic_kmer_10_90_spread_not_sampling_CI
6303	condition_006	5	iid_high_indel	0.01	0.005	0.005	0.02	61	0.5	0.3770491803278688	factorial	5.0004458	5.0003123	3626	50003123	f004	20	11.5993	-0.42003500000000005	0.42003500000000005	9.9994	12.7992	False	0.13999000000000006	24.08965544500905	0.20448277225045253	-0.6245177722504526	diagnostic_kmer_10_90_spread_not_sampling_CI
6303	condition_006	5	iid_high_indel	0.01	0.005	0.005	0.0	61	0.7	0.7540983606557377	factorial	5.0004458	5.0003123	3626	50003123	f005	20	12.7992	-0.36003999999999997	0.36003999999999997	11.7993	13.5992	False	0.08999499999999996	18.349183658916118	-0.0825408170541941	-0.2774991829458059	diagnostic_kmer_10_90_spread_not_sampling_CI
6303	condition_006	5	iid_high_indel	0.01	0.005	0.005	0.02	61	0.7	0.7377049180327869	factorial	5.0004458	5.0003123	3626	50003123	f006	20	4.9997	-0.750015	0.750015	4.3997	6.5996	False	0.10999499999999998	11.235063855477138	-0.43824680722614306	-0.3117681927738569	diagnostic_kmer_10_90_spread_not_sampling_CI
6303	condition_006	5	iid_high_indel	0.01	0.005	0.005	0.0	61	0.3	0.4098360655737705	factorial	5.0004458	5.0003123	3626	50003123	f007	80	65.7959	-0.17755124999999997	0.17755124999999997	64.396	67.9958	False	0.044997500000000024	101.51553903847378	0.2689442379809222	-0.44649548798092215	diagnostic_kmer_10_90_spread_not_sampling_CI
6303	condition_006	5	iid_high_indel	0.01	0.005	0.005	0.02	61	0.3	0.29508196721311475	factorial	5.0004458	5.0003123	3626	50003123	f008	80	60.9962	-0.23754749999999997	0.23754749999999997	55.9965	65.3959	False	0.1174925	144.2068146515532	0.8025851831444151	-1.040132683144415	diagnostic_kmer_10_90_spread_not_sampling_CI
6303	condition_006	5	iid_high_indel	0.01	0.005	0.005	0.0	61	0.5	0.5081967213114754	factorial	5.0004458	5.0003123	3626	50003123	f009	80	0.0	-1.0	1.0	0.0	0.0	False	0.0	0.0	-1.0	0.0	diagnostic_kmer_10_90_spread_not_sampling_CI
6303	condition_006	5	iid_high_indel	0.01	0.005	0.005	0.02	61	0.5	0.5737704918032787	factorial	5.0004458	5.0003123	3626	50003123	f010	80	37.3977	-0.53252875	0.53252875	32.598	42.1974	False	0.11999250000000003	96.80448366633468	0.21005604582918344	-0.7425847958291835	diagnostic_kmer_10_90_spread_not_sampling_CI
6303	condition_006	5	iid_high_indel	0.01	0.005	0.005	0.0	61	0.7	0.819672131147541	factorial	5.0004458	5.0003123	3626	50003123	f011	80	63.1961	-0.21004874999999998	0.21004874999999998	58.5963	64.796	False	0.07749625000000009	93.54575782088843	0.16932197276110533	-0.3793707227611053	diagnostic_kmer_10_90_spread_not_sampling_CI
6303	condition_006	5	iid_high_indel	0.01	0.005	0.005	0.02	61	0.7	0.6557377049180327	factorial	5.0004458	5.0003123	3626	50003123	f012	80	48.597	-0.3925375	0.3925375	42.5973	51.9968	False	0.11749375000000004	109.72464318032225	0.37155803975402807	-0.7640955397540281	diagnostic_kmer_10_90_spread_not_sampling_CI
6303	condition_006	5	iid_high_indel	0.01	0.005	0.005	0.0	61	0.3	0.2786885245901639	factorial	5.0004458	5.0003123	3626	50003123	f013	200	134.9916	-0.325042	0.325042	132.7917	140.9912	False	0.0409975	205.6734654325106	0.028367327162552983	-0.35340932716255297	diagnostic_kmer_10_90_spread_not_sampling_CI
6303	condition_006	5	iid_high_indel	0.01	0.005	0.005	0.02	61	0.3	0.3114754098360656	factorial	5.0004458	5.0003123	3626	50003123	f014	200	145.1909	-0.2740455	0.2740455	139.1913	154.9903	False	0.07899499999999988	334.1898757618246	0.6709493788091231	-0.9449948788091231	diagnostic_kmer_10_90_spread_not_sampling_CI
6303	condition_006	5	iid_high_indel	0.01	0.005	0.005	0.0	61	0.5	0.4426229508196721	factorial	5.0004458	5.0003123	3626	50003123	f015	200	190.7881	-0.04605950000000007	0.04605950000000007	186.1884	196.1877	False	0.04999650000000003	289.76760694311577	0.4488380347155788	-0.4948975347155789	diagnostic_kmer_10_90_spread_not_sampling_CI
6303	condition_006	5	iid_high_indel	0.01	0.005	0.005	0.02	61	0.5	0.45901639344262296	factorial	5.0004458	5.0003123	3626	50003123	f016	200	65.5959	-0.6720205	0.6720205	61.7961	68.1957	False	0.031998	146.59348710173919	-0.2670325644913041	-0.40498793550869594	diagnostic_kmer_10_90_spread_not_sampling_CI
6303	condition_006	5	iid_high_indel	0.01	0.005	0.005	0.0	61	0.7	0.7540983606557377	factorial	5.0004458	5.0003123	3626	50003123	f017	200	171.9893	-0.14005350000000008	0.14005350000000008	169.5894	175.589	False	0.029997999999999934	253.08235321017466	0.2654117660508733	-0.40546526605087335	diagnostic_kmer_10_90_spread_not_sampling_CI
6303	condition_006	5	iid_high_indel	0.01	0.005	0.005	0.02	61	0.7	0.7377049180327869	factorial	5.0004458	5.0003123	3626	50003123	f018	200	54.9966	-0.725017	0.725017	48.197	59.3963	False	0.05599649999999997	124.78559542778707	-0.3760720228610646	-0.34894497713893535	diagnostic_kmer_10_90_spread_not_sampling_CI
6303	condition_006	5	iid_high_indel	0.01	0.005	0.005	0.0	171	0.3	0.30994152046783624	factorial	5.0004458	5.0003123	3626	50003123	f019	20	21.3987	0.06993500000000008	0.06993500000000008	19.3988	22.1986	True	0.1399899999999999	31.053371632262465	0.5526685816131233	-0.4827335816131232	diagnostic_kmer_10_90_spread_not_sampling_CI
6303	condition_006	5	iid_high_indel	0.01	0.005	0.005	0.02	171	0.3	0.2982456140350877	factorial	5.0004458	5.0003123	3626	50003123	f020	20	12.7992	-0.36003999999999997	0.36003999999999997	9.3994	15.399	False	0.29997999999999997	29.43831095271008	0.471915547635504	-0.8319555476355038	diagnostic_kmer_10_90_spread_not_sampling_CI
6303	condition_006	5	iid_high_indel	0.01	0.005	0.005	0.0	171	0.5	0.47368421052631576	factorial	5.0004458	5.0003123	3626	50003123	f021	20	19.1988	-0.040060000000000075	0.040060000000000075	17.7989	20.1987	True	0.11998999999999996	29.36112485216666	0.46805624260833306	-0.5081162426083331	diagnostic_kmer_10_90_spread_not_sampling_CI
6303	condition_006	5	iid_high_indel	0.01	0.005	0.005	0.02	171	0.5	0.47953216374269003	factorial	5.0004458	5.0003123	3626	50003123	f022	20	10.1994	-0.49002999999999997	0.49002999999999997	7.9995	11.5993	False	0.17998999999999996	20.667163163685544	0.03335815818427719	-0.5233881581842772	diagnostic_kmer_10_90_spread_not_sampling_CI
6303	condition_006	5	iid_high_indel	0.01	0.005	0.005	0.0	171	0.7	0.6491228070175439	factorial	5.0004458	5.0003123	3626	50003123	f023	20	13.3992	-0.33004	0.33004	12.1992	14.9991	False	0.13999500000000004	20.539689149151723	0.026984457457586153	-0.35702445745758615	diagnostic_kmer_10_90_spread_not_sampling_CI
6303	condition_006	5	iid_high_indel	0.01	0.005	0.005	0.02	171	0.7	0.7017543859649122	factorial	5.0004458	5.0003123	3626	50003123	f024	20	8.9994	-0.55003	0.55003	6.1996	11.1993	False	0.24998499999999996	21.634328393221985	0.08171641966109924	-0.6317464196610992	diagnostic_kmer_10_90_spread_not_sampling_CI
6303	condition_006	5	iid_high_indel	0.01	0.005	0.005	0.0	171	0.3	0.25146198830409355	factorial	5.0004458	5.0003123	3626	50003123	f025	80	36.5977	-0.54252875	0.54252875	34.7978	38.9976	False	0.052497499999999954	56.58092015743947	-0.2927384980320066	-0.24979025196799337	diagnostic_kmer_10_90_spread_not_sampling_CI
6303	condition_006	5	iid_high_indel	0.01	0.005	0.005	0.02	171	0.3	0.3333333333333333	factorial	5.0004458	5.0003123	3626	50003123	f026	80	45.9971	-0.42503624999999995	0.42503624999999995	41.9974	51.9968	False	0.12499250000000002	109.36919601090474	0.3671149501363093	-0.7921512001363092	diagnostic_kmer_10_90_spread_not_sampling_CI
6303	condition_006	5	iid_high_indel	0.01	0.005	0.005	0.0	171	0.5	0.4269005847953216	factorial	5.0004458	5.0003123	3626	50003123	f027	80	59.1963	-0.26004625	0.26004625	56.1965	61.9961	False	0.07249499999999998	87.46003832029331	0.09325047900366634	-0.3532967290036663	diagnostic_kmer_10_90_spread_not_sampling_CI
6303	condition_006	5	iid_high_indel	0.01	0.005	0.005	0.02	171	0.5	0.47953216374269003	factorial	5.0004458	5.0003123	3626	50003123	f028	80	34.1979	-0.57252625	0.57252625	29.9981	37.1977	False	0.08999499999999996	80.4267472798675	0.005334340998343734	-0.5778605909983437	diagnostic_kmer_10_90_spread_not_sampling_CI
6303	condition_006	5	iid_high_indel	0.01	0.005	0.005	0.0	171	0.7	0.6549707602339181	factorial	5.0004458	5.0003123	3626	50003123	f029	80	16.399	-0.7950125	0.7950125	14.7991	17.7989	False	0.0374975	24.630552477952765	-0.6921180940255904	-0.10289440597440955	diagnostic_kmer_10_90_spread_not_sampling_CI
6303	condition_006	5	iid_high_indel	0.01	0.005	0.005	0.02	171	0.7	0.6783625730994152	factorial	5.0004458	5.0003123	3626	50003123	f030	80	45.5972	-0.430035	0.430035	42.5973	49.3969	False	0.08499500000000007	100.44952345265271	0.2556190431581589	-0.6856540431581589	diagnostic_kmer_10_90_spread_not_sampling_CI
6303	condition_006	5	iid_high_indel	0.01	0.005	0.005	0.0	171	0.3	0.32748538011695905	factorial	5.0004458	5.0003123	3626	50003123	f031	200	105.5934	-0.472033	0.472033	103.3935	108.9932	False	0.027998499999999992	162.1644887826012	-0.18917755608699394	-0.28285544391300604	diagnostic_kmer_10_90_spread_not_sampling_CI
6303	condition_006	5	iid_high_indel	0.01	0.005	0.005	0.02	171	0.3	0.2573099415204678	factorial	5.0004458	5.0003123	3626	50003123	f032	200	114.9928	-0.42503599999999997	0.42503599999999997	106.7133	126.5921	False	0.099394	269.52216823388966	0.3476108411694483	-0.7726468411694484	diagnostic_kmer_10_90_spread_not_sampling_CI
6303	condition_006	5	iid_high_indel	0.01	0.005	0.005	0.0	171	0.5	0.4853801169590643	factorial	5.0004458	5.0003123	3626	50003123	f033	200	125.9921	-0.3700395	0.3700395	120.7925	129.5919	False	0.04399700000000003	191.19932693701614	-0.04400336531491931	-0.32603613468508075	diagnostic_kmer_10_90_spread_not_sampling_CI
6303	condition_006	5	iid_high_indel	0.01	0.005	0.005	0.02	171	0.5	0.47368421052631576	factorial	5.0004458	5.0003123	3626	50003123	f034	200	80.9949	-0.5950255	0.5950255	77.1952	86.3946	False	0.04599699999999998	193.00150543606773	-0.03499247281966134	-0.5600330271803386	diagnostic_kmer_10_90_spread_not_sampling_CI
6303	condition_006	5	iid_high_indel	0.01	0.005	0.005	0.0	171	0.7	0.672514619883041	factorial	5.0004458	5.0003123	3626	50003123	f035	200	121.3924	-0.393038	0.393038	117.5927	125.3922	False	0.038997500000000046	183.1099897027918	-0.08445005148604096	-0.30858794851395904	diagnostic_kmer_10_90_spread_not_sampling_CI
6303	condition_006	5	iid_high_indel	0.01	0.005	0.005	0.02	171	0.7	0.7192982456140351	factorial	5.0004458	5.0003123	3626	50003123	f036	200	97.3939	-0.5130305	0.5130305	84.9947	103.1936	False	0.09099450000000005	224.6700268999338	0.12335013449966895	-0.636380634499669	diagnostic_kmer_10_90_spread_not_sampling_CI
6303	condition_006	5	iid_high_indel	0.01	0.005	0.005	0.0	421	0.3	0.2850356294536817	factorial	5.0004458	5.0003123	3626	50003123	f037	20	15.599	-0.22005	0.22005	14.3991	16.9989	False	0.1299899999999999	23.37226292238701	0.16861314611935044	-0.38866314611935043	diagnostic_kmer_10_90_spread_not_sampling_CI
6303	condition_006	5	iid_high_indel	0.01	0.005	0.005	0.02	421	0.3	0.3016627078384798	factorial	5.0004458	5.0003123	3626	50003123	f038	20	5.9996	-0.70002	0.70002	4.1997	7.5995	False	0.16999	13.468157848879924	-0.32659210755600376	-0.3734278924439962	diagnostic_kmer_10_90_spread_not_sampling_CI
6303	condition_006	5	iid_high_indel	0.01	0.005	0.005	0.0	421	0.5	0.5439429928741093	factorial	5.0004458	5.0003123	3626	50003123	f039	20	6.3996	-0.6800200000000001	0.6800200000000001	5.5997	6.9996	False	0.06999499999999999	9.490840257490245	-0.5254579871254877	-0.1545620128745122	diagnostic_kmer_10_90_spread_not_sampling_CI
6303	condition_006	5	iid_high_indel	0.01	0.005	0.005	0.02	421	0.5	0.4821852731591449	factorial	5.0004458	5.0003123	3626	50003123	f040	20	4.3997	-0.780015	0.780015	2.9998	5.3997	False	0.119995	9.385386476851464	-0.5307306761574269	-0.24928432384257318	diagnostic_kmer_10_90_spread_not_sampling_CI
6303	condition_006	5	iid_high_indel	0.01	0.005	0.005	0.0	421	0.7	0.7244655581947743	factorial	5.0004458	5.0003123	3626	50003123	f041	20	21.1987	0.05993499999999994	0.05993499999999994	19.3988	22.7986	True	0.16998999999999995	32.54959194014034	0.6274795970070169	-0.567544597007017	diagnostic_kmer_10_90_spread_not_sampling_CI
6303	condition_006	5	iid_high_indel	0.01	0.005	0.005	0.02	421	0.7	0.6864608076009501	factorial	5.0004458	5.0003123	3626	50003123	f042	20	5.1997	-0.740015	0.740015	3.9998	7.3995	False	0.169985	12.699105277464675	-0.36504473612676624	-0.37497026387323373	diagnostic_kmer_10_90_spread_not_sampling_CI
6303	condition_006	5	iid_high_indel	0.01	0.005	0.005	0.0	421	0.3	0.2850356294536817	factorial	5.0004458	5.0003123	3626	50003123	f043	80	86.9946	0.08743250000000007	0.08743250000000007	83.9948	89.7944	False	0.07249499999999998	131.58541748788224	0.644817718598528	-0.557385218598528	diagnostic_kmer_10_90_spread_not_sampling_CI
6303	condition_006	5	iid_high_indel	0.01	0.005	0.005	0.02	421	0.3	0.33016627078384797	factorial	5.0004458	5.0003123	3626	50003123	f044	80	46.7971	-0.41503625	0.41503625	42.3974	52.3967	False	0.12499125000000007	107.4873285438013	0.3435916067975162	-0.7586278567975162	diagnostic_kmer_10_90_spread_not_sampling_CI
6303	condition_006	5	iid_high_indel	0.01	0.005	0.005	0.0	421	0.5	0.47743467933491684	factorial	5.0004458	5.0003123	3626	50003123	f045	80	56.1965	-0.29754375	0.29754375	53.9966	58.7963	False	0.059996250000000015	84.59198271943832	0.057399783992979	-0.354943533992979	diagnostic_kmer_10_90_spread_not_sampling_CI
6303	condition_006	5	iid_high_indel	0.01	0.005	0.005	0.02	421	0.5	0.5391923990498813	factorial	5.0004458	5.0003123	3626	50003123	f046	80	40.1975	-0.49753125000000004	0.49753125000000004	34.7978	44.9972	False	0.12749249999999995	91.95332163186706	0.1494165203983382	-0.6469477703983382	diagnostic_kmer_10_90_spread_not_sampling_CI
6303	condition_006	5	iid_high_indel	0.01	0.005	0.005	0.0	421	0.7	0.7078384798099763	factorial	5.0004458	5.0003123	3626	50003123	f047	80	46.3971	-0.42003625	0.42003625	43.9973	48.597	False	0.057496249999999985	69.45128990826494	-0.13185887614668826	-0.2881773738533117	diagnostic_kmer_10_90_spread_not_sampling_CI
6303	condition_006	5	iid_high_indel	0.01	0.005	0.005	0.02	421	0.7	0.6959619952494062	factorial	5.0004458	5.0003123	3626	50003123	f048	80	26.5983	-0.6675212500000001	0.6675212500000001	23.5985	30.5981	False	0.08749499999999996	66.46010767095683	-0.16924865411303963	-0.49827259588696043	diagnostic_kmer_10_90_spread_not_sampling_CI
6303	condition_006	5	iid_high_indel	0.01	0.005	0.005	0.0	421	0.3	0.3016627078384798	factorial	5.0004458	5.0003123	3626	50003123	f049	200	132.7917	-0.33604150000000005	0.33604150000000005	128.9919	137.1914	False	0.0409975	201.21436376533146	0.006071818826657278	-0.3421133188266573	diagnostic_kmer_10_90_spread_not_sampling_CI
6303	condition_006	5	iid_high_indel	0.01	0.005	0.005	0.02	421	0.3	0.332541567695962	factorial	5.0004458	5.0003123	3626	50003123	f050	200	88.9944	-0.555028	0.555028	79.1951	95.594	False	0.08199449999999998	202.51258530806024	0.012562926540301191	-0.5675909265403012	diagnostic_kmer_10_90_spread_not_sampling_CI
6303	condition_006	5	iid_high_indel	0.01	0.005	0.005	0.0	421	0.5	0.498812351543943	factorial	5.0004458	5.0003123	3626	50003123	f051	200	131.1918	-0.344041	0.344041	128.392	135.1916	False	0.033997999999999994	198.7243244945725	-0.006378377527137502	-0.3376626224728625	diagnostic_kmer_10_90_spread_not_sampling_CI
6303	condition_006	5	iid_high_indel	0.01	0.005	0.005	0.02	421	0.5	0.47268408551068886	factorial	5.0004458	5.0003123	3626	50003123	f052	200	102.5936	-0.487032	0.487032	95.394	109.7931	False	0.07199549999999995	234.5505839069935	0.17275291953496746	-0.6597849195349675	diagnostic_kmer_10_90_spread_not_sampling_CI
6303	condition_006	5	iid_high_indel	0.01	0.005	0.005	0.0	421	0.7	0.6912114014251781	factorial	5.0004458	5.0003123	3626	50003123	f053	200	167.3895	-0.16305250000000002	0.16305250000000002	162.7898	171.5893	False	0.043997499999999974	252.5789052429558	0.26289452621477905	-0.4259470262147791	diagnostic_kmer_10_90_spread_not_sampling_CI
6303	condition_006	5	iid_high_indel	0.01	0.005	0.005	0.02	421	0.7	0.7173396674584323	factorial	5.0004458	5.0003123	3626	50003123	f054	200	74.3954	-0.628023	0.628023	67.3958	80.795	False	0.06699600000000004	170.31165586786972	-0.14844172066065142	-0.47958127933934863	diagnostic_kmer_10_90_spread_not_sampling_CI
6303	condition_006	5	iid_high_indel	0.01	0.005	0.005	0.01	171	0.5	0.5380116959064327	megabase	5.0004458	5.0003123	3626	50003123	megabase_171	6000	3080.0076	-0.4866654	0.4866654	3043.0099	3128.6046	False	0.014265783333333351	5735.297997555685	-0.044117000407385906	-0.4425483995926141	diagnostic_kmer_10_90_spread_not_sampling_CI
6303	condition_007	20	error_free	0	0	0	0.0	61	0.3	0.4426229508196721	factorial	20.0008831	20.0008831	14510	200008831	f001	20	19.7491	-0.012545000000000073	0.012545000000000073	18.6992	19.7991	False	0.054994999999999905	19.808141764942995	-0.009592911752850241	-0.0029520882471498313	diagnostic_kmer_10_90_spread_not_sampling_CI
6303	condition_007	20	error_free	0	0	0	0.02	61	0.3	0.29508196721311475	factorial	20.0008831	20.0008831	14510	200008831	f002	20	10.9495	-0.45252499999999996	0.45252499999999996	8.2496	12.7994	False	0.22749000000000005	18.264767289692127	-0.08676163551539365	-0.36576336448460633	diagnostic_kmer_10_90_spread_not_sampling_CI
6303	condition_007	20	error_free	0	0	0	0.0	61	0.5	0.5081967213114754	factorial	20.0008831	20.0008831	14510	200008831	f003	20	24.3989	0.21994500000000006	0.21994500000000006	23.249	24.4489	False	0.05999499999999998	24.459575725138773	0.22297878625693865	-0.0030337862569385977	diagnostic_kmer_10_90_spread_not_sampling_CI
6303	condition_007	20	error_free	0	0	0	0.02	61	0.5	0.3770491803278688	factorial	20.0008831	20.0008831	14510	200008831	f004	20	14.5494	-0.27253	0.27253	13.3494	16.6993	False	0.1674950000000001	22.326063372999638	0.11630316864998189	-0.38883316864998185	diagnostic_kmer_10_90_spread_not_sampling_CI
6303	condition_007	20	error_free	0	0	0	0.0	61	0.7	0.7540983606557377	factorial	20.0008831	20.0008831	14510	200008831	f005	20	19.7991	-0.010045000000000037	0.010045000000000037	18.8492	19.8991	False	0.05249500000000005	19.894203538655866	-0.0052898230672067115	-0.004755176932793326	diagnostic_kmer_10_90_spread_not_sampling_CI
6303	condition_007	20	error_free	0	0	0	0.02	61	0.7	0.7377049180327869	factorial	20.0008831	20.0008831	14510	200008831	f006	20	11.0495	-0.447525	0.447525	10.1496	13.6494	False	0.17499000000000003	17.103343162538398	-0.14483284187308013	-0.30269215812691985	diagnostic_kmer_10_90_spread_not_sampling_CI
6303	condition_007	20	error_free	0	0	0	0.0	61	0.3	0.4098360655737705	factorial	20.0008831	20.0008831	14510	200008831	f007	80	101.4955	0.26869375000000006	0.26869375000000006	100.1956	101.5455	False	0.016873750000000066	101.63239766738263	0.27040497084228293	-0.0017112208422828345	diagnostic_kmer_10_90_spread_not_sampling_CI
6303	condition_007	20	error_free	0	0	0	0.02	61	0.3	0.29508196721311475	factorial	20.0008831	20.0008831	14510	200008831	f008	80	71.7968	-0.10253999999999994	0.10253999999999994	69.7969	77.2466	False	0.09312125000000009	113.76300958119718	0.4220376197649648	-0.5245776197649648	diagnostic_kmer_10_90_spread_not_sampling_CI
6303	condition_007	20	error_free	0	0	0	0.0	61	0.5	0.5081967213114754	factorial	20.0008831	20.0008831	14510	200008831	f009	80	45.798	-0.427525	0.427525	45.098	45.848	False	0.009375	45.84387740293754	-0.42695153246328077	-0.0005734675367191855	diagnostic_kmer_10_90_spread_not_sampling_CI
6303	condition_007	20	error_free	0	0	0	0.02	61	0.5	0.5737704918032787	factorial	20.0008831	20.0008831	14510	200008831	f010	80	47.2479	-0.40940125	0.40940125	43.9981	51.0977	False	0.08874500000000003	83.87580466056653	0.04844755825708162	-0.45784880825708163	diagnostic_kmer_10_90_spread_not_sampling_CI
6303	condition_007	20	error_free	0	0	0	0.0	61	0.7	0.819672131147541	factorial	20.0008831	20.0008831	14510	200008831	f011	80	76.0466	-0.049417500000000024	0.049417500000000024	75.1967	76.2966	False	0.013748749999999888	76.29171330661207	-0.046353583667349166	-0.0030639163326508624	diagnostic_kmer_10_90_spread_not_sampling_CI
6303	condition_007	20	error_free	0	0	0	0.02	61	0.7	0.6557377049180327	factorial	20.0008831	20.0008831	14510	200008831	f012	80	49.6978	-0.3787775	0.3787775	44.698	54.4976	False	0.12249499999999998	75.18766369526692	-0.060154203809163496	-0.3186232961908365	diagnostic_kmer_10_90_spread_not_sampling_CI
6303	condition_007	20	error_free	0	0	0	0.0	61	0.3	0.2786885245901639	factorial	20.0008831	20.0008831	14510	200008831	f013	200	165.4427	-0.17278649999999998	0.17278649999999998	164.5927	165.5427	False	0.0047499999999999435	165.7000605630062	-0.17149969718496905	-0.0012868028150309384	diagnostic_kmer_10_90_spread_not_sampling_CI
6303	condition_007	20	error_free	0	0	0	0.02	61	0.3	0.3114754098360656	factorial	20.0008831	20.0008831	14510	200008831	f014	200	135.694	-0.32153000000000004	0.32153000000000004	132.0442	146.3435	False	0.07149650000000009	211.22509958523602	0.056125497926180115	-0.3776554979261802	diagnostic_kmer_10_90_spread_not_sampling_CI
6303	condition_007	20	error_free	0	0	0	0.0	61	0.5	0.4426229508196721	factorial	20.0008831	20.0008831	14510	200008831	f015	200	222.9902	0.11495099999999994	0.11495099999999994	221.8902	223.1401	False	0.006249499999999983	223.38521839289498	0.11692609196447493	-0.0019750919644749843	diagnostic_kmer_10_90_spread_not_sampling_CI
6303	condition_007	20	error_free	0	0	0	0.02	61	0.5	0.45901639344262296	factorial	20.0008831	20.0008831	14510	200008831	f016	200	148.5434	-0.25728300000000004	0.25728300000000004	143.6937	153.9432	False	0.05124749999999992	221.99429620250692	0.10997148101253458	-0.3672544810125346	diagnostic_kmer_10_90_spread_not_sampling_CI
6303	condition_007	20	error_free	0	0	0	0.0	61	0.7	0.7540983606557377	factorial	20.0008831	20.0008831	14510	200008831	f017	200	275.4378	0.3771889999999999	0.3771889999999999	274.2379	275.6878	False	0.007249499999999785	275.8820807218077	0.37941040360903855	-0.0022214036090386457	diagnostic_kmer_10_90_spread_not_sampling_CI
6303	condition_007	20	error_free	0	0	0	0.02	61	0.7	0.7377049180327869	factorial	20.0008831	20.0008831	14510	200008831	f018	200	91.8959	-0.5405205	0.5405205	88.1961	96.3457	False	0.040747999999999965	139.49957810104698	-0.3025021094947651	-0.2380183905052349	diagnostic_kmer_10_90_spread_not_sampling_CI
6303	condition_007	20	error_free	0	0	0	0.0	171	0.3	0.30994152046783624	factorial	20.0008831	20.0008831	14510	200008831	f019	20	22.349	0.11745000000000001	0.11745000000000001	21.2491	22.399	False	0.057495000000000115	22.370649650865253	0.11853248254326268	-0.0010824825432626639	diagnostic_kmer_10_90_spread_not_sampling_CI
6303	condition_007	20	error_free	0	0	0	0.02	171	0.3	0.2982456140350877	factorial	20.0008831	20.0008831	14510	200008831	f020	20	15.6493	-0.21753499999999998	0.21753499999999998	10.8995	18.1992	False	0.36498500000000006	24.22466135422995	0.21123306771149758	-0.42876806771149756	diagnostic_kmer_10_90_spread_not_sampling_CI
6303	condition_007	20	error_free	0	0	0	0.0	171	0.5	0.47368421052631576	factorial	20.0008831	20.0008831	14510	200008831	f021	20	26.9988	0.34994	0.34994	25.7489	27.0988	False	0.06749500000000008	27.009041333908556	0.3504520666954278	-0.0005120666954278264	diagnostic_kmer_10_90_spread_not_sampling_CI
6303	condition_007	20	error_free	0	0	0	0.02	171	0.5	0.47953216374269003	factorial	20.0008831	20.0008831	14510	200008831	f022	20	10.7495	-0.462525	0.462525	8.5996	12.1495	False	0.17749499999999996	14.457256376686791	-0.27713718116566044	-0.18538781883433958	diagnostic_kmer_10_90_spread_not_sampling_CI
6303	condition_007	20	error_free	0	0	0	0.0	171	0.7	0.6491228070175439	factorial	20.0008831	20.0008831	14510	200008831	f023	20	21.699	0.08495000000000008	0.08495000000000008	20.8991	21.749	False	0.04249499999999991	21.807224236516763	0.09036121182583816	-0.00541121182583808	diagnostic_kmer_10_90_spread_not_sampling_CI
6303	condition_007	20	error_free	0	0	0	0.02	171	0.7	0.7017543859649122	factorial	20.0008831	20.0008831	14510	200008831	f024	20	11.5495	-0.422525	0.422525	8.9496	14.0994	False	0.25748999999999994	17.801553153707047	-0.10992234231464763	-0.31260265768535234	diagnostic_kmer_10_90_spread_not_sampling_CI
6303	condition_007	20	error_free	0	0	0	0.0	171	0.3	0.25146198830409355	factorial	20.0008831	20.0008831	14510	200008831	f025	80	51.2977	-0.35877875000000004	0.35877875000000004	50.5478	51.3977	False	0.010623749999999977	51.36966159715358	-0.35787923003558025	-0.0008995199644197705	diagnostic_kmer_10_90_spread_not_sampling_CI
6303	condition_007	20	error_free	0	0	0	0.02	171	0.3	0.3333333333333333	factorial	20.0008831	20.0008831	14510	200008831	f026	80	55.0476	-0.311905	0.311905	51.5477	61.4473	False	0.123745	85.63072189945115	0.07038402374313932	-0.3822890237431393	diagnostic_kmer_10_90_spread_not_sampling_CI
6303	condition_007	20	error_free	0	0	0	0.0	171	0.5	0.4269005847953216	factorial	20.0008831	20.0008831	14510	200008831	f027	80	92.9459	0.16182374999999993	0.16182374999999993	91.9459	93.2459	False	0.016250000000000143	93.17337130990677	0.16466714137383462	-0.0028433913738346917	diagnostic_kmer_10_90_spread_not_sampling_CI
6303	condition_007	20	error_free	0	0	0	0.02	171	0.5	0.47953216374269003	factorial	20.0008831	20.0008831	14510	200008831	f028	80	57.2475	-0.28440624999999997	0.28440624999999997	51.4477	61.0973	False	0.12061999999999999	87.40871356766763	0.09260891959584541	-0.37701516959584536	diagnostic_kmer_10_90_spread_not_sampling_CI
6303	condition_007	20	error_free	0	0	0	0.0	171	0.7	0.6549707602339181	factorial	20.0008831	20.0008831	14510	200008831	f029	80	93.6459	0.17057374999999997	0.17057374999999997	92.7459	93.7459	False	0.0125	93.82071114766887	0.17275888934586092	-0.0021851393458609536	diagnostic_kmer_10_90_spread_not_sampling_CI
6303	condition_007	20	error_free	0	0	0	0.02	171	0.7	0.6783625730994152	factorial	20.0008831	20.0008831	14510	200008831	f030	80	56.8475	-0.28940625000000003	0.28940625000000003	53.1977	60.2473	False	0.08812000000000006	84.26353080578558	0.053294135072319726	-0.34270038507231976	diagnostic_kmer_10_90_spread_not_sampling_CI
6303	condition_007	20	error_free	0	0	0	0.0	171	0.3	0.32748538011695905	factorial	20.0008831	20.0008831	14510	200008831	f031	200	226.94	0.1347	0.1347	226.39	227.14	False	0.00375	227.18587504043614	0.13592937520218074	-0.0012293752021807335	diagnostic_kmer_10_90_spread_not_sampling_CI
6303	condition_007	20	error_free	0	0	0	0.02	171	0.3	0.2573099415204678	factorial	20.0008831	20.0008831	14510	200008831	f032	200	133.6941	-0.33152950000000003	0.33152950000000003	125.9044	141.6337	False	0.07864650000000005	206.17773832722733	0.030888691636136657	-0.3624181916361367	diagnostic_kmer_10_90_spread_not_sampling_CI
6303	condition_007	20	error_free	0	0	0	0.0	171	0.5	0.4853801169590643	factorial	20.0008831	20.0008831	14510	200008831	f033	200	231.0898	0.15544899999999998	0.15544899999999998	230.0898	231.1898	False	0.005499999999999972	231.42779300170645	0.15713896500853225	-0.0016899650085322549	diagnostic_kmer_10_90_spread_not_sampling_CI
6303	condition_007	20	error_free	0	0	0	0.02	171	0.5	0.47368421052631576	factorial	20.0008831	20.0008831	14510	200008831	f034	200	113.995	-0.430025	0.430025	109.2452	119.2447	False	0.049997499999999986	179.87773001345116	-0.10061134993274422	-0.32941365006725576	diagnostic_kmer_10_90_spread_not_sampling_CI
6303	condition_007	20	error_free	0	0	0	0.0	171	0.7	0.672514619883041	factorial	20.0008831	20.0008831	14510	200008831	f035	200	200.3412	0.001705999999999932	0.001705999999999932	199.5912	200.5911	True	0.004999500000000125	200.69640140829054	0.0034820070414527038	-0.0017760070414527718	diagnostic_kmer_10_90_spread_not_sampling_CI
6303	condition_007	20	error_free	0	0	0	0.02	171	0.7	0.7192982456140351	factorial	20.0008831	20.0008831	14510	200008831	f036	200	129.8443	-0.3507785	0.3507785	120.3947	136.894	False	0.08249650000000003	199.86836779467617	-0.0006581610266191263	-0.35012033897338085	diagnostic_kmer_10_90_spread_not_sampling_CI
6303	condition_007	20	error_free	0	0	0	0.0	421	0.3	0.2850356294536817	factorial	20.0008831	20.0008831	14510	200008831	f037	20	23.149	0.15745000000000003	0.15745000000000003	22.999	23.349	False	0.01750000000000007	23.208476417372246	0.16042382086861232	-0.002973820868612265	diagnostic_kmer_10_90_spread_not_sampling_CI
6303	condition_007	20	error_free	0	0	0	0.02	421	0.3	0.3016627078384798	factorial	20.0008831	20.0008831	14510	200008831	f038	20	12.4994	-0.37503000000000003	0.37503000000000003	10.4495	15.2493	False	0.23998999999999998	19.10545093563104	-0.044727453218447975	-0.330302546781552	diagnostic_kmer_10_90_spread_not_sampling_CI
6303	condition_007	20	error_free	0	0	0	0.0	421	0.5	0.5439429928741093	factorial	20.0008831	20.0008831	14510	200008831	f039	20	20.8991	0.04495500000000004	0.04495500000000004	20.6991	20.9491	False	0.0125	20.89931472044973	0.044965736022486526	-1.0736022486490526e-05	diagnostic_kmer_10_90_spread_not_sampling_CI
6303	condition_007	20	error_free	0	0	0	0.02	421	0.5	0.4821852731591449	factorial	20.0008831	20.0008831	14510	200008831	f040	20	10.6495	-0.467525	0.467525	7.6497	12.5494	False	0.244985	16.022570433141244	-0.1988714783429378	-0.2686535216570622	diagnostic_kmer_10_90_spread_not_sampling_CI
6303	condition_007	20	error_free	0	0	0	0.0	421	0.7	0.7244655581947743	factorial	20.0008831	20.0008831	14510	200008831	f041	20	21.599	0.07995000000000001	0.07995000000000001	21.3991	21.999	False	0.029994999999999904	21.72279379916094	0.08613968995804697	-0.006189689958046962	diagnostic_kmer_10_90_spread_not_sampling_CI
6303	condition_007	20	error_free	0	0	0	0.02	421	0.7	0.6864608076009501	factorial	20.0008831	20.0008831	14510	200008831	f042	20	12.5494	-0.37253	0.37253	10.0996	15.9493	False	0.29248499999999994	20.676521707518923	0.033826085375946134	-0.40635608537594614	diagnostic_kmer_10_90_spread_not_sampling_CI
6303	condition_007	20	error_free	0	0	0	0.0	421	0.3	0.2850356294536817	factorial	20.0008831	20.0008831	14510	200008831	f043	80	103.2954	0.2911925	0.2911925	103.0455	103.4454	False	0.004998750000000029	103.42583703264087	0.2928229629080109	-0.0016304629080108768	diagnostic_kmer_10_90_spread_not_sampling_CI
6303	condition_007	20	error_free	0	0	0	0.02	421	0.3	0.33016627078384797	factorial	20.0008831	20.0008831	14510	200008831	f044	80	58.6474	-0.2669075	0.2669075	53.3976	63.8972	False	0.131245	88.97980031306919	0.11224750391336488	-0.37915500391336493	diagnostic_kmer_10_90_spread_not_sampling_CI
6303	condition_007	20	error_free	0	0	0	0.0	421	0.5	0.47743467933491684	factorial	20.0008831	20.0008831	14510	200008831	f045	80	76.8966	-0.03879249999999992	0.03879249999999992	76.6466	77.1466	False	0.00625	77.00705106007375	-0.03741186174907814	-0.001380638250921784	diagnostic_kmer_10_90_spread_not_sampling_CI
6303	condition_007	20	error_free	0	0	0	0.02	421	0.5	0.5391923990498813	factorial	20.0008831	20.0008831	14510	200008831	f046	80	50.5478	-0.3681525	0.3681525	45.498	55.4476	False	0.12437000000000005	79.37927410553905	-0.00775907368076183	-0.36039342631923815	diagnostic_kmer_10_90_spread_not_sampling_CI
6303	condition_007	20	error_free	0	0	0	0.0	421	0.7	0.7078384798099763	factorial	20.0008831	20.0008831	14510	200008831	f047	80	90.396	0.12995	0.12995	89.846	90.596	False	0.009375	90.4528944134923	0.13066118016865377	-0.0007111801686537689	diagnostic_kmer_10_90_spread_not_sampling_CI
6303	condition_007	20	error_free	0	0	0	0.02	421	0.7	0.6959619952494062	factorial	20.0008831	20.0008831	14510	200008831	f048	80	46.248	-0.42190000000000005	0.42190000000000005	41.4982	51.6477	False	0.12686875000000003	73.96443006258585	-0.0754446242176769	-0.3464553757823231	diagnostic_kmer_10_90_spread_not_sampling_CI
6303	condition_007	20	error_free	0	0	0	0.0	421	0.3	0.3016627078384798	factorial	20.0008831	20.0008831	14510	200008831	f049	200	223.3401	0.11670050000000004	0.11670050000000004	222.9402	223.6401	False	0.0034994999999999267	223.65627647611456	0.11828138238057279	-0.0015808823805727457	diagnostic_kmer_10_90_spread_not_sampling_CI
6303	condition_007	20	error_free	0	0	0	0.02	421	0.3	0.332541567695962	factorial	20.0008831	20.0008831	14510	200008831	f050	200	151.1933	-0.24403350000000004	0.24403350000000004	136.494	159.9429	False	0.11724450000000004	228.73170557719345	0.14365852788596725	-0.3876920278859673	diagnostic_kmer_10_90_spread_not_sampling_CI
6303	condition_007	20	error_free	0	0	0	0.0	421	0.5	0.498812351543943	factorial	20.0008831	20.0008831	14510	200008831	f051	200	200.8411	0.004205500000000057	0.004205500000000057	200.4911	201.2911	False	0.0040000000000000565	201.16902712032484	0.0058451356016242075	-0.0016396356016241498	diagnostic_kmer_10_90_spread_not_sampling_CI
6303	condition_007	20	error_free	0	0	0	0.02	421	0.5	0.47268408551068886	factorial	20.0008831	20.0008831	14510	200008831	f052	200	119.8947	-0.4005265	0.4005265	112.895	126.3444	False	0.06724699999999999	181.78389732251256	-0.09108051338743721	-0.3094459866125628	diagnostic_kmer_10_90_spread_not_sampling_CI
6303	condition_007	20	error_free	0	0	0	0.0	421	0.7	0.6912114014251781	factorial	20.0008831	20.0008831	14510	200008831	f053	200	194.5414	-0.02729299999999995	0.02729299999999995	194.2414	194.8414	False	0.0029999999999999714	194.8469784794087	-0.025765107602956475	-0.0015278923970434733	diagnostic_kmer_10_90_spread_not_sampling_CI
6303	condition_007	20	error_free	0	0	0	0.02	421	0.7	0.7173396674584323	factorial	20.0008831	20.0008831	14510	200008831	f054	200	124.0445	-0.3797775	0.3797775	116.6948	133.2941	False	0.08299649999999993	190.1088266473722	-0.04945586676313894	-0.33032163323686103	diagnostic_kmer_10_90_spread_not_sampling_CI
6303	condition_007	20	error_free	0	0	0	0.01	171	0.5	0.5380116959064327	megabase	20.0008831	20.0008831	14510	200008831	megabase_171	6000	4762.2897	-0.20628504999999994	0.20628504999999994	4734.6909	4814.8374	False	0.013357750000000123	5911.203318302861	-0.01479944694952322	-0.19148560305047674	diagnostic_kmer_10_90_spread_not_sampling_CI
6303	condition_008	20	iid_low_indel	0.001	0.001	0.001	0.0	61	0.3	0.4426229508196721	factorial	20.0008831	20.0009994	14510	200009994	f001	20	18.3491	-0.08254500000000001	0.08254500000000001	17.8991	18.6991	False	0.040000000000000036	19.808141764942995	-0.009592911752850241	-0.07295208824714976	diagnostic_kmer_10_90_spread_not_sampling_CI
6303	condition_008	20	iid_low_indel	0.001	0.001	0.001	0.02	61	0.3	0.29508196721311475	factorial	20.0008831	20.0009994	14510	200009994	f002	20	9.9495	-0.502525	0.502525	7.3996	12.2494	False	0.24248999999999996	18.264767289692127	-0.08676163551539365	-0.4157633644846063	diagnostic_kmer_10_90_spread_not_sampling_CI
6303	condition_008	20	iid_low_indel	0.001	0.001	0.001	0.0	61	0.5	0.5081967213114754	factorial	20.0008831	20.0009994	14510	200009994	f003	20	22.7489	0.13744499999999996	0.13744499999999996	21.9489	23.4988	False	0.07749500000000005	24.459575725138773	0.22297878625693865	-0.08553378625693871	diagnostic_kmer_10_90_spread_not_sampling_CI
6303	condition_008	20	iid_low_indel	0.001	0.001	0.001	0.02	61	0.5	0.3770491803278688	factorial	20.0008831	20.0009994	14510	200009994	f004	20	13.8993	-0.305035	0.305035	12.5994	15.7992	False	0.15999000000000008	22.326063372999638	0.11630316864998189	-0.42133816864998186	diagnostic_kmer_10_90_spread_not_sampling_CI
6303	condition_008	20	iid_low_indel	0.001	0.001	0.001	0.0	61	0.7	0.7540983606557377	factorial	20.0008831	20.0009994	14510	200009994	f005	20	18.6991	-0.06504499999999994	0.06504499999999994	17.6491	18.9491	False	0.06500000000000003	19.894203538655866	-0.0052898230672067115	-0.05975517693279322	diagnostic_kmer_10_90_spread_not_sampling_CI
6303	condition_008	20	iid_low_indel	0.001	0.001	0.001	0.02	61	0.7	0.7377049180327869	factorial	20.0008831	20.0009994	14510	200009994	f006	20	10.2495	-0.48752500000000004	0.48752500000000004	9.3495	12.7494	False	0.16999499999999995	17.103343162538398	-0.14483284187308013	-0.3426921581269199	diagnostic_kmer_10_90_spread_not_sampling_CI
6303	condition_008	20	iid_low_indel	0.001	0.001	0.001	0.0	61	0.3	0.4098360655737705	factorial	20.0008831	20.0009994	14510	200009994	f007	80	95.7452	0.19681499999999996	0.19681499999999996	94.6953	96.2452	False	0.019373749999999922	101.63239766738263	0.27040497084228293	-0.07358997084228296	diagnostic_kmer_10_90_spread_not_sampling_CI
6303	condition_008	20	iid_low_indel	0.001	0.001	0.001	0.02	61	0.3	0.29508196721311475	factorial	20.0008831	20.0009994	14510	200009994	f008	80	67.9466	-0.15066749999999995	0.15066749999999995	65.2467	73.3963	False	0.1018699999999999	113.76300958119718	0.4220376197649648	-0.5727051197649647	diagnostic_kmer_10_90_spread_not_sampling_CI
6303	condition_008	20	iid_low_indel	0.001	0.001	0.001	0.0	61	0.5	0.5081967213114754	factorial	20.0008831	20.0009994	14510	200009994	f009	80	42.9479	-0.46315125	0.46315125	41.7979	43.2978	False	0.018748750000000047	45.84387740293754	-0.42695153246328077	-0.036199717536719245	diagnostic_kmer_10_90_spread_not_sampling_CI
6303	condition_008	20	iid_low_indel	0.001	0.001	0.001	0.02	61	0.5	0.5737704918032787	factorial	20.0008831	20.0009994	14510	200009994	f010	80	44.1478	-0.44815250000000006	0.44815250000000006	40.898	47.8476	False	0.08686999999999996	83.87580466056653	0.04844755825708162	-0.49660005825708164	diagnostic_kmer_10_90_spread_not_sampling_CI
6303	condition_008	20	iid_low_indel	0.001	0.001	0.001	0.0	61	0.7	0.819672131147541	factorial	20.0008831	20.0009994	14510	200009994	f011	80	71.3964	-0.107545	0.107545	70.4465	71.8464	False	0.017498750000000028	76.29171330661207	-0.046353583667349166	-0.061191416332650836	diagnostic_kmer_10_90_spread_not_sampling_CI
6303	condition_008	20	iid_low_indel	0.001	0.001	0.001	0.02	61	0.7	0.6557377049180327	factorial	20.0008831	20.0009994	14510	200009994	f012	80	46.6977	-0.41627875000000003	0.41627875000000003	42.1479	51.1974	False	0.11311875000000002	75.18766369526692	-0.060154203809163496	-0.35612454619083656	diagnostic_kmer_10_90_spread_not_sampling_CI
6303	condition_008	20	iid_low_indel	0.001	0.001	0.001	0.0	61	0.3	0.2786885245901639	factorial	20.0008831	20.0009994	14510	200009994	f013	200	155.7922	-0.22103899999999996	0.22103899999999996	154.8923	156.3922	False	0.007499499999999984	165.7000605630062	-0.17149969718496905	-0.04953930281503091	diagnostic_kmer_10_90_spread_not_sampling_CI
6303	condition_008	20	iid_low_indel	0.001	0.001	0.001	0.02	61	0.3	0.3114754098360656	factorial	20.0008831	20.0009994	14510	200009994	f014	200	127.1936	-0.36403199999999997	0.36403199999999997	123.6438	136.9932	False	0.06674700000000001	211.22509958523602	0.056125497926180115	-0.4201574979261801	diagnostic_kmer_10_90_spread_not_sampling_CI
6303	condition_008	20	iid_low_indel	0.001	0.001	0.001	0.0	61	0.5	0.4426229508196721	factorial	20.0008831	20.0009994	14510	200009994	f015	200	210.0895	0.05044749999999994	0.05044749999999994	208.6396	210.4895	False	0.009249499999999956	223.38521839289498	0.11692609196447493	-0.06647859196447499	diagnostic_kmer_10_90_spread_not_sampling_CI
6303	condition_008	20	iid_low_indel	0.001	0.001	0.001	0.02	61	0.5	0.45901639344262296	factorial	20.0008831	20.0009994	14510	200009994	f016	200	139.643	-0.30178499999999997	0.30178499999999997	134.4433	144.4428	False	0.049997500000000056	221.99429620250692	0.10997148101253458	-0.4117564810125346	diagnostic_kmer_10_90_spread_not_sampling_CI
6303	condition_008	20	iid_low_indel	0.001	0.001	0.001	0.0	61	0.7	0.7540983606557377	factorial	20.0008831	20.0009994	14510	200009994	f017	200	259.237	0.29618500000000014	0.29618500000000014	258.4871	260.437	False	0.009749500000000069	275.8820807218077	0.37941040360903855	-0.08322540360903843	diagnostic_kmer_10_90_spread_not_sampling_CI
6303	condition_008	20	iid_low_indel	0.001	0.001	0.001	0.02	61	0.7	0.7377049180327869	factorial	20.0008831	20.0009994	14510	200009994	f018	200	86.1957	-0.5690215	0.5690215	82.4459	90.4455	False	0.039998000000000006	139.49957810104698	-0.3025021094947651	-0.2665193905052349	diagnostic_kmer_10_90_spread_not_sampling_CI
6303	condition_008	20	iid_low_indel	0.001	0.001	0.001	0.0	171	0.3	0.30994152046783624	factorial	20.0008831	20.0009994	14510	200009994	f019	20	20.949	0.04745000000000008	0.04745000000000008	20.199	21.1989	False	0.04999499999999983	22.370649650865253	0.11853248254326268	-0.07108248254326259	diagnostic_kmer_10_90_spread_not_sampling_CI
6303	condition_008	20	iid_low_indel	0.001	0.001	0.001	0.02	171	0.3	0.2982456140350877	factorial	20.0008831	20.0009994	14510	200009994	f020	20	14.8493	-0.257535	0.257535	10.2995	17.1491	False	0.34248	24.22466135422995	0.21123306771149758	-0.4687680677114976	diagnostic_kmer_10_90_spread_not_sampling_CI
6303	condition_008	20	iid_low_indel	0.001	0.001	0.001	0.0	171	0.5	0.47368421052631576	factorial	20.0008831	20.0009994	14510	200009994	f021	20	25.3987	0.2699350000000001	0.2699350000000001	24.4988	25.6987	False	0.05999499999999998	27.009041333908556	0.3504520666954278	-0.08051706669542771	diagnostic_kmer_10_90_spread_not_sampling_CI
6303	condition_008	20	iid_low_indel	0.001	0.001	0.001	0.02	171	0.5	0.47953216374269003	factorial	20.0008831	20.0009994	14510	200009994	f022	20	9.9495	-0.502525	0.502525	7.9996	11.2994	False	0.16499000000000003	14.457256376686791	-0.27713718116566044	-0.22538781883433953	diagnostic_kmer_10_90_spread_not_sampling_CI
6303	condition_008	20	iid_low_indel	0.001	0.001	0.001	0.0	171	0.7	0.6491228070175439	factorial	20.0008831	20.0009994	14510	200009994	f023	20	20.249	0.012449999999999939	0.012449999999999939	19.749	20.649	True	0.04500000000000011	21.807224236516763	0.09036121182583816	-0.07791121182583823	diagnostic_kmer_10_90_spread_not_sampling_CI
6303	condition_008	20	iid_low_indel	0.001	0.001	0.001	0.02	171	0.7	0.7017543859649122	factorial	20.0008831	20.0009994	14510	200009994	f024	20	10.6995	-0.46502499999999997	0.46502499999999997	8.5496	13.0493	False	0.22498500000000005	17.801553153707047	-0.10992234231464763	-0.3551026576853523	diagnostic_kmer_10_90_spread_not_sampling_CI
6303	condition_008	20	iid_low_indel	0.001	0.001	0.001	0.0	171	0.3	0.25146198830409355	factorial	20.0008831	20.0009994	14510	200009994	f025	80	48.2476	-0.396905	0.396905	47.7976	48.5976	False	0.009999999999999964	51.36966159715358	-0.35787923003558025	-0.039025769964419775	diagnostic_kmer_10_90_spread_not_sampling_CI
6303	condition_008	20	iid_low_indel	0.001	0.001	0.001	0.02	171	0.3	0.3333333333333333	factorial	20.0008831	20.0009994	14510	200009994	f026	80	51.9474	-0.35065749999999996	0.35065749999999996	48.7476	57.3971	False	0.10811875000000004	85.63072189945115	0.07038402374313932	-0.4210415237431393	diagnostic_kmer_10_90_spread_not_sampling_CI
6303	condition_008	20	iid_low_indel	0.001	0.001	0.001	0.0	171	0.5	0.4269005847953216	factorial	20.0008831	20.0009994	14510	200009994	f027	80	87.2956	0.09119499999999992	0.09119499999999992	86.3457	87.7956	False	0.018123749999999994	93.17337130990677	0.16466714137383462	-0.0734721413738347	diagnostic_kmer_10_90_spread_not_sampling_CI
6303	condition_008	20	iid_low_indel	0.001	0.001	0.001	0.02	171	0.5	0.47953216374269003	factorial	20.0008831	20.0009994	14510	200009994	f028	80	53.9973	-0.32503374999999995	0.32503374999999995	48.5976	57.7971	False	0.11499375	87.40871356766763	0.09260891959584541	-0.4176426695958454	diagnostic_kmer_10_90_spread_not_sampling_CI
6303	condition_008	20	iid_low_indel	0.001	0.001	0.001	0.0	171	0.7	0.6549707602339181	factorial	20.0008831	20.0009994	14510	200009994	f029	80	88.2456	0.10306999999999995	0.10306999999999995	87.3956	88.8456	False	0.018125000000000037	93.82071114766887	0.17275888934586092	-0.06968888934586097	diagnostic_kmer_10_90_spread_not_sampling_CI
6303	condition_008	20	iid_low_indel	0.001	0.001	0.001	0.02	171	0.7	0.6783625730994152	factorial	20.0008831	20.0009994	14510	200009994	f030	80	53.6473	-0.32940875	0.32940875	49.9975	56.8972	False	0.08624624999999994	84.26353080578558	0.053294135072319726	-0.3827028850723197	diagnostic_kmer_10_90_spread_not_sampling_CI
6303	condition_008	20	iid_low_indel	0.001	0.001	0.001	0.0	171	0.3	0.32748538011695905	factorial	20.0008831	20.0009994	14510	200009994	f031	200	213.6893	0.06844650000000002	0.06844650000000002	212.0394	214.6893	False	0.013249500000000011	227.18587504043614	0.13592937520218074	-0.06748287520218071	diagnostic_kmer_10_90_spread_not_sampling_CI
6303	condition_008	20	iid_low_indel	0.001	0.001	0.001	0.02	171	0.3	0.2573099415204678	factorial	20.0008831	20.0009994	14510	200009994	f032	200	125.6937	-0.37153149999999996	0.37153149999999996	117.5741	133.7833	False	0.08104599999999998	206.17773832722733	0.030888691636136657	-0.4024201916361366	diagnostic_kmer_10_90_spread_not_sampling_CI
6303	condition_008	20	iid_low_indel	0.001	0.001	0.001	0.0	171	0.5	0.4853801169590643	factorial	20.0008831	20.0009994	14510	200009994	f033	200	217.4391	0.08719549999999998	0.08719549999999998	216.3892	218.3891	False	0.009999500000000126	231.42779300170645	0.15713896500853225	-0.06994346500853225	diagnostic_kmer_10_90_spread_not_sampling_CI
6303	condition_008	20	iid_low_indel	0.001	0.001	0.001	0.02	171	0.5	0.47368421052631576	factorial	20.0008831	20.0009994	14510	200009994	f034	200	107.4446	-0.46277700000000005	0.46277700000000005	103.1448	112.4444	False	0.04649799999999999	179.87773001345116	-0.10061134993274422	-0.3621656500672558	diagnostic_kmer_10_90_spread_not_sampling_CI
6303	condition_008	20	iid_low_indel	0.001	0.001	0.001	0.0	171	0.7	0.672514619883041	factorial	20.0008831	20.0009994	14510	200009994	f035	200	189.0906	-0.054547000000000026	0.054547000000000026	187.7406	189.8905	False	0.010749500000000013	200.69640140829054	0.0034820070414527038	-0.05802900704145273	diagnostic_kmer_10_90_spread_not_sampling_CI
6303	condition_008	20	iid_low_indel	0.001	0.001	0.001	0.02	171	0.7	0.7192982456140351	factorial	20.0008831	20.0009994	14510	200009994	f036	200	122.2439	-0.38878050000000003	0.38878050000000003	112.9944	128.4936	False	0.07749599999999994	199.86836779467617	-0.0006581610266191263	-0.3881223389733809	diagnostic_kmer_10_90_spread_not_sampling_CI
6303	condition_008	20	iid_low_indel	0.001	0.001	0.001	0.0	421	0.3	0.2850356294536817	factorial	20.0008831	20.0009994	14510	200009994	f037	20	21.8489	0.09244500000000003	0.09244500000000003	21.3989	22.2489	False	0.04249999999999989	23.208476417372246	0.16042382086861232	-0.06797882086861229	diagnostic_kmer_10_90_spread_not_sampling_CI
6303	condition_008	20	iid_low_indel	0.001	0.001	0.001	0.02	421	0.3	0.3016627078384798	factorial	20.0008831	20.0009994	14510	200009994	f038	20	11.8994	-0.40503	0.40503	9.8495	14.3993	False	0.22748999999999997	19.10545093563104	-0.044727453218447975	-0.36030254678155205	diagnostic_kmer_10_90_spread_not_sampling_CI
6303	condition_008	20	iid_low_indel	0.001	0.001	0.001	0.0	421	0.5	0.5439429928741093	factorial	20.0008831	20.0009994	14510	200009994	f039	20	19.549	-0.022550000000000025	0.022550000000000025	19.199	19.799	False	0.029999999999999895	20.89931472044973	0.044965736022486526	-0.06751573602248655	diagnostic_kmer_10_90_spread_not_sampling_CI
6303	condition_008	20	iid_low_indel	0.001	0.001	0.001	0.02	421	0.5	0.4821852731591449	factorial	20.0008831	20.0009994	14510	200009994	f040	20	10.0495	-0.497525	0.497525	7.2996	11.8494	False	0.22748999999999997	16.022570433141244	-0.1988714783429378	-0.29865352165706216	diagnostic_kmer_10_90_spread_not_sampling_CI
6303	condition_008	20	iid_low_indel	0.001	0.001	0.001	0.0	421	0.7	0.7244655581947743	factorial	20.0008831	20.0009994	14510	200009994	f041	20	20.349	0.01745000000000001	0.01745000000000001	19.899	20.749	True	0.04249999999999989	21.72279379916094	0.08613968995804697	-0.06868968995804696	diagnostic_kmer_10_90_spread_not_sampling_CI
6303	condition_008	20	iid_low_indel	0.001	0.001	0.001	0.02	421	0.7	0.6864608076009501	factorial	20.0008831	20.0009994	14510	200009994	f042	20	11.7994	-0.41003	0.41003	9.4995	15.0992	False	0.27998500000000004	20.676521707518923	0.033826085375946134	-0.4438560853759461	diagnostic_kmer_10_90_spread_not_sampling_CI
6303	condition_008	20	iid_low_indel	0.001	0.001	0.001	0.0	421	0.3	0.2850356294536817	factorial	20.0008831	20.0009994	14510	200009994	f043	80	96.8452	0.21056500000000006	0.21056500000000006	96.2452	97.6951	False	0.018123749999999994	103.42583703264087	0.2928229629080109	-0.08225796290801082	diagnostic_kmer_10_90_spread_not_sampling_CI
6303	condition_008	20	iid_low_indel	0.001	0.001	0.001	0.02	421	0.3	0.33016627078384797	factorial	20.0008831	20.0009994	14510	200009994	f044	80	54.8473	-0.31440875	0.31440875	50.2475	59.897	False	0.12061874999999996	88.97980031306919	0.11224750391336488	-0.4266562539133649	diagnostic_kmer_10_90_spread_not_sampling_CI
6303	condition_008	20	iid_low_indel	0.001	0.001	0.001	0.0	421	0.5	0.47743467933491684	factorial	20.0008831	20.0009994	14510	200009994	f045	80	72.1464	-0.09817000000000001	0.09817000000000001	71.2964	72.9464	False	0.020624999999999893	77.00705106007375	-0.03741186174907814	-0.06075813825092187	diagnostic_kmer_10_90_spread_not_sampling_CI
6303	condition_008	20	iid_low_indel	0.001	0.001	0.001	0.02	421	0.5	0.5391923990498813	factorial	20.0008831	20.0009994	14510	200009994	f046	80	47.6476	-0.404405	0.404405	42.9479	52.2474	False	0.11624375000000002	79.37927410553905	-0.00775907368076183	-0.39664592631923823	diagnostic_kmer_10_90_spread_not_sampling_CI
6303	condition_008	20	iid_low_indel	0.001	0.001	0.001	0.0	421	0.7	0.7078384798099763	factorial	20.0008831	20.0009994	14510	200009994	f047	80	85.1457	0.06432125000000007	0.06432125000000007	84.0458	86.1607	False	0.02643625000000007	90.4528944134923	0.13066118016865377	-0.06633993016865372	diagnostic_kmer_10_90_spread_not_sampling_CI
6303	condition_008	20	iid_low_indel	0.001	0.001	0.001	0.02	421	0.7	0.6959619952494062	factorial	20.0008831	20.0009994	14510	200009994	f048	80	43.4978	-0.4562775	0.4562775	39.198	48.3976	False	0.11499499999999996	73.96443006258585	-0.0754446242176769	-0.3808328757823231	diagnostic_kmer_10_90_spread_not_sampling_CI
6303	condition_008	20	iid_low_indel	0.001	0.001	0.001	0.0	421	0.3	0.3016627078384798	factorial	20.0008831	20.0009994	14510	200009994	f049	200	210.4895	0.05244749999999996	0.05244749999999996	209.1895	211.4894	False	0.011499499999999899	223.65627647611456	0.11828138238057279	-0.06583388238057282	diagnostic_kmer_10_90_spread_not_sampling_CI
6303	condition_008	20	iid_low_indel	0.001	0.001	0.001	0.02	421	0.3	0.332541567695962	factorial	20.0008831	20.0009994	14510	200009994	f050	200	142.4429	-0.28778549999999997	0.28778549999999997	128.8936	150.4425	False	0.10774450000000002	228.73170557719345	0.14365852788596725	-0.4314440278859672	diagnostic_kmer_10_90_spread_not_sampling_CI
6303	condition_008	20	iid_low_indel	0.001	0.001	0.001	0.0	421	0.5	0.498812351543943	factorial	20.0008831	20.0009994	14510	200009994	f051	200	188.9406	-0.055297000000000054	0.055297000000000054	187.9406	190.1905	False	0.011249499999999983	201.16902712032484	0.0058451356016242075	-0.061142135601624265	diagnostic_kmer_10_90_spread_not_sampling_CI
6303	condition_008	20	iid_low_indel	0.001	0.001	0.001	0.02	421	0.5	0.47268408551068886	factorial	20.0008831	20.0009994	14510	200009994	f052	200	112.7444	-0.436278	0.436278	106.2447	118.9441	False	0.06349700000000005	181.78389732251256	-0.09108051338743721	-0.3451974866125628	diagnostic_kmer_10_90_spread_not_sampling_CI
6303	condition_008	20	iid_low_indel	0.001	0.001	0.001	0.0	421	0.7	0.6912114014251781	factorial	20.0008831	20.0009994	14510	200009994	f053	200	183.1408	-0.08429599999999994	0.08429599999999994	182.0909	184.4408	False	0.011749499999999954	194.8469784794087	-0.025765107602956475	-0.05853089239704346	diagnostic_kmer_10_90_spread_not_sampling_CI
6303	condition_008	20	iid_low_indel	0.001	0.001	0.001	0.02	421	0.7	0.7173396674584323	factorial	20.0008831	20.0009994	14510	200009994	f054	200	116.5442	-0.41727899999999996	0.41727899999999996	109.6445	125.3437	False	0.07849600000000002	190.1088266473722	-0.04945586676313894	-0.36782313323686106	diagnostic_kmer_10_90_spread_not_sampling_CI
6303	condition_008	20	iid_low_indel	0.001	0.001	0.001	0.01	171	0.5	0.5380116959064327	megabase	20.0008831	20.0009994	14510	200009994	megabase_171	6000	4484.2259	-0.2526290166666666	0.2526290166666666	4454.0274	4528.5237	False	0.012416049999999965	5911.203318302861	-0.01479944694952322	-0.2378295697171434	diagnostic_kmer_10_90_spread_not_sampling_CI
6303	condition_009	20	iid_high_indel	0.01	0.005	0.005	0.0	61	0.3	0.4426229508196721	factorial	20.0008831	20.0008311	14510	200008311	f001	20	13.3494	-0.33253000000000005	0.33253000000000005	12.2495	13.6994	False	0.07249500000000006	19.808141764942995	-0.009592911752850241	-0.3229370882471498	diagnostic_kmer_10_90_spread_not_sampling_CI
6303	condition_009	20	iid_high_indel	0.01	0.005	0.005	0.02	61	0.3	0.29508196721311475	factorial	20.0008831	20.0008311	14510	200008311	f002	20	7.6997	-0.615015	0.615015	5.6998	9.4996	False	0.18998999999999996	18.264767289692127	-0.08676163551539365	-0.5282533644846064	diagnostic_kmer_10_90_spread_not_sampling_CI
6303	condition_009	20	iid_high_indel	0.01	0.005	0.005	0.0	61	0.5	0.5081967213114754	factorial	20.0008831	20.0008311	14510	200008311	f003	20	16.2493	-0.18753499999999992	0.18753499999999992	15.6493	17.0493	False	0.06999999999999992	24.459575725138773	0.22297878625693865	-0.4105137862569386	diagnostic_kmer_10_90_spread_not_sampling_CI
6303	condition_009	20	iid_high_indel	0.01	0.005	0.005	0.02	61	0.5	0.3770491803278688	factorial	20.0008831	20.0008311	14510	200008311	f004	20	10.0496	-0.49752	0.49752	8.9996	11.6995	False	0.13499500000000006	22.326063372999638	0.11630316864998189	-0.6138231686499819	diagnostic_kmer_10_90_spread_not_sampling_CI
6303	condition_009	20	iid_high_indel	0.01	0.005	0.005	0.0	61	0.7	0.7540983606557377	factorial	20.0008831	20.0008311	14510	200008311	f005	20	12.9495	-0.352525	0.352525	12.3995	13.4494	False	0.05249500000000005	19.894203538655866	-0.0052898230672067115	-0.34723517693279327	diagnostic_kmer_10_90_spread_not_sampling_CI
6303	condition_009	20	iid_high_indel	0.01	0.005	0.005	0.02	61	0.7	0.7377049180327869	factorial	20.0008831	20.0008311	14510	200008311	f006	20	7.3997	-0.630015	0.630015	6.4497	9.1496	False	0.13499499999999998	17.103343162538398	-0.14483284187308013	-0.4851821581269199	diagnostic_kmer_10_90_spread_not_sampling_CI
6303	condition_009	20	iid_high_indel	0.01	0.005	0.005	0.0	61	0.3	0.4098360655737705	factorial	20.0008831	20.0008311	14510	200008311	f007	80	66.2972	-0.17128499999999997	0.17128499999999997	64.7473	67.0472	False	0.0287487500000001	101.63239766738263	0.27040497084228293	-0.4416899708422829	diagnostic_kmer_10_90_spread_not_sampling_CI
6303	condition_009	20	iid_high_indel	0.01	0.005	0.005	0.02	61	0.3	0.29508196721311475	factorial	20.0008831	20.0008311	14510	200008311	f008	80	47.648	-0.4044	0.4044	45.2481	52.0478	False	0.08499625000000002	113.76300958119718	0.4220376197649648	-0.8264376197649647	diagnostic_kmer_10_90_spread_not_sampling_CI
6303	condition_009	20	iid_high_indel	0.01	0.005	0.005	0.0	61	0.5	0.5081967213114754	factorial	20.0008831	20.0008311	14510	200008311	f009	80	30.4487	-0.61939125	0.61939125	30.0987	30.8987	False	0.010000000000000009	45.84387740293754	-0.42695153246328077	-0.19243971753671923	diagnostic_kmer_10_90_spread_not_sampling_CI
6303	condition_009	20	iid_high_indel	0.01	0.005	0.005	0.02	61	0.5	0.5737704918032787	factorial	20.0008831	20.0008311	14510	200008311	f010	80	31.6987	-0.60376625	0.60376625	29.2488	35.9485	False	0.08374625000000005	83.87580466056653	0.04844755825708162	-0.6522138082570816	diagnostic_kmer_10_90_spread_not_sampling_CI
6303	condition_009	20	iid_high_indel	0.01	0.005	0.005	0.0	61	0.7	0.819672131147541	factorial	20.0008831	20.0008311	14510	200008311	f011	80	50.8479	-0.36440124999999995	0.36440124999999995	49.248	52.1478	False	0.03624749999999999	76.29171330661207	-0.046353583667349166	-0.3180476663326508	diagnostic_kmer_10_90_spread_not_sampling_CI
6303	condition_009	20	iid_high_indel	0.01	0.005	0.005	0.02	61	0.7	0.6557377049180327	factorial	20.0008831	20.0008311	14510	200008311	f012	80	33.0486	-0.5868925	0.5868925	28.8988	36.1985	False	0.09124625000000001	75.18766369526692	-0.060154203809163496	-0.5267382961908365	diagnostic_kmer_10_90_spread_not_sampling_CI
6303	condition_009	20	iid_high_indel	0.01	0.005	0.005	0.0	61	0.3	0.2786885245901639	factorial	20.0008831	20.0008311	14510	200008311	f013	200	110.4954	-0.447523	0.447523	109.4954	112.3953	False	0.014499500000000012	165.7000605630062	-0.17149969718496905	-0.27602330281503096	diagnostic_kmer_10_90_spread_not_sampling_CI
6303	condition_009	20	iid_high_indel	0.01	0.005	0.005	0.02	61	0.3	0.3114754098360656	factorial	20.0008831	20.0008311	14510	200008311	f014	200	89.5963	-0.5520185	0.5520185	86.6464	96.346	False	0.04849800000000002	211.22509958523602	0.056125497926180115	-0.6081439979261801	diagnostic_kmer_10_90_spread_not_sampling_CI
6303	condition_009	20	iid_high_indel	0.01	0.005	0.005	0.0	61	0.5	0.4426229508196721	factorial	20.0008831	20.0008311	14510	200008311	f015	200	147.2939	-0.26353049999999995	0.26353049999999995	145.5939	149.0938	False	0.017499499999999984	223.38521839289498	0.11692609196447493	-0.3804565919644749	diagnostic_kmer_10_90_spread_not_sampling_CI
6303	condition_009	20	iid_high_indel	0.01	0.005	0.005	0.02	61	0.5	0.45901639344262296	factorial	20.0008831	20.0008311	14510	200008311	f016	200	98.7959	-0.5060205	0.5060205	93.5961	102.0958	False	0.04249849999999995	221.99429620250692	0.10997148101253458	-0.6159919810125346	diagnostic_kmer_10_90_spread_not_sampling_CI
6303	condition_009	20	iid_high_indel	0.01	0.005	0.005	0.0	61	0.7	0.7540983606557377	factorial	20.0008831	20.0008311	14510	200008311	f017	200	183.5424	-0.08228800000000007	0.08228800000000007	181.1925	185.4423	False	0.021248999999999966	275.8820807218077	0.37941040360903855	-0.46169840360903863	diagnostic_kmer_10_90_spread_not_sampling_CI
6303	condition_009	20	iid_high_indel	0.01	0.005	0.005	0.02	61	0.7	0.7377049180327869	factorial	20.0008831	20.0008311	14510	200008311	f018	200	61.4474	-0.6927629999999999	0.6927629999999999	57.6476	64.1473	False	0.03249850000000002	139.49957810104698	-0.3025021094947651	-0.3902608905052349	diagnostic_kmer_10_90_spread_not_sampling_CI
6303	condition_009	20	iid_high_indel	0.01	0.005	0.005	0.0	171	0.3	0.30994152046783624	factorial	20.0008831	20.0008311	14510	200008311	f019	20	14.7994	-0.26003	0.26003	14.1494	15.2994	False	0.057500000000000016	22.370649650865253	0.11853248254326268	-0.37856248254326264	diagnostic_kmer_10_90_spread_not_sampling_CI
6303	condition_009	20	iid_high_indel	0.01	0.005	0.005	0.02	171	0.3	0.2982456140350877	factorial	20.0008831	20.0008311	14510	200008311	f020	20	10.5496	-0.47252	0.47252	7.3997	12.3995	False	0.24999	24.22466135422995	0.21123306771149758	-0.6837530677114976	diagnostic_kmer_10_90_spread_not_sampling_CI
6303	condition_009	20	iid_high_indel	0.01	0.005	0.005	0.0	171	0.5	0.47368421052631576	factorial	20.0008831	20.0008311	14510	200008311	f021	20	17.9493	-0.10253499999999996	0.10253499999999996	16.7993	18.5492	False	0.08749500000000002	27.009041333908556	0.3504520666954278	-0.45298706669542776	diagnostic_kmer_10_90_spread_not_sampling_CI
6303	condition_009	20	iid_high_indel	0.01	0.005	0.005	0.02	171	0.5	0.47953216374269003	factorial	20.0008831	20.0008311	14510	200008311	f022	20	7.1997	-0.640015	0.640015	5.6498	8.0497	False	0.11999499999999999	14.457256376686791	-0.27713718116566044	-0.36287781883433956	diagnostic_kmer_10_90_spread_not_sampling_CI
6303	condition_009	20	iid_high_indel	0.01	0.005	0.005	0.0	171	0.7	0.6491228070175439	factorial	20.0008831	20.0008311	14510	200008311	f023	20	14.3994	-0.28003	0.28003	13.4494	15.0494	False	0.07999999999999999	21.807224236516763	0.09036121182583816	-0.3703912118258382	diagnostic_kmer_10_90_spread_not_sampling_CI
6303	condition_009	20	iid_high_indel	0.01	0.005	0.005	0.02	171	0.7	0.7017543859649122	factorial	20.0008831	20.0008311	14510	200008311	f024	20	7.2997	-0.635015	0.635015	5.9498	9.3996	False	0.17248999999999998	17.801553153707047	-0.10992234231464763	-0.5250926576853524	diagnostic_kmer_10_90_spread_not_sampling_CI
6303	condition_009	20	iid_high_indel	0.01	0.005	0.005	0.0	171	0.3	0.25146198830409355	factorial	20.0008831	20.0008311	14510	200008311	f025	80	34.1486	-0.5731425	0.5731425	33.5486	34.8985	False	0.016873749999999976	51.36966159715358	-0.35787923003558025	-0.21526326996441975	diagnostic_kmer_10_90_spread_not_sampling_CI
6303	condition_009	20	iid_high_indel	0.01	0.005	0.005	0.02	171	0.3	0.3333333333333333	factorial	20.0008831	20.0008311	14510	200008311	f026	80	35.8985	-0.55126875	0.55126875	33.1986	39.9983	False	0.08499625000000002	85.63072189945115	0.07038402374313932	-0.6216527737431393	diagnostic_kmer_10_90_spread_not_sampling_CI
6303	condition_009	20	iid_high_indel	0.01	0.005	0.005	0.0	171	0.5	0.4269005847953216	factorial	20.0008831	20.0008311	14510	200008311	f027	80	61.8474	-0.22690749999999998	0.22690749999999998	60.3475	62.9974	False	0.03312375000000003	93.17337130990677	0.16466714137383462	-0.39157464137383463	diagnostic_kmer_10_90_spread_not_sampling_CI
6303	condition_009	20	iid_high_indel	0.01	0.005	0.005	0.02	171	0.5	0.47953216374269003	factorial	20.0008831	20.0008311	14510	200008311	f028	80	38.0484	-0.524395	0.524395	33.3486	41.0983	False	0.09687125000000005	87.40871356766763	0.09260891959584541	-0.6170039195958454	diagnostic_kmer_10_90_spread_not_sampling_CI
6303	condition_009	20	iid_high_indel	0.01	0.005	0.005	0.0	171	0.7	0.6549707602339181	factorial	20.0008831	20.0008311	14510	200008311	f029	80	62.0474	-0.22440749999999995	0.22440749999999995	60.3975	63.2474	False	0.035623749999999975	93.82071114766887	0.17275888934586092	-0.3971663893458609	diagnostic_kmer_10_90_spread_not_sampling_CI
6303	condition_009	20	iid_high_indel	0.01	0.005	0.005	0.02	171	0.7	0.6783625730994152	factorial	20.0008831	20.0008311	14510	200008311	f030	80	37.7984	-0.52752	0.52752	34.8486	40.2983	False	0.06812125	84.26353080578558	0.053294135072319726	-0.5808141350723197	diagnostic_kmer_10_90_spread_not_sampling_CI
6303	condition_009	20	iid_high_indel	0.01	0.005	0.005	0.0	171	0.3	0.32748538011695905	factorial	20.0008831	20.0008311	14510	200008311	f031	200	150.0438	-0.24978099999999998	0.24978099999999998	147.7439	151.7937	False	0.020249000000000024	227.18587504043614	0.13592937520218074	-0.3857103752021807	diagnostic_kmer_10_90_spread_not_sampling_CI
6303	condition_009	20	iid_high_indel	0.01	0.005	0.005	0.02	171	0.3	0.2573099415204678	factorial	20.0008831	20.0008311	14510	200008311	f032	200	89.3963	-0.5530185	0.5530185	83.2765	95.706	False	0.06214750000000002	206.17773832722733	0.030888691636136657	-0.5839071916361367	diagnostic_kmer_10_90_spread_not_sampling_CI
6303	condition_009	20	iid_high_indel	0.01	0.005	0.005	0.0	171	0.5	0.4853801169590643	factorial	20.0008831	20.0008311	14510	200008311	f033	200	153.0436	-0.23478200000000002	0.23478200000000002	150.5937	154.8936	False	0.021499499999999897	231.42779300170645	0.15713896500853225	-0.39192096500853224	diagnostic_kmer_10_90_spread_not_sampling_CI
6303	condition_009	20	iid_high_indel	0.01	0.005	0.005	0.02	171	0.5	0.47368421052631576	factorial	20.0008831	20.0008311	14510	200008311	f034	200	75.6469	-0.6217655	0.6217655	72.197	79.5467	False	0.03674849999999999	179.87773001345116	-0.10061134993274422	-0.5211541500672557	diagnostic_kmer_10_90_spread_not_sampling_CI
6303	condition_009	20	iid_high_indel	0.01	0.005	0.005	0.0	171	0.7	0.672514619883041	factorial	20.0008831	20.0008311	14510	200008311	f035	200	132.4945	-0.33752750000000004	0.33752750000000004	130.6446	136.4443	False	0.028998500000000007	200.69640140829054	0.0034820070414527038	-0.3410095070414528	diagnostic_kmer_10_90_spread_not_sampling_CI
6303	condition_009	20	iid_high_indel	0.01	0.005	0.005	0.02	171	0.7	0.7192982456140351	factorial	20.0008831	20.0008311	14510	200008311	f036	200	86.4464	-0.567768	0.567768	79.9967	91.6462	False	0.058247499999999945	199.86836779467617	-0.0006581610266191263	-0.5671098389733809	diagnostic_kmer_10_90_spread_not_sampling_CI
6303	condition_009	20	iid_high_indel	0.01	0.005	0.005	0.0	421	0.3	0.2850356294536817	factorial	20.0008831	20.0008311	14510	200008311	f037	20	15.4994	-0.22503	0.22503	14.5994	16.2493	False	0.08249500000000012	23.208476417372246	0.16042382086861232	-0.38545382086861235	diagnostic_kmer_10_90_spread_not_sampling_CI
6303	condition_009	20	iid_high_indel	0.01	0.005	0.005	0.02	421	0.3	0.3016627078384798	factorial	20.0008831	20.0008311	14510	200008311	f038	20	8.5496	-0.57252	0.57252	6.8997	10.1496	False	0.16249499999999997	19.10545093563104	-0.044727453218447975	-0.5277925467815521	diagnostic_kmer_10_90_spread_not_sampling_CI
6303	condition_009	20	iid_high_indel	0.01	0.005	0.005	0.0	421	0.5	0.5439429928741093	factorial	20.0008831	20.0008311	14510	200008311	f039	20	13.8994	-0.30503	0.30503	13.2494	14.4994	False	0.0625	20.89931472044973	0.044965736022486526	-0.3499957360224865	diagnostic_kmer_10_90_spread_not_sampling_CI
6303	condition_009	20	iid_high_indel	0.01	0.005	0.005	0.02	421	0.5	0.4821852731591449	factorial	20.0008831	20.0008311	14510	200008311	f040	20	7.0997	-0.645015	0.645015	5.0498	8.4496	False	0.16999	16.022570433141244	-0.1988714783429378	-0.44614352165706217	diagnostic_kmer_10_90_spread_not_sampling_CI
6303	condition_009	20	iid_high_indel	0.01	0.005	0.005	0.0	421	0.7	0.7244655581947743	factorial	20.0008831	20.0008311	14510	200008311	f041	20	14.4494	-0.27752999999999994	0.27752999999999994	13.6494	14.9494	False	0.06500000000000003	21.72279379916094	0.08613968995804697	-0.36366968995804694	diagnostic_kmer_10_90_spread_not_sampling_CI
6303	condition_009	20	iid_high_indel	0.01	0.005	0.005	0.02	421	0.7	0.6864608076009501	factorial	20.0008831	20.0008311	14510	200008311	f042	20	8.2997	-0.5850150000000001	0.5850150000000001	6.5497	10.6996	False	0.20749500000000004	20.676521707518923	0.033826085375946134	-0.6188410853759462	diagnostic_kmer_10_90_spread_not_sampling_CI
6303	condition_009	20	iid_high_indel	0.01	0.005	0.005	0.0	421	0.3	0.2850356294536817	factorial	20.0008831	20.0008311	14510	200008311	f043	80	68.6971	-0.14128624999999992	0.14128624999999992	67.4972	70.6471	False	0.03937374999999985	103.42583703264087	0.2928229629080109	-0.4341092129080108	diagnostic_kmer_10_90_spread_not_sampling_CI
6303	condition_009	20	iid_high_indel	0.01	0.005	0.005	0.02	421	0.3	0.33016627078384797	factorial	20.0008831	20.0008311	14510	200008311	f044	80	38.9484	-0.513145	0.513145	35.3985	42.9982	False	0.09499624999999998	88.97980031306919	0.11224750391336488	-0.6253925039133649	diagnostic_kmer_10_90_spread_not_sampling_CI
6303	condition_009	20	iid_high_indel	0.01	0.005	0.005	0.0	421	0.5	0.47743467933491684	factorial	20.0008831	20.0008311	14510	200008311	f045	80	51.1979	-0.36002625000000005	0.36002625000000005	49.7979	52.6478	False	0.035623749999999975	77.00705106007375	-0.03741186174907814	-0.3226143882509219	diagnostic_kmer_10_90_spread_not_sampling_CI
6303	condition_009	20	iid_high_indel	0.01	0.005	0.005	0.02	421	0.5	0.5391923990498813	factorial	20.0008831	20.0008311	14510	200008311	f046	80	34.0986	-0.5737675	0.5737675	30.0488	37.1985	False	0.08937125000000004	79.37927410553905	-0.00775907368076183	-0.5660084263192382	diagnostic_kmer_10_90_spread_not_sampling_CI
6303	condition_009	20	iid_high_indel	0.01	0.005	0.005	0.0	421	0.7	0.7078384798099763	factorial	20.0008831	20.0008311	14510	200008311	f047	80	60.2975	-0.24628125	0.24628125	59.3475	61.4974	False	0.02687375000000003	90.4528944134923	0.13066118016865377	-0.3769424301686538	diagnostic_kmer_10_90_spread_not_sampling_CI
6303	condition_009	20	iid_high_indel	0.01	0.005	0.005	0.02	421	0.7	0.6959619952494062	factorial	20.0008831	20.0008311	14510	200008311	f048	80	30.4987	-0.61876625	0.61876625	27.5489	34.2486	False	0.08374625000000005	73.96443006258585	-0.0754446242176769	-0.5433216257823231	diagnostic_kmer_10_90_spread_not_sampling_CI
6303	condition_009	20	iid_high_indel	0.01	0.005	0.005	0.0	421	0.3	0.3016627078384798	factorial	20.0008831	20.0008311	14510	200008311	f049	200	148.5938	-0.25703100000000006	0.25703100000000006	145.8939	150.9937	False	0.02549899999999994	223.65627647611456	0.11828138238057279	-0.37531238238057285	diagnostic_kmer_10_90_spread_not_sampling_CI
6303	condition_009	20	iid_high_indel	0.01	0.005	0.005	0.02	421	0.3	0.332541567695962	factorial	20.0008831	20.0008311	14510	200008311	f050	200	100.7958	-0.496021	0.496021	89.9463	107.1955	False	0.086246	228.73170557719345	0.14365852788596725	-0.6396795278859673	diagnostic_kmer_10_90_spread_not_sampling_CI
6303	condition_009	20	iid_high_indel	0.01	0.005	0.005	0.0	421	0.5	0.498812351543943	factorial	20.0008831	20.0008311	14510	200008311	f051	200	132.8445	-0.33577749999999995	0.33577749999999995	130.9946	134.9944	False	0.01999900000000011	201.16902712032484	0.0058451356016242075	-0.34162263560162415	diagnostic_kmer_10_90_spread_not_sampling_CI
6303	condition_009	20	iid_high_indel	0.01	0.005	0.005	0.02	421	0.5	0.47268408551068886	factorial	20.0008831	20.0008311	14510	200008311	f052	200	79.4967	-0.6025165	0.6025165	75.1969	84.3965	False	0.04599800000000002	181.78389732251256	-0.09108051338743721	-0.5114359866125627	diagnostic_kmer_10_90_spread_not_sampling_CI
6303	condition_009	20	iid_high_indel	0.01	0.005	0.005	0.0	421	0.7	0.6912114014251781	factorial	20.0008831	20.0008311	14510	200008311	f053	200	129.1946	-0.354027	0.354027	127.0447	131.1446	False	0.020499499999999955	194.8469784794087	-0.025765107602956475	-0.3282618923970435	diagnostic_kmer_10_90_spread_not_sampling_CI
6303	condition_009	20	iid_high_indel	0.01	0.005	0.005	0.02	421	0.7	0.7173396674584323	factorial	20.0008831	20.0008311	14510	200008311	f054	200	82.6466	-0.5867669999999999	0.5867669999999999	76.8968	88.6963	False	0.058997499999999974	190.1088266473722	-0.04945586676313894	-0.537311133236861	diagnostic_kmer_10_90_spread_not_sampling_CI
6303	condition_009	20	iid_high_indel	0.01	0.005	0.005	0.01	171	0.5	0.5380116959064327	megabase	20.0008831	20.0008311	14510	200008311	megabase_171	6000	3172.5182	-0.47124696666666666	0.47124696666666666	3140.8695	3217.4163	False	0.012757800000000012	5911.203318302861	-0.01479944694952322	-0.4564475197171434	diagnostic_kmer_10_90_spread_not_sampling_CI
