family_id	monomer_id	monomer_length_bp	consensus_md5	gc_fraction	support_read_count	support_span_bp	mean_identity	low_complexity_flag	confidence	warning
TXF000001	TXM000001	185	9c9dd917017cf0909ef071725eda3314	0.5676	1727	2403575	0.9075	false	high	operational_monomer_cluster;observed_consensus_representative;uncalibrated_confidence;cluster_identity=0.95;possible_higher_order_or_partial:TXF000001-TXF000022;possible_higher_order_or_partial:TXF000001-TXF000135;possible_higher_order_or_partial:TXF000001-TXF000434
TXF000002	TXM000002	312	d1866d79b88fb7d3a86655f47206327d	0.5192	1722	2338490	0.9837	false	high	operational_monomer_cluster;observed_consensus_representative;uncalibrated_confidence;cluster_identity=0.95
TXF000003	TXM000003	178	eca686edbe4dbcde6a466ee20b66aa74	0.3820	1346	23844471	0.9366	false	high	operational_monomer_cluster;observed_consensus_representative;uncalibrated_confidence;cluster_identity=0.95;possible_higher_order_or_partial:TXF000003-TXF000004;possible_higher_order_or_partial:TXF000003-TXF000005;possible_higher_order_or_partial:TXF000003-TXF000006;possible_higher_order_or_partial:TXF000003-TXF000010;possible_higher_order_or_partial:TXF000003-TXF000011;possible_higher_order_or_partial:TXF000003-TXF000012;possible_higher_order_or_partial:TXF000003-TXF000025;possible_higher_order_or_partial:TXF000003-TXF000039;possible_higher_order_or_partial:TXF000003-TXF000049;possible_higher_order_or_partial:TXF000003-TXF000061;possible_higher_order_or_partial:TXF000003-TXF000076;possible_higher_order_or_partial:TXF000003-TXF000172;possible_higher_order_or_partial:TXF000003-TXF000319;possible_higher_order_or_partial:TXF000003-TXF000321;possible_higher_order_or_partial:TXF000003-TXF000402;possible_higher_order_or_partial:TXF000003-TXF000404;possible_higher_order_or_partial:TXF000003-TXF000559;possible_higher_order_or_partial:TXF000003-TXF000561;possible_higher_order_or_partial:TXF000003-TXF000569;possible_higher_order_or_partial:TXF000003-TXF000574;possible_higher_order_or_partial:TXF000003-TXF000580;possible_higher_order_or_partial:TXF000003-TXF000587;possible_higher_order_or_partial:TXF000003-TXF000821;possible_higher_order_or_partial:TXF000003-TXF000835;possible_higher_order_or_partial:TXF000003-TXF001091;possible_higher_order_or_partial:TXF000003-TXF001096;possible_higher_order_or_partial:TXF000003-TXF001524;possible_higher_order_or_partial:TXF000003-TXF001546;possible_higher_order_or_partial:TXF000003-TXF001550;possible_higher_order_or_partial:TXF000003-TXF001551;possible_higher_order_or_partial:TXF000003-TXF001553;possible_higher_order_or_partial:TXF000003-TXF001579
TXF000004	TXM000004	356	e851b8ebf3ecfec31154b5e1528c2055	0.3933	1244	23180839	0.9327	false	high	operational_monomer_cluster;observed_consensus_representative;uncalibrated_confidence;cluster_identity=0.95;possible_higher_order_or_partial:TXF000003-TXF000004;possible_higher_order_or_partial:TXF000004-TXF000005;possible_higher_order_or_partial:TXF000004-TXF000006;possible_higher_order_or_partial:TXF000004-TXF000010;possible_higher_order_or_partial:TXF000004-TXF000011;possible_higher_order_or_partial:TXF000004-TXF000012;possible_higher_order_or_partial:TXF000004-TXF000018;possible_higher_order_or_partial:TXF000004-TXF000023;possible_higher_order_or_partial:TXF000004-TXF000025;possible_higher_order_or_partial:TXF000004-TXF000047;possible_higher_order_or_partial:TXF000004-TXF000069;possible_higher_order_or_partial:TXF000004-TXF000075;possible_higher_order_or_partial:TXF000004-TXF000172;possible_higher_order_or_partial:TXF000004-TXF000404;possible_higher_order_or_partial:TXF000004-TXF000559;possible_higher_order_or_partial:TXF000004-TXF000561;possible_higher_order_or_partial:TXF000004-TXF000572;possible_higher_order_or_partial:TXF000004-TXF000574;possible_higher_order_or_partial:TXF000004-TXF000821;possible_higher_order_or_partial:TXF000004-TXF001091;possible_higher_order_or_partial:TXF000004-TXF001517;possible_higher_order_or_partial:TXF000004-TXF001524
TXF000005	TXM000005	178	19a3ad8ced435e50a42de08cd55f2471	0.3876	1213	17080563	0.9268	false	high	operational_monomer_cluster;observed_consensus_representative;uncalibrated_confidence;cluster_identity=0.95;possible_higher_order_or_partial:TXF000003-TXF000005;possible_higher_order_or_partial:TXF000004-TXF000005;possible_higher_order_or_partial:TXF000005-TXF000006;possible_higher_order_or_partial:TXF000005-TXF000010;possible_higher_order_or_partial:TXF000005-TXF000011;possible_higher_order_or_partial:TXF000005-TXF000012;possible_higher_order_or_partial:TXF000005-TXF000018;possible_higher_order_or_partial:TXF000005-TXF000019;possible_higher_order_or_partial:TXF000005-TXF000023;possible_higher_order_or_partial:TXF000005-TXF000025;possible_higher_order_or_partial:TXF000005-TXF000038;possible_higher_order_or_partial:TXF000005-TXF000039;possible_higher_order_or_partial:TXF000005-TXF000047;possible_higher_order_or_partial:TXF000005-TXF000049;possible_higher_order_or_partial:TXF000005-TXF000061;possible_higher_order_or_partial:TXF000005-TXF000069;possible_higher_order_or_partial:TXF000005-TXF000075;possible_higher_order_or_partial:TXF000005-TXF000076;possible_higher_order_or_partial:TXF000005-TXF000080;possible_higher_order_or_partial:TXF000005-TXF000088;possible_higher_order_or_partial:TXF000005-TXF000138;possible_higher_order_or_partial:TXF000005-TXF000154;possible_higher_order_or_partial:TXF000005-TXF000172;possible_higher_order_or_partial:TXF000005-TXF000319;possible_higher_order_or_partial:TXF000005-TXF000321;possible_higher_order_or_partial:TXF000005-TXF000402;possible_higher_order_or_partial:TXF000005-TXF000404;possible_higher_order_or_partial:TXF000005-TXF000406;possible_higher_order_or_partial:TXF000005-TXF000559;possible_higher_order_or_partial:TXF000005-TXF000561;possible_higher_order_or_partial:TXF000005-TXF000565;possible_higher_order_or_partial:TXF000005-TXF000567;possible_higher_order_or_partial:TXF000005-TXF000569;possible_higher_order_or_partial:TXF000005-TXF000572;possible_higher_order_or_partial:TXF000005-TXF000574;possible_higher_order_or_partial:TXF000005-TXF000580;possible_higher_order_or_partial:TXF000005-TXF000587;possible_higher_order_or_partial:TXF000005-TXF000813;possible_higher_order_or_partial:TXF000005-TXF000821;possible_higher_order_or_partial:TXF000005-TXF000835;possible_higher_order_or_partial:TXF000005-TXF001091;possible_higher_order_or_partial:TXF000005-TXF001096;possible_higher_order_or_partial:TXF000005-TXF001517;possible_higher_order_or_partial:TXF000005-TXF001524;possible_higher_order_or_partial:TXF000005-TXF001546;possible_higher_order_or_partial:TXF000005-TXF001550;possible_higher_order_or_partial:TXF000005-TXF001551;possible_higher_order_or_partial:TXF000005-TXF001553;possible_higher_order_or_partial:TXF000005-TXF001579
TXF000006	TXM000006	534	df2b09e8b8cf64d3fe9de92bf4466de9	0.3933	1175	23738753	0.9382	false	high	operational_monomer_cluster;observed_consensus_representative;uncalibrated_confidence;cluster_identity=0.95;possible_higher_order_or_partial:TXF000003-TXF000006;possible_higher_order_or_partial:TXF000004-TXF000006;possible_higher_order_or_partial:TXF000005-TXF000006;possible_higher_order_or_partial:TXF000006-TXF000010;possible_higher_order_or_partial:TXF000006-TXF000011;possible_higher_order_or_partial:TXF000006-TXF000012;possible_higher_order_or_partial:TXF000006-TXF000018;possible_higher_order_or_partial:TXF000006-TXF000025;possible_higher_order_or_partial:TXF000006-TXF000047;possible_higher_order_or_partial:TXF000006-TXF000069;possible_higher_order_or_partial:TXF000006-TXF000075;possible_higher_order_or_partial:TXF000006-TXF000559;possible_higher_order_or_partial:TXF000006-TXF000561;possible_higher_order_or_partial:TXF000006-TXF000574
TXF000007	TXM000007	116	0c39fd27bc4e61b841f78de64584f0ac	0.5172	1157	397780	0.8251	false	medium	operational_monomer_cluster;observed_consensus_representative;uncalibrated_confidence;cluster_identity=0.95;likely_redundant:TXF000007-TXF000041;possible_higher_order_or_partial:TXF000007-TXF000346;possible_higher_order_or_partial:TXF000007-TXF000683
TXF000008	TXM000008	42	f382ea645f690e6a4cdcdc9a4c5a79c9	0.3095	728	83027	0.8206	false	medium	operational_monomer_cluster;observed_consensus_representative;uncalibrated_confidence;cluster_identity=0.95;possible_higher_order_or_partial:TXF000008-TXF000009
TXF000009	TXM000009	42	58e7f40a480eae8d54fa30b6961e088d	0.3333	699	79708	0.8204	false	medium	operational_monomer_cluster;observed_consensus_representative;uncalibrated_confidence;cluster_identity=0.95;possible_higher_order_or_partial:TXF000008-TXF000009
TXF000010	TXM000010	356	3d4cc4cc2e936a71be11a40871229fd4	0.3820	568	11710131	0.9421	false	high	operational_monomer_cluster;observed_consensus_representative;uncalibrated_confidence;cluster_identity=0.95;possible_higher_order_or_partial:TXF000003-TXF000010;possible_higher_order_or_partial:TXF000004-TXF000010;possible_higher_order_or_partial:TXF000005-TXF000010;possible_higher_order_or_partial:TXF000006-TXF000010;possible_higher_order_or_partial:TXF000010-TXF000011;possible_higher_order_or_partial:TXF000010-TXF000012;possible_higher_order_or_partial:TXF000010-TXF000023;possible_higher_order_or_partial:TXF000010-TXF000025;possible_higher_order_or_partial:TXF000010-TXF000039;possible_higher_order_or_partial:TXF000010-TXF000061;possible_higher_order_or_partial:TXF000010-TXF000075;possible_higher_order_or_partial:TXF000010-TXF000172;possible_higher_order_or_partial:TXF000010-TXF000319;possible_higher_order_or_partial:TXF000010-TXF000402;possible_higher_order_or_partial:TXF000010-TXF000559;possible_higher_order_or_partial:TXF000010-TXF000561;possible_higher_order_or_partial:TXF000010-TXF000574
TXF000011	TXM000011	712	8a54c2ef792a32be809e569a558797d6	0.3876	384	7868106	0.9398	false	high	operational_monomer_cluster;observed_consensus_representative;uncalibrated_confidence;cluster_identity=0.95;possible_higher_order_or_partial:TXF000003-TXF000011;possible_higher_order_or_partial:TXF000004-TXF000011;possible_higher_order_or_partial:TXF000005-TXF000011;possible_higher_order_or_partial:TXF000006-TXF000011;possible_higher_order_or_partial:TXF000010-TXF000011;possible_higher_order_or_partial:TXF000011-TXF000012;possible_higher_order_or_partial:TXF000011-TXF000018;possible_higher_order_or_partial:TXF000011-TXF000025;possible_higher_order_or_partial:TXF000011-TXF000047;possible_higher_order_or_partial:TXF000011-TXF000069;possible_higher_order_or_partial:TXF000011-TXF000075;possible_higher_order_or_partial:TXF000011-TXF000319;possible_higher_order_or_partial:TXF000011-TXF000559;possible_higher_order_or_partial:TXF000011-TXF000561;possible_higher_order_or_partial:TXF000011-TXF000574
TXF000012	TXM000012	534	81abf52c3def4d9ebfbd6e6913a44774	0.3820	370	7741803	0.9398	false	high	operational_monomer_cluster;observed_consensus_representative;uncalibrated_confidence;cluster_identity=0.95;possible_higher_order_or_partial:TXF000003-TXF000012;possible_higher_order_or_partial:TXF000004-TXF000012;possible_higher_order_or_partial:TXF000005-TXF000012;possible_higher_order_or_partial:TXF000006-TXF000012;possible_higher_order_or_partial:TXF000010-TXF000012;possible_higher_order_or_partial:TXF000011-TXF000012;possible_higher_order_or_partial:TXF000012-TXF000025;possible_higher_order_or_partial:TXF000012-TXF000061;possible_higher_order_or_partial:TXF000012-TXF000075;possible_higher_order_or_partial:TXF000012-TXF000559;possible_higher_order_or_partial:TXF000012-TXF000561;possible_higher_order_or_partial:TXF000012-TXF000574
TXF000013	TXM000013	154	ac386aef601a82d37705fa9d2dee8a58	0.5649	359	224392	0.9082	false	high	operational_monomer_cluster;observed_consensus_representative;uncalibrated_confidence;cluster_identity=0.95;possible_higher_order_or_partial:TXF000013-TXF000022;possible_higher_order_or_partial:TXF000013-TXF000026;possible_higher_order_or_partial:TXF000013-TXF000036;possible_higher_order_or_partial:TXF000013-TXF000058;possible_higher_order_or_partial:TXF000013-TXF000102;possible_higher_order_or_partial:TXF000013-TXF000173;possible_higher_order_or_partial:TXF000013-TXF000190;possible_higher_order_or_partial:TXF000013-TXF000201;possible_higher_order_or_partial:TXF000013-TXF000217;possible_higher_order_or_partial:TXF000013-TXF000476;possible_higher_order_or_partial:TXF000013-TXF001136;possible_higher_order_or_partial:TXF000013-TXF001180;possible_higher_order_or_partial:TXF000013-TXF001621
TXF000014	TXM000014	175	553c0c481676f627cc03497efc8a3983	0.5486	291	401788	0.8879	false	medium	operational_monomer_cluster;observed_consensus_representative;uncalibrated_confidence;cluster_identity=0.95;possible_higher_order_or_partial:TXF000014-TXF000022;possible_higher_order_or_partial:TXF000014-TXF000108;possible_higher_order_or_partial:TXF000014-TXF000135
TXF000015	TXM000015	98	22c3029c939ccb4ac592bfbe45bd7d33	0.3980	272	53610	0.7960	false	medium	operational_monomer_cluster;observed_consensus_representative;uncalibrated_confidence;cluster_identity=0.95
TXF000016	TXM000016	116	814c55f875a47f2338e3afa8cb162fde	0.5259	262	68855	0.8223	false	medium	operational_monomer_cluster;observed_consensus_representative;uncalibrated_confidence;cluster_identity=0.95
TXF000017	TXM000017	186	233532e6dbe216c115e716d854ddb932	0.5699	243	208383	0.8908	false	medium	operational_monomer_cluster;observed_consensus_representative;uncalibrated_confidence;cluster_identity=0.95;possible_higher_order_or_partial:TXF000017-TXF000022;possible_higher_order_or_partial:TXF000017-TXF000026;possible_higher_order_or_partial:TXF000017-TXF000036;possible_higher_order_or_partial:TXF000017-TXF000058;possible_higher_order_or_partial:TXF000017-TXF000102;possible_higher_order_or_partial:TXF000017-TXF000135;possible_higher_order_or_partial:TXF000017-TXF000157;possible_higher_order_or_partial:TXF000017-TXF000173;possible_higher_order_or_partial:TXF000017-TXF000190;possible_higher_order_or_partial:TXF000017-TXF000201;possible_higher_order_or_partial:TXF000017-TXF000220;possible_higher_order_or_partial:TXF000017-TXF000476;possible_higher_order_or_partial:TXF000017-TXF001121;possible_higher_order_or_partial:TXF000017-TXF001136;possible_higher_order_or_partial:TXF000017-TXF001621
TXF000018	TXM000018	178	cae162fe64b20c55cd65461d661ae0b9	0.3708	235	3454882	0.9217	false	high	operational_monomer_cluster;observed_consensus_representative;uncalibrated_confidence;cluster_identity=0.95;possible_higher_order_or_partial:TXF000004-TXF000018;possible_higher_order_or_partial:TXF000005-TXF000018;possible_higher_order_or_partial:TXF000006-TXF000018;possible_higher_order_or_partial:TXF000011-TXF000018;possible_higher_order_or_partial:TXF000018-TXF000019;possible_higher_order_or_partial:TXF000018-TXF000023;possible_higher_order_or_partial:TXF000018-TXF000025;possible_higher_order_or_partial:TXF000018-TXF000030;possible_higher_order_or_partial:TXF000018-TXF000038;possible_higher_order_or_partial:TXF000018-TXF000039;possible_higher_order_or_partial:TXF000018-TXF000047;possible_higher_order_or_partial:TXF000018-TXF000049;possible_higher_order_or_partial:TXF000018-TXF000061;possible_higher_order_or_partial:TXF000018-TXF000069;possible_higher_order_or_partial:TXF000018-TXF000075;possible_higher_order_or_partial:TXF000018-TXF000076;possible_higher_order_or_partial:TXF000018-TXF000080;possible_higher_order_or_partial:TXF000018-TXF000081;possible_higher_order_or_partial:TXF000018-TXF000088;possible_higher_order_or_partial:TXF000018-TXF000138;possible_higher_order_or_partial:TXF000018-TXF000154;possible_higher_order_or_partial:TXF000018-TXF000170;possible_higher_order_or_partial:TXF000018-TXF000172;possible_higher_order_or_partial:TXF000018-TXF000218;possible_higher_order_or_partial:TXF000018-TXF000318;possible_higher_order_or_partial:TXF000018-TXF000319;possible_higher_order_or_partial:TXF000018-TXF000321;possible_higher_order_or_partial:TXF000018-TXF000402;possible_higher_order_or_partial:TXF000018-TXF000404;possible_higher_order_or_partial:TXF000018-TXF000406;possible_higher_order_or_partial:TXF000018-TXF000559;possible_higher_order_or_partial:TXF000018-TXF000561;possible_higher_order_or_partial:TXF000018-TXF000565;possible_higher_order_or_partial:TXF000018-TXF000567;possible_higher_order_or_partial:TXF000018-TXF000569;possible_higher_order_or_partial:TXF000018-TXF000572;possible_higher_order_or_partial:TXF000018-TXF000574;possible_higher_order_or_partial:TXF000018-TXF000580;possible_higher_order_or_partial:TXF000018-TXF000587;possible_higher_order_or_partial:TXF000018-TXF000813;possible_higher_order_or_partial:TXF000018-TXF000821;possible_higher_order_or_partial:TXF000018-TXF000835;possible_higher_order_or_partial:TXF000018-TXF001091;possible_higher_order_or_partial:TXF000018-TXF001096;possible_higher_order_or_partial:TXF000018-TXF001517;possible_higher_order_or_partial:TXF000018-TXF001524;possible_higher_order_or_partial:TXF000018-TXF001546;possible_higher_order_or_partial:TXF000018-TXF001550;possible_higher_order_or_partial:TXF000018-TXF001551;possible_higher_order_or_partial:TXF000018-TXF001553;possible_higher_order_or_partial:TXF000018-TXF001579
TXF000019	TXM000019	356	742a6a2aa711323ff68d26137d212396	0.3680	221	4155969	0.9257	false	high	operational_monomer_cluster;observed_consensus_representative;uncalibrated_confidence;cluster_identity=0.95;possible_higher_order_or_partial:TXF000005-TXF000019;possible_higher_order_or_partial:TXF000018-TXF000019;possible_higher_order_or_partial:TXF000019-TXF000023;possible_higher_order_or_partial:TXF000019-TXF000038;possible_higher_order_or_partial:TXF000019-TXF000047;possible_higher_order_or_partial:TXF000019-TXF000049;possible_higher_order_or_partial:TXF000019-TXF000061;possible_higher_order_or_partial:TXF000019-TXF000069;possible_higher_order_or_partial:TXF000019-TXF000075;possible_higher_order_or_partial:TXF000019-TXF000081;possible_higher_order_or_partial:TXF000019-TXF000154;possible_higher_order_or_partial:TXF000019-TXF000218;possible_higher_order_or_partial:TXF000019-TXF000318;possible_higher_order_or_partial:TXF000019-TXF000319;possible_higher_order_or_partial:TXF000019-TXF000404;possible_higher_order_or_partial:TXF000019-TXF000559;possible_higher_order_or_partial:TXF000019-TXF000561;possible_higher_order_or_partial:TXF000019-TXF000572;possible_higher_order_or_partial:TXF000019-TXF000574;possible_higher_order_or_partial:TXF000019-TXF000821;possible_higher_order_or_partial:TXF000019-TXF001091;possible_higher_order_or_partial:TXF000019-TXF001517;possible_higher_order_or_partial:TXF000019-TXF001524
TXF000020	TXM000020	497	1a412a0c9587f48ba101390081ddd722	0.4185	220	4661296	0.9796	false	high	operational_monomer_cluster;observed_consensus_representative;uncalibrated_confidence;cluster_identity=0.95
TXF000021	TXM000021	56	a81037b6d4048fca4d82d3fe50315609	0.4464	217	102129	0.8505	false	medium	operational_monomer_cluster;observed_consensus_representative;uncalibrated_confidence;cluster_identity=0.95;possible_higher_order_or_partial:TXF000021-TXF000084;possible_higher_order_or_partial:TXF000021-TXF000178;possible_higher_order_or_partial:TXF000021-TXF000269;possible_higher_order_or_partial:TXF000021-TXF000328;possible_higher_order_or_partial:TXF000021-TXF000352;possible_higher_order_or_partial:TXF000021-TXF000855;possible_higher_order_or_partial:TXF000021-TXF001157;possible_higher_order_or_partial:TXF000021-TXF001609;possible_higher_order_or_partial:TXF000021-TXF001894
TXF000022	TXM000022	113	1486d03feb82ce631ff4e58c97ef2181	0.5575	168	80291	0.8137	false	medium	operational_monomer_cluster;observed_consensus_representative;uncalibrated_confidence;cluster_identity=0.95;possible_higher_order_or_partial:TXF000001-TXF000022;possible_higher_order_or_partial:TXF000013-TXF000022;possible_higher_order_or_partial:TXF000014-TXF000022;possible_higher_order_or_partial:TXF000017-TXF000022;possible_higher_order_or_partial:TXF000022-TXF000036;possible_higher_order_or_partial:TXF000022-TXF000058;possible_higher_order_or_partial:TXF000022-TXF000102;possible_higher_order_or_partial:TXF000022-TXF000108;possible_higher_order_or_partial:TXF000022-TXF000157;possible_higher_order_or_partial:TXF000022-TXF000190;possible_higher_order_or_partial:TXF000022-TXF000201;possible_higher_order_or_partial:TXF000022-TXF000217;possible_higher_order_or_partial:TXF000022-TXF000220;possible_higher_order_or_partial:TXF000022-TXF000223;possible_higher_order_or_partial:TXF000022-TXF000434;possible_higher_order_or_partial:TXF000022-TXF000476;possible_higher_order_or_partial:TXF000022-TXF001136;possible_higher_order_or_partial:TXF000022-TXF001621;possible_higher_order_or_partial:TXF000022-TXF001793
TXF000023	TXM000023	534	f7befca90153eab3b04a7e5520a2ebe6	0.3689	134	2686442	0.9253	false	high	operational_monomer_cluster;observed_consensus_representative;uncalibrated_confidence;cluster_identity=0.95;possible_higher_order_or_partial:TXF000004-TXF000023;possible_higher_order_or_partial:TXF000005-TXF000023;possible_higher_order_or_partial:TXF000010-TXF000023;possible_higher_order_or_partial:TXF000018-TXF000023;possible_higher_order_or_partial:TXF000019-TXF000023;possible_higher_order_or_partial:TXF000023-TXF000038;possible_higher_order_or_partial:TXF000023-TXF000047;possible_higher_order_or_partial:TXF000023-TXF000049;possible_higher_order_or_partial:TXF000023-TXF000061;likely_redundant:TXF000023-TXF000069;possible_higher_order_or_partial:TXF000023-TXF000075;possible_higher_order_or_partial:TXF000023-TXF000080;possible_higher_order_or_partial:TXF000023-TXF000081;possible_higher_order_or_partial:TXF000023-TXF000154;possible_higher_order_or_partial:TXF000023-TXF000218;possible_higher_order_or_partial:TXF000023-TXF000318;possible_higher_order_or_partial:TXF000023-TXF000559;possible_higher_order_or_partial:TXF000023-TXF000561;possible_higher_order_or_partial:TXF000023-TXF000574
TXF000024	TXM000024	93	42978ee24d295dccbbbc793fc4024534	0.1398	130	29679	0.8525	false	medium	operational_monomer_cluster;observed_consensus_representative;uncalibrated_confidence;cluster_identity=0.95;possible_higher_order_or_partial:TXF000024-TXF000032;possible_higher_order_or_partial:TXF000024-TXF000665;possible_higher_order_or_partial:TXF000024-TXF000697;possible_higher_order_or_partial:TXF000024-TXF001274
TXF000025	TXM000025	890	0a352efb7d6cfc8da8dc000936ba7b82	0.3921	125	2560057	0.9401	false	high	operational_monomer_cluster;observed_consensus_representative;uncalibrated_confidence;cluster_identity=0.95;possible_higher_order_or_partial:TXF000003-TXF000025;possible_higher_order_or_partial:TXF000004-TXF000025;possible_higher_order_or_partial:TXF000005-TXF000025;possible_higher_order_or_partial:TXF000006-TXF000025;possible_higher_order_or_partial:TXF000010-TXF000025;possible_higher_order_or_partial:TXF000011-TXF000025;possible_higher_order_or_partial:TXF000012-TXF000025;possible_higher_order_or_partial:TXF000018-TXF000025;possible_higher_order_or_partial:TXF000025-TXF000038;possible_higher_order_or_partial:TXF000025-TXF000047;possible_higher_order_or_partial:TXF000025-TXF000069;possible_higher_order_or_partial:TXF000025-TXF000574;possible_higher_order_or_partial:TXF000025-TXF001517
TXF000026	TXM000026	113	6bb874b0f7a64f5ca4efa2b99aeda365	0.5752	125	60555	0.8207	false	medium	operational_monomer_cluster;observed_consensus_representative;uncalibrated_confidence;cluster_identity=0.95;possible_higher_order_or_partial:TXF000013-TXF000026;possible_higher_order_or_partial:TXF000017-TXF000026;possible_higher_order_or_partial:TXF000026-TXF000028;possible_higher_order_or_partial:TXF000026-TXF000035;possible_higher_order_or_partial:TXF000026-TXF000102;possible_higher_order_or_partial:TXF000026-TXF000173;possible_higher_order_or_partial:TXF000026-TXF000190;possible_higher_order_or_partial:TXF000026-TXF000217;possible_higher_order_or_partial:TXF000026-TXF000908;possible_higher_order_or_partial:TXF000026-TXF001180;possible_higher_order_or_partial:TXF000026-TXF001557
TXF000027	TXM000027	61	52c8d528854ad630a4bfda0e1bf3c3da	0.4262	123	15747	0.8031	false	medium	operational_monomer_cluster;observed_consensus_representative;uncalibrated_confidence;cluster_identity=0.95
TXF000028	TXM000028	114	ffbd5fe02bf15a420b001b7798c1d70b	0.5789	122	57975	0.8198	false	medium	operational_monomer_cluster;observed_consensus_representative;uncalibrated_confidence;cluster_identity=0.95;possible_higher_order_or_partial:TXF000026-TXF000028;possible_higher_order_or_partial:TXF000028-TXF000035;possible_higher_order_or_partial:TXF000028-TXF000173;possible_higher_order_or_partial:TXF000028-TXF000190;possible_higher_order_or_partial:TXF000028-TXF000908;possible_higher_order_or_partial:TXF000028-TXF001557;possible_higher_order_or_partial:TXF000028-TXF001621
TXF000029	TXM000029	32	870a748e5360d48f2bc7cfcfc3e880a2	0.2500	122	20366	0.8524	false	medium	operational_monomer_cluster;observed_consensus_representative;uncalibrated_confidence;cluster_identity=0.95;possible_higher_order_or_partial:TXF000029-TXF000037;possible_higher_order_or_partial:TXF000029-TXF000040;possible_higher_order_or_partial:TXF000029-TXF000193;possible_higher_order_or_partial:TXF000029-TXF000849;possible_higher_order_or_partial:TXF000029-TXF001132;possible_higher_order_or_partial:TXF000029-TXF001145;possible_higher_order_or_partial:TXF000029-TXF001617;possible_higher_order_or_partial:TXF000029-TXF001627;possible_higher_order_or_partial:TXF000029-TXF001759
TXF000030	TXM000030	178	08f65db0a7b4292bbf1c5833ea7de182	0.3876	120	565785	0.8500	false	medium	operational_monomer_cluster;observed_consensus_representative;uncalibrated_confidence;cluster_identity=0.95;possible_higher_order_or_partial:TXF000018-TXF000030;possible_higher_order_or_partial:TXF000030-TXF000038;possible_higher_order_or_partial:TXF000030-TXF000049;possible_higher_order_or_partial:TXF000030-TXF000061;possible_higher_order_or_partial:TXF000030-TXF000077;possible_higher_order_or_partial:TXF000030-TXF000080;possible_higher_order_or_partial:TXF000030-TXF000081;possible_higher_order_or_partial:TXF000030-TXF000130;possible_higher_order_or_partial:TXF000030-TXF000170;possible_higher_order_or_partial:TXF000030-TXF000318;possible_higher_order_or_partial:TXF000030-TXF000557;possible_higher_order_or_partial:TXF000030-TXF000573;possible_higher_order_or_partial:TXF000030-TXF001106;possible_higher_order_or_partial:TXF000030-TXF001577
TXF000031	TXM000031	61	3cdf7f760a335d51b6407fd7a3ad8c79	0.4262	118	15113	0.8022	false	medium	operational_monomer_cluster;observed_consensus_representative;uncalibrated_confidence;cluster_identity=0.95
TXF000032	TXM000032	96	23ce25ac137e0e57bae42dd414870c88	0.1250	108	24170	0.8492	false	medium	operational_monomer_cluster;observed_consensus_representative;uncalibrated_confidence;cluster_identity=0.95;possible_higher_order_or_partial:TXF000024-TXF000032;possible_higher_order_or_partial:TXF000032-TXF000664;possible_higher_order_or_partial:TXF000032-TXF000665;possible_higher_order_or_partial:TXF000032-TXF001097;possible_higher_order_or_partial:TXF000032-TXF001805
TXF000033	TXM000033	169	927a92eaf5b64e08a60d4188978d379a	0.3195	102	50012	0.9335	false	high	operational_monomer_cluster;observed_consensus_representative;uncalibrated_confidence;cluster_identity=0.95;possible_higher_order_or_partial:TXF000033-TXF000885;possible_higher_order_or_partial:TXF000033-TXF001701;possible_higher_order_or_partial:TXF000033-TXF001703
TXF000034	TXM000034	34	aa123b20a353253047b4ac366d98f0aa	0.5000	102	10900	0.9024	false	high	operational_monomer_cluster;observed_consensus_representative;uncalibrated_confidence;cluster_identity=0.95
TXF000035	TXM000035	155	1c2a0ba270e1750576f2ef22cb5190d8	0.5806	98	39643	0.8851	false	medium	operational_monomer_cluster;observed_consensus_representative;uncalibrated_confidence;cluster_identity=0.95;possible_higher_order_or_partial:TXF000026-TXF000035;possible_higher_order_or_partial:TXF000028-TXF000035;possible_higher_order_or_partial:TXF000035-TXF000173;possible_higher_order_or_partial:TXF000035-TXF000190;possible_higher_order_or_partial:TXF000035-TXF000232;possible_higher_order_or_partial:TXF000035-TXF000908;possible_higher_order_or_partial:TXF000035-TXF001557;possible_higher_order_or_partial:TXF000035-TXF001621;possible_higher_order_or_partial:TXF000035-TXF001793
TXF000036	TXM000036	227	96c8b02ae77429f6dd9f5ff052b7b85a	0.5727	92	53143	0.9195	false	high	operational_monomer_cluster;observed_consensus_representative;uncalibrated_confidence;cluster_identity=0.95;possible_higher_order_or_partial:TXF000013-TXF000036;possible_higher_order_or_partial:TXF000017-TXF000036;possible_higher_order_or_partial:TXF000022-TXF000036;possible_higher_order_or_partial:TXF000036-TXF000058;possible_higher_order_or_partial:TXF000036-TXF000102;possible_higher_order_or_partial:TXF000036-TXF000173;possible_higher_order_or_partial:TXF000036-TXF000190;possible_higher_order_or_partial:TXF000036-TXF000201;possible_higher_order_or_partial:TXF000036-TXF000476;possible_higher_order_or_partial:TXF000036-TXF001136;possible_higher_order_or_partial:TXF000036-TXF001621;possible_higher_order_or_partial:TXF000036-TXF001793
TXF000037	TXM000037	84	8865054f93158ffddfa47a4ffe209ae1	0.2857	80	27284	0.9550	false	high	operational_monomer_cluster;observed_consensus_representative;uncalibrated_confidence;cluster_identity=0.95;possible_higher_order_or_partial:TXF000029-TXF000037;possible_higher_order_or_partial:TXF000037-TXF001381
TXF000038	TXM000038	178	64d4e7387437b916bc21d5185ddf7665	0.3876	78	185712	0.8313	false	medium	operational_monomer_cluster;observed_consensus_representative;uncalibrated_confidence;cluster_identity=0.95;possible_higher_order_or_partial:TXF000005-TXF000038;possible_higher_order_or_partial:TXF000018-TXF000038;possible_higher_order_or_partial:TXF000019-TXF000038;possible_higher_order_or_partial:TXF000023-TXF000038;possible_higher_order_or_partial:TXF000025-TXF000038;possible_higher_order_or_partial:TXF000030-TXF000038;possible_higher_order_or_partial:TXF000038-TXF000047;possible_higher_order_or_partial:TXF000038-TXF000049;possible_higher_order_or_partial:TXF000038-TXF000061;possible_higher_order_or_partial:TXF000038-TXF000069;possible_higher_order_or_partial:TXF000038-TXF000075;possible_higher_order_or_partial:TXF000038-TXF000076;possible_higher_order_or_partial:TXF000038-TXF000077;possible_higher_order_or_partial:TXF000038-TXF000080;possible_higher_order_or_partial:TXF000038-TXF000081;possible_higher_order_or_partial:TXF000038-TXF000088;possible_higher_order_or_partial:TXF000038-TXF000130;possible_higher_order_or_partial:TXF000038-TXF000138;possible_higher_order_or_partial:TXF000038-TXF000154;possible_higher_order_or_partial:TXF000038-TXF000170;possible_higher_order_or_partial:TXF000038-TXF000218;possible_higher_order_or_partial:TXF000038-TXF000318;possible_higher_order_or_partial:TXF000038-TXF000321;possible_higher_order_or_partial:TXF000038-TXF000402;possible_higher_order_or_partial:TXF000038-TXF000406;possible_higher_order_or_partial:TXF000038-TXF000557;possible_higher_order_or_partial:TXF000038-TXF000559;possible_higher_order_or_partial:TXF000038-TXF000561;possible_higher_order_or_partial:TXF000038-TXF000565;possible_higher_order_or_partial:TXF000038-TXF000567;possible_higher_order_or_partial:TXF000038-TXF000569;possible_higher_order_or_partial:TXF000038-TXF000572;possible_higher_order_or_partial:TXF000038-TXF000573;possible_higher_order_or_partial:TXF000038-TXF000574;possible_higher_order_or_partial:TXF000038-TXF000580;possible_higher_order_or_partial:TXF000038-TXF000587;possible_higher_order_or_partial:TXF000038-TXF000813;possible_higher_order_or_partial:TXF000038-TXF000821;possible_higher_order_or_partial:TXF000038-TXF000835;possible_higher_order_or_partial:TXF000038-TXF001091;possible_higher_order_or_partial:TXF000038-TXF001096;possible_higher_order_or_partial:TXF000038-TXF001517;possible_higher_order_or_partial:TXF000038-TXF001524;possible_higher_order_or_partial:TXF000038-TXF001546;possible_higher_order_or_partial:TXF000038-TXF001550;possible_higher_order_or_partial:TXF000038-TXF001551;possible_higher_order_or_partial:TXF000038-TXF001553;possible_higher_order_or_partial:TXF000038-TXF001577;possible_higher_order_or_partial:TXF000038-TXF001608
TXF000039	TXM000039	890	7373a94ec80c9efcc93b67d6b82ea371	0.3820	74	1611116	0.9453	false	high	operational_monomer_cluster;observed_consensus_representative;uncalibrated_confidence;cluster_identity=0.95;possible_higher_order_or_partial:TXF000003-TXF000039;possible_higher_order_or_partial:TXF000005-TXF000039;possible_higher_order_or_partial:TXF000010-TXF000039;possible_higher_order_or_partial:TXF000018-TXF000039;possible_higher_order_or_partial:TXF000039-TXF000069;possible_higher_order_or_partial:TXF000039-TXF000574;possible_higher_order_or_partial:TXF000039-TXF001518
TXF000040	TXM000040	156	1a1ad7651a30288a176e32bc17a1bdc5	0.2949	71	50008	0.8603	false	medium	operational_monomer_cluster;observed_consensus_representative;uncalibrated_confidence;cluster_identity=0.95;possible_higher_order_or_partial:TXF000029-TXF000040;possible_higher_order_or_partial:TXF000040-TXF000849;possible_higher_order_or_partial:TXF000040-TXF001145;possible_higher_order_or_partial:TXF000040-TXF001381;possible_higher_order_or_partial:TXF000040-TXF001617;possible_higher_order_or_partial:TXF000040-TXF001627
TXF000041	TXM000041	110	5a706d82c7dbfc8ae2198bc8507de38a	0.5091	65	15429	0.8230	false	medium	operational_monomer_cluster;observed_consensus_representative;uncalibrated_confidence;cluster_identity=0.95;likely_redundant:TXF000007-TXF000041;possible_higher_order_or_partial:TXF000041-TXF000346;possible_higher_order_or_partial:TXF000041-TXF000683
TXF000042	TXM000042	497	edac073601a191a5d11ece7c4449b737	0.3581	61	265432	0.8281	false	medium	operational_monomer_cluster;observed_consensus_representative;uncalibrated_confidence;cluster_identity=0.95;possible_higher_order_or_partial:TXF000042-TXF000144;possible_higher_order_or_partial:TXF000042-TXF000263;possible_higher_order_or_partial:TXF000042-TXF001084
TXF000043	TXM000043	30	c3ac89d83f45625b6503234fc1dc2c8f	0.4333	60	6113	0.8059	false	medium	operational_monomer_cluster;observed_consensus_representative;uncalibrated_confidence;cluster_identity=0.95
TXF000044	TXM000044	31	f652c54e2ff0f86bf91cb50b3ca23b45	0.5161	57	6770	0.8187	false	medium	operational_monomer_cluster;observed_consensus_representative;uncalibrated_confidence;cluster_identity=0.95;possible_higher_order_or_partial:TXF000044-TXF001967
TXF000045	TXM000045	63	c8e060490b1ef8310b6168b96d139c5e	0.2698	56	22078	0.8847	false	medium	operational_monomer_cluster;observed_consensus_representative;uncalibrated_confidence;cluster_identity=0.95
TXF000046	TXM000046	131	276cee33b13443a31a1522d3827987bb	0.3206	54	22903	0.9077	false	high	operational_monomer_cluster;observed_consensus_representative;uncalibrated_confidence;cluster_identity=0.95;possible_higher_order_or_partial:TXF000046-TXF000649
TXF000047	TXM000047	732	ad3203761db9aaa2dfa4fba272dc651c	0.3607	53	829031	0.9300	false	high	operational_monomer_cluster;observed_consensus_representative;uncalibrated_confidence;cluster_identity=0.95;possible_higher_order_or_partial:TXF000004-TXF000047;possible_higher_order_or_partial:TXF000005-TXF000047;possible_higher_order_or_partial:TXF000006-TXF000047;possible_higher_order_or_partial:TXF000011-TXF000047;possible_higher_order_or_partial:TXF000018-TXF000047;possible_higher_order_or_partial:TXF000019-TXF000047;possible_higher_order_or_partial:TXF000023-TXF000047;possible_higher_order_or_partial:TXF000025-TXF000047;possible_higher_order_or_partial:TXF000038-TXF000047;possible_higher_order_or_partial:TXF000047-TXF000061;possible_higher_order_or_partial:TXF000047-TXF000069;possible_higher_order_or_partial:TXF000047-TXF000075;possible_higher_order_or_partial:TXF000047-TXF000080;possible_higher_order_or_partial:TXF000047-TXF000081;possible_higher_order_or_partial:TXF000047-TXF000218;possible_higher_order_or_partial:TXF000047-TXF001518
TXF000048	TXM000048	502	e3dbef697b059e16c7717b36f536bde2	0.4223	53	765329	0.9713	false	high	operational_monomer_cluster;observed_consensus_representative;uncalibrated_confidence;cluster_identity=0.95;possible_higher_order_or_partial:TXF000048-TXF000403;possible_higher_order_or_partial:TXF000048-TXF001083
TXF000049	TXM000049	711	6ea4cd22345293018ba21cc8dcc07b85	0.3854	48	851840	0.9163	false	high	operational_monomer_cluster;observed_consensus_representative;uncalibrated_confidence;cluster_identity=0.95;possible_higher_order_or_partial:TXF000003-TXF000049;possible_higher_order_or_partial:TXF000005-TXF000049;possible_higher_order_or_partial:TXF000018-TXF000049;possible_higher_order_or_partial:TXF000019-TXF000049;possible_higher_order_or_partial:TXF000023-TXF000049;possible_higher_order_or_partial:TXF000030-TXF000049;possible_higher_order_or_partial:TXF000038-TXF000049;possible_higher_order_or_partial:TXF000049-TXF000061;possible_higher_order_or_partial:TXF000049-TXF000069;possible_higher_order_or_partial:TXF000049-TXF000077;possible_higher_order_or_partial:TXF000049-TXF000080;possible_higher_order_or_partial:TXF000049-TXF000218;possible_higher_order_or_partial:TXF000049-TXF000402;possible_higher_order_or_partial:TXF000049-TXF000559;possible_higher_order_or_partial:TXF000049-TXF000561;possible_higher_order_or_partial:TXF000049-TXF000569;possible_higher_order_or_partial:TXF000049-TXF000573;possible_higher_order_or_partial:TXF000049-TXF000574
TXF000050	TXM000050	59	a2a4f3ef2de3634a86f7c6d3ea303c8e	0.5424	47	11740	0.8521	false	medium	operational_monomer_cluster;observed_consensus_representative;uncalibrated_confidence;cluster_identity=0.95;likely_redundant:TXF000050-TXF001822
TXF000051	TXM000051	66	7b739da0eaf42d65ab544f7556df87c8	0.4848	46	6307	0.8827	false	medium	operational_monomer_cluster;observed_consensus_representative;uncalibrated_confidence;cluster_identity=0.95
TXF000052	TXM000052	53	62ddb1b522e40b096d124d4512928ed0	0.3962	45	12714	0.9375	false	high	operational_monomer_cluster;observed_consensus_representative;uncalibrated_confidence;cluster_identity=0.95
TXF000053	TXM000053	63	243f782b87f77a885847250a3ecdd752	0.2698	45	9666	0.8606	false	medium	operational_monomer_cluster;observed_consensus_representative;uncalibrated_confidence;cluster_identity=0.95
TXF000054	TXM000054	30	e0e673c02b1bc4e1b8dbb48c0d447bfe	0.6333	44	9175	0.8662	false	medium	operational_monomer_cluster;observed_consensus_representative;uncalibrated_confidence;cluster_identity=0.95
TXF000055	TXM000055	30	84dc38b61db74f7ff0f9f1f9e4bdea5d	0.4667	44	5545	0.8543	false	medium	operational_monomer_cluster;observed_consensus_representative;uncalibrated_confidence;cluster_identity=0.95
TXF000056	TXM000056	45	a415d1dc13abc53343d2c83a8bbf6a41	0.5556	43	5672	0.8881	false	medium	operational_monomer_cluster;observed_consensus_representative;uncalibrated_confidence;cluster_identity=0.95
TXF000057	TXM000057	328	66b5cd8c03013cd644a46f00236b8d71	0.3293	42	40948	0.8488	false	medium	operational_monomer_cluster;observed_consensus_representative;uncalibrated_confidence;cluster_identity=0.95;possible_higher_order_or_partial:TXF000057-TXF000222;possible_higher_order_or_partial:TXF000057-TXF000530;possible_higher_order_or_partial:TXF000057-TXF000960
TXF000058	TXM000058	112	95e0393909dde36df69d394156f11871	0.5893	42	23210	0.7926	false	medium	operational_monomer_cluster;observed_consensus_representative;uncalibrated_confidence;cluster_identity=0.95;possible_higher_order_or_partial:TXF000013-TXF000058;possible_higher_order_or_partial:TXF000017-TXF000058;possible_higher_order_or_partial:TXF000022-TXF000058;possible_higher_order_or_partial:TXF000036-TXF000058;possible_higher_order_or_partial:TXF000058-TXF000102;possible_higher_order_or_partial:TXF000058-TXF000108;possible_higher_order_or_partial:TXF000058-TXF000157;possible_higher_order_or_partial:TXF000058-TXF000173;possible_higher_order_or_partial:TXF000058-TXF000190;possible_higher_order_or_partial:TXF000058-TXF000201;possible_higher_order_or_partial:TXF000058-TXF000217;possible_higher_order_or_partial:TXF000058-TXF000434;possible_higher_order_or_partial:TXF000058-TXF000476;possible_higher_order_or_partial:TXF000058-TXF001621
TXF000059	TXM000059	35	093f42af17c6fa7dd87aa99c70ec7fc6	0.3143	41	4100	0.8060	false	medium	operational_monomer_cluster;observed_consensus_representative;uncalibrated_confidence;cluster_identity=0.95
TXF000060	TXM000060	66	656b99d56ad6b6170b4bfc69f0ab8d95	0.3788	38	12541	0.8945	false	medium	operational_monomer_cluster;observed_consensus_representative;uncalibrated_confidence;cluster_identity=0.95
TXF000061	TXM000061	356	2ab7d03a29ef33e1e295123de035a4ae	0.3904	37	535442	0.9061	false	high	operational_monomer_cluster;observed_consensus_representative;uncalibrated_confidence;cluster_identity=0.95;possible_higher_order_or_partial:TXF000003-TXF000061;possible_higher_order_or_partial:TXF000005-TXF000061;possible_higher_order_or_partial:TXF000010-TXF000061;possible_higher_order_or_partial:TXF000012-TXF000061;possible_higher_order_or_partial:TXF000018-TXF000061;possible_higher_order_or_partial:TXF000019-TXF000061;possible_higher_order_or_partial:TXF000023-TXF000061;possible_higher_order_or_partial:TXF000030-TXF000061;possible_higher_order_or_partial:TXF000038-TXF000061;possible_higher_order_or_partial:TXF000047-TXF000061;possible_higher_order_or_partial:TXF000049-TXF000061;possible_higher_order_or_partial:TXF000061-TXF000069;possible_higher_order_or_partial:TXF000061-TXF000154;possible_higher_order_or_partial:TXF000061-TXF000170;possible_higher_order_or_partial:TXF000061-TXF000319;possible_higher_order_or_partial:TXF000061-TXF000404;possible_higher_order_or_partial:TXF000061-TXF000559;possible_higher_order_or_partial:TXF000061-TXF000561;possible_higher_order_or_partial:TXF000061-TXF000569;possible_higher_order_or_partial:TXF000061-TXF000574;possible_higher_order_or_partial:TXF000061-TXF000813;possible_higher_order_or_partial:TXF000061-TXF000821;possible_higher_order_or_partial:TXF000061-TXF001091;possible_higher_order_or_partial:TXF000061-TXF001517;possible_higher_order_or_partial:TXF000061-TXF001524
TXF000062	TXM000062	82	28a785ad7c85f54ebaf6df4b3733fbea	0.4024	37	15993	0.9382	false	high	operational_monomer_cluster;observed_consensus_representative;uncalibrated_confidence;cluster_identity=0.95;possible_higher_order_or_partial:TXF000062-TXF000177;possible_higher_order_or_partial:TXF000062-TXF001769
TXF000063	TXM000063	42	58aac32db61c5e9ad78554c42724340f	0.4286	37	5082	0.9414	false	high	operational_monomer_cluster;observed_consensus_representative;uncalibrated_confidence;cluster_identity=0.95
TXF000064	TXM000064	227	a6ec75cdfaa7b8467939c4b28993eeb3	0.3172	36	25053	0.9089	false	high	operational_monomer_cluster;observed_consensus_representative;uncalibrated_confidence;cluster_identity=0.95
TXF000065	TXM000065	117	db71d6d43aa52c03d4bdba20da473fb8	0.5214	36	8668	0.8118	false	medium	operational_monomer_cluster;observed_consensus_representative;uncalibrated_confidence;cluster_identity=0.95
TXF000066	TXM000066	105	e7e6e746e800d409d6a6b9c798fbe41b	0.5143	35	9195	0.8013	false	medium	operational_monomer_cluster;observed_consensus_representative;uncalibrated_confidence;cluster_identity=0.95
TXF000067	TXM000067	177	8560d8f0c3ccd6205dcc4c7f7d682fcd	0.5650	34	28398	0.8826	false	medium	operational_monomer_cluster;observed_consensus_representative;uncalibrated_confidence;cluster_identity=0.95;possible_higher_order_or_partial:TXF000067-TXF000135;possible_higher_order_or_partial:TXF000067-TXF000173
TXF000068	TXM000068	53	2f4118204ca4515b6696ca1a0c302729	0.4151	34	16705	0.8241	false	medium	operational_monomer_cluster;observed_consensus_representative;uncalibrated_confidence;cluster_identity=0.95;possible_higher_order_or_partial:TXF000068-TXF001630;possible_higher_order_or_partial:TXF000068-TXF001653
TXF000069	TXM000069	554	82a5175a5336c9d22893dfb883482f8c	0.3574	33	106859	0.9341	false	high	operational_monomer_cluster;observed_consensus_representative;uncalibrated_confidence;cluster_identity=0.95;possible_higher_order_or_partial:TXF000004-TXF000069;possible_higher_order_or_partial:TXF000005-TXF000069;possible_higher_order_or_partial:TXF000006-TXF000069;possible_higher_order_or_partial:TXF000011-TXF000069;possible_higher_order_or_partial:TXF000018-TXF000069;possible_higher_order_or_partial:TXF000019-TXF000069;likely_redundant:TXF000023-TXF000069;possible_higher_order_or_partial:TXF000025-TXF000069;possible_higher_order_or_partial:TXF000038-TXF000069;possible_higher_order_or_partial:TXF000039-TXF000069;possible_higher_order_or_partial:TXF000047-TXF000069;possible_higher_order_or_partial:TXF000049-TXF000069;possible_higher_order_or_partial:TXF000061-TXF000069;possible_higher_order_or_partial:TXF000069-TXF000075;possible_higher_order_or_partial:TXF000069-TXF000080;possible_higher_order_or_partial:TXF000069-TXF000081;possible_higher_order_or_partial:TXF000069-TXF000218;possible_higher_order_or_partial:TXF000069-TXF000565;possible_higher_order_or_partial:TXF000069-TXF001518
TXF000070	TXM000070	496	a865bc0482dfdd33c2bee60bc5b13d7b	0.3669	33	88420	0.7991	false	medium	operational_monomer_cluster;observed_consensus_representative;uncalibrated_confidence;cluster_identity=0.95;possible_higher_order_or_partial:TXF000070-TXF000091;possible_higher_order_or_partial:TXF000070-TXF000119;possible_higher_order_or_partial:TXF000070-TXF000144;possible_higher_order_or_partial:TXF000070-TXF000570;possible_higher_order_or_partial:TXF000070-TXF000571;possible_higher_order_or_partial:TXF000070-TXF001101;possible_higher_order_or_partial:TXF000070-TXF001266;possible_higher_order_or_partial:TXF000070-TXF001523
TXF000071	TXM000071	416	298b97456c7b5a70e2bdfe57f3f8be76	0.3293	33	29768	0.9481	false	high	operational_monomer_cluster;observed_consensus_representative;uncalibrated_confidence;cluster_identity=0.95;possible_higher_order_or_partial:TXF000071-TXF001705
TXF000072	TXM000072	32	2003cb9c026af432148424adcad54dbc	0.4688	33	3758	0.9283	false	high	operational_monomer_cluster;observed_consensus_representative;uncalibrated_confidence;cluster_identity=0.95
TXF000073	TXM000073	97	adaf4c06060a52b1c1262dc625099753	0.3711	31	65795	0.8861	false	medium	operational_monomer_cluster;observed_consensus_representative;uncalibrated_confidence;cluster_identity=0.95;possible_higher_order_or_partial:TXF000073-TXF000563;possible_higher_order_or_partial:TXF000073-TXF000584;possible_higher_order_or_partial:TXF000073-TXF001545
TXF000074	TXM000074	54	5dd82652420ebd17e96f8064fc583c1a	0.3704	31	15673	0.8419	false	medium	operational_monomer_cluster;observed_consensus_representative;uncalibrated_confidence;cluster_identity=0.95;possible_higher_order_or_partial:TXF000074-TXF000224;possible_higher_order_or_partial:TXF000074-TXF000595;possible_higher_order_or_partial:TXF000074-TXF001633;possible_higher_order_or_partial:TXF000074-TXF001663;possible_higher_order_or_partial:TXF000074-TXF001689
TXF000075	TXM000075	890	88f18f4d1367548e55cefaf6f01d222d	0.3629	29	624785	0.9442	false	high	operational_monomer_cluster;observed_consensus_representative;uncalibrated_confidence;cluster_identity=0.95;possible_higher_order_or_partial:TXF000004-TXF000075;possible_higher_order_or_partial:TXF000005-TXF000075;possible_higher_order_or_partial:TXF000006-TXF000075;possible_higher_order_or_partial:TXF000010-TXF000075;possible_higher_order_or_partial:TXF000011-TXF000075;possible_higher_order_or_partial:TXF000012-TXF000075;possible_higher_order_or_partial:TXF000018-TXF000075;possible_higher_order_or_partial:TXF000019-TXF000075;possible_higher_order_or_partial:TXF000023-TXF000075;possible_higher_order_or_partial:TXF000038-TXF000075;possible_higher_order_or_partial:TXF000047-TXF000075;possible_higher_order_or_partial:TXF000069-TXF000075;possible_higher_order_or_partial:TXF000075-TXF000081;possible_higher_order_or_partial:TXF000075-TXF000218;possible_higher_order_or_partial:TXF000075-TXF000318;possible_higher_order_or_partial:TXF000075-TXF000574;possible_higher_order_or_partial:TXF000075-TXF001517
TXF000076	TXM000076	348	917e1c2fc8658778491c862fd5991088	0.3879	29	419509	0.9131	false	high	operational_monomer_cluster;observed_consensus_representative;uncalibrated_confidence;cluster_identity=0.95;possible_higher_order_or_partial:TXF000003-TXF000076;possible_higher_order_or_partial:TXF000005-TXF000076;possible_higher_order_or_partial:TXF000018-TXF000076;possible_higher_order_or_partial:TXF000038-TXF000076;possible_higher_order_or_partial:TXF000076-TXF000559;possible_higher_order_or_partial:TXF000076-TXF001517;possible_higher_order_or_partial:TXF000076-TXF001518
TXF000077	TXM000077	356	996c98905bebf01d42e73426d66ca2b5	0.3848	29	369851	0.8673	false	medium	operational_monomer_cluster;observed_consensus_representative;uncalibrated_confidence;cluster_identity=0.95;possible_higher_order_or_partial:TXF000030-TXF000077;possible_higher_order_or_partial:TXF000038-TXF000077;possible_higher_order_or_partial:TXF000049-TXF000077;possible_higher_order_or_partial:TXF000077-TXF000081;possible_higher_order_or_partial:TXF000077-TXF000130;possible_higher_order_or_partial:TXF000077-TXF000318;possible_higher_order_or_partial:TXF000077-TXF000573;possible_higher_order_or_partial:TXF000077-TXF001106
TXF000078	TXM000078	982	520ba1c675b19e191e24ca16fb4c5b40	0.3503	29	143788	0.9080	false	high	operational_monomer_cluster;observed_consensus_representative;uncalibrated_confidence;cluster_identity=0.95;possible_higher_order_or_partial:TXF000078-TXF000144;possible_higher_order_or_partial:TXF000078-TXF001266
TXF000079	TXM000079	93	b6d53f622f746f6293085a832e07392d	0.3978	29	5711	0.7936	false	medium	operational_monomer_cluster;observed_consensus_representative;uncalibrated_confidence;cluster_identity=0.95
TXF000080	TXM000080	356	39ed4aafc2989a119190f373fcf90811	0.3820	28	232344	0.8623	false	medium	operational_monomer_cluster;observed_consensus_representative;uncalibrated_confidence;cluster_identity=0.95;possible_higher_order_or_partial:TXF000005-TXF000080;possible_higher_order_or_partial:TXF000018-TXF000080;possible_higher_order_or_partial:TXF000023-TXF000080;possible_higher_order_or_partial:TXF000030-TXF000080;possible_higher_order_or_partial:TXF000038-TXF000080;possible_higher_order_or_partial:TXF000047-TXF000080;possible_higher_order_or_partial:TXF000049-TXF000080;possible_higher_order_or_partial:TXF000069-TXF000080;possible_higher_order_or_partial:TXF000080-TXF000081;possible_higher_order_or_partial:TXF000080-TXF000218;possible_higher_order_or_partial:TXF000080-TXF000318;possible_higher_order_or_partial:TXF000080-TXF000402;possible_higher_order_or_partial:TXF000080-TXF000573;possible_higher_order_or_partial:TXF000080-TXF001517
TXF000081	TXM000081	177	073afe9b5fc50da24323c8678cf3ab7d	0.3672	28	76347	0.8502	false	medium	operational_monomer_cluster;observed_consensus_representative;uncalibrated_confidence;cluster_identity=0.95;possible_higher_order_or_partial:TXF000018-TXF000081;possible_higher_order_or_partial:TXF000019-TXF000081;possible_higher_order_or_partial:TXF000023-TXF000081;possible_higher_order_or_partial:TXF000030-TXF000081;possible_higher_order_or_partial:TXF000038-TXF000081;possible_higher_order_or_partial:TXF000047-TXF000081;possible_higher_order_or_partial:TXF000069-TXF000081;possible_higher_order_or_partial:TXF000075-TXF000081;possible_higher_order_or_partial:TXF000077-TXF000081;possible_higher_order_or_partial:TXF000080-TXF000081;possible_higher_order_or_partial:TXF000081-TXF000088;possible_higher_order_or_partial:TXF000081-TXF000130;possible_higher_order_or_partial:TXF000081-TXF000138;possible_higher_order_or_partial:TXF000081-TXF000170;possible_higher_order_or_partial:TXF000081-TXF000218;possible_higher_order_or_partial:TXF000081-TXF000318;possible_higher_order_or_partial:TXF000081-TXF000406;possible_higher_order_or_partial:TXF000081-TXF000567;possible_higher_order_or_partial:TXF000081-TXF000573;possible_higher_order_or_partial:TXF000081-TXF001517;possible_higher_order_or_partial:TXF000081-TXF001704
TXF000082	TXM000082	66	553a70e39f235a6f4d145f34f75f9dcf	0.5000	28	3834	0.8798	false	medium	operational_monomer_cluster;observed_consensus_representative;uncalibrated_confidence;cluster_identity=0.95
TXF000083	TXM000083	32	514dab0e06dbc36aaf875dac8e56183b	0.5000	28	3336	0.9071	true	medium	operational_monomer_cluster;observed_consensus_representative;uncalibrated_confidence;cluster_identity=0.95;low_complexity_family;likely_redundant:TXF000083-TXF000116;possible_higher_order_or_partial:TXF000083-TXF000127;possible_higher_order_or_partial:TXF000083-TXF000299;possible_higher_order_or_partial:TXF000083-TXF001100;possible_higher_order_or_partial:TXF000083-TXF001422;possible_higher_order_or_partial:TXF000083-TXF002057
TXF000084	TXM000084	84	23c5c865885636e5e49dde9433e542fc	0.4167	27	16217	0.8494	false	medium	operational_monomer_cluster;observed_consensus_representative;uncalibrated_confidence;cluster_identity=0.95;possible_higher_order_or_partial:TXF000021-TXF000084;possible_higher_order_or_partial:TXF000084-TXF000178;possible_higher_order_or_partial:TXF000084-TXF000352;possible_higher_order_or_partial:TXF000084-TXF000855;possible_higher_order_or_partial:TXF000084-TXF001894
TXF000085	TXM000085	54	bc08f71f73ae7ed6b63ffda75395bd9f	0.4259	27	12183	0.8131	false	medium	operational_monomer_cluster;observed_consensus_representative;uncalibrated_confidence;cluster_identity=0.95;possible_higher_order_or_partial:TXF000085-TXF000595;possible_higher_order_or_partial:TXF000085-TXF000625;possible_higher_order_or_partial:TXF000085-TXF000642;possible_higher_order_or_partial:TXF000085-TXF001162;possible_higher_order_or_partial:TXF000085-TXF001187;possible_higher_order_or_partial:TXF000085-TXF001218;possible_higher_order_or_partial:TXF000085-TXF001633;possible_higher_order_or_partial:TXF000085-TXF001663;possible_higher_order_or_partial:TXF000085-TXF001672;possible_higher_order_or_partial:TXF000085-TXF001689
TXF000086	TXM000086	43	92f3ad83a0d3fa0171a3b9f361420f44	0.3023	27	6542	0.9008	false	high	operational_monomer_cluster;observed_consensus_representative;uncalibrated_confidence;cluster_identity=0.95
TXF000087	TXM000087	36	c4de2cbf04efcf2cc6e71b39fbc14dc9	0.3611	27	3664	0.8767	false	medium	operational_monomer_cluster;observed_consensus_representative;uncalibrated_confidence;cluster_identity=0.95;possible_higher_order_or_partial:TXF000087-TXF000149;possible_higher_order_or_partial:TXF000087-TXF000297
TXF000088	TXM000088	889	5c62c6a86d8fcbad10dfa1be3907a1c7	0.3645	26	267153	0.9279	false	high	operational_monomer_cluster;observed_consensus_representative;uncalibrated_confidence;cluster_identity=0.95;possible_higher_order_or_partial:TXF000005-TXF000088;possible_higher_order_or_partial:TXF000018-TXF000088;possible_higher_order_or_partial:TXF000038-TXF000088;possible_higher_order_or_partial:TXF000081-TXF000088;possible_higher_order_or_partial:TXF000088-TXF000573;possible_higher_order_or_partial:TXF000088-TXF001518
TXF000089	TXM000089	82	b16faee1b369c2581289ce173ae249f9	0.4878	26	6091	0.8460	false	medium	operational_monomer_cluster;observed_consensus_representative;uncalibrated_confidence;cluster_identity=0.95;possible_higher_order_or_partial:TXF000089-TXF001352
TXF000090	TXM000090	70	eed862b1e6291080ae25272a359ec2f8	0.5571	26	3828	0.7993	false	medium	operational_monomer_cluster;observed_consensus_representative;uncalibrated_confidence;cluster_identity=0.95;possible_higher_order_or_partial:TXF000090-TXF000980
TXF000091	TXM000091	495	5f88e5aeb6096c1c5330ab47cba305ef	0.3596	25	81358	0.8023	false	medium	operational_monomer_cluster;observed_consensus_representative;uncalibrated_confidence;cluster_identity=0.95;possible_higher_order_or_partial:TXF000070-TXF000091;possible_higher_order_or_partial:TXF000091-TXF000119;possible_higher_order_or_partial:TXF000091-TXF000144;possible_higher_order_or_partial:TXF000091-TXF000570;possible_higher_order_or_partial:TXF000091-TXF000571;possible_higher_order_or_partial:TXF000091-TXF001101;possible_higher_order_or_partial:TXF000091-TXF001523
TXF000092	TXM000092	30	50e2310fad1a78163692956e68094324	0.6000	25	3144	0.8939	false	medium	operational_monomer_cluster;observed_consensus_representative;uncalibrated_confidence;cluster_identity=0.95
TXF000093	TXM000093	52	5a33f486f120a46b77bff02be79fa68e	0.3846	25	2677	0.8624	false	medium	operational_monomer_cluster;observed_consensus_representative;uncalibrated_confidence;cluster_identity=0.95
TXF000094	TXM000094	32	44ec3e7f75f56878e4088e785e0ad595	0.1875	24	6476	0.8221	false	medium	operational_monomer_cluster;observed_consensus_representative;uncalibrated_confidence;cluster_identity=0.95;possible_higher_order_or_partial:TXF000094-TXF000699;possible_higher_order_or_partial:TXF000094-TXF000845;possible_higher_order_or_partial:TXF000094-TXF001132
TXF000095	TXM000095	57	163741078188b81c3247ea06e44610a7	0.3333	24	4081	0.8552	false	medium	operational_monomer_cluster;observed_consensus_representative;uncalibrated_confidence;cluster_identity=0.95
TXF000096	TXM000096	58	97f30812348ae18c2cd6218085b887e3	0.5517	24	3534	0.8058	false	medium	operational_monomer_cluster;observed_consensus_representative;uncalibrated_confidence;cluster_identity=0.95;possible_higher_order_or_partial:TXF000096-TXF000356;possible_higher_order_or_partial:TXF000096-TXF000691;possible_higher_order_or_partial:TXF000096-TXF001289
TXF000097	TXM000097	60	0a70b636d2f8df1c10b8df1d4525ebd5	0.4667	24	2968	0.8288	false	medium	operational_monomer_cluster;observed_consensus_representative;uncalibrated_confidence;cluster_identity=0.95
TXF000098	TXM000098	48	561cafc445944752c97fb4c9a82a3e02	0.6250	23	3264	0.8982	false	medium	operational_monomer_cluster;observed_consensus_representative;uncalibrated_confidence;cluster_identity=0.95;possible_higher_order_or_partial:TXF000098-TXF000252;possible_higher_order_or_partial:TXF000098-TXF001441
TXF000099	TXM000099	48	6531f6dd281144dacb1e2c0b3ca88d98	0.1667	23	2618	0.9038	false	high	operational_monomer_cluster;observed_consensus_representative;uncalibrated_confidence;cluster_identity=0.95
TXF000100	TXM000100	36	7ed61c593fffbdc7d095681b5a6ee9db	0.4444	23	2314	0.9197	false	high	operational_monomer_cluster;observed_consensus_representative;uncalibrated_confidence;cluster_identity=0.95
TXF000101	TXM000101	159	ea0c699c2e67d75f95f27ff1e09e05af	0.3333	22	122701	0.8516	false	medium	operational_monomer_cluster;observed_consensus_representative;uncalibrated_confidence;cluster_identity=0.95;possible_higher_order_or_partial:TXF000101-TXF001082;possible_higher_order_or_partial:TXF000101-TXF001520
TXF000102	TXM000102	113	0e12e82438ec2169a177465891157d11	0.5398	22	9423	0.8167	false	medium	operational_monomer_cluster;observed_consensus_representative;uncalibrated_confidence;cluster_identity=0.95;possible_higher_order_or_partial:TXF000013-TXF000102;possible_higher_order_or_partial:TXF000017-TXF000102;possible_higher_order_or_partial:TXF000022-TXF000102;possible_higher_order_or_partial:TXF000026-TXF000102;possible_higher_order_or_partial:TXF000036-TXF000102;possible_higher_order_or_partial:TXF000058-TXF000102;possible_higher_order_or_partial:TXF000102-TXF000108;possible_higher_order_or_partial:TXF000102-TXF000157;possible_higher_order_or_partial:TXF000102-TXF000173;possible_higher_order_or_partial:TXF000102-TXF000190;possible_higher_order_or_partial:TXF000102-TXF000201;possible_higher_order_or_partial:TXF000102-TXF000217;possible_higher_order_or_partial:TXF000102-TXF000434;possible_higher_order_or_partial:TXF000102-TXF000476;possible_higher_order_or_partial:TXF000102-TXF001136;possible_higher_order_or_partial:TXF000102-TXF001557;possible_higher_order_or_partial:TXF000102-TXF001621;possible_higher_order_or_partial:TXF000102-TXF001793
TXF000103	TXM000103	130	885877ee47a309fe72cf252f8b3bbfc6	0.2538	22	5866	0.8730	false	medium	operational_monomer_cluster;observed_consensus_representative;uncalibrated_confidence;cluster_identity=0.95
TXF000104	TXM000104	35	e42f05d0ed6412f9d9beaff11af28dee	0.4571	22	4036	0.8680	false	medium	operational_monomer_cluster;observed_consensus_representative;uncalibrated_confidence;cluster_identity=0.95
TXF000105	TXM000105	42	ce41e021dae47d0a8ff1a1ccd386774d	0.4286	22	2847	0.8722	false	medium	operational_monomer_cluster;observed_consensus_representative;uncalibrated_confidence;cluster_identity=0.95
TXF000106	TXM000106	499	6a54e50f46358ec5262c50b543604af4	0.3467	21	28863	0.8199	false	medium	operational_monomer_cluster;observed_consensus_representative;uncalibrated_confidence;cluster_identity=0.95;possible_higher_order_or_partial:TXF000106-TXF000144;possible_higher_order_or_partial:TXF000106-TXF001534
TXF000107	TXM000107	468	43cb2c2666ea7826a1107c12d96e70f6	0.3291	21	23271	0.7942	false	medium	operational_monomer_cluster;observed_consensus_representative;uncalibrated_confidence;cluster_identity=0.95;possible_higher_order_or_partial:TXF000107-TXF000144;possible_higher_order_or_partial:TXF000107-TXF001266
TXF000108	TXM000108	175	9c74f8bd318dcd684a0cad4637d1a2ef	0.5829	21	16104	0.8827	false	medium	operational_monomer_cluster;observed_consensus_representative;uncalibrated_confidence;cluster_identity=0.95;possible_higher_order_or_partial:TXF000014-TXF000108;possible_higher_order_or_partial:TXF000022-TXF000108;possible_higher_order_or_partial:TXF000058-TXF000108;possible_higher_order_or_partial:TXF000102-TXF000108;possible_higher_order_or_partial:TXF000108-TXF000201;possible_higher_order_or_partial:TXF000108-TXF000476;possible_higher_order_or_partial:TXF000108-TXF001621
TXF000109	TXM000109	117	824e5274c942347199117213338e2eb8	0.5214	21	5152	0.8124	false	medium	operational_monomer_cluster;observed_consensus_representative;uncalibrated_confidence;cluster_identity=0.95
TXF000110	TXM000110	45	5e5a7240e5cb78c8fe58bba04b989577	0.5333	21	2737	0.8949	false	medium	operational_monomer_cluster;observed_consensus_representative;uncalibrated_confidence;cluster_identity=0.95
TXF000111	TXM000111	46	5a600a2dc8ccf89fb76ca81e45d4c3f9	0.4348	21	2181	0.7963	false	medium	operational_monomer_cluster;observed_consensus_representative;uncalibrated_confidence;cluster_identity=0.95
TXF000112	TXM000112	46	8982e5e6b94b6b0e8d8385f3f3abfc65	0.5870	21	2100	0.7963	false	medium	operational_monomer_cluster;observed_consensus_representative;uncalibrated_confidence;cluster_identity=0.95
TXF000113	TXM000113	648	a5042146f8fdf2939c33a80040cd322a	0.3194	20	307989	0.9622	false	high	operational_monomer_cluster;observed_consensus_representative;uncalibrated_confidence;cluster_identity=0.95
TXF000114	TXM000114	110	0cfe7de796a6ad5c2f61bfc8ba47eead	0.4182	20	9392	0.8420	false	medium	operational_monomer_cluster;observed_consensus_representative;uncalibrated_confidence;cluster_identity=0.95;possible_higher_order_or_partial:TXF000114-TXF001178
TXF000115	TXM000115	33	4a291b4a6af3b0a4870cd4cf9d94b414	0.3939	20	3490	0.8956	false	medium	operational_monomer_cluster;observed_consensus_representative;uncalibrated_confidence;cluster_identity=0.95;possible_higher_order_or_partial:TXF000115-TXF000515
TXF000116	TXM000116	36	73f3b802851d54cce77c522c997c5bb7	0.5000	20	2321	0.8964	true	medium	operational_monomer_cluster;observed_consensus_representative;uncalibrated_confidence;cluster_identity=0.95;low_complexity_family;likely_redundant:TXF000083-TXF000116;likely_redundant:TXF000116-TXF000127;possible_higher_order_or_partial:TXF000116-TXF000299;possible_higher_order_or_partial:TXF000116-TXF001100;possible_higher_order_or_partial:TXF000116-TXF001422;possible_higher_order_or_partial:TXF000116-TXF002057
TXF000117	TXM000117	42	5a74b92f0090c00c90525f23b558de7c	0.3810	20	2317	0.8434	false	medium	operational_monomer_cluster;observed_consensus_representative;uncalibrated_confidence;cluster_identity=0.95
TXF000118	TXM000118	50	79f50a69470c290a632a1872f67a581b	0.3800	20	2030	0.9164	false	high	operational_monomer_cluster;observed_consensus_representative;uncalibrated_confidence;cluster_identity=0.95
TXF000119	TXM000119	496	3a5714fa8f3e5b1f478f635ecd615b3d	0.3609	19	36578	0.7966	false	medium	operational_monomer_cluster;observed_consensus_representative;uncalibrated_confidence;cluster_identity=0.95;possible_higher_order_or_partial:TXF000070-TXF000119;possible_higher_order_or_partial:TXF000091-TXF000119;possible_higher_order_or_partial:TXF000119-TXF000144;possible_higher_order_or_partial:TXF000119-TXF000317;possible_higher_order_or_partial:TXF000119-TXF000570;possible_higher_order_or_partial:TXF000119-TXF000571;possible_higher_order_or_partial:TXF000119-TXF001101;possible_higher_order_or_partial:TXF000119-TXF001266;possible_higher_order_or_partial:TXF000119-TXF001523
TXF000120	TXM000120	497	dcda55d882573a67ac0673abeac4bcff	0.3421	19	24569	0.8271	false	medium	operational_monomer_cluster;observed_consensus_representative;uncalibrated_confidence;cluster_identity=0.95;possible_higher_order_or_partial:TXF000120-TXF000144;possible_higher_order_or_partial:TXF000120-TXF001534
TXF000121	TXM000121	54	2f219a71f68ae1b579c97d6c70e29f6c	0.4815	19	9266	0.8262	false	medium	operational_monomer_cluster;observed_consensus_representative;uncalibrated_confidence;cluster_identity=0.95;possible_higher_order_or_partial:TXF000121-TXF000595;possible_higher_order_or_partial:TXF000121-TXF001663
TXF000122	TXM000122	212	c3738a3a19002e57728229cd57516e4e	0.3585	19	8246	0.8771	false	medium	operational_monomer_cluster;observed_consensus_representative;uncalibrated_confidence;cluster_identity=0.95
TXF000123	TXM000123	182	23b30249de1a384e363672fc59a3943a	0.3407	19	6927	0.7928	false	medium	operational_monomer_cluster;observed_consensus_representative;uncalibrated_confidence;cluster_identity=0.95
TXF000124	TXM000124	48	a08e8dc8b9d71d7ce8b6ee26a052f126	0.4583	19	6599	0.8204	false	medium	operational_monomer_cluster;observed_consensus_representative;uncalibrated_confidence;cluster_identity=0.95;possible_higher_order_or_partial:TXF000124-TXF000227;possible_higher_order_or_partial:TXF000124-TXF001215
TXF000125	TXM000125	82	e7fcde6385d79207445558bc13386ea6	0.4878	19	4036	0.8487	false	medium	operational_monomer_cluster;observed_consensus_representative;uncalibrated_confidence;cluster_identity=0.95;possible_higher_order_or_partial:TXF000125-TXF000180;possible_higher_order_or_partial:TXF000125-TXF001221
TXF000126	TXM000126	37	63e50428bce29e5a281bcad3715f968f	0.3514	19	2764	0.8691	false	medium	operational_monomer_cluster;observed_consensus_representative;uncalibrated_confidence;cluster_identity=0.95
TXF000127	TXM000127	42	44179409e0f72f592cd0473c2c6496ff	0.5000	19	2395	0.9181	true	medium	operational_monomer_cluster;observed_consensus_representative;uncalibrated_confidence;cluster_identity=0.95;low_complexity_family;possible_higher_order_or_partial:TXF000083-TXF000127;likely_redundant:TXF000116-TXF000127;likely_redundant:TXF000127-TXF000299;possible_higher_order_or_partial:TXF000127-TXF001100;likely_redundant:TXF000127-TXF001422
TXF000128	TXM000128	56	82165f0a171e4e1978d08ba2c30cd2e6	0.3750	19	2186	0.9145	false	high	operational_monomer_cluster;observed_consensus_representative;uncalibrated_confidence;cluster_identity=0.95
TXF000129	TXM000129	48	bc130b091815988f2bcf073f4e4828c0	0.5833	19	2067	0.8303	false	medium	operational_monomer_cluster;observed_consensus_representative;uncalibrated_confidence;cluster_identity=0.95;possible_higher_order_or_partial:TXF000129-TXF000252;possible_higher_order_or_partial:TXF000129-TXF001441
TXF000130	TXM000130	884	d213ea9b14a095ac3a78949fedd16dfa	0.3778	18	301236	0.8914	false	medium	operational_monomer_cluster;observed_consensus_representative;uncalibrated_confidence;cluster_identity=0.95;possible_higher_order_or_partial:TXF000030-TXF000130;possible_higher_order_or_partial:TXF000038-TXF000130;possible_higher_order_or_partial:TXF000077-TXF000130;possible_higher_order_or_partial:TXF000081-TXF000130;possible_higher_order_or_partial:TXF000130-TXF000170;possible_higher_order_or_partial:TXF000130-TXF000573
TXF000131	TXM000131	481	50b495d08b21c109f172fb2708c33d4e	0.3534	18	41669	0.8171	false	medium	operational_monomer_cluster;observed_consensus_representative;uncalibrated_confidence;cluster_identity=0.95;possible_higher_order_or_partial:TXF000131-TXF000144;possible_higher_order_or_partial:TXF000131-TXF001266
TXF000132	TXM000132	75	333e7023d0c782d26f5c0ab4868113d0	0.5333	18	32358	0.9084	false	high	operational_monomer_cluster;observed_consensus_representative;uncalibrated_confidence;cluster_identity=0.95
TXF000133	TXM000133	199	5481ff75853871e247f8a624a749e002	0.2462	18	7370	0.9101	false	high	operational_monomer_cluster;observed_consensus_representative;uncalibrated_confidence;cluster_identity=0.95
TXF000134	TXM000134	84	bd1879e8dae2da0f97bb6c2f3e62f6ec	0.2857	18	5647	0.9327	false	high	operational_monomer_cluster;observed_consensus_representative;uncalibrated_confidence;cluster_identity=0.95
TXF000135	TXM000135	103	6b31eddcb42885e72f8bc8221ab529a0	0.5631	18	4111	0.7968	false	medium	operational_monomer_cluster;observed_consensus_representative;uncalibrated_confidence;cluster_identity=0.95;possible_higher_order_or_partial:TXF000001-TXF000135;possible_higher_order_or_partial:TXF000014-TXF000135;possible_higher_order_or_partial:TXF000017-TXF000135;possible_higher_order_or_partial:TXF000067-TXF000135;possible_higher_order_or_partial:TXF000135-TXF000157;possible_higher_order_or_partial:TXF000135-TXF000220;possible_higher_order_or_partial:TXF000135-TXF000223;possible_higher_order_or_partial:TXF000135-TXF001121;possible_higher_order_or_partial:TXF000135-TXF001582
TXF000136	TXM000136	53	d63cb6699ca5944c66969daa9fd9bdb0	0.3774	18	3319	0.9135	false	high	operational_monomer_cluster;observed_consensus_representative;uncalibrated_confidence;cluster_identity=0.95;possible_higher_order_or_partial:TXF000136-TXF000663
TXF000137	TXM000137	355	a2ccf1ac8745617e0f1494bdee559af4	0.3239	17	287294	0.8893	false	medium	operational_monomer_cluster;observed_consensus_representative;uncalibrated_confidence;cluster_identity=0.95
TXF000138	TXM000138	856	a82f9c60e642327ac88c60044063a395	0.3528	17	141538	0.9554	false	high	operational_monomer_cluster;observed_consensus_representative;uncalibrated_confidence;cluster_identity=0.95;possible_higher_order_or_partial:TXF000005-TXF000138;possible_higher_order_or_partial:TXF000018-TXF000138;possible_higher_order_or_partial:TXF000038-TXF000138;possible_higher_order_or_partial:TXF000081-TXF000138;possible_higher_order_or_partial:TXF000138-TXF000218;possible_higher_order_or_partial:TXF000138-TXF000318
TXF000139	TXM000139	501	2e8755a9938c96a6a155c250b1ada2f2	0.3573	17	27683	0.8084	false	medium	operational_monomer_cluster;observed_consensus_representative;uncalibrated_confidence;cluster_identity=0.95;possible_higher_order_or_partial:TXF000139-TXF000144
TXF000140	TXM000140	199	83a07ad4f5390f7da54f06e24d74b73b	0.3568	17	9833	0.8519	false	medium	operational_monomer_cluster;observed_consensus_representative;uncalibrated_confidence;cluster_identity=0.95
TXF000141	TXM000141	105	84f9a01dcaa69af3da55a0288e273af1	0.3619	17	7647	0.8192	false	medium	operational_monomer_cluster;observed_consensus_representative;uncalibrated_confidence;cluster_identity=0.95;possible_higher_order_or_partial:TXF000141-TXF000344
TXF000142	TXM000142	98	bee749e2873956e6df36528f6a5ee779	0.2959	17	5629	0.8931	false	medium	operational_monomer_cluster;observed_consensus_representative;uncalibrated_confidence;cluster_identity=0.95;possible_higher_order_or_partial:TXF000142-TXF000334
TXF000143	TXM000143	132	77a881c67b403e966c11817947deb1cb	0.2121	17	4545	0.9137	false	high	operational_monomer_cluster;observed_consensus_representative;uncalibrated_confidence;cluster_identity=0.95
TXF000144	TXM000144	35	b9a15b507ddbfda18f7696ed514333a1	0.4286	17	4021	0.8549	false	medium	operational_monomer_cluster;observed_consensus_representative;uncalibrated_confidence;cluster_identity=0.95;possible_higher_order_or_partial:TXF000042-TXF000144;possible_higher_order_or_partial:TXF000070-TXF000144;possible_higher_order_or_partial:TXF000078-TXF000144;possible_higher_order_or_partial:TXF000091-TXF000144;possible_higher_order_or_partial:TXF000106-TXF000144;possible_higher_order_or_partial:TXF000107-TXF000144;possible_higher_order_or_partial:TXF000119-TXF000144;possible_higher_order_or_partial:TXF000120-TXF000144;possible_higher_order_or_partial:TXF000131-TXF000144;possible_higher_order_or_partial:TXF000139-TXF000144;possible_higher_order_or_partial:TXF000144-TXF000171;possible_higher_order_or_partial:TXF000144-TXF000261;possible_higher_order_or_partial:TXF000144-TXF000262;possible_higher_order_or_partial:TXF000144-TXF000263;possible_higher_order_or_partial:TXF000144-TXF000286;possible_higher_order_or_partial:TXF000144-TXF000316;possible_higher_order_or_partial:TXF000144-TXF000317;possible_higher_order_or_partial:TXF000144-TXF000320;possible_higher_order_or_partial:TXF000144-TXF000408;possible_higher_order_or_partial:TXF000144-TXF000450;possible_higher_order_or_partial:TXF000144-TXF000558;possible_higher_order_or_partial:TXF000144-TXF000564;possible_higher_order_or_partial:TXF000144-TXF000566;possible_higher_order_or_partial:TXF000144-TXF000570;possible_higher_order_or_partial:TXF000144-TXF000571;possible_higher_order_or_partial:TXF000144-TXF000575;possible_higher_order_or_partial:TXF000144-TXF000582;possible_higher_order_or_partial:TXF000144-TXF000583;possible_higher_order_or_partial:TXF000144-TXF000650;possible_higher_order_or_partial:TXF000144-TXF000809;possible_higher_order_or_partial:TXF000144-TXF000810;possible_higher_order_or_partial:TXF000144-TXF000811;possible_higher_order_or_partial:TXF000144-TXF000812;possible_higher_order_or_partial:TXF000144-TXF000814;possible_higher_order_or_partial:TXF000144-TXF000819;possible_higher_order_or_partial:TXF000144-TXF000824;possible_higher_order_or_partial:TXF000144-TXF000825;possible_higher_order_or_partial:TXF000144-TXF000826;possible_higher_order_or_partial:TXF000144-TXF000829;possible_higher_order_or_partial:TXF000144-TXF000830;possible_higher_order_or_partial:TXF000144-TXF000831;possible_higher_order_or_partial:TXF000144-TXF000844;possible_higher_order_or_partial:TXF000144-TXF001084;possible_higher_order_or_partial:TXF000144-TXF001087;possible_higher_order_or_partial:TXF000144-TXF001090;possible_higher_order_or_partial:TXF000144-TXF001092;possible_higher_order_or_partial:TXF000144-TXF001093;possible_higher_order_or_partial:TXF000144-TXF001094;possible_higher_order_or_partial:TXF000144-TXF001095;possible_higher_order_or_partial:TXF000144-TXF001101;possible_higher_order_or_partial:TXF000144-TXF001103;possible_higher_order_or_partial:TXF000144-TXF001105;possible_higher_order_or_partial:TXF000144-TXF001107;possible_higher_order_or_partial:TXF000144-TXF001110;possible_higher_order_or_partial:TXF000144-TXF001117;possible_higher_order_or_partial:TXF000144-TXF001122;possible_higher_order_or_partial:TXF000144-TXF001126;possible_higher_order_or_partial:TXF000144-TXF001127;possible_higher_order_or_partial:TXF000144-TXF001204;likely_redundant:TXF000144-TXF001266;possible_higher_order_or_partial:TXF000144-TXF001523;possible_higher_order_or_partial:TXF000144-TXF001525;possible_higher_order_or_partial:TXF000144-TXF001526;possible_higher_order_or_partial:TXF000144-TXF001527;possible_higher_order_or_partial:TXF000144-TXF001528;possible_higher_order_or_partial:TXF000144-TXF001531;possible_higher_order_or_partial:TXF000144-TXF001532;possible_higher_order_or_partial:TXF000144-TXF001533;possible_higher_order_or_partial:TXF000144-TXF001534;possible_higher_order_or_partial:TXF000144-TXF001535;possible_higher_order_or_partial:TXF000144-TXF001536;possible_higher_order_or_partial:TXF000144-TXF001537;possible_higher_order_or_partial:TXF000144-TXF001540;possible_higher_order_or_partial:TXF000144-TXF001542;possible_higher_order_or_partial:TXF000144-TXF001544;possible_higher_order_or_partial:TXF000144-TXF001549;possible_higher_order_or_partial:TXF000144-TXF001554;possible_higher_order_or_partial:TXF000144-TXF001555;possible_higher_order_or_partial:TXF000144-TXF001556;possible_higher_order_or_partial:TXF000144-TXF001558;possible_higher_order_or_partial:TXF000144-TXF001562;possible_higher_order_or_partial:TXF000144-TXF001564;possible_higher_order_or_partial:TXF000144-TXF001574;possible_higher_order_or_partial:TXF000144-TXF001576;possible_higher_order_or_partial:TXF000144-TXF001581;possible_higher_order_or_partial:TXF000144-TXF001585;possible_higher_order_or_partial:TXF000144-TXF001591;possible_higher_order_or_partial:TXF000144-TXF001596;possible_higher_order_or_partial:TXF000144-TXF001598;possible_higher_order_or_partial:TXF000144-TXF001619
TXF000145	TXM000145	79	78a8853400c497e5388a96014b26087e	0.3671	16	7223	0.8176	false	medium	operational_monomer_cluster;observed_consensus_representative;uncalibrated_confidence;cluster_identity=0.95;possible_higher_order_or_partial:TXF000145-TXF000156;possible_higher_order_or_partial:TXF000145-TXF000853;possible_higher_order_or_partial:TXF000145-TXF001630
TXF000146	TXM000146	219	d2e5964b3b2ad6fec66626bcd9672ae3	0.1416	16	7144	0.9375	false	high	operational_monomer_cluster;observed_consensus_representative;uncalibrated_confidence;cluster_identity=0.95;possible_higher_order_or_partial:TXF000146-TXF000626
TXF000147	TXM000147	151	133dd6cad0e7b5a71b34f3d42d0e085c	0.4238	16	5312	0.9017	false	high	operational_monomer_cluster;observed_consensus_representative;uncalibrated_confidence;cluster_identity=0.95;possible_higher_order_or_partial:TXF000147-TXF000530;possible_higher_order_or_partial:TXF000147-TXF000960
TXF000148	TXM000148	99	4eaa588598e9e9ce042d4d9456ecc2f8	0.4444	16	3257	0.9680	false	high	operational_monomer_cluster;observed_consensus_representative;uncalibrated_confidence;cluster_identity=0.95
TXF000149	TXM000149	36	b0b7e4197e6cdb4d064e55226b4f7d5a	0.3056	16	3043	0.8911	false	medium	operational_monomer_cluster;observed_consensus_representative;uncalibrated_confidence;cluster_identity=0.95;possible_higher_order_or_partial:TXF000087-TXF000149;possible_higher_order_or_partial:TXF000149-TXF000297
TXF000150	TXM000150	58	78c2a4c3a9f59c441a2451763e41cdf7	0.4483	16	2618	0.8622	false	medium	operational_monomer_cluster;observed_consensus_representative;uncalibrated_confidence;cluster_identity=0.95
TXF000151	TXM000151	53	cb7f84a59a173a1ec40f4e52a9b6dd3d	0.3019	16	2543	0.8548	false	medium	operational_monomer_cluster;observed_consensus_representative;uncalibrated_confidence;cluster_identity=0.95
TXF000152	TXM000152	36	d155fce8fcb1b50f79dd0c43e3c3dcce	0.4444	16	1600	0.8623	false	medium	operational_monomer_cluster;observed_consensus_representative;uncalibrated_confidence;cluster_identity=0.95
TXF000153	TXM000153	447	855a4eaddcc34031e4e751cbf870a2ad	0.2886	15	96283	0.9203	false	high	operational_monomer_cluster;observed_consensus_representative;uncalibrated_confidence;cluster_identity=0.95
TXF000154	TXM000154	691	26a70eb243cd649737a93351232bb1fe	0.3734	15	45176	0.9491	false	high	operational_monomer_cluster;observed_consensus_representative;uncalibrated_confidence;cluster_identity=0.95;possible_higher_order_or_partial:TXF000005-TXF000154;possible_higher_order_or_partial:TXF000018-TXF000154;possible_higher_order_or_partial:TXF000019-TXF000154;possible_higher_order_or_partial:TXF000023-TXF000154;possible_higher_order_or_partial:TXF000038-TXF000154;possible_higher_order_or_partial:TXF000061-TXF000154;possible_higher_order_or_partial:TXF000154-TXF001518
TXF000155	TXM000155	180	438a1f44818f5fa7bfbe0708b4c39183	0.4056	15	9063	0.8279	false	medium	operational_monomer_cluster;observed_consensus_representative;uncalibrated_confidence;cluster_identity=0.95;possible_higher_order_or_partial:TXF000155-TXF001652
TXF000156	TXM000156	79	a9447c65ba4b8aa41541d294b8dfbeb2	0.3544	15	8428	0.8108	false	medium	operational_monomer_cluster;observed_consensus_representative;uncalibrated_confidence;cluster_identity=0.95;possible_higher_order_or_partial:TXF000145-TXF000156;possible_higher_order_or_partial:TXF000156-TXF001669
TXF000157	TXM000157	228	b0dd5a64edc0aae424c60134fed266cb	0.5702	15	8013	0.9300	false	high	operational_monomer_cluster;observed_consensus_representative;uncalibrated_confidence;cluster_identity=0.95;possible_higher_order_or_partial:TXF000017-TXF000157;possible_higher_order_or_partial:TXF000022-TXF000157;possible_higher_order_or_partial:TXF000058-TXF000157;possible_higher_order_or_partial:TXF000102-TXF000157;possible_higher_order_or_partial:TXF000135-TXF000157;possible_higher_order_or_partial:TXF000157-TXF000173;possible_higher_order_or_partial:TXF000157-TXF000220;possible_higher_order_or_partial:TXF000157-TXF001121;possible_higher_order_or_partial:TXF000157-TXF001136;possible_higher_order_or_partial:TXF000157-TXF001621;possible_higher_order_or_partial:TXF000157-TXF001793
TXF000158	TXM000158	186	f5c3a56347b3c8765af552d4f42d9e42	0.2796	15	6580	0.9167	false	high	operational_monomer_cluster;observed_consensus_representative;uncalibrated_confidence;cluster_identity=0.95;possible_higher_order_or_partial:TXF000158-TXF000230;possible_higher_order_or_partial:TXF000158-TXF000333
TXF000159	TXM000159	88	b039c1e3f662fdd82620924acd0f41f1	0.2159	15	3996	0.8306	false	medium	operational_monomer_cluster;observed_consensus_representative;uncalibrated_confidence;cluster_identity=0.95
TXF000160	TXM000160	40	ad3efb3159921a5ab7982a0ccf5966f6	0.3000	15	3949	0.8785	false	medium	operational_monomer_cluster;observed_consensus_representative;uncalibrated_confidence;cluster_identity=0.95
TXF000161	TXM000161	69	690a5dd86e7fc0e5533961a706ed22d8	0.4058	15	3838	0.8647	false	medium	operational_monomer_cluster;observed_consensus_representative;uncalibrated_confidence;cluster_identity=0.95
TXF000162	TXM000162	48	8064d2fa60c34b32254e38f8e6564747	0.4375	15	3012	0.8045	false	medium	operational_monomer_cluster;observed_consensus_representative;uncalibrated_confidence;cluster_identity=0.95
TXF000163	TXM000163	63	376cf803d04e53a992cee5f0a432ca3c	0.3810	15	2952	0.9090	false	high	operational_monomer_cluster;observed_consensus_representative;uncalibrated_confidence;cluster_identity=0.95
TXF000164	TXM000164	42	5b8dbf0f15d1db36fe8528c59ab35e70	0.3333	15	2944	0.8499	false	medium	operational_monomer_cluster;observed_consensus_representative;uncalibrated_confidence;cluster_identity=0.95;possible_higher_order_or_partial:TXF000164-TXF001985
TXF000165	TXM000165	33	0a019494df93374980ada3ace2bdf62d	0.3333	15	2228	0.8684	false	medium	operational_monomer_cluster;observed_consensus_representative;uncalibrated_confidence;cluster_identity=0.95;possible_higher_order_or_partial:TXF000165-TXF000932;possible_higher_order_or_partial:TXF000165-TXF001465
TXF000166	TXM000166	50	bd11030552cece79a4b57a021cf2a0db	0.4200	15	1988	0.9058	false	high	operational_monomer_cluster;observed_consensus_representative;uncalibrated_confidence;cluster_identity=0.95;possible_higher_order_or_partial:TXF000166-TXF001797
TXF000167	TXM000167	56	1b3dfc8e6497912430abe99cd4b1f3b8	0.4107	15	1877	0.9445	false	high	operational_monomer_cluster;observed_consensus_representative;uncalibrated_confidence;cluster_identity=0.95
TXF000168	TXM000168	45	d8471b9484a58feaaf53369173148720	0.5333	15	1707	0.7851	false	medium	operational_monomer_cluster;observed_consensus_representative;uncalibrated_confidence;cluster_identity=0.95;possible_higher_order_or_partial:TXF000168-TXF002006
TXF000169	TXM000169	48	40fe9bd6b3b081a8bdd798bb7da32ce1	0.2083	15	1613	0.8408	false	medium	operational_monomer_cluster;observed_consensus_representative;uncalibrated_confidence;cluster_identity=0.95;possible_higher_order_or_partial:TXF000169-TXF000784
TXF000170	TXM000170	534	eae3ae6002df82d61583d3782eed3ebb	0.3876	14	140978	0.8614	false	medium	operational_monomer_cluster;observed_consensus_representative;uncalibrated_confidence;cluster_identity=0.95;possible_higher_order_or_partial:TXF000018-TXF000170;possible_higher_order_or_partial:TXF000030-TXF000170;possible_higher_order_or_partial:TXF000038-TXF000170;possible_higher_order_or_partial:TXF000061-TXF000170;possible_higher_order_or_partial:TXF000081-TXF000170;possible_higher_order_or_partial:TXF000130-TXF000170;possible_higher_order_or_partial:TXF000170-TXF000318;possible_higher_order_or_partial:TXF000170-TXF000573
TXF000171	TXM000171	508	028145f020f3bf7b81d91750834dfde2	0.3543	14	59446	0.8357	false	medium	operational_monomer_cluster;observed_consensus_representative;uncalibrated_confidence;cluster_identity=0.95;possible_higher_order_or_partial:TXF000144-TXF000171
TXF000172	TXM000172	568	530249dd0b5417847e6568fe0d38dfce	0.3715	14	45461	0.9614	false	high	operational_monomer_cluster;observed_consensus_representative;uncalibrated_confidence;cluster_identity=0.95;possible_higher_order_or_partial:TXF000003-TXF000172;possible_higher_order_or_partial:TXF000004-TXF000172;possible_higher_order_or_partial:TXF000005-TXF000172;possible_higher_order_or_partial:TXF000010-TXF000172;possible_higher_order_or_partial:TXF000018-TXF000172;possible_higher_order_or_partial:TXF000172-TXF000402;possible_higher_order_or_partial:TXF000172-TXF000569;possible_higher_order_or_partial:TXF000172-TXF000574;possible_higher_order_or_partial:TXF000172-TXF001524
TXF000173	TXM000173	41	7267da05103b4aa9f0c2ae9793369f18	0.6341	14	9696	0.8185	false	medium	operational_monomer_cluster;observed_consensus_representative;uncalibrated_confidence;cluster_identity=0.95;possible_higher_order_or_partial:TXF000013-TXF000173;possible_higher_order_or_partial:TXF000017-TXF000173;possible_higher_order_or_partial:TXF000026-TXF000173;possible_higher_order_or_partial:TXF000028-TXF000173;possible_higher_order_or_partial:TXF000035-TXF000173;possible_higher_order_or_partial:TXF000036-TXF000173;possible_higher_order_or_partial:TXF000058-TXF000173;possible_higher_order_or_partial:TXF000067-TXF000173;possible_higher_order_or_partial:TXF000102-TXF000173;possible_higher_order_or_partial:TXF000157-TXF000173;possible_higher_order_or_partial:TXF000173-TXF000190;possible_higher_order_or_partial:TXF000173-TXF000201;possible_higher_order_or_partial:TXF000173-TXF000217;possible_higher_order_or_partial:TXF000173-TXF000232;possible_higher_order_or_partial:TXF000173-TXF000279;possible_higher_order_or_partial:TXF000173-TXF000434;possible_higher_order_or_partial:TXF000173-TXF000612;possible_higher_order_or_partial:TXF000173-TXF000908;possible_higher_order_or_partial:TXF000173-TXF001136;possible_higher_order_or_partial:TXF000173-TXF001180;possible_higher_order_or_partial:TXF000173-TXF001557;possible_higher_order_or_partial:TXF000173-TXF001582;possible_higher_order_or_partial:TXF000173-TXF001793
TXF000174	TXM000174	161	e42e7b93299f6f685ef407756da55005	0.2919	14	9131	0.8330	false	medium	operational_monomer_cluster;observed_consensus_representative;uncalibrated_confidence;cluster_identity=0.95
TXF000175	TXM000175	244	ae31cf4008abb37375055ebf86b6d4c1	0.4877	14	8467	0.9579	false	high	operational_monomer_cluster;observed_consensus_representative;uncalibrated_confidence;cluster_identity=0.95
TXF000176	TXM000176	190	d818a1dd27f8c593c2b12fae87282572	0.3526	14	7568	0.9214	false	high	operational_monomer_cluster;observed_consensus_representative;uncalibrated_confidence;cluster_identity=0.95
TXF000177	TXM000177	82	b64a0d5f5d7f815706d4c069acad3ef4	0.4390	14	5683	0.8983	false	medium	operational_monomer_cluster;observed_consensus_representative;uncalibrated_confidence;cluster_identity=0.95;possible_higher_order_or_partial:TXF000062-TXF000177;possible_higher_order_or_partial:TXF000177-TXF001769
TXF000178	TXM000178	56	caaef7d95ebdc34cd299e5a862741f6d	0.4464	14	3866	0.8528	false	medium	operational_monomer_cluster;observed_consensus_representative;uncalibrated_confidence;cluster_identity=0.95;possible_higher_order_or_partial:TXF000021-TXF000178;possible_higher_order_or_partial:TXF000084-TXF000178;possible_higher_order_or_partial:TXF000178-TXF000269;possible_higher_order_or_partial:TXF000178-TXF000328;possible_higher_order_or_partial:TXF000178-TXF000352;possible_higher_order_or_partial:TXF000178-TXF001157;possible_higher_order_or_partial:TXF000178-TXF001609
TXF000179	TXM000179	117	6e9adadc2dfc4133adc04b4a097833c7	0.4017	14	3316	0.9113	false	high	operational_monomer_cluster;observed_consensus_representative;uncalibrated_confidence;cluster_identity=0.95
TXF000180	TXM000180	82	2a5b58d55f63227d387f9b3916670bc3	0.4878	14	3313	0.8388	false	medium	operational_monomer_cluster;observed_consensus_representative;uncalibrated_confidence;cluster_identity=0.95;possible_higher_order_or_partial:TXF000125-TXF000180;possible_higher_order_or_partial:TXF000180-TXF001221
TXF000181	TXM000181	82	225a6b6ac9b1530a60cf88621bee43d3	0.2927	14	3262	0.8629	false	medium	operational_monomer_cluster;observed_consensus_representative;uncalibrated_confidence;cluster_identity=0.95
TXF000182	TXM000182	31	c88983947bf2ad672ee2070189d708be	0.6452	14	2900	0.8813	false	medium	operational_monomer_cluster;observed_consensus_representative;uncalibrated_confidence;cluster_identity=0.95
TXF000183	TXM000183	49	99f8fe89b20c6c53698b0dea05e9f1d2	0.5102	14	2725	0.8054	false	medium	operational_monomer_cluster;observed_consensus_representative;uncalibrated_confidence;cluster_identity=0.95
TXF000184	TXM000184	55	ecfb99c7c115fa6f05a651aaaad92e26	0.3273	14	2466	0.8104	false	medium	operational_monomer_cluster;observed_consensus_representative;uncalibrated_confidence;cluster_identity=0.95
TXF000185	TXM000185	72	d0299c966267b88775dab107c6acd720	0.3194	14	2388	0.9724	false	high	operational_monomer_cluster;observed_consensus_representative;uncalibrated_confidence;cluster_identity=0.95
TXF000186	TXM000186	48	c2158d52747b72ea7e6a4b45db669f5b	0.4167	14	1434	0.8479	false	medium	operational_monomer_cluster;observed_consensus_representative;uncalibrated_confidence;cluster_identity=0.95
TXF000187	TXM000187	46	486dcafc34c4896762274845c9f1306a	0.3478	14	1434	0.8270	false	medium	operational_monomer_cluster;observed_consensus_representative;uncalibrated_confidence;cluster_identity=0.95
TXF000188	TXM000188	42	48c5b21ce68a928e4077f6260b7f3b5b	0.5714	14	1426	0.9131	false	high	operational_monomer_cluster;observed_consensus_representative;uncalibrated_confidence;cluster_identity=0.95
TXF000189	TXM000189	30	534f19e86f380e616a382df1333c4ae3	0.4667	14	1416	0.8967	false	medium	operational_monomer_cluster;observed_consensus_representative;uncalibrated_confidence;cluster_identity=0.95
TXF000190	TXM000190	943	779e8901ae7bced08cadd68da66da0de	0.5111	13	47233	0.9661	false	high	operational_monomer_cluster;observed_consensus_representative;uncalibrated_confidence;cluster_identity=0.95;possible_higher_order_or_partial:TXF000013-TXF000190;possible_higher_order_or_partial:TXF000017-TXF000190;possible_higher_order_or_partial:TXF000022-TXF000190;possible_higher_order_or_partial:TXF000026-TXF000190;possible_higher_order_or_partial:TXF000028-TXF000190;possible_higher_order_or_partial:TXF000035-TXF000190;possible_higher_order_or_partial:TXF000036-TXF000190;possible_higher_order_or_partial:TXF000058-TXF000190;possible_higher_order_or_partial:TXF000102-TXF000190;possible_higher_order_or_partial:TXF000173-TXF000190;possible_higher_order_or_partial:TXF000190-TXF000201;possible_higher_order_or_partial:TXF000190-TXF000434;possible_higher_order_or_partial:TXF000190-TXF000476;possible_higher_order_or_partial:TXF000190-TXF000908;possible_higher_order_or_partial:TXF000190-TXF001136;possible_higher_order_or_partial:TXF000190-TXF001621
TXF000191	TXM000191	243	493cba24d24ec599f34e63357668eaf3	0.3951	13	32816	0.8720	false	medium	operational_monomer_cluster;observed_consensus_representative;uncalibrated_confidence;cluster_identity=0.95
TXF000192	TXM000192	422	d0b5e84684413216e02c8841949486ab	0.2062	13	13729	0.9657	false	high	operational_monomer_cluster;observed_consensus_representative;uncalibrated_confidence;cluster_identity=0.95;possible_higher_order_or_partial:TXF000192-TXF001463
TXF000193	TXM000193	293	8bdfe85285b1b60f4e9de12356f8e437	0.3106	13	9342	0.9001	false	high	operational_monomer_cluster;observed_consensus_representative;uncalibrated_confidence;cluster_identity=0.95;possible_higher_order_or_partial:TXF000029-TXF000193;possible_higher_order_or_partial:TXF000193-TXF001381;possible_higher_order_or_partial:TXF000193-TXF001759
TXF000194	TXM000194	328	244d1b304f89196cdac075ca2efc5d8a	0.2500	13	8724	0.8941	false	medium	operational_monomer_cluster;observed_consensus_representative;uncalibrated_confidence;cluster_identity=0.95
TXF000195	TXM000195	50	1f048209b329c5a583c9c09a015bbaba	0.3400	13	5709	0.8916	false	medium	operational_monomer_cluster;observed_consensus_representative;uncalibrated_confidence;cluster_identity=0.95
TXF000196	TXM000196	84	76949eb177248b511bd0d879e8e0072d	0.4643	13	5554	0.9495	false	high	operational_monomer_cluster;observed_consensus_representative;uncalibrated_confidence;cluster_identity=0.95
TXF000197	TXM000197	47	264973cb006555faada161a7613bf13c	0.2766	13	5382	0.8500	false	medium	operational_monomer_cluster;observed_consensus_representative;uncalibrated_confidence;cluster_identity=0.95
TXF000198	TXM000198	197	f67958b3eb7188f2e2c4e516c662bae9	0.3249	13	5266	0.8175	false	medium	operational_monomer_cluster;observed_consensus_representative;uncalibrated_confidence;cluster_identity=0.95
TXF000199	TXM000199	187	b1507be56d766614f17b943158f7b81c	0.3690	13	5074	0.8601	false	medium	operational_monomer_cluster;observed_consensus_representative;uncalibrated_confidence;cluster_identity=0.95
TXF000200	TXM000200	32	9fc5e49e876987ac948f4228134d8d0a	0.3438	13	3664	0.8618	false	medium	operational_monomer_cluster;observed_consensus_representative;uncalibrated_confidence;cluster_identity=0.95;possible_higher_order_or_partial:TXF000200-TXF001661
TXF000201	TXM000201	116	44bc6d35a1d40ad5cd541123c1665387	0.5690	13	3502	0.8210	false	medium	operational_monomer_cluster;observed_consensus_representative;uncalibrated_confidence;cluster_identity=0.95;possible_higher_order_or_partial:TXF000013-TXF000201;possible_higher_order_or_partial:TXF000017-TXF000201;possible_higher_order_or_partial:TXF000022-TXF000201;possible_higher_order_or_partial:TXF000036-TXF000201;possible_higher_order_or_partial:TXF000058-TXF000201;possible_higher_order_or_partial:TXF000102-TXF000201;possible_higher_order_or_partial:TXF000108-TXF000201;possible_higher_order_or_partial:TXF000173-TXF000201;possible_higher_order_or_partial:TXF000190-TXF000201;possible_higher_order_or_partial:TXF000201-TXF000217;possible_higher_order_or_partial:TXF000201-TXF000434;possible_higher_order_or_partial:TXF000201-TXF000476;possible_higher_order_or_partial:TXF000201-TXF000612;possible_higher_order_or_partial:TXF000201-TXF001136;possible_higher_order_or_partial:TXF000201-TXF001621;possible_higher_order_or_partial:TXF000201-TXF001793
TXF000202	TXM000202	119	15042c60e3c39cb66c8218ad66a73471	0.3866	13	3158	0.9901	false	high	operational_monomer_cluster;observed_consensus_representative;uncalibrated_confidence;cluster_identity=0.95
TXF000203	TXM000203	114	ccb1bdc2813db3f73770332774a0774c	0.3158	13	3082	0.9819	false	high	operational_monomer_cluster;observed_consensus_representative;uncalibrated_confidence;cluster_identity=0.95
TXF000204	TXM000204	99	9f479301bfafb4d0e71a9c36708d758e	0.3333	13	2977	0.9069	false	high	operational_monomer_cluster;observed_consensus_representative;uncalibrated_confidence;cluster_identity=0.95
TXF000205	TXM000205	30	de3467037b7d6e23ffa56c5059da058e	0.6667	13	2934	0.8033	false	medium	operational_monomer_cluster;observed_consensus_representative;uncalibrated_confidence;cluster_identity=0.95
TXF000206	TXM000206	66	cdb475eb8e07c23527a55a43ae637684	0.5455	13	2824	0.8592	false	medium	operational_monomer_cluster;observed_consensus_representative;uncalibrated_confidence;cluster_identity=0.95
TXF000207	TXM000207	90	69911cc30f00a339897996fe4afc5121	0.4111	13	2392	0.8572	false	medium	operational_monomer_cluster;observed_consensus_representative;uncalibrated_confidence;cluster_identity=0.95
TXF000208	TXM000208	60	0dd26c99b202a928f1aae3a76f277d1f	0.5500	13	2045	0.8638	false	medium	operational_monomer_cluster;observed_consensus_representative;uncalibrated_confidence;cluster_identity=0.95
TXF000209	TXM000209	47	250917512332628788b12b9e63d398e2	0.2979	13	1875	0.9858	false	high	operational_monomer_cluster;observed_consensus_representative;uncalibrated_confidence;cluster_identity=0.95
TXF000210	TXM000210	45	225582cd27d93dd3a831af746e653e3f	0.6000	13	1860	0.8593	false	medium	operational_monomer_cluster;observed_consensus_representative;uncalibrated_confidence;cluster_identity=0.95
TXF000211	TXM000211	61	76a8a13e4deb34334df7dea0afab9390	0.3443	13	1723	0.9439	false	high	operational_monomer_cluster;observed_consensus_representative;uncalibrated_confidence;cluster_identity=0.95
TXF000212	TXM000212	42	9ef28073097eeaaacf781bfdf14424be	0.3571	13	1368	0.8595	false	medium	operational_monomer_cluster;observed_consensus_representative;uncalibrated_confidence;cluster_identity=0.95
TXF000213	TXM000213	32	ff2c44a11eaf8c8954acc2b3b2de42c4	0.5625	13	1356	0.9570	false	high	operational_monomer_cluster;observed_consensus_representative;uncalibrated_confidence;cluster_identity=0.95
TXF000214	TXM000214	50	1b82b4349d67f682df8868258832455c	0.3600	13	1340	0.9957	false	high	operational_monomer_cluster;observed_consensus_representative;uncalibrated_confidence;cluster_identity=0.95
TXF000215	TXM000215	44	a61fb7ed78f47c16ae49142eb91a44c7	0.3864	13	1326	0.8621	false	medium	operational_monomer_cluster;observed_consensus_representative;uncalibrated_confidence;cluster_identity=0.95
TXF000216	TXM000216	34	df650e111dd3e9ccfc09ef08eae4a41b	0.2059	13	1300	0.8452	false	medium	operational_monomer_cluster;observed_consensus_representative;uncalibrated_confidence;cluster_identity=0.95
TXF000217	TXM000217	733	dd3b66203be4a90ce196c2cf803c91f9	0.5075	12	19212	0.9593	false	high	operational_monomer_cluster;observed_consensus_representative;uncalibrated_confidence;cluster_identity=0.95;possible_higher_order_or_partial:TXF000013-TXF000217;possible_higher_order_or_partial:TXF000022-TXF000217;possible_higher_order_or_partial:TXF000026-TXF000217;possible_higher_order_or_partial:TXF000058-TXF000217;possible_higher_order_or_partial:TXF000102-TXF000217;possible_higher_order_or_partial:TXF000173-TXF000217;possible_higher_order_or_partial:TXF000201-TXF000217;possible_higher_order_or_partial:TXF000217-TXF000476;possible_higher_order_or_partial:TXF000217-TXF001136;possible_higher_order_or_partial:TXF000217-TXF001621
TXF000218	TXM000218	178	6dff94081ec6cb3da2cb567e138d6f46	0.3820	12	17442	0.9010	false	high	operational_monomer_cluster;observed_consensus_representative;uncalibrated_confidence;cluster_identity=0.95;possible_higher_order_or_partial:TXF000018-TXF000218;possible_higher_order_or_partial:TXF000019-TXF000218;possible_higher_order_or_partial:TXF000023-TXF000218;possible_higher_order_or_partial:TXF000038-TXF000218;possible_higher_order_or_partial:TXF000047-TXF000218;possible_higher_order_or_partial:TXF000049-TXF000218;possible_higher_order_or_partial:TXF000069-TXF000218;possible_higher_order_or_partial:TXF000075-TXF000218;possible_higher_order_or_partial:TXF000080-TXF000218;possible_higher_order_or_partial:TXF000081-TXF000218;possible_higher_order_or_partial:TXF000138-TXF000218;possible_higher_order_or_partial:TXF000218-TXF000318;possible_higher_order_or_partial:TXF000218-TXF000402;possible_higher_order_or_partial:TXF000218-TXF000406;possible_higher_order_or_partial:TXF000218-TXF000565;possible_higher_order_or_partial:TXF000218-TXF000572;possible_higher_order_or_partial:TXF000218-TXF001517;possible_higher_order_or_partial:TXF000218-TXF001546;possible_higher_order_or_partial:TXF000218-TXF001550;possible_higher_order_or_partial:TXF000218-TXF001551;possible_higher_order_or_partial:TXF000218-TXF001553
TXF000219	TXM000219	420	70190c7b04b2ceb918cc7761f4d5ffc4	0.2762	12	15312	0.9074	false	high	operational_monomer_cluster;observed_consensus_representative;uncalibrated_confidence;cluster_identity=0.95
TXF000220	TXM000220	178	35390603f70802aee35477824b39f5ed	0.5730	12	12067	0.8262	false	medium	operational_monomer_cluster;observed_consensus_representative;uncalibrated_confidence;cluster_identity=0.95;possible_higher_order_or_partial:TXF000017-TXF000220;possible_higher_order_or_partial:TXF000022-TXF000220;possible_higher_order_or_partial:TXF000135-TXF000220;possible_higher_order_or_partial:TXF000157-TXF000220;possible_higher_order_or_partial:TXF000220-TXF000223
TXF000221	TXM000221	401	882b49d6d1689fc7312aa696f8e60586	0.2519	12	10253	0.8634	false	medium	operational_monomer_cluster;observed_consensus_representative;uncalibrated_confidence;cluster_identity=0.95
TXF000222	TXM000222	325	e6d0b05138400f04627e185888a9f4ca	0.3200	12	10072	0.8574	false	medium	operational_monomer_cluster;observed_consensus_representative;uncalibrated_confidence;cluster_identity=0.95;possible_higher_order_or_partial:TXF000057-TXF000222
TXF000223	TXM000223	178	98cdb04df11602ec4c025231fea32c1c	0.5787	12	9421	0.8768	false	medium	operational_monomer_cluster;observed_consensus_representative;uncalibrated_confidence;cluster_identity=0.95;possible_higher_order_or_partial:TXF000022-TXF000223;possible_higher_order_or_partial:TXF000135-TXF000223;possible_higher_order_or_partial:TXF000220-TXF000223
TXF000224	TXM000224	81	cad9a808d52e11437994ea80d37f3f63	0.3827	12	7564	0.8075	false	medium	operational_monomer_cluster;observed_consensus_representative;uncalibrated_confidence;cluster_identity=0.95;possible_higher_order_or_partial:TXF000074-TXF000224
TXF000225	TXM000225	147	1461711d20ebb188c09d3866ca2d2894	0.2585	12	6748	0.9728	false	high	operational_monomer_cluster;observed_consensus_representative;uncalibrated_confidence;cluster_identity=0.95
TXF000226	TXM000226	235	e78f7a19a8ca6a81aeff7cc3f16881ce	0.3149	12	6154	0.8505	false	medium	operational_monomer_cluster;observed_consensus_representative;uncalibrated_confidence;cluster_identity=0.95
TXF000227	TXM000227	97	fe365fbde273bc3aebe8ac201c09c0a3	0.4845	12	6021	0.8367	false	medium	operational_monomer_cluster;observed_consensus_representative;uncalibrated_confidence;cluster_identity=0.95;possible_higher_order_or_partial:TXF000124-TXF000227;possible_higher_order_or_partial:TXF000227-TXF001215
TXF000228	TXM000228	182	59db1cb736bda093cbeaac830f85241d	0.4231	12	5305	0.9770	false	high	operational_monomer_cluster;observed_consensus_representative;uncalibrated_confidence;cluster_identity=0.95
TXF000229	TXM000229	177	48f77d39fee9c207ee3ccd94b8e6941d	0.4407	12	4888	0.8212	false	medium	operational_monomer_cluster;observed_consensus_representative;uncalibrated_confidence;cluster_identity=0.95
TXF000230	TXM000230	158	5e863069be58eead615664632a5eab5f	0.3165	12	4797	0.8885	false	medium	operational_monomer_cluster;observed_consensus_representative;uncalibrated_confidence;cluster_identity=0.95;possible_higher_order_or_partial:TXF000158-TXF000230;possible_higher_order_or_partial:TXF000230-TXF000333
TXF000231	TXM000231	89	b8215b6d1d06a1aeb34fe8aa73dae8d3	0.3820	12	4183	0.8986	false	medium	operational_monomer_cluster;observed_consensus_representative;uncalibrated_confidence;cluster_identity=0.95
TXF000232	TXM000232	156	7da0fa03ba725f18c7673015a98ab8f5	0.5769	12	4053	0.8794	false	medium	operational_monomer_cluster;observed_consensus_representative;uncalibrated_confidence;cluster_identity=0.95;possible_higher_order_or_partial:TXF000035-TXF000232;possible_higher_order_or_partial:TXF000173-TXF000232
TXF000233	TXM000233	124	5d13d5ab5723be9ee3ce9f548051df66	0.5726	12	4005	0.8069	false	medium	operational_monomer_cluster;observed_consensus_representative;uncalibrated_confidence;cluster_identity=0.95
TXF000234	TXM000234	87	4a57342c48551bdb432f9bc33ec666df	0.4138	12	3267	0.8797	false	medium	operational_monomer_cluster;observed_consensus_representative;uncalibrated_confidence;cluster_identity=0.95
TXF000235	TXM000235	82	250b0b159ef39c4edbca641e2dc40683	0.4512	12	3109	0.8333	false	medium	operational_monomer_cluster;observed_consensus_representative;uncalibrated_confidence;cluster_identity=0.95
TXF000236	TXM000236	123	01dadd7c0f3864f8ff9bdc6faa6e1d47	0.4146	12	3008	0.9511	false	high	operational_monomer_cluster;observed_consensus_representative;uncalibrated_confidence;cluster_identity=0.95
TXF000237	TXM000237	124	8aad8951e8b0ce0af820b93cc3ff88f8	0.3548	12	2992	0.9498	false	high	operational_monomer_cluster;observed_consensus_representative;uncalibrated_confidence;cluster_identity=0.95
TXF000238	TXM000238	46	09034e5b71fcee4111e3252edb216f7c	0.3696	12	2970	0.8447	false	medium	operational_monomer_cluster;observed_consensus_representative;uncalibrated_confidence;cluster_identity=0.95
TXF000239	TXM000239	119	98448cb35039059d36b7188b6c815c1f	0.3361	12	2936	0.9503	false	high	operational_monomer_cluster;observed_consensus_representative;uncalibrated_confidence;cluster_identity=0.95
TXF000240	TXM000240	75	7f42ef82b85be8d973dee3db53600c81	0.5467	12	2718	0.8456	false	medium	operational_monomer_cluster;observed_consensus_representative;uncalibrated_confidence;cluster_identity=0.95
TXF000241	TXM000241	63	98fc2c072a0f601a45eb5eaafc19a543	0.4444	12	2582	0.8230	false	medium	operational_monomer_cluster;observed_consensus_representative;uncalibrated_confidence;cluster_identity=0.95
TXF000242	TXM000242	36	f7e093532209511a53c409aed11e2985	0.5556	12	2158	0.8706	false	medium	operational_monomer_cluster;observed_consensus_representative;uncalibrated_confidence;cluster_identity=0.95
TXF000243	TXM000243	87	e20a7fb9ced048dfedf7243513e9aa7a	0.3333	12	2137	0.9727	false	high	operational_monomer_cluster;observed_consensus_representative;uncalibrated_confidence;cluster_identity=0.95
TXF000244	TXM000244	65	10b76f5548d4c788a7cb0355f7d44892	0.3846	12	2088	0.8949	false	medium	operational_monomer_cluster;observed_consensus_representative;uncalibrated_confidence;cluster_identity=0.95
TXF000245	TXM000245	43	f93a48c5a3be49b94cf4c6167276be3a	0.4419	12	2006	0.8777	false	medium	operational_monomer_cluster;observed_consensus_representative;uncalibrated_confidence;cluster_identity=0.95
TXF000246	TXM000246	75	66d70ee1282fb3f25418cb2a852a39a1	0.4267	12	1922	0.8750	false	medium	operational_monomer_cluster;observed_consensus_representative;uncalibrated_confidence;cluster_identity=0.95
TXF000247	TXM000247	30	a21c4ec865da2ee664a227058f9e242c	0.6333	12	1885	0.8014	false	medium	operational_monomer_cluster;observed_consensus_representative;uncalibrated_confidence;cluster_identity=0.95
TXF000248	TXM000248	74	c0f5224e7fca9f5fa6c5a5e2028c9b04	0.4054	12	1813	0.9211	false	high	operational_monomer_cluster;observed_consensus_representative;uncalibrated_confidence;cluster_identity=0.95
TXF000249	TXM000249	49	c4347dfe81b95e5a39ea73bc8c4ddcc0	0.4898	12	1600	0.8006	false	medium	operational_monomer_cluster;observed_consensus_representative;uncalibrated_confidence;cluster_identity=0.95
TXF000250	TXM000250	65	ad79cdd3b9cdc61ec2cda957df2aa8c7	0.3385	12	1587	0.9368	false	high	operational_monomer_cluster;observed_consensus_representative;uncalibrated_confidence;cluster_identity=0.95
TXF000251	TXM000251	48	90ac40b22b3f3103ae0e4442e81828d0	0.5417	12	1467	0.9250	false	high	operational_monomer_cluster;observed_consensus_representative;uncalibrated_confidence;cluster_identity=0.95
TXF000252	TXM000252	36	693e26a6d0a0a7aabf6d302f3742cb42	0.6111	12	1403	0.8237	false	medium	operational_monomer_cluster;observed_consensus_representative;uncalibrated_confidence;cluster_identity=0.95;possible_higher_order_or_partial:TXF000098-TXF000252;possible_higher_order_or_partial:TXF000129-TXF000252;possible_higher_order_or_partial:TXF000252-TXF002087
TXF000253	TXM000253	53	97d3564843a0c077b3a37592025d30c9	0.3208	12	1397	0.9346	false	high	operational_monomer_cluster;observed_consensus_representative;uncalibrated_confidence;cluster_identity=0.95
TXF000254	TXM000254	52	7999f5c150d7bdcf629f66664ae5aa35	0.4231	12	1333	0.8856	false	medium	operational_monomer_cluster;observed_consensus_representative;uncalibrated_confidence;cluster_identity=0.95
TXF000255	TXM000255	36	ebfcd05379194aac20a0e21eee7133d1	0.4722	12	1321	0.8623	false	medium	operational_monomer_cluster;observed_consensus_representative;uncalibrated_confidence;cluster_identity=0.95
TXF000256	TXM000256	53	395bc7e5217e45cbfe5797617360df43	0.3019	12	1273	0.9892	false	high	operational_monomer_cluster;observed_consensus_representative;uncalibrated_confidence;cluster_identity=0.95
TXF000257	TXM000257	32	6d7fd215bf30ee5e4fe37aa2f88ab374	0.3438	12	1248	0.8056	false	medium	operational_monomer_cluster;observed_consensus_representative;uncalibrated_confidence;cluster_identity=0.95
TXF000258	TXM000258	48	d6af3995119a552d8e8cf16d286cf6fc	0.3125	12	1206	0.9622	false	high	operational_monomer_cluster;observed_consensus_representative;uncalibrated_confidence;cluster_identity=0.95
TXF000259	TXM000259	30	5035fdfc66cd75f97a1e9d2f4790dc5e	0.5667	12	1201	0.8847	false	medium	operational_monomer_cluster;observed_consensus_representative;uncalibrated_confidence;cluster_identity=0.95
TXF000260	TXM000260	420	2994d3c37e61767a3ce21ef093c6f717	0.3833	11	29895	0.9877	false	high	operational_monomer_cluster;observed_consensus_representative;uncalibrated_confidence;cluster_identity=0.95
TXF000261	TXM000261	492	da99f121ea571b3570d50ea9854e97d5	0.3537	11	25923	0.7970	false	medium	operational_monomer_cluster;observed_consensus_representative;uncalibrated_confidence;cluster_identity=0.95;possible_higher_order_or_partial:TXF000144-TXF000261;possible_higher_order_or_partial:TXF000261-TXF000564;possible_higher_order_or_partial:TXF000261-TXF001266
TXF000262	TXM000262	823	42c4dd29d152a3b9f755606abb103c79	0.3524	11	23723	0.8729	false	medium	operational_monomer_cluster;observed_consensus_representative;uncalibrated_confidence;cluster_identity=0.95;possible_higher_order_or_partial:TXF000144-TXF000262;possible_higher_order_or_partial:TXF000262-TXF001266
TXF000263	TXM000263	492	ae275991473a228ea62c4ac1eef0c05c	0.3679	11	23060	0.7935	false	medium	operational_monomer_cluster;observed_consensus_representative;uncalibrated_confidence;cluster_identity=0.95;possible_higher_order_or_partial:TXF000042-TXF000263;possible_higher_order_or_partial:TXF000144-TXF000263;possible_higher_order_or_partial:TXF000263-TXF000814
TXF000264	TXM000264	613	76d26d6df03ce3f6e93a87d91e954aa6	0.2398	11	13619	0.8516	false	medium	operational_monomer_cluster;observed_consensus_representative;uncalibrated_confidence;cluster_identity=0.95
TXF000265	TXM000265	455	3bd98c4ebc0b8fc5c1504d9ce1973527	0.3934	11	10105	0.8387	false	medium	operational_monomer_cluster;observed_consensus_representative;uncalibrated_confidence;cluster_identity=0.95
TXF000266	TXM000266	121	d74fec795edcbad05ceaea1599dc6319	0.4132	11	7064	0.9284	false	high	operational_monomer_cluster;observed_consensus_representative;uncalibrated_confidence;cluster_identity=0.95
TXF000267	TXM000267	200	e00226c15c0ac9a19f4835a3ba1f7b26	0.3300	11	6413	0.8881	false	medium	operational_monomer_cluster;observed_consensus_representative;uncalibrated_confidence;cluster_identity=0.95;possible_higher_order_or_partial:TXF000267-TXF000601;possible_higher_order_or_partial:TXF000267-TXF001153
TXF000268	TXM000268	151	e43b22693deed3ed8fbe2fafe9a17770	0.5430	11	5883	0.8554	false	medium	operational_monomer_cluster;observed_consensus_representative;uncalibrated_confidence;cluster_identity=0.95;possible_higher_order_or_partial:TXF000268-TXF000282;possible_higher_order_or_partial:TXF000268-TXF000495
TXF000269	TXM000269	84	aa05daed4bbb6abbfebb63cbf029307b	0.4643	11	5707	0.8679	false	medium	operational_monomer_cluster;observed_consensus_representative;uncalibrated_confidence;cluster_identity=0.95;possible_higher_order_or_partial:TXF000021-TXF000269;possible_higher_order_or_partial:TXF000178-TXF000269;possible_higher_order_or_partial:TXF000269-TXF000328;possible_higher_order_or_partial:TXF000269-TXF000352;possible_higher_order_or_partial:TXF000269-TXF000855;possible_higher_order_or_partial:TXF000269-TXF001609;possible_higher_order_or_partial:TXF000269-TXF001894
TXF000270	TXM000270	81	f378b88f495c571fa2d01c4e27fa425c	0.3704	11	5648	0.8610	false	medium	operational_monomer_cluster;observed_consensus_representative;uncalibrated_confidence;cluster_identity=0.95
TXF000271	TXM000271	194	970127b370ad4b8433402b880a2a0cab	0.3608	11	4395	0.9168	false	high	operational_monomer_cluster;observed_consensus_representative;uncalibrated_confidence;cluster_identity=0.95
TXF000272	TXM000272	162	2d3d6e5e9f8fe6be0b0aff9adc46a04d	0.2716	11	3780	0.8395	false	medium	operational_monomer_cluster;observed_consensus_representative;uncalibrated_confidence;cluster_identity=0.95
TXF000273	TXM000273	85	3f6f8a9500388002451f28cb7e18ba52	0.3294	11	3756	0.9519	false	high	operational_monomer_cluster;observed_consensus_representative;uncalibrated_confidence;cluster_identity=0.95
TXF000274	TXM000274	132	6ad06a2eb60c60ccc222c6e70ec23b08	0.1439	11	3250	0.8847	false	medium	operational_monomer_cluster;observed_consensus_representative;uncalibrated_confidence;cluster_identity=0.95
TXF000275	TXM000275	47	98a2105622f838cd70a8fde9136eb263	0.2553	11	3223	0.8912	false	medium	operational_monomer_cluster;observed_consensus_representative;uncalibrated_confidence;cluster_identity=0.95
TXF000276	TXM000276	91	64c3161ce89f7e8b0b9212422b442bbb	0.3626	11	3205	0.8585	false	medium	operational_monomer_cluster;observed_consensus_representative;uncalibrated_confidence;cluster_identity=0.95
TXF000277	TXM000277	141	121389d4fe3e2fcd91bb0a863badbf07	0.3475	11	3101	0.9284	false	high	operational_monomer_cluster;observed_consensus_representative;uncalibrated_confidence;cluster_identity=0.95
TXF000278	TXM000278	133	7cdcb4f5693879b9eab203fd0dfaa79b	0.1654	11	3085	0.9656	false	high	operational_monomer_cluster;observed_consensus_representative;uncalibrated_confidence;cluster_identity=0.95
TXF000279	TXM000279	123	1b6bda64612f58944f23f67d13d7f353	0.6016	11	3072	0.7882	false	medium	operational_monomer_cluster;observed_consensus_representative;uncalibrated_confidence;cluster_identity=0.95;possible_higher_order_or_partial:TXF000173-TXF000279;possible_higher_order_or_partial:TXF000279-TXF001621
TXF000280	TXM000280	127	4b625836e6b0df51cd1aa39ae814cb50	0.4252	11	2904	0.8111	false	medium	operational_monomer_cluster;observed_consensus_representative;uncalibrated_confidence;cluster_identity=0.95
TXF000281	TXM000281	87	2e5ac1d6b5fb54c48e84b1717a481858	0.2644	11	2880	0.8827	false	medium	operational_monomer_cluster;observed_consensus_representative;uncalibrated_confidence;cluster_identity=0.95
TXF000282	TXM000282	81	6648a416003740a7662638ac834793ca	0.5432	11	2780	0.8920	false	medium	operational_monomer_cluster;observed_consensus_representative;uncalibrated_confidence;cluster_identity=0.95;possible_higher_order_or_partial:TXF000268-TXF000282;likely_redundant:TXF000282-TXF000329
TXF000283	TXM000283	45	2827f85e096c5d9cb9826e61752c19ef	0.3778	11	2684	0.9233	false	high	operational_monomer_cluster;observed_consensus_representative;uncalibrated_confidence;cluster_identity=0.95
TXF000284	TXM000284	112	8198a1984ad91dc671f689ef12bfc77a	0.1875	11	2612	0.8915	false	medium	operational_monomer_cluster;observed_consensus_representative;uncalibrated_confidence;cluster_identity=0.95
TXF000285	TXM000285	75	1f27db4282e84b77c865313eb41ce65c	0.4000	11	2429	0.9085	false	high	operational_monomer_cluster;observed_consensus_representative;uncalibrated_confidence;cluster_identity=0.95
TXF000286	TXM000286	41	33de844641ffb23644850c97308346de	0.4634	11	2313	0.8420	false	medium	operational_monomer_cluster;observed_consensus_representative;uncalibrated_confidence;cluster_identity=0.95;possible_higher_order_or_partial:TXF000144-TXF000286;possible_higher_order_or_partial:TXF000286-TXF000809
TXF000287	TXM000287	65	9cd749e7b9fe9cd251228f36248f7818	0.2462	11	2153	0.8790	false	medium	operational_monomer_cluster;observed_consensus_representative;uncalibrated_confidence;cluster_identity=0.95
TXF000288	TXM000288	48	1a9b35179eed77a2bafbb2f0319fdafb	0.4583	11	2134	0.9428	false	high	operational_monomer_cluster;observed_consensus_representative;uncalibrated_confidence;cluster_identity=0.95
TXF000289	TXM000289	36	56440a992d8cbcdd092bb61172e509bc	0.4444	11	2055	0.8831	false	medium	operational_monomer_cluster;observed_consensus_representative;uncalibrated_confidence;cluster_identity=0.95
TXF000290	TXM000290	92	78d4e5a1a707e0ecf7ee208f404f0c75	0.3696	11	2036	0.8156	false	medium	operational_monomer_cluster;observed_consensus_representative;uncalibrated_confidence;cluster_identity=0.95
TXF000291	TXM000291	89	38304d117f86049a229324800f2f97cd	0.1348	11	1993	0.8914	false	medium	operational_monomer_cluster;observed_consensus_representative;uncalibrated_confidence;cluster_identity=0.95
TXF000292	TXM000292	89	c297c6942b16e25675b241ab561e976e	0.4045	11	1980	0.9940	false	high	operational_monomer_cluster;observed_consensus_representative;uncalibrated_confidence;cluster_identity=0.95
TXF000293	TXM000293	54	9b59532d9788d8121ad4b2985ad8c3b7	0.6296	11	1887	0.8595	false	medium	operational_monomer_cluster;observed_consensus_representative;uncalibrated_confidence;cluster_identity=0.95
TXF000294	TXM000294	38	569310d3bb430bf6a13d3bdcbd6dbfbc	0.3684	11	1867	0.9642	false	high	operational_monomer_cluster;observed_consensus_representative;uncalibrated_confidence;cluster_identity=0.95
TXF000295	TXM000295	78	1d8650ad75b7b4c9d4986db9bc5c216e	0.3590	11	1713	0.9825	false	high	operational_monomer_cluster;observed_consensus_representative;uncalibrated_confidence;cluster_identity=0.95
TXF000296	TXM000296	48	f3171af03c513676070bf6511599825f	0.2708	11	1642	0.8835	false	medium	operational_monomer_cluster;observed_consensus_representative;uncalibrated_confidence;cluster_identity=0.95
TXF000297	TXM000297	36	b8f3ecff1741eb0b5559174a5ece3730	0.3056	11	1576	0.8771	false	medium	operational_monomer_cluster;observed_consensus_representative;uncalibrated_confidence;cluster_identity=0.95;possible_higher_order_or_partial:TXF000087-TXF000297;possible_higher_order_or_partial:TXF000149-TXF000297
TXF000298	TXM000298	42	d83e06953b208d15fa3c0d99f7aa7939	0.6429	11	1518	0.8866	false	medium	operational_monomer_cluster;observed_consensus_representative;uncalibrated_confidence;cluster_identity=0.95
TXF000299	TXM000299	50	7f0c7ef4e0341696bf622732b1f4bc0c	0.5000	11	1509	0.9136	true	medium	operational_monomer_cluster;observed_consensus_representative;uncalibrated_confidence;cluster_identity=0.95;low_complexity_family;possible_higher_order_or_partial:TXF000083-TXF000299;possible_higher_order_or_partial:TXF000116-TXF000299;likely_redundant:TXF000127-TXF000299;likely_redundant:TXF000299-TXF001422
TXF000300	TXM000300	48	a81a89665c5cb00b64c794e8e62dd924	0.3542	11	1476	0.8139	false	medium	operational_monomer_cluster;observed_consensus_representative;uncalibrated_confidence;cluster_identity=0.95
TXF000301	TXM000301	58	34b3c6f31e70576657461f5e4f1cf66d	0.2931	11	1430	0.8702	false	medium	operational_monomer_cluster;observed_consensus_representative;uncalibrated_confidence;cluster_identity=0.95
TXF000302	TXM000302	54	762a45503368d05cc6ba7379b126ddee	0.5000	11	1420	0.8656	false	medium	operational_monomer_cluster;observed_consensus_representative;uncalibrated_confidence;cluster_identity=0.95
TXF000303	TXM000303	43	3531518b7e023afd39902af2000164c8	0.1163	11	1417	0.8646	false	medium	operational_monomer_cluster;observed_consensus_representative;uncalibrated_confidence;cluster_identity=0.95
TXF000304	TXM000304	41	08cc8a5b392300c54ec5d39caf1bac32	0.3902	11	1364	0.8053	false	medium	operational_monomer_cluster;observed_consensus_representative;uncalibrated_confidence;cluster_identity=0.95
TXF000305	TXM000305	58	64c8634c526eb88e9272f596771af084	0.4483	11	1363	0.8774	false	medium	operational_monomer_cluster;observed_consensus_representative;uncalibrated_confidence;cluster_identity=0.95;possible_higher_order_or_partial:TXF000305-TXF000693;possible_higher_order_or_partial:TXF000305-TXF000717
TXF000306	TXM000306	33	32fd36d0f14c712a8994c330497caa0d	0.4242	11	1336	0.9232	false	high	operational_monomer_cluster;observed_consensus_representative;uncalibrated_confidence;cluster_identity=0.95
TXF000307	TXM000307	41	256443cb130f1ea19392e59eddc5882a	0.3415	11	1330	0.9307	false	high	operational_monomer_cluster;observed_consensus_representative;uncalibrated_confidence;cluster_identity=0.95
TXF000308	TXM000308	59	8d943a4f7f740563384288f1305317e4	0.3898	11	1308	0.8939	false	medium	operational_monomer_cluster;observed_consensus_representative;uncalibrated_confidence;cluster_identity=0.95
TXF000309	TXM000309	39	1eb5dfaf55ff89d09ead7a54282476de	0.5128	11	1173	0.8001	false	medium	operational_monomer_cluster;observed_consensus_representative;uncalibrated_confidence;cluster_identity=0.95
TXF000310	TXM000310	47	91639515204fe5db4d3182142a30f135	0.3404	11	1160	0.9131	false	high	operational_monomer_cluster;observed_consensus_representative;uncalibrated_confidence;cluster_identity=0.95
TXF000311	TXM000311	48	98d96c972d20cec6ab3d0837cd396d34	0.1667	11	1152	0.9425	false	high	operational_monomer_cluster;observed_consensus_representative;uncalibrated_confidence;cluster_identity=0.95
TXF000312	TXM000312	40	3436a6c0959c5121ade3c525783b0617	0.4750	11	1145	0.8645	false	medium	operational_monomer_cluster;observed_consensus_representative;uncalibrated_confidence;cluster_identity=0.95
TXF000313	TXM000313	42	019c69d1cc496c1ce38b0e9b4ccad240	0.5238	11	1123	0.9759	false	high	operational_monomer_cluster;observed_consensus_representative;uncalibrated_confidence;cluster_identity=0.95
TXF000314	TXM000314	41	6c955709be4cc4f2219c20c31ad7eb66	0.3659	11	1108	0.8107	false	medium	operational_monomer_cluster;observed_consensus_representative;uncalibrated_confidence;cluster_identity=0.95
TXF000315	TXM000315	31	80c2b9af21ef34b621649adc9f5077a9	0.6452	11	1108	0.8713	false	medium	operational_monomer_cluster;observed_consensus_representative;uncalibrated_confidence;cluster_identity=0.95
TXF000316	TXM000316	495	cd069820295bd9f99e30280130c5f596	0.3657	10	45797	0.8359	false	medium	operational_monomer_cluster;observed_consensus_representative;uncalibrated_confidence;cluster_identity=0.95;possible_higher_order_or_partial:TXF000144-TXF000316;possible_higher_order_or_partial:TXF000316-TXF001266
TXF000317	TXM000317	495	d4fd9e0cafd0c98c4ceebf219bd6ef3a	0.3636	10	19367	0.8038	false	medium	operational_monomer_cluster;observed_consensus_representative;uncalibrated_confidence;cluster_identity=0.95;possible_higher_order_or_partial:TXF000119-TXF000317;possible_higher_order_or_partial:TXF000144-TXF000317;possible_higher_order_or_partial:TXF000317-TXF000571;possible_higher_order_or_partial:TXF000317-TXF001101;possible_higher_order_or_partial:TXF000317-TXF001523;possible_higher_order_or_partial:TXF000317-TXF001531
TXF000318	TXM000318	178	f4e5fdf72fa9ff8dc2c8e67bb8775265	0.3708	10	19232	0.8522	false	medium	operational_monomer_cluster;observed_consensus_representative;uncalibrated_confidence;cluster_identity=0.95;possible_higher_order_or_partial:TXF000018-TXF000318;possible_higher_order_or_partial:TXF000019-TXF000318;possible_higher_order_or_partial:TXF000023-TXF000318;possible_higher_order_or_partial:TXF000030-TXF000318;possible_higher_order_or_partial:TXF000038-TXF000318;possible_higher_order_or_partial:TXF000075-TXF000318;possible_higher_order_or_partial:TXF000077-TXF000318;possible_higher_order_or_partial:TXF000080-TXF000318;possible_higher_order_or_partial:TXF000081-TXF000318;possible_higher_order_or_partial:TXF000138-TXF000318;possible_higher_order_or_partial:TXF000170-TXF000318;possible_higher_order_or_partial:TXF000218-TXF000318;possible_higher_order_or_partial:TXF000318-TXF000406;possible_higher_order_or_partial:TXF000318-TXF000573
TXF000319	TXM000319	957	3823f08d2ff5ea08a4908a482bcac672	0.3772	10	19167	0.9448	false	high	operational_monomer_cluster;observed_consensus_representative;uncalibrated_confidence;cluster_identity=0.95;possible_higher_order_or_partial:TXF000003-TXF000319;possible_higher_order_or_partial:TXF000005-TXF000319;possible_higher_order_or_partial:TXF000010-TXF000319;possible_higher_order_or_partial:TXF000011-TXF000319;possible_higher_order_or_partial:TXF000018-TXF000319;possible_higher_order_or_partial:TXF000019-TXF000319;possible_higher_order_or_partial:TXF000061-TXF000319;possible_higher_order_or_partial:TXF000319-TXF000574;possible_higher_order_or_partial:TXF000319-TXF001518
TXF000320	TXM000320	634	6e0cebc1bafb56c9310beb8b903d96fa	0.3628	10	17409	0.8402	false	medium	operational_monomer_cluster;observed_consensus_representative;uncalibrated_confidence;cluster_identity=0.95;possible_higher_order_or_partial:TXF000144-TXF000320
TXF000321	TXM000321	491	7d0859e589f8f2ab3d65b7d443dac054	0.3890	10	14990	0.9059	false	high	operational_monomer_cluster;observed_consensus_representative;uncalibrated_confidence;cluster_identity=0.95;possible_higher_order_or_partial:TXF000003-TXF000321;possible_higher_order_or_partial:TXF000005-TXF000321;possible_higher_order_or_partial:TXF000018-TXF000321;possible_higher_order_or_partial:TXF000038-TXF000321
TXF000322	TXM000322	84	71a0187d60a8749cfd7e5233663f1813	0.5119	10	11251	0.8875	false	medium	operational_monomer_cluster;observed_consensus_representative;uncalibrated_confidence;cluster_identity=0.95
TXF000323	TXM000323	48	f0c40202fdcea5fdc58aa644cba6b947	0.5833	10	9037	0.9090	false	high	operational_monomer_cluster;observed_consensus_representative;uncalibrated_confidence;cluster_identity=0.95
TXF000324	TXM000324	377	8eff03ea0f40c56c5d2d82e06857cc5d	0.3395	10	8735	0.8163	false	medium	operational_monomer_cluster;observed_consensus_representative;uncalibrated_confidence;cluster_identity=0.95
TXF000325	TXM000325	377	f5aa4ab8d51059f79b16eba1babf6a35	0.2679	10	7637	0.9595	false	high	operational_monomer_cluster;observed_consensus_representative;uncalibrated_confidence;cluster_identity=0.95
TXF000326	TXM000326	357	974f7007d61b8d5ebbb8acbd3030f310	0.2745	10	7146	0.9529	false	high	operational_monomer_cluster;observed_consensus_representative;uncalibrated_confidence;cluster_identity=0.95
TXF000327	TXM000327	216	e888cb0f34e0cb102281b3ba466fa923	0.3287	10	6384	0.9222	false	high	operational_monomer_cluster;observed_consensus_representative;uncalibrated_confidence;cluster_identity=0.95
TXF000328	TXM000328	112	34e4636e9a3a335f629e92e1a7945a56	0.4464	10	6195	0.8463	false	medium	operational_monomer_cluster;observed_consensus_representative;uncalibrated_confidence;cluster_identity=0.95;possible_higher_order_or_partial:TXF000021-TXF000328;possible_higher_order_or_partial:TXF000178-TXF000328;possible_higher_order_or_partial:TXF000269-TXF000328;possible_higher_order_or_partial:TXF000328-TXF000352;possible_higher_order_or_partial:TXF000328-TXF000855;possible_higher_order_or_partial:TXF000328-TXF001157;possible_higher_order_or_partial:TXF000328-TXF001894
TXF000329	TXM000329	97	786801ea7343b188278926987b1bc749	0.5361	10	5859	0.8091	false	medium	operational_monomer_cluster;observed_consensus_representative;uncalibrated_confidence;cluster_identity=0.95;likely_redundant:TXF000282-TXF000329
TXF000330	TXM000330	277	26947631cecc0d0e8c6a5adda29bfc73	0.3249	10	5609	0.8786	false	medium	operational_monomer_cluster;observed_consensus_representative;uncalibrated_confidence;cluster_identity=0.95
TXF000331	TXM000331	140	3e8437d9130113b56c0b0d9e6243efe1	0.3071	10	5591	0.9946	false	high	operational_monomer_cluster;observed_consensus_representative;uncalibrated_confidence;cluster_identity=0.95
TXF000332	TXM000332	172	18229e842e8ac6c00ff7a32a667c8be8	0.3779	10	5410	0.8964	false	medium	operational_monomer_cluster;observed_consensus_representative;uncalibrated_confidence;cluster_identity=0.95
TXF000333	TXM000333	186	f8536f844846fb45e0c8bebcd0059ee4	0.2688	10	4650	0.9092	false	high	operational_monomer_cluster;observed_consensus_representative;uncalibrated_confidence;cluster_identity=0.95;possible_higher_order_or_partial:TXF000158-TXF000333;possible_higher_order_or_partial:TXF000230-TXF000333
TXF000334	TXM000334	98	9dfeef1b129d3e7e0007e2f9c3fc0d3f	0.3163	10	4632	0.8686	false	medium	operational_monomer_cluster;observed_consensus_representative;uncalibrated_confidence;cluster_identity=0.95;possible_higher_order_or_partial:TXF000142-TXF000334
TXF000335	TXM000335	161	cbbe0c3c72d5d7d0d4b3b537d2c42bb3	0.4286	10	4557	0.8368	false	medium	operational_monomer_cluster;observed_consensus_representative;uncalibrated_confidence;cluster_identity=0.95
TXF000336	TXM000336	213	5193342ea52f8d0852705ace8563aa1b	0.2160	10	4480	0.8541	false	medium	operational_monomer_cluster;observed_consensus_representative;uncalibrated_confidence;cluster_identity=0.95
TXF000337	TXM000337	218	1169fb8548be4999a2d0a451f9f62d3c	0.3532	10	4360	0.9534	false	high	operational_monomer_cluster;observed_consensus_representative;uncalibrated_confidence;cluster_identity=0.95
TXF000338	TXM000338	87	0748522342471404eb901df3f26ffe87	0.4598	10	4357	0.8868	false	medium	operational_monomer_cluster;observed_consensus_representative;uncalibrated_confidence;cluster_identity=0.95
TXF000339	TXM000339	64	4c04cd603aad2e98bfb23e6a5f4cf01e	0.4062	10	4318	0.8876	false	medium	operational_monomer_cluster;observed_consensus_representative;uncalibrated_confidence;cluster_identity=0.95;possible_higher_order_or_partial:TXF000339-TXF000355
TXF000340	TXM000340	210	47063e72a2f423894f8b5729ab13b6b6	0.2714	10	4222	0.9844	false	high	operational_monomer_cluster;observed_consensus_representative;uncalibrated_confidence;cluster_identity=0.95
TXF000341	TXM000341	184	4212cb71211ef038e9dfb69f9cd73cae	0.3370	10	4216	0.9812	false	high	operational_monomer_cluster;observed_consensus_representative;uncalibrated_confidence;cluster_identity=0.95
TXF000342	TXM000342	184	65d5baab6fcf1d54d6f57b4c11d7e1cd	0.2663	10	3904	0.9102	false	high	operational_monomer_cluster;observed_consensus_representative;uncalibrated_confidence;cluster_identity=0.95;possible_higher_order_or_partial:TXF000342-TXF001193
TXF000343	TXM000343	109	0a6456615c62d22755ce8247f5dc5e3a	0.4404	10	3791	0.8413	false	medium	operational_monomer_cluster;observed_consensus_representative;uncalibrated_confidence;cluster_identity=0.95
TXF000344	TXM000344	106	46c0937522ec8958d7c4e47012bcdaf6	0.3868	10	3769	0.8410	false	medium	operational_monomer_cluster;observed_consensus_representative;uncalibrated_confidence;cluster_identity=0.95;possible_higher_order_or_partial:TXF000141-TXF000344
TXF000345	TXM000345	180	52e47c97f49328e0b8ed0e1cd07640e8	0.4111	10	3648	0.8040	false	medium	operational_monomer_cluster;observed_consensus_representative;uncalibrated_confidence;cluster_identity=0.95
TXF000346	TXM000346	122	1ef06bdb8e4191d55f2a3b411ac5700a	0.5410	10	3244	0.8114	false	medium	operational_monomer_cluster;observed_consensus_representative;uncalibrated_confidence;cluster_identity=0.95;possible_higher_order_or_partial:TXF000007-TXF000346;possible_higher_order_or_partial:TXF000041-TXF000346;possible_higher_order_or_partial:TXF000346-TXF000683
TXF000347	TXM000347	148	9f483cbfe69f0f166ebfd3f2e4e19f2e	0.3851	10	3020	0.8991	false	medium	operational_monomer_cluster;observed_consensus_representative;uncalibrated_confidence;cluster_identity=0.95
TXF000348	TXM000348	123	a909376caae0addfd0950aef0d858d7a	0.3902	10	2960	0.8853	false	medium	operational_monomer_cluster;observed_consensus_representative;uncalibrated_confidence;cluster_identity=0.95
TXF000349	TXM000349	145	5505c5a5ad14788fdbe64dcd6131429e	0.4069	10	2959	0.9770	false	high	operational_monomer_cluster;observed_consensus_representative;uncalibrated_confidence;cluster_identity=0.95
TXF000350	TXM000350	138	d85a3f725e32c2eb5ceba3d8f4ff62aa	0.2174	10	2765	0.9307	false	high	operational_monomer_cluster;observed_consensus_representative;uncalibrated_confidence;cluster_identity=0.95;possible_higher_order_or_partial:TXF000350-TXF000901
TXF000351	TXM000351	108	47ab68ca0227745522128340029e43aa	0.4537	10	2729	0.8903	false	medium	operational_monomer_cluster;observed_consensus_representative;uncalibrated_confidence;cluster_identity=0.95
TXF000352	TXM000352	57	3a0db9ce5e0be2b7959488f7302fd7a6	0.4386	10	2598	0.8396	false	medium	operational_monomer_cluster;observed_consensus_representative;uncalibrated_confidence;cluster_identity=0.95;possible_higher_order_or_partial:TXF000021-TXF000352;possible_higher_order_or_partial:TXF000084-TXF000352;possible_higher_order_or_partial:TXF000178-TXF000352;possible_higher_order_or_partial:TXF000269-TXF000352;possible_higher_order_or_partial:TXF000328-TXF000352;possible_higher_order_or_partial:TXF000352-TXF000855;possible_higher_order_or_partial:TXF000352-TXF001157;possible_higher_order_or_partial:TXF000352-TXF001609;possible_higher_order_or_partial:TXF000352-TXF001894
TXF000353	TXM000353	112	e948be74783f07567563f50f7b4665ac	0.3393	10	2370	0.8617	false	medium	operational_monomer_cluster;observed_consensus_representative;uncalibrated_confidence;cluster_identity=0.95
TXF000354	TXM000354	33	91055fa92171fc5d6f231bee7fc6f2a7	0.5758	10	2330	0.8600	false	medium	operational_monomer_cluster;observed_consensus_representative;uncalibrated_confidence;cluster_identity=0.95
TXF000355	TXM000355	109	1d372dddaa0e3bf971a307e1cd8f5de1	0.3394	10	2191	0.8183	false	medium	operational_monomer_cluster;observed_consensus_representative;uncalibrated_confidence;cluster_identity=0.95;possible_higher_order_or_partial:TXF000339-TXF000355
TXF000356	TXM000356	59	0b044347869ce4fe385fdff23a6e6f56	0.5593	10	2142	0.8270	false	medium	operational_monomer_cluster;observed_consensus_representative;uncalibrated_confidence;cluster_identity=0.95;possible_higher_order_or_partial:TXF000096-TXF000356;possible_higher_order_or_partial:TXF000356-TXF000691
TXF000357	TXM000357	87	27f4ec2c6b30f548bf05b9adf91fcdc0	0.3333	10	2125	0.8220	false	medium	operational_monomer_cluster;observed_consensus_representative;uncalibrated_confidence;cluster_identity=0.95;possible_higher_order_or_partial:TXF000357-TXF000475
TXF000358	TXM000358	93	cc5a5bde436d2d0186db2cc1a2dc8e24	0.2903	10	1983	0.8179	false	medium	operational_monomer_cluster;observed_consensus_representative;uncalibrated_confidence;cluster_identity=0.95
TXF000359	TXM000359	48	f0293a185aa3d4a11af6be47ffd4f58b	0.6250	10	1982	0.8456	false	medium	operational_monomer_cluster;observed_consensus_representative;uncalibrated_confidence;cluster_identity=0.95
TXF000360	TXM000360	96	8d13d570d6eb85cae98272f9af5aebfd	0.4688	10	1923	0.9431	false	high	operational_monomer_cluster;observed_consensus_representative;uncalibrated_confidence;cluster_identity=0.95
TXF000361	TXM000361	86	e0355b373f8700ff25ac44ecf011c738	0.5000	10	1850	0.8293	false	medium	operational_monomer_cluster;observed_consensus_representative;uncalibrated_confidence;cluster_identity=0.95
TXF000362	TXM000362	42	8f6101f9b7c646999a2aeaddc07ba735	0.3571	10	1805	0.8098	false	medium	operational_monomer_cluster;observed_consensus_representative;uncalibrated_confidence;cluster_identity=0.95
TXF000363	TXM000363	75	11092c1b6de420ee65cd689c75b35ee2	0.2933	10	1772	0.9278	false	high	operational_monomer_cluster;observed_consensus_representative;uncalibrated_confidence;cluster_identity=0.95
TXF000364	TXM000364	59	1541c3da4754a1acf3fb58601960fb27	0.2542	10	1772	0.9700	false	high	operational_monomer_cluster;observed_consensus_representative;uncalibrated_confidence;cluster_identity=0.95
TXF000365	TXM000365	38	1712399ecee3839a000bf95a1ada697e	0.2632	10	1724	0.8686	false	medium	operational_monomer_cluster;observed_consensus_representative;uncalibrated_confidence;cluster_identity=0.95
TXF000366	TXM000366	45	3e46477dcd312299fde41f58572ad9ec	0.6000	10	1623	0.8661	false	medium	operational_monomer_cluster;observed_consensus_representative;uncalibrated_confidence;cluster_identity=0.95
TXF000367	TXM000367	55	678e407fc85f0f61767e43324e11c7ea	0.2909	10	1622	0.8863	false	medium	operational_monomer_cluster;observed_consensus_representative;uncalibrated_confidence;cluster_identity=0.95
TXF000368	TXM000368	32	53a15d69488d5ccd3d4795cfad0b0b99	0.3438	10	1598	0.8342	false	medium	operational_monomer_cluster;observed_consensus_representative;uncalibrated_confidence;cluster_identity=0.95;possible_higher_order_or_partial:TXF000368-TXF001860
TXF000369	TXM000369	51	46336078cdc61faa360d5a54d5845a3c	0.5098	10	1591	0.8641	false	medium	operational_monomer_cluster;observed_consensus_representative;uncalibrated_confidence;cluster_identity=0.95
TXF000370	TXM000370	39	32336981ee5855cac4d07c3e633f071c	0.4359	10	1540	0.9217	false	high	operational_monomer_cluster;observed_consensus_representative;uncalibrated_confidence;cluster_identity=0.95
TXF000371	TXM000371	48	8f1f380a5243ff215c00d53095d52275	0.2708	10	1493	0.9154	false	high	operational_monomer_cluster;observed_consensus_representative;uncalibrated_confidence;cluster_identity=0.95
TXF000372	TXM000372	71	887fc2f4e8e7584a3623ded3531cb4e1	0.4085	10	1475	0.9610	false	high	operational_monomer_cluster;observed_consensus_representative;uncalibrated_confidence;cluster_identity=0.95
TXF000373	TXM000373	70	e08efc02d9f4f5bc46a251be33dc008f	0.3286	10	1450	0.9571	false	high	operational_monomer_cluster;observed_consensus_representative;uncalibrated_confidence;cluster_identity=0.95
TXF000374	TXM000374	47	02d658e6d594f7d414d2c9260a94b6de	0.3404	10	1420	0.9684	false	high	operational_monomer_cluster;observed_consensus_representative;uncalibrated_confidence;cluster_identity=0.95
TXF000375	TXM000375	42	718350fc066ca5e1541113d5b702c76d	0.4286	10	1418	0.8192	false	medium	operational_monomer_cluster;observed_consensus_representative;uncalibrated_confidence;cluster_identity=0.95
TXF000376	TXM000376	34	1418280f108b18c7fdf728ba439dccbb	0.1471	10	1387	0.9570	false	high	operational_monomer_cluster;observed_consensus_representative;uncalibrated_confidence;cluster_identity=0.95
TXF000377	TXM000377	55	795044680e516ae5e6658a110ea43454	0.2909	10	1332	0.9723	false	high	operational_monomer_cluster;observed_consensus_representative;uncalibrated_confidence;cluster_identity=0.95
TXF000378	TXM000378	33	a5188614fa96a9458f72375a61eeb4eb	0.0000	10	1330	0.9326	false	high	operational_monomer_cluster;observed_consensus_representative;uncalibrated_confidence;cluster_identity=0.95;possible_higher_order_or_partial:TXF000378-TXF000470;likely_redundant:TXF000378-TXF000709;possible_higher_order_or_partial:TXF000378-TXF000931
TXF000379	TXM000379	62	fa1a7ec2e37c327c586aa2bcfc0f1090	0.5000	10	1310	0.7971	false	medium	operational_monomer_cluster;observed_consensus_representative;uncalibrated_confidence;cluster_identity=0.95
TXF000380	TXM000380	42	258805ed7ac46f327c957de7a5eebf50	0.4286	10	1300	0.8977	false	medium	operational_monomer_cluster;observed_consensus_representative;uncalibrated_confidence;cluster_identity=0.95
TXF000381	TXM000381	43	06426e4bd3a04d9ed27c5f988c9155c5	0.3488	10	1287	0.8366	false	medium	operational_monomer_cluster;observed_consensus_representative;uncalibrated_confidence;cluster_identity=0.95
TXF000382	TXM000382	39	7e6322f4e9105f7c19ca0b8fd834450c	0.4615	10	1272	0.9284	false	high	operational_monomer_cluster;observed_consensus_representative;uncalibrated_confidence;cluster_identity=0.95
TXF000383	TXM000383	50	c5373939cb07c708d1b9ced024260385	0.3400	10	1264	0.9463	false	high	operational_monomer_cluster;observed_consensus_representative;uncalibrated_confidence;cluster_identity=0.95
TXF000384	TXM000384	49	ecc6709226576cd57f76d2c7a355a515	0.3469	10	1210	0.7917	false	medium	operational_monomer_cluster;observed_consensus_representative;uncalibrated_confidence;cluster_identity=0.95
TXF000385	TXM000385	51	04c694099fc26717224d3e088a8c5348	0.2353	10	1198	0.8978	false	medium	operational_monomer_cluster;observed_consensus_representative;uncalibrated_confidence;cluster_identity=0.95
TXF000386	TXM000386	54	25d64168dd82f32d3252156d73698564	0.4815	10	1180	0.9345	false	high	operational_monomer_cluster;observed_consensus_representative;uncalibrated_confidence;cluster_identity=0.95
TXF000387	TXM000387	40	ef6a777a8e820587d6e2250d3cff609c	0.2750	10	1141	0.8267	false	medium	operational_monomer_cluster;observed_consensus_representative;uncalibrated_confidence;cluster_identity=0.95
TXF000388	TXM000388	55	cb82668cfa37f8437a2e68860b0d3be8	0.2000	10	1119	0.9583	false	high	operational_monomer_cluster;observed_consensus_representative;uncalibrated_confidence;cluster_identity=0.95
TXF000389	TXM000389	45	97903999e18fe4c6ce29452cb9e28ab0	0.4444	10	1106	0.9101	false	high	operational_monomer_cluster;observed_consensus_representative;uncalibrated_confidence;cluster_identity=0.95
TXF000390	TXM000390	53	7854986686480434dc909a761489e849	0.4528	10	1100	1.0000	false	high	operational_monomer_cluster;observed_consensus_representative;uncalibrated_confidence;cluster_identity=0.95
TXF000391	TXM000391	41	703eb2c3e231c59038cc46d1cae00402	0.2927	10	1086	0.8038	false	medium	operational_monomer_cluster;observed_consensus_representative;uncalibrated_confidence;cluster_identity=0.95
TXF000392	TXM000392	50	30c25394985f7f6ced5f9f9dd17181f2	0.3200	10	1081	0.8434	false	medium	operational_monomer_cluster;observed_consensus_representative;uncalibrated_confidence;cluster_identity=0.95
TXF000393	TXM000393	33	39557778a999b0b603e3c2e6ce6e6d55	0.3939	10	1074	0.8582	false	medium	operational_monomer_cluster;observed_consensus_representative;uncalibrated_confidence;cluster_identity=0.95
TXF000394	TXM000394	33	5c033ff69fce38cf79375a6c1cfc959f	0.3636	10	1047	0.9486	false	high	operational_monomer_cluster;observed_consensus_representative;uncalibrated_confidence;cluster_identity=0.95
TXF000395	TXM000395	37	cfd2bbaa467ae2f0a9ea1b791feef1b7	0.3243	10	1041	0.8444	false	medium	operational_monomer_cluster;observed_consensus_representative;uncalibrated_confidence;cluster_identity=0.95
TXF000396	TXM000396	50	03cab92a14ad77f1ead90d15c0766a38	0.3200	10	1033	0.9665	false	high	operational_monomer_cluster;observed_consensus_representative;uncalibrated_confidence;cluster_identity=0.95
TXF000397	TXM000397	42	136af5d9df6ecd2ecce71eb4e17b418a	0.3095	10	1010	0.8188	false	medium	operational_monomer_cluster;observed_consensus_representative;uncalibrated_confidence;cluster_identity=0.95
TXF000398	TXM000398	47	20aced9a0766d5688441ece08401c6fa	0.3404	10	1009	0.8148	false	medium	operational_monomer_cluster;observed_consensus_representative;uncalibrated_confidence;cluster_identity=0.95
TXF000399	TXM000399	38	2b61432498f50ff9fa78db160c953da9	0.4211	10	1008	0.8253	false	medium	operational_monomer_cluster;observed_consensus_representative;uncalibrated_confidence;cluster_identity=0.95
TXF000400	TXM000400	31	e113c3954734905063046f9fcdab0aa4	0.3548	10	1005	0.8093	false	medium	operational_monomer_cluster;observed_consensus_representative;uncalibrated_confidence;cluster_identity=0.95
TXF000401	TXM000401	42	e3fd027ce57c6f213ac6a40aac67b175	0.3571	10	1001	0.8603	false	medium	operational_monomer_cluster;observed_consensus_representative;uncalibrated_confidence;cluster_identity=0.95
TXF000402	TXM000402	531	b413a46c7ea77127301638bf50ae4f69	0.3898	9	101932	0.9184	false	high	operational_monomer_cluster;observed_consensus_representative;uncalibrated_confidence;cluster_identity=0.95;possible_higher_order_or_partial:TXF000003-TXF000402;possible_higher_order_or_partial:TXF000005-TXF000402;possible_higher_order_or_partial:TXF000010-TXF000402;possible_higher_order_or_partial:TXF000018-TXF000402;possible_higher_order_or_partial:TXF000038-TXF000402;possible_higher_order_or_partial:TXF000049-TXF000402;possible_higher_order_or_partial:TXF000080-TXF000402;possible_higher_order_or_partial:TXF000172-TXF000402;possible_higher_order_or_partial:TXF000218-TXF000402;possible_higher_order_or_partial:TXF000402-TXF000569;possible_higher_order_or_partial:TXF000402-TXF000574;possible_higher_order_or_partial:TXF000402-TXF001524
TXF000403	TXM000403	982	af835914548edc908088ca0889a7b04a	0.4206	9	26575	0.9733	false	high	operational_monomer_cluster;observed_consensus_representative;uncalibrated_confidence;cluster_identity=0.95;possible_higher_order_or_partial:TXF000048-TXF000403
TXF000404	TXM000404	924	955e73f31c1b36999f42fa3b62a3c95e	0.3745	9	24951	0.9457	false	high	operational_monomer_cluster;observed_consensus_representative;uncalibrated_confidence;cluster_identity=0.95;possible_higher_order_or_partial:TXF000003-TXF000404;possible_higher_order_or_partial:TXF000004-TXF000404;possible_higher_order_or_partial:TXF000005-TXF000404;possible_higher_order_or_partial:TXF000018-TXF000404;possible_higher_order_or_partial:TXF000019-TXF000404;possible_higher_order_or_partial:TXF000061-TXF000404;possible_higher_order_or_partial:TXF000404-TXF000574
TXF000405	TXM000405	150	e4375b18cc65a9df8dc36b28c454e367	0.4600	9	22563	0.8330	false	medium	operational_monomer_cluster;observed_consensus_representative;uncalibrated_confidence;cluster_identity=0.95
TXF000406	TXM000406	642	d4989515873da4f17b0341470a7fa578	0.3536	9	21168	0.9291	false	high	operational_monomer_cluster;observed_consensus_representative;uncalibrated_confidence;cluster_identity=0.95;possible_higher_order_or_partial:TXF000005-TXF000406;possible_higher_order_or_partial:TXF000018-TXF000406;possible_higher_order_or_partial:TXF000038-TXF000406;possible_higher_order_or_partial:TXF000081-TXF000406;possible_higher_order_or_partial:TXF000218-TXF000406;possible_higher_order_or_partial:TXF000318-TXF000406
TXF000407	TXM000407	638	442197d338e10a91844c3c695dc482ee	0.3542	9	20576	0.9607	false	high	operational_monomer_cluster;observed_consensus_representative;uncalibrated_confidence;cluster_identity=0.95
TXF000408	TXM000408	478	48ef3913cc4c607b89258bdffb0410b4	0.3577	9	17060	0.8236	false	medium	operational_monomer_cluster;observed_consensus_representative;uncalibrated_confidence;cluster_identity=0.95;possible_higher_order_or_partial:TXF000144-TXF000408;possible_higher_order_or_partial:TXF000408-TXF000809;possible_higher_order_or_partial:TXF000408-TXF001266
TXF000409	TXM000409	520	2b205105bbb1c7b5767b9d36ce250fe8	0.3750	9	13733	0.9286	false	high	operational_monomer_cluster;observed_consensus_representative;uncalibrated_confidence;cluster_identity=0.95;possible_higher_order_or_partial:TXF000409-TXF001518
TXF000410	TXM000410	325	956f0140386a564fe992f83a5d9d0f26	0.3938	9	11834	0.9760	false	high	operational_monomer_cluster;observed_consensus_representative;uncalibrated_confidence;cluster_identity=0.95;possible_higher_order_or_partial:TXF000410-TXF001583
TXF000411	TXM000411	213	73c1b026bd97d0dde22fc87ae19c4d0f	0.3474	9	9573	0.9807	false	high	operational_monomer_cluster;observed_consensus_representative;uncalibrated_confidence;cluster_identity=0.95
TXF000412	TXM000412	518	770250c384900158c5324a08c0edc9c4	0.3591	9	9484	0.8244	false	medium	operational_monomer_cluster;observed_consensus_representative;uncalibrated_confidence;cluster_identity=0.95
TXF000413	TXM000413	117	2dda58b9942287a1a435e7805745e7e8	0.2906	9	9452	0.9296	false	high	operational_monomer_cluster;observed_consensus_representative;uncalibrated_confidence;cluster_identity=0.95
TXF000414	TXM000414	472	2ffba8bf3236de545c59e8c14780a3f8	0.4258	9	8647	0.9574	false	high	operational_monomer_cluster;observed_consensus_representative;uncalibrated_confidence;cluster_identity=0.95
TXF000415	TXM000415	228	b7064d99d1919421b7f9c79bc1df229b	0.4518	9	8597	0.8478	false	medium	operational_monomer_cluster;observed_consensus_representative;uncalibrated_confidence;cluster_identity=0.95
TXF000416	TXM000416	159	8e94041e378f7e40edb06c4b672db1a6	0.4151	9	7219	0.8373	false	medium	operational_monomer_cluster;observed_consensus_representative;uncalibrated_confidence;cluster_identity=0.95
TXF000417	TXM000417	154	b61020f154a19f415b0da14c53e81e82	0.3636	9	6934	0.9693	false	high	operational_monomer_cluster;observed_consensus_representative;uncalibrated_confidence;cluster_identity=0.95
TXF000418	TXM000418	360	3194ed10c938fa8c5b064802d7bce7c2	0.3333	9	6786	0.8051	false	medium	operational_monomer_cluster;observed_consensus_representative;uncalibrated_confidence;cluster_identity=0.95
TXF000419	TXM000419	117	4f3f3a08850dda86184e42c378e40811	0.4444	9	6161	0.8598	false	medium	operational_monomer_cluster;observed_consensus_representative;uncalibrated_confidence;cluster_identity=0.95
TXF000420	TXM000420	178	1e6163044658cc664820336729ffab52	0.3652	9	5661	0.8295	false	medium	operational_monomer_cluster;observed_consensus_representative;uncalibrated_confidence;cluster_identity=0.95;possible_higher_order_or_partial:TXF000420-TXF001106
TXF000421	TXM000421	290	5bf6e5dc1b110fb9a3fc2878864a0062	0.3724	9	5458	0.7848	false	medium	operational_monomer_cluster;observed_consensus_representative;uncalibrated_confidence;cluster_identity=0.95
TXF000422	TXM000422	185	db7feb4af32c7b99b5d80b2750e08e0a	0.2216	9	5358	0.8857	false	medium	operational_monomer_cluster;observed_consensus_representative;uncalibrated_confidence;cluster_identity=0.95;possible_higher_order_or_partial:TXF000422-TXF000851
TXF000423	TXM000423	284	8e9622239df0477063a90edf6dee906d	0.3662	9	5288	0.9661	false	high	operational_monomer_cluster;observed_consensus_representative;uncalibrated_confidence;cluster_identity=0.95
TXF000424	TXM000424	161	e1729f3f11c3e10843bf6a1a124894b6	0.3727	9	5224	0.8264	false	medium	operational_monomer_cluster;observed_consensus_representative;uncalibrated_confidence;cluster_identity=0.95
TXF000425	TXM000425	175	91cefc257d29a03d10b08372a1bacb70	0.2457	9	5211	0.8714	false	medium	operational_monomer_cluster;observed_consensus_representative;uncalibrated_confidence;cluster_identity=0.95
TXF000426	TXM000426	275	99e27e8f1d1d6a0bc541354b2044e739	0.2327	9	5094	0.8319	false	medium	operational_monomer_cluster;observed_consensus_representative;uncalibrated_confidence;cluster_identity=0.95
TXF000427	TXM000427	177	e827eda4dbabde3ee384ce29cbfdc9c0	0.1977	9	4912	0.8460	false	medium	operational_monomer_cluster;observed_consensus_representative;uncalibrated_confidence;cluster_identity=0.95
TXF000428	TXM000428	240	e643772727e1c3f2aa893907c4489444	0.3375	9	4631	0.9069	false	high	operational_monomer_cluster;observed_consensus_representative;uncalibrated_confidence;cluster_identity=0.95
TXF000429	TXM000429	242	ecef6b1b2a91a2f9fc9c4efcff77a259	0.3430	9	4525	0.8807	false	medium	operational_monomer_cluster;observed_consensus_representative;uncalibrated_confidence;cluster_identity=0.95;possible_higher_order_or_partial:TXF000429-TXF001137;possible_higher_order_or_partial:TXF000429-TXF001651
TXF000430	TXM000430	241	89a738390b1bed100f4f6672efea1ad5	0.2033	9	4509	0.8299	false	medium	operational_monomer_cluster;observed_consensus_representative;uncalibrated_confidence;cluster_identity=0.95
TXF000431	TXM000431	244	307b8957b0ef747f4c81024d8a79bd0c	0.3320	9	4492	0.9811	false	high	operational_monomer_cluster;observed_consensus_representative;uncalibrated_confidence;cluster_identity=0.95
TXF000432	TXM000432	48	8000df2badcfa144e1f2faff7ea534eb	0.6042	9	4432	0.9195	false	high	operational_monomer_cluster;observed_consensus_representative;uncalibrated_confidence;cluster_identity=0.95
TXF000433	TXM000433	242	35c287eb1a823965241afaf8d4f4986d	0.3430	9	4376	0.8548	false	medium	operational_monomer_cluster;observed_consensus_representative;uncalibrated_confidence;cluster_identity=0.95;possible_higher_order_or_partial:TXF000433-TXF001175
TXF000434	TXM000434	185	b9155f8e22ef31fc8b25dc10fcf0643a	0.5568	9	4262	0.8134	false	medium	operational_monomer_cluster;observed_consensus_representative;uncalibrated_confidence;cluster_identity=0.95;possible_higher_order_or_partial:TXF000001-TXF000434;possible_higher_order_or_partial:TXF000022-TXF000434;possible_higher_order_or_partial:TXF000058-TXF000434;possible_higher_order_or_partial:TXF000102-TXF000434;possible_higher_order_or_partial:TXF000173-TXF000434;possible_higher_order_or_partial:TXF000190-TXF000434;possible_higher_order_or_partial:TXF000201-TXF000434;possible_higher_order_or_partial:TXF000434-TXF000476;possible_higher_order_or_partial:TXF000434-TXF001136;possible_higher_order_or_partial:TXF000434-TXF001621;possible_higher_order_or_partial:TXF000434-TXF001793
TXF000435	TXM000435	33	a616f1d9adccd90dbd37d94e86799cb8	0.6061	9	4240	0.8310	false	medium	operational_monomer_cluster;observed_consensus_representative;uncalibrated_confidence;cluster_identity=0.95
TXF000436	TXM000436	226	61aa54f0e09e2b2d8cdbc4be27c98c88	0.3319	9	4166	0.9822	false	high	operational_monomer_cluster;observed_consensus_representative;uncalibrated_confidence;cluster_identity=0.95
TXF000437	TXM000437	227	78d03b976f57bc4cae14f2d767e9b776	0.3348	9	4115	0.9172	false	high	operational_monomer_cluster;observed_consensus_representative;uncalibrated_confidence;cluster_identity=0.95
TXF000438	TXM000438	104	e2f7aefe18f21873b1dbedaf221e2723	0.3173	9	4049	0.9031	false	high	operational_monomer_cluster;observed_consensus_representative;uncalibrated_confidence;cluster_identity=0.95
TXF000439	TXM000439	125	974d6c963777714846f0c7789806eccb	0.4560	9	4034	0.8599	false	medium	operational_monomer_cluster;observed_consensus_representative;uncalibrated_confidence;cluster_identity=0.95
TXF000440	TXM000440	209	d0004a1526ca00ee6a432c46a6b7e820	0.4019	9	3820	0.8529	false	medium	operational_monomer_cluster;observed_consensus_representative;uncalibrated_confidence;cluster_identity=0.95
TXF000441	TXM000441	78	47d7da473cbbff0c778f67afdee5ce9f	0.4744	9	3793	0.9377	false	high	operational_monomer_cluster;observed_consensus_representative;uncalibrated_confidence;cluster_identity=0.95
TXF000442	TXM000442	195	b9756f8b901ab97610ad173e0199919b	0.1744	9	3543	0.9744	false	high	operational_monomer_cluster;observed_consensus_representative;uncalibrated_confidence;cluster_identity=0.95
TXF000443	TXM000443	187	9717f989b51e7e81d13cdf8ce6a46e77	0.3583	9	3445	0.8285	false	medium	operational_monomer_cluster;observed_consensus_representative;uncalibrated_confidence;cluster_identity=0.95
TXF000444	TXM000444	119	9bad9aed2c8ca131a478874a6aec2d6c	0.4118	9	3294	0.9256	false	high	operational_monomer_cluster;observed_consensus_representative;uncalibrated_confidence;cluster_identity=0.95
TXF000445	TXM000445	128	2c42d5f88d88f21fcd17aa4381639931	0.3594	9	3172	0.8175	false	medium	operational_monomer_cluster;observed_consensus_representative;uncalibrated_confidence;cluster_identity=0.95
TXF000446	TXM000446	99	34c99230f2bdaebf1cd4452ee2efe210	0.1919	9	3105	0.8711	false	medium	operational_monomer_cluster;observed_consensus_representative;uncalibrated_confidence;cluster_identity=0.95
TXF000447	TXM000447	166	2e777cf50aed8ac491ed797af2023923	0.1145	9	3097	0.8325	false	medium	operational_monomer_cluster;observed_consensus_representative;uncalibrated_confidence;cluster_identity=0.95
TXF000448	TXM000448	165	5e960c8aaff8754cfddcd74e8028e505	0.3273	9	3061	0.8873	false	medium	operational_monomer_cluster;observed_consensus_representative;uncalibrated_confidence;cluster_identity=0.95
TXF000449	TXM000449	111	eb918c6764929a7c1a0a53617b341ba5	0.3153	9	3039	0.8367	false	medium	operational_monomer_cluster;observed_consensus_representative;uncalibrated_confidence;cluster_identity=0.95;possible_higher_order_or_partial:TXF000449-TXF000715
TXF000450	TXM000450	160	fc1d592a7f02f4cc45ff680cc9842497	0.3250	9	2966	0.8287	false	medium	operational_monomer_cluster;observed_consensus_representative;uncalibrated_confidence;cluster_identity=0.95;possible_higher_order_or_partial:TXF000144-TXF000450;possible_higher_order_or_partial:TXF000450-TXF000650;possible_higher_order_or_partial:TXF000450-TXF001266
TXF000451	TXM000451	134	2e0ff58037b97a6319884a560b6c7c8c	0.3134	9	2942	0.9317	false	high	operational_monomer_cluster;observed_consensus_representative;uncalibrated_confidence;cluster_identity=0.95;possible_higher_order_or_partial:TXF000451-TXF000879
TXF000452	TXM000452	156	ea380e933d88ae1c24a21835b2324ae3	0.2692	9	2889	0.8569	false	medium	operational_monomer_cluster;observed_consensus_representative;uncalibrated_confidence;cluster_identity=0.95
TXF000453	TXM000453	39	9da012b97072056b3e8fe0f94f92169d	0.2564	9	2508	0.8694	false	medium	operational_monomer_cluster;observed_consensus_representative;uncalibrated_confidence;cluster_identity=0.95
TXF000454	TXM000454	72	ef8683e11f9726b5c948afa4e5360289	0.5556	9	2496	0.9000	false	high	operational_monomer_cluster;observed_consensus_representative;uncalibrated_confidence;cluster_identity=0.95;possible_higher_order_or_partial:TXF000454-TXF001271
TXF000455	TXM000455	105	a2d571f2c873c6b1a88b785d613330ee	0.5333	9	2454	0.8893	false	medium	operational_monomer_cluster;observed_consensus_representative;uncalibrated_confidence;cluster_identity=0.95
TXF000456	TXM000456	136	c5f274fd7a7db7e19cc94f06951750ce	0.3897	9	2448	0.9976	false	high	operational_monomer_cluster;observed_consensus_representative;uncalibrated_confidence;cluster_identity=0.95
TXF000457	TXM000457	58	894f9f0c4c29906eb97994192978b379	0.5862	9	2409	0.8138	false	medium	operational_monomer_cluster;observed_consensus_representative;uncalibrated_confidence;cluster_identity=0.95;likely_redundant:TXF000457-TXF001880
TXF000458	TXM000458	128	83c588ffe2f26927a1901a0d6c5d0391	0.3438	9	2391	0.9512	false	high	operational_monomer_cluster;observed_consensus_representative;uncalibrated_confidence;cluster_identity=0.95
TXF000459	TXM000459	125	79ec7d2e9f2a627d204f17ac0f1dd8a6	0.2000	9	2353	0.8506	false	medium	operational_monomer_cluster;observed_consensus_representative;uncalibrated_confidence;cluster_identity=0.95
TXF000460	TXM000460	44	72fae604580884bbae0e78d45150316a	0.3182	9	2232	0.8696	false	medium	operational_monomer_cluster;observed_consensus_representative;uncalibrated_confidence;cluster_identity=0.95;possible_higher_order_or_partial:TXF000460-TXF001648;possible_higher_order_or_partial:TXF000460-TXF001792
TXF000461	TXM000461	119	bf37dd6f135e42f54ca8a31ad93ca010	0.3025	9	2215	0.9214	false	high	operational_monomer_cluster;observed_consensus_representative;uncalibrated_confidence;cluster_identity=0.95
TXF000462	TXM000462	112	fe831d7ecd0845c86610a952ddee66b6	0.2232	9	2207	0.9134	false	high	operational_monomer_cluster;observed_consensus_representative;uncalibrated_confidence;cluster_identity=0.95;possible_higher_order_or_partial:TXF000462-TXF001395
TXF000463	TXM000463	117	bb459833a16ef3cd5b554efb4f7c0118	0.2051	9	2203	0.9238	false	high	operational_monomer_cluster;observed_consensus_representative;uncalibrated_confidence;cluster_identity=0.95
TXF000464	TXM000464	78	ab4c31d1f591f5063385b4741d5e46fb	0.4872	9	2191	0.8471	false	medium	operational_monomer_cluster;observed_consensus_representative;uncalibrated_confidence;cluster_identity=0.95
TXF000465	TXM000465	30	8a390f31ef81b033aba58517ef3fdc8e	0.5667	9	2150	0.8918	false	medium	operational_monomer_cluster;observed_consensus_representative;uncalibrated_confidence;cluster_identity=0.95
TXF000466	TXM000466	117	c43beb91c242ba335417a5f5011ef35d	0.1709	9	2149	0.8973	false	medium	operational_monomer_cluster;observed_consensus_representative;uncalibrated_confidence;cluster_identity=0.95
TXF000467	TXM000467	115	e7b1582cb5f2b2f504003ca79a916a34	0.3043	9	2133	0.9219	false	high	operational_monomer_cluster;observed_consensus_representative;uncalibrated_confidence;cluster_identity=0.95
TXF000468	TXM000468	101	db314028bcd4fd1f1c4e2387791155ae	0.2574	9	2129	0.8588	false	medium	operational_monomer_cluster;observed_consensus_representative;uncalibrated_confidence;cluster_identity=0.95
TXF000469	TXM000469	113	ba136d8004a94ec2acce76583e20f1bf	0.2124	9	2118	0.8374	false	medium	operational_monomer_cluster;observed_consensus_representative;uncalibrated_confidence;cluster_identity=0.95
TXF000470	TXM000470	112	78b3d7e0a8af1baa4352aec95f93f980	0.2054	9	2054	0.9482	false	high	operational_monomer_cluster;observed_consensus_representative;uncalibrated_confidence;cluster_identity=0.95;possible_higher_order_or_partial:TXF000378-TXF000470;possible_higher_order_or_partial:TXF000470-TXF000709
TXF000471	TXM000471	102	4ea32ee1c7d66507d68bb5039c3ebf9b	0.3529	9	1997	0.9752	false	high	operational_monomer_cluster;observed_consensus_representative;uncalibrated_confidence;cluster_identity=0.95
TXF000472	TXM000472	42	8b6022f0468b70b158ffd1cbff6639c2	0.5238	9	1988	0.9386	false	high	operational_monomer_cluster;observed_consensus_representative;uncalibrated_confidence;cluster_identity=0.95
TXF000473	TXM000473	54	c5116ae81cc8fefeb8985b4a091a48ae	0.4630	9	1971	0.9375	false	high	operational_monomer_cluster;observed_consensus_representative;uncalibrated_confidence;cluster_identity=0.95
TXF000474	TXM000474	76	c52f104537b35dde45ef7e14faee679f	0.3026	9	1966	0.9211	false	high	operational_monomer_cluster;observed_consensus_representative;uncalibrated_confidence;cluster_identity=0.95;possible_higher_order_or_partial:TXF000474-TXF000725
TXF000475	TXM000475	87	f078bdcdde26cb6b09e92b79d5e11054	0.3218	9	1953	0.8151	false	medium	operational_monomer_cluster;observed_consensus_representative;uncalibrated_confidence;cluster_identity=0.95;possible_higher_order_or_partial:TXF000357-TXF000475
TXF000476	TXM000476	103	7a9d4d4852a75848bc69d918e640f768	0.5922	9	1952	0.7952	false	medium	operational_monomer_cluster;observed_consensus_representative;uncalibrated_confidence;cluster_identity=0.95;possible_higher_order_or_partial:TXF000013-TXF000476;possible_higher_order_or_partial:TXF000017-TXF000476;possible_higher_order_or_partial:TXF000022-TXF000476;possible_higher_order_or_partial:TXF000036-TXF000476;possible_higher_order_or_partial:TXF000058-TXF000476;possible_higher_order_or_partial:TXF000102-TXF000476;possible_higher_order_or_partial:TXF000108-TXF000476;possible_higher_order_or_partial:TXF000190-TXF000476;possible_higher_order_or_partial:TXF000201-TXF000476;possible_higher_order_or_partial:TXF000217-TXF000476;possible_higher_order_or_partial:TXF000434-TXF000476;possible_higher_order_or_partial:TXF000476-TXF001136;possible_higher_order_or_partial:TXF000476-TXF001621
TXF000477	TXM000477	54	bbc16cee1b8ffbb7843694f5ed0ba907	0.5370	9	1947	0.8879	false	medium	operational_monomer_cluster;observed_consensus_representative;uncalibrated_confidence;cluster_identity=0.95
TXF000478	TXM000478	64	fb979ca3e776ef07fb71c283b890c67f	0.4531	9	1944	0.8301	false	medium	operational_monomer_cluster;observed_consensus_representative;uncalibrated_confidence;cluster_identity=0.95
TXF000479	TXM000479	99	7700651169622de34c03b35fbcf65b48	0.3535	9	1918	0.8658	false	medium	operational_monomer_cluster;observed_consensus_representative;uncalibrated_confidence;cluster_identity=0.95
TXF000480	TXM000480	96	ca1e8bbceb4eaf3c836a5fd2ab288ff4	0.2083	9	1917	0.8322	false	medium	operational_monomer_cluster;observed_consensus_representative;uncalibrated_confidence;cluster_identity=0.95
TXF000481	TXM000481	92	710b72d79153b724ac0b64813c701431	0.2717	9	1875	0.8544	false	medium	operational_monomer_cluster;observed_consensus_representative;uncalibrated_confidence;cluster_identity=0.95
TXF000482	TXM000482	103	83e81de0cbbfe761fa287dee9b9a3907	0.3495	9	1873	0.7992	false	medium	operational_monomer_cluster;observed_consensus_representative;uncalibrated_confidence;cluster_identity=0.95
TXF000483	TXM000483	35	0c02b0ab7e35ba9a85fcbecc5f92e5e3	0.1143	9	1786	0.8707	false	medium	operational_monomer_cluster;observed_consensus_representative;uncalibrated_confidence;cluster_identity=0.95
TXF000484	TXM000484	43	60ab0cf7277018984d39258335996b95	0.2326	9	1778	0.9642	false	high	operational_monomer_cluster;observed_consensus_representative;uncalibrated_confidence;cluster_identity=0.95
TXF000485	TXM000485	90	15b1768bf5e76f42a3368728a9169dd1	0.5778	9	1773	0.8411	false	medium	operational_monomer_cluster;observed_consensus_representative;uncalibrated_confidence;cluster_identity=0.95
TXF000486	TXM000486	42	d82310a7aff1fa49106af94f9fc567f8	0.5714	9	1765	0.8340	false	medium	operational_monomer_cluster;observed_consensus_representative;uncalibrated_confidence;cluster_identity=0.95
TXF000487	TXM000487	90	5b994d05d84d8079d0c43045673532ed	0.3333	9	1746	0.8585	false	medium	operational_monomer_cluster;observed_consensus_representative;uncalibrated_confidence;cluster_identity=0.95
TXF000488	TXM000488	41	f271393f6f09f05be425e05142c4d973	0.3415	9	1713	0.8372	false	medium	operational_monomer_cluster;observed_consensus_representative;uncalibrated_confidence;cluster_identity=0.95
TXF000489	TXM000489	69	4d69683f0588de744b13f949f6d20633	0.2609	9	1707	0.9080	false	high	operational_monomer_cluster;observed_consensus_representative;uncalibrated_confidence;cluster_identity=0.95
TXF000490	TXM000490	42	08fbf2ce83b4c4ba1c203f97412b86fd	0.4048	9	1683	0.8176	false	medium	operational_monomer_cluster;observed_consensus_representative;uncalibrated_confidence;cluster_identity=0.95
TXF000491	TXM000491	91	9f4d7e2b22c40b75d89de15bc7ae39bc	0.4945	9	1674	0.9147	false	high	operational_monomer_cluster;observed_consensus_representative;uncalibrated_confidence;cluster_identity=0.95
TXF000492	TXM000492	90	cc532f47be67228eefae126e715dfe23	0.4556	9	1646	0.8461	false	medium	operational_monomer_cluster;observed_consensus_representative;uncalibrated_confidence;cluster_identity=0.95
TXF000493	TXM000493	60	bdb626f1cadaf47aed553e82140f140d	0.2000	9	1641	0.8189	false	medium	operational_monomer_cluster;observed_consensus_representative;uncalibrated_confidence;cluster_identity=0.95
TXF000494	TXM000494	57	6ed376e08935d31456131214b825dc52	0.4211	9	1613	0.8757	false	medium	operational_monomer_cluster;observed_consensus_representative;uncalibrated_confidence;cluster_identity=0.95
TXF000495	TXM000495	81	b79dd2a1bee822a81c70d5682534092f	0.5309	9	1598	0.9069	false	high	operational_monomer_cluster;observed_consensus_representative;uncalibrated_confidence;cluster_identity=0.95;possible_higher_order_or_partial:TXF000268-TXF000495
TXF000496	TXM000496	54	1a36b5310fb861e1132a967f6a201488	0.5556	9	1597	0.9222	false	high	operational_monomer_cluster;observed_consensus_representative;uncalibrated_confidence;cluster_identity=0.95
TXF000497	TXM000497	37	ae76973ba82034a9b9c86fc2a283d2fb	0.2703	9	1562	0.9424	false	high	operational_monomer_cluster;observed_consensus_representative;uncalibrated_confidence;cluster_identity=0.95
TXF000498	TXM000498	48	092af162bfb38336e2d6f62443365e53	0.5417	9	1548	0.9355	false	high	operational_monomer_cluster;observed_consensus_representative;uncalibrated_confidence;cluster_identity=0.95
TXF000499	TXM000499	74	b8c03eaf5c434b0af4ed71015cc8aa7f	0.3784	9	1540	0.8444	false	medium	operational_monomer_cluster;observed_consensus_representative;uncalibrated_confidence;cluster_identity=0.95
TXF000500	TXM000500	75	e2910000cb88d2b0513ae691dc39a381	0.2800	9	1526	0.8881	false	medium	operational_monomer_cluster;observed_consensus_representative;uncalibrated_confidence;cluster_identity=0.95
TXF000501	TXM000501	48	d4a0299433037faedb617046b6641072	0.5000	9	1524	0.8894	false	medium	operational_monomer_cluster;observed_consensus_representative;uncalibrated_confidence;cluster_identity=0.95
TXF000502	TXM000502	83	4424b8ab520a2966411c8dd8a8c55376	0.2289	9	1517	0.9845	false	high	operational_monomer_cluster;observed_consensus_representative;uncalibrated_confidence;cluster_identity=0.95
TXF000503	TXM000503	45	14af87614b37bc47c8cd741f740dfa17	0.2889	9	1510	0.8711	false	medium	operational_monomer_cluster;observed_consensus_representative;uncalibrated_confidence;cluster_identity=0.95
TXF000504	TXM000504	44	6a032192eb12b14c4aced2293afe4a13	0.4318	9	1493	0.9295	false	high	operational_monomer_cluster;observed_consensus_representative;uncalibrated_confidence;cluster_identity=0.95
TXF000505	TXM000505	81	67c6cd039530b31f78b03c29756cca53	0.3457	9	1485	0.8023	false	medium	operational_monomer_cluster;observed_consensus_representative;uncalibrated_confidence;cluster_identity=0.95
TXF000506	TXM000506	68	34f3b3c53a839a5415a2e69d48fbeadf	0.2941	9	1484	0.9395	false	high	operational_monomer_cluster;observed_consensus_representative;uncalibrated_confidence;cluster_identity=0.95
TXF000507	TXM000507	74	31a1463e7ea7a03a5be1a5434dde4a31	0.1892	9	1465	0.8862	false	medium	operational_monomer_cluster;observed_consensus_representative;uncalibrated_confidence;cluster_identity=0.95
TXF000508	TXM000508	45	f8aa71ff75c75bb92972fb27b44cfd6a	0.5556	9	1462	0.8400	false	medium	operational_monomer_cluster;observed_consensus_representative;uncalibrated_confidence;cluster_identity=0.95
TXF000509	TXM000509	78	96318a89372e2a12209c497c7a50eb44	0.2179	9	1444	0.9925	false	high	operational_monomer_cluster;observed_consensus_representative;uncalibrated_confidence;cluster_identity=0.95
TXF000510	TXM000510	74	458fc9ccab68af9f73866dc25fa376d5	0.3919	9	1434	0.7969	false	medium	operational_monomer_cluster;observed_consensus_representative;uncalibrated_confidence;cluster_identity=0.95
TXF000511	TXM000511	74	9c20466b7639c9a8951f149cc6e24b57	0.3108	9	1368	0.9829	false	high	operational_monomer_cluster;observed_consensus_representative;uncalibrated_confidence;cluster_identity=0.95
TXF000512	TXM000512	43	879db9eee546f6f25f13a07c982a1cbc	0.4186	9	1368	0.8586	false	medium	operational_monomer_cluster;observed_consensus_representative;uncalibrated_confidence;cluster_identity=0.95
TXF000513	TXM000513	75	1e5680a03d62cbf5e2c34403b72d0716	0.2933	9	1368	0.9822	false	high	operational_monomer_cluster;observed_consensus_representative;uncalibrated_confidence;cluster_identity=0.95
TXF000514	TXM000514	39	8df3cc3dea5bc6d957921665a809dd21	0.3590	9	1358	0.9111	false	high	operational_monomer_cluster;observed_consensus_representative;uncalibrated_confidence;cluster_identity=0.95
TXF000515	TXM000515	36	2861324153e0578e178253e96008bed5	0.3889	9	1345	0.9224	false	high	operational_monomer_cluster;observed_consensus_representative;uncalibrated_confidence;cluster_identity=0.95;possible_higher_order_or_partial:TXF000115-TXF000515
TXF000516	TXM000516	42	c318a21143d08891f43ddd6c6d540051	0.4762	9	1342	0.8765	false	medium	operational_monomer_cluster;observed_consensus_representative;uncalibrated_confidence;cluster_identity=0.95;possible_higher_order_or_partial:TXF000516-TXF000871
TXF000517	TXM000517	64	e51210780024709c89fe9ebd487eeddb	0.1094	9	1335	0.9489	false	high	operational_monomer_cluster;observed_consensus_representative;uncalibrated_confidence;cluster_identity=0.95
TXF000518	TXM000518	70	2fd9b8cd7614ac3e4b870094f53c1eb1	0.3857	9	1328	0.9355	false	high	operational_monomer_cluster;observed_consensus_representative;uncalibrated_confidence;cluster_identity=0.95
TXF000519	TXM000519	44	f72ca9fa998903b66568425e2c74b0f1	0.2955	9	1285	0.8678	false	medium	operational_monomer_cluster;observed_consensus_representative;uncalibrated_confidence;cluster_identity=0.95
TXF000520	TXM000520	63	da07dea68cb2319b7f6544655595d23c	0.4444	9	1223	0.9711	false	high	operational_monomer_cluster;observed_consensus_representative;uncalibrated_confidence;cluster_identity=0.95
TXF000521	TXM000521	59	5b3bdd83854f21d01dc711ba707cf9cb	0.3390	9	1208	0.9279	false	high	operational_monomer_cluster;observed_consensus_representative;uncalibrated_confidence;cluster_identity=0.95
TXF000522	TXM000522	60	ad1607de0c79e0a8c07035f940f4c27a	0.2167	9	1207	0.8719	false	medium	operational_monomer_cluster;observed_consensus_representative;uncalibrated_confidence;cluster_identity=0.95
TXF000523	TXM000523	30	6a9b6654cc2a4d83926e2f07cc79b1d1	0.5667	9	1199	0.8320	false	medium	operational_monomer_cluster;observed_consensus_representative;uncalibrated_confidence;cluster_identity=0.95
TXF000524	TXM000524	50	fde300747e27fe0718e533fc665f80bf	0.2600	9	1181	0.8330	false	medium	operational_monomer_cluster;observed_consensus_representative;uncalibrated_confidence;cluster_identity=0.95
TXF000525	TXM000525	63	09bcf44950ce72a1ac3a0695fb09d0bb	0.3810	9	1170	0.8109	false	medium	operational_monomer_cluster;observed_consensus_representative;uncalibrated_confidence;cluster_identity=0.95
TXF000526	TXM000526	58	31a47ed0f74dd10b75bb4060ebd9663d	0.3448	9	1135	0.8910	false	medium	operational_monomer_cluster;observed_consensus_representative;uncalibrated_confidence;cluster_identity=0.95
TXF000527	TXM000527	56	45a19504b2603c1131b8b2c6d6f285a3	0.3929	9	1109	0.9490	false	high	operational_monomer_cluster;observed_consensus_representative;uncalibrated_confidence;cluster_identity=0.95;possible_higher_order_or_partial:TXF000527-TXF001599;possible_higher_order_or_partial:TXF000527-TXF001728
TXF000528	TXM000528	39	72563528e0c0bd1cdff9eefda0b6c7b8	0.4359	9	1108	0.9499	false	high	operational_monomer_cluster;observed_consensus_representative;uncalibrated_confidence;cluster_identity=0.95
TXF000529	TXM000529	54	84925151034c804a3f301a533ff18966	0.3889	9	1071	0.9077	false	high	operational_monomer_cluster;observed_consensus_representative;uncalibrated_confidence;cluster_identity=0.95
TXF000530	TXM000530	30	b08dcebf359d2d8ff9883ab191f7afc4	0.3333	9	1059	0.8770	false	medium	operational_monomer_cluster;observed_consensus_representative;uncalibrated_confidence;cluster_identity=0.95;possible_higher_order_or_partial:TXF000057-TXF000530;possible_higher_order_or_partial:TXF000147-TXF000530;possible_higher_order_or_partial:TXF000530-TXF000930;likely_redundant:TXF000530-TXF000960;possible_higher_order_or_partial:TXF000530-TXF001737;possible_higher_order_or_partial:TXF000530-TXF001988
TXF000531	TXM000531	56	eb1114a48e78fdc792f2b708d768eb7a	0.5714	9	1048	0.9152	false	high	operational_monomer_cluster;observed_consensus_representative;uncalibrated_confidence;cluster_identity=0.95
TXF000532	TXM000532	56	af9830aa22633349880cd2ddcdd41a03	0.3571	9	1035	0.9492	false	high	operational_monomer_cluster;observed_consensus_representative;uncalibrated_confidence;cluster_identity=0.95
TXF000533	TXM000533	32	a5730b770b6bf4980d8e058209ad5fd5	0.2500	9	1031	0.8833	false	medium	operational_monomer_cluster;observed_consensus_representative;uncalibrated_confidence;cluster_identity=0.95
TXF000534	TXM000534	55	0a49ebaf5cc7e850817858a6c06fa2aa	0.1273	9	1017	0.8911	false	medium	operational_monomer_cluster;observed_consensus_representative;uncalibrated_confidence;cluster_identity=0.95
TXF000535	TXM000535	36	9fdc487a1e10b8185575532306835d7f	0.5000	9	1010	0.8254	false	medium	operational_monomer_cluster;observed_consensus_representative;uncalibrated_confidence;cluster_identity=0.95
TXF000536	TXM000536	34	d2ccf910d0855e629d5b7ef27b9c0b99	0.3235	9	1008	0.8031	false	medium	operational_monomer_cluster;observed_consensus_representative;uncalibrated_confidence;cluster_identity=0.95
TXF000537	TXM000537	41	eb30248d0ae6f2a69be8f7bc5e7ab17a	0.2195	9	994	0.8754	false	medium	operational_monomer_cluster;observed_consensus_representative;uncalibrated_confidence;cluster_identity=0.95
TXF000538	TXM000538	35	a81c2101aeaac55c7372a82eae5697fe	0.2857	9	989	0.9319	false	high	operational_monomer_cluster;observed_consensus_representative;uncalibrated_confidence;cluster_identity=0.95
TXF000539	TXM000539	54	19058ee494f014499715afbf8b706d08	0.3889	9	982	0.9960	false	high	operational_monomer_cluster;observed_consensus_representative;uncalibrated_confidence;cluster_identity=0.95
TXF000540	TXM000540	33	a0d71e83f2ed888d2add6463f47cbe5b	0.3939	9	982	0.8803	false	medium	operational_monomer_cluster;observed_consensus_representative;uncalibrated_confidence;cluster_identity=0.95
TXF000541	TXM000541	36	90baf5d8524cf08964fe40da2f2eb64f	0.4722	9	980	0.8752	false	medium	operational_monomer_cluster;observed_consensus_representative;uncalibrated_confidence;cluster_identity=0.95
TXF000542	TXM000542	34	7ee1682fadadc0470b82b28a6afdfd9c	0.1176	9	964	0.8328	false	medium	operational_monomer_cluster;observed_consensus_representative;uncalibrated_confidence;cluster_identity=0.95
TXF000543	TXM000543	50	57ee77ff4e6e52acfc15da89e21a894b	0.4400	9	961	0.8792	false	medium	operational_monomer_cluster;observed_consensus_representative;uncalibrated_confidence;cluster_identity=0.95
TXF000544	TXM000544	36	235aa058712d3faf00bd63ff186bf864	0.2778	9	945	0.9275	false	high	operational_monomer_cluster;observed_consensus_representative;uncalibrated_confidence;cluster_identity=0.95
TXF000545	TXM000545	34	3265f790804153b08567d9812711259e	0.2647	9	937	0.8612	false	medium	operational_monomer_cluster;observed_consensus_representative;uncalibrated_confidence;cluster_identity=0.95
TXF000546	TXM000546	50	df790c7cc06dd1b002da4da2ec2b7ce7	0.3400	9	936	0.9074	false	high	operational_monomer_cluster;observed_consensus_representative;uncalibrated_confidence;cluster_identity=0.95
TXF000547	TXM000547	50	2bea6a9886550478238f34853256f78b	0.2000	9	929	0.9374	false	high	operational_monomer_cluster;observed_consensus_representative;uncalibrated_confidence;cluster_identity=0.95
TXF000548	TXM000548	40	06c141858fbda0b3a9c078d58b5cf330	0.4750	9	922	0.8074	false	medium	operational_monomer_cluster;observed_consensus_representative;uncalibrated_confidence;cluster_identity=0.95
TXF000549	TXM000549	50	6da5db574d576023f5e76c0b76b0c1de	0.3800	9	918	0.9423	false	high	operational_monomer_cluster;observed_consensus_representative;uncalibrated_confidence;cluster_identity=0.95
TXF000550	TXM000550	42	941b4217198a875cc54f09796d6408b4	0.4524	9	913	0.8488	false	medium	operational_monomer_cluster;observed_consensus_representative;uncalibrated_confidence;cluster_identity=0.95
TXF000551	TXM000551	33	7146ffe90d0113cc95ad228aae1837ee	0.5152	9	910	0.8117	false	medium	operational_monomer_cluster;observed_consensus_representative;uncalibrated_confidence;cluster_identity=0.95
TXF000552	TXM000552	40	851400162842d8143bdfa3b2f3c8315c	0.4500	9	908	0.7976	false	medium	operational_monomer_cluster;observed_consensus_representative;uncalibrated_confidence;cluster_identity=0.95
TXF000553	TXM000553	41	1546424de5b2f79387123fb56dc54d25	0.3659	9	908	0.8094	false	medium	operational_monomer_cluster;observed_consensus_representative;uncalibrated_confidence;cluster_identity=0.95
TXF000554	TXM000554	47	1a29858b168cefc9e9e9802baebdda25	0.1489	9	900	0.8182	false	medium	operational_monomer_cluster;observed_consensus_representative;uncalibrated_confidence;cluster_identity=0.95
TXF000555	TXM000555	49	cc76fd771ea19d1a6ec626ffb6f20e21	0.3061	9	900	0.8192	false	medium	operational_monomer_cluster;observed_consensus_representative;uncalibrated_confidence;cluster_identity=0.95
TXF000556	TXM000556	507	b21962ea8a5969ff795b9a99b37c9be0	0.3925	8	71503	0.8974	false	medium	operational_monomer_cluster;observed_consensus_representative;uncalibrated_confidence;cluster_identity=0.95
TXF000557	TXM000557	534	70af7975d764eb690e8f636ad75f640f	0.3670	8	63835	0.8998	false	medium	operational_monomer_cluster;observed_consensus_representative;uncalibrated_confidence;cluster_identity=0.95;possible_higher_order_or_partial:TXF000030-TXF000557;possible_higher_order_or_partial:TXF000038-TXF000557;possible_higher_order_or_partial:TXF000557-TXF000573
TXF000558	TXM000558	1000	fee03714b3e692240ab0aee30ffe339d	0.3650	8	60731	0.8627	false	medium	operational_monomer_cluster;observed_consensus_representative;uncalibrated_confidence;cluster_identity=0.95;possible_higher_order_or_partial:TXF000144-TXF000558;possible_higher_order_or_partial:TXF000558-TXF000575;possible_higher_order_or_partial:TXF000558-TXF001266
TXF000559	TXM000559	740	99a9269492bfda1d82e2dd513766d509	0.3811	8	34427	0.9352	false	high	operational_monomer_cluster;observed_consensus_representative;uncalibrated_confidence;cluster_identity=0.95;possible_higher_order_or_partial:TXF000003-TXF000559;possible_higher_order_or_partial:TXF000004-TXF000559;possible_higher_order_or_partial:TXF000005-TXF000559;possible_higher_order_or_partial:TXF000006-TXF000559;possible_higher_order_or_partial:TXF000010-TXF000559;possible_higher_order_or_partial:TXF000011-TXF000559;possible_higher_order_or_partial:TXF000012-TXF000559;possible_higher_order_or_partial:TXF000018-TXF000559;possible_higher_order_or_partial:TXF000019-TXF000559;possible_higher_order_or_partial:TXF000023-TXF000559;possible_higher_order_or_partial:TXF000038-TXF000559;possible_higher_order_or_partial:TXF000049-TXF000559;possible_higher_order_or_partial:TXF000061-TXF000559;possible_higher_order_or_partial:TXF000076-TXF000559;possible_higher_order_or_partial:TXF000559-TXF000561;possible_higher_order_or_partial:TXF000559-TXF000574;possible_higher_order_or_partial:TXF000559-TXF001518
TXF000560	TXM000560	953	df6bd21d1494965b7bdbb0f03aa8534b	0.3263	8	31830	0.9026	false	high	operational_monomer_cluster;observed_consensus_representative;uncalibrated_confidence;cluster_identity=0.95
TXF000561	TXM000561	902	18ae2be798dd93ce14df0aa7359327db	0.3847	8	23987	0.9295	false	high	operational_monomer_cluster;observed_consensus_representative;uncalibrated_confidence;cluster_identity=0.95;possible_higher_order_or_partial:TXF000003-TXF000561;possible_higher_order_or_partial:TXF000004-TXF000561;possible_higher_order_or_partial:TXF000005-TXF000561;possible_higher_order_or_partial:TXF000006-TXF000561;possible_higher_order_or_partial:TXF000010-TXF000561;possible_higher_order_or_partial:TXF000011-TXF000561;possible_higher_order_or_partial:TXF000012-TXF000561;possible_higher_order_or_partial:TXF000018-TXF000561;possible_higher_order_or_partial:TXF000019-TXF000561;possible_higher_order_or_partial:TXF000023-TXF000561;possible_higher_order_or_partial:TXF000038-TXF000561;possible_higher_order_or_partial:TXF000049-TXF000561;possible_higher_order_or_partial:TXF000061-TXF000561;possible_higher_order_or_partial:TXF000559-TXF000561;possible_higher_order_or_partial:TXF000561-TXF000574;possible_higher_order_or_partial:TXF000561-TXF001518
TXF000562	TXM000562	315	b6ae8aecb79e87eef898c6eb21edcb2f	0.2762	8	22357	0.9651	false	high	operational_monomer_cluster;observed_consensus_representative;uncalibrated_confidence;cluster_identity=0.95
TXF000563	TXM000563	194	8d12836b4c87993e84ff621ea5e00946	0.3711	8	20905	0.8574	false	medium	operational_monomer_cluster;observed_consensus_representative;uncalibrated_confidence;cluster_identity=0.95;possible_higher_order_or_partial:TXF000073-TXF000563;possible_higher_order_or_partial:TXF000563-TXF000584;possible_higher_order_or_partial:TXF000563-TXF001545
TXF000564	TXM000564	493	2ea48a789cb6df8556fa36060f1c5c55	0.3529	8	18613	0.8519	false	medium	operational_monomer_cluster;observed_consensus_representative;uncalibrated_confidence;cluster_identity=0.95;possible_higher_order_or_partial:TXF000144-TXF000564;possible_higher_order_or_partial:TXF000261-TXF000564;possible_higher_order_or_partial:TXF000564-TXF000814;possible_higher_order_or_partial:TXF000564-TXF001266
TXF000565	TXM000565	824	1204b7c0c70f741f4abf5f84663db377	0.3592	8	18476	0.9197	false	high	operational_monomer_cluster;observed_consensus_representative;uncalibrated_confidence;cluster_identity=0.95;possible_higher_order_or_partial:TXF000005-TXF000565;possible_higher_order_or_partial:TXF000018-TXF000565;possible_higher_order_or_partial:TXF000038-TXF000565;possible_higher_order_or_partial:TXF000069-TXF000565;possible_higher_order_or_partial:TXF000218-TXF000565
TXF000566	TXM000566	500	b7cb99188a4282632671268d2e27198b	0.3540	8	17593	0.8051	false	medium	operational_monomer_cluster;observed_consensus_representative;uncalibrated_confidence;cluster_identity=0.95;possible_higher_order_or_partial:TXF000144-TXF000566;possible_higher_order_or_partial:TXF000566-TXF001266;possible_higher_order_or_partial:TXF000566-TXF001574
TXF000567	TXM000567	824	0ccee1b7ef0c19a704aabe8b7ea3289e	0.3519	8	15150	0.9210	false	high	operational_monomer_cluster;observed_consensus_representative;uncalibrated_confidence;cluster_identity=0.95;possible_higher_order_or_partial:TXF000005-TXF000567;possible_higher_order_or_partial:TXF000018-TXF000567;possible_higher_order_or_partial:TXF000038-TXF000567;possible_higher_order_or_partial:TXF000081-TXF000567
TXF000568	TXM000568	443	3a0b0453472d359570b209cc042a1a5d	0.3476	8	14460	0.9200	false	high	operational_monomer_cluster;observed_consensus_representative;uncalibrated_confidence;cluster_identity=0.95
TXF000569	TXM000569	679	e45098a1c6c79a4b5c7872f9f69a81fa	0.3844	8	13581	0.9365	false	high	operational_monomer_cluster;observed_consensus_representative;uncalibrated_confidence;cluster_identity=0.95;possible_higher_order_or_partial:TXF000003-TXF000569;possible_higher_order_or_partial:TXF000005-TXF000569;possible_higher_order_or_partial:TXF000018-TXF000569;possible_higher_order_or_partial:TXF000038-TXF000569;possible_higher_order_or_partial:TXF000049-TXF000569;possible_higher_order_or_partial:TXF000061-TXF000569;possible_higher_order_or_partial:TXF000172-TXF000569;possible_higher_order_or_partial:TXF000402-TXF000569;possible_higher_order_or_partial:TXF000569-TXF000574;possible_higher_order_or_partial:TXF000569-TXF001524
TXF000570	TXM000570	496	d5ac84f0dc01db445c66e4c872be209f	0.3649	8	12914	0.8126	false	medium	operational_monomer_cluster;observed_consensus_representative;uncalibrated_confidence;cluster_identity=0.95;possible_higher_order_or_partial:TXF000070-TXF000570;possible_higher_order_or_partial:TXF000091-TXF000570;possible_higher_order_or_partial:TXF000119-TXF000570;possible_higher_order_or_partial:TXF000144-TXF000570;possible_higher_order_or_partial:TXF000570-TXF000571;possible_higher_order_or_partial:TXF000570-TXF001101;possible_higher_order_or_partial:TXF000570-TXF001266;possible_higher_order_or_partial:TXF000570-TXF001523
TXF000571	TXM000571	494	7a4973f7b40a513fe8ad9f5240bcf281	0.3563	8	11669	0.8241	false	medium	operational_monomer_cluster;observed_consensus_representative;uncalibrated_confidence;cluster_identity=0.95;possible_higher_order_or_partial:TXF000070-TXF000571;possible_higher_order_or_partial:TXF000091-TXF000571;possible_higher_order_or_partial:TXF000119-TXF000571;possible_higher_order_or_partial:TXF000144-TXF000571;possible_higher_order_or_partial:TXF000317-TXF000571;possible_higher_order_or_partial:TXF000570-TXF000571;possible_higher_order_or_partial:TXF000571-TXF001101;possible_higher_order_or_partial:TXF000571-TXF001127;possible_higher_order_or_partial:TXF000571-TXF001266;possible_higher_order_or_partial:TXF000571-TXF001523
TXF000572	TXM000572	706	d9bd1005592001ad7e17b8a0a71f6624	0.3541	8	11449	0.8984	false	medium	operational_monomer_cluster;observed_consensus_representative;uncalibrated_confidence;cluster_identity=0.95;possible_higher_order_or_partial:TXF000004-TXF000572;possible_higher_order_or_partial:TXF000005-TXF000572;possible_higher_order_or_partial:TXF000018-TXF000572;possible_higher_order_or_partial:TXF000019-TXF000572;possible_higher_order_or_partial:TXF000038-TXF000572;possible_higher_order_or_partial:TXF000218-TXF000572
TXF000573	TXM000573	178	40acc8ea8445779a574263ddcbd081c0	0.3708	8	11436	0.8313	false	medium	operational_monomer_cluster;observed_consensus_representative;uncalibrated_confidence;cluster_identity=0.95;possible_higher_order_or_partial:TXF000030-TXF000573;possible_higher_order_or_partial:TXF000038-TXF000573;possible_higher_order_or_partial:TXF000049-TXF000573;possible_higher_order_or_partial:TXF000077-TXF000573;possible_higher_order_or_partial:TXF000080-TXF000573;possible_higher_order_or_partial:TXF000081-TXF000573;possible_higher_order_or_partial:TXF000088-TXF000573;possible_higher_order_or_partial:TXF000130-TXF000573;possible_higher_order_or_partial:TXF000170-TXF000573;possible_higher_order_or_partial:TXF000318-TXF000573;possible_higher_order_or_partial:TXF000557-TXF000573;possible_higher_order_or_partial:TXF000573-TXF001550;possible_higher_order_or_partial:TXF000573-TXF001551;possible_higher_order_or_partial:TXF000573-TXF001553
TXF000574	TXM000574	664	51591796a1b99592882655b51674e27c	0.3780	8	11001	0.8764	false	medium	operational_monomer_cluster;observed_consensus_representative;uncalibrated_confidence;cluster_identity=0.95;possible_higher_order_or_partial:TXF000003-TXF000574;possible_higher_order_or_partial:TXF000004-TXF000574;possible_higher_order_or_partial:TXF000005-TXF000574;possible_higher_order_or_partial:TXF000006-TXF000574;possible_higher_order_or_partial:TXF000010-TXF000574;possible_higher_order_or_partial:TXF000011-TXF000574;possible_higher_order_or_partial:TXF000012-TXF000574;possible_higher_order_or_partial:TXF000018-TXF000574;possible_higher_order_or_partial:TXF000019-TXF000574;possible_higher_order_or_partial:TXF000023-TXF000574;possible_higher_order_or_partial:TXF000025-TXF000574;possible_higher_order_or_partial:TXF000038-TXF000574;possible_higher_order_or_partial:TXF000039-TXF000574;possible_higher_order_or_partial:TXF000049-TXF000574;possible_higher_order_or_partial:TXF000061-TXF000574;possible_higher_order_or_partial:TXF000075-TXF000574;possible_higher_order_or_partial:TXF000172-TXF000574;possible_higher_order_or_partial:TXF000319-TXF000574;possible_higher_order_or_partial:TXF000402-TXF000574;possible_higher_order_or_partial:TXF000404-TXF000574;possible_higher_order_or_partial:TXF000559-TXF000574;possible_higher_order_or_partial:TXF000561-TXF000574;possible_higher_order_or_partial:TXF000569-TXF000574;possible_higher_order_or_partial:TXF000574-TXF000821;possible_higher_order_or_partial:TXF000574-TXF001091
TXF000575	TXM000575	498	2aa66956191be4d4ee60c92473f74811	0.3514	8	10917	0.8211	false	medium	operational_monomer_cluster;observed_consensus_representative;uncalibrated_confidence;cluster_identity=0.95;possible_higher_order_or_partial:TXF000144-TXF000575;possible_higher_order_or_partial:TXF000558-TXF000575;possible_higher_order_or_partial:TXF000575-TXF001084;possible_higher_order_or_partial:TXF000575-TXF001266
TXF000576	TXM000576	646	d7d3a7d2bd3aa26969483e3e61267e47	0.3452	8	10607	0.8096	false	medium	operational_monomer_cluster;observed_consensus_representative;uncalibrated_confidence;cluster_identity=0.95
TXF000577	TXM000577	613	a6e27f69e213c3eb2e8189f519366a43	0.2838	8	10190	0.9267	false	high	operational_monomer_cluster;observed_consensus_representative;uncalibrated_confidence;cluster_identity=0.95
TXF000578	TXM000578	583	e9c3d9f9a10f265e3740695105f1cdfe	0.3859	8	9577	0.7895	false	medium	operational_monomer_cluster;observed_consensus_representative;uncalibrated_confidence;cluster_identity=0.95
TXF000579	TXM000579	75	55f46847330b88ea1af3272b33906b65	0.5200	8	9492	0.9023	false	high	operational_monomer_cluster;observed_consensus_representative;uncalibrated_confidence;cluster_identity=0.95
TXF000580	TXM000580	570	0ca66b74385b3b2b1e0409d9d90cdafb	0.3754	8	9132	0.8888	false	medium	operational_monomer_cluster;observed_consensus_representative;uncalibrated_confidence;cluster_identity=0.95;possible_higher_order_or_partial:TXF000003-TXF000580;possible_higher_order_or_partial:TXF000005-TXF000580;possible_higher_order_or_partial:TXF000018-TXF000580;possible_higher_order_or_partial:TXF000038-TXF000580;possible_higher_order_or_partial:TXF000580-TXF001518
TXF000581	TXM000581	183	8646566558bb2bc11d2285692b7139f4	0.2514	8	9033	0.9051	false	high	operational_monomer_cluster;observed_consensus_representative;uncalibrated_confidence;cluster_identity=0.95;possible_higher_order_or_partial:TXF000581-TXF000608;possible_higher_order_or_partial:TXF000581-TXF001195
TXF000582	TXM000582	500	8faf36d6520c0e7ab3f51a2d633853c0	0.3620	8	8949	0.8035	false	medium	operational_monomer_cluster;observed_consensus_representative;uncalibrated_confidence;cluster_identity=0.95;possible_higher_order_or_partial:TXF000144-TXF000582
TXF000583	TXM000583	502	ff8f2a1824089c421693c8e322632b9e	0.3406	8	8853	0.8067	false	medium	operational_monomer_cluster;observed_consensus_representative;uncalibrated_confidence;cluster_identity=0.95;possible_higher_order_or_partial:TXF000144-TXF000583;possible_higher_order_or_partial:TXF000583-TXF001266
TXF000584	TXM000584	368	f204e9aac664648b162a3a389f9234c0	0.3505	8	8832	0.8969	false	medium	operational_monomer_cluster;observed_consensus_representative;uncalibrated_confidence;cluster_identity=0.95;possible_higher_order_or_partial:TXF000073-TXF000584;possible_higher_order_or_partial:TXF000563-TXF000584;possible_higher_order_or_partial:TXF000584-TXF001545
TXF000585	TXM000585	527	2d548f4f134a195adfd01f61ad522d7c	0.2827	8	8610	0.7951	false	medium	operational_monomer_cluster;observed_consensus_representative;uncalibrated_confidence;cluster_identity=0.95
TXF000586	TXM000586	517	8a5580cbbba6ae11ea927ab4cdbf9b15	0.2863	8	8502	0.8613	false	medium	operational_monomer_cluster;observed_consensus_representative;uncalibrated_confidence;cluster_identity=0.95
TXF000587	TXM000587	495	fc12968848329d40c04d0ade4023e740	0.3657	8	8028	0.8831	false	medium	operational_monomer_cluster;observed_consensus_representative;uncalibrated_confidence;cluster_identity=0.95;possible_higher_order_or_partial:TXF000003-TXF000587;possible_higher_order_or_partial:TXF000005-TXF000587;possible_higher_order_or_partial:TXF000018-TXF000587;possible_higher_order_or_partial:TXF000038-TXF000587
TXF000588	TXM000588	159	73c154e0b90f4d18965d7e4080fc9134	0.3585	8	6849	0.8133	false	medium	operational_monomer_cluster;observed_consensus_representative;uncalibrated_confidence;cluster_identity=0.95
TXF000589	TXM000589	386	c5058b98336a760ad571b750f1a9bf7e	0.3860	8	6228	0.9419	false	high	operational_monomer_cluster;observed_consensus_representative;uncalibrated_confidence;cluster_identity=0.95
TXF000590	TXM000590	383	bdb287e8eb6167940f43498b6b2ff473	0.2376	8	6167	0.8601	false	medium	operational_monomer_cluster;observed_consensus_representative;uncalibrated_confidence;cluster_identity=0.95
TXF000591	TXM000591	189	37f5981efd1229ca9289b76ea82d9c16	0.2222	8	5941	0.9720	false	high	operational_monomer_cluster;observed_consensus_representative;uncalibrated_confidence;cluster_identity=0.95
TXF000592	TXM000592	329	74eff3929232a49522385c062dc87ef6	0.2371	8	5685	0.8148	false	medium	operational_monomer_cluster;observed_consensus_representative;uncalibrated_confidence;cluster_identity=0.95
TXF000593	TXM000593	340	4159816789182824cebee09b7fb9f171	0.4647	8	5496	0.9605	false	high	operational_monomer_cluster;observed_consensus_representative;uncalibrated_confidence;cluster_identity=0.95
TXF000594	TXM000594	196	aaf983a87835f6b3e6865ceb8eb2a674	0.3571	8	5229	0.8680	false	medium	operational_monomer_cluster;observed_consensus_representative;uncalibrated_confidence;cluster_identity=0.95
TXF000595	TXM000595	81	1dad25757a90b877e7922ce0529d9c90	0.3827	8	5118	0.8092	false	medium	operational_monomer_cluster;observed_consensus_representative;uncalibrated_confidence;cluster_identity=0.95;possible_higher_order_or_partial:TXF000074-TXF000595;possible_higher_order_or_partial:TXF000085-TXF000595;possible_higher_order_or_partial:TXF000121-TXF000595;possible_higher_order_or_partial:TXF000595-TXF000625;possible_higher_order_or_partial:TXF000595-TXF001218;possible_higher_order_or_partial:TXF000595-TXF001633;possible_higher_order_or_partial:TXF000595-TXF001900
TXF000596	TXM000596	313	79bbed9fe4052ae2996d14c0bb756244	0.2556	8	5018	0.9721	false	high	operational_monomer_cluster;observed_consensus_representative;uncalibrated_confidence;cluster_identity=0.95
TXF000597	TXM000597	310	fc2b79bd06d18b2a040943ec55b63252	0.2710	8	5015	0.7974	false	medium	operational_monomer_cluster;observed_consensus_representative;uncalibrated_confidence;cluster_identity=0.95
TXF000598	TXM000598	111	406928c838b1b49f4082538bf84f7b5e	0.4505	8	4934	0.9052	false	high	operational_monomer_cluster;observed_consensus_representative;uncalibrated_confidence;cluster_identity=0.95
TXF000599	TXM000599	295	610728e5d0bae63bbc4a56f9e49a48b3	0.2169	8	4741	0.9434	false	high	operational_monomer_cluster;observed_consensus_representative;uncalibrated_confidence;cluster_identity=0.95
TXF000600	TXM000600	289	81f67bbffd5a5698ecd450288cd041b3	0.3599	8	4691	0.9866	false	high	operational_monomer_cluster;observed_consensus_representative;uncalibrated_confidence;cluster_identity=0.95
TXF000601	TXM000601	199	46310043df6a0f66df5a65bdd7a74ae1	0.3317	8	4642	0.8760	false	medium	operational_monomer_cluster;observed_consensus_representative;uncalibrated_confidence;cluster_identity=0.95;possible_higher_order_or_partial:TXF000267-TXF000601;possible_higher_order_or_partial:TXF000601-TXF001153
TXF000602	TXM000602	137	515d32ed480a7bb31c1161c6e11b99d4	0.5036	8	4587	0.8191	false	medium	operational_monomer_cluster;observed_consensus_representative;uncalibrated_confidence;cluster_identity=0.95
TXF000603	TXM000603	81	28e50ab2be15fa83d904d7cf67c76ba2	0.3457	8	4571	0.8209	false	medium	operational_monomer_cluster;observed_consensus_representative;uncalibrated_confidence;cluster_identity=0.95;possible_higher_order_or_partial:TXF000603-TXF000853;possible_higher_order_or_partial:TXF000603-TXF001630;possible_higher_order_or_partial:TXF000603-TXF001669
TXF000604	TXM000604	186	31ab179a56c720d1c18926e670cbcb20	0.2634	8	4482	0.9265	false	high	operational_monomer_cluster;observed_consensus_representative;uncalibrated_confidence;cluster_identity=0.95
TXF000605	TXM000605	244	bd965f6c9ea1247349e351e96365b478	0.2541	8	4458	0.8231	false	medium	operational_monomer_cluster;observed_consensus_representative;uncalibrated_confidence;cluster_identity=0.95
TXF000606	TXM000606	107	67e0a360deae6a8abefea2f0be7c67f5	0.3832	8	4457	0.8426	false	medium	operational_monomer_cluster;observed_consensus_representative;uncalibrated_confidence;cluster_identity=0.95
TXF000607	TXM000607	260	b3a0d9ceb9303745a0ab1bbcb2a281c1	0.2423	8	4446	0.8579	false	medium	operational_monomer_cluster;observed_consensus_representative;uncalibrated_confidence;cluster_identity=0.95
TXF000608	TXM000608	182	a323c9d2eacd2d04ebd411cb5ad2f105	0.2747	8	4407	0.8735	false	medium	operational_monomer_cluster;observed_consensus_representative;uncalibrated_confidence;cluster_identity=0.95;possible_higher_order_or_partial:TXF000581-TXF000608
TXF000609	TXM000609	267	ed47af71a3c984138465f2f2efcaf692	0.2397	8	4311	0.8662	false	medium	operational_monomer_cluster;observed_consensus_representative;uncalibrated_confidence;cluster_identity=0.95
TXF000610	TXM000610	254	960f5f8cf92d0177288778823a5c2242	0.2874	8	4225	0.8503	false	medium	operational_monomer_cluster;observed_consensus_representative;uncalibrated_confidence;cluster_identity=0.95
TXF000611	TXM000611	75	05016b4af49fdb7e73a4757ae251ac21	0.3867	8	4184	0.8322	false	medium	operational_monomer_cluster;observed_consensus_representative;uncalibrated_confidence;cluster_identity=0.95
TXF000612	TXM000612	184	bb7fa2ed20fde1eb604f304f89ffe292	0.5543	8	3991	0.7906	false	medium	operational_monomer_cluster;observed_consensus_representative;uncalibrated_confidence;cluster_identity=0.95;possible_higher_order_or_partial:TXF000173-TXF000612;possible_higher_order_or_partial:TXF000201-TXF000612;possible_higher_order_or_partial:TXF000612-TXF001621
TXF000613	TXM000613	243	d02e30cec84958a69d4ed245addb65f1	0.3498	8	3897	0.9060	false	high	operational_monomer_cluster;observed_consensus_representative;uncalibrated_confidence;cluster_identity=0.95;possible_higher_order_or_partial:TXF000613-TXF000861;possible_higher_order_or_partial:TXF000613-TXF001651
TXF000614	TXM000614	117	1109091acb7a07247318a3e3e279b615	0.4359	8	3877	0.8142	false	medium	operational_monomer_cluster;observed_consensus_representative;uncalibrated_confidence;cluster_identity=0.95
TXF000615	TXM000615	69	2144d8d721e05cbec1aa65a377a1cd07	0.4638	8	3817	0.8266	false	medium	operational_monomer_cluster;observed_consensus_representative;uncalibrated_confidence;cluster_identity=0.95
TXF000616	TXM000616	231	f28e1f52b631202c195ac7195a04644e	0.3680	8	3765	0.8594	false	medium	operational_monomer_cluster;observed_consensus_representative;uncalibrated_confidence;cluster_identity=0.95
TXF000617	TXM000617	181	7d4d1e1449a7bb0f6091cfab03ace8a9	0.3757	8	3746	0.8603	false	medium	operational_monomer_cluster;observed_consensus_representative;uncalibrated_confidence;cluster_identity=0.95;possible_higher_order_or_partial:TXF000617-TXF001207
TXF000618	TXM000618	78	d922a902cfc28ce8abfa296e40728efc	0.6410	8	3710	0.8653	false	medium	operational_monomer_cluster;observed_consensus_representative;uncalibrated_confidence;cluster_identity=0.95;possible_higher_order_or_partial:TXF000618-TXF001798;possible_higher_order_or_partial:TXF000618-TXF001922
TXF000619	TXM000619	227	643ec806a4831765473ceacff70a8454	0.2423	8	3691	0.9575	false	high	operational_monomer_cluster;observed_consensus_representative;uncalibrated_confidence;cluster_identity=0.95
TXF000620	TXM000620	144	8d2f765e459eaaaa8e3da70693949505	0.3681	8	3675	0.8019	false	medium	operational_monomer_cluster;observed_consensus_representative;uncalibrated_confidence;cluster_identity=0.95
TXF000621	TXM000621	227	46944b2b276d433f2e94bc00479f27ba	0.3524	8	3666	0.9919	false	high	operational_monomer_cluster;observed_consensus_representative;uncalibrated_confidence;cluster_identity=0.95
TXF000622	TXM000622	215	710e828cdbdc64357996acf46d80fade	0.3209	8	3623	0.9533	false	high	operational_monomer_cluster;observed_consensus_representative;uncalibrated_confidence;cluster_identity=0.95
TXF000623	TXM000623	214	a76f8ceba16ab699dd55fe9813053e01	0.2290	8	3588	0.8602	false	medium	operational_monomer_cluster;observed_consensus_representative;uncalibrated_confidence;cluster_identity=0.95
TXF000624	TXM000624	156	9672e9408dd158777f59d3cc208b35a5	0.3333	8	3579	0.8579	false	medium	operational_monomer_cluster;observed_consensus_representative;uncalibrated_confidence;cluster_identity=0.95
TXF000625	TXM000625	54	69a1373d9e61ccfff1acf17b77bf5a48	0.3889	8	3573	0.8070	false	medium	operational_monomer_cluster;observed_consensus_representative;uncalibrated_confidence;cluster_identity=0.95;possible_higher_order_or_partial:TXF000085-TXF000625;possible_higher_order_or_partial:TXF000595-TXF000625;possible_higher_order_or_partial:TXF000625-TXF001162;possible_higher_order_or_partial:TXF000625-TXF001187;possible_higher_order_or_partial:TXF000625-TXF001218;possible_higher_order_or_partial:TXF000625-TXF001633;possible_higher_order_or_partial:TXF000625-TXF001663;possible_higher_order_or_partial:TXF000625-TXF001689
TXF000626	TXM000626	219	3702e136d64f9d569b17a789ae6e2da2	0.1324	8	3546	0.9516	false	high	operational_monomer_cluster;observed_consensus_representative;uncalibrated_confidence;cluster_identity=0.95;possible_higher_order_or_partial:TXF000146-TXF000626
TXF000627	TXM000627	216	c3611b9371eecaa6c67397e3970cd258	0.3148	8	3530	0.9490	false	high	operational_monomer_cluster;observed_consensus_representative;uncalibrated_confidence;cluster_identity=0.95
TXF000628	TXM000628	214	3c1207906e91c1f431c417f09c79a03d	0.3551	8	3502	0.9705	false	high	operational_monomer_cluster;observed_consensus_representative;uncalibrated_confidence;cluster_identity=0.95
TXF000629	TXM000629	117	afed3e0be087cfc5a10165b989079247	0.4530	8	3493	0.9266	false	high	operational_monomer_cluster;observed_consensus_representative;uncalibrated_confidence;cluster_identity=0.95
TXF000630	TXM000630	209	f381a23856fb05b359f099d4bcf28b0b	0.3301	8	3443	0.9923	false	high	operational_monomer_cluster;observed_consensus_representative;uncalibrated_confidence;cluster_identity=0.95
TXF000631	TXM000631	75	5e704d8b663aa71d0cc2847074c04387	0.3600	8	3274	0.9534	false	high	operational_monomer_cluster;observed_consensus_representative;uncalibrated_confidence;cluster_identity=0.95
TXF000632	TXM000632	193	b57daf2ff54c5fbe3d9e714aa9b6ed4f	0.3731	8	3160	0.9599	false	high	operational_monomer_cluster;observed_consensus_representative;uncalibrated_confidence;cluster_identity=0.95
TXF000633	TXM000633	127	3bed92cfd436af42d03dbba56e88c25b	0.2205	8	3158	0.8208	false	medium	operational_monomer_cluster;observed_consensus_representative;uncalibrated_confidence;cluster_identity=0.95
TXF000634	TXM000634	48	3d6825f91dceabd483144d2bee7e01f6	0.6875	8	3138	0.8543	false	medium	operational_monomer_cluster;observed_consensus_representative;uncalibrated_confidence;cluster_identity=0.95
TXF000635	TXM000635	84	9e4b81374f34308e8db3c6f978b7c6dc	0.5119	8	3134	0.9088	false	high	operational_monomer_cluster;observed_consensus_representative;uncalibrated_confidence;cluster_identity=0.95
TXF000636	TXM000636	47	df35235aae2ca4d5eed11833e1da3d43	0.5106	8	3117	0.8082	false	medium	operational_monomer_cluster;observed_consensus_representative;uncalibrated_confidence;cluster_identity=0.95
TXF000637	TXM000637	66	10a2ac007447a43dfa0af7e5699cd5e3	0.4697	8	3092	0.8689	false	medium	operational_monomer_cluster;observed_consensus_representative;uncalibrated_confidence;cluster_identity=0.95
TXF000638	TXM000638	190	b30e145b6be6b2f90689ec96ed1beff5	0.3737	8	3064	0.9226	false	high	operational_monomer_cluster;observed_consensus_representative;uncalibrated_confidence;cluster_identity=0.95
TXF000639	TXM000639	183	0dacb7add90332a8bfdbdded9a9da59c	0.1639	8	3032	0.9566	false	high	operational_monomer_cluster;observed_consensus_representative;uncalibrated_confidence;cluster_identity=0.95
TXF000640	TXM000640	182	9a6c3c78f6741d455d23543cee44abe8	0.2857	8	2986	0.9516	false	high	operational_monomer_cluster;observed_consensus_representative;uncalibrated_confidence;cluster_identity=0.95
TXF000641	TXM000641	100	f14275bf8a660591c506a9ed5a453767	0.4900	8	2950	0.8336	false	medium	operational_monomer_cluster;observed_consensus_representative;uncalibrated_confidence;cluster_identity=0.95;possible_higher_order_or_partial:TXF000641-TXF001168
TXF000642	TXM000642	54	a142151e30d00f8ed379c2f618940806	0.3889	8	2923	0.8154	false	medium	operational_monomer_cluster;observed_consensus_representative;uncalibrated_confidence;cluster_identity=0.95;possible_higher_order_or_partial:TXF000085-TXF000642;possible_higher_order_or_partial:TXF000642-TXF001663
TXF000643	TXM000643	123	f7892e6a758d42277c66344b5f2c0a3f	0.4228	8	2861	0.9290	false	high	operational_monomer_cluster;observed_consensus_representative;uncalibrated_confidence;cluster_identity=0.95
TXF000644	TXM000644	39	0343933a25679bf6a9b23867f41d3a05	0.4615	8	2814	0.9522	false	high	operational_monomer_cluster;observed_consensus_representative;uncalibrated_confidence;cluster_identity=0.95
TXF000645	TXM000645	40	450dbb673d3d0c60ea7f88739132cad9	0.6000	8	2716	0.8660	false	medium	operational_monomer_cluster;observed_consensus_representative;uncalibrated_confidence;cluster_identity=0.95
TXF000646	TXM000646	167	4ef61430a9db0d290916ede27355f588	0.3293	8	2690	0.8097	false	medium	operational_monomer_cluster;observed_consensus_representative;uncalibrated_confidence;cluster_identity=0.95
TXF000647	TXM000647	164	303deaa69a00e1a1ab14e4df3e790a4b	0.5427	8	2653	0.8570	false	medium	operational_monomer_cluster;observed_consensus_representative;uncalibrated_confidence;cluster_identity=0.95
TXF000648	TXM000648	161	f38847e0a9d2b73026f0ee51fa0b1499	0.2298	8	2624	0.9000	false	medium	operational_monomer_cluster;observed_consensus_representative;uncalibrated_confidence;cluster_identity=0.95
TXF000649	TXM000649	132	590fdc8235b958739157ace45e4a6341	0.3258	8	2597	0.8447	false	medium	operational_monomer_cluster;observed_consensus_representative;uncalibrated_confidence;cluster_identity=0.95;possible_higher_order_or_partial:TXF000046-TXF000649
TXF000650	TXM000650	41	87d90e3961eed20a142aeb153f0bef28	0.3659	8	2588	0.8353	false	medium	operational_monomer_cluster;observed_consensus_representative;uncalibrated_confidence;cluster_identity=0.95;possible_higher_order_or_partial:TXF000144-TXF000650;possible_higher_order_or_partial:TXF000450-TXF000650;possible_higher_order_or_partial:TXF000650-TXF001266
TXF000651	TXM000651	157	77589c69d11d62dd09bb10aba8fe980a	0.4713	8	2546	0.8620	false	medium	operational_monomer_cluster;observed_consensus_representative;uncalibrated_confidence;cluster_identity=0.95
TXF000652	TXM000652	62	cea2d8764408e025461e6be2648392a5	0.2258	8	2501	0.8664	false	medium	operational_monomer_cluster;observed_consensus_representative;uncalibrated_confidence;cluster_identity=0.95
TXF000653	TXM000653	57	9c48fbb16410ea74891b7f11003c83ac	0.6842	8	2495	0.9560	false	high	operational_monomer_cluster;observed_consensus_representative;uncalibrated_confidence;cluster_identity=0.95
TXF000654	TXM000654	148	7db3868124cab8cc6062373939c10bba	0.1959	8	2463	0.8340	false	medium	operational_monomer_cluster;observed_consensus_representative;uncalibrated_confidence;cluster_identity=0.95
TXF000655	TXM000655	36	c279b6458d2f0ac3b53158d5e22c2321	0.6111	8	2425	0.9266	false	high	operational_monomer_cluster;observed_consensus_representative;uncalibrated_confidence;cluster_identity=0.95
TXF000656	TXM000656	54	8fe136b27340ac998d85ee37a9356938	0.3519	8	2419	0.8760	false	medium	operational_monomer_cluster;observed_consensus_representative;uncalibrated_confidence;cluster_identity=0.95
TXF000657	TXM000657	78	2717595274ac0bbbbdd16beffd86bdf7	0.3974	8	2408	0.7832	false	medium	operational_monomer_cluster;observed_consensus_representative;uncalibrated_confidence;cluster_identity=0.95
TXF000658	TXM000658	51	276639193837735a304d718a61ccb762	0.5294	8	2402	0.8738	false	medium	operational_monomer_cluster;observed_consensus_representative;uncalibrated_confidence;cluster_identity=0.95
TXF000659	TXM000659	72	a7ee05127deb1ef5e81e119eab233de5	0.4028	8	2371	0.9077	false	high	operational_monomer_cluster;observed_consensus_representative;uncalibrated_confidence;cluster_identity=0.95
TXF000660	TXM000660	30	e7190ca6d149cc46564869715a24abbc	0.5333	8	2293	0.8610	false	medium	operational_monomer_cluster;observed_consensus_representative;uncalibrated_confidence;cluster_identity=0.95
TXF000661	TXM000661	142	4d14ff1acfbb21041fd8071a6f8c009b	0.3380	8	2290	0.8393	false	medium	operational_monomer_cluster;observed_consensus_representative;uncalibrated_confidence;cluster_identity=0.95
TXF000662	TXM000662	42	9be7fdb7cd0b39f4dd7559acc855a1f0	0.3333	8	2273	0.8098	false	medium	operational_monomer_cluster;observed_consensus_representative;uncalibrated_confidence;cluster_identity=0.95
TXF000663	TXM000663	53	ffc42875ac99f41e6f2a069a40526d8b	0.3962	8	2232	0.8306	false	medium	operational_monomer_cluster;observed_consensus_representative;uncalibrated_confidence;cluster_identity=0.95;possible_higher_order_or_partial:TXF000136-TXF000663
TXF000664	TXM000664	96	3b86bbe9f4312f9ab760f49d252e60b7	0.1146	8	2223	0.8443	false	medium	operational_monomer_cluster;observed_consensus_representative;uncalibrated_confidence;cluster_identity=0.95;possible_higher_order_or_partial:TXF000032-TXF000664;possible_higher_order_or_partial:TXF000664-TXF000665;possible_higher_order_or_partial:TXF000664-TXF001097;possible_higher_order_or_partial:TXF000664-TXF001279;possible_higher_order_or_partial:TXF000664-TXF001805
TXF000665	TXM000665	97	6efb42dda9d7cba7cca38537c736065a	0.1340	8	2178	0.8669	false	medium	operational_monomer_cluster;observed_consensus_representative;uncalibrated_confidence;cluster_identity=0.95;possible_higher_order_or_partial:TXF000024-TXF000665;possible_higher_order_or_partial:TXF000032-TXF000665;possible_higher_order_or_partial:TXF000664-TXF000665;possible_higher_order_or_partial:TXF000665-TXF001097;possible_higher_order_or_partial:TXF000665-TXF001279;possible_higher_order_or_partial:TXF000665-TXF001805
TXF000666	TXM000666	129	ce571a47ec9758e0bf8a1fb48e20e159	0.4264	8	2122	0.8506	false	medium	operational_monomer_cluster;observed_consensus_representative;uncalibrated_confidence;cluster_identity=0.95
TXF000667	TXM000667	123	bd62c299dad1701792e1aee7353ffee1	0.4797	8	2068	0.8692	false	medium	operational_monomer_cluster;observed_consensus_representative;uncalibrated_confidence;cluster_identity=0.95
TXF000668	TXM000668	60	705fb67a6c00e1d8e9403046decfe43c	0.2833	8	2024	0.9204	false	high	operational_monomer_cluster;observed_consensus_representative;uncalibrated_confidence;cluster_identity=0.95
TXF000669	TXM000669	60	f274c36ac1d8428a9b24846111a76a5c	0.5833	8	2020	0.9051	false	high	operational_monomer_cluster;observed_consensus_representative;uncalibrated_confidence;cluster_identity=0.95
TXF000670	TXM000670	124	a8784df87e0dd386952a53253e442dcf	0.1935	8	2017	0.9064	false	high	operational_monomer_cluster;observed_consensus_representative;uncalibrated_confidence;cluster_identity=0.95
TXF000671	TXM000671	126	b7753a871a5b532dabb703534bbebe9c	0.3095	8	2015	0.9109	false	high	operational_monomer_cluster;observed_consensus_representative;uncalibrated_confidence;cluster_identity=0.95
TXF000672	TXM000672	79	719b0c69da956a826cf3ae2bf239207f	0.3291	8	2003	0.8313	false	medium	operational_monomer_cluster;observed_consensus_representative;uncalibrated_confidence;cluster_identity=0.95
TXF000673	TXM000673	75	d6399f0cc7491ac19abe10ad344351e5	0.3067	8	1999	0.8778	false	medium	operational_monomer_cluster;observed_consensus_representative;uncalibrated_confidence;cluster_identity=0.95
TXF000674	TXM000674	111	3da29dd0527acba462740b66e1467f34	0.3153	8	1928	0.7895	false	medium	operational_monomer_cluster;observed_consensus_representative;uncalibrated_confidence;cluster_identity=0.95
TXF000675	TXM000675	84	2313448bba34a0ebbb15d26efdfd6844	0.4762	8	1927	0.7940	false	medium	operational_monomer_cluster;observed_consensus_representative;uncalibrated_confidence;cluster_identity=0.95
TXF000676	TXM000676	102	c2bbcd146dda7a3be560a9371121c356	0.2157	8	1917	0.9248	false	high	operational_monomer_cluster;observed_consensus_representative;uncalibrated_confidence;cluster_identity=0.95
TXF000677	TXM000677	56	43abafbe5f2e3d9c2abdf8139d93ce21	0.3929	8	1911	0.8760	false	medium	operational_monomer_cluster;observed_consensus_representative;uncalibrated_confidence;cluster_identity=0.95
TXF000678	TXM000678	103	e74b424830ebc26b9acfe20d8c3659a7	0.2427	8	1908	0.8303	false	medium	operational_monomer_cluster;observed_consensus_representative;uncalibrated_confidence;cluster_identity=0.95
TXF000679	TXM000679	71	b064046506763d49ffa9136c0d88cabe	0.3380	8	1903	0.8076	false	medium	operational_monomer_cluster;observed_consensus_representative;uncalibrated_confidence;cluster_identity=0.95
TXF000680	TXM000680	44	ef194f63951c20ea674e67cf0a223f40	0.5909	8	1903	0.9670	false	high	operational_monomer_cluster;observed_consensus_representative;uncalibrated_confidence;cluster_identity=0.95
TXF000681	TXM000681	117	5737534efd1ada60f3fb666b75d19c5d	0.4359	8	1880	1.0000	false	high	operational_monomer_cluster;observed_consensus_representative;uncalibrated_confidence;cluster_identity=0.95
TXF000682	TXM000682	115	0b3de77ee7b4d1f6f0cd8923d8b237b7	0.1130	8	1874	0.9801	false	high	operational_monomer_cluster;observed_consensus_representative;uncalibrated_confidence;cluster_identity=0.95
TXF000683	TXM000683	117	817ded55eff59354e5d4a00ba74b2727	0.5299	8	1871	0.8257	false	medium	operational_monomer_cluster;observed_consensus_representative;uncalibrated_confidence;cluster_identity=0.95;possible_higher_order_or_partial:TXF000007-TXF000683;possible_higher_order_or_partial:TXF000041-TXF000683;possible_higher_order_or_partial:TXF000346-TXF000683
TXF000684	TXM000684	48	811a8d0aaf6b3cde32ed9bd9e59b0e17	0.4583	8	1841	0.9273	false	high	operational_monomer_cluster;observed_consensus_representative;uncalibrated_confidence;cluster_identity=0.95
TXF000685	TXM000685	99	cb4f318e7dda6fdb9747e2cc7aa7cad0	0.3131	8	1839	0.9022	false	high	operational_monomer_cluster;observed_consensus_representative;uncalibrated_confidence;cluster_identity=0.95
TXF000686	TXM000686	108	f1d1d97d4ceb6b7e2392112278e1e012	0.4444	8	1839	0.8168	false	medium	operational_monomer_cluster;observed_consensus_representative;uncalibrated_confidence;cluster_identity=0.95
TXF000687	TXM000687	114	511e38f4a3931b45cd37a0d81dc8ce67	0.3246	8	1831	0.9554	false	high	operational_monomer_cluster;observed_consensus_representative;uncalibrated_confidence;cluster_identity=0.95
TXF000688	TXM000688	110	16bc6da41a697376648334b9c80e8830	0.5455	8	1818	0.8378	false	medium	operational_monomer_cluster;observed_consensus_representative;uncalibrated_confidence;cluster_identity=0.95
TXF000689	TXM000689	102	d11c446e552442feea6f98ca90dac5f2	0.2549	8	1818	0.8285	false	medium	operational_monomer_cluster;observed_consensus_representative;uncalibrated_confidence;cluster_identity=0.95
TXF000690	TXM000690	36	18340d699271f568d838d22ab473597e	0.5556	8	1770	0.8326	false	medium	operational_monomer_cluster;observed_consensus_representative;uncalibrated_confidence;cluster_identity=0.95
TXF000691	TXM000691	59	be9b1e6786f349f3584b92a89bed7c1c	0.5932	8	1763	0.8142	false	medium	operational_monomer_cluster;observed_consensus_representative;uncalibrated_confidence;cluster_identity=0.95;possible_higher_order_or_partial:TXF000096-TXF000691;possible_higher_order_or_partial:TXF000356-TXF000691;possible_higher_order_or_partial:TXF000691-TXF001289
TXF000692	TXM000692	99	27dd6db26ace9b94af33efc74db55a5a	0.4343	8	1743	0.8143	false	medium	operational_monomer_cluster;observed_consensus_representative;uncalibrated_confidence;cluster_identity=0.95
TXF000693	TXM000693	58	4e559624e8c39aca49b0302be184a406	0.5000	8	1730	0.9545	false	high	operational_monomer_cluster;observed_consensus_representative;uncalibrated_confidence;cluster_identity=0.95;possible_higher_order_or_partial:TXF000305-TXF000693;possible_higher_order_or_partial:TXF000693-TXF000717
TXF000694	TXM000694	63	7e314521f4cc9406921ec78131ba502a	0.3016	8	1713	0.9338	false	high	operational_monomer_cluster;observed_consensus_representative;uncalibrated_confidence;cluster_identity=0.95
TXF000695	TXM000695	105	8ad78954d69153ccd058c1f785c2f38e	0.2571	8	1711	0.9500	false	high	operational_monomer_cluster;observed_consensus_representative;uncalibrated_confidence;cluster_identity=0.95
TXF000696	TXM000696	63	ed50ebaa680b88f8c0c208bd6ea2cf6d	0.5873	8	1698	0.9602	false	high	operational_monomer_cluster;observed_consensus_representative;uncalibrated_confidence;cluster_identity=0.95
TXF000697	TXM000697	91	cc3f1aa56fcc7e586781a00a07db4652	0.1429	8	1680	0.8701	false	medium	operational_monomer_cluster;observed_consensus_representative;uncalibrated_confidence;cluster_identity=0.95;possible_higher_order_or_partial:TXF000024-TXF000697
TXF000698	TXM000698	90	ed4e1a4593344707925e5bb783b8f54f	0.4556	8	1676	0.9018	false	high	operational_monomer_cluster;observed_consensus_representative;uncalibrated_confidence;cluster_identity=0.95
TXF000699	TXM000699	32	29f8abdcb0cd58a43b4362e7836ebb63	0.1875	8	1666	0.8399	false	medium	operational_monomer_cluster;observed_consensus_representative;uncalibrated_confidence;cluster_identity=0.95;possible_higher_order_or_partial:TXF000094-TXF000699;possible_higher_order_or_partial:TXF000699-TXF000845;possible_higher_order_or_partial:TXF000699-TXF001132
TXF000700	TXM000700	96	8cac336d36f8ead7c09a4fab0775b011	0.2812	8	1643	0.9292	false	high	operational_monomer_cluster;observed_consensus_representative;uncalibrated_confidence;cluster_identity=0.95
TXF000701	TXM000701	97	a02b73bee440d88ebdebe8c97c1a6814	0.3711	8	1624	0.9240	false	high	operational_monomer_cluster;observed_consensus_representative;uncalibrated_confidence;cluster_identity=0.95
TXF000702	TXM000702	69	38780f7e4a89bad37bd761d685bbef69	0.4203	8	1616	0.8714	false	medium	operational_monomer_cluster;observed_consensus_representative;uncalibrated_confidence;cluster_identity=0.95
TXF000703	TXM000703	42	f018870d3e0e0816f53d81bb95a34f6e	0.4762	8	1606	0.8804	false	medium	operational_monomer_cluster;observed_consensus_representative;uncalibrated_confidence;cluster_identity=0.95
TXF000704	TXM000704	50	0125a9bbd6fcaa5300e166f7d1fb59b9	0.3400	8	1602	0.9100	false	high	operational_monomer_cluster;observed_consensus_representative;uncalibrated_confidence;cluster_identity=0.95
TXF000705	TXM000705	93	50c2e9c34a9a92b0d740163937cad8a0	0.3978	8	1596	0.7860	false	medium	operational_monomer_cluster;observed_consensus_representative;uncalibrated_confidence;cluster_identity=0.95
TXF000706	TXM000706	97	16f2c45488005833074da324ac986741	0.3093	8	1584	0.9347	false	high	operational_monomer_cluster;observed_consensus_representative;uncalibrated_confidence;cluster_identity=0.95
TXF000707	TXM000707	93	267987e3d99f2a9a53fd95dfe573d615	0.3656	8	1545	0.8119	false	medium	operational_monomer_cluster;observed_consensus_representative;uncalibrated_confidence;cluster_identity=0.95
TXF000708	TXM000708	92	cd5bf7218df66dc328f0443d20fb1d16	0.2500	8	1529	0.8272	false	medium	operational_monomer_cluster;observed_consensus_representative;uncalibrated_confidence;cluster_identity=0.95
TXF000709	TXM000709	30	a5763f685345a680b53776064f8d7081	0.0000	8	1497	0.9333	false	high	operational_monomer_cluster;observed_consensus_representative;uncalibrated_confidence;cluster_identity=0.95;likely_redundant:TXF000378-TXF000709;possible_higher_order_or_partial:TXF000470-TXF000709;possible_higher_order_or_partial:TXF000709-TXF000931;possible_higher_order_or_partial:TXF000709-TXF000979
TXF000710	TXM000710	93	38f490667f1759d715cc31611bf097bd	0.3441	8	1495	0.8804	false	medium	operational_monomer_cluster;observed_consensus_representative;uncalibrated_confidence;cluster_identity=0.95
TXF000711	TXM000711	87	4d95414dbbf59949dc17e0f51c86c1e8	0.2644	8	1481	0.9580	false	high	operational_monomer_cluster;observed_consensus_representative;uncalibrated_confidence;cluster_identity=0.95
TXF000712	TXM000712	89	6407ae78a28ae657ce0cc7509ed03715	0.2360	8	1465	0.8849	false	medium	operational_monomer_cluster;observed_consensus_representative;uncalibrated_confidence;cluster_identity=0.95
TXF000713	TXM000713	89	fdd3e79dbfb91b48cf6c8a51daea30af	0.3596	8	1464	0.8511	false	medium	operational_monomer_cluster;observed_consensus_representative;uncalibrated_confidence;cluster_identity=0.95;possible_higher_order_or_partial:TXF000713-TXF000949
TXF000714	TXM000714	60	13040ef75788a78ac2ce270836107ab6	0.3667	8	1450	0.9136	false	high	operational_monomer_cluster;observed_consensus_representative;uncalibrated_confidence;cluster_identity=0.95
TXF000715	TXM000715	43	c1acffd560a9c1ab2073ccb5bfc1da6e	0.3721	8	1448	0.7943	false	medium	operational_monomer_cluster;observed_consensus_representative;uncalibrated_confidence;cluster_identity=0.95;possible_higher_order_or_partial:TXF000449-TXF000715
TXF000716	TXM000716	86	7e4e2ac45d0f7ac26d4a9463f8e16cb7	0.3488	8	1423	0.9637	false	high	operational_monomer_cluster;observed_consensus_representative;uncalibrated_confidence;cluster_identity=0.95
TXF000717	TXM000717	58	96a8fe2d41f901aa429c9c4856c24906	0.4655	8	1403	0.9371	false	high	operational_monomer_cluster;observed_consensus_representative;uncalibrated_confidence;cluster_identity=0.95;possible_higher_order_or_partial:TXF000305-TXF000717;possible_higher_order_or_partial:TXF000693-TXF000717
TXF000718	TXM000718	51	0d57b511dcfb58c219dc6d2a3c9af6cb	0.3529	8	1375	0.9213	false	high	operational_monomer_cluster;observed_consensus_representative;uncalibrated_confidence;cluster_identity=0.95
TXF000719	TXM000719	81	4830f36eb14b78a6e31159df9b287846	0.4198	8	1368	0.9000	false	high	operational_monomer_cluster;observed_consensus_representative;uncalibrated_confidence;cluster_identity=0.95
TXF000720	TXM000720	42	d6cbbbaab8a5637b25f6ec71f0e9b037	0.5000	8	1363	0.8746	false	medium	operational_monomer_cluster;observed_consensus_representative;uncalibrated_confidence;cluster_identity=0.95
TXF000721	TXM000721	84	c0ad41314ff6d775df96e0489d8da386	0.2976	8	1361	0.9493	false	high	operational_monomer_cluster;observed_consensus_representative;uncalibrated_confidence;cluster_identity=0.95
TXF000722	TXM000722	63	852f0e8c033d4c2da93a48e110bb8a12	0.4762	8	1331	0.8601	false	medium	operational_monomer_cluster;observed_consensus_representative;uncalibrated_confidence;cluster_identity=0.95
TXF000723	TXM000723	79	e3f31ee404ff1b8f73eba7561cfc1a99	0.3544	8	1318	0.8660	false	medium	operational_monomer_cluster;observed_consensus_representative;uncalibrated_confidence;cluster_identity=0.95
TXF000724	TXM000724	52	1b20ec6eea83e08423d3272aa4476416	0.3654	8	1314	0.9601	false	high	operational_monomer_cluster;observed_consensus_representative;uncalibrated_confidence;cluster_identity=0.95
TXF000725	TXM000725	76	720ff0518c4a86e142894a31b3e4e230	0.3026	8	1282	0.9321	false	high	operational_monomer_cluster;observed_consensus_representative;uncalibrated_confidence;cluster_identity=0.95;possible_higher_order_or_partial:TXF000474-TXF000725
TXF000726	TXM000726	78	9cc32e7aa86f7517223d9632c995bf98	0.3333	8	1279	0.9268	false	high	operational_monomer_cluster;observed_consensus_representative;uncalibrated_confidence;cluster_identity=0.95
TXF000727	TXM000727	51	57836dc3a22157044303d9ef2fdac9e3	0.2549	8	1255	0.8541	false	medium	operational_monomer_cluster;observed_consensus_representative;uncalibrated_confidence;cluster_identity=0.95
TXF000728	TXM000728	68	ebed125838c0761424aa5ab148215ecd	0.3235	8	1248	0.8205	false	medium	operational_monomer_cluster;observed_consensus_representative;uncalibrated_confidence;cluster_identity=0.95
TXF000729	TXM000729	47	1a4a5a439addbef9b28b334c9bdda168	0.4043	8	1232	0.8378	false	medium	operational_monomer_cluster;observed_consensus_representative;uncalibrated_confidence;cluster_identity=0.95
TXF000730	TXM000730	66	0fcaf280c9d5c9c8258d5d9e0bf8b880	0.2121	8	1203	0.9956	false	high	operational_monomer_cluster;observed_consensus_representative;uncalibrated_confidence;cluster_identity=0.95
TXF000731	TXM000731	70	2f66c8637b3b6bf327c158071c0a9c1d	0.2429	8	1196	0.9463	false	high	operational_monomer_cluster;observed_consensus_representative;uncalibrated_confidence;cluster_identity=0.95
TXF000732	TXM000732	48	b5cf3b3b048bdcdf7f7a591346b74dfe	0.5417	8	1187	0.9045	false	high	operational_monomer_cluster;observed_consensus_representative;uncalibrated_confidence;cluster_identity=0.95
TXF000733	TXM000733	68	8db8597fcc65d334fb02502887ef0fc5	0.2794	8	1185	0.9580	false	high	operational_monomer_cluster;observed_consensus_representative;uncalibrated_confidence;cluster_identity=0.95
TXF000734	TXM000734	74	91d65c1179a6c6591f2458ebb87ed066	0.3514	8	1182	0.9696	false	high	operational_monomer_cluster;observed_consensus_representative;uncalibrated_confidence;cluster_identity=0.95
TXF000735	TXM000735	44	fddcc22092c1f2cee7940fd0c1e1c4ae	0.3182	8	1173	0.8657	false	medium	operational_monomer_cluster;observed_consensus_representative;uncalibrated_confidence;cluster_identity=0.95
TXF000736	TXM000736	71	a65f01419eb409f46fb88c12bf4f1389	0.2817	8	1163	0.9650	false	high	operational_monomer_cluster;observed_consensus_representative;uncalibrated_confidence;cluster_identity=0.95
TXF000737	TXM000737	66	7e54807e0bea54708c0bd8b74f667d2a	0.4091	8	1144	0.8961	false	medium	operational_monomer_cluster;observed_consensus_representative;uncalibrated_confidence;cluster_identity=0.95
TXF000738	TXM000738	69	ebc38c2d1822b2f1510b0b27f84936a5	0.3043	8	1130	0.9535	false	high	operational_monomer_cluster;observed_consensus_representative;uncalibrated_confidence;cluster_identity=0.95
TXF000739	TXM000739	66	5f7219d2640fd80ff0374d859092ba5f	0.5152	8	1112	0.8356	false	medium	operational_monomer_cluster;observed_consensus_representative;uncalibrated_confidence;cluster_identity=0.95
TXF000740	TXM000740	36	6553a18d48f0421c1d20c2281b2a6dcc	0.4444	8	1104	0.8986	false	medium	operational_monomer_cluster;observed_consensus_representative;uncalibrated_confidence;cluster_identity=0.95
TXF000741	TXM000741	65	27011a0d6e9578c8a1145884f3e3c584	0.3692	8	1103	0.9713	false	high	operational_monomer_cluster;observed_consensus_representative;uncalibrated_confidence;cluster_identity=0.95
TXF000742	TXM000742	48	7ec4e7e3f8ed22ef4be403e1883ce1c1	0.5833	8	1088	0.8523	false	medium	operational_monomer_cluster;observed_consensus_representative;uncalibrated_confidence;cluster_identity=0.95
TXF000743	TXM000743	66	cff22f4e3ba0186437510f1d89e4ed6c	0.3182	8	1087	0.8674	false	medium	operational_monomer_cluster;observed_consensus_representative;uncalibrated_confidence;cluster_identity=0.95
TXF000744	TXM000744	67	f70a8942c7729c09d6e44de25c1494b7	0.3284	8	1073	0.9647	false	high	operational_monomer_cluster;observed_consensus_representative;uncalibrated_confidence;cluster_identity=0.95
TXF000745	TXM000745	45	728868ff1024782113e63e3066769707	0.3556	8	1061	0.9634	false	high	operational_monomer_cluster;observed_consensus_representative;uncalibrated_confidence;cluster_identity=0.95
TXF000746	TXM000746	64	8bf8292fc2243afcd9aa38fc3b80d7be	0.4062	8	1056	0.9780	false	high	operational_monomer_cluster;observed_consensus_representative;uncalibrated_confidence;cluster_identity=0.95
TXF000747	TXM000747	64	ffbff1bee44825926d80fab1c7ea4809	0.3438	8	1056	0.8971	false	medium	operational_monomer_cluster;observed_consensus_representative;uncalibrated_confidence;cluster_identity=0.95
TXF000748	TXM000748	47	11dfce13d6d303a8ba72785943fb42fb	0.5532	8	1056	0.8465	false	medium	operational_monomer_cluster;observed_consensus_representative;uncalibrated_confidence;cluster_identity=0.95
TXF000749	TXM000749	65	d63c3d11aff4a822f771f953a20682eb	0.2615	8	1050	0.9793	false	high	operational_monomer_cluster;observed_consensus_representative;uncalibrated_confidence;cluster_identity=0.95
TXF000750	TXM000750	42	88b8ebfa0b2251cb8dc33d832585adbb	0.3333	8	1047	0.8583	false	medium	operational_monomer_cluster;observed_consensus_representative;uncalibrated_confidence;cluster_identity=0.95
TXF000751	TXM000751	38	fca7242dea42c7582c458c3ab5e8bb42	0.4211	8	1040	0.8478	false	medium	operational_monomer_cluster;observed_consensus_representative;uncalibrated_confidence;cluster_identity=0.95
TXF000752	TXM000752	40	6a2ec75c9fd9d04ba3cf9675585f3ebb	0.4250	8	1039	0.8682	false	medium	operational_monomer_cluster;observed_consensus_representative;uncalibrated_confidence;cluster_identity=0.95
TXF000753	TXM000753	63	b22c1ac8e6f4b84cef66717f7d7f0890	0.4286	8	1015	0.9747	false	high	operational_monomer_cluster;observed_consensus_representative;uncalibrated_confidence;cluster_identity=0.95
TXF000754	TXM000754	33	d59853a20792e22e1679e1a61b4d85f3	0.2727	8	1009	0.8809	false	medium	operational_monomer_cluster;observed_consensus_representative;uncalibrated_confidence;cluster_identity=0.95
TXF000755	TXM000755	58	ea901e73cc4f841f738e42f186095264	0.4483	8	994	0.8943	false	medium	operational_monomer_cluster;observed_consensus_representative;uncalibrated_confidence;cluster_identity=0.95
TXF000756	TXM000756	59	97ec1ac5424d0ebf04dd09187eebfae6	0.3220	8	977	0.9208	false	high	operational_monomer_cluster;observed_consensus_representative;uncalibrated_confidence;cluster_identity=0.95
TXF000757	TXM000757	59	17ca79bc6b030b1adde0cbd500638ce8	0.2542	8	968	0.9839	false	high	operational_monomer_cluster;observed_consensus_representative;uncalibrated_confidence;cluster_identity=0.95
TXF000758	TXM000758	58	0da1ea762c6c1601fea410c8cd9dc26f	0.3103	8	960	0.9310	false	high	operational_monomer_cluster;observed_consensus_representative;uncalibrated_confidence;cluster_identity=0.95
TXF000759	TXM000759	40	e8b937705bc2f6346ccbf0b690207a1b	0.3750	8	954	0.8236	false	medium	operational_monomer_cluster;observed_consensus_representative;uncalibrated_confidence;cluster_identity=0.95
TXF000760	TXM000760	52	a5c76d855892b3b2b541a3d7b2ffb53f	0.5577	8	943	0.8787	false	medium	operational_monomer_cluster;observed_consensus_representative;uncalibrated_confidence;cluster_identity=0.95
TXF000761	TXM000761	39	36cdf2b0aa3a1ee14ce1897e60bf9f0c	0.4359	8	937	0.8832	false	medium	operational_monomer_cluster;observed_consensus_representative;uncalibrated_confidence;cluster_identity=0.95
TXF000762	TXM000762	52	f361d61944c20c0a81dc8f58c0fc9253	0.3846	8	936	0.8030	false	medium	operational_monomer_cluster;observed_consensus_representative;uncalibrated_confidence;cluster_identity=0.95
TXF000763	TXM000763	56	dd363a3e93f8ec46a58a552aadd62ea8	0.6071	8	930	0.9112	false	high	operational_monomer_cluster;observed_consensus_representative;uncalibrated_confidence;cluster_identity=0.95
TXF000764	TXM000764	54	76385deff1e23efab85bf5c812b23eaf	0.3889	8	911	0.9979	false	high	operational_monomer_cluster;observed_consensus_representative;uncalibrated_confidence;cluster_identity=0.95
TXF000765	TXM000765	48	f22fc19d59de27f4ba5e5bf1f8687780	0.4375	8	904	0.8769	false	medium	operational_monomer_cluster;observed_consensus_representative;uncalibrated_confidence;cluster_identity=0.95
TXF000766	TXM000766	55	ebcd664292dc115cdc9298ee1c8ff251	0.4182	8	897	0.9298	false	high	operational_monomer_cluster;observed_consensus_representative;uncalibrated_confidence;cluster_identity=0.95
TXF000767	TXM000767	38	a88e40d0e353d6764b95c20f092f5ffd	0.5000	8	897	0.9322	false	high	operational_monomer_cluster;observed_consensus_representative;uncalibrated_confidence;cluster_identity=0.95
TXF000768	TXM000768	42	6efd04de4d436711e42401049a863fe6	0.1429	8	881	0.8943	false	medium	operational_monomer_cluster;observed_consensus_representative;uncalibrated_confidence;cluster_identity=0.95
TXF000769	TXM000769	52	d17b17d3e8531604eb2671f9103b8992	0.3269	8	880	0.8793	false	medium	operational_monomer_cluster;observed_consensus_representative;uncalibrated_confidence;cluster_identity=0.95
TXF000770	TXM000770	33	2849d280481521f96fa1fd357e7fd875	0.6667	8	880	0.9740	false	high	operational_monomer_cluster;observed_consensus_representative;uncalibrated_confidence;cluster_identity=0.95
TXF000771	TXM000771	30	fce59376c81c5e92c3125724b0745439	0.1667	8	867	0.8794	false	medium	operational_monomer_cluster;observed_consensus_representative;uncalibrated_confidence;cluster_identity=0.95
TXF000772	TXM000772	48	282fcc80933f94f4a6f67e5ec82a6384	0.2500	8	866	0.8763	false	medium	operational_monomer_cluster;observed_consensus_representative;uncalibrated_confidence;cluster_identity=0.95
TXF000773	TXM000773	49	d4240354cf524e1dfb94a973e8547415	0.1633	8	865	0.8924	false	medium	operational_monomer_cluster;observed_consensus_representative;uncalibrated_confidence;cluster_identity=0.95
TXF000774	TXM000774	30	0c5352626c7da2c9f7256b910a22be65	0.6667	8	863	0.8435	false	medium	operational_monomer_cluster;observed_consensus_representative;uncalibrated_confidence;cluster_identity=0.95
TXF000775	TXM000775	49	eb04ed89960ee9fc741d986a3e2a9a1d	0.3469	8	857	0.8925	false	medium	operational_monomer_cluster;observed_consensus_representative;uncalibrated_confidence;cluster_identity=0.95
TXF000776	TXM000776	48	551c113d7c818fb2a720f002f87356e6	0.3125	8	843	0.9546	false	high	operational_monomer_cluster;observed_consensus_representative;uncalibrated_confidence;cluster_identity=0.95
TXF000777	TXM000777	51	849ab1c29d7d9bc65ba096ca40fb0c89	0.2745	8	839	0.9236	false	high	operational_monomer_cluster;observed_consensus_representative;uncalibrated_confidence;cluster_identity=0.95
TXF000778	TXM000778	47	7db27bb915b6fe1229fe4edaccaed3fe	0.0851	8	838	0.8259	false	medium	operational_monomer_cluster;observed_consensus_representative;uncalibrated_confidence;cluster_identity=0.95
TXF000779	TXM000779	42	fe7f940e80f7333ad0d20345244a897d	0.4762	8	837	0.8362	false	medium	operational_monomer_cluster;observed_consensus_representative;uncalibrated_confidence;cluster_identity=0.95
TXF000780	TXM000780	47	dce363cb8c776ae30b4360a60fe04916	0.4894	8	835	0.7930	false	medium	operational_monomer_cluster;observed_consensus_representative;uncalibrated_confidence;cluster_identity=0.95
TXF000781	TXM000781	40	25be547219f32c9ae7fed08259556997	0.3750	8	832	0.8692	false	medium	operational_monomer_cluster;observed_consensus_representative;uncalibrated_confidence;cluster_identity=0.95
TXF000782	TXM000782	46	9dd2f54492622d07262253ff4a82b82f	0.2609	8	832	0.9441	false	high	operational_monomer_cluster;observed_consensus_representative;uncalibrated_confidence;cluster_identity=0.95
TXF000783	TXM000783	52	20d1d2510fc2da83234c4e4becebe3d4	0.1923	8	830	0.9375	false	high	operational_monomer_cluster;observed_consensus_representative;uncalibrated_confidence;cluster_identity=0.95
TXF000784	TXM000784	48	3c923b3531c06270ff7aecc87e43d292	0.2500	8	826	0.8447	false	medium	operational_monomer_cluster;observed_consensus_representative;uncalibrated_confidence;cluster_identity=0.95;possible_higher_order_or_partial:TXF000169-TXF000784
TXF000785	TXM000785	47	9ad2372220661a6808ea0a6782213d4b	0.2340	8	825	0.8383	false	medium	operational_monomer_cluster;observed_consensus_representative;uncalibrated_confidence;cluster_identity=0.95
TXF000786	TXM000786	30	a807a7e2de5447380f78daef8575d118	0.4000	8	820	0.9197	false	high	operational_monomer_cluster;observed_consensus_representative;uncalibrated_confidence;cluster_identity=0.95
TXF000787	TXM000787	48	2c877cc314f465516022fccca8a4229c	0.2500	8	819	0.9160	false	high	operational_monomer_cluster;observed_consensus_representative;uncalibrated_confidence;cluster_identity=0.95
TXF000788	TXM000788	32	3f8fd845ed7e688d2cddf0089cf8d8d2	0.3750	8	818	0.8501	false	medium	operational_monomer_cluster;observed_consensus_representative;uncalibrated_confidence;cluster_identity=0.95;possible_higher_order_or_partial:TXF000788-TXF001388
TXF000789	TXM000789	34	53d4db05bd2e0faf76996d64febcf018	0.4118	8	817	0.8521	false	medium	operational_monomer_cluster;observed_consensus_representative;uncalibrated_confidence;cluster_identity=0.95
TXF000790	TXM000790	38	e705d2bf696e96beb3b25818ac321d40	0.3158	8	816	0.8385	false	medium	operational_monomer_cluster;observed_consensus_representative;uncalibrated_confidence;cluster_identity=0.95
TXF000791	TXM000791	33	1ce9503288e242a672107f83bcf1615e	0.2121	8	815	0.9012	false	high	operational_monomer_cluster;observed_consensus_representative;uncalibrated_confidence;cluster_identity=0.95
TXF000792	TXM000792	35	91371dc9d72c967e7ece2f17ff6be0a7	0.3714	8	812	0.7978	false	medium	operational_monomer_cluster;observed_consensus_representative;uncalibrated_confidence;cluster_identity=0.95
TXF000793	TXM000793	44	070ecb2d697cd2bbe3cf8c01629ccf2b	0.1818	8	810	0.8729	false	medium	operational_monomer_cluster;observed_consensus_representative;uncalibrated_confidence;cluster_identity=0.95
TXF000794	TXM000794	30	c4fc40aee016cef5649fccd7a429afeb	0.4667	8	809	0.8575	false	medium	operational_monomer_cluster;observed_consensus_representative;uncalibrated_confidence;cluster_identity=0.95
TXF000795	TXM000795	48	1a7a01de4abd876052772292cf7d33f0	0.2917	8	808	0.9156	false	high	operational_monomer_cluster;observed_consensus_representative;uncalibrated_confidence;cluster_identity=0.95
TXF000796	TXM000796	39	ee5fcc81644b1396200001de307196e7	0.4615	8	808	0.7942	false	medium	operational_monomer_cluster;observed_consensus_representative;uncalibrated_confidence;cluster_identity=0.95
TXF000797	TXM000797	36	8d9f8ca155501f89e4a83f01ef8bfaa1	0.6667	8	808	0.9079	false	high	operational_monomer_cluster;observed_consensus_representative;uncalibrated_confidence;cluster_identity=0.95
TXF000798	TXM000798	36	04b0d356d806f2105b36df663f8c6984	0.4444	8	808	0.7955	false	medium	operational_monomer_cluster;observed_consensus_representative;uncalibrated_confidence;cluster_identity=0.95
TXF000799	TXM000799	36	f70c3212434d61bb2f54f181c65d1c14	0.1111	8	806	0.8577	false	medium	operational_monomer_cluster;observed_consensus_representative;uncalibrated_confidence;cluster_identity=0.95
TXF000800	TXM000800	40	ad0e5a9085b873b55e0fcb82b998a45c	0.2250	8	804	0.8413	false	medium	operational_monomer_cluster;observed_consensus_representative;uncalibrated_confidence;cluster_identity=0.95
TXF000801	TXM000801	47	cd6fe7555fceda1f8c4024bcb3cc14fc	0.4043	8	803	0.9014	false	high	operational_monomer_cluster;observed_consensus_representative;uncalibrated_confidence;cluster_identity=0.95
TXF000802	TXM000802	44	6ba126d323511cdb253506e8d8c97828	0.3409	8	802	0.8626	false	medium	operational_monomer_cluster;observed_consensus_representative;uncalibrated_confidence;cluster_identity=0.95
TXF000803	TXM000803	49	9c1668db85809c2582ac8030864cfb6a	0.3878	8	801	0.9262	false	high	operational_monomer_cluster;observed_consensus_representative;uncalibrated_confidence;cluster_identity=0.95
TXF000804	TXM000804	31	7572b445e1f2990ffc5bef57e275baa3	0.5161	8	801	0.8393	false	medium	operational_monomer_cluster;observed_consensus_representative;uncalibrated_confidence;cluster_identity=0.95
TXF000805	TXM000805	48	cf504bb8e862eec593b84f4400c86251	0.4792	8	801	0.8637	false	medium	operational_monomer_cluster;observed_consensus_representative;uncalibrated_confidence;cluster_identity=0.95
TXF000806	TXM000806	48	8d006d74ed3ecf07507bb02ccd45e319	0.3750	8	800	0.9207	false	high	operational_monomer_cluster;observed_consensus_representative;uncalibrated_confidence;cluster_identity=0.95
TXF000807	TXM000807	41	2c006393cc7b4f666d094551c7b2be91	0.3171	8	800	0.7966	false	medium	operational_monomer_cluster;observed_consensus_representative;uncalibrated_confidence;cluster_identity=0.95
TXF000808	TXM000808	34	560016a280f9cef807a532a89f9a6fd0	0.3235	8	800	0.9659	false	high	operational_monomer_cluster;observed_consensus_representative;uncalibrated_confidence;cluster_identity=0.95
TXF000809	TXM000809	988	90c9588c690ce35fa6b7ea3c4ba9c8d4	0.3360	7	33365	0.8109	false	medium	operational_monomer_cluster;observed_consensus_representative;uncalibrated_confidence;cluster_identity=0.95;possible_higher_order_or_partial:TXF000144-TXF000809;possible_higher_order_or_partial:TXF000286-TXF000809;possible_higher_order_or_partial:TXF000408-TXF000809;possible_higher_order_or_partial:TXF000809-TXF000830;possible_higher_order_or_partial:TXF000809-TXF001266
TXF000810	TXM000810	493	cf1fd34f203f8a682da757c32478549a	0.3489	7	22837	0.8091	false	medium	operational_monomer_cluster;observed_consensus_representative;uncalibrated_confidence;cluster_identity=0.95;possible_higher_order_or_partial:TXF000144-TXF000810;possible_higher_order_or_partial:TXF000810-TXF001266
TXF000811	TXM000811	504	cb66c1859651abf329bf637ce69e6ee2	0.3690	7	19851	0.8059	false	medium	operational_monomer_cluster;observed_consensus_representative;uncalibrated_confidence;cluster_identity=0.95;possible_higher_order_or_partial:TXF000144-TXF000811;possible_higher_order_or_partial:TXF000811-TXF001266
TXF000812	TXM000812	495	357ee8012f68042da064fbdc2c435c76	0.3596	7	19377	0.8313	false	medium	operational_monomer_cluster;observed_consensus_representative;uncalibrated_confidence;cluster_identity=0.95;possible_higher_order_or_partial:TXF000144-TXF000812;possible_higher_order_or_partial:TXF000812-TXF001266
TXF000813	TXM000813	874	139d187f1f53ed2bd8e46db159d2d1cf	0.3810	7	17706	0.9644	false	high	operational_monomer_cluster;observed_consensus_representative;uncalibrated_confidence;cluster_identity=0.95;possible_higher_order_or_partial:TXF000005-TXF000813;possible_higher_order_or_partial:TXF000018-TXF000813;possible_higher_order_or_partial:TXF000038-TXF000813;possible_higher_order_or_partial:TXF000061-TXF000813;possible_higher_order_or_partial:TXF000813-TXF001518
TXF000814	TXM000814	489	62a31b110742aa7d46900337d621222b	0.3640	7	17243	0.8054	false	medium	operational_monomer_cluster;observed_consensus_representative;uncalibrated_confidence;cluster_identity=0.95;possible_higher_order_or_partial:TXF000144-TXF000814;possible_higher_order_or_partial:TXF000263-TXF000814;possible_higher_order_or_partial:TXF000564-TXF000814
TXF000815	TXM000815	631	fa38c7c6a3512a34ab6a813d8484f81c	0.4136	7	15614	0.9766	false	high	operational_monomer_cluster;observed_consensus_representative;uncalibrated_confidence;cluster_identity=0.95
TXF000816	TXM000816	749	59f7b451d035813c6ec8f3d9a6e0d0ea	0.3298	7	15530	0.9341	false	high	operational_monomer_cluster;observed_consensus_representative;uncalibrated_confidence;cluster_identity=0.95
TXF000817	TXM000817	412	e2666c5e9b556fd2d0933250feb89cb8	0.2524	7	15302	0.8744	false	medium	operational_monomer_cluster;observed_consensus_representative;uncalibrated_confidence;cluster_identity=0.95
TXF000818	TXM000818	51	a2e5e4c6ee1a7a529a39631f726d559a	0.4902	7	13699	0.8377	false	medium	operational_monomer_cluster;observed_consensus_representative;uncalibrated_confidence;cluster_identity=0.95
TXF000819	TXM000819	938	ced4188d8b72fe60b3123863ab0c969c	0.3262	7	13490	0.8091	false	medium	operational_monomer_cluster;observed_consensus_representative;uncalibrated_confidence;cluster_identity=0.95;possible_higher_order_or_partial:TXF000144-TXF000819;possible_higher_order_or_partial:TXF000819-TXF000824;possible_higher_order_or_partial:TXF000819-TXF000830;possible_higher_order_or_partial:TXF000819-TXF001266
TXF000820	TXM000820	910	4565d2289ca6d7939fe39bc0fe98d60b	0.3516	7	13079	0.7934	false	medium	operational_monomer_cluster;observed_consensus_representative;uncalibrated_confidence;cluster_identity=0.95
TXF000821	TXM000821	688	13807c8b9004c0bf9864f4cf67dc5e50	0.3837	7	12614	0.9568	false	high	operational_monomer_cluster;observed_consensus_representative;uncalibrated_confidence;cluster_identity=0.95;possible_higher_order_or_partial:TXF000003-TXF000821;possible_higher_order_or_partial:TXF000004-TXF000821;possible_higher_order_or_partial:TXF000005-TXF000821;possible_higher_order_or_partial:TXF000018-TXF000821;possible_higher_order_or_partial:TXF000019-TXF000821;possible_higher_order_or_partial:TXF000038-TXF000821;possible_higher_order_or_partial:TXF000061-TXF000821;possible_higher_order_or_partial:TXF000574-TXF000821;possible_higher_order_or_partial:TXF000821-TXF001518
TXF000822	TXM000822	75	cdcf0557c6e8f73d61d2ea95949467cd	0.4667	7	12258	0.8596	false	medium	operational_monomer_cluster;observed_consensus_representative;uncalibrated_confidence;cluster_identity=0.95
TXF000823	TXM000823	848	026d409f1ed20431f66f09c590e02ec5	0.3090	7	11966	0.8818	false	medium	operational_monomer_cluster;observed_consensus_representative;uncalibrated_confidence;cluster_identity=0.95
TXF000824	TXM000824	505	3cc853431a53e0dbdba04b111d692b7a	0.3604	7	11126	0.8588	false	medium	operational_monomer_cluster;observed_consensus_representative;uncalibrated_confidence;cluster_identity=0.95;possible_higher_order_or_partial:TXF000144-TXF000824;possible_higher_order_or_partial:TXF000819-TXF000824;possible_higher_order_or_partial:TXF000824-TXF001266;possible_higher_order_or_partial:TXF000824-TXF001549
TXF000825	TXM000825	754	8f0c5320dc88c497527c8da06f530b31	0.3408	7	10637	0.8594	false	medium	operational_monomer_cluster;observed_consensus_representative;uncalibrated_confidence;cluster_identity=0.95;possible_higher_order_or_partial:TXF000144-TXF000825;possible_higher_order_or_partial:TXF000825-TXF001266
TXF000826	TXM000826	489	c428a76abac68e89d01683e3df0daa3e	0.3640	7	10634	0.7890	false	medium	operational_monomer_cluster;observed_consensus_representative;uncalibrated_confidence;cluster_identity=0.95;possible_higher_order_or_partial:TXF000144-TXF000826
TXF000827	TXM000827	413	3817d6587cd76a6e9e8bab769f1919c4	0.4044	7	8748	0.9878	false	high	operational_monomer_cluster;observed_consensus_representative;uncalibrated_confidence;cluster_identity=0.95
TXF000828	TXM000828	300	a41545cad8acf38142420a2f1c69760a	0.3800	7	8559	0.7839	false	medium	operational_monomer_cluster;observed_consensus_representative;uncalibrated_confidence;cluster_identity=0.95
TXF000829	TXM000829	588	023b7b18fce56ca23a584b80bb4f8260	0.3690	7	8362	0.8590	false	medium	operational_monomer_cluster;observed_consensus_representative;uncalibrated_confidence;cluster_identity=0.95;possible_higher_order_or_partial:TXF000144-TXF000829;possible_higher_order_or_partial:TXF000829-TXF001266
TXF000830	TXM000830	478	8cc329298259b462093b9707c7d89309	0.3285	7	8104	0.8033	false	medium	operational_monomer_cluster;observed_consensus_representative;uncalibrated_confidence;cluster_identity=0.95;possible_higher_order_or_partial:TXF000144-TXF000830;possible_higher_order_or_partial:TXF000809-TXF000830;possible_higher_order_or_partial:TXF000819-TXF000830;possible_higher_order_or_partial:TXF000830-TXF001266
TXF000831	TXM000831	497	e17cbae0bbc0afb91b946e15d73cd6f3	0.3561	7	7870	0.8721	false	medium	operational_monomer_cluster;observed_consensus_representative;uncalibrated_confidence;cluster_identity=0.95;possible_higher_order_or_partial:TXF000144-TXF000831;possible_higher_order_or_partial:TXF000831-TXF001531
TXF000832	TXM000832	550	9ce2a6de93c9816ef677eaf7806657fa	0.2945	7	7692	0.9544	false	high	operational_monomer_cluster;observed_consensus_representative;uncalibrated_confidence;cluster_identity=0.95
TXF000833	TXM000833	233	88b2c7f312a3334766504e417da478b8	0.3476	7	7622	0.8236	false	medium	operational_monomer_cluster;observed_consensus_representative;uncalibrated_confidence;cluster_identity=0.95
TXF000834	TXM000834	75	bc96af68d47d44c5d14737c10d2415f9	0.5067	7	7495	0.8999	false	medium	operational_monomer_cluster;observed_consensus_representative;uncalibrated_confidence;cluster_identity=0.95
TXF000835	TXM000835	501	8ab5cfa5e7b4c8ae3f67eaf948b08ac3	0.3852	7	7009	0.9124	false	high	operational_monomer_cluster;observed_consensus_representative;uncalibrated_confidence;cluster_identity=0.95;possible_higher_order_or_partial:TXF000003-TXF000835;possible_higher_order_or_partial:TXF000005-TXF000835;possible_higher_order_or_partial:TXF000018-TXF000835;possible_higher_order_or_partial:TXF000038-TXF000835;possible_higher_order_or_partial:TXF000835-TXF001518
TXF000836	TXM000836	379	67b74cba547e75e511a74e5d657ed5d4	0.3351	7	6659	0.9210	false	high	operational_monomer_cluster;observed_consensus_representative;uncalibrated_confidence;cluster_identity=0.95
TXF000837	TXM000837	440	8857c7c093b800f6208cbc457f9e23f4	0.3205	7	6457	0.8007	false	medium	operational_monomer_cluster;observed_consensus_representative;uncalibrated_confidence;cluster_identity=0.95
TXF000838	TXM000838	245	6c22283ce09734e194f691f8b4490752	0.1918	7	6407	0.8760	false	medium	operational_monomer_cluster;observed_consensus_representative;uncalibrated_confidence;cluster_identity=0.95;possible_higher_order_or_partial:TXF000838-TXF000841
TXF000839	TXM000839	172	2e289de8cb006e6a79083234236b135a	0.4128	7	6343	0.8226	false	medium	operational_monomer_cluster;observed_consensus_representative;uncalibrated_confidence;cluster_identity=0.95
TXF000840	TXM000840	397	0834e526710621239db907318889a8b5	0.4811	7	5714	0.7970	false	medium	operational_monomer_cluster;observed_consensus_representative;uncalibrated_confidence;cluster_identity=0.95
TXF000841	TXM000841	239	6620f492842a0206979ab80a3fa893f6	0.1883	7	5636	0.8230	false	medium	operational_monomer_cluster;observed_consensus_representative;uncalibrated_confidence;cluster_identity=0.95;possible_higher_order_or_partial:TXF000838-TXF000841
TXF000842	TXM000842	186	fce483c8227950c4b61ced846ecf55c7	0.2043	7	5603	0.8796	false	medium	operational_monomer_cluster;observed_consensus_representative;uncalibrated_confidence;cluster_identity=0.95
TXF000843	TXM000843	255	50a57933201c4e871614913ac3574583	0.1725	7	5472	0.9009	false	high	operational_monomer_cluster;observed_consensus_representative;uncalibrated_confidence;cluster_identity=0.95
TXF000844	TXM000844	374	34aab7d7d0b53a68591490a226446c5b	0.3503	7	5323	0.8840	false	medium	operational_monomer_cluster;observed_consensus_representative;uncalibrated_confidence;cluster_identity=0.95;possible_higher_order_or_partial:TXF000144-TXF000844
TXF000845	TXM000845	372	e7e2ef78c16cd38d3d93a7f1ffd800d3	0.2366	7	5230	0.9662	false	high	operational_monomer_cluster;observed_consensus_representative;uncalibrated_confidence;cluster_identity=0.95;possible_higher_order_or_partial:TXF000094-TXF000845;possible_higher_order_or_partial:TXF000699-TXF000845
TXF000846	TXM000846	293	11429038506696c8e7fd3292f31f2bc8	0.3242	7	5124	0.8904	false	medium	operational_monomer_cluster;observed_consensus_representative;uncalibrated_confidence;cluster_identity=0.95
TXF000847	TXM000847	189	f1e4ffeae4be9edb8374a6d767359bad	0.3915	7	5098	0.8862	false	medium	operational_monomer_cluster;observed_consensus_representative;uncalibrated_confidence;cluster_identity=0.95
TXF000848	TXM000848	173	979bc7ae0200d9f04377f11aad75a9e6	0.3353	7	4649	0.8415	false	medium	operational_monomer_cluster;observed_consensus_representative;uncalibrated_confidence;cluster_identity=0.95
TXF000849	TXM000849	159	e8ae93c9626afbf4bcf650cd9a3e957f	0.2642	7	4385	0.9046	false	high	operational_monomer_cluster;observed_consensus_representative;uncalibrated_confidence;cluster_identity=0.95;possible_higher_order_or_partial:TXF000029-TXF000849;possible_higher_order_or_partial:TXF000040-TXF000849;possible_higher_order_or_partial:TXF000849-TXF001381
TXF000850	TXM000850	306	967000c2b7ad4ad84c0bc3f821ee2570	0.4771	7	4346	0.9119	false	high	operational_monomer_cluster;observed_consensus_representative;uncalibrated_confidence;cluster_identity=0.95
TXF000851	TXM000851	186	bce4274c67a747fa2bf632830252dd09	0.2204	7	4325	0.8431	false	medium	operational_monomer_cluster;observed_consensus_representative;uncalibrated_confidence;cluster_identity=0.95;possible_higher_order_or_partial:TXF000422-TXF000851
TXF000852	TXM000852	286	cf7cbed05da869c82394df7ca69ef033	0.3531	7	4041	0.8051	false	medium	operational_monomer_cluster;observed_consensus_representative;uncalibrated_confidence;cluster_identity=0.95
TXF000853	TXM000853	54	3b20a5de628c985898453af86840d028	0.4074	7	3880	0.8051	false	medium	operational_monomer_cluster;observed_consensus_representative;uncalibrated_confidence;cluster_identity=0.95;possible_higher_order_or_partial:TXF000145-TXF000853;possible_higher_order_or_partial:TXF000603-TXF000853;possible_higher_order_or_partial:TXF000853-TXF001630;possible_higher_order_or_partial:TXF000853-TXF001653
TXF000854	TXM000854	36	476da77e17a61ba5d135ce901801d862	0.4722	7	3792	0.9098	false	high	operational_monomer_cluster;observed_consensus_representative;uncalibrated_confidence;cluster_identity=0.95
TXF000855	TXM000855	56	09f3535981be9ecbecfb5c8afd168121	0.4643	7	3702	0.8862	false	medium	operational_monomer_cluster;observed_consensus_representative;uncalibrated_confidence;cluster_identity=0.95;possible_higher_order_or_partial:TXF000021-TXF000855;possible_higher_order_or_partial:TXF000084-TXF000855;possible_higher_order_or_partial:TXF000269-TXF000855;possible_higher_order_or_partial:TXF000328-TXF000855;possible_higher_order_or_partial:TXF000352-TXF000855;possible_higher_order_or_partial:TXF000855-TXF001157;possible_higher_order_or_partial:TXF000855-TXF001609
TXF000856	TXM000856	256	1928f3a5046e8860f9a97062fc9c7a67	0.1992	7	3685	0.8196	false	medium	operational_monomer_cluster;observed_consensus_representative;uncalibrated_confidence;cluster_identity=0.95
TXF000857	TXM000857	126	28f5cdcb6151aeb5b20efeb0122ec848	0.4921	7	3659	0.8662	false	medium	operational_monomer_cluster;observed_consensus_representative;uncalibrated_confidence;cluster_identity=0.95
TXF000858	TXM000858	247	331e3eaa22a7aed8b7c863012cf90fd2	0.2510	7	3509	0.8002	false	medium	operational_monomer_cluster;observed_consensus_representative;uncalibrated_confidence;cluster_identity=0.95
TXF000859	TXM000859	141	1b6ad2946741862618659de19bbc4c4a	0.3121	7	3496	0.9052	false	high	operational_monomer_cluster;observed_consensus_representative;uncalibrated_confidence;cluster_identity=0.95
TXF000860	TXM000860	163	940ea4b8024f0498d868f55980b2732d	0.3313	7	3427	0.9533	false	high	operational_monomer_cluster;observed_consensus_representative;uncalibrated_confidence;cluster_identity=0.95
TXF000861	TXM000861	243	ba2450e879d8b15545ef3a61532973b1	0.3704	7	3416	0.8780	false	medium	operational_monomer_cluster;observed_consensus_representative;uncalibrated_confidence;cluster_identity=0.95;possible_higher_order_or_partial:TXF000613-TXF000861;possible_higher_order_or_partial:TXF000861-TXF001137;possible_higher_order_or_partial:TXF000861-TXF001651
TXF000862	TXM000862	39	d5907b04fd216ee86c84c2f262638b7a	0.5385	7	3404	0.8325	false	medium	operational_monomer_cluster;observed_consensus_representative;uncalibrated_confidence;cluster_identity=0.95
TXF000863	TXM000863	158	0c4555eb07a778d59f73fb5ec6565284	0.3418	7	3361	0.8711	false	medium	operational_monomer_cluster;observed_consensus_representative;uncalibrated_confidence;cluster_identity=0.95
TXF000864	TXM000864	229	59dccfb4b4a9c8ded5768a14f3a20396	0.4148	7	3277	0.9346	false	high	operational_monomer_cluster;observed_consensus_representative;uncalibrated_confidence;cluster_identity=0.95
TXF000865	TXM000865	228	d4d632f00ca49b878d897fa2e770a786	0.4342	7	3209	0.9876	false	high	operational_monomer_cluster;observed_consensus_representative;uncalibrated_confidence;cluster_identity=0.95
TXF000866	TXM000866	221	c3c91a20710de55a5c7c3330c905e633	0.2127	7	3199	0.8296	false	medium	operational_monomer_cluster;observed_consensus_representative;uncalibrated_confidence;cluster_identity=0.95
TXF000867	TXM000867	147	14616dd252e56a63fcc0a21f6ebeedd6	0.4762	7	3157	0.8308	false	medium	operational_monomer_cluster;observed_consensus_representative;uncalibrated_confidence;cluster_identity=0.95
TXF000868	TXM000868	157	4991e07ece5136d54af2cd90070912b0	0.3822	7	3071	0.9549	false	high	operational_monomer_cluster;observed_consensus_representative;uncalibrated_confidence;cluster_identity=0.95
TXF000869	TXM000869	75	ff4a9f58b2a2490c5cd96a3a61cc2335	0.5733	7	3029	0.8071	false	medium	operational_monomer_cluster;observed_consensus_representative;uncalibrated_confidence;cluster_identity=0.95
TXF000870	TXM000870	66	7fabd419f8f80707df4e81f502a59c36	0.4848	7	2993	0.8102	false	medium	operational_monomer_cluster;observed_consensus_representative;uncalibrated_confidence;cluster_identity=0.95
TXF000871	TXM000871	120	70ec0a145e94b396d2de5a1f7f4ee6a2	0.5000	7	2976	0.8130	false	medium	operational_monomer_cluster;observed_consensus_representative;uncalibrated_confidence;cluster_identity=0.95;possible_higher_order_or_partial:TXF000516-TXF000871
TXF000872	TXM000872	204	ba9bae14b4888bdb8c85d400b6a3ba48	0.3137	7	2927	0.8067	false	medium	operational_monomer_cluster;observed_consensus_representative;uncalibrated_confidence;cluster_identity=0.95
TXF000873	TXM000873	207	dee46d91242e3fde17cd3c1d29c39645	0.2077	7	2926	0.9858	false	high	operational_monomer_cluster;observed_consensus_representative;uncalibrated_confidence;cluster_identity=0.95
TXF000874	TXM000874	63	e79bc8c53497cb48726795e5e2738acb	0.4603	7	2757	0.9109	false	high	operational_monomer_cluster;observed_consensus_representative;uncalibrated_confidence;cluster_identity=0.95
TXF000875	TXM000875	135	b9779f256fe148afdfffe8c9af3fa391	0.4296	7	2755	0.8943	false	medium	operational_monomer_cluster;observed_consensus_representative;uncalibrated_confidence;cluster_identity=0.95
TXF000876	TXM000876	84	1f57f41e090aaf8a72eb99054bb9a9f4	0.5357	7	2677	0.9295	false	high	operational_monomer_cluster;observed_consensus_representative;uncalibrated_confidence;cluster_identity=0.95
TXF000877	TXM000877	180	6fb60241230d59e37a75ad589b588dfa	0.3833	7	2602	0.8860	false	medium	operational_monomer_cluster;observed_consensus_representative;uncalibrated_confidence;cluster_identity=0.95
TXF000878	TXM000878	145	5bc9f126abb7aa10f4368fa83459a5a6	0.3034	7	2583	0.8298	false	medium	operational_monomer_cluster;observed_consensus_representative;uncalibrated_confidence;cluster_identity=0.95
TXF000879	TXM000879	170	a33efc1139c725a5816c89d0f3fe025c	0.3471	7	2579	0.9413	false	high	operational_monomer_cluster;observed_consensus_representative;uncalibrated_confidence;cluster_identity=0.95;possible_higher_order_or_partial:TXF000451-TXF000879
TXF000880	TXM000880	169	cb3b5ab3e1a6288c465ced1106144d1d	0.4024	7	2556	0.8043	false	medium	operational_monomer_cluster;observed_consensus_representative;uncalibrated_confidence;cluster_identity=0.95
TXF000881	TXM000881	174	9a9f6ce2fc307a06f4a9633932b0c876	0.2471	7	2533	0.8178	false	medium	operational_monomer_cluster;observed_consensus_representative;uncalibrated_confidence;cluster_identity=0.95;possible_higher_order_or_partial:TXF000881-TXF001164
TXF000882	TXM000882	172	6edcf3353ae91a74b163ff12e0e5123a	0.2500	7	2513	0.8678	false	medium	operational_monomer_cluster;observed_consensus_representative;uncalibrated_confidence;cluster_identity=0.95
TXF000883	TXM000883	174	ac1e37e3c41a67035ed0d6f1a12a35b2	0.4080	7	2485	0.8786	false	medium	operational_monomer_cluster;observed_consensus_representative;uncalibrated_confidence;cluster_identity=0.95
TXF000884	TXM000884	72	bc09edb7de9ebf3801313b72fb829aa3	0.3333	7	2423	0.9341	false	high	operational_monomer_cluster;observed_consensus_representative;uncalibrated_confidence;cluster_identity=0.95
TXF000885	TXM000885	161	cdebc2aa91c9ba43cfd5b06bc83da7af	0.3168	7	2406	0.8799	false	medium	operational_monomer_cluster;observed_consensus_representative;uncalibrated_confidence;cluster_identity=0.95;possible_higher_order_or_partial:TXF000033-TXF000885;possible_higher_order_or_partial:TXF000885-TXF001701
TXF000886	TXM000886	158	14be11d116252e703950540f5d4c6a67	0.2215	7	2340	0.8016	false	medium	operational_monomer_cluster;observed_consensus_representative;uncalibrated_confidence;cluster_identity=0.95
TXF000887	TXM000887	156	bdb83c84bb76875453412e24ff218976	0.3205	7	2302	0.8132	false	medium	operational_monomer_cluster;observed_consensus_representative;uncalibrated_confidence;cluster_identity=0.95
TXF000888	TXM000888	30	8e4330492f821ad7b7dc7c58d7a5a186	0.6333	7	2249	0.8967	false	medium	operational_monomer_cluster;observed_consensus_representative;uncalibrated_confidence;cluster_identity=0.95
TXF000889	TXM000889	156	c6356e6b83efd9f0ff4dea8581a7a285	0.2500	7	2234	0.9171	false	high	operational_monomer_cluster;observed_consensus_representative;uncalibrated_confidence;cluster_identity=0.95
TXF000890	TXM000890	106	e55eaf4653d1171b910995547c901d98	0.3679	7	2194	0.8446	false	medium	operational_monomer_cluster;observed_consensus_representative;uncalibrated_confidence;cluster_identity=0.95
TXF000891	TXM000891	155	1d462828683f8691be3ae24d399d643f	0.4323	7	2174	0.8779	false	medium	operational_monomer_cluster;observed_consensus_representative;uncalibrated_confidence;cluster_identity=0.95
TXF000892	TXM000892	150	b97db59c71b11cc2797de066b772ce33	0.3867	7	2172	0.8734	false	medium	operational_monomer_cluster;observed_consensus_representative;uncalibrated_confidence;cluster_identity=0.95
TXF000893	TXM000893	151	53261b034d5c534b205dbcac82549414	0.2318	7	2136	0.8522	false	medium	operational_monomer_cluster;observed_consensus_representative;uncalibrated_confidence;cluster_identity=0.95
TXF000894	TXM000894	101	c01794d25e29ed534f5cb40e7a3375f4	0.1980	7	2132	0.8597	false	medium	operational_monomer_cluster;observed_consensus_representative;uncalibrated_confidence;cluster_identity=0.95
TXF000895	TXM000895	150	1306022af8cc8728f44a5e51f751f796	0.2867	7	2127	0.8653	false	medium	operational_monomer_cluster;observed_consensus_representative;uncalibrated_confidence;cluster_identity=0.95
TXF000896	TXM000896	30	f2a57dccb8179f17300558ffad7f4ff8	0.5333	7	2048	0.8151	false	medium	operational_monomer_cluster;observed_consensus_representative;uncalibrated_confidence;cluster_identity=0.95
TXF000897	TXM000897	75	8d23e530fd6f27b9121f9dce636e7977	0.4800	7	1998	0.8840	false	medium	operational_monomer_cluster;observed_consensus_representative;uncalibrated_confidence;cluster_identity=0.95
TXF000898	TXM000898	96	c1fd69aec5a5e4acc2315e1e4fb11eb3	0.3646	7	1997	0.9389	false	high	operational_monomer_cluster;observed_consensus_representative;uncalibrated_confidence;cluster_identity=0.95
TXF000899	TXM000899	52	6df7bfd6c552d57fc3c1f61ea612507a	0.5962	7	1991	0.8384	false	medium	operational_monomer_cluster;observed_consensus_representative;uncalibrated_confidence;cluster_identity=0.95
TXF000900	TXM000900	105	d1aa15cc9fa2a0c6e8fae6e1c2f85632	0.4762	7	1963	0.8293	false	medium	operational_monomer_cluster;observed_consensus_representative;uncalibrated_confidence;cluster_identity=0.95
TXF000901	TXM000901	138	4cee4206d522ae8fb426ec967ae518bc	0.2391	7	1945	0.9082	false	high	operational_monomer_cluster;observed_consensus_representative;uncalibrated_confidence;cluster_identity=0.95;possible_higher_order_or_partial:TXF000350-TXF000901
TXF000902	TXM000902	134	295826b9505e2f624441b925517546d8	0.3507	7	1937	0.8577	false	medium	operational_monomer_cluster;observed_consensus_representative;uncalibrated_confidence;cluster_identity=0.95
TXF000903	TXM000903	132	62d26b06501bb3ae6b418394d7c7f0aa	0.2727	7	1934	0.8203	false	medium	operational_monomer_cluster;observed_consensus_representative;uncalibrated_confidence;cluster_identity=0.95
TXF000904	TXM000904	30	77add27720fcafc3b915d4afcf478d26	0.6333	7	1931	0.8669	false	medium	operational_monomer_cluster;observed_consensus_representative;uncalibrated_confidence;cluster_identity=0.95
TXF000905	TXM000905	129	ced8e84b9a87e1dee44ddc040114fc84	0.2403	7	1894	0.8540	false	medium	operational_monomer_cluster;observed_consensus_representative;uncalibrated_confidence;cluster_identity=0.95
TXF000906	TXM000906	134	4151cef5b1e3533495e5b2b8a8bd7861	0.4179	7	1887	0.9368	false	high	operational_monomer_cluster;observed_consensus_representative;uncalibrated_confidence;cluster_identity=0.95
TXF000907	TXM000907	123	817947bc774638582dcce884054560c3	0.2114	7	1831	0.8131	false	medium	operational_monomer_cluster;observed_consensus_representative;uncalibrated_confidence;cluster_identity=0.95
TXF000908	TXM000908	116	c7b7e30a5fe88e39768d141c05bd6479	0.5690	7	1800	0.8339	false	medium	operational_monomer_cluster;observed_consensus_representative;uncalibrated_confidence;cluster_identity=0.95;possible_higher_order_or_partial:TXF000026-TXF000908;possible_higher_order_or_partial:TXF000028-TXF000908;possible_higher_order_or_partial:TXF000035-TXF000908;possible_higher_order_or_partial:TXF000173-TXF000908;possible_higher_order_or_partial:TXF000190-TXF000908
TXF000909	TXM000909	119	1e32c85d546caa7c4eda7b0bda4cb29d	0.3445	7	1763	0.8009	false	medium	operational_monomer_cluster;observed_consensus_representative;uncalibrated_confidence;cluster_identity=0.95
TXF000910	TXM000910	122	3904bb453f6bbd3a7be8c8147bdd67bc	0.3607	7	1752	0.9901	false	high	operational_monomer_cluster;observed_consensus_representative;uncalibrated_confidence;cluster_identity=0.95
TXF000911	TXM000911	115	ca3f538ac5afa4237caf370feedc37e6	0.3304	7	1747	0.8057	false	medium	operational_monomer_cluster;observed_consensus_representative;uncalibrated_confidence;cluster_identity=0.95
TXF000912	TXM000912	115	0120d4446e5445044226da09ecb06198	0.3739	7	1717	0.8743	false	medium	operational_monomer_cluster;observed_consensus_representative;uncalibrated_confidence;cluster_identity=0.95
TXF000913	TXM000913	76	9c6cc103e7e5c18ff75dfce86c849ac1	0.1842	7	1716	0.9472	false	high	operational_monomer_cluster;observed_consensus_representative;uncalibrated_confidence;cluster_identity=0.95
TXF000914	TXM000914	112	23233bd654a079182b71fbe8676ce199	0.1607	7	1679	0.9576	false	high	operational_monomer_cluster;observed_consensus_representative;uncalibrated_confidence;cluster_identity=0.95
TXF000915	TXM000915	79	521f3638c394c693f29bec1be227db86	0.2405	7	1679	0.9088	false	high	operational_monomer_cluster;observed_consensus_representative;uncalibrated_confidence;cluster_identity=0.95
TXF000916	TXM000916	30	ade83b110bb66e705132cebd95cbd53f	0.6667	7	1667	0.9205	false	high	operational_monomer_cluster;observed_consensus_representative;uncalibrated_confidence;cluster_identity=0.95
TXF000917	TXM000917	116	eebc29952d6b73b6ad984adf0c2a7ce4	0.5086	7	1647	0.8114	false	medium	operational_monomer_cluster;observed_consensus_representative;uncalibrated_confidence;cluster_identity=0.95
TXF000918	TXM000918	113	f9de70d2d326b49095790f6e2b3c93e5	0.3186	7	1631	0.9643	false	high	operational_monomer_cluster;observed_consensus_representative;uncalibrated_confidence;cluster_identity=0.95
TXF000919	TXM000919	98	8c324b1ef57847a452ebd363a2504bd6	0.2551	7	1620	0.8509	false	medium	operational_monomer_cluster;observed_consensus_representative;uncalibrated_confidence;cluster_identity=0.95
TXF000920	TXM000920	51	7ed8ef487f8b3495fffff7ec7f67eacf	0.5490	7	1607	0.8683	false	medium	operational_monomer_cluster;observed_consensus_representative;uncalibrated_confidence;cluster_identity=0.95
TXF000921	TXM000921	34	0986b1ddc3814cd92700403eac6ca9a9	0.3235	7	1585	0.8529	false	medium	operational_monomer_cluster;observed_consensus_representative;uncalibrated_confidence;cluster_identity=0.95
TXF000922	TXM000922	45	1b3d6edb8e597ccf87f3b7557763e565	0.3111	7	1583	0.9756	false	high	operational_monomer_cluster;observed_consensus_representative;uncalibrated_confidence;cluster_identity=0.95
TXF000923	TXM000923	40	c4e8e3f1ecdeb6c910e7e2d434ee116a	0.1500	7	1581	0.9546	false	high	operational_monomer_cluster;observed_consensus_representative;uncalibrated_confidence;cluster_identity=0.95
TXF000924	TXM000924	92	829ad4312b05f822c3957c38f1c69938	0.4239	7	1570	0.8960	false	medium	operational_monomer_cluster;observed_consensus_representative;uncalibrated_confidence;cluster_identity=0.95
TXF000925	TXM000925	109	ffeabe3d074eccb963e1b9b477e4d4bd	0.2844	7	1567	0.9316	false	high	operational_monomer_cluster;observed_consensus_representative;uncalibrated_confidence;cluster_identity=0.95
TXF000926	TXM000926	36	36934227954f05fd876379632bbea575	0.4444	7	1566	0.8389	false	medium	operational_monomer_cluster;observed_consensus_representative;uncalibrated_confidence;cluster_identity=0.95
TXF000927	TXM000927	96	d0da931c8b6fa91b332348ce6fe6cd3e	0.1667	7	1554	0.8409	false	medium	operational_monomer_cluster;observed_consensus_representative;uncalibrated_confidence;cluster_identity=0.95;possible_higher_order_or_partial:TXF000927-TXF001097
TXF000928	TXM000928	109	aed99af8415e35d6db6d11e81c2bebed	0.1560	7	1548	0.8535	false	medium	operational_monomer_cluster;observed_consensus_representative;uncalibrated_confidence;cluster_identity=0.95
TXF000929	TXM000929	101	ef0b3df067431de6aa0bfa88671b4c91	0.2376	7	1494	0.9074	false	high	operational_monomer_cluster;observed_consensus_representative;uncalibrated_confidence;cluster_identity=0.95
TXF000930	TXM000930	88	f58546b758c33ac0d91cea47fbadabcb	0.4091	7	1471	0.9054	false	high	operational_monomer_cluster;observed_consensus_representative;uncalibrated_confidence;cluster_identity=0.95;possible_higher_order_or_partial:TXF000530-TXF000930;possible_higher_order_or_partial:TXF000930-TXF000960
TXF000931	TXM000931	102	fc5eb70bf443ac3d8a0f08ebacf60b3c	0.1176	7	1457	0.8997	false	medium	operational_monomer_cluster;observed_consensus_representative;uncalibrated_confidence;cluster_identity=0.95;possible_higher_order_or_partial:TXF000378-TXF000931;possible_higher_order_or_partial:TXF000709-TXF000931
TXF000932	TXM000932	103	af2fc50e57b274b2e17a01fef563139d	0.4175	7	1457	0.8906	false	medium	operational_monomer_cluster;observed_consensus_representative;uncalibrated_confidence;cluster_identity=0.95;possible_higher_order_or_partial:TXF000165-TXF000932
TXF000933	TXM000933	98	cbf048547875c8fc5f15f8bd5a8b3f2e	0.3776	7	1426	0.7914	false	medium	operational_monomer_cluster;observed_consensus_representative;uncalibrated_confidence;cluster_identity=0.95
TXF000934	TXM000934	95	fee79c9135ad95e246a86985d56c830f	0.4526	7	1415	0.8132	false	medium	operational_monomer_cluster;observed_consensus_representative;uncalibrated_confidence;cluster_identity=0.95
TXF000935	TXM000935	48	1784a3312f5b19880ab237c298c88e2f	0.1042	7	1412	0.8504	false	medium	operational_monomer_cluster;observed_consensus_representative;uncalibrated_confidence;cluster_identity=0.95
TXF000936	TXM000936	100	6ffa21ac7a0313b7ff7caa8a094ba00f	0.2200	7	1407	0.8778	false	medium	operational_monomer_cluster;observed_consensus_representative;uncalibrated_confidence;cluster_identity=0.95
TXF000937	TXM000937	40	d8a50cba659ecb20777db8ddbfc02525	0.3250	7	1394	0.9040	false	high	operational_monomer_cluster;observed_consensus_representative;uncalibrated_confidence;cluster_identity=0.95
TXF000938	TXM000938	37	13df6dc25547f83b941807803711ca2f	0.3784	7	1389	0.8441	false	medium	operational_monomer_cluster;observed_consensus_representative;uncalibrated_confidence;cluster_identity=0.95
TXF000939	TXM000939	97	e55157536966fc57d6f567ef2b821260	0.3711	7	1378	0.9686	false	high	operational_monomer_cluster;observed_consensus_representative;uncalibrated_confidence;cluster_identity=0.95
TXF000940	TXM000940	93	0f9f99785354101870be2c97826e74b6	0.3871	7	1359	0.9817	false	high	operational_monomer_cluster;observed_consensus_representative;uncalibrated_confidence;cluster_identity=0.95
TXF000941	TXM000941	87	a5459290b00ed38f058c08bf6af6f772	0.3908	7	1350	0.7911	false	medium	operational_monomer_cluster;observed_consensus_representative;uncalibrated_confidence;cluster_identity=0.95
TXF000942	TXM000942	94	08fff447b55a351b03c402b8d1a5662c	0.2660	7	1334	0.8865	false	medium	operational_monomer_cluster;observed_consensus_representative;uncalibrated_confidence;cluster_identity=0.95
TXF000943	TXM000943	48	936a679bc4846b8168c3e34f64f6f74a	0.3958	7	1329	0.8994	false	medium	operational_monomer_cluster;observed_consensus_representative;uncalibrated_confidence;cluster_identity=0.95
TXF000944	TXM000944	51	03a61b95b219818dbbe51bf35c00b820	0.0980	7	1328	0.8841	false	medium	operational_monomer_cluster;observed_consensus_representative;uncalibrated_confidence;cluster_identity=0.95
TXF000945	TXM000945	47	1bf1b12945e3b9f9039031ece34edd87	0.2766	7	1324	0.8358	false	medium	operational_monomer_cluster;observed_consensus_representative;uncalibrated_confidence;cluster_identity=0.95
TXF000946	TXM000946	93	9ffa706fb579b4411be583f30a71152a	0.3871	7	1316	0.9311	false	high	operational_monomer_cluster;observed_consensus_representative;uncalibrated_confidence;cluster_identity=0.95
TXF000947	TXM000947	60	fbbf3635fdacb8ae3a63b9307aebeca9	0.6000	7	1308	0.8114	false	medium	operational_monomer_cluster;observed_consensus_representative;uncalibrated_confidence;cluster_identity=0.95
TXF000948	TXM000948	33	0e29dc0f32fe67fb290aa18f68977e71	0.4848	7	1295	0.8431	false	medium	operational_monomer_cluster;observed_consensus_representative;uncalibrated_confidence;cluster_identity=0.95
TXF000949	TXM000949	90	e98521a7ab97bb34d8819648789f2500	0.3778	7	1292	0.8475	false	medium	operational_monomer_cluster;observed_consensus_representative;uncalibrated_confidence;cluster_identity=0.95;possible_higher_order_or_partial:TXF000713-TXF000949
TXF000950	TXM000950	42	01aa4a820d3596bc814e58ec27045592	0.1905	7	1261	0.9029	false	high	operational_monomer_cluster;observed_consensus_representative;uncalibrated_confidence;cluster_identity=0.95
TXF000951	TXM000951	86	061b2b1d6095447322a0c6dcb41a8005	0.3837	7	1247	0.7945	false	medium	operational_monomer_cluster;observed_consensus_representative;uncalibrated_confidence;cluster_identity=0.95
TXF000952	TXM000952	45	13faef483d31793d1153c384085d16f8	0.5778	7	1246	0.9398	false	high	operational_monomer_cluster;observed_consensus_representative;uncalibrated_confidence;cluster_identity=0.95
TXF000953	TXM000953	41	715442be0f152abb757bd553e2e92631	0.4146	7	1241	0.8945	false	medium	operational_monomer_cluster;observed_consensus_representative;uncalibrated_confidence;cluster_identity=0.95
TXF000954	TXM000954	75	dd67c0ded0a83061ff9912917dfe04f9	0.4667	7	1227	0.7908	false	medium	operational_monomer_cluster;observed_consensus_representative;uncalibrated_confidence;cluster_identity=0.95
TXF000955	TXM000955	69	a2bdda5148204498249929675b432c16	0.3623	7	1225	0.9114	false	high	operational_monomer_cluster;observed_consensus_representative;uncalibrated_confidence;cluster_identity=0.95
TXF000956	TXM000956	86	ee3bfc44f0f5859f8234524598d1e78f	0.3023	7	1224	0.9466	false	high	operational_monomer_cluster;observed_consensus_representative;uncalibrated_confidence;cluster_identity=0.95
TXF000957	TXM000957	75	ff08c01174b8d903ff637d6be0cb7173	0.2400	7	1218	0.8454	false	medium	operational_monomer_cluster;observed_consensus_representative;uncalibrated_confidence;cluster_identity=0.95
TXF000958	TXM000958	82	720a05d5cda1dba999581b7e19838fc9	0.3171	7	1212	0.9674	false	high	operational_monomer_cluster;observed_consensus_representative;uncalibrated_confidence;cluster_identity=0.95
TXF000959	TXM000959	33	85f2bd47dd96fd123544d3e5507c063c	0.3939	7	1204	0.9257	false	high	operational_monomer_cluster;observed_consensus_representative;uncalibrated_confidence;cluster_identity=0.95
TXF000960	TXM000960	33	af0ed047bebdf42fe639f95f9640d85d	0.3333	7	1183	0.9270	false	high	operational_monomer_cluster;observed_consensus_representative;uncalibrated_confidence;cluster_identity=0.95;possible_higher_order_or_partial:TXF000057-TXF000960;possible_higher_order_or_partial:TXF000147-TXF000960;likely_redundant:TXF000530-TXF000960;possible_higher_order_or_partial:TXF000930-TXF000960;possible_higher_order_or_partial:TXF000960-TXF001737;likely_redundant:TXF000960-TXF001988
TXF000961	TXM000961	71	e4231b209213bbb396dc5635693f78e5	0.2113	7	1182	0.9077	false	high	operational_monomer_cluster;observed_consensus_representative;uncalibrated_confidence;cluster_identity=0.95
TXF000962	TXM000962	76	258096a4cced9d9ecbc80994f54ba4b3	0.2763	7	1169	0.8043	false	medium	operational_monomer_cluster;observed_consensus_representative;uncalibrated_confidence;cluster_identity=0.95
TXF000963	TXM000963	36	e7385f3d4d1235329a970c162c7b9fa1	0.7778	7	1164	0.8923	false	medium	operational_monomer_cluster;observed_consensus_representative;uncalibrated_confidence;cluster_identity=0.95
TXF000964	TXM000964	80	0927b6e13a255c11a6fd880016986987	0.3000	7	1150	0.9696	false	high	operational_monomer_cluster;observed_consensus_representative;uncalibrated_confidence;cluster_identity=0.95
TXF000965	TXM000965	72	92405401e3b46d41f3038bb298b8d52d	0.1250	7	1142	0.8775	false	medium	operational_monomer_cluster;observed_consensus_representative;uncalibrated_confidence;cluster_identity=0.95
TXF000966	TXM000966	79	fc966e6d77053a961e86d71f74120e51	0.4304	7	1120	0.9729	false	high	operational_monomer_cluster;observed_consensus_representative;uncalibrated_confidence;cluster_identity=0.95
TXF000967	TXM000967	78	9f24f8cb72afbe56e149a211dab88b1d	0.3462	7	1114	0.8296	false	medium	operational_monomer_cluster;observed_consensus_representative;uncalibrated_confidence;cluster_identity=0.95
TXF000968	TXM000968	48	5643ee256e80daac8e0841c500218dbe	0.2708	7	1113	0.8313	false	medium	operational_monomer_cluster;observed_consensus_representative;uncalibrated_confidence;cluster_identity=0.95
TXF000969	TXM000969	67	8d5e85454d54959fe22e8d771ee09068	0.3284	7	1107	0.9640	false	high	operational_monomer_cluster;observed_consensus_representative;uncalibrated_confidence;cluster_identity=0.95
TXF000970	TXM000970	78	001393729ad5ff2416caf9e91ce8d1f5	0.3718	7	1106	0.8172	false	medium	operational_monomer_cluster;observed_consensus_representative;uncalibrated_confidence;cluster_identity=0.95
TXF000971	TXM000971	78	507762a09e57dbce32e3ac400395b0d4	0.3590	7	1094	0.9545	false	high	operational_monomer_cluster;observed_consensus_representative;uncalibrated_confidence;cluster_identity=0.95
TXF000972	TXM000972	70	21464e83c1ff093a7a6b2c07d941b228	0.3000	7	1092	0.8690	false	medium	operational_monomer_cluster;observed_consensus_representative;uncalibrated_confidence;cluster_identity=0.95
TXF000973	TXM000973	70	d9364c56c567278e4f19befe0991fe69	0.4429	7	1086	0.8480	false	medium	operational_monomer_cluster;observed_consensus_representative;uncalibrated_confidence;cluster_identity=0.95
TXF000974	TXM000974	77	3998149cb3bcf56db157c661d302d50e	0.1429	7	1084	0.9910	false	high	operational_monomer_cluster;observed_consensus_representative;uncalibrated_confidence;cluster_identity=0.95
TXF000975	TXM000975	74	a8d6d8909b2489784371017c5dca780f	0.3108	7	1082	0.9471	false	high	operational_monomer_cluster;observed_consensus_representative;uncalibrated_confidence;cluster_identity=0.95
TXF000976	TXM000976	70	0324fb0c7ebe993d63f275e945b55787	0.2143	7	1077	0.8588	false	medium	operational_monomer_cluster;observed_consensus_representative;uncalibrated_confidence;cluster_identity=0.95
TXF000977	TXM000977	67	fb12f4d349ccb95772c02111bd639df6	0.1642	7	1076	0.8615	false	medium	operational_monomer_cluster;observed_consensus_representative;uncalibrated_confidence;cluster_identity=0.95
TXF000978	TXM000978	43	cdeb3b6fe8ede979102ac02ada0be8bd	0.5116	7	1074	0.7795	false	medium	operational_monomer_cluster;observed_consensus_representative;uncalibrated_confidence;cluster_identity=0.95
TXF000979	TXM000979	73	0dce1b9e1d38d0a2071287958029c91f	0.2192	7	1071	0.9375	false	high	operational_monomer_cluster;observed_consensus_representative;uncalibrated_confidence;cluster_identity=0.95;possible_higher_order_or_partial:TXF000709-TXF000979
TXF000980	TXM000980	70	5f329517aba9c6a4749ce76e4bdd6874	0.5429	7	1065	0.8080	false	medium	operational_monomer_cluster;observed_consensus_representative;uncalibrated_confidence;cluster_identity=0.95;possible_higher_order_or_partial:TXF000090-TXF000980
TXF000981	TXM000981	72	241f772c1656df7620edfca03c0e978f	0.2778	7	1064	0.8625	false	medium	operational_monomer_cluster;observed_consensus_representative;uncalibrated_confidence;cluster_identity=0.95
TXF000982	TXM000982	74	537ef32f9288a503508d13b3f618190c	0.2027	7	1057	0.9730	false	high	operational_monomer_cluster;observed_consensus_representative;uncalibrated_confidence;cluster_identity=0.95
TXF000983	TXM000983	44	9c1778986b976fae9cf0f5e5dfc29111	0.3409	7	1054	0.8154	false	medium	operational_monomer_cluster;observed_consensus_representative;uncalibrated_confidence;cluster_identity=0.95
TXF000984	TXM000984	74	5b1981fc26552878b6ad7a541719bb02	0.3514	7	1046	0.8699	false	medium	operational_monomer_cluster;observed_consensus_representative;uncalibrated_confidence;cluster_identity=0.95
TXF000985	TXM000985	47	78fecf22ce9cf3215b2fd46e83d1ada1	0.2979	7	1044	0.8169	false	medium	operational_monomer_cluster;observed_consensus_representative;uncalibrated_confidence;cluster_identity=0.95
TXF000986	TXM000986	45	d20cfe4170f0072f5087cda145e7e4d8	0.5556	7	1026	0.7826	false	medium	operational_monomer_cluster;observed_consensus_representative;uncalibrated_confidence;cluster_identity=0.95
TXF000987	TXM000987	66	e45fc904393e76fb96c2bdd7e454bfc4	0.4697	7	1014	0.9602	false	high	operational_monomer_cluster;observed_consensus_representative;uncalibrated_confidence;cluster_identity=0.95
TXF000988	TXM000988	72	83fe98d6441dbc18ad90bcfec1fbab9c	0.5000	7	1006	0.9195	false	high	operational_monomer_cluster;observed_consensus_representative;uncalibrated_confidence;cluster_identity=0.95
TXF000989	TXM000989	69	78037197a22bd2143964dfa5b169d7a1	0.2609	7	1005	0.9886	false	high	operational_monomer_cluster;observed_consensus_representative;uncalibrated_confidence;cluster_identity=0.95
TXF000990	TXM000990	67	5e1f3bba51e3ca8bc025f3a4e404cebd	0.3433	7	1001	0.8553	false	medium	operational_monomer_cluster;observed_consensus_representative;uncalibrated_confidence;cluster_identity=0.95
TXF000991	TXM000991	69	a46e0469f69d75d0409da74a99d10658	0.7101	7	1001	0.8378	false	medium	operational_monomer_cluster;observed_consensus_representative;uncalibrated_confidence;cluster_identity=0.95
TXF000992	TXM000992	69	fe5a3bbb3e713c0f65db180b68404d01	0.1884	7	999	0.9769	false	high	operational_monomer_cluster;observed_consensus_representative;uncalibrated_confidence;cluster_identity=0.95
TXF000993	TXM000993	52	623aa79108c783c745beb19cf337b993	0.5769	7	994	0.8370	false	medium	operational_monomer_cluster;observed_consensus_representative;uncalibrated_confidence;cluster_identity=0.95
TXF000994	TXM000994	58	6e748761fdfb1f6792398258fef74900	0.4138	7	992	0.8872	false	medium	operational_monomer_cluster;observed_consensus_representative;uncalibrated_confidence;cluster_identity=0.95
TXF000995	TXM000995	47	2dd0a355a92fd397b9fcffb8f048eb57	0.2340	7	990	0.8281	false	medium	operational_monomer_cluster;observed_consensus_representative;uncalibrated_confidence;cluster_identity=0.95
TXF000996	TXM000996	70	5df1c3756a6e69b8690d9a3038bf3c40	0.3000	7	987	0.9577	false	high	operational_monomer_cluster;observed_consensus_representative;uncalibrated_confidence;cluster_identity=0.95
TXF000997	TXM000997	52	2dff8f0167cc0ffa4e158ebd3b9bb52e	0.3654	7	981	0.8979	false	medium	operational_monomer_cluster;observed_consensus_representative;uncalibrated_confidence;cluster_identity=0.95
TXF000998	TXM000998	67	b0d1eef8ae81fbc1b816027c47ccba18	0.3582	7	980	0.9315	false	high	operational_monomer_cluster;observed_consensus_representative;uncalibrated_confidence;cluster_identity=0.95
TXF000999	TXM000999	68	65a420e87e0e1290c7ef5cc8a677a9e8	0.2059	7	975	0.9660	false	high	operational_monomer_cluster;observed_consensus_representative;uncalibrated_confidence;cluster_identity=0.95
TXF001000	TXM001000	67	9e3ad8c550a226051e875737ed49e2c2	0.1940	7	968	0.9662	false	high	operational_monomer_cluster;observed_consensus_representative;uncalibrated_confidence;cluster_identity=0.95
TXF001001	TXM001001	69	44ab1b0755a9a41b624d27b475948dba	0.4058	7	967	0.8678	false	medium	operational_monomer_cluster;observed_consensus_representative;uncalibrated_confidence;cluster_identity=0.95
TXF001002	TXM001002	38	8b9aa30df13d3d601171ad48cddff8db	0.5789	7	957	0.8793	false	medium	operational_monomer_cluster;observed_consensus_representative;uncalibrated_confidence;cluster_identity=0.95
TXF001003	TXM001003	45	ab848dd68299c22c9ed5ebc0a3c6ee2b	0.5333	7	951	0.8301	false	medium	operational_monomer_cluster;observed_consensus_representative;uncalibrated_confidence;cluster_identity=0.95
TXF001004	TXM001004	66	9450a803ee50676be232a1dfef848c73	0.4697	7	931	0.9403	false	high	operational_monomer_cluster;observed_consensus_representative;uncalibrated_confidence;cluster_identity=0.95
TXF001005	TXM001005	64	b13409dbe4769437fd6bcb60f4347fb0	0.3438	7	928	0.8446	false	medium	operational_monomer_cluster;observed_consensus_representative;uncalibrated_confidence;cluster_identity=0.95
TXF001006	TXM001006	60	4002e2fcfa2314dfc0dc9ca08837eaa2	0.2667	7	919	0.9119	false	high	operational_monomer_cluster;observed_consensus_representative;uncalibrated_confidence;cluster_identity=0.95
TXF001007	TXM001007	60	2cf538e29f5d65e609bdc747fc5037c9	0.2000	7	918	0.8996	false	medium	operational_monomer_cluster;observed_consensus_representative;uncalibrated_confidence;cluster_identity=0.95
TXF001008	TXM001008	63	63eac307d26beaff1b8bae7373f554fa	0.2063	7	917	0.9553	false	high	operational_monomer_cluster;observed_consensus_representative;uncalibrated_confidence;cluster_identity=0.95
TXF001009	TXM001009	61	8e6a4b005475dd4dd860235d2552e85e	0.2951	7	909	0.8406	false	medium	operational_monomer_cluster;observed_consensus_representative;uncalibrated_confidence;cluster_identity=0.95
TXF001010	TXM001010	57	f8abaec1ac7535b4550c64baa138be2b	0.1930	7	897	0.9137	false	high	operational_monomer_cluster;observed_consensus_representative;uncalibrated_confidence;cluster_identity=0.95
TXF001011	TXM001011	58	4f12b3fcd28423d115491ff46f864d21	0.3103	7	890	0.9690	false	high	operational_monomer_cluster;observed_consensus_representative;uncalibrated_confidence;cluster_identity=0.95
TXF001012	TXM001012	40	5c7abca36dc5f840580699382f5d39fb	0.3250	7	880	0.8986	false	medium	operational_monomer_cluster;observed_consensus_representative;uncalibrated_confidence;cluster_identity=0.95
TXF001013	TXM001013	60	bf2563aea4804ffcd4d9e458cdb507b2	0.3667	7	876	0.9169	false	high	operational_monomer_cluster;observed_consensus_representative;uncalibrated_confidence;cluster_identity=0.95
TXF001014	TXM001014	36	2d8a39020820dfb78e79242299a86c64	0.5278	7	875	0.9213	false	high	operational_monomer_cluster;observed_consensus_representative;uncalibrated_confidence;cluster_identity=0.95
TXF001015	TXM001015	51	f2ee0e4ccc991ba43f30a8b391c0284a	0.3333	7	873	0.9034	false	high	operational_monomer_cluster;observed_consensus_representative;uncalibrated_confidence;cluster_identity=0.95
TXF001016	TXM001016	47	68124a419f0cc23c3818cdcc3d8d4195	0.3191	7	857	0.8225	false	medium	operational_monomer_cluster;observed_consensus_representative;uncalibrated_confidence;cluster_identity=0.95
TXF001017	TXM001017	35	6368795238080508a84e85a2c1321528	0.4571	7	838	0.9149	false	high	operational_monomer_cluster;observed_consensus_representative;uncalibrated_confidence;cluster_identity=0.95
TXF001018	TXM001018	49	3b95dabadd2b707c703365bd471e9117	0.6122	7	831	0.9264	false	high	operational_monomer_cluster;observed_consensus_representative;uncalibrated_confidence;cluster_identity=0.95
TXF001019	TXM001019	37	64df472d313d052d07bcfc1d02b30e09	0.5405	7	818	0.9294	false	high	operational_monomer_cluster;observed_consensus_representative;uncalibrated_confidence;cluster_identity=0.95
TXF001020	TXM001020	42	bd6a63c8137812a034d3224045c40d52	0.2857	7	814	0.8000	false	medium	operational_monomer_cluster;observed_consensus_representative;uncalibrated_confidence;cluster_identity=0.95
TXF001021	TXM001021	45	ba505342205874ac4e42864a29c8560e	0.2889	7	805	0.8167	false	medium	operational_monomer_cluster;observed_consensus_representative;uncalibrated_confidence;cluster_identity=0.95;possible_higher_order_or_partial:TXF001021-TXF001999
TXF001022	TXM001022	51	ecb1472f91e0b2a999788db0f28bb088	0.2941	7	797	0.8163	false	medium	operational_monomer_cluster;observed_consensus_representative;uncalibrated_confidence;cluster_identity=0.95
TXF001023	TXM001023	54	801b644f8317ee283a78fb59e204c2a7	0.3333	7	796	0.8641	false	medium	operational_monomer_cluster;observed_consensus_representative;uncalibrated_confidence;cluster_identity=0.95
TXF001024	TXM001024	54	a6e04aef17a4a6724451de7c7bd0b220	0.1852	7	796	0.9284	false	high	operational_monomer_cluster;observed_consensus_representative;uncalibrated_confidence;cluster_identity=0.95
TXF001025	TXM001025	30	9bf6bb0be65c4f0372c951bc6244e883	0.3000	7	793	0.8229	false	medium	operational_monomer_cluster;observed_consensus_representative;uncalibrated_confidence;cluster_identity=0.95
TXF001026	TXM001026	51	5f8ab49e685ebade85bdd5aa1ce8fad6	0.4902	7	786	0.8672	false	medium	operational_monomer_cluster;observed_consensus_representative;uncalibrated_confidence;cluster_identity=0.95
TXF001027	TXM001027	54	4b27753865ed65cd71b379920bc7d72a	0.4259	7	784	0.8448	false	medium	operational_monomer_cluster;observed_consensus_representative;uncalibrated_confidence;cluster_identity=0.95
TXF001028	TXM001028	32	b2c8f36931f1b69d6ee563f90f1965e7	0.5312	7	784	0.9000	false	high	operational_monomer_cluster;observed_consensus_representative;uncalibrated_confidence;cluster_identity=0.95
TXF001029	TXM001029	54	530eccb0de2a112929fa7e5a145bceac	0.2222	7	770	0.8393	false	medium	operational_monomer_cluster;observed_consensus_representative;uncalibrated_confidence;cluster_identity=0.95
TXF001030	TXM001030	37	63b3cd3e6bdf067ab6a32157f4cd3630	0.5135	7	770	0.8904	false	medium	operational_monomer_cluster;observed_consensus_representative;uncalibrated_confidence;cluster_identity=0.95
TXF001031	TXM001031	44	7e8879965780f666f67c9501588ae558	0.4318	7	769	0.9135	false	high	operational_monomer_cluster;observed_consensus_representative;uncalibrated_confidence;cluster_identity=0.95
TXF001032	TXM001032	39	c89e09e6ae8a5596db8c83dad2885eb3	0.3077	7	766	0.8842	false	medium	operational_monomer_cluster;observed_consensus_representative;uncalibrated_confidence;cluster_identity=0.95
TXF001033	TXM001033	52	8058e3692a9be50592f761b45bbbcc80	0.3462	7	764	0.9975	false	high	operational_monomer_cluster;observed_consensus_representative;uncalibrated_confidence;cluster_identity=0.95
TXF001034	TXM001034	50	0ced1f4667b9e305a39066e88c821c8e	0.2200	7	758	0.8751	false	medium	operational_monomer_cluster;observed_consensus_representative;uncalibrated_confidence;cluster_identity=0.95
TXF001035	TXM001035	53	deab9e2ca6f93ed641162032ec97025a	0.3019	7	749	0.9259	false	high	operational_monomer_cluster;observed_consensus_representative;uncalibrated_confidence;cluster_identity=0.95
TXF001036	TXM001036	51	b30065a5516af350932ef8a2841d033c	0.2941	7	743	0.9033	false	high	operational_monomer_cluster;observed_consensus_representative;uncalibrated_confidence;cluster_identity=0.95
TXF001037	TXM001037	47	9ede166fa62aedecc43c2303fdd3440f	0.2340	7	743	0.8148	false	medium	operational_monomer_cluster;observed_consensus_representative;uncalibrated_confidence;cluster_identity=0.95
TXF001038	TXM001038	51	a63d8a7d08765f2e22ef32c4c78ce60b	0.6275	7	742	0.8182	false	medium	operational_monomer_cluster;observed_consensus_representative;uncalibrated_confidence;cluster_identity=0.95
TXF001039	TXM001039	47	589b13c52079f509f6822d50cfb074ef	0.4255	7	738	0.8776	false	medium	operational_monomer_cluster;observed_consensus_representative;uncalibrated_confidence;cluster_identity=0.95
TXF001040	TXM001040	51	a2b53f7ac96def05c98ceca903d8147c	0.4118	7	735	0.9815	false	high	operational_monomer_cluster;observed_consensus_representative;uncalibrated_confidence;cluster_identity=0.95
TXF001041	TXM001041	46	ad3629fc128ca95dcafce5358e877d61	0.3478	7	735	0.8033	false	medium	operational_monomer_cluster;observed_consensus_representative;uncalibrated_confidence;cluster_identity=0.95
TXF001042	TXM001042	41	f8f3dadab1c8c4b7bc2fe000a6f41149	0.3902	7	735	0.8381	false	medium	operational_monomer_cluster;observed_consensus_representative;uncalibrated_confidence;cluster_identity=0.95
TXF001043	TXM001043	50	f16914ed052472a64ed908792647717a	0.3600	7	734	0.8719	false	medium	operational_monomer_cluster;observed_consensus_representative;uncalibrated_confidence;cluster_identity=0.95;possible_higher_order_or_partial:TXF001043-TXF001797
TXF001044	TXM001044	43	c6480afbcac49629d8fe014cc7909495	0.5349	7	732	0.8236	false	medium	operational_monomer_cluster;observed_consensus_representative;uncalibrated_confidence;cluster_identity=0.95
TXF001045	TXM001045	52	571170d49ea6d6c5f6aacc196fbc1e7b	0.3462	7	731	0.9728	false	high	operational_monomer_cluster;observed_consensus_representative;uncalibrated_confidence;cluster_identity=0.95
TXF001046	TXM001046	40	609c3c0731815f142cfc9e6772e16664	0.3000	7	724	0.8458	false	medium	operational_monomer_cluster;observed_consensus_representative;uncalibrated_confidence;cluster_identity=0.95
TXF001047	TXM001047	41	a39914aa8510a14cd3bf7aa70087deb6	0.3171	7	723	0.8453	false	medium	operational_monomer_cluster;observed_consensus_representative;uncalibrated_confidence;cluster_identity=0.95
TXF001048	TXM001048	39	d1cf81ebf76e90be26ce611f236cdd3e	0.1282	7	721	0.9912	false	high	operational_monomer_cluster;observed_consensus_representative;uncalibrated_confidence;cluster_identity=0.95
TXF001049	TXM001049	48	51c066a80d17197b3cd4836cc20634e8	0.3333	7	721	0.9091	false	high	operational_monomer_cluster;observed_consensus_representative;uncalibrated_confidence;cluster_identity=0.95
TXF001050	TXM001050	45	a0c75efae733ea5f8ad364a1d047179d	0.5778	7	720	0.8469	false	medium	operational_monomer_cluster;observed_consensus_representative;uncalibrated_confidence;cluster_identity=0.95
TXF001051	TXM001051	45	ca953447bf63af5018dc86b87862fc21	0.4222	7	718	0.8696	false	medium	operational_monomer_cluster;observed_consensus_representative;uncalibrated_confidence;cluster_identity=0.95
TXF001052	TXM001052	49	2e2ffcb68d2b7363bf7339f9e88ce3ee	0.3061	7	718	0.8450	false	medium	operational_monomer_cluster;observed_consensus_representative;uncalibrated_confidence;cluster_identity=0.95
TXF001053	TXM001053	46	e4cfaaed890b4704bf618e7cf61fd135	0.2391	7	717	0.9421	false	high	operational_monomer_cluster;observed_consensus_representative;uncalibrated_confidence;cluster_identity=0.95
TXF001054	TXM001054	41	f4182b250a8cf632e04cf18445f4a36e	0.3659	7	716	0.8415	false	medium	operational_monomer_cluster;observed_consensus_representative;uncalibrated_confidence;cluster_identity=0.95
TXF001055	TXM001055	40	1355582ae93a1ab63781326bda5850df	0.2250	7	715	0.8158	false	medium	operational_monomer_cluster;observed_consensus_representative;uncalibrated_confidence;cluster_identity=0.95
TXF001056	TXM001056	44	2908d191e6bfe68710920e01962c336b	0.3182	7	714	0.8237	false	medium	operational_monomer_cluster;observed_consensus_representative;uncalibrated_confidence;cluster_identity=0.95
TXF001057	TXM001057	33	152953f3bf3ede63a4a429be0264b0f3	0.4848	7	714	0.7895	false	medium	operational_monomer_cluster;observed_consensus_representative;uncalibrated_confidence;cluster_identity=0.95
TXF001058	TXM001058	46	9681670708bdb5be8adf613f90635927	0.3478	7	713	0.9308	false	high	operational_monomer_cluster;observed_consensus_representative;uncalibrated_confidence;cluster_identity=0.95
TXF001059	TXM001059	32	d56cf9d1d88f060e67f6d022567923b0	0.2188	7	708	0.8243	false	medium	operational_monomer_cluster;observed_consensus_representative;uncalibrated_confidence;cluster_identity=0.95
TXF001060	TXM001060	43	6314f1aea7410134de38ba77b930cb66	0.2093	7	708	0.8373	false	medium	operational_monomer_cluster;observed_consensus_representative;uncalibrated_confidence;cluster_identity=0.95
TXF001061	TXM001061	50	90840fd333690ea8dc6a99c3dd0b14af	0.4200	7	708	0.9777	false	high	operational_monomer_cluster;observed_consensus_representative;uncalibrated_confidence;cluster_identity=0.95
TXF001062	TXM001062	41	b4fb84727110d9cae8388e6cb45f21d1	0.2683	7	707	0.8429	false	medium	operational_monomer_cluster;observed_consensus_representative;uncalibrated_confidence;cluster_identity=0.95
TXF001063	TXM001063	42	2b1dc390eed9c9b7d85223aedac7bffc	0.3095	7	707	0.8305	false	medium	operational_monomer_cluster;observed_consensus_representative;uncalibrated_confidence;cluster_identity=0.95
TXF001064	TXM001064	37	c0fbb9a80ebad3efc8229ef853631a73	0.3784	7	705	0.8025	false	medium	operational_monomer_cluster;observed_consensus_representative;uncalibrated_confidence;cluster_identity=0.95
TXF001065	TXM001065	33	ca7987cc07b6e2a3ec01d02315459569	0.2727	7	704	0.8707	false	medium	operational_monomer_cluster;observed_consensus_representative;uncalibrated_confidence;cluster_identity=0.95
TXF001066	TXM001066	30	3a614054e50a0425114ca64441290cc0	0.5333	7	704	0.9230	false	high	operational_monomer_cluster;observed_consensus_representative;uncalibrated_confidence;cluster_identity=0.95
TXF001067	TXM001067	33	9a38f03045392e593c5446f60e781a5f	0.7576	7	704	0.8390	false	medium	operational_monomer_cluster;observed_consensus_representative;uncalibrated_confidence;cluster_identity=0.95
TXF001068	TXM001068	47	16d7e346db99e9dbcabfc3789699ea4d	0.2553	7	703	0.8424	false	medium	operational_monomer_cluster;observed_consensus_representative;uncalibrated_confidence;cluster_identity=0.95
TXF001069	TXM001069	46	1984fe0149bec30a8f18788d449c642b	0.2609	7	703	0.9169	false	high	operational_monomer_cluster;observed_consensus_representative;uncalibrated_confidence;cluster_identity=0.95
TXF001070	TXM001070	41	10b553d092bab66ef154332947044388	0.6341	7	703	0.9024	false	high	operational_monomer_cluster;observed_consensus_representative;uncalibrated_confidence;cluster_identity=0.95
TXF001071	TXM001071	40	b5c907e9f8cab68951723ac46647443c	0.4500	7	702	0.8137	false	medium	operational_monomer_cluster;observed_consensus_representative;uncalibrated_confidence;cluster_identity=0.95
TXF001072	TXM001072	37	4dd5b1c5e3669db4306066bd2ceaf684	0.2703	7	702	0.8089	false	medium	operational_monomer_cluster;observed_consensus_representative;uncalibrated_confidence;cluster_identity=0.95
TXF001073	TXM001073	43	8a7724d6a9a3e37fb5abaa13ff1dc77a	0.2093	7	701	0.8798	false	medium	operational_monomer_cluster;observed_consensus_representative;uncalibrated_confidence;cluster_identity=0.95
TXF001074	TXM001074	46	b6a2b3a5a99ed8036e41999e7d6b3716	0.1957	7	701	0.9315	false	high	operational_monomer_cluster;observed_consensus_representative;uncalibrated_confidence;cluster_identity=0.95
TXF001075	TXM001075	36	469bc99815097dc073a2952b11095787	0.3333	7	701	0.8005	false	medium	operational_monomer_cluster;observed_consensus_representative;uncalibrated_confidence;cluster_identity=0.95
TXF001076	TXM001076	43	a46013aeeeae712d4da2f82626b048b7	0.4186	7	700	0.8124	false	medium	operational_monomer_cluster;observed_consensus_representative;uncalibrated_confidence;cluster_identity=0.95
TXF001077	TXM001077	46	16d591eef827fe02afa5f5f50f0661f7	0.5217	7	700	0.7942	false	medium	operational_monomer_cluster;observed_consensus_representative;uncalibrated_confidence;cluster_identity=0.95
TXF001078	TXM001078	41	64f1af10eca6b906b4f8b39f6a84178b	0.2439	7	700	0.8184	false	medium	operational_monomer_cluster;observed_consensus_representative;uncalibrated_confidence;cluster_identity=0.95
TXF001079	TXM001079	48	64fb1c5d3d3f0b1f18b3b85677bf020e	0.2708	7	700	0.8600	false	medium	operational_monomer_cluster;observed_consensus_representative;uncalibrated_confidence;cluster_identity=0.95
TXF001080	TXM001080	31	2a928840f773eeeb9d09ef66a7462b6d	0.2581	7	700	0.9000	false	high	operational_monomer_cluster;observed_consensus_representative;uncalibrated_confidence;cluster_identity=0.95
TXF001081	TXM001081	50	ee3dec160fceb553d44071ba492498e5	0.3200	7	700	0.8569	false	medium	operational_monomer_cluster;observed_consensus_representative;uncalibrated_confidence;cluster_identity=0.95
TXF001082	TXM001082	318	af085a1e35781ee43287928c898c406b	0.3239	6	66876	0.8622	false	medium	operational_monomer_cluster;observed_consensus_representative;uncalibrated_confidence;cluster_identity=0.95;possible_higher_order_or_partial:TXF000101-TXF001082;possible_higher_order_or_partial:TXF001082-TXF001520
TXF001083	TXM001083	747	d5aa5678b20dc49eff1c72e198617b6c	0.3936	6	57374	0.9266	false	high	operational_monomer_cluster;observed_consensus_representative;uncalibrated_confidence;cluster_identity=0.95;possible_higher_order_or_partial:TXF000048-TXF001083
TXF001084	TXM001084	998	318e042565ce0f5bc1c7aa8a7f19f455	0.3567	6	41873	0.8173	false	medium	operational_monomer_cluster;observed_consensus_representative;uncalibrated_confidence;cluster_identity=0.95;possible_higher_order_or_partial:TXF000042-TXF001084;possible_higher_order_or_partial:TXF000144-TXF001084;possible_higher_order_or_partial:TXF000575-TXF001084;possible_higher_order_or_partial:TXF001084-TXF001266
TXF001085	TXM001085	483	73008c894786f289d960bf92ff13b45c	0.4327	6	16646	0.8280	false	medium	operational_monomer_cluster;observed_consensus_representative;uncalibrated_confidence;cluster_identity=0.95
TXF001086	TXM001086	454	b5f0fe32b9af1fdc01abc256ef7cf107	0.3480	6	13463	0.9741	false	high	operational_monomer_cluster;observed_consensus_representative;uncalibrated_confidence;cluster_identity=0.95
TXF001087	TXM001087	496	a4485c5867185ceb4ac48c41d2ec1644	0.3609	6	13423	0.8216	false	medium	operational_monomer_cluster;observed_consensus_representative;uncalibrated_confidence;cluster_identity=0.95;possible_higher_order_or_partial:TXF000144-TXF001087
TXF001088	TXM001088	930	ed2d2c54eb28d62d7c4e01eb189edff5	0.3839	6	13377	0.9838	false	high	operational_monomer_cluster;observed_consensus_representative;uncalibrated_confidence;cluster_identity=0.95
TXF001089	TXM001089	745	4cfec571cabfc465c7516cca11ba9ed0	0.3342	6	13156	0.9843	false	high	operational_monomer_cluster;observed_consensus_representative;uncalibrated_confidence;cluster_identity=0.95
TXF001090	TXM001090	501	01cf55a05adf8e67aa82c34fafdfed98	0.3613	6	12256	0.8582	false	medium	operational_monomer_cluster;observed_consensus_representative;uncalibrated_confidence;cluster_identity=0.95;possible_higher_order_or_partial:TXF000144-TXF001090
TXF001091	TXM001091	863	9ff88740740fdd7d505aa1e2bd81faa7	0.3870	6	12119	0.9228	false	high	operational_monomer_cluster;observed_consensus_representative;uncalibrated_confidence;cluster_identity=0.95;possible_higher_order_or_partial:TXF000003-TXF001091;possible_higher_order_or_partial:TXF000004-TXF001091;possible_higher_order_or_partial:TXF000005-TXF001091;possible_higher_order_or_partial:TXF000018-TXF001091;possible_higher_order_or_partial:TXF000019-TXF001091;possible_higher_order_or_partial:TXF000038-TXF001091;possible_higher_order_or_partial:TXF000061-TXF001091;possible_higher_order_or_partial:TXF000574-TXF001091;possible_higher_order_or_partial:TXF001091-TXF001518
TXF001092	TXM001092	488	a24d31c07709a6824f38a3df9a5fe775	0.3545	6	11714	0.8268	false	medium	operational_monomer_cluster;observed_consensus_representative;uncalibrated_confidence;cluster_identity=0.95;possible_higher_order_or_partial:TXF000144-TXF001092;possible_higher_order_or_partial:TXF001092-TXF001266
TXF001093	TXM001093	600	cdcb64fbd6a2ef55e6104b2f2d9c6ef0	0.3533	6	11418	0.8587	false	medium	operational_monomer_cluster;observed_consensus_representative;uncalibrated_confidence;cluster_identity=0.95;possible_higher_order_or_partial:TXF000144-TXF001093;possible_higher_order_or_partial:TXF001093-TXF001266
TXF001094	TXM001094	938	5aa83161d6c933f7615d17a9b5b19ce9	0.3550	6	11381	0.8141	false	medium	operational_monomer_cluster;observed_consensus_representative;uncalibrated_confidence;cluster_identity=0.95;possible_higher_order_or_partial:TXF000144-TXF001094;possible_higher_order_or_partial:TXF001094-TXF001266
TXF001095	TXM001095	512	9094dedfdad404d7026c966584536531	0.3516	6	11210	0.8048	false	medium	operational_monomer_cluster;observed_consensus_representative;uncalibrated_confidence;cluster_identity=0.95;possible_higher_order_or_partial:TXF000144-TXF001095
TXF001096	TXM001096	900	86d990a09edd4040fc111d7057410e7a	0.3767	6	11136	0.9295	false	high	operational_monomer_cluster;observed_consensus_representative;uncalibrated_confidence;cluster_identity=0.95;possible_higher_order_or_partial:TXF000003-TXF001096;possible_higher_order_or_partial:TXF000005-TXF001096;possible_higher_order_or_partial:TXF000018-TXF001096;possible_higher_order_or_partial:TXF000038-TXF001096
TXF001097	TXM001097	836	963f95a6ac3fe8783ec4f8e7e33a7477	0.1974	6	10145	0.9120	false	high	operational_monomer_cluster;observed_consensus_representative;uncalibrated_confidence;cluster_identity=0.95;possible_higher_order_or_partial:TXF000032-TXF001097;possible_higher_order_or_partial:TXF000664-TXF001097;possible_higher_order_or_partial:TXF000665-TXF001097;possible_higher_order_or_partial:TXF000927-TXF001097;possible_higher_order_or_partial:TXF001097-TXF001279;possible_higher_order_or_partial:TXF001097-TXF001805;possible_higher_order_or_partial:TXF001097-TXF001806
TXF001098	TXM001098	390	7797b82e1cdf5f61b8d462d67b9f2793	0.2308	6	10094	0.8169	false	medium	operational_monomer_cluster;observed_consensus_representative;uncalibrated_confidence;cluster_identity=0.95
TXF001099	TXM001099	223	86b24755d87fdbe90b8679f42cc2c016	0.2422	6	9811	0.9054	false	high	operational_monomer_cluster;observed_consensus_representative;uncalibrated_confidence;cluster_identity=0.95;possible_higher_order_or_partial:TXF001099-TXF001149
TXF001100	TXM001100	792	f786c9409ddbf2ca715866ee3ff72e48	0.3030	6	9486	0.8569	false	medium	operational_monomer_cluster;observed_consensus_representative;uncalibrated_confidence;cluster_identity=0.95;possible_higher_order_or_partial:TXF000083-TXF001100;possible_higher_order_or_partial:TXF000116-TXF001100;possible_higher_order_or_partial:TXF000127-TXF001100
TXF001101	TXM001101	494	47d423bf5572c0e250b3ed510b8cc7d6	0.3644	6	8862	0.7983	false	medium	operational_monomer_cluster;observed_consensus_representative;uncalibrated_confidence;cluster_identity=0.95;possible_higher_order_or_partial:TXF000070-TXF001101;possible_higher_order_or_partial:TXF000091-TXF001101;possible_higher_order_or_partial:TXF000119-TXF001101;possible_higher_order_or_partial:TXF000144-TXF001101;possible_higher_order_or_partial:TXF000317-TXF001101;possible_higher_order_or_partial:TXF000570-TXF001101;possible_higher_order_or_partial:TXF000571-TXF001101;possible_higher_order_or_partial:TXF001101-TXF001105;possible_higher_order_or_partial:TXF001101-TXF001266;possible_higher_order_or_partial:TXF001101-TXF001523
TXF001102	TXM001102	731	5b9210fc00640ec9c80429fbebb24fe3	0.3680	6	8768	0.9727	false	high	operational_monomer_cluster;observed_consensus_representative;uncalibrated_confidence;cluster_identity=0.95
TXF001103	TXM001103	508	3009c3a178d438f24d5ec3f41e02bbe1	0.3484	6	8729	0.8192	false	medium	operational_monomer_cluster;observed_consensus_representative;uncalibrated_confidence;cluster_identity=0.95;possible_higher_order_or_partial:TXF000144-TXF001103
TXF001104	TXM001104	228	211e732666cb604f7fc9f506f93d042c	0.5132	6	8293	0.8673	false	medium	operational_monomer_cluster;observed_consensus_representative;uncalibrated_confidence;cluster_identity=0.95
TXF001105	TXM001105	494	bd5481614f98b50e11f861ab0d988e62	0.3745	6	8242	0.8126	false	medium	operational_monomer_cluster;observed_consensus_representative;uncalibrated_confidence;cluster_identity=0.95;possible_higher_order_or_partial:TXF000144-TXF001105;possible_higher_order_or_partial:TXF001101-TXF001105;possible_higher_order_or_partial:TXF001105-TXF001266;possible_higher_order_or_partial:TXF001105-TXF001531
TXF001106	TXM001106	686	6b90665042569bc17ae7181cef094257	0.3615	6	8235	0.8157	false	medium	operational_monomer_cluster;observed_consensus_representative;uncalibrated_confidence;cluster_identity=0.95;possible_higher_order_or_partial:TXF000030-TXF001106;possible_higher_order_or_partial:TXF000077-TXF001106;possible_higher_order_or_partial:TXF000420-TXF001106
TXF001107	TXM001107	540	46aba7486fcc282d8453a5112889d9ee	0.3556	6	7967	0.8564	false	medium	operational_monomer_cluster;observed_consensus_representative;uncalibrated_confidence;cluster_identity=0.95;possible_higher_order_or_partial:TXF000144-TXF001107
TXF001108	TXM001108	645	ac9b6869c6d544d0e6ece16fb37fac4c	0.3488	6	7941	0.9523	false	high	operational_monomer_cluster;observed_consensus_representative;uncalibrated_confidence;cluster_identity=0.95
TXF001109	TXM001109	645	77fc87de83022f9345ebd09eb7b3c285	0.3519	6	7850	0.8181	false	medium	operational_monomer_cluster;observed_consensus_representative;uncalibrated_confidence;cluster_identity=0.95
TXF001110	TXM001110	479	44e71373cc3c79468c0db885a6463bbf	0.3591	6	7796	0.8008	false	medium	operational_monomer_cluster;observed_consensus_representative;uncalibrated_confidence;cluster_identity=0.95;possible_higher_order_or_partial:TXF000144-TXF001110;possible_higher_order_or_partial:TXF001110-TXF001532
TXF001111	TXM001111	420	f18f1de97fa75a0097164bf6a437d55b	0.4333	6	7619	0.7801	false	medium	operational_monomer_cluster;observed_consensus_representative;uncalibrated_confidence;cluster_identity=0.95
TXF001112	TXM001112	183	c692861718d0d64cb73c61e17ef6c5d7	0.4262	6	7609	0.8376	false	medium	operational_monomer_cluster;observed_consensus_representative;uncalibrated_confidence;cluster_identity=0.95
TXF001113	TXM001113	618	12d68169e4188d48cfa1ae730ce425f4	0.3738	6	7459	0.7904	false	medium	operational_monomer_cluster;observed_consensus_representative;uncalibrated_confidence;cluster_identity=0.95
TXF001114	TXM001114	618	9f8e75d86cc8839916f76b6713982b5c	0.4126	6	7441	0.9970	false	high	operational_monomer_cluster;observed_consensus_representative;uncalibrated_confidence;cluster_identity=0.95
TXF001115	TXM001115	578	c718255ffe39b72b4b0e60aca920d6be	0.4671	6	7006	0.8782	false	medium	operational_monomer_cluster;observed_consensus_representative;uncalibrated_confidence;cluster_identity=0.95
TXF001116	TXM001116	571	9455de27576beba8adcec2e3f3089fee	0.3888	6	6944	0.8250	false	medium	operational_monomer_cluster;observed_consensus_representative;uncalibrated_confidence;cluster_identity=0.95
TXF001117	TXM001117	496	8bd9a7bbb494fa18e38332e2479d9e2f	0.3488	6	6541	0.8014	false	medium	operational_monomer_cluster;observed_consensus_representative;uncalibrated_confidence;cluster_identity=0.95;possible_higher_order_or_partial:TXF000144-TXF001117
TXF001118	TXM001118	200	dc48bc334ca3db5b26ebd7b04c551646	0.2250	6	6363	0.8769	false	medium	operational_monomer_cluster;observed_consensus_representative;uncalibrated_confidence;cluster_identity=0.95
TXF001119	TXM001119	502	561bee4ca8877b7e3d223b9c8790a299	0.2629	6	6123	0.8334	false	medium	operational_monomer_cluster;observed_consensus_representative;uncalibrated_confidence;cluster_identity=0.95
TXF001120	TXM001120	154	41d138be34da5cd826ba48556c30a584	0.6039	6	6112	0.9326	false	high	operational_monomer_cluster;observed_consensus_representative;uncalibrated_confidence;cluster_identity=0.95;possible_higher_order_or_partial:TXF001120-TXF001922
TXF001121	TXM001121	187	6ef82e02a7b81260b865ada90d44e2f5	0.5615	6	6099	0.8182	false	medium	operational_monomer_cluster;observed_consensus_representative;uncalibrated_confidence;cluster_identity=0.95;possible_higher_order_or_partial:TXF000017-TXF001121;possible_higher_order_or_partial:TXF000135-TXF001121;possible_higher_order_or_partial:TXF000157-TXF001121
TXF001122	TXM001122	455	85d2b94da069c24aa332713b7317f6f0	0.3341	6	6083	0.8112	false	medium	operational_monomer_cluster;observed_consensus_representative;uncalibrated_confidence;cluster_identity=0.95;possible_higher_order_or_partial:TXF000144-TXF001122
TXF001123	TXM001123	476	e4d6758196dff0649b9ccad538bda1e3	0.3172	6	5731	0.8251	false	medium	operational_monomer_cluster;observed_consensus_representative;uncalibrated_confidence;cluster_identity=0.95
TXF001124	TXM001124	344	60e4b48dee66aae279dc09a613259f94	0.4157	6	5728	0.9804	false	high	operational_monomer_cluster;observed_consensus_representative;uncalibrated_confidence;cluster_identity=0.95
TXF001125	TXM001125	470	40a6f01ae8b76d8682111a98dceef418	0.4170	6	5644	0.9820	false	high	operational_monomer_cluster;observed_consensus_representative;uncalibrated_confidence;cluster_identity=0.95
TXF001126	TXM001126	458	e63f1989c34298676e3798964fdf9902	0.3559	6	5551	0.8074	false	medium	operational_monomer_cluster;observed_consensus_representative;uncalibrated_confidence;cluster_identity=0.95;possible_higher_order_or_partial:TXF000144-TXF001126
TXF001127	TXM001127	438	3d468061f1f58094288706595a9f8ce2	0.3562	6	5442	0.7978	false	medium	operational_monomer_cluster;observed_consensus_representative;uncalibrated_confidence;cluster_identity=0.95;possible_higher_order_or_partial:TXF000144-TXF001127;possible_higher_order_or_partial:TXF000571-TXF001127
TXF001128	TXM001128	132	6b4c7617fc6b94cf2aedb362bbc1d7ae	0.3030	6	5129	0.8924	false	medium	operational_monomer_cluster;observed_consensus_representative;uncalibrated_confidence;cluster_identity=0.95
TXF001129	TXM001129	341	949f5a906d455d4f2406719127245938	0.2463	6	5093	0.8487	false	medium	operational_monomer_cluster;observed_consensus_representative;uncalibrated_confidence;cluster_identity=0.95
TXF001130	TXM001130	331	ea6086444445a65d8832f15b5e21a9c8	0.3172	6	5068	0.8142	false	medium	operational_monomer_cluster;observed_consensus_representative;uncalibrated_confidence;cluster_identity=0.95
TXF001131	TXM001131	387	6833ae07e63b1e9182a4cc89605799b7	0.2739	6	4904	0.9108	false	high	operational_monomer_cluster;observed_consensus_representative;uncalibrated_confidence;cluster_identity=0.95
TXF001132	TXM001132	406	3f9506f0aed30c05bebc89dda5004049	0.2537	6	4892	0.8647	false	medium	operational_monomer_cluster;observed_consensus_representative;uncalibrated_confidence;cluster_identity=0.95;possible_higher_order_or_partial:TXF000029-TXF001132;possible_higher_order_or_partial:TXF000094-TXF001132;possible_higher_order_or_partial:TXF000699-TXF001132;possible_higher_order_or_partial:TXF001132-TXF001381
TXF001133	TXM001133	393	2013df592fc3ac12289229568500e035	0.3232	6	4882	0.9036	false	high	operational_monomer_cluster;observed_consensus_representative;uncalibrated_confidence;cluster_identity=0.95
TXF001134	TXM001134	209	96918ad09ad52d3bad879ea94928fec5	0.3589	6	4618	0.9798	false	high	operational_monomer_cluster;observed_consensus_representative;uncalibrated_confidence;cluster_identity=0.95
TXF001135	TXM001135	189	bf1e63e15542e9af6b56126346638c33	0.4021	6	4549	0.9755	false	high	operational_monomer_cluster;observed_consensus_representative;uncalibrated_confidence;cluster_identity=0.95;possible_higher_order_or_partial:TXF001135-TXF001176
TXF001136	TXM001136	114	5804a171d96373b6d75c7d21ce301b80	0.5965	6	4381	0.8186	false	medium	operational_monomer_cluster;observed_consensus_representative;uncalibrated_confidence;cluster_identity=0.95;possible_higher_order_or_partial:TXF000013-TXF001136;possible_higher_order_or_partial:TXF000017-TXF001136;possible_higher_order_or_partial:TXF000022-TXF001136;possible_higher_order_or_partial:TXF000036-TXF001136;possible_higher_order_or_partial:TXF000102-TXF001136;possible_higher_order_or_partial:TXF000157-TXF001136;possible_higher_order_or_partial:TXF000173-TXF001136;possible_higher_order_or_partial:TXF000190-TXF001136;possible_higher_order_or_partial:TXF000201-TXF001136;possible_higher_order_or_partial:TXF000217-TXF001136;possible_higher_order_or_partial:TXF000434-TXF001136;possible_higher_order_or_partial:TXF000476-TXF001136;possible_higher_order_or_partial:TXF001136-TXF001621
TXF001137	TXM001137	244	59098fc46e7e4304b0ef1882d29527f2	0.3607	6	4163	0.9192	false	high	operational_monomer_cluster;observed_consensus_representative;uncalibrated_confidence;cluster_identity=0.95;possible_higher_order_or_partial:TXF000429-TXF001137;possible_higher_order_or_partial:TXF000861-TXF001137;possible_higher_order_or_partial:TXF001137-TXF001179
TXF001138	TXM001138	173	c7e668273ca014c6face68eea9334e79	0.3815	6	4127	0.8836	false	medium	operational_monomer_cluster;observed_consensus_representative;uncalibrated_confidence;cluster_identity=0.95
TXF001139	TXM001139	330	ea5ea1ae3d0be984932aebe4f1584a5b	0.2758	6	4026	0.8281	false	medium	operational_monomer_cluster;observed_consensus_representative;uncalibrated_confidence;cluster_identity=0.95
TXF001140	TXM001140	191	a33318dab09fab99e3d40211d2687af3	0.3037	6	3988	0.7993	false	medium	operational_monomer_cluster;observed_consensus_representative;uncalibrated_confidence;cluster_identity=0.95
TXF001141	TXM001141	126	2ad8773ddfa84585efa044a80be0b660	0.5000	6	3981	0.8146	false	medium	operational_monomer_cluster;observed_consensus_representative;uncalibrated_confidence;cluster_identity=0.95
TXF001142	TXM001142	276	509fb43ad0ff49822c08b2034900eefb	0.3080	6	3969	0.7903	false	medium	operational_monomer_cluster;observed_consensus_representative;uncalibrated_confidence;cluster_identity=0.95
TXF001143	TXM001143	270	abd4588f05a3e0b37d292d55eab6432a	0.2889	6	3966	0.7910	false	medium	operational_monomer_cluster;observed_consensus_representative;uncalibrated_confidence;cluster_identity=0.95
TXF001144	TXM001144	114	8f9037dcde3d242c04c5959a212d6116	0.4649	6	3966	0.9500	false	high	operational_monomer_cluster;observed_consensus_representative;uncalibrated_confidence;cluster_identity=0.95
TXF001145	TXM001145	304	028c572c0f58c66d38e528ac35967db6	0.2664	6	3858	0.8487	false	medium	operational_monomer_cluster;observed_consensus_representative;uncalibrated_confidence;cluster_identity=0.95;possible_higher_order_or_partial:TXF000029-TXF001145;possible_higher_order_or_partial:TXF000040-TXF001145;possible_higher_order_or_partial:TXF001145-TXF001381;possible_higher_order_or_partial:TXF001145-TXF001627
TXF001146	TXM001146	165	bf150c8945f8b5853ee5e996d9c25e96	0.6364	6	3751	0.9734	false	high	operational_monomer_cluster;observed_consensus_representative;uncalibrated_confidence;cluster_identity=0.95
TXF001147	TXM001147	173	10c93b56ae2019bb8803d8b5f9370832	0.4393	6	3715	0.9004	false	high	operational_monomer_cluster;observed_consensus_representative;uncalibrated_confidence;cluster_identity=0.95
TXF001148	TXM001148	302	4e355f86ef594ac8adb3fc75791a1926	0.2086	6	3709	0.9531	false	high	operational_monomer_cluster;observed_consensus_representative;uncalibrated_confidence;cluster_identity=0.95
TXF001149	TXM001149	214	e72e4bcab60e69d0bb5bd0049dc6de76	0.2617	6	3706	0.8626	false	medium	operational_monomer_cluster;observed_consensus_representative;uncalibrated_confidence;cluster_identity=0.95;possible_higher_order_or_partial:TXF001099-TXF001149
TXF001150	TXM001150	196	a4bc2d81c4c24eb0e3d0472d1d879bea	0.3367	6	3630	0.8986	false	medium	operational_monomer_cluster;observed_consensus_representative;uncalibrated_confidence;cluster_identity=0.95
TXF001151	TXM001151	156	406ef6faf1730c6da4392e60bbf022aa	0.4295	6	3558	0.7972	false	medium	operational_monomer_cluster;observed_consensus_representative;uncalibrated_confidence;cluster_identity=0.95
TXF001152	TXM001152	290	d2048b3fe63a55525b3b8949b9d41f68	0.4172	6	3487	0.9482	false	high	operational_monomer_cluster;observed_consensus_representative;uncalibrated_confidence;cluster_identity=0.95
TXF001153	TXM001153	200	1fb605d8ebdc63b3bb2d962234b1acd3	0.3200	6	3487	0.8958	false	medium	operational_monomer_cluster;observed_consensus_representative;uncalibrated_confidence;cluster_identity=0.95;possible_higher_order_or_partial:TXF000267-TXF001153;possible_higher_order_or_partial:TXF000601-TXF001153
TXF001154	TXM001154	114	48baad54152393bdec28e9059441fce6	0.4386	6	3471	0.8352	false	medium	operational_monomer_cluster;observed_consensus_representative;uncalibrated_confidence;cluster_identity=0.95
TXF001155	TXM001155	129	9a97b52b4279f1fb14d1b3cec622062c	0.4109	6	3461	0.9173	false	high	operational_monomer_cluster;observed_consensus_representative;uncalibrated_confidence;cluster_identity=0.95
TXF001156	TXM001156	282	49c641eaefa88d4ea2a56cb395a046bd	0.3617	6	3455	0.8192	false	medium	operational_monomer_cluster;observed_consensus_representative;uncalibrated_confidence;cluster_identity=0.95
TXF001157	TXM001157	84	52dfca0e8ee3d57708976c5509f8db31	0.4286	6	3411	0.8483	false	medium	operational_monomer_cluster;observed_consensus_representative;uncalibrated_confidence;cluster_identity=0.95;possible_higher_order_or_partial:TXF000021-TXF001157;possible_higher_order_or_partial:TXF000178-TXF001157;possible_higher_order_or_partial:TXF000328-TXF001157;possible_higher_order_or_partial:TXF000352-TXF001157;possible_higher_order_or_partial:TXF000855-TXF001157;possible_higher_order_or_partial:TXF001157-TXF001609;possible_higher_order_or_partial:TXF001157-TXF001894
TXF001158	TXM001158	282	42dc500c825c735393cf57c600d9b0b1	0.4397	6	3404	0.9842	false	high	operational_monomer_cluster;observed_consensus_representative;uncalibrated_confidence;cluster_identity=0.95
TXF001159	TXM001159	162	f8c41f8ca966925c9d4534bdfc63c453	0.3086	6	3394	0.8189	false	medium	operational_monomer_cluster;observed_consensus_representative;uncalibrated_confidence;cluster_identity=0.95
TXF001160	TXM001160	88	b3bbcdcf8403174cd50b846da671ec0f	0.5000	6	3363	0.8842	false	medium	operational_monomer_cluster;observed_consensus_representative;uncalibrated_confidence;cluster_identity=0.95
TXF001161	TXM001161	264	eba1918194bcc7eb843a6f74e6ff686d	0.2614	6	3248	0.8533	false	medium	operational_monomer_cluster;observed_consensus_representative;uncalibrated_confidence;cluster_identity=0.95
TXF001162	TXM001162	80	fb04144ed641b26f9f0b8f1d23bc9086	0.3750	6	3238	0.8405	false	medium	operational_monomer_cluster;observed_consensus_representative;uncalibrated_confidence;cluster_identity=0.95;possible_higher_order_or_partial:TXF000085-TXF001162;possible_higher_order_or_partial:TXF000625-TXF001162;possible_higher_order_or_partial:TXF001162-TXF001187;possible_higher_order_or_partial:TXF001162-TXF001218;possible_higher_order_or_partial:TXF001162-TXF001689
TXF001163	TXM001163	265	707a7a0169b741038ac2d9c2a7e3062a	0.3396	6	3236	0.9635	false	high	operational_monomer_cluster;observed_consensus_representative;uncalibrated_confidence;cluster_identity=0.95
TXF001164	TXM001164	174	1c3303fbd4875041daeb2e4da7addea6	0.2759	6	3201	0.8126	false	medium	operational_monomer_cluster;observed_consensus_representative;uncalibrated_confidence;cluster_identity=0.95;possible_higher_order_or_partial:TXF000881-TXF001164;possible_higher_order_or_partial:TXF001164-TXF001395
TXF001165	TXM001165	262	803fb874eba1034de666a7e517f1a364	0.3053	6	3186	0.8695	false	medium	operational_monomer_cluster;observed_consensus_representative;uncalibrated_confidence;cluster_identity=0.95
TXF001166	TXM001166	158	6544f271c4da84fd21e7eaa532cdc18a	0.2468	6	3130	0.8964	false	medium	operational_monomer_cluster;observed_consensus_representative;uncalibrated_confidence;cluster_identity=0.95
TXF001167	TXM001167	173	3225b920f5c306b45670bbdddedad2c9	0.2428	6	3117	0.8427	false	medium	operational_monomer_cluster;observed_consensus_representative;uncalibrated_confidence;cluster_identity=0.95
TXF001168	TXM001168	100	1f9db1493f33d0866ed8b344acc48ed8	0.5300	6	3102	0.8072	false	medium	operational_monomer_cluster;observed_consensus_representative;uncalibrated_confidence;cluster_identity=0.95;possible_higher_order_or_partial:TXF000641-TXF001168
TXF001169	TXM001169	168	390dbc4d0a2b7f89c585fa6091ca6363	0.4286	6	3081	0.8816	false	medium	operational_monomer_cluster;observed_consensus_representative;uncalibrated_confidence;cluster_identity=0.95
TXF001170	TXM001170	199	50a3e803a813c7a869de985699d1050e	0.3266	6	3058	0.9019	false	high	operational_monomer_cluster;observed_consensus_representative;uncalibrated_confidence;cluster_identity=0.95
TXF001171	TXM001171	169	8c6919b388809c27d40d8ccd6a6a6441	0.2426	6	3045	0.8100	false	medium	operational_monomer_cluster;observed_consensus_representative;uncalibrated_confidence;cluster_identity=0.95
TXF001172	TXM001172	245	660153e3efc617a975961c49286aca4d	0.2653	6	2970	0.9107	false	high	operational_monomer_cluster;observed_consensus_representative;uncalibrated_confidence;cluster_identity=0.95
TXF001173	TXM001173	79	0e57a0d3609c8d2de1011c81db0fd032	0.3797	6	2967	0.8210	false	medium	operational_monomer_cluster;observed_consensus_representative;uncalibrated_confidence;cluster_identity=0.95;possible_higher_order_or_partial:TXF001173-TXF001630
TXF001174	TXM001174	241	3873f1787c51736ba377a35ced92bd37	0.3278	6	2961	0.8312	false	medium	operational_monomer_cluster;observed_consensus_representative;uncalibrated_confidence;cluster_identity=0.95
TXF001175	TXM001175	243	bf02652d27eb4c54f7fb88ae91370d57	0.3416	6	2931	0.8797	false	medium	operational_monomer_cluster;observed_consensus_representative;uncalibrated_confidence;cluster_identity=0.95;possible_higher_order_or_partial:TXF000433-TXF001175
TXF001176	TXM001176	123	bcebb21fa5fb05c9969ceeb8f4eb1fb0	0.4146	6	2924	0.9413	false	high	operational_monomer_cluster;observed_consensus_representative;uncalibrated_confidence;cluster_identity=0.95;possible_higher_order_or_partial:TXF001135-TXF001176
TXF001177	TXM001177	234	c08234b0fcf5fac87d138c35d18aad85	0.2949	6	2867	0.8120	false	medium	operational_monomer_cluster;observed_consensus_representative;uncalibrated_confidence;cluster_identity=0.95
TXF001178	TXM001178	109	faf8e4ebca81d2bdcabab5d3346ae8f0	0.4128	6	2862	0.8160	false	medium	operational_monomer_cluster;observed_consensus_representative;uncalibrated_confidence;cluster_identity=0.95;possible_higher_order_or_partial:TXF000114-TXF001178
TXF001179	TXM001179	237	97a3a60ca4dc5e36a5c2cf701c20aeb2	0.3291	6	2861	0.8400	false	medium	operational_monomer_cluster;observed_consensus_representative;uncalibrated_confidence;cluster_identity=0.95;possible_higher_order_or_partial:TXF001137-TXF001179
TXF001180	TXM001180	133	92f56c473c53e6c0d3340a50da1bc574	0.5639	6	2758	0.9162	false	high	operational_monomer_cluster;observed_consensus_representative;uncalibrated_confidence;cluster_identity=0.95;possible_higher_order_or_partial:TXF000013-TXF001180;possible_higher_order_or_partial:TXF000026-TXF001180;possible_higher_order_or_partial:TXF000173-TXF001180
TXF001181	TXM001181	122	5432849e2d81db72688ce028689d94ae	0.3115	6	2747	0.8392	false	medium	operational_monomer_cluster;observed_consensus_representative;uncalibrated_confidence;cluster_identity=0.95;possible_higher_order_or_partial:TXF001181-TXF001227
TXF001182	TXM001182	227	6b810537d7e7e27b1a3235f1cab07c4d	0.3568	6	2745	0.9139	false	high	operational_monomer_cluster;observed_consensus_representative;uncalibrated_confidence;cluster_identity=0.95
TXF001183	TXM001183	214	e84f00edbdec1fa1e623ef79813a7aad	0.2523	6	2711	0.8627	false	medium	operational_monomer_cluster;observed_consensus_representative;uncalibrated_confidence;cluster_identity=0.95
TXF001184	TXM001184	170	b6ce2f17b84fcef2b6ae1249c3880339	0.3294	6	2667	0.8114	false	medium	operational_monomer_cluster;observed_consensus_representative;uncalibrated_confidence;cluster_identity=0.95
TXF001185	TXM001185	206	2b3b9b0e06dad1c80ace55892f19c435	0.2913	6	2637	0.8515	false	medium	operational_monomer_cluster;observed_consensus_representative;uncalibrated_confidence;cluster_identity=0.95
TXF001186	TXM001186	208	0692077ec9f10b310ef57f5bc5803912	0.3750	6	2632	0.8594	false	medium	operational_monomer_cluster;observed_consensus_representative;uncalibrated_confidence;cluster_identity=0.95
TXF001187	TXM001187	81	e8336e4ee99457783f15090b1548af34	0.4321	6	2618	0.8206	false	medium	operational_monomer_cluster;observed_consensus_representative;uncalibrated_confidence;cluster_identity=0.95;possible_higher_order_or_partial:TXF000085-TXF001187;possible_higher_order_or_partial:TXF000625-TXF001187;possible_higher_order_or_partial:TXF001162-TXF001187;possible_higher_order_or_partial:TXF001187-TXF001663;possible_higher_order_or_partial:TXF001187-TXF001689
TXF001188	TXM001188	210	33eca7d42bc8c72e64a3fe01454f5eff	0.1667	6	2605	0.8606	false	medium	operational_monomer_cluster;observed_consensus_representative;uncalibrated_confidence;cluster_identity=0.95
TXF001189	TXM001189	216	a16af90f505dc05fbfb6369d25faf0a1	0.4722	6	2593	0.8673	false	medium	operational_monomer_cluster;observed_consensus_representative;uncalibrated_confidence;cluster_identity=0.95
TXF001190	TXM001190	101	6571021702b8381920c0471d32fb1745	0.1287	6	2501	0.8865	false	medium	operational_monomer_cluster;observed_consensus_representative;uncalibrated_confidence;cluster_identity=0.95;possible_higher_order_or_partial:TXF001190-TXF001419
TXF001191	TXM001191	198	59a1b531d1c2322fed745da7112488a2	0.4040	6	2403	0.8472	false	medium	operational_monomer_cluster;observed_consensus_representative;uncalibrated_confidence;cluster_identity=0.95
TXF001192	TXM001192	191	7f713803ca7ee272caac899828628e0c	0.3403	6	2362	0.8926	false	medium	operational_monomer_cluster;observed_consensus_representative;uncalibrated_confidence;cluster_identity=0.95
TXF001193	TXM001193	188	7578e501fe476de2586359ed407b1907	0.2713	6	2345	0.9324	false	high	operational_monomer_cluster;observed_consensus_representative;uncalibrated_confidence;cluster_identity=0.95;possible_higher_order_or_partial:TXF000342-TXF001193
TXF001194	TXM001194	189	da1e9adaee8c939000c346641e87c48c	0.3598	6	2301	0.8278	false	medium	operational_monomer_cluster;observed_consensus_representative;uncalibrated_confidence;cluster_identity=0.95
TXF001195	TXM001195	188	e089ae043a5e73e14f9352f58e66a0ca	0.2394	6	2280	0.8992	false	medium	operational_monomer_cluster;observed_consensus_representative;uncalibrated_confidence;cluster_identity=0.95;possible_higher_order_or_partial:TXF000581-TXF001195
TXF001196	TXM001196	186	7cc32a9655812497b91b67444e1a15fa	0.3978	6	2268	0.8292	false	medium	operational_monomer_cluster;observed_consensus_representative;uncalibrated_confidence;cluster_identity=0.95
TXF001197	TXM001197	183	d627a90b9ec404878b5d707355c4bdbe	0.3279	6	2242	0.9442	false	high	operational_monomer_cluster;observed_consensus_representative;uncalibrated_confidence;cluster_identity=0.95
TXF001198	TXM001198	102	93624624d1cab0fced1bcb6b94c42051	0.4804	6	2237	0.7969	false	medium	operational_monomer_cluster;observed_consensus_representative;uncalibrated_confidence;cluster_identity=0.95
TXF001199	TXM001199	185	66d3543f756bec4e883893899368b954	0.1838	6	2232	0.9524	false	high	operational_monomer_cluster;observed_consensus_representative;uncalibrated_confidence;cluster_identity=0.95
TXF001200	TXM001200	138	7b1f844207154da72cf086be66380408	0.4783	6	2167	0.8506	false	medium	operational_monomer_cluster;observed_consensus_representative;uncalibrated_confidence;cluster_identity=0.95
TXF001201	TXM001201	154	6665e8e43e486392e71106131d972d6c	0.2857	6	2150	0.8730	false	medium	operational_monomer_cluster;observed_consensus_representative;uncalibrated_confidence;cluster_identity=0.95
TXF001202	TXM001202	114	36296af622d3278e1c3633e23394320f	0.4298	6	2089	0.8060	false	medium	operational_monomer_cluster;observed_consensus_representative;uncalibrated_confidence;cluster_identity=0.95
TXF001203	TXM001203	101	70559ce1c3f6bf485fa20f8e43315bd1	0.3168	6	2082	0.7976	false	medium	operational_monomer_cluster;observed_consensus_representative;uncalibrated_confidence;cluster_identity=0.95
TXF001204	TXM001204	158	ed57afc2bc803c841761d4fe5ab5b6a8	0.3481	6	2057	0.8156	false	medium	operational_monomer_cluster;observed_consensus_representative;uncalibrated_confidence;cluster_identity=0.95;possible_higher_order_or_partial:TXF000144-TXF001204;possible_higher_order_or_partial:TXF001204-TXF001266
TXF001205	TXM001205	163	edce26ff31b5f40e1f4c043acfb47cb7	0.2086	6	2027	0.8433	false	medium	operational_monomer_cluster;observed_consensus_representative;uncalibrated_confidence;cluster_identity=0.95
TXF001206	TXM001206	163	7c39ecd51e3e70a630c63ca13d2438d4	0.2577	6	2020	0.9278	false	high	operational_monomer_cluster;observed_consensus_representative;uncalibrated_confidence;cluster_identity=0.95
TXF001207	TXM001207	42	409fed891f6cc43e8d7b9922b6c9cafc	0.3810	6	1977	0.8130	false	medium	operational_monomer_cluster;observed_consensus_representative;uncalibrated_confidence;cluster_identity=0.95;possible_higher_order_or_partial:TXF000617-TXF001207
TXF001208	TXM001208	54	6235bf96dd68bbf909ffa3e69d4d0e25	0.4259	6	1973	0.9103	false	high	operational_monomer_cluster;observed_consensus_representative;uncalibrated_confidence;cluster_identity=0.95
TXF001209	TXM001209	95	e27a38e73b39ca4e35f690d0b11f7374	0.2316	6	1961	0.8498	false	medium	operational_monomer_cluster;observed_consensus_representative;uncalibrated_confidence;cluster_identity=0.95
TXF001210	TXM001210	154	9946048d97fafa4cf73e3ed3cd8e74c5	0.2143	6	1943	0.8045	false	medium	operational_monomer_cluster;observed_consensus_representative;uncalibrated_confidence;cluster_identity=0.95
TXF001211	TXM001211	32	a36ffefea2e4ba19e390c508c7a0e983	0.1875	6	1922	0.8179	false	medium	operational_monomer_cluster;observed_consensus_representative;uncalibrated_confidence;cluster_identity=0.95
TXF001212	TXM001212	152	0aff066e2b25237374bc74f8cf98add3	0.3421	6	1917	0.8483	false	medium	operational_monomer_cluster;observed_consensus_representative;uncalibrated_confidence;cluster_identity=0.95
TXF001213	TXM001213	152	71bb8e1dd3c00d1662efcc3d1e8e9b59	0.5132	6	1891	0.8641	false	medium	operational_monomer_cluster;observed_consensus_representative;uncalibrated_confidence;cluster_identity=0.95
TXF001214	TXM001214	149	636e005c6dc41fe14cd587a0f43edae9	0.3624	6	1889	0.8847	false	medium	operational_monomer_cluster;observed_consensus_representative;uncalibrated_confidence;cluster_identity=0.95
TXF001215	TXM001215	49	316b38e51550cb06459889c39dac1d6e	0.5102	6	1862	0.8582	false	medium	operational_monomer_cluster;observed_consensus_representative;uncalibrated_confidence;cluster_identity=0.95;possible_higher_order_or_partial:TXF000124-TXF001215;possible_higher_order_or_partial:TXF000227-TXF001215
TXF001216	TXM001216	149	7da6d97d36053a679f101b661461d258	0.2953	6	1851	0.8130	false	medium	operational_monomer_cluster;observed_consensus_representative;uncalibrated_confidence;cluster_identity=0.95
TXF001217	TXM001217	78	95e6660f1a8be8090f85ca7ed700f7fa	0.4487	6	1833	0.8918	false	medium	operational_monomer_cluster;observed_consensus_representative;uncalibrated_confidence;cluster_identity=0.95
TXF001218	TXM001218	54	72775ef6e21adbf878d3a066223e1e47	0.3889	6	1812	0.8243	false	medium	operational_monomer_cluster;observed_consensus_representative;uncalibrated_confidence;cluster_identity=0.95;possible_higher_order_or_partial:TXF000085-TXF001218;possible_higher_order_or_partial:TXF000595-TXF001218;possible_higher_order_or_partial:TXF000625-TXF001218;possible_higher_order_or_partial:TXF001162-TXF001218;possible_higher_order_or_partial:TXF001218-TXF001633;possible_higher_order_or_partial:TXF001218-TXF001663;possible_higher_order_or_partial:TXF001218-TXF001689
TXF001219	TXM001219	147	6d90a93dc38dbb71272fb120a37555d5	0.2313	6	1793	0.8013	false	medium	operational_monomer_cluster;observed_consensus_representative;uncalibrated_confidence;cluster_identity=0.95
TXF001220	TXM001220	145	cd613b0570203f34fdd42254289fa77e	0.3241	6	1786	0.8135	false	medium	operational_monomer_cluster;observed_consensus_representative;uncalibrated_confidence;cluster_identity=0.95
TXF001221	TXM001221	82	eb5684d928413e62965dc5682756b9fb	0.5000	6	1784	0.8631	false	medium	operational_monomer_cluster;observed_consensus_representative;uncalibrated_confidence;cluster_identity=0.95;possible_higher_order_or_partial:TXF000125-TXF001221;possible_higher_order_or_partial:TXF000180-TXF001221
TXF001222	TXM001222	42	9ae1aaa3183d0a311fe235c01094ce52	0.4524	6	1780	0.9302	false	high	operational_monomer_cluster;observed_consensus_representative;uncalibrated_confidence;cluster_identity=0.95
TXF001223	TXM001223	100	9fed4ad6930ece06df5b0cc066152362	0.3900	6	1764	0.7921	false	medium	operational_monomer_cluster;observed_consensus_representative;uncalibrated_confidence;cluster_identity=0.95
TXF001224	TXM001224	144	af668fdf5c2ef9f2d0604845723266cd	0.3264	6	1762	0.8189	false	medium	operational_monomer_cluster;observed_consensus_representative;uncalibrated_confidence;cluster_identity=0.95
TXF001225	TXM001225	143	3cd11b27eec5e15a6c4a7b4ab8790078	0.2238	6	1758	0.9256	false	high	operational_monomer_cluster;observed_consensus_representative;uncalibrated_confidence;cluster_identity=0.95;possible_higher_order_or_partial:TXF001225-TXF001735
TXF001226	TXM001226	135	c8a57bdabf6bebda1374716ce9a5f352	0.3852	6	1747	0.8130	false	medium	operational_monomer_cluster;observed_consensus_representative;uncalibrated_confidence;cluster_identity=0.95
TXF001227	TXM001227	85	6028cf7aaee6a657a51782562f35c483	0.3059	6	1737	0.8517	false	medium	operational_monomer_cluster;observed_consensus_representative;uncalibrated_confidence;cluster_identity=0.95;possible_higher_order_or_partial:TXF001181-TXF001227
TXF001228	TXM001228	63	accac23892d63ddd3fbc6ac021684bc4	0.3492	6	1731	0.8697	false	medium	operational_monomer_cluster;observed_consensus_representative;uncalibrated_confidence;cluster_identity=0.95
TXF001229	TXM001229	105	6a023a15617c304dbc0adb942bc624fd	0.2857	6	1731	0.8017	false	medium	operational_monomer_cluster;observed_consensus_representative;uncalibrated_confidence;cluster_identity=0.95
TXF001230	TXM001230	135	41e2c29d717bf39d4a7a58e75f6a8166	0.3111	6	1728	0.8822	false	medium	operational_monomer_cluster;observed_consensus_representative;uncalibrated_confidence;cluster_identity=0.95
TXF001231	TXM001231	139	b54b7d5e894977b4852fd57fa0c158fd	0.4460	6	1722	0.9865	false	high	operational_monomer_cluster;observed_consensus_representative;uncalibrated_confidence;cluster_identity=0.95
TXF001232	TXM001232	84	67f453ae80e660ca00eeb2742f7b1388	0.4405	6	1719	0.8538	false	medium	operational_monomer_cluster;observed_consensus_representative;uncalibrated_confidence;cluster_identity=0.95
TXF001233	TXM001233	138	a3ff2770182023156cff93daf167a372	0.3478	6	1717	0.9091	false	high	operational_monomer_cluster;observed_consensus_representative;uncalibrated_confidence;cluster_identity=0.95
TXF001234	TXM001234	30	7a22ff1d173c522027746f140cb725b2	0.6000	6	1713	0.8758	false	medium	operational_monomer_cluster;observed_consensus_representative;uncalibrated_confidence;cluster_identity=0.95
TXF001235	TXM001235	81	6dfcbf21d996b2a4f861cea97b44a89b	0.2593	6	1706	0.8459	false	medium	operational_monomer_cluster;observed_consensus_representative;uncalibrated_confidence;cluster_identity=0.95
TXF001236	TXM001236	135	7674df3a81a95804be07ab0f9342f1b5	0.4815	6	1689	0.8945	false	medium	operational_monomer_cluster;observed_consensus_representative;uncalibrated_confidence;cluster_identity=0.95
TXF001237	TXM001237	99	554b29e133adebfafe39fffa826c9201	0.5556	6	1675	0.8325	false	medium	operational_monomer_cluster;observed_consensus_representative;uncalibrated_confidence;cluster_identity=0.95
TXF001238	TXM001238	88	d3be95d9f25b3d274e0e5421dc085eee	0.1591	6	1659	0.8183	false	medium	operational_monomer_cluster;observed_consensus_representative;uncalibrated_confidence;cluster_identity=0.95
TXF001239	TXM001239	30	4608c29f9873bc247e3d4f86a7190786	0.6000	6	1656	0.8234	false	medium	operational_monomer_cluster;observed_consensus_representative;uncalibrated_confidence;cluster_identity=0.95
TXF001240	TXM001240	125	efbb0391a8a5d1a899baa19403957d57	0.4080	6	1613	0.9566	false	high	operational_monomer_cluster;observed_consensus_representative;uncalibrated_confidence;cluster_identity=0.95
TXF001241	TXM001241	128	afb7f02863272ee41fd8047b7a885cea	0.2969	6	1607	0.8579	false	medium	operational_monomer_cluster;observed_consensus_representative;uncalibrated_confidence;cluster_identity=0.95
TXF001242	TXM001242	132	c3eb3b548f449573ea19a7d65b754a96	0.4091	6	1593	0.8787	false	medium	operational_monomer_cluster;observed_consensus_representative;uncalibrated_confidence;cluster_identity=0.95
TXF001243	TXM001243	131	140f0025ba5432ac1b9ec96996885195	0.2443	6	1592	0.8666	false	medium	operational_monomer_cluster;observed_consensus_representative;uncalibrated_confidence;cluster_identity=0.95
TXF001244	TXM001244	128	84b2d0f8c4f6d736f8743abea32624b6	0.3828	6	1590	0.8248	false	medium	operational_monomer_cluster;observed_consensus_representative;uncalibrated_confidence;cluster_identity=0.95
TXF001245	TXM001245	124	a8a826cda0a0a5086f19dc20275cf69d	0.3306	6	1586	0.8336	false	medium	operational_monomer_cluster;observed_consensus_representative;uncalibrated_confidence;cluster_identity=0.95
TXF001246	TXM001246	125	cedc15ff991f86177fff11d0986c247d	0.2080	6	1584	0.8500	false	medium	operational_monomer_cluster;observed_consensus_representative;uncalibrated_confidence;cluster_identity=0.95
TXF001247	TXM001247	129	bb2b4e48f82c54a636d11ff7ee1d2839	0.2326	6	1573	0.8103	false	medium	operational_monomer_cluster;observed_consensus_representative;uncalibrated_confidence;cluster_identity=0.95
TXF001248	TXM001248	125	4d82b676ae4cce10e4b68f86c9d3a1dd	0.3280	6	1560	0.8519	false	medium	operational_monomer_cluster;observed_consensus_representative;uncalibrated_confidence;cluster_identity=0.95
TXF001249	TXM001249	127	3b3e81d88c524fcf7b35e3f6b77cc4c8	0.4331	6	1536	0.9305	false	high	operational_monomer_cluster;observed_consensus_representative;uncalibrated_confidence;cluster_identity=0.95
TXF001250	TXM001250	124	dc3395fd50413fb36de01121234a0a99	0.3226	6	1532	0.9442	false	high	operational_monomer_cluster;observed_consensus_representative;uncalibrated_confidence;cluster_identity=0.95
TXF001251	TXM001251	120	7d8ba92f86137c6ee86564d010426c56	0.2667	6	1524	0.9430	false	high	operational_monomer_cluster;observed_consensus_representative;uncalibrated_confidence;cluster_identity=0.95
TXF001252	TXM001252	124	e6e4e3f41152f30868be89ee8f1a7c5f	0.4597	6	1514	0.9585	false	high	operational_monomer_cluster;observed_consensus_representative;uncalibrated_confidence;cluster_identity=0.95
TXF001253	TXM001253	126	901bb5b1c5d8a2832f05f4e13d55e4e4	0.4444	6	1509	0.9881	false	high	operational_monomer_cluster;observed_consensus_representative;uncalibrated_confidence;cluster_identity=0.95
TXF001254	TXM001254	31	c956d2bf8253746bca082c4a12d7ee88	0.2903	6	1488	0.8676	false	medium	operational_monomer_cluster;observed_consensus_representative;uncalibrated_confidence;cluster_identity=0.95
TXF001255	TXM001255	118	4fdfbb4d24b5a8c4177563843f6fe22b	0.2203	6	1483	0.9003	false	high	operational_monomer_cluster;observed_consensus_representative;uncalibrated_confidence;cluster_identity=0.95
TXF001256	TXM001256	123	76b5dd7b95894e764c4e13d3c3282485	0.4553	6	1480	0.8309	false	medium	operational_monomer_cluster;observed_consensus_representative;uncalibrated_confidence;cluster_identity=0.95
TXF001257	TXM001257	45	8d44deb64215360ff96dbfdf7d234842	0.5111	6	1480	0.9028	false	high	operational_monomer_cluster;observed_consensus_representative;uncalibrated_confidence;cluster_identity=0.95
TXF001258	TXM001258	116	07a935d8be18eb36aa9d413a245a15e3	0.2586	6	1465	0.8590	false	medium	operational_monomer_cluster;observed_consensus_representative;uncalibrated_confidence;cluster_identity=0.95
TXF001259	TXM001259	96	0f7bce918afb19271020614aa05dc2d7	0.6354	6	1459	0.9492	false	high	operational_monomer_cluster;observed_consensus_representative;uncalibrated_confidence;cluster_identity=0.95
TXF001260	TXM001260	111	d2be7720df6701a19dff1fdec0890934	0.4054	6	1421	0.8280	false	medium	operational_monomer_cluster;observed_consensus_representative;uncalibrated_confidence;cluster_identity=0.95
TXF001261	TXM001261	114	8174f1d494ab4577b18a9ce4d54f84bd	0.3246	6	1417	0.8718	false	medium	operational_monomer_cluster;observed_consensus_representative;uncalibrated_confidence;cluster_identity=0.95
TXF001262	TXM001262	118	8f50059fa04a147df8dff132c79c8996	0.5085	6	1414	0.8175	false	medium	operational_monomer_cluster;observed_consensus_representative;uncalibrated_confidence;cluster_identity=0.95
TXF001263	TXM001263	113	9c66bb64678cb58f8c81afb6a7daca01	0.5221	6	1390	0.8180	false	medium	operational_monomer_cluster;observed_consensus_representative;uncalibrated_confidence;cluster_identity=0.95
TXF001264	TXM001264	38	9c0e061ba0c411299ba6398ed74d77ac	0.3158	6	1383	0.9513	false	high	operational_monomer_cluster;observed_consensus_representative;uncalibrated_confidence;cluster_identity=0.95
TXF001265	TXM001265	108	b8334f3b51cfcf8cd03e1dfc55e472e3	0.3611	6	1382	0.9397	false	high	operational_monomer_cluster;observed_consensus_representative;uncalibrated_confidence;cluster_identity=0.95
TXF001266	TXM001266	34	bfe69fc8f1dc9f59e8a2e0d8b5d51528	0.4118	6	1378	0.8285	false	medium	operational_monomer_cluster;observed_consensus_representative;uncalibrated_confidence;cluster_identity=0.95;possible_higher_order_or_partial:TXF000070-TXF001266;possible_higher_order_or_partial:TXF000078-TXF001266;possible_higher_order_or_partial:TXF000107-TXF001266;possible_higher_order_or_partial:TXF000119-TXF001266;possible_higher_order_or_partial:TXF000131-TXF001266;likely_redundant:TXF000144-TXF001266;possible_higher_order_or_partial:TXF000261-TXF001266;possible_higher_order_or_partial:TXF000262-TXF001266;possible_higher_order_or_partial:TXF000316-TXF001266;possible_higher_order_or_partial:TXF000408-TXF001266;possible_higher_order_or_partial:TXF000450-TXF001266;possible_higher_order_or_partial:TXF000558-TXF001266;possible_higher_order_or_partial:TXF000564-TXF001266;possible_higher_order_or_partial:TXF000566-TXF001266;possible_higher_order_or_partial:TXF000570-TXF001266;possible_higher_order_or_partial:TXF000571-TXF001266;possible_higher_order_or_partial:TXF000575-TXF001266;possible_higher_order_or_partial:TXF000583-TXF001266;possible_higher_order_or_partial:TXF000650-TXF001266;possible_higher_order_or_partial:TXF000809-TXF001266;possible_higher_order_or_partial:TXF000810-TXF001266;possible_higher_order_or_partial:TXF000811-TXF001266;possible_higher_order_or_partial:TXF000812-TXF001266;possible_higher_order_or_partial:TXF000819-TXF001266;possible_higher_order_or_partial:TXF000824-TXF001266;possible_higher_order_or_partial:TXF000825-TXF001266;possible_higher_order_or_partial:TXF000829-TXF001266;possible_higher_order_or_partial:TXF000830-TXF001266;possible_higher_order_or_partial:TXF001084-TXF001266;possible_higher_order_or_partial:TXF001092-TXF001266;possible_higher_order_or_partial:TXF001093-TXF001266;possible_higher_order_or_partial:TXF001094-TXF001266;possible_higher_order_or_partial:TXF001101-TXF001266;possible_higher_order_or_partial:TXF001105-TXF001266;possible_higher_order_or_partial:TXF001204-TXF001266;possible_higher_order_or_partial:TXF001266-TXF001523;possible_higher_order_or_partial:TXF001266-TXF001526;possible_higher_order_or_partial:TXF001266-TXF001528;possible_higher_order_or_partial:TXF001266-TXF001532;possible_higher_order_or_partial:TXF001266-TXF001533;possible_higher_order_or_partial:TXF001266-TXF001534;possible_higher_order_or_partial:TXF001266-TXF001535;possible_higher_order_or_partial:TXF001266-TXF001536;possible_higher_order_or_partial:TXF001266-TXF001542;possible_higher_order_or_partial:TXF001266-TXF001549;possible_higher_order_or_partial:TXF001266-TXF001554;possible_higher_order_or_partial:TXF001266-TXF001581;possible_higher_order_or_partial:TXF001266-TXF001585
TXF001267	TXM001267	106	c111f469603dc140cb29d23a4946d2c4	0.2925	6	1372	0.8951	false	medium	operational_monomer_cluster;observed_consensus_representative;uncalibrated_confidence;cluster_identity=0.95
TXF001268	TXM001268	72	6ba2c1ce553a339b17ab657630108877	0.6944	6	1362	0.9076	false	high	operational_monomer_cluster;observed_consensus_representative;uncalibrated_confidence;cluster_identity=0.95
TXF001269	TXM001269	54	a828cae9c77b1f48addb7cc3bfe6d8e8	0.1852	6	1357	0.8273	false	medium	operational_monomer_cluster;observed_consensus_representative;uncalibrated_confidence;cluster_identity=0.95
TXF001270	TXM001270	111	a98829fc48d825993611a01636ad48d5	0.3694	6	1351	0.9810	false	high	operational_monomer_cluster;observed_consensus_representative;uncalibrated_confidence;cluster_identity=0.95
TXF001271	TXM001271	72	386c19f79801077803c14aa6113f01c0	0.5139	6	1345	0.8989	false	medium	operational_monomer_cluster;observed_consensus_representative;uncalibrated_confidence;cluster_identity=0.95;possible_higher_order_or_partial:TXF000454-TXF001271
TXF001272	TXM001272	98	70f27f5068436198ee4dc8637f5ca70e	0.6224	6	1339	0.8914	false	medium	operational_monomer_cluster;observed_consensus_representative;uncalibrated_confidence;cluster_identity=0.95
TXF001273	TXM001273	81	f4196d5b8600d049f451b2c7101287d7	0.3951	6	1334	0.8762	false	medium	operational_monomer_cluster;observed_consensus_representative;uncalibrated_confidence;cluster_identity=0.95
TXF001274	TXM001274	96	e0e14fec8a41758477d27cb08c5f8c50	0.1354	6	1317	0.8568	false	medium	operational_monomer_cluster;observed_consensus_representative;uncalibrated_confidence;cluster_identity=0.95;possible_higher_order_or_partial:TXF000024-TXF001274
TXF001275	TXM001275	85	2810e3a14faceb90fcb1c2b29d40b283	0.3176	6	1317	0.8012	false	medium	operational_monomer_cluster;observed_consensus_representative;uncalibrated_confidence;cluster_identity=0.95
TXF001276	TXM001276	69	e50190c88a362e9f6f01ae543e7d0a8d	0.5507	6	1314	0.8218	false	medium	operational_monomer_cluster;observed_consensus_representative;uncalibrated_confidence;cluster_identity=0.95
TXF001277	TXM001277	106	784d83e0afc8120dee6a83741e1fa0f9	0.2736	6	1308	0.8633	false	medium	operational_monomer_cluster;observed_consensus_representative;uncalibrated_confidence;cluster_identity=0.95
TXF001278	TXM001278	57	9e3f19e1b8de3048739f27a76376bb64	0.3333	6	1302	0.9938	false	high	operational_monomer_cluster;observed_consensus_representative;uncalibrated_confidence;cluster_identity=0.95
TXF001279	TXM001279	96	f55c77c95a6e5e8d052f5fea7b0090b9	0.1458	6	1300	0.8561	false	medium	operational_monomer_cluster;observed_consensus_representative;uncalibrated_confidence;cluster_identity=0.95;possible_higher_order_or_partial:TXF000664-TXF001279;possible_higher_order_or_partial:TXF000665-TXF001279;possible_higher_order_or_partial:TXF001097-TXF001279;possible_higher_order_or_partial:TXF001279-TXF001805
TXF001280	TXM001280	105	6b05a262ae50d2c3ff6a30f3194a6a76	0.2952	6	1297	0.8891	false	medium	operational_monomer_cluster;observed_consensus_representative;uncalibrated_confidence;cluster_identity=0.95
TXF001281	TXM001281	103	4d3a2b78433151a801077f44c2c8eede	0.2330	6	1297	0.9499	false	high	operational_monomer_cluster;observed_consensus_representative;uncalibrated_confidence;cluster_identity=0.95
TXF001282	TXM001282	87	b682ee2a9e3f4a0ae028c7deed489d9b	0.5632	6	1290	0.8672	false	medium	operational_monomer_cluster;observed_consensus_representative;uncalibrated_confidence;cluster_identity=0.95
TXF001283	TXM001283	90	1a8aa07774e2c1a52ae612638323e141	0.3556	6	1288	0.9081	false	high	operational_monomer_cluster;observed_consensus_representative;uncalibrated_confidence;cluster_identity=0.95
TXF001284	TXM001284	106	1cfd58b75692d1701f9b50356f2189e6	0.3113	6	1277	0.9565	false	high	operational_monomer_cluster;observed_consensus_representative;uncalibrated_confidence;cluster_identity=0.95
TXF001285	TXM001285	106	c87e0a66d3720bc5ba06f716c095a73c	0.1132	6	1270	0.8978	false	medium	operational_monomer_cluster;observed_consensus_representative;uncalibrated_confidence;cluster_identity=0.95
TXF001286	TXM001286	105	cd51ef7c66a9f7a95623e2335df96d4d	0.3429	6	1261	0.9889	false	high	operational_monomer_cluster;observed_consensus_representative;uncalibrated_confidence;cluster_identity=0.95
TXF001287	TXM001287	99	af5dcdac89ed45bc799793e51ce23ad1	0.3636	6	1260	0.8874	false	medium	operational_monomer_cluster;observed_consensus_representative;uncalibrated_confidence;cluster_identity=0.95;possible_higher_order_or_partial:TXF001287-TXF001809
TXF001288	TXM001288	99	0fe67bed64709ccf3562843ff6a05c2f	0.2525	6	1243	0.8133	false	medium	operational_monomer_cluster;observed_consensus_representative;uncalibrated_confidence;cluster_identity=0.95
TXF001289	TXM001289	58	3de37285e222bae65606238c2afb4cff	0.5517	6	1242	0.8282	false	medium	operational_monomer_cluster;observed_consensus_representative;uncalibrated_confidence;cluster_identity=0.95;possible_higher_order_or_partial:TXF000096-TXF001289;possible_higher_order_or_partial:TXF000691-TXF001289
TXF001290	TXM001290	98	3fc4e4eb168321ccba7246f4798a3417	0.3980	6	1238	0.9970	false	high	operational_monomer_cluster;observed_consensus_representative;uncalibrated_confidence;cluster_identity=0.95
TXF001291	TXM001291	102	40bcc802a3d992142d8cf3d9a7c43353	0.4804	6	1236	0.8641	false	medium	operational_monomer_cluster;observed_consensus_representative;uncalibrated_confidence;cluster_identity=0.95
TXF001292	TXM001292	56	a41751aa87cb3be7b857eec16a6585ee	0.2321	6	1233	1.0000	false	high	operational_monomer_cluster;observed_consensus_representative;uncalibrated_confidence;cluster_identity=0.95
TXF001293	TXM001293	86	2dd54f1797c39adc0c8536b573adcef0	0.2674	6	1213	0.8296	false	medium	operational_monomer_cluster;observed_consensus_representative;uncalibrated_confidence;cluster_identity=0.95
TXF001294	TXM001294	80	7ff4066d3f768622cc3a8b88473c8c08	0.2000	6	1199	0.8819	false	medium	operational_monomer_cluster;observed_consensus_representative;uncalibrated_confidence;cluster_identity=0.95
TXF001295	TXM001295	93	dc25d9639ef193a8966bb73800f4f74d	0.2903	6	1195	0.9121	false	high	operational_monomer_cluster;observed_consensus_representative;uncalibrated_confidence;cluster_identity=0.95
TXF001296	TXM001296	90	664b7752f2cfcaca87f62e5bda902a80	0.3778	6	1190	0.8925	false	medium	operational_monomer_cluster;observed_consensus_representative;uncalibrated_confidence;cluster_identity=0.95
TXF001297	TXM001297	48	0ec710d2322e7a93942c38f600852af5	0.5208	6	1187	0.8066	false	medium	operational_monomer_cluster;observed_consensus_representative;uncalibrated_confidence;cluster_identity=0.95
TXF001298	TXM001298	63	830565fc8b72bad798b52ef49304f8b3	0.5397	6	1182	0.8318	false	medium	operational_monomer_cluster;observed_consensus_representative;uncalibrated_confidence;cluster_identity=0.95
TXF001299	TXM001299	93	2b828866ace6b14e84ccfdad09c3d861	0.3441	6	1169	0.8807	false	medium	operational_monomer_cluster;observed_consensus_representative;uncalibrated_confidence;cluster_identity=0.95
TXF001300	TXM001300	79	e3ce80ad51273441edfcbedfc0cadbc6	0.2278	6	1158	0.9057	false	high	operational_monomer_cluster;observed_consensus_representative;uncalibrated_confidence;cluster_identity=0.95
TXF001301	TXM001301	95	e178126482e51a311a7764dcfbe5ea9a	0.3789	6	1151	0.8799	false	medium	operational_monomer_cluster;observed_consensus_representative;uncalibrated_confidence;cluster_identity=0.95
TXF001302	TXM001302	72	a07d4135e63aee9cb1f21da0664ca70d	0.3472	6	1146	0.8271	false	medium	operational_monomer_cluster;observed_consensus_representative;uncalibrated_confidence;cluster_identity=0.95
TXF001303	TXM001303	62	830b9be9f53f579725e96b54ebf1ba04	0.3387	6	1144	0.8523	false	medium	operational_monomer_cluster;observed_consensus_representative;uncalibrated_confidence;cluster_identity=0.95
TXF001304	TXM001304	43	12643bfae6082192f4a207479e6362a5	0.2791	6	1130	0.8379	false	medium	operational_monomer_cluster;observed_consensus_representative;uncalibrated_confidence;cluster_identity=0.95
TXF001305	TXM001305	48	ad8c803f9208f589f59b755e520f5926	0.6667	6	1129	0.9061	false	high	operational_monomer_cluster;observed_consensus_representative;uncalibrated_confidence;cluster_identity=0.95
TXF001306	TXM001306	93	b22ebff04fa74015c0b21674ddcf80c2	0.2796	6	1122	0.9912	false	high	operational_monomer_cluster;observed_consensus_representative;uncalibrated_confidence;cluster_identity=0.95
TXF001307	TXM001307	88	ad695e6c06d0104a98bd577b9011f176	0.3295	6	1117	0.9576	false	high	operational_monomer_cluster;observed_consensus_representative;uncalibrated_confidence;cluster_identity=0.95
TXF001308	TXM001308	67	ca90409b778fad1298e8a00878cc877c	0.4627	6	1116	0.7896	false	medium	operational_monomer_cluster;observed_consensus_representative;uncalibrated_confidence;cluster_identity=0.95
TXF001309	TXM001309	81	f124f14eec2484d5519a33064a3c91e7	0.3086	6	1106	0.9106	false	high	operational_monomer_cluster;observed_consensus_representative;uncalibrated_confidence;cluster_identity=0.95
TXF001310	TXM001310	90	24ef9aa05465634ca165f0094c011835	0.3556	6	1104	0.8511	false	medium	operational_monomer_cluster;observed_consensus_representative;uncalibrated_confidence;cluster_identity=0.95
TXF001311	TXM001311	84	aa3d1ce24b45af29921e3acb65233b89	0.3095	6	1102	0.7856	false	medium	operational_monomer_cluster;observed_consensus_representative;uncalibrated_confidence;cluster_identity=0.95
TXF001312	TXM001312	90	aa4d48c5adb56c8b15c9a21a77df3165	0.3889	6	1102	0.8372	false	medium	operational_monomer_cluster;observed_consensus_representative;uncalibrated_confidence;cluster_identity=0.95
TXF001313	TXM001313	89	8bd14f8390c18efcdcdc32f30c4d4a36	0.3708	6	1101	0.8717	false	medium	operational_monomer_cluster;observed_consensus_representative;uncalibrated_confidence;cluster_identity=0.95
TXF001314	TXM001314	58	2bfb1584c4b0290e3bf46701b1283f36	0.3276	6	1099	0.9098	false	high	operational_monomer_cluster;observed_consensus_representative;uncalibrated_confidence;cluster_identity=0.95
TXF001315	TXM001315	88	ba3c7bac86401969b83e182992b25670	0.1818	6	1098	0.9053	false	high	operational_monomer_cluster;observed_consensus_representative;uncalibrated_confidence;cluster_identity=0.95
TXF001316	TXM001316	86	f2234ddf74b6b9f38a9e3657d526dcbb	0.2907	6	1089	0.9132	false	high	operational_monomer_cluster;observed_consensus_representative;uncalibrated_confidence;cluster_identity=0.95
TXF001317	TXM001317	88	34ce5176f992b66bb9d3540a4e45d955	0.4318	6	1083	0.9281	false	high	operational_monomer_cluster;observed_consensus_representative;uncalibrated_confidence;cluster_identity=0.95
TXF001318	TXM001318	63	6595a4debb405274e6aacb1a14c2a51d	0.3968	6	1071	0.8734	false	medium	operational_monomer_cluster;observed_consensus_representative;uncalibrated_confidence;cluster_identity=0.95
TXF001319	TXM001319	42	f541bb9caf085255d38669b3167fc142	0.5952	6	1069	0.8739	false	medium	operational_monomer_cluster;observed_consensus_representative;uncalibrated_confidence;cluster_identity=0.95
TXF001320	TXM001320	71	3e1e0bc306dd6877bc704591f72a2789	0.2958	6	1066	0.8242	false	medium	operational_monomer_cluster;observed_consensus_representative;uncalibrated_confidence;cluster_identity=0.95
TXF001321	TXM001321	82	797d4fbf8a7c98ac317ea426a6e7e51a	0.1951	6	1060	0.9930	false	high	operational_monomer_cluster;observed_consensus_representative;uncalibrated_confidence;cluster_identity=0.95
TXF001322	TXM001322	87	221cf884867f9b820f8484fbcee36648	0.2874	6	1056	0.8989	false	medium	operational_monomer_cluster;observed_consensus_representative;uncalibrated_confidence;cluster_identity=0.95
TXF001323	TXM001323	86	e5ffcf381bd2252f078cc3d389d97050	0.5000	6	1056	0.8478	false	medium	operational_monomer_cluster;observed_consensus_representative;uncalibrated_confidence;cluster_identity=0.95
TXF001324	TXM001324	87	9c1f531d4618f705abfe28c5c1e18a41	0.3218	6	1055	0.8900	false	medium	operational_monomer_cluster;observed_consensus_representative;uncalibrated_confidence;cluster_identity=0.95
TXF001325	TXM001325	86	f278847ab600a7f4d01246f9a42da4db	0.4419	6	1053	0.8380	false	medium	operational_monomer_cluster;observed_consensus_representative;uncalibrated_confidence;cluster_identity=0.95
TXF001326	TXM001326	59	5b533ff658d068815710a1091fd20f77	0.5085	6	1050	0.8076	false	medium	operational_monomer_cluster;observed_consensus_representative;uncalibrated_confidence;cluster_identity=0.95
TXF001327	TXM001327	61	fee7596524ee4d869ad2658c9a3acd8a	0.3279	6	1049	0.9016	false	high	operational_monomer_cluster;observed_consensus_representative;uncalibrated_confidence;cluster_identity=0.95
TXF001328	TXM001328	87	64e8bbd82fefb7bafbc506960e45910d	0.4138	6	1044	0.9732	false	high	operational_monomer_cluster;observed_consensus_representative;uncalibrated_confidence;cluster_identity=0.95
TXF001329	TXM001329	63	a7ae650f61c0d7b5d5fdee806ea7f703	0.4127	6	1044	0.8468	false	medium	operational_monomer_cluster;observed_consensus_representative;uncalibrated_confidence;cluster_identity=0.95
TXF001330	TXM001330	49	71cfe03ad1e439913363c7f614e96e79	0.5306	6	1043	0.7874	false	medium	operational_monomer_cluster;observed_consensus_representative;uncalibrated_confidence;cluster_identity=0.95
TXF001331	TXM001331	51	24220a758a92091c35ec1614b229e01d	0.2745	6	1040	0.8008	false	medium	operational_monomer_cluster;observed_consensus_representative;uncalibrated_confidence;cluster_identity=0.95
TXF001332	TXM001332	82	264cb81bb25bf4cf94ae76cfe68941d2	0.5000	6	1038	0.8022	false	medium	operational_monomer_cluster;observed_consensus_representative;uncalibrated_confidence;cluster_identity=0.95
TXF001333	TXM001333	37	1e87e0d98c6d075ae96d86401678d2a2	0.4595	6	1035	0.7963	false	medium	operational_monomer_cluster;observed_consensus_representative;uncalibrated_confidence;cluster_identity=0.95
TXF001334	TXM001334	83	cd14de4a706a8618d562b9a8fa173b4f	0.3133	6	1033	0.9421	false	high	operational_monomer_cluster;observed_consensus_representative;uncalibrated_confidence;cluster_identity=0.95;possible_higher_order_or_partial:TXF001334-TXF001858
TXF001335	TXM001335	36	5cd471a285b96bd8e8847a0a97814132	0.2778	6	1026	0.8074	false	medium	operational_monomer_cluster;observed_consensus_representative;uncalibrated_confidence;cluster_identity=0.95
TXF001336	TXM001336	48	23fc34f0b73fa62eed42c4b68b019762	0.5417	6	1024	0.8400	false	medium	operational_monomer_cluster;observed_consensus_representative;uncalibrated_confidence;cluster_identity=0.95
TXF001337	TXM001337	80	0a098f9dad4ea2d34e011d655c113f35	0.5000	6	1015	0.8521	false	medium	operational_monomer_cluster;observed_consensus_representative;uncalibrated_confidence;cluster_identity=0.95
TXF001338	TXM001338	82	5af1a033eb3be6bcd7d82adf64cbd97a	0.5488	6	1014	0.8049	false	medium	operational_monomer_cluster;observed_consensus_representative;uncalibrated_confidence;cluster_identity=0.95
TXF001339	TXM001339	70	6352ec448548ad717023bbaedacefb47	0.4143	6	1013	0.9815	false	high	operational_monomer_cluster;observed_consensus_representative;uncalibrated_confidence;cluster_identity=0.95
TXF001340	TXM001340	83	8d0c8a62d4a1611867aff1d2d860327d	0.3012	6	1004	0.8887	false	medium	operational_monomer_cluster;observed_consensus_representative;uncalibrated_confidence;cluster_identity=0.95
TXF001341	TXM001341	81	8dd36f75f8d3699a21530645555a9f8e	0.3457	6	1003	0.8187	false	medium	operational_monomer_cluster;observed_consensus_representative;uncalibrated_confidence;cluster_identity=0.95
TXF001342	TXM001342	81	28e35c87002918a34defb0fa89dfd847	0.2963	6	997	0.8588	false	medium	operational_monomer_cluster;observed_consensus_representative;uncalibrated_confidence;cluster_identity=0.95
TXF001343	TXM001343	79	2fd29844608c1e5a574ffd5280e8186b	0.3797	6	997	0.9044	false	high	operational_monomer_cluster;observed_consensus_representative;uncalibrated_confidence;cluster_identity=0.95
TXF001344	TXM001344	79	161239a368d9b259a66ed8262cad28f6	0.3418	6	990	0.8372	false	medium	operational_monomer_cluster;observed_consensus_representative;uncalibrated_confidence;cluster_identity=0.95
TXF001345	TXM001345	70	e16b71d1fe3c0988cff54ca22d033828	0.3857	6	987	0.9665	false	high	operational_monomer_cluster;observed_consensus_representative;uncalibrated_confidence;cluster_identity=0.95
TXF001346	TXM001346	54	85fdc431a6a950412032159a633852a4	0.4815	6	985	0.8371	false	medium	operational_monomer_cluster;observed_consensus_representative;uncalibrated_confidence;cluster_identity=0.95
TXF001347	TXM001347	71	66578c518b418d40b2f1eab12a5bd259	0.2535	6	984	0.8737	false	medium	operational_monomer_cluster;observed_consensus_representative;uncalibrated_confidence;cluster_identity=0.95
TXF001348	TXM001348	66	b3d1421acc67f3da1993df5cb790770b	0.4091	6	983	0.8023	false	medium	operational_monomer_cluster;observed_consensus_representative;uncalibrated_confidence;cluster_identity=0.95
TXF001349	TXM001349	72	e8994d24b51a498f70383d294dadf8a9	0.1389	6	981	0.8773	false	medium	operational_monomer_cluster;observed_consensus_representative;uncalibrated_confidence;cluster_identity=0.95
TXF001350	TXM001350	76	334fddb48a38057d86a80673cec1d2fd	0.2895	6	974	0.8046	false	medium	operational_monomer_cluster;observed_consensus_representative;uncalibrated_confidence;cluster_identity=0.95
TXF001351	TXM001351	41	e52f6d5f80f013601c32a832a786d433	0.2683	6	973	0.8554	false	medium	operational_monomer_cluster;observed_consensus_representative;uncalibrated_confidence;cluster_identity=0.95
TXF001352	TXM001352	69	88f1e8c7e89cd087a2b927a919e2c623	0.4928	6	964	0.8479	false	medium	operational_monomer_cluster;observed_consensus_representative;uncalibrated_confidence;cluster_identity=0.95;possible_higher_order_or_partial:TXF000089-TXF001352
TXF001353	TXM001353	78	d59d6409379f0cd82711d71b7bb1c872	0.3205	6	959	0.9858	false	high	operational_monomer_cluster;observed_consensus_representative;uncalibrated_confidence;cluster_identity=0.95
TXF001354	TXM001354	48	995e58f9e8e65d1377cebda193adeacf	0.5625	6	958	0.8198	false	medium	operational_monomer_cluster;observed_consensus_representative;uncalibrated_confidence;cluster_identity=0.95
TXF001355	TXM001355	79	404d2468d82342110863b281367e5bcb	0.3291	6	952	0.9668	false	high	operational_monomer_cluster;observed_consensus_representative;uncalibrated_confidence;cluster_identity=0.95
TXF001356	TXM001356	75	10450ce42cedf2a0d84e928f344bf048	0.2800	6	948	0.8434	false	medium	operational_monomer_cluster;observed_consensus_representative;uncalibrated_confidence;cluster_identity=0.95
TXF001357	TXM001357	60	4072c5e743f20dfedd48de0f0d2b0448	0.3500	6	944	0.8725	false	medium	operational_monomer_cluster;observed_consensus_representative;uncalibrated_confidence;cluster_identity=0.95
TXF001358	TXM001358	77	c46dc38105bd4e7bce19051cd158894f	0.3896	6	937	0.9307	false	high	operational_monomer_cluster;observed_consensus_representative;uncalibrated_confidence;cluster_identity=0.95
TXF001359	TXM001359	36	77cb195fb5ae07e270c7bd7bb0c95b22	0.5000	6	937	0.8144	false	medium	operational_monomer_cluster;observed_consensus_representative;uncalibrated_confidence;cluster_identity=0.95
TXF001360	TXM001360	77	57a043bf2bc0c5d5b3b8c2206c6ac62a	0.1948	6	933	0.9810	false	high	operational_monomer_cluster;observed_consensus_representative;uncalibrated_confidence;cluster_identity=0.95
TXF001361	TXM001361	45	d4588ac22984064bdb634f415671e4f1	0.4222	6	925	0.8739	false	medium	operational_monomer_cluster;observed_consensus_representative;uncalibrated_confidence;cluster_identity=0.95
TXF001362	TXM001362	74	6e04863c8c30a28cc9a402dee4fac3b1	0.5135	6	902	0.8611	false	medium	operational_monomer_cluster;observed_consensus_representative;uncalibrated_confidence;cluster_identity=0.95
TXF001363	TXM001363	73	958fbd4bb7f5090c2d16faba7c87cbfa	0.3288	6	897	0.8280	false	medium	operational_monomer_cluster;observed_consensus_representative;uncalibrated_confidence;cluster_identity=0.95
TXF001364	TXM001364	36	ef0662539fc4905a29ac2488b689c2ef	0.5833	6	894	0.8808	false	medium	operational_monomer_cluster;observed_consensus_representative;uncalibrated_confidence;cluster_identity=0.95
TXF001365	TXM001365	45	84b8d848dbd99e31832710636045b75f	0.5333	6	894	0.8656	false	medium	operational_monomer_cluster;observed_consensus_representative;uncalibrated_confidence;cluster_identity=0.95
TXF001366	TXM001366	63	70d37833276e4b7b72a4f8e27d3dcec9	0.3810	6	893	0.8653	false	medium	operational_monomer_cluster;observed_consensus_representative;uncalibrated_confidence;cluster_identity=0.95
TXF001367	TXM001367	36	8e7626b1011b75285055ed9fa67af11d	0.5556	6	890	0.8472	false	medium	operational_monomer_cluster;observed_consensus_representative;uncalibrated_confidence;cluster_identity=0.95
TXF001368	TXM001368	65	95c65af1aae4ec485793ba39fa4c0f77	0.3231	6	884	0.8037	false	medium	operational_monomer_cluster;observed_consensus_representative;uncalibrated_confidence;cluster_identity=0.95
TXF001369	TXM001369	70	159a9205493291cc71cb2a196ea15d6f	0.3000	6	882	0.8590	false	medium	operational_monomer_cluster;observed_consensus_representative;uncalibrated_confidence;cluster_identity=0.95
TXF001370	TXM001370	61	2032b03815e65a79e671eba686667e0a	0.2459	6	879	0.9789	false	high	operational_monomer_cluster;observed_consensus_representative;uncalibrated_confidence;cluster_identity=0.95
TXF001371	TXM001371	73	2b5f3456e6749dfc6cbec21be5076377	0.4110	6	876	0.9726	false	high	operational_monomer_cluster;observed_consensus_representative;uncalibrated_confidence;cluster_identity=0.95
TXF001372	TXM001372	48	db8f1f8be7f69c97d3d1e8d30bb0fe6f	0.5208	6	876	0.9372	false	high	operational_monomer_cluster;observed_consensus_representative;uncalibrated_confidence;cluster_identity=0.95
TXF001373	TXM001373	70	caa58a9e4999808e1ac8e5ed5c5be575	0.2857	6	858	0.8153	false	medium	operational_monomer_cluster;observed_consensus_representative;uncalibrated_confidence;cluster_identity=0.95
TXF001374	TXM001374	42	7e663134bb0ecd4d2b8dc532044add4e	0.5952	6	852	0.8807	false	medium	operational_monomer_cluster;observed_consensus_representative;uncalibrated_confidence;cluster_identity=0.95
TXF001375	TXM001375	68	9b555cd9a8772d5ac2662dd64192932f	0.3529	6	852	0.9459	false	high	operational_monomer_cluster;observed_consensus_representative;uncalibrated_confidence;cluster_identity=0.95
TXF001376	TXM001376	53	58bd9829c510b9be066a836b0ca03f5a	0.3962	6	843	0.7998	false	medium	operational_monomer_cluster;observed_consensus_representative;uncalibrated_confidence;cluster_identity=0.95
TXF001377	TXM001377	68	bb257687e8cfbb94d2f9241ae1de9650	0.2941	6	841	0.9804	false	high	operational_monomer_cluster;observed_consensus_representative;uncalibrated_confidence;cluster_identity=0.95
TXF001378	TXM001378	69	44d598acba8a9563b8e3787061dd10cc	0.4058	6	840	0.8732	false	medium	operational_monomer_cluster;observed_consensus_representative;uncalibrated_confidence;cluster_identity=0.95
TXF001379	TXM001379	67	a3845fc5a9ee774b8717c05d5a86ee2a	0.2239	6	840	0.8779	false	medium	operational_monomer_cluster;observed_consensus_representative;uncalibrated_confidence;cluster_identity=0.95
TXF001380	TXM001380	46	979958781eb3faa2b46bcd4ffe907abf	0.4130	6	838	0.9770	false	high	operational_monomer_cluster;observed_consensus_representative;uncalibrated_confidence;cluster_identity=0.95
TXF001381	TXM001381	32	1b89b8cae667d72df9a903aa33cb6390	0.2188	6	837	0.8343	false	medium	operational_monomer_cluster;observed_consensus_representative;uncalibrated_confidence;cluster_identity=0.95;possible_higher_order_or_partial:TXF000037-TXF001381;possible_higher_order_or_partial:TXF000040-TXF001381;possible_higher_order_or_partial:TXF000193-TXF001381;possible_higher_order_or_partial:TXF000849-TXF001381;possible_higher_order_or_partial:TXF001132-TXF001381;possible_higher_order_or_partial:TXF001145-TXF001381;possible_higher_order_or_partial:TXF001381-TXF001617;possible_higher_order_or_partial:TXF001381-TXF001627
TXF001382	TXM001382	68	67001752b47986fc349b3330abbdb370	0.4559	6	830	0.9764	false	high	operational_monomer_cluster;observed_consensus_representative;uncalibrated_confidence;cluster_identity=0.95
TXF001383	TXM001383	68	50d4cf7e681e29a797630142f9bc42ae	0.3088	6	828	0.8476	false	medium	operational_monomer_cluster;observed_consensus_representative;uncalibrated_confidence;cluster_identity=0.95
TXF001384	TXM001384	45	0474f8b86bf0901c61da930c0cd09c1b	0.6000	6	825	0.9424	false	high	operational_monomer_cluster;observed_consensus_representative;uncalibrated_confidence;cluster_identity=0.95
TXF001385	TXM001385	65	0e8c6d7b495cd4d8e9cc8787191a931a	0.2308	6	817	0.8314	false	medium	operational_monomer_cluster;observed_consensus_representative;uncalibrated_confidence;cluster_identity=0.95
TXF001386	TXM001386	52	36c0ea07ffa8ce579b458b85bf0fa40e	0.2500	6	816	0.8099	false	medium	operational_monomer_cluster;observed_consensus_representative;uncalibrated_confidence;cluster_identity=0.95
TXF001387	TXM001387	42	cc587a61beb85ff4962ebf72dc344337	0.5238	6	816	0.9362	false	high	operational_monomer_cluster;observed_consensus_representative;uncalibrated_confidence;cluster_identity=0.95
TXF001388	TXM001388	47	c5bacdf5fc798f62f9fc69312334cbe2	0.3404	6	811	0.9528	false	high	operational_monomer_cluster;observed_consensus_representative;uncalibrated_confidence;cluster_identity=0.95;possible_higher_order_or_partial:TXF000788-TXF001388
TXF001389	TXM001389	54	10528911ba3494b298057bf64e59adbf	0.2407	6	806	0.8381	false	medium	operational_monomer_cluster;observed_consensus_representative;uncalibrated_confidence;cluster_identity=0.95
TXF001390	TXM001390	64	c665b44ca24e0a9d4c23e384257ae08f	0.1875	6	805	0.8315	false	medium	operational_monomer_cluster;observed_consensus_representative;uncalibrated_confidence;cluster_identity=0.95
TXF001391	TXM001391	55	eb1624a9ea06a18e9b557eca953c7990	0.2727	6	798	0.8697	false	medium	operational_monomer_cluster;observed_consensus_representative;uncalibrated_confidence;cluster_identity=0.95
TXF001392	TXM001392	54	5e206a3f5617afbd66a0daabc539696d	0.4815	6	798	0.9747	false	high	operational_monomer_cluster;observed_consensus_representative;uncalibrated_confidence;cluster_identity=0.95
TXF001393	TXM001393	63	a63b28474bab643dc629ae59cae66601	0.3016	6	793	0.9109	false	high	operational_monomer_cluster;observed_consensus_representative;uncalibrated_confidence;cluster_identity=0.95
TXF001394	TXM001394	52	6636c569499dc7cb90d0c164fc42fd00	0.2692	6	785	0.8080	false	medium	operational_monomer_cluster;observed_consensus_representative;uncalibrated_confidence;cluster_identity=0.95
TXF001395	TXM001395	41	5bf0d960750f94d0b310e779aef89a6d	0.2927	6	784	0.8435	false	medium	operational_monomer_cluster;observed_consensus_representative;uncalibrated_confidence;cluster_identity=0.95;possible_higher_order_or_partial:TXF000462-TXF001395;possible_higher_order_or_partial:TXF001164-TXF001395
TXF001396	TXM001396	63	802dd75b9bba9e6bca04308f356cbcdb	0.2222	6	780	0.8438	false	medium	operational_monomer_cluster;observed_consensus_representative;uncalibrated_confidence;cluster_identity=0.95
TXF001397	TXM001397	59	c8ed866bc7bb4a711c0a1971742dad3a	0.1356	6	775	0.8829	false	medium	operational_monomer_cluster;observed_consensus_representative;uncalibrated_confidence;cluster_identity=0.95
TXF001398	TXM001398	36	623c3da1fad73bb7d0288800fccebeeb	0.3889	6	773	0.8483	false	medium	operational_monomer_cluster;observed_consensus_representative;uncalibrated_confidence;cluster_identity=0.95
TXF001399	TXM001399	42	3da60181dd1a56f71d41ff99e47977fb	0.4286	6	773	0.9061	false	high	operational_monomer_cluster;observed_consensus_representative;uncalibrated_confidence;cluster_identity=0.95
TXF001400	TXM001400	46	2830c3576a49318d7c205922b3414c30	0.2826	6	768	0.8415	false	medium	operational_monomer_cluster;observed_consensus_representative;uncalibrated_confidence;cluster_identity=0.95
TXF001401	TXM001401	41	819b49670c58bb3d518de48bd1258f5b	0.3659	6	764	0.9249	false	high	operational_monomer_cluster;observed_consensus_representative;uncalibrated_confidence;cluster_identity=0.95
TXF001402	TXM001402	62	d1a7991f506558f2cfba95aaa7990e4b	0.3226	6	756	0.9169	false	high	operational_monomer_cluster;observed_consensus_representative;uncalibrated_confidence;cluster_identity=0.95
TXF001403	TXM001403	61	3677125ed586c6c7f4cb45f3c1e8cd37	0.3443	6	756	0.9231	false	high	operational_monomer_cluster;observed_consensus_representative;uncalibrated_confidence;cluster_identity=0.95
TXF001404	TXM001404	60	4e0eae43514cda45d4b4b254351a05b6	0.3500	6	755	0.9520	false	high	operational_monomer_cluster;observed_consensus_representative;uncalibrated_confidence;cluster_identity=0.95
TXF001405	TXM001405	61	bd08f8fc41d6ac0d9b09d4f8f3243aab	0.1803	6	751	0.8681	false	medium	operational_monomer_cluster;observed_consensus_representative;uncalibrated_confidence;cluster_identity=0.95
TXF001406	TXM001406	40	1916c183c3029889a2e3b54cbf7b4198	0.3250	6	747	0.8016	false	medium	operational_monomer_cluster;observed_consensus_representative;uncalibrated_confidence;cluster_identity=0.95
TXF001407	TXM001407	61	8103939b4e60c4a046c11b2e8712cc2c	0.4426	6	744	1.0000	false	high	operational_monomer_cluster;observed_consensus_representative;uncalibrated_confidence;cluster_identity=0.95
TXF001408	TXM001408	48	f8be22c8f14f9ca4f34d30da0356724d	0.3750	6	742	0.8908	false	medium	operational_monomer_cluster;observed_consensus_representative;uncalibrated_confidence;cluster_identity=0.95
TXF001409	TXM001409	61	82ad9a3e066fde23c3e89047b96b1e31	0.2787	6	739	0.9330	false	high	operational_monomer_cluster;observed_consensus_representative;uncalibrated_confidence;cluster_identity=0.95
TXF001410	TXM001410	57	3ae63ecd90560689a4c28acea8b35682	0.6667	6	738	0.9296	false	high	operational_monomer_cluster;observed_consensus_representative;uncalibrated_confidence;cluster_identity=0.95
TXF001411	TXM001411	60	e08485c5c41e104c3ce442129366eac8	0.5000	6	732	0.9786	false	high	operational_monomer_cluster;observed_consensus_representative;uncalibrated_confidence;cluster_identity=0.95
TXF001412	TXM001412	41	04f1046ff6a983c6bde7934cce43b7a2	0.3902	6	732	0.8256	false	medium	operational_monomer_cluster;observed_consensus_representative;uncalibrated_confidence;cluster_identity=0.95
TXF001413	TXM001413	59	cd947ea7da14926d135bdceb76a0f38b	0.4237	6	731	0.8592	false	medium	operational_monomer_cluster;observed_consensus_representative;uncalibrated_confidence;cluster_identity=0.95
TXF001414	TXM001414	60	6dfa472492776c4150d4600d03587f39	0.4000	6	731	0.9973	false	high	operational_monomer_cluster;observed_consensus_representative;uncalibrated_confidence;cluster_identity=0.95
TXF001415	TXM001415	60	b56087ef4b88184b997eeb0b133232c2	0.2500	6	727	0.9156	false	high	operational_monomer_cluster;observed_consensus_representative;uncalibrated_confidence;cluster_identity=0.95
TXF001416	TXM001416	57	5b8e912086bd468e321f14800f6c4eb8	0.4211	6	720	0.8421	false	medium	operational_monomer_cluster;observed_consensus_representative;uncalibrated_confidence;cluster_identity=0.95
TXF001417	TXM001417	60	2d99d2268922ce2429ad514c91f52753	0.4333	6	719	0.8333	false	medium	operational_monomer_cluster;observed_consensus_representative;uncalibrated_confidence;cluster_identity=0.95
TXF001418	TXM001418	33	6533f6886c9a5046bfc4b6933fa8c099	0.6061	6	714	0.8974	false	medium	operational_monomer_cluster;observed_consensus_representative;uncalibrated_confidence;cluster_identity=0.95
TXF001419	TXM001419	52	f359e54e89959f89453bbd7c03187f19	0.1538	6	712	0.9592	false	high	operational_monomer_cluster;observed_consensus_representative;uncalibrated_confidence;cluster_identity=0.95;possible_higher_order_or_partial:TXF001190-TXF001419
TXF001420	TXM001420	57	086894ddec6d9b5648597bde46d9bf88	0.2982	6	709	0.8000	false	medium	operational_monomer_cluster;observed_consensus_representative;uncalibrated_confidence;cluster_identity=0.95
TXF001421	TXM001421	49	ba8bb2fe97d2db8c60ba1be51887b8bf	0.3673	6	709	0.9235	false	high	operational_monomer_cluster;observed_consensus_representative;uncalibrated_confidence;cluster_identity=0.95
TXF001422	TXM001422	46	3162f5405b68cefedb09187ee7988c97	0.5000	6	706	0.9223	true	medium	operational_monomer_cluster;observed_consensus_representative;uncalibrated_confidence;cluster_identity=0.95;low_complexity_family;possible_higher_order_or_partial:TXF000083-TXF001422;possible_higher_order_or_partial:TXF000116-TXF001422;likely_redundant:TXF000127-TXF001422;likely_redundant:TXF000299-TXF001422
TXF001423	TXM001423	38	2c96a5122baf20c0722bb03c22d55562	0.5526	6	704	0.9518	false	high	operational_monomer_cluster;observed_consensus_representative;uncalibrated_confidence;cluster_identity=0.95
TXF001424	TXM001424	57	5d55ef408c449d9ada76b05bb9ee3ec9	0.4035	6	702	0.8333	false	medium	operational_monomer_cluster;observed_consensus_representative;uncalibrated_confidence;cluster_identity=0.95
TXF001425	TXM001425	42	7333c5df2434e8007e78cd869370b7c0	0.5952	6	691	0.8090	false	medium	operational_monomer_cluster;observed_consensus_representative;uncalibrated_confidence;cluster_identity=0.95
TXF001426	TXM001426	40	36e020f90fd0528af10bb6d9835ac064	0.4500	6	689	0.9279	false	high	operational_monomer_cluster;observed_consensus_representative;uncalibrated_confidence;cluster_identity=0.95
TXF001427	TXM001427	37	c1c60e2bf1415bcc502c7bbf94952c9c	0.4054	6	687	0.9551	false	high	operational_monomer_cluster;observed_consensus_representative;uncalibrated_confidence;cluster_identity=0.95
TXF001428	TXM001428	54	01c09e5fa00d712a6deb5261f06ecbb0	0.1667	6	685	0.8361	false	medium	operational_monomer_cluster;observed_consensus_representative;uncalibrated_confidence;cluster_identity=0.95
TXF001429	TXM001429	30	edeeb964bc698f32d49711751cc207f9	0.5000	6	684	0.8333	false	medium	operational_monomer_cluster;observed_consensus_representative;uncalibrated_confidence;cluster_identity=0.95
TXF001430	TXM001430	33	40b35d2f4800924c9e84008d13df9d9f	0.1818	6	683	0.8374	false	medium	operational_monomer_cluster;observed_consensus_representative;uncalibrated_confidence;cluster_identity=0.95
TXF001431	TXM001431	41	067ed7b4df58d10eea7785eb94ccda19	0.4146	6	680	0.8458	false	medium	operational_monomer_cluster;observed_consensus_representative;uncalibrated_confidence;cluster_identity=0.95
TXF001432	TXM001432	32	4028f0f0bef059710afaeaa364bfd5d3	0.3438	6	678	0.8000	false	medium	operational_monomer_cluster;observed_consensus_representative;uncalibrated_confidence;cluster_identity=0.95
TXF001433	TXM001433	51	11df330bce43f7e86a4560af4c90504b	0.4510	6	678	0.8522	false	medium	operational_monomer_cluster;observed_consensus_representative;uncalibrated_confidence;cluster_identity=0.95
TXF001434	TXM001434	52	caf276281d8f3468a0581fa71ed7dbde	0.3077	6	672	0.9667	false	high	operational_monomer_cluster;observed_consensus_representative;uncalibrated_confidence;cluster_identity=0.95
TXF001435	TXM001435	47	02908530d40ce6ff955525eae9649de5	0.6383	6	672	0.9077	false	high	operational_monomer_cluster;observed_consensus_representative;uncalibrated_confidence;cluster_identity=0.95
TXF001436	TXM001436	53	0d9702530d18fb8535eacffe81be90b5	0.2453	6	667	0.8448	false	medium	operational_monomer_cluster;observed_consensus_representative;uncalibrated_confidence;cluster_identity=0.95
TXF001437	TXM001437	51	f0737cec58a3cb47726bbb285b150cd0	0.3333	6	666	1.0000	false	high	operational_monomer_cluster;observed_consensus_representative;uncalibrated_confidence;cluster_identity=0.95
TXF001438	TXM001438	53	ad0e3f716aac892153a3936f0c6f5859	0.3962	6	662	0.9943	false	high	operational_monomer_cluster;observed_consensus_representative;uncalibrated_confidence;cluster_identity=0.95
TXF001439	TXM001439	42	265fd669cce7f1b2a910b7584b9871e7	0.2857	6	660	0.9118	false	high	operational_monomer_cluster;observed_consensus_representative;uncalibrated_confidence;cluster_identity=0.95
TXF001440	TXM001440	51	748041c580646c7b58e1168f9a49e38d	0.3137	6	660	0.9944	false	high	operational_monomer_cluster;observed_consensus_representative;uncalibrated_confidence;cluster_identity=0.95
TXF001441	TXM001441	36	045e9b872a3e4977cdb34bb049e95d58	0.5278	6	660	0.8086	false	medium	operational_monomer_cluster;observed_consensus_representative;uncalibrated_confidence;cluster_identity=0.95;possible_higher_order_or_partial:TXF000098-TXF001441;possible_higher_order_or_partial:TXF000129-TXF001441
TXF001442	TXM001442	36	e095166c50975c124dd56c0107971c88	0.5278	6	656	0.8360	false	medium	operational_monomer_cluster;observed_consensus_representative;uncalibrated_confidence;cluster_identity=0.95
TXF001443	TXM001443	39	46c0405fa151313fe72770f702734697	0.3333	6	655	0.8532	false	medium	operational_monomer_cluster;observed_consensus_representative;uncalibrated_confidence;cluster_identity=0.95
TXF001444	TXM001444	45	12fe5938285b81e7684eba35b31e01c2	0.4222	6	655	0.8109	false	medium	operational_monomer_cluster;observed_consensus_representative;uncalibrated_confidence;cluster_identity=0.95
TXF001445	TXM001445	38	c6ca23e8e609af5ef4d8175297495488	0.4211	6	654	0.8056	false	medium	operational_monomer_cluster;observed_consensus_representative;uncalibrated_confidence;cluster_identity=0.95
TXF001446	TXM001446	53	3fd4dc1f92f4b5734de09f1af63f4643	0.3396	6	653	0.8179	false	medium	operational_monomer_cluster;observed_consensus_representative;uncalibrated_confidence;cluster_identity=0.95
TXF001447	TXM001447	44	441b6079c46bf7a7b83edc289388b02f	0.3182	6	652	0.9284	false	high	operational_monomer_cluster;observed_consensus_representative;uncalibrated_confidence;cluster_identity=0.95
TXF001448	TXM001448	51	00dffd3777b36c734f2cd709846a2dd5	0.4510	6	650	0.8182	false	medium	operational_monomer_cluster;observed_consensus_representative;uncalibrated_confidence;cluster_identity=0.95
TXF001449	TXM001449	47	3d36c1379d3bdae06c529dce5a9399af	0.1277	6	649	0.9008	false	high	operational_monomer_cluster;observed_consensus_representative;uncalibrated_confidence;cluster_identity=0.95
TXF001450	TXM001450	41	88971eecddc13769d0a5cbd198726216	0.2683	6	648	0.8533	false	medium	operational_monomer_cluster;observed_consensus_representative;uncalibrated_confidence;cluster_identity=0.95
TXF001451	TXM001451	52	f79f9f877fe420276aa1c9de42638423	0.2692	6	648	0.8421	false	medium	operational_monomer_cluster;observed_consensus_representative;uncalibrated_confidence;cluster_identity=0.95
TXF001452	TXM001452	48	de9c035b63a5400cce990af3d141a6b0	0.2708	6	648	0.9667	false	high	operational_monomer_cluster;observed_consensus_representative;uncalibrated_confidence;cluster_identity=0.95
TXF001453	TXM001453	51	6a8af3df6509bfb70a4425108ea5cff2	0.1961	6	643	0.8148	false	medium	operational_monomer_cluster;observed_consensus_representative;uncalibrated_confidence;cluster_identity=0.95
TXF001454	TXM001454	49	0cfa620da3faf8a9a341b82b80127393	0.2449	6	642	0.8305	false	medium	operational_monomer_cluster;observed_consensus_representative;uncalibrated_confidence;cluster_identity=0.95
TXF001455	TXM001455	31	d60c56217c4aeccb759cc4424d70f25f	0.4194	6	642	0.8333	false	medium	operational_monomer_cluster;observed_consensus_representative;uncalibrated_confidence;cluster_identity=0.95
TXF001456	TXM001456	52	03afd6ad0aec1e4d891cf1387e240636	0.2500	6	638	0.9020	false	high	operational_monomer_cluster;observed_consensus_representative;uncalibrated_confidence;cluster_identity=0.95
TXF001457	TXM001457	52	0afea68cf51138cc9b2fdbfa598217d5	0.4038	6	637	0.9016	false	high	operational_monomer_cluster;observed_consensus_representative;uncalibrated_confidence;cluster_identity=0.95
TXF001458	TXM001458	41	bcc957808e62de2b7b87526d8dfdba13	0.2927	6	636	0.9846	false	high	operational_monomer_cluster;observed_consensus_representative;uncalibrated_confidence;cluster_identity=0.95
TXF001459	TXM001459	39	56157614f933b168b24ea08653415944	0.4872	6	636	0.8286	false	medium	operational_monomer_cluster;observed_consensus_representative;uncalibrated_confidence;cluster_identity=0.95
TXF001460	TXM001460	30	b5ef90f5d258c2c2e63fffe5a71f1a9c	0.6333	6	635	0.8773	false	medium	operational_monomer_cluster;observed_consensus_representative;uncalibrated_confidence;cluster_identity=0.95
TXF001461	TXM001461	43	6617ee4fa4980675a287f9939cefb70c	0.2791	6	633	0.8643	false	medium	operational_monomer_cluster;observed_consensus_representative;uncalibrated_confidence;cluster_identity=0.95
TXF001462	TXM001462	48	d6d12bb10c0978d29ce0c44c1e8ef3b5	0.3333	6	631	0.7937	false	medium	operational_monomer_cluster;observed_consensus_representative;uncalibrated_confidence;cluster_identity=0.95
TXF001463	TXM001463	43	15cf7172a7224d98aa42a8ccdda19776	0.1860	6	629	0.8194	false	medium	operational_monomer_cluster;observed_consensus_representative;uncalibrated_confidence;cluster_identity=0.95;possible_higher_order_or_partial:TXF000192-TXF001463
TXF001464	TXM001464	42	836489cbf3ad8a938860e59c0c463eea	0.2619	6	626	0.8035	false	medium	operational_monomer_cluster;observed_consensus_representative;uncalibrated_confidence;cluster_identity=0.95
TXF001465	TXM001465	50	bf3e27fe867568c7c0cdbc20c600a739	0.4400	6	625	0.8113	false	medium	operational_monomer_cluster;observed_consensus_representative;uncalibrated_confidence;cluster_identity=0.95;possible_higher_order_or_partial:TXF000165-TXF001465
TXF001466	TXM001466	45	53e6d64fe28d985d9fc9a2d2c85a6366	0.4222	6	624	0.7977	false	medium	operational_monomer_cluster;observed_consensus_representative;uncalibrated_confidence;cluster_identity=0.95
TXF001467	TXM001467	38	ed988da4838e0f808a143272a796eb60	0.4737	6	621	0.8297	false	medium	operational_monomer_cluster;observed_consensus_representative;uncalibrated_confidence;cluster_identity=0.95
TXF001468	TXM001468	36	c7cba667bdcb8f0372cb41ccdead8a6e	0.2500	6	620	0.8199	false	medium	operational_monomer_cluster;observed_consensus_representative;uncalibrated_confidence;cluster_identity=0.95
TXF001469	TXM001469	48	e84630c90c567de5ca719a7979aea806	0.4167	6	619	0.8888	false	medium	operational_monomer_cluster;observed_consensus_representative;uncalibrated_confidence;cluster_identity=0.95
TXF001470	TXM001470	49	dd04a7379725d9a051ef957112511dfb	0.2041	6	618	0.9091	false	high	operational_monomer_cluster;observed_consensus_representative;uncalibrated_confidence;cluster_identity=0.95
TXF001471	TXM001471	42	e0b5cfe9029c0d92f8e2a3337253d2a7	0.3571	6	617	0.7990	false	medium	operational_monomer_cluster;observed_consensus_representative;uncalibrated_confidence;cluster_identity=0.95
TXF001472	TXM001472	39	3c7c5dc805e7ccac5a40e94340dcc869	0.6410	6	616	0.8917	false	medium	operational_monomer_cluster;observed_consensus_representative;uncalibrated_confidence;cluster_identity=0.95
TXF001473	TXM001473	50	cb8dedc592ea801fc20cb8c4df123935	0.2800	6	613	0.9969	false	high	operational_monomer_cluster;observed_consensus_representative;uncalibrated_confidence;cluster_identity=0.95
TXF001474	TXM001474	44	f8ae8a219d3f11266d3342140b6d9c08	0.2500	6	612	0.9310	false	high	operational_monomer_cluster;observed_consensus_representative;uncalibrated_confidence;cluster_identity=0.95
TXF001475	TXM001475	44	ec81cd45ac83cc30d3f62e5f08fd288e	0.2955	6	612	0.8315	false	medium	operational_monomer_cluster;observed_consensus_representative;uncalibrated_confidence;cluster_identity=0.95
TXF001476	TXM001476	39	4b77b462e00f5546e2b13de2daa33525	0.3846	6	612	0.8095	false	medium	operational_monomer_cluster;observed_consensus_representative;uncalibrated_confidence;cluster_identity=0.95
TXF001477	TXM001477	42	ba71067d3524d49785badde695bb1591	0.1667	6	612	0.9341	false	high	operational_monomer_cluster;observed_consensus_representative;uncalibrated_confidence;cluster_identity=0.95
TXF001478	TXM001478	35	6f364401e2574de8b0c876aa365129d1	0.2571	6	612	0.8222	false	medium	operational_monomer_cluster;observed_consensus_representative;uncalibrated_confidence;cluster_identity=0.95
TXF001479	TXM001479	43	5b3c5b38bb19c418c0a78f849d0b02e7	0.2791	6	612	0.8814	false	medium	operational_monomer_cluster;observed_consensus_representative;uncalibrated_confidence;cluster_identity=0.95
TXF001480	TXM001480	47	27dd9db6ef5264b5601c2fff99b1abbd	0.2340	6	612	0.8545	false	medium	operational_monomer_cluster;observed_consensus_representative;uncalibrated_confidence;cluster_identity=0.95
TXF001481	TXM001481	44	da01d1540406e071aa35dc72fee3f2d4	0.3636	6	612	0.9061	false	high	operational_monomer_cluster;observed_consensus_representative;uncalibrated_confidence;cluster_identity=0.95
TXF001482	TXM001482	42	2a16e26cfd458e81165e0da2ecd9152e	0.1190	6	611	0.8643	false	medium	operational_monomer_cluster;observed_consensus_representative;uncalibrated_confidence;cluster_identity=0.95
TXF001483	TXM001483	39	a473f791d1aadacb6b0536bc00741a91	0.2564	6	610	0.8221	false	medium	operational_monomer_cluster;observed_consensus_representative;uncalibrated_confidence;cluster_identity=0.95
TXF001484	TXM001484	50	4c57ed98840d4b2d162135a02ab3e974	0.2800	6	610	0.9389	false	high	operational_monomer_cluster;observed_consensus_representative;uncalibrated_confidence;cluster_identity=0.95
TXF001485	TXM001485	45	a5f9ea1b623b25f80f0652806a6e8f73	0.5556	6	609	0.8646	false	medium	operational_monomer_cluster;observed_consensus_representative;uncalibrated_confidence;cluster_identity=0.95
TXF001486	TXM001486	41	35e04bedded74b1c49d42be985a32600	0.4146	6	609	0.8657	false	medium	operational_monomer_cluster;observed_consensus_representative;uncalibrated_confidence;cluster_identity=0.95
TXF001487	TXM001487	42	729947782fed797b9ab610da8904350d	0.3333	6	609	0.8127	false	medium	operational_monomer_cluster;observed_consensus_representative;uncalibrated_confidence;cluster_identity=0.95
TXF001488	TXM001488	39	6844c277d2fab20587f65d5fbc268ad0	0.4872	6	609	0.8261	false	medium	operational_monomer_cluster;observed_consensus_representative;uncalibrated_confidence;cluster_identity=0.95
TXF001489	TXM001489	34	dd77fe2f4216adb63444b10984426686	0.4412	6	609	0.7926	false	medium	operational_monomer_cluster;observed_consensus_representative;uncalibrated_confidence;cluster_identity=0.95
TXF001490	TXM001490	45	ca7502a63278fc25d15320b32c4cc968	0.4000	6	608	0.8596	false	medium	operational_monomer_cluster;observed_consensus_representative;uncalibrated_confidence;cluster_identity=0.95
TXF001491	TXM001491	36	553a84da2b7eb337e55b6339b3609488	0.3889	6	607	0.8053	false	medium	operational_monomer_cluster;observed_consensus_representative;uncalibrated_confidence;cluster_identity=0.95
TXF001492	TXM001492	41	0d70ca5265634ce65e101256f87f343f	0.3171	6	607	0.8010	false	medium	operational_monomer_cluster;observed_consensus_representative;uncalibrated_confidence;cluster_identity=0.95
TXF001493	TXM001493	40	ef4ee26cf6319521cc197ecd1635badf	0.5000	6	606	0.9236	false	high	operational_monomer_cluster;observed_consensus_representative;uncalibrated_confidence;cluster_identity=0.95
TXF001494	TXM001494	48	45a8705e23460b92c29a06d6ead5462c	0.3542	6	606	0.8868	false	medium	operational_monomer_cluster;observed_consensus_representative;uncalibrated_confidence;cluster_identity=0.95
TXF001495	TXM001495	36	184123898d6b2a559152a6b7ffdb3541	0.4444	6	606	0.8529	false	medium	operational_monomer_cluster;observed_consensus_representative;uncalibrated_confidence;cluster_identity=0.95
TXF001496	TXM001496	42	fdc1ff57e045efcd87bf5e585517087f	0.5238	6	606	0.8475	false	medium	operational_monomer_cluster;observed_consensus_representative;uncalibrated_confidence;cluster_identity=0.95
TXF001497	TXM001497	45	ece205bec18ee593df0469b2c3988736	0.4444	6	606	0.8393	false	medium	operational_monomer_cluster;observed_consensus_representative;uncalibrated_confidence;cluster_identity=0.95
TXF001498	TXM001498	35	050f1ba5ae45874c219dcc67241ce47a	0.1714	6	605	0.8237	false	medium	operational_monomer_cluster;observed_consensus_representative;uncalibrated_confidence;cluster_identity=0.95
TXF001499	TXM001499	44	1d402bd4de96104bf012beaa20741f63	0.3864	6	605	0.8880	false	medium	operational_monomer_cluster;observed_consensus_representative;uncalibrated_confidence;cluster_identity=0.95
TXF001500	TXM001500	41	a59b2011c5727d8fc6c1ed4f40466649	0.2683	6	604	0.8181	false	medium	operational_monomer_cluster;observed_consensus_representative;uncalibrated_confidence;cluster_identity=0.95
TXF001501	TXM001501	45	65ef59174f1986c7e6d0eac4dd194d07	0.5556	6	604	0.8769	false	medium	operational_monomer_cluster;observed_consensus_representative;uncalibrated_confidence;cluster_identity=0.95
TXF001502	TXM001502	34	39c7d1d4875ddc8f7e5e3620d27aafdb	0.2647	6	603	0.8630	false	medium	operational_monomer_cluster;observed_consensus_representative;uncalibrated_confidence;cluster_identity=0.95
TXF001503	TXM001503	43	b3efa48aead60a26af70be10996404d6	0.1860	6	603	0.8691	false	medium	operational_monomer_cluster;observed_consensus_representative;uncalibrated_confidence;cluster_identity=0.95
TXF001504	TXM001504	33	1f15de0caf246d63cb400f68b581f9e9	0.4545	6	602	0.8149	false	medium	operational_monomer_cluster;observed_consensus_representative;uncalibrated_confidence;cluster_identity=0.95
TXF001505	TXM001505	32	0b82cad473c7d96433f9d08387200361	0.3125	6	602	0.9445	false	high	operational_monomer_cluster;observed_consensus_representative;uncalibrated_confidence;cluster_identity=0.95
TXF001506	TXM001506	34	589867c357a16a959dfc062758c5bdb4	0.2353	6	601	0.8020	false	medium	operational_monomer_cluster;observed_consensus_representative;uncalibrated_confidence;cluster_identity=0.95
TXF001507	TXM001507	36	a082537bb10fcef7f45372962794a4dc	0.2500	6	600	0.8125	false	medium	operational_monomer_cluster;observed_consensus_representative;uncalibrated_confidence;cluster_identity=0.95
TXF001508	TXM001508	48	893835294900a06d84f61ddb9a52810a	0.3542	6	600	0.9205	false	high	operational_monomer_cluster;observed_consensus_representative;uncalibrated_confidence;cluster_identity=0.95
TXF001509	TXM001509	45	31723a08ff079e20f06b1dc1f8417144	0.2222	6	600	0.8496	false	medium	operational_monomer_cluster;observed_consensus_representative;uncalibrated_confidence;cluster_identity=0.95
TXF001510	TXM001510	46	45e2ac12929f474e0c7ccf76f5498a3b	0.3261	6	600	0.8148	false	medium	operational_monomer_cluster;observed_consensus_representative;uncalibrated_confidence;cluster_identity=0.95
TXF001511	TXM001511	42	dbfd65173fe3e6e6063330232a66d9ba	0.3571	6	600	0.8210	false	medium	operational_monomer_cluster;observed_consensus_representative;uncalibrated_confidence;cluster_identity=0.95
TXF001512	TXM001512	36	1138de522ecdb46a5ab1adcdab8e147a	0.4167	6	600	0.8000	false	medium	operational_monomer_cluster;observed_consensus_representative;uncalibrated_confidence;cluster_identity=0.95
TXF001513	TXM001513	41	916cb905f406a4da080c9a56f44ec5e0	0.2683	6	600	0.8305	false	medium	operational_monomer_cluster;observed_consensus_representative;uncalibrated_confidence;cluster_identity=0.95
TXF001514	TXM001514	36	4071fd2e82500b92f52fa4bddb1aecf5	0.3889	6	600	0.7812	false	medium	operational_monomer_cluster;observed_consensus_representative;uncalibrated_confidence;cluster_identity=0.95
TXF001515	TXM001515	42	5e92b1e69717ab9d83d50685a0249554	0.4762	6	600	0.7931	false	medium	operational_monomer_cluster;observed_consensus_representative;uncalibrated_confidence;cluster_identity=0.95
TXF001516	TXM001516	33	ba43bf2d8d1684b5082e6cc7b9167687	0.5758	6	600	0.8189	false	medium	operational_monomer_cluster;observed_consensus_representative;uncalibrated_confidence;cluster_identity=0.95
TXF001517	TXM001517	711	5e6f8ce1743e242bd9fcd70156dc2536	0.3601	5	79143	0.9571	false	high	operational_monomer_cluster;observed_consensus_representative;uncalibrated_confidence;cluster_identity=0.95;possible_higher_order_or_partial:TXF000004-TXF001517;possible_higher_order_or_partial:TXF000005-TXF001517;possible_higher_order_or_partial:TXF000018-TXF001517;possible_higher_order_or_partial:TXF000019-TXF001517;possible_higher_order_or_partial:TXF000025-TXF001517;possible_higher_order_or_partial:TXF000038-TXF001517;possible_higher_order_or_partial:TXF000061-TXF001517;possible_higher_order_or_partial:TXF000075-TXF001517;possible_higher_order_or_partial:TXF000076-TXF001517;possible_higher_order_or_partial:TXF000080-TXF001517;possible_higher_order_or_partial:TXF000081-TXF001517;possible_higher_order_or_partial:TXF000218-TXF001517;possible_higher_order_or_partial:TXF001517-TXF001518
TXF001518	TXM001518	175	05e3f37b14a55be48032e69228411e0c	0.3829	5	55775	0.8793	false	medium	operational_monomer_cluster;observed_consensus_representative;uncalibrated_confidence;cluster_identity=0.95;possible_higher_order_or_partial:TXF000039-TXF001518;possible_higher_order_or_partial:TXF000047-TXF001518;possible_higher_order_or_partial:TXF000069-TXF001518;possible_higher_order_or_partial:TXF000076-TXF001518;possible_higher_order_or_partial:TXF000088-TXF001518;possible_higher_order_or_partial:TXF000154-TXF001518;possible_higher_order_or_partial:TXF000319-TXF001518;possible_higher_order_or_partial:TXF000409-TXF001518;possible_higher_order_or_partial:TXF000559-TXF001518;possible_higher_order_or_partial:TXF000561-TXF001518;possible_higher_order_or_partial:TXF000580-TXF001518;possible_higher_order_or_partial:TXF000813-TXF001518;possible_higher_order_or_partial:TXF000821-TXF001518;possible_higher_order_or_partial:TXF000835-TXF001518;possible_higher_order_or_partial:TXF001091-TXF001518;possible_higher_order_or_partial:TXF001517-TXF001518;possible_higher_order_or_partial:TXF001518-TXF001524;possible_higher_order_or_partial:TXF001518-TXF001550;possible_higher_order_or_partial:TXF001518-TXF001551
TXF001519	TXM001519	847	195389b7b9e652df1eb4d2933a28d560	0.4132	5	26385	0.9841	false	high	operational_monomer_cluster;observed_consensus_representative;uncalibrated_confidence;cluster_identity=0.95
TXF001520	TXM001520	794	c7f0ba68c3e3af57f5360bf3b2fd15a9	0.3312	5	23052	0.9572	false	high	operational_monomer_cluster;observed_consensus_representative;uncalibrated_confidence;cluster_identity=0.95;possible_higher_order_or_partial:TXF000101-TXF001520;possible_higher_order_or_partial:TXF001082-TXF001520
TXF001521	TXM001521	324	49360401fa83a48923f1683a4494aff1	0.3981	5	15936	0.9529	false	high	operational_monomer_cluster;observed_consensus_representative;uncalibrated_confidence;cluster_identity=0.95
TXF001522	TXM001522	349	72231350cf849bef5686048dd30d491c	0.1748	5	14128	0.9410	false	high	operational_monomer_cluster;observed_consensus_representative;uncalibrated_confidence;cluster_identity=0.95
TXF001523	TXM001523	495	1d2d58438c59b53a732dd90423e5a31b	0.3616	5	12399	0.7898	false	medium	operational_monomer_cluster;observed_consensus_representative;uncalibrated_confidence;cluster_identity=0.95;possible_higher_order_or_partial:TXF000070-TXF001523;possible_higher_order_or_partial:TXF000091-TXF001523;possible_higher_order_or_partial:TXF000119-TXF001523;possible_higher_order_or_partial:TXF000144-TXF001523;possible_higher_order_or_partial:TXF000317-TXF001523;possible_higher_order_or_partial:TXF000570-TXF001523;possible_higher_order_or_partial:TXF000571-TXF001523;possible_higher_order_or_partial:TXF001101-TXF001523;possible_higher_order_or_partial:TXF001266-TXF001523
TXF001524	TXM001524	872	0437782a408aa1060327f93e24fff3dd	0.3853	5	12232	0.9056	false	high	operational_monomer_cluster;observed_consensus_representative;uncalibrated_confidence;cluster_identity=0.95;possible_higher_order_or_partial:TXF000003-TXF001524;possible_higher_order_or_partial:TXF000004-TXF001524;possible_higher_order_or_partial:TXF000005-TXF001524;possible_higher_order_or_partial:TXF000018-TXF001524;possible_higher_order_or_partial:TXF000019-TXF001524;possible_higher_order_or_partial:TXF000038-TXF001524;possible_higher_order_or_partial:TXF000061-TXF001524;possible_higher_order_or_partial:TXF000172-TXF001524;possible_higher_order_or_partial:TXF000402-TXF001524;possible_higher_order_or_partial:TXF000569-TXF001524;possible_higher_order_or_partial:TXF001518-TXF001524
TXF001525	TXM001525	504	cf97304a409b0ea4636e75093cefbc08	0.3472	5	12116	0.7953	false	medium	operational_monomer_cluster;observed_consensus_representative;uncalibrated_confidence;cluster_identity=0.95;possible_higher_order_or_partial:TXF000144-TXF001525
TXF001526	TXM001526	498	58c5b3293ebf4e9a92cdf277e153ae26	0.3614	5	11518	0.8268	false	medium	operational_monomer_cluster;observed_consensus_representative;uncalibrated_confidence;cluster_identity=0.95;possible_higher_order_or_partial:TXF000144-TXF001526;possible_higher_order_or_partial:TXF001266-TXF001526
TXF001527	TXM001527	496	8671ebf42b899bb075d68122b93f1162	0.3488	5	10953	0.7925	false	medium	operational_monomer_cluster;observed_consensus_representative;uncalibrated_confidence;cluster_identity=0.95;possible_higher_order_or_partial:TXF000144-TXF001527
TXF001528	TXM001528	650	4c54bc0602101faff1870a99dbb507ea	0.3585	5	10490	0.8317	false	medium	operational_monomer_cluster;observed_consensus_representative;uncalibrated_confidence;cluster_identity=0.95;possible_higher_order_or_partial:TXF000144-TXF001528;possible_higher_order_or_partial:TXF001266-TXF001528
TXF001529	TXM001529	75	2250bb5c542bff02967fdc6c6fb8a44a	0.5333	5	10185	0.8524	false	medium	operational_monomer_cluster;observed_consensus_representative;uncalibrated_confidence;cluster_identity=0.95
TXF001530	TXM001530	710	fa643e294a01a6d2a89aa8dee223982a	0.3352	5	10158	0.8892	false	medium	operational_monomer_cluster;observed_consensus_representative;uncalibrated_confidence;cluster_identity=0.95
TXF001531	TXM001531	495	5e3f49c57fe5ac6d863075971f73d597	0.3596	5	10022	0.8155	false	medium	operational_monomer_cluster;observed_consensus_representative;uncalibrated_confidence;cluster_identity=0.95;possible_higher_order_or_partial:TXF000144-TXF001531;possible_higher_order_or_partial:TXF000317-TXF001531;possible_higher_order_or_partial:TXF000831-TXF001531;possible_higher_order_or_partial:TXF001105-TXF001531
TXF001532	TXM001532	479	a10071a1760288cdea0c2793b5334706	0.3591	5	9800	0.8142	false	medium	operational_monomer_cluster;observed_consensus_representative;uncalibrated_confidence;cluster_identity=0.95;possible_higher_order_or_partial:TXF000144-TXF001532;possible_higher_order_or_partial:TXF001110-TXF001532;possible_higher_order_or_partial:TXF001266-TXF001532
TXF001533	TXM001533	475	ca0b7e2562db247490b077d71fba7028	0.3495	5	9756	0.7861	false	medium	operational_monomer_cluster;observed_consensus_representative;uncalibrated_confidence;cluster_identity=0.95;possible_higher_order_or_partial:TXF000144-TXF001533;possible_higher_order_or_partial:TXF001266-TXF001533
TXF001534	TXM001534	910	9e64b32fcb85296daee3d44f7ada80ed	0.3407	5	9747	0.8052	false	medium	operational_monomer_cluster;observed_consensus_representative;uncalibrated_confidence;cluster_identity=0.95;possible_higher_order_or_partial:TXF000106-TXF001534;possible_higher_order_or_partial:TXF000120-TXF001534;possible_higher_order_or_partial:TXF000144-TXF001534;possible_higher_order_or_partial:TXF001266-TXF001534
TXF001535	TXM001535	474	78cc50499c033db3f73c02e529d3fdd4	0.3608	5	9614	0.7898	false	medium	operational_monomer_cluster;observed_consensus_representative;uncalibrated_confidence;cluster_identity=0.95;possible_higher_order_or_partial:TXF000144-TXF001535;possible_higher_order_or_partial:TXF001266-TXF001535
TXF001536	TXM001536	502	925ad76467a5169a134803d3ff9e5c7d	0.3625	5	9537	0.8071	false	medium	operational_monomer_cluster;observed_consensus_representative;uncalibrated_confidence;cluster_identity=0.95;possible_higher_order_or_partial:TXF000144-TXF001536;possible_higher_order_or_partial:TXF001266-TXF001536
TXF001537	TXM001537	489	f87b2d46f652d77be8471f9f5c218aae	0.3661	5	9462	0.8233	false	medium	operational_monomer_cluster;observed_consensus_representative;uncalibrated_confidence;cluster_identity=0.95;possible_higher_order_or_partial:TXF000144-TXF001537
TXF001538	TXM001538	881	d4e491f42020e660d2ee7a15a5d7d39e	0.3496	5	9386	0.8136	false	medium	operational_monomer_cluster;observed_consensus_representative;uncalibrated_confidence;cluster_identity=0.95
TXF001539	TXM001539	345	5950a6d21894ac189ba917428d588136	0.5014	5	9089	0.8070	false	medium	operational_monomer_cluster;observed_consensus_representative;uncalibrated_confidence;cluster_identity=0.95
TXF001540	TXM001540	503	fd756505fe4b16a1b5a31be959089b94	0.3539	5	8938	0.8176	false	medium	operational_monomer_cluster;observed_consensus_representative;uncalibrated_confidence;cluster_identity=0.95;possible_higher_order_or_partial:TXF000144-TXF001540
TXF001541	TXM001541	637	14bc1ba0e1ea8237ea6eb121fec443b1	0.2527	5	8913	0.9162	false	high	operational_monomer_cluster;observed_consensus_representative;uncalibrated_confidence;cluster_identity=0.95
TXF001542	TXM001542	481	ddab14c33401a5b337f3d76368b1cb9b	0.3555	5	8577	0.8088	false	medium	operational_monomer_cluster;observed_consensus_representative;uncalibrated_confidence;cluster_identity=0.95;possible_higher_order_or_partial:TXF000144-TXF001542;possible_higher_order_or_partial:TXF001266-TXF001542
TXF001543	TXM001543	838	f5799906acc5a3c727fffbf3b9c3a0a1	0.3735	5	8385	0.9732	false	high	operational_monomer_cluster;observed_consensus_representative;uncalibrated_confidence;cluster_identity=0.95
TXF001544	TXM001544	516	3f35e71e728986fce765aef4a8ec6531	0.3585	5	8337	0.8473	false	medium	operational_monomer_cluster;observed_consensus_representative;uncalibrated_confidence;cluster_identity=0.95;possible_higher_order_or_partial:TXF000144-TXF001544;possible_higher_order_or_partial:TXF001544-TXF001555
TXF001545	TXM001545	676	9c8c4d000e4b83c54de82febdcb233a8	0.3358	5	8271	0.8770	false	medium	operational_monomer_cluster;observed_consensus_representative;uncalibrated_confidence;cluster_identity=0.95;possible_higher_order_or_partial:TXF000073-TXF001545;possible_higher_order_or_partial:TXF000563-TXF001545;possible_higher_order_or_partial:TXF000584-TXF001545
TXF001546	TXM001546	678	047c2f88f98a8fb6c36a6e185f6a3d0b	0.3938	5	8167	0.9307	false	high	operational_monomer_cluster;observed_consensus_representative;uncalibrated_confidence;cluster_identity=0.95;possible_higher_order_or_partial:TXF000003-TXF001546;possible_higher_order_or_partial:TXF000005-TXF001546;possible_higher_order_or_partial:TXF000018-TXF001546;possible_higher_order_or_partial:TXF000038-TXF001546;possible_higher_order_or_partial:TXF000218-TXF001546
TXF001547	TXM001547	72	1d01ef760fe5739df80125d6fb66c65e	0.4861	5	7826	0.8645	false	medium	operational_monomer_cluster;observed_consensus_representative;uncalibrated_confidence;cluster_identity=0.95
TXF001548	TXM001548	760	72ccc27bb87b3647cf3941d94f5f5b3d	0.2724	5	7772	0.8025	false	medium	operational_monomer_cluster;observed_consensus_representative;uncalibrated_confidence;cluster_identity=0.95
TXF001549	TXM001549	510	09f0507af32a7a9d0271a3bcb4caa1ff	0.3725	5	7566	0.7914	false	medium	operational_monomer_cluster;observed_consensus_representative;uncalibrated_confidence;cluster_identity=0.95;possible_higher_order_or_partial:TXF000144-TXF001549;possible_higher_order_or_partial:TXF000824-TXF001549;possible_higher_order_or_partial:TXF001266-TXF001549
TXF001550	TXM001550	739	a9abe97db00c25c3d64df6d083cb305c	0.3735	5	7479	0.9419	false	high	operational_monomer_cluster;observed_consensus_representative;uncalibrated_confidence;cluster_identity=0.95;possible_higher_order_or_partial:TXF000003-TXF001550;possible_higher_order_or_partial:TXF000005-TXF001550;possible_higher_order_or_partial:TXF000018-TXF001550;possible_higher_order_or_partial:TXF000038-TXF001550;possible_higher_order_or_partial:TXF000218-TXF001550;possible_higher_order_or_partial:TXF000573-TXF001550;possible_higher_order_or_partial:TXF001518-TXF001550
TXF001551	TXM001551	740	fe60922ee0ca8c5dbfdacf9839bbb6f5	0.3770	5	7473	0.9311	false	high	operational_monomer_cluster;observed_consensus_representative;uncalibrated_confidence;cluster_identity=0.95;possible_higher_order_or_partial:TXF000003-TXF001551;possible_higher_order_or_partial:TXF000005-TXF001551;possible_higher_order_or_partial:TXF000018-TXF001551;possible_higher_order_or_partial:TXF000038-TXF001551;possible_higher_order_or_partial:TXF000218-TXF001551;possible_higher_order_or_partial:TXF000573-TXF001551;possible_higher_order_or_partial:TXF001518-TXF001551
TXF001552	TXM001552	728	8cf06ad8c3b7942edfdbe42ce363c1d2	0.3228	5	7469	0.8545	false	medium	operational_monomer_cluster;observed_consensus_representative;uncalibrated_confidence;cluster_identity=0.95
TXF001553	TXM001553	697	401936792bdb0a169f4b4b8b04a9178e	0.3874	5	7464	0.9005	false	high	operational_monomer_cluster;observed_consensus_representative;uncalibrated_confidence;cluster_identity=0.95;possible_higher_order_or_partial:TXF000003-TXF001553;possible_higher_order_or_partial:TXF000005-TXF001553;possible_higher_order_or_partial:TXF000018-TXF001553;possible_higher_order_or_partial:TXF000038-TXF001553;possible_higher_order_or_partial:TXF000218-TXF001553;possible_higher_order_or_partial:TXF000573-TXF001553
TXF001554	TXM001554	720	a1e04f738897de3afcb5b79f9edc6849	0.3653	5	7390	0.9175	false	high	operational_monomer_cluster;observed_consensus_representative;uncalibrated_confidence;cluster_identity=0.95;possible_higher_order_or_partial:TXF000144-TXF001554;possible_higher_order_or_partial:TXF001266-TXF001554
TXF001555	TXM001555	716	36a97d385aa4fc7e8b769fc55ab6e704	0.3422	5	7320	0.8624	false	medium	operational_monomer_cluster;observed_consensus_representative;uncalibrated_confidence;cluster_identity=0.95;possible_higher_order_or_partial:TXF000144-TXF001555;possible_higher_order_or_partial:TXF001544-TXF001555
TXF001556	TXM001556	480	35c37221b15c7eeb9b772362dad2cffc	0.3625	5	7214	0.7932	false	medium	operational_monomer_cluster;observed_consensus_representative;uncalibrated_confidence;cluster_identity=0.95;possible_higher_order_or_partial:TXF000144-TXF001556
TXF001557	TXM001557	626	9e5c9e0ed734d5d596a98c1b4d6cb982	0.4856	5	6779	0.9037	false	high	operational_monomer_cluster;observed_consensus_representative;uncalibrated_confidence;cluster_identity=0.95;possible_higher_order_or_partial:TXF000026-TXF001557;possible_higher_order_or_partial:TXF000028-TXF001557;possible_higher_order_or_partial:TXF000035-TXF001557;possible_higher_order_or_partial:TXF000102-TXF001557;possible_higher_order_or_partial:TXF000173-TXF001557;possible_higher_order_or_partial:TXF001557-TXF001621;possible_higher_order_or_partial:TXF001557-TXF001793
TXF001558	TXM001558	503	b08518ded977e4a4df86f5eb2eab09eb	0.3519	5	6554	0.8412	false	medium	operational_monomer_cluster;observed_consensus_representative;uncalibrated_confidence;cluster_identity=0.95;possible_higher_order_or_partial:TXF000144-TXF001558
TXF001559	TXM001559	176	08ad46499f67bd594c9cb9dc7e5f1337	0.3920	5	6439	0.8014	false	medium	operational_monomer_cluster;observed_consensus_representative;uncalibrated_confidence;cluster_identity=0.95
TXF001560	TXM001560	627	a76b447cce12dd93e61591c0d95f7ec4	0.3955	5	6347	0.7902	false	medium	operational_monomer_cluster;observed_consensus_representative;uncalibrated_confidence;cluster_identity=0.95
TXF001561	TXM001561	260	d8dd9abe083d4b106232d9908213f5f6	0.3308	5	6324	0.9320	false	high	operational_monomer_cluster;observed_consensus_representative;uncalibrated_confidence;cluster_identity=0.95
TXF001562	TXM001562	490	ab0fb4dc87033115da749fe798f48f7d	0.3449	5	6107	0.7980	false	medium	operational_monomer_cluster;observed_consensus_representative;uncalibrated_confidence;cluster_identity=0.95;possible_higher_order_or_partial:TXF000144-TXF001562
TXF001563	TXM001563	504	80998d1faa64ea2f34d513c4f615cf0e	0.3373	5	6029	0.8112	false	medium	operational_monomer_cluster;observed_consensus_representative;uncalibrated_confidence;cluster_identity=0.95
TXF001564	TXM001564	492	af671141a5488c051e0ff15d21e380ee	0.3557	5	5994	0.7963	false	medium	operational_monomer_cluster;observed_consensus_representative;uncalibrated_confidence;cluster_identity=0.95;possible_higher_order_or_partial:TXF000144-TXF001564
TXF001565	TXM001565	489	7a8b106dfb2d6c73c557d26fc51dde98	0.3190	5	5925	0.8146	false	medium	operational_monomer_cluster;observed_consensus_representative;uncalibrated_confidence;cluster_identity=0.95
TXF001566	TXM001566	582	2d12885aaf8a53285b8ac83d487f824e	0.3986	5	5845	0.7958	false	medium	operational_monomer_cluster;observed_consensus_representative;uncalibrated_confidence;cluster_identity=0.95
TXF001567	TXM001567	567	20dbe838f79aa6da5cc045d9dc30d1e9	0.2928	5	5752	0.8635	false	medium	operational_monomer_cluster;observed_consensus_representative;uncalibrated_confidence;cluster_identity=0.95
TXF001568	TXM001568	228	8431b3e7e50dac3708bf7e28f9663fd3	0.4781	5	5737	0.7823	false	medium	operational_monomer_cluster;observed_consensus_representative;uncalibrated_confidence;cluster_identity=0.95
TXF001569	TXM001569	561	85197e6d6b1332d90e94527bbf9a1b09	0.4260	5	5672	0.8314	false	medium	operational_monomer_cluster;observed_consensus_representative;uncalibrated_confidence;cluster_identity=0.95
TXF001570	TXM001570	273	84dcc3137d368bde1cebb3f00602f34d	0.2930	5	5481	0.8401	false	medium	operational_monomer_cluster;observed_consensus_representative;uncalibrated_confidence;cluster_identity=0.95
TXF001571	TXM001571	395	f0b91d270353347a7ef1a9087503fe62	0.2557	5	5480	0.8453	false	medium	operational_monomer_cluster;observed_consensus_representative;uncalibrated_confidence;cluster_identity=0.95
TXF001572	TXM001572	315	055ce28524613e43196d00a243e1eede	0.2540	5	5356	0.9201	false	high	operational_monomer_cluster;observed_consensus_representative;uncalibrated_confidence;cluster_identity=0.95
TXF001573	TXM001573	512	86f115e4f0f7bc8b35a22316f4d66a3a	0.3457	5	5292	0.8215	false	medium	operational_monomer_cluster;observed_consensus_representative;uncalibrated_confidence;cluster_identity=0.95
TXF001574	TXM001574	499	7bf866d430a4c4b107cc41fa4659a356	0.3607	5	5243	0.8607	false	medium	operational_monomer_cluster;observed_consensus_representative;uncalibrated_confidence;cluster_identity=0.95;possible_higher_order_or_partial:TXF000144-TXF001574;possible_higher_order_or_partial:TXF000566-TXF001574
TXF001575	TXM001575	515	2d037d7a4aaba3792997a8f101b98876	0.2350	5	5190	0.8376	false	medium	operational_monomer_cluster;observed_consensus_representative;uncalibrated_confidence;cluster_identity=0.95
TXF001576	TXM001576	501	17fafbaa4826ae1596bc78e498e4783d	0.3533	5	5154	0.7994	false	medium	operational_monomer_cluster;observed_consensus_representative;uncalibrated_confidence;cluster_identity=0.95;possible_higher_order_or_partial:TXF000144-TXF001576
TXF001577	TXM001577	500	8daec23bc4b10562d747f86de549454c	0.3660	5	5081	0.8084	false	medium	operational_monomer_cluster;observed_consensus_representative;uncalibrated_confidence;cluster_identity=0.95;possible_higher_order_or_partial:TXF000030-TXF001577;possible_higher_order_or_partial:TXF000038-TXF001577
TXF001578	TXM001578	466	dd0438e8fbdb9ef63c859c40e5b50875	0.2532	5	5025	0.8000	false	medium	operational_monomer_cluster;observed_consensus_representative;uncalibrated_confidence;cluster_identity=0.95
TXF001579	TXM001579	501	c395b590634dff70e754dc6a7b96794e	0.3992	5	5019	0.9177	false	high	operational_monomer_cluster;observed_consensus_representative;uncalibrated_confidence;cluster_identity=0.95;possible_higher_order_or_partial:TXF000003-TXF001579;possible_higher_order_or_partial:TXF000005-TXF001579;possible_higher_order_or_partial:TXF000018-TXF001579
TXF001580	TXM001580	438	05e147c4e91cfb50829968356fbacd26	0.3607	5	5008	0.8628	false	medium	operational_monomer_cluster;observed_consensus_representative;uncalibrated_confidence;cluster_identity=0.95
TXF001581	TXM001581	483	cd9c487deee4e30babed8c9ffd42f745	0.3644	5	4956	0.8060	false	medium	operational_monomer_cluster;observed_consensus_representative;uncalibrated_confidence;cluster_identity=0.95;possible_higher_order_or_partial:TXF000144-TXF001581;possible_higher_order_or_partial:TXF001266-TXF001581;possible_higher_order_or_partial:TXF001581-TXF001585
TXF001582	TXM001582	188	04149c11ddc6ebdfe179cfd740bc7ad5	0.5691	5	4882	0.8309	false	medium	operational_monomer_cluster;observed_consensus_representative;uncalibrated_confidence;cluster_identity=0.95;possible_higher_order_or_partial:TXF000135-TXF001582;possible_higher_order_or_partial:TXF000173-TXF001582
TXF001583	TXM001583	275	b1b68c94d962b2096c0b2e95b6cf8053	0.3927	5	4857	0.8713	false	medium	operational_monomer_cluster;observed_consensus_representative;uncalibrated_confidence;cluster_identity=0.95;possible_higher_order_or_partial:TXF000410-TXF001583
TXF001584	TXM001584	252	3275188ad7052e19f9284535a002559d	0.2659	5	4756	0.8503	false	medium	operational_monomer_cluster;observed_consensus_representative;uncalibrated_confidence;cluster_identity=0.95
TXF001585	TXM001585	457	447644ed693100b1634a73a29ff9d617	0.3632	5	4750	0.8018	false	medium	operational_monomer_cluster;observed_consensus_representative;uncalibrated_confidence;cluster_identity=0.95;possible_higher_order_or_partial:TXF000144-TXF001585;possible_higher_order_or_partial:TXF001266-TXF001585;possible_higher_order_or_partial:TXF001581-TXF001585
TXF001586	TXM001586	434	bb135d6fb0146a9545b5f690487440ab	0.2650	5	4556	0.8378	false	medium	operational_monomer_cluster;observed_consensus_representative;uncalibrated_confidence;cluster_identity=0.95
TXF001587	TXM001587	205	13afc7de96367f054d22f9b9aecc1dde	0.2585	5	4509	0.9177	false	high	operational_monomer_cluster;observed_consensus_representative;uncalibrated_confidence;cluster_identity=0.95
TXF001588	TXM001588	144	2372f4505369e0896ced6d7976086ee9	0.3611	5	4469	0.8535	false	medium	operational_monomer_cluster;observed_consensus_representative;uncalibrated_confidence;cluster_identity=0.95
TXF001589	TXM001589	177	090399b20dc142ddab4dcc41b8ae1bd1	0.4294	5	4381	0.8781	false	medium	operational_monomer_cluster;observed_consensus_representative;uncalibrated_confidence;cluster_identity=0.95
TXF001590	TXM001590	218	8c4637633952997b799468a6899c4aac	0.2018	5	4264	0.8535	false	medium	operational_monomer_cluster;observed_consensus_representative;uncalibrated_confidence;cluster_identity=0.95
TXF001591	TXM001591	410	94d5d2386cc23955050968b5f4f79d6a	0.3293	5	4178	0.8319	false	medium	operational_monomer_cluster;observed_consensus_representative;uncalibrated_confidence;cluster_identity=0.95;possible_higher_order_or_partial:TXF000144-TXF001591
TXF001592	TXM001592	416	84c302dd369849df3c9141bd4dc76883	0.3269	5	4162	0.9573	false	high	operational_monomer_cluster;observed_consensus_representative;uncalibrated_confidence;cluster_identity=0.95
TXF001593	TXM001593	405	cf8bd411d254500d104b24942f3bed87	0.3852	5	4093	0.9787	false	high	operational_monomer_cluster;observed_consensus_representative;uncalibrated_confidence;cluster_identity=0.95
TXF001594	TXM001594	386	4ad7fd8f5a224f1c89aae3010b637638	0.3135	5	4055	0.9571	false	high	operational_monomer_cluster;observed_consensus_representative;uncalibrated_confidence;cluster_identity=0.95
TXF001595	TXM001595	260	0f6ef8b5cc9bab7eb2601e5b4e4e4a64	0.3923	5	4047	0.8847	false	medium	operational_monomer_cluster;observed_consensus_representative;uncalibrated_confidence;cluster_identity=0.95
TXF001596	TXM001596	381	63d31a495f79b8009542e750b6febef0	0.3596	5	4022	0.8283	false	medium	operational_monomer_cluster;observed_consensus_representative;uncalibrated_confidence;cluster_identity=0.95;possible_higher_order_or_partial:TXF000144-TXF001596
TXF001597	TXM001597	355	8ba12f34ccac19384d5c0dd5d88b5296	0.3099	5	4013	0.8889	false	medium	operational_monomer_cluster;observed_consensus_representative;uncalibrated_confidence;cluster_identity=0.95
TXF001598	TXM001598	395	022881dec40b18c11a406582d82c048d	0.3468	5	4010	0.8177	false	medium	operational_monomer_cluster;observed_consensus_representative;uncalibrated_confidence;cluster_identity=0.95;possible_higher_order_or_partial:TXF000144-TXF001598
TXF001599	TXM001599	269	03c3f08fcd06182a35944f973ec59561	0.2602	5	3989	0.9711	false	high	operational_monomer_cluster;observed_consensus_representative;uncalibrated_confidence;cluster_identity=0.95;possible_higher_order_or_partial:TXF000527-TXF001599;possible_higher_order_or_partial:TXF001599-TXF001728
TXF001600	TXM001600	254	a886de31cdce783d708843b99f013741	0.2008	5	3816	0.9320	false	high	operational_monomer_cluster;observed_consensus_representative;uncalibrated_confidence;cluster_identity=0.95
TXF001601	TXM001601	368	a6e46a3879d23790ddc9f00f2afaeac4	0.3505	5	3746	0.8553	false	medium	operational_monomer_cluster;observed_consensus_representative;uncalibrated_confidence;cluster_identity=0.95
TXF001602	TXM001602	184	5ff449157f7214a4b9c2d517db675381	0.2228	5	3739	0.8839	false	medium	operational_monomer_cluster;observed_consensus_representative;uncalibrated_confidence;cluster_identity=0.95
TXF001603	TXM001603	364	11c3d8de3118e66047d83cff1ac88224	0.4231	5	3712	0.7895	false	medium	operational_monomer_cluster;observed_consensus_representative;uncalibrated_confidence;cluster_identity=0.95
TXF001604	TXM001604	358	0a82e62a5c0fa62d1f38de55ec51a76a	0.2709	5	3690	0.8640	false	medium	operational_monomer_cluster;observed_consensus_representative;uncalibrated_confidence;cluster_identity=0.95
TXF001605	TXM001605	219	d5c231fadec9bfcc086b06b62de5ae42	0.2785	5	3684	0.8632	false	medium	operational_monomer_cluster;observed_consensus_representative;uncalibrated_confidence;cluster_identity=0.95
TXF001606	TXM001606	349	824a19d5aaa7aa8a3cf1e7c1d7bbb92e	0.3840	5	3681	0.8686	false	medium	operational_monomer_cluster;observed_consensus_representative;uncalibrated_confidence;cluster_identity=0.95
TXF001607	TXM001607	242	7f0d5d0db7f63898fe40962d5e528ce0	0.3264	5	3651	0.9058	false	high	operational_monomer_cluster;observed_consensus_representative;uncalibrated_confidence;cluster_identity=0.95
TXF001608	TXM001608	178	d2b7136d390bfe7ad6f669bef6cedfdf	0.3933	5	3593	0.8486	false	medium	operational_monomer_cluster;observed_consensus_representative;uncalibrated_confidence;cluster_identity=0.95;possible_higher_order_or_partial:TXF000038-TXF001608
TXF001609	TXM001609	168	c9b6c71092f4f273d1f71e5ba9ce5a0a	0.4226	5	3586	0.8711	false	medium	operational_monomer_cluster;observed_consensus_representative;uncalibrated_confidence;cluster_identity=0.95;possible_higher_order_or_partial:TXF000021-TXF001609;possible_higher_order_or_partial:TXF000178-TXF001609;possible_higher_order_or_partial:TXF000269-TXF001609;possible_higher_order_or_partial:TXF000352-TXF001609;possible_higher_order_or_partial:TXF000855-TXF001609;possible_higher_order_or_partial:TXF001157-TXF001609;possible_higher_order_or_partial:TXF001609-TXF001894
TXF001610	TXM001610	346	f186e90260a23e4a4cb6339e1034c8d0	0.3382	5	3575	0.9315	false	high	operational_monomer_cluster;observed_consensus_representative;uncalibrated_confidence;cluster_identity=0.95
TXF001611	TXM001611	223	f4f6ce52e18ecc7d526c434359b86075	0.1973	5	3563	0.8802	false	medium	operational_monomer_cluster;observed_consensus_representative;uncalibrated_confidence;cluster_identity=0.95
TXF001612	TXM001612	346	f054a3ec70cc6588d2787e9ca10fc61f	0.3757	5	3487	0.9864	false	high	operational_monomer_cluster;observed_consensus_representative;uncalibrated_confidence;cluster_identity=0.95
TXF001613	TXM001613	218	e495026459ddaf06c19b44482ad9be4b	0.2248	5	3434	0.8080	false	medium	operational_monomer_cluster;observed_consensus_representative;uncalibrated_confidence;cluster_identity=0.95
TXF001614	TXM001614	239	5903cff24c32f1f3ff62b93395bc8cf0	0.2636	5	3410	0.8003	false	medium	operational_monomer_cluster;observed_consensus_representative;uncalibrated_confidence;cluster_identity=0.95
TXF001615	TXM001615	183	9a75b3e9b8d8da95d97f4afc22bebc23	0.4208	5	3390	0.8940	false	medium	operational_monomer_cluster;observed_consensus_representative;uncalibrated_confidence;cluster_identity=0.95
TXF001616	TXM001616	337	d3de484f779f81a724825f2d233ca922	0.4095	5	3365	0.8294	false	medium	operational_monomer_cluster;observed_consensus_representative;uncalibrated_confidence;cluster_identity=0.95
TXF001617	TXM001617	157	7379b14c231ab5e7679d61f4c140d224	0.2739	5	3331	0.8233	false	medium	operational_monomer_cluster;observed_consensus_representative;uncalibrated_confidence;cluster_identity=0.95;possible_higher_order_or_partial:TXF000029-TXF001617;possible_higher_order_or_partial:TXF000040-TXF001617;possible_higher_order_or_partial:TXF001381-TXF001617;possible_higher_order_or_partial:TXF001617-TXF001627
TXF001618	TXM001618	325	c774ed379f29148ce0d8e47d9ba51608	0.2769	5	3312	0.9415	false	high	operational_monomer_cluster;observed_consensus_representative;uncalibrated_confidence;cluster_identity=0.95
TXF001619	TXM001619	277	56b777217cd00b2c2f26096126f421ae	0.2960	5	3207	0.8428	false	medium	operational_monomer_cluster;observed_consensus_representative;uncalibrated_confidence;cluster_identity=0.95;possible_higher_order_or_partial:TXF000144-TXF001619
TXF001620	TXM001620	317	50edf526e993166de1732d01610e33cf	0.3628	5	3196	0.9460	false	high	operational_monomer_cluster;observed_consensus_representative;uncalibrated_confidence;cluster_identity=0.95
TXF001621	TXM001621	62	e7481ff12ba17a6e7597d635f7e270d2	0.5645	5	3165	0.9039	false	high	operational_monomer_cluster;observed_consensus_representative;uncalibrated_confidence;cluster_identity=0.95;possible_higher_order_or_partial:TXF000013-TXF001621;possible_higher_order_or_partial:TXF000017-TXF001621;possible_higher_order_or_partial:TXF000022-TXF001621;possible_higher_order_or_partial:TXF000028-TXF001621;possible_higher_order_or_partial:TXF000035-TXF001621;possible_higher_order_or_partial:TXF000036-TXF001621;possible_higher_order_or_partial:TXF000058-TXF001621;possible_higher_order_or_partial:TXF000102-TXF001621;possible_higher_order_or_partial:TXF000108-TXF001621;possible_higher_order_or_partial:TXF000157-TXF001621;possible_higher_order_or_partial:TXF000190-TXF001621;possible_higher_order_or_partial:TXF000201-TXF001621;possible_higher_order_or_partial:TXF000217-TXF001621;possible_higher_order_or_partial:TXF000279-TXF001621;possible_higher_order_or_partial:TXF000434-TXF001621;possible_higher_order_or_partial:TXF000476-TXF001621;possible_higher_order_or_partial:TXF000612-TXF001621;possible_higher_order_or_partial:TXF001136-TXF001621;possible_higher_order_or_partial:TXF001557-TXF001621;possible_higher_order_or_partial:TXF001621-TXF001793
TXF001622	TXM001622	276	a5a881a11660b5533ecee5850f8833b9	0.3949	5	3132	0.8049	false	medium	operational_monomer_cluster;observed_consensus_representative;uncalibrated_confidence;cluster_identity=0.95
TXF001623	TXM001623	311	4fedf29ff5e664a7147ef51e007bd4dd	0.3344	5	3130	0.8662	false	medium	operational_monomer_cluster;observed_consensus_representative;uncalibrated_confidence;cluster_identity=0.95
TXF001624	TXM001624	208	98d2ee39761aae416e346bf5392f4944	0.3606	5	3127	0.9743	false	high	operational_monomer_cluster;observed_consensus_representative;uncalibrated_confidence;cluster_identity=0.95
TXF001625	TXM001625	310	fa4640ab52bb7b79dfd16a69173763d6	0.4452	5	3118	0.9209	false	high	operational_monomer_cluster;observed_consensus_representative;uncalibrated_confidence;cluster_identity=0.95
TXF001626	TXM001626	305	e1c6ce2cff00183be14efa010332187d	0.3115	5	3113	0.8248	false	medium	operational_monomer_cluster;observed_consensus_representative;uncalibrated_confidence;cluster_identity=0.95
TXF001627	TXM001627	156	b95e2ab1bb20add5df8322ec4b7f481e	0.2628	5	3109	0.8316	false	medium	operational_monomer_cluster;observed_consensus_representative;uncalibrated_confidence;cluster_identity=0.95;possible_higher_order_or_partial:TXF000029-TXF001627;possible_higher_order_or_partial:TXF000040-TXF001627;possible_higher_order_or_partial:TXF001145-TXF001627;possible_higher_order_or_partial:TXF001381-TXF001627;possible_higher_order_or_partial:TXF001617-TXF001627
TXF001628	TXM001628	191	218c5a0e906dd1b5cc859987ce57c871	0.2147	5	3070	0.8857	false	medium	operational_monomer_cluster;observed_consensus_representative;uncalibrated_confidence;cluster_identity=0.95
TXF001629	TXM001629	115	05fac536f668fcd99724c20ada70bd32	0.3391	5	3028	0.8877	false	medium	operational_monomer_cluster;observed_consensus_representative;uncalibrated_confidence;cluster_identity=0.95
TXF001630	TXM001630	54	83bc00bddda3954d4729b65f9a6f55db	0.4074	5	3018	0.8000	false	medium	operational_monomer_cluster;observed_consensus_representative;uncalibrated_confidence;cluster_identity=0.95;possible_higher_order_or_partial:TXF000068-TXF001630;possible_higher_order_or_partial:TXF000145-TXF001630;possible_higher_order_or_partial:TXF000603-TXF001630;possible_higher_order_or_partial:TXF000853-TXF001630;possible_higher_order_or_partial:TXF001173-TXF001630;possible_higher_order_or_partial:TXF001630-TXF001653;possible_higher_order_or_partial:TXF001630-TXF001669
TXF001631	TXM001631	75	c90879eadecf5cc9ba9bbe23653199d9	0.4533	5	3012	0.8427	false	medium	operational_monomer_cluster;observed_consensus_representative;uncalibrated_confidence;cluster_identity=0.95
TXF001632	TXM001632	296	ace1ee9b64dc8d72c14aac0605d630dd	0.4155	5	2999	0.8427	false	medium	operational_monomer_cluster;observed_consensus_representative;uncalibrated_confidence;cluster_identity=0.95
TXF001633	TXM001633	106	30e70c2e928b5ef946ca7b9ebb3bdaed	0.3396	5	2991	0.8695	false	medium	operational_monomer_cluster;observed_consensus_representative;uncalibrated_confidence;cluster_identity=0.95;possible_higher_order_or_partial:TXF000074-TXF001633;possible_higher_order_or_partial:TXF000085-TXF001633;possible_higher_order_or_partial:TXF000595-TXF001633;possible_higher_order_or_partial:TXF000625-TXF001633;possible_higher_order_or_partial:TXF001218-TXF001633
TXF001634	TXM001634	286	3d602ad90194d8096008b4321538b28a	0.2797	5	2986	0.9467	false	high	operational_monomer_cluster;observed_consensus_representative;uncalibrated_confidence;cluster_identity=0.95
TXF001635	TXM001635	290	71635053f36feeaf34f2ee295ed0d2b5	0.3517	5	2919	0.9749	false	high	operational_monomer_cluster;observed_consensus_representative;uncalibrated_confidence;cluster_identity=0.95
TXF001636	TXM001636	193	feb746842f0ed977461ffad695bf6465	0.3782	5	2912	0.8396	false	medium	operational_monomer_cluster;observed_consensus_representative;uncalibrated_confidence;cluster_identity=0.95
TXF001637	TXM001637	132	4f3211fba1d7b0ad9b5a56abd241ae70	0.4470	5	2906	0.8273	false	medium	operational_monomer_cluster;observed_consensus_representative;uncalibrated_confidence;cluster_identity=0.95
TXF001638	TXM001638	147	84b2a0408c5b8c49d00b2270d734b73e	0.5578	5	2765	0.8231	false	medium	operational_monomer_cluster;observed_consensus_representative;uncalibrated_confidence;cluster_identity=0.95
TXF001639	TXM001639	269	fc5b7b4cffd376e4ce2adae8702532a7	0.2342	5	2748	0.9458	false	high	operational_monomer_cluster;observed_consensus_representative;uncalibrated_confidence;cluster_identity=0.95
TXF001640	TXM001640	267	d1c05711d87aa52a5a86e6b9018fd2cb	0.2022	5	2735	0.9565	false	high	operational_monomer_cluster;observed_consensus_representative;uncalibrated_confidence;cluster_identity=0.95
TXF001641	TXM001641	135	0a7ad8fe7a0681b26339612fa56c2bfe	0.4370	5	2702	0.8101	false	medium	operational_monomer_cluster;observed_consensus_representative;uncalibrated_confidence;cluster_identity=0.95
TXF001642	TXM001642	239	78c90ae31a3973b244ad37ff4ddf6459	0.3640	5	2664	0.8697	false	medium	operational_monomer_cluster;observed_consensus_representative;uncalibrated_confidence;cluster_identity=0.95
TXF001643	TXM001643	260	880eb1f3607e0b427fe267640426652d	0.3577	5	2649	0.9429	false	high	operational_monomer_cluster;observed_consensus_representative;uncalibrated_confidence;cluster_identity=0.95
TXF001644	TXM001644	259	10777304a4b60cd96efc155d56cf92a5	0.4903	5	2633	0.9933	false	high	operational_monomer_cluster;observed_consensus_representative;uncalibrated_confidence;cluster_identity=0.95
TXF001645	TXM001645	174	93a0aa1356ecbe2c6c14fc9ae05c2258	0.3161	5	2608	0.9814	false	high	operational_monomer_cluster;observed_consensus_representative;uncalibrated_confidence;cluster_identity=0.95
TXF001646	TXM001646	259	ec1ecf2d02fcee6aefb1485556140d01	0.3050	5	2589	0.9707	false	high	operational_monomer_cluster;observed_consensus_representative;uncalibrated_confidence;cluster_identity=0.95
TXF001647	TXM001647	107	1c81be5c3afd1e1f0cf240e963ecc10b	0.3458	5	2579	0.8507	false	medium	operational_monomer_cluster;observed_consensus_representative;uncalibrated_confidence;cluster_identity=0.95
TXF001648	TXM001648	235	7ddc8461aa9c146ce64f171cb768e586	0.3617	5	2558	0.9048	false	high	operational_monomer_cluster;observed_consensus_representative;uncalibrated_confidence;cluster_identity=0.95;possible_higher_order_or_partial:TXF000460-TXF001648
TXF001649	TXM001649	255	b8448f10a16fee89c75a5a2f31cebe8a	0.3098	5	2555	0.8217	false	medium	operational_monomer_cluster;observed_consensus_representative;uncalibrated_confidence;cluster_identity=0.95
TXF001650	TXM001650	235	bf0519dd627506b33c65ce3d4dd2258f	0.3064	5	2555	0.8565	false	medium	operational_monomer_cluster;observed_consensus_representative;uncalibrated_confidence;cluster_identity=0.95
TXF001651	TXM001651	242	858eca40abbdd9afa3ae7cd3f13ca3c5	0.3636	5	2474	0.8867	false	medium	operational_monomer_cluster;observed_consensus_representative;uncalibrated_confidence;cluster_identity=0.95;possible_higher_order_or_partial:TXF000429-TXF001651;possible_higher_order_or_partial:TXF000613-TXF001651;possible_higher_order_or_partial:TXF000861-TXF001651
TXF001652	TXM001652	38	c30333e65c8050b3312699d7ddbe5ba9	0.3947	5	2467	0.8548	false	medium	operational_monomer_cluster;observed_consensus_representative;uncalibrated_confidence;cluster_identity=0.95;possible_higher_order_or_partial:TXF000155-TXF001652
TXF001653	TXM001653	81	578924ca0e254d47b240229581d80118	0.4074	5	2460	0.8235	false	medium	operational_monomer_cluster;observed_consensus_representative;uncalibrated_confidence;cluster_identity=0.95;possible_higher_order_or_partial:TXF000068-TXF001653;possible_higher_order_or_partial:TXF000853-TXF001653;possible_higher_order_or_partial:TXF001630-TXF001653
TXF001654	TXM001654	45	6eead4b61a14febbdb0e9299c2300a51	0.4889	5	2435	0.8295	false	medium	operational_monomer_cluster;observed_consensus_representative;uncalibrated_confidence;cluster_identity=0.95
TXF001655	TXM001655	238	37833034b35be1484ac558ee2faf9f9c	0.2647	5	2400	0.7984	false	medium	operational_monomer_cluster;observed_consensus_representative;uncalibrated_confidence;cluster_identity=0.95
TXF001656	TXM001656	102	6769afae37729d502945d15d606d1734	0.4412	5	2399	0.9478	false	high	operational_monomer_cluster;observed_consensus_representative;uncalibrated_confidence;cluster_identity=0.95
TXF001657	TXM001657	236	e306be74c8a6f6277af75c97962c4b5d	0.2797	5	2386	0.7978	false	medium	operational_monomer_cluster;observed_consensus_representative;uncalibrated_confidence;cluster_identity=0.95
TXF001658	TXM001658	239	db131707ed7cab0ee3531c13ffb56c40	0.3389	5	2384	0.8629	false	medium	operational_monomer_cluster;observed_consensus_representative;uncalibrated_confidence;cluster_identity=0.95
TXF001659	TXM001659	185	6cb06f40359c8b95ee80a6f849473147	0.1946	5	2383	0.8764	false	medium	operational_monomer_cluster;observed_consensus_representative;uncalibrated_confidence;cluster_identity=0.95
TXF001660	TXM001660	207	2815de57815bba0a85f898243ff9c93e	0.4058	5	2382	0.9585	false	high	operational_monomer_cluster;observed_consensus_representative;uncalibrated_confidence;cluster_identity=0.95
TXF001661	TXM001661	118	ef7121eb261956becdd525ae211be9a1	0.3390	5	2362	0.8287	false	medium	operational_monomer_cluster;observed_consensus_representative;uncalibrated_confidence;cluster_identity=0.95;possible_higher_order_or_partial:TXF000200-TXF001661;possible_higher_order_or_partial:TXF001661-TXF001848
TXF001662	TXM001662	215	403d697e43d6182ca8f855b8f9570b9e	0.1535	5	2348	0.8549	false	medium	operational_monomer_cluster;observed_consensus_representative;uncalibrated_confidence;cluster_identity=0.95
TXF001663	TXM001663	81	b51da5713a469946a950cec0b1c8ec22	0.4321	5	2336	0.8190	false	medium	operational_monomer_cluster;observed_consensus_representative;uncalibrated_confidence;cluster_identity=0.95;possible_higher_order_or_partial:TXF000074-TXF001663;possible_higher_order_or_partial:TXF000085-TXF001663;possible_higher_order_or_partial:TXF000121-TXF001663;possible_higher_order_or_partial:TXF000625-TXF001663;possible_higher_order_or_partial:TXF000642-TXF001663;possible_higher_order_or_partial:TXF001187-TXF001663;possible_higher_order_or_partial:TXF001218-TXF001663
TXF001664	TXM001664	223	bcd0d0bf0670d7114611f3d2d614436e	0.2825	5	2335	0.9046	false	high	operational_monomer_cluster;observed_consensus_representative;uncalibrated_confidence;cluster_identity=0.95
TXF001665	TXM001665	220	2b7b0f7c1f7cb209a8901558df2a006e	0.1455	5	2324	0.8369	false	medium	operational_monomer_cluster;observed_consensus_representative;uncalibrated_confidence;cluster_identity=0.95
TXF001666	TXM001666	68	c36954d521455b77bcf4db56347feb8a	0.4412	5	2284	0.8558	false	medium	operational_monomer_cluster;observed_consensus_representative;uncalibrated_confidence;cluster_identity=0.95
TXF001667	TXM001667	224	71a891d78758a6b6e480302196f3a5b8	0.4062	5	2274	0.9482	false	high	operational_monomer_cluster;observed_consensus_representative;uncalibrated_confidence;cluster_identity=0.95
TXF001668	TXM001668	214	80bce72c33b2acf79aa996f2c9b93d25	0.2477	5	2252	0.8521	false	medium	operational_monomer_cluster;observed_consensus_representative;uncalibrated_confidence;cluster_identity=0.95
TXF001669	TXM001669	53	f78dfff83ef8f2c16337797ad5d92282	0.3585	5	2235	0.7992	false	medium	operational_monomer_cluster;observed_consensus_representative;uncalibrated_confidence;cluster_identity=0.95;possible_higher_order_or_partial:TXF000156-TXF001669;possible_higher_order_or_partial:TXF000603-TXF001669;possible_higher_order_or_partial:TXF001630-TXF001669
TXF001670	TXM001670	33	414a91c1ffc848c6bf4d7e23a351f530	0.6061	5	2225	0.7941	false	medium	operational_monomer_cluster;observed_consensus_representative;uncalibrated_confidence;cluster_identity=0.95
TXF001671	TXM001671	151	79aaafaf486886fbbcdc46ba3f32d635	0.4106	5	2208	0.8994	false	medium	operational_monomer_cluster;observed_consensus_representative;uncalibrated_confidence;cluster_identity=0.95
TXF001672	TXM001672	130	189a4e333ac4e0d46b6d38d22587de60	0.4000	5	2144	0.8048	false	medium	operational_monomer_cluster;observed_consensus_representative;uncalibrated_confidence;cluster_identity=0.95;possible_higher_order_or_partial:TXF000085-TXF001672
TXF001673	TXM001673	207	de482c8a42d52b629b2d35739fd69e3a	0.3430	5	2120	0.8498	false	medium	operational_monomer_cluster;observed_consensus_representative;uncalibrated_confidence;cluster_identity=0.95
TXF001674	TXM001674	141	6d2b5eff83bf9dfac7eb19413150c1c0	0.4894	5	2111	0.8477	false	medium	operational_monomer_cluster;observed_consensus_representative;uncalibrated_confidence;cluster_identity=0.95
TXF001675	TXM001675	208	eb02c221f6a8c02039269936e7271ffc	0.3558	5	2109	0.8529	false	medium	operational_monomer_cluster;observed_consensus_representative;uncalibrated_confidence;cluster_identity=0.95
TXF001676	TXM001676	195	0c746ab6edd024e375e03b8f48c59db0	0.3846	5	2078	0.8600	false	medium	operational_monomer_cluster;observed_consensus_representative;uncalibrated_confidence;cluster_identity=0.95
TXF001677	TXM001677	174	115e5bf787b0dc788674db541f4b4f72	0.2414	5	2070	0.8367	false	medium	operational_monomer_cluster;observed_consensus_representative;uncalibrated_confidence;cluster_identity=0.95
TXF001678	TXM001678	54	1d82543eb6cae0935e40bafdfb984d58	0.6111	5	2060	0.8066	false	medium	operational_monomer_cluster;observed_consensus_representative;uncalibrated_confidence;cluster_identity=0.95
TXF001679	TXM001679	99	588791de4cb88b2522e0a127692f8f79	0.4949	5	2057	0.8410	false	medium	operational_monomer_cluster;observed_consensus_representative;uncalibrated_confidence;cluster_identity=0.95
TXF001680	TXM001680	134	1bea72a5cdafc794ac6c2c0133f43fa8	0.2090	5	2057	0.8243	false	medium	operational_monomer_cluster;observed_consensus_representative;uncalibrated_confidence;cluster_identity=0.95
TXF001681	TXM001681	138	329052be6532306aab8f28aba0c2db43	0.4348	5	2047	0.8839	false	medium	operational_monomer_cluster;observed_consensus_representative;uncalibrated_confidence;cluster_identity=0.95
TXF001682	TXM001682	103	cbc774ebe408d20d8755100529cce3d2	0.5146	5	2039	0.8759	false	medium	operational_monomer_cluster;observed_consensus_representative;uncalibrated_confidence;cluster_identity=0.95
TXF001683	TXM001683	189	1ecd65e1c2c40863db32a7363271e012	0.2116	5	2037	0.8470	false	medium	operational_monomer_cluster;observed_consensus_representative;uncalibrated_confidence;cluster_identity=0.95
TXF001684	TXM001684	105	4a30b8fdc2f1a535ec1b8e5ce332675d	0.4381	5	2036	0.8598	false	medium	operational_monomer_cluster;observed_consensus_representative;uncalibrated_confidence;cluster_identity=0.95
TXF001685	TXM001685	135	51a35eeb1314fd1cfbbb19799a9f1735	0.3926	5	2015	0.7878	false	medium	operational_monomer_cluster;observed_consensus_representative;uncalibrated_confidence;cluster_identity=0.95
TXF001686	TXM001686	196	2771ac6c49f4e654732a745c8407d262	0.2194	5	2008	0.8678	false	medium	operational_monomer_cluster;observed_consensus_representative;uncalibrated_confidence;cluster_identity=0.95
TXF001687	TXM001687	141	4738fb8d6fe4e4530ea908461c46b7db	0.4043	5	1960	0.8623	false	medium	operational_monomer_cluster;observed_consensus_representative;uncalibrated_confidence;cluster_identity=0.95
TXF001688	TXM001688	157	49dcacfce4428947f4738bf7388a8895	0.3567	5	1940	0.8142	false	medium	operational_monomer_cluster;observed_consensus_representative;uncalibrated_confidence;cluster_identity=0.95
TXF001689	TXM001689	107	f921877cd2a319c14f564c4f131a73e2	0.3458	5	1939	0.8423	false	medium	operational_monomer_cluster;observed_consensus_representative;uncalibrated_confidence;cluster_identity=0.95;possible_higher_order_or_partial:TXF000074-TXF001689;possible_higher_order_or_partial:TXF000085-TXF001689;possible_higher_order_or_partial:TXF000625-TXF001689;possible_higher_order_or_partial:TXF001162-TXF001689;possible_higher_order_or_partial:TXF001187-TXF001689;possible_higher_order_or_partial:TXF001218-TXF001689
TXF001690	TXM001690	125	f4b64f86f884df6d3550c0a511a327a2	0.3840	5	1931	0.8333	false	medium	operational_monomer_cluster;observed_consensus_representative;uncalibrated_confidence;cluster_identity=0.95
TXF001691	TXM001691	183	4e9659029ae5f8d8c6fb6740601cf25c	0.3279	5	1903	0.8186	false	medium	operational_monomer_cluster;observed_consensus_representative;uncalibrated_confidence;cluster_identity=0.95
TXF001692	TXM001692	60	8e0202e7c283b312e1cf62275ebe1daf	0.4500	5	1879	0.8986	false	medium	operational_monomer_cluster;observed_consensus_representative;uncalibrated_confidence;cluster_identity=0.95
TXF001693	TXM001693	71	9e0c2cff45bae56b6e6373d0b8754e14	0.3099	5	1869	0.8570	false	medium	operational_monomer_cluster;observed_consensus_representative;uncalibrated_confidence;cluster_identity=0.95
TXF001694	TXM001694	182	806e54f577412f630cd867cc6e1adca0	0.2857	5	1827	0.7946	false	medium	operational_monomer_cluster;observed_consensus_representative;uncalibrated_confidence;cluster_identity=0.95
TXF001695	TXM001695	159	f0c045831b337516638214d729fb9218	0.3208	5	1827	0.8156	false	medium	operational_monomer_cluster;observed_consensus_representative;uncalibrated_confidence;cluster_identity=0.95
TXF001696	TXM001696	169	8d4c5f9761133a68f4e644ebdcf3395c	0.1953	5	1809	0.8817	false	medium	operational_monomer_cluster;observed_consensus_representative;uncalibrated_confidence;cluster_identity=0.95
TXF001697	TXM001697	174	4281453c116b45008a96297fd077c441	0.2471	5	1790	0.8027	false	medium	operational_monomer_cluster;observed_consensus_representative;uncalibrated_confidence;cluster_identity=0.95
TXF001698	TXM001698	177	c87744ab91a08041784b4e26f29342b9	0.4181	5	1779	0.8306	false	medium	operational_monomer_cluster;observed_consensus_representative;uncalibrated_confidence;cluster_identity=0.95
TXF001699	TXM001699	174	4de18d33b29a61ed07863f130ad6a639	0.5460	5	1776	0.8740	false	medium	operational_monomer_cluster;observed_consensus_representative;uncalibrated_confidence;cluster_identity=0.95
TXF001700	TXM001700	171	7ef98f9dbf8dc71be80911fe2700c2d4	0.3626	5	1776	0.8197	false	medium	operational_monomer_cluster;observed_consensus_representative;uncalibrated_confidence;cluster_identity=0.95
TXF001701	TXM001701	169	3703b1084216ac71caee330ae611fcdd	0.3018	5	1769	0.8827	false	medium	operational_monomer_cluster;observed_consensus_representative;uncalibrated_confidence;cluster_identity=0.95;possible_higher_order_or_partial:TXF000033-TXF001701;possible_higher_order_or_partial:TXF000885-TXF001701
TXF001702	TXM001702	165	1e20e839f7f46790d4b85544647b2c8c	0.2061	5	1766	0.8462	false	medium	operational_monomer_cluster;observed_consensus_representative;uncalibrated_confidence;cluster_identity=0.95
TXF001703	TXM001703	169	a378ceb3890fc4288b29cd9661f136b8	0.3018	5	1765	0.8913	false	medium	operational_monomer_cluster;observed_consensus_representative;uncalibrated_confidence;cluster_identity=0.95;possible_higher_order_or_partial:TXF000033-TXF001703
TXF001704	TXM001704	169	321b9ecd60ca605463c49cba66e41f83	0.3550	5	1749	0.8844	false	medium	operational_monomer_cluster;observed_consensus_representative;uncalibrated_confidence;cluster_identity=0.95;possible_higher_order_or_partial:TXF000081-TXF001704
TXF001705	TXM001705	129	c98764ecca15a3b2cab676f92fff1b68	0.3798	5	1747	0.8219	false	medium	operational_monomer_cluster;observed_consensus_representative;uncalibrated_confidence;cluster_identity=0.95;possible_higher_order_or_partial:TXF000071-TXF001705
TXF001706	TXM001706	162	45bad6591586404a9eadeef25e74d1a0	0.3765	5	1736	0.8439	false	medium	operational_monomer_cluster;observed_consensus_representative;uncalibrated_confidence;cluster_identity=0.95
TXF001707	TXM001707	172	40a4e5b05af8a5c04441cbdf9391b3ee	0.2965	5	1733	0.9148	false	high	operational_monomer_cluster;observed_consensus_representative;uncalibrated_confidence;cluster_identity=0.95
TXF001708	TXM001708	81	e66e0fca7475f0d937a9659640240aab	0.4321	5	1725	0.9490	false	high	operational_monomer_cluster;observed_consensus_representative;uncalibrated_confidence;cluster_identity=0.95
TXF001709	TXM001709	56	9c47723ec4e11ce1dc46c2bfbae6fa06	0.4643	5	1709	0.8544	false	medium	operational_monomer_cluster;observed_consensus_representative;uncalibrated_confidence;cluster_identity=0.95
TXF001710	TXM001710	120	233500912096c6ea060d1242b2bc1e5d	0.4167	5	1698	0.8258	false	medium	operational_monomer_cluster;observed_consensus_representative;uncalibrated_confidence;cluster_identity=0.95
TXF001711	TXM001711	159	724121e824d6091740bb3fbba410a0b4	0.1950	5	1697	0.8221	false	medium	operational_monomer_cluster;observed_consensus_representative;uncalibrated_confidence;cluster_identity=0.95
TXF001712	TXM001712	167	3d5aa43175455f4d5f0f07b1745f87eb	0.3533	5	1694	0.9785	false	high	operational_monomer_cluster;observed_consensus_representative;uncalibrated_confidence;cluster_identity=0.95
TXF001713	TXM001713	62	8ec8d9b11ec5cfdd7fe79e15b5afb4cb	0.1613	5	1644	0.8279	false	medium	operational_monomer_cluster;observed_consensus_representative;uncalibrated_confidence;cluster_identity=0.95
TXF001714	TXM001714	56	336d195b6f47facddab24fbbe69cac55	0.6250	5	1638	0.7801	false	medium	operational_monomer_cluster;observed_consensus_representative;uncalibrated_confidence;cluster_identity=0.95
TXF001715	TXM001715	156	91d615e1d39249db288bbfd194c607c8	0.1859	5	1624	0.8135	false	medium	operational_monomer_cluster;observed_consensus_representative;uncalibrated_confidence;cluster_identity=0.95
TXF001716	TXM001716	161	e2921d088fda399b316e8b6e5a3d0904	0.4224	5	1617	0.9034	false	high	operational_monomer_cluster;observed_consensus_representative;uncalibrated_confidence;cluster_identity=0.95
TXF001717	TXM001717	60	15f97af1c7d5602537eac9dd08cbe6c9	0.5667	5	1615	0.8792	false	medium	operational_monomer_cluster;observed_consensus_representative;uncalibrated_confidence;cluster_identity=0.95
TXF001718	TXM001718	111	0b400994ce19e7414c8c5b0c51631144	0.4595	5	1614	0.8418	false	medium	operational_monomer_cluster;observed_consensus_representative;uncalibrated_confidence;cluster_identity=0.95
TXF001719	TXM001719	123	89b2964e795f4c39244fc261b7b977f1	0.2033	5	1594	0.8464	false	medium	operational_monomer_cluster;observed_consensus_representative;uncalibrated_confidence;cluster_identity=0.95
TXF001720	TXM001720	123	9c22b22401ef11d35489acc2ef439eb6	0.2683	5	1586	0.9395	false	high	operational_monomer_cluster;observed_consensus_representative;uncalibrated_confidence;cluster_identity=0.95
TXF001721	TXM001721	48	d8301a146445774438d0cfc742d2defc	0.5417	5	1572	0.8109	false	medium	operational_monomer_cluster;observed_consensus_representative;uncalibrated_confidence;cluster_identity=0.95
TXF001722	TXM001722	148	9ce159ac7db95051b8c47385b0a2b61a	0.2365	5	1565	0.8894	false	medium	operational_monomer_cluster;observed_consensus_representative;uncalibrated_confidence;cluster_identity=0.95
TXF001723	TXM001723	102	408103b877a1993bd68338b9e1068ddc	0.3529	5	1561	0.8144	false	medium	operational_monomer_cluster;observed_consensus_representative;uncalibrated_confidence;cluster_identity=0.95
TXF001724	TXM001724	48	ccb8bda0ad873fa55488704a6a2d3e9a	0.4583	5	1560	0.7966	false	medium	operational_monomer_cluster;observed_consensus_representative;uncalibrated_confidence;cluster_identity=0.95
TXF001725	TXM001725	89	dedb2ffb15c476e18e5d76dc1e0559d1	0.2921	5	1554	0.8582	false	medium	operational_monomer_cluster;observed_consensus_representative;uncalibrated_confidence;cluster_identity=0.95
TXF001726	TXM001726	81	6496aa1b224f937942629fa9563e54a2	0.4938	5	1550	0.8884	false	medium	operational_monomer_cluster;observed_consensus_representative;uncalibrated_confidence;cluster_identity=0.95
TXF001727	TXM001727	152	210a23844bed6a49134b092b1e10621f	0.4605	5	1546	0.9103	false	high	operational_monomer_cluster;observed_consensus_representative;uncalibrated_confidence;cluster_identity=0.95
TXF001728	TXM001728	148	1fc089a232bba9a0c5dc4b38be9457f7	0.2568	5	1542	0.9594	false	high	operational_monomer_cluster;observed_consensus_representative;uncalibrated_confidence;cluster_identity=0.95;possible_higher_order_or_partial:TXF000527-TXF001728;possible_higher_order_or_partial:TXF001599-TXF001728
TXF001729	TXM001729	138	21783e98caba3f83dec1060f6a9b39cc	0.3696	5	1540	0.8314	false	medium	operational_monomer_cluster;observed_consensus_representative;uncalibrated_confidence;cluster_identity=0.95
TXF001730	TXM001730	53	0672ce1d241eff507b2522a2f9a2c526	0.3019	5	1535	0.7946	false	medium	operational_monomer_cluster;observed_consensus_representative;uncalibrated_confidence;cluster_identity=0.95
TXF001731	TXM001731	144	fa837eb959db513eb70229e78bfe4159	0.3194	5	1492	0.9169	false	high	operational_monomer_cluster;observed_consensus_representative;uncalibrated_confidence;cluster_identity=0.95
TXF001732	TXM001732	120	77f48e6ebac3cb4721f435ec8fee4497	0.4750	5	1475	0.7886	false	medium	operational_monomer_cluster;observed_consensus_representative;uncalibrated_confidence;cluster_identity=0.95
TXF001733	TXM001733	141	fb01d914ed413639589d992e2d7f1020	0.3546	5	1470	0.8067	false	medium	operational_monomer_cluster;observed_consensus_representative;uncalibrated_confidence;cluster_identity=0.95
TXF001734	TXM001734	66	ab377ec85f6ea576a8a026d6c70c1cfd	0.4394	5	1466	0.9199	false	high	operational_monomer_cluster;observed_consensus_representative;uncalibrated_confidence;cluster_identity=0.95
TXF001735	TXM001735	143	b770862239c8f49f576d85485b0a40a9	0.2168	5	1460	0.8926	false	medium	operational_monomer_cluster;observed_consensus_representative;uncalibrated_confidence;cluster_identity=0.95;possible_higher_order_or_partial:TXF001225-TXF001735
TXF001736	TXM001736	141	0053812fd56621d686c1b08fe59c64bc	0.3475	5	1455	0.7895	false	medium	operational_monomer_cluster;observed_consensus_representative;uncalibrated_confidence;cluster_identity=0.95
TXF001737	TXM001737	105	bfbe4c6d75eff9c755d879746707dc4b	0.4095	5	1454	0.8316	false	medium	operational_monomer_cluster;observed_consensus_representative;uncalibrated_confidence;cluster_identity=0.95;possible_higher_order_or_partial:TXF000530-TXF001737;possible_higher_order_or_partial:TXF000960-TXF001737
TXF001738	TXM001738	141	76e28e7b63040cc6482fe37ad179ad6b	0.4752	5	1453	0.9546	false	high	operational_monomer_cluster;observed_consensus_representative;uncalibrated_confidence;cluster_identity=0.95
TXF001739	TXM001739	96	3886ad313d5486540cdaad0aee2c86a0	0.5104	5	1453	0.8744	false	medium	operational_monomer_cluster;observed_consensus_representative;uncalibrated_confidence;cluster_identity=0.95
TXF001740	TXM001740	138	425343b8d344ed0d695bb4d8b38eda0f	0.2754	5	1445	0.9007	false	high	operational_monomer_cluster;observed_consensus_representative;uncalibrated_confidence;cluster_identity=0.95
TXF001741	TXM001741	140	aac9eacfc9c1339ca6ed1a9bf07a51ec	0.4214	5	1439	0.8205	false	medium	operational_monomer_cluster;observed_consensus_representative;uncalibrated_confidence;cluster_identity=0.95
TXF001742	TXM001742	143	7ea72299dfaba438a51272dd54f9fb2b	0.5315	5	1433	0.9119	false	high	operational_monomer_cluster;observed_consensus_representative;uncalibrated_confidence;cluster_identity=0.95
TXF001743	TXM001743	134	64aa7efc8cffa26557514273816cf709	0.3209	5	1431	0.8747	false	medium	operational_monomer_cluster;observed_consensus_representative;uncalibrated_confidence;cluster_identity=0.95
TXF001744	TXM001744	143	c39cde91a7fb800353683dad9a01591e	0.3916	5	1428	0.9832	false	high	operational_monomer_cluster;observed_consensus_representative;uncalibrated_confidence;cluster_identity=0.95
TXF001745	TXM001745	30	b59250f5458ea36aa075ec54ed81a978	0.3000	5	1409	0.8951	false	medium	operational_monomer_cluster;observed_consensus_representative;uncalibrated_confidence;cluster_identity=0.95
TXF001746	TXM001746	30	15ab7e0a934df34c438a58d529b6e3b5	0.4667	5	1403	0.8360	false	medium	operational_monomer_cluster;observed_consensus_representative;uncalibrated_confidence;cluster_identity=0.95
TXF001747	TXM001747	78	1edb89c747ad2d3059abd38d53ab8355	0.3846	5	1399	0.8853	false	medium	operational_monomer_cluster;observed_consensus_representative;uncalibrated_confidence;cluster_identity=0.95
TXF001748	TXM001748	136	dcf88d28784d87afd996c1978e810a14	0.2647	5	1394	0.9571	false	high	operational_monomer_cluster;observed_consensus_representative;uncalibrated_confidence;cluster_identity=0.95
TXF001749	TXM001749	135	8edfab38bd3055fbab49b8125f8ffde0	0.4000	5	1384	0.9090	false	high	operational_monomer_cluster;observed_consensus_representative;uncalibrated_confidence;cluster_identity=0.95
TXF001750	TXM001750	133	46ae148e7bf453916a4e4d210f880c36	0.2180	5	1373	0.9665	false	high	operational_monomer_cluster;observed_consensus_representative;uncalibrated_confidence;cluster_identity=0.95
TXF001751	TXM001751	124	064dfed0b61ab8682235c614a4bc9341	0.2581	5	1373	0.8530	false	medium	operational_monomer_cluster;observed_consensus_representative;uncalibrated_confidence;cluster_identity=0.95
TXF001752	TXM001752	135	daf8de4f7caf15069fe5b072a9eae35c	0.2667	5	1373	0.8676	false	medium	operational_monomer_cluster;observed_consensus_representative;uncalibrated_confidence;cluster_identity=0.95
TXF001753	TXM001753	135	affd60b0ec979b68c43e62be088dd131	0.2370	5	1366	0.8574	false	medium	operational_monomer_cluster;observed_consensus_representative;uncalibrated_confidence;cluster_identity=0.95
TXF001754	TXM001754	74	3eb72e644ede54cd26856b90c3a5a095	0.3243	5	1366	0.8355	false	medium	operational_monomer_cluster;observed_consensus_representative;uncalibrated_confidence;cluster_identity=0.95
TXF001755	TXM001755	75	ace3c75f59341d10cfadeb36fcca60b1	0.2933	5	1365	0.8382	false	medium	operational_monomer_cluster;observed_consensus_representative;uncalibrated_confidence;cluster_identity=0.95
TXF001756	TXM001756	133	d70b08086db77ecb432b2fb932cdeb16	0.3383	5	1359	0.8455	false	medium	operational_monomer_cluster;observed_consensus_representative;uncalibrated_confidence;cluster_identity=0.95
TXF001757	TXM001757	82	fdeb50505e5967abea1723706e7926db	0.4512	5	1344	0.8395	false	medium	operational_monomer_cluster;observed_consensus_representative;uncalibrated_confidence;cluster_identity=0.95
TXF001758	TXM001758	129	8aec60c2dc8354deddd69935abd51cc7	0.4806	5	1341	0.8379	false	medium	operational_monomer_cluster;observed_consensus_representative;uncalibrated_confidence;cluster_identity=0.95
TXF001759	TXM001759	32	2a365f840aad4c70207e7c0bb6ce6570	0.1562	5	1335	0.8344	false	medium	operational_monomer_cluster;observed_consensus_representative;uncalibrated_confidence;cluster_identity=0.95;possible_higher_order_or_partial:TXF000029-TXF001759;possible_higher_order_or_partial:TXF000193-TXF001759
TXF001760	TXM001760	132	c073a94ce52de89375ffe95bb65ada66	0.2424	5	1326	0.8709	false	medium	operational_monomer_cluster;observed_consensus_representative;uncalibrated_confidence;cluster_identity=0.95
TXF001761	TXM001761	86	962a493af14880cdabbd8e134d71ae32	0.2209	5	1322	0.8602	false	medium	operational_monomer_cluster;observed_consensus_representative;uncalibrated_confidence;cluster_identity=0.95
TXF001762	TXM001762	81	a5ee4707196da56038eb4553c187a488	0.6667	5	1312	0.9005	false	high	operational_monomer_cluster;observed_consensus_representative;uncalibrated_confidence;cluster_identity=0.95
TXF001763	TXM001763	125	99a3aae869518b772b7a1503ea538bd6	0.2400	5	1310	0.8188	false	medium	operational_monomer_cluster;observed_consensus_representative;uncalibrated_confidence;cluster_identity=0.95
TXF001764	TXM001764	84	3ba30ceb1a44eaf7372331e095dee6c1	0.4048	5	1308	0.8527	false	medium	operational_monomer_cluster;observed_consensus_representative;uncalibrated_confidence;cluster_identity=0.95
TXF001765	TXM001765	124	1b15a5f329c0089281b71b1688c927df	0.2258	5	1297	0.8681	false	medium	operational_monomer_cluster;observed_consensus_representative;uncalibrated_confidence;cluster_identity=0.95
TXF001766	TXM001766	85	9f24edd838564b8f6b671bf91bb3dbb2	0.3176	5	1274	0.8503	false	medium	operational_monomer_cluster;observed_consensus_representative;uncalibrated_confidence;cluster_identity=0.95
TXF001767	TXM001767	124	6c6f87b972fa9b9b5a58af0214168d97	0.4032	5	1269	0.9215	false	high	operational_monomer_cluster;observed_consensus_representative;uncalibrated_confidence;cluster_identity=0.95
TXF001768	TXM001768	92	0b2d947ed58ce0efb0778ade41a544d5	0.3043	5	1258	0.8344	false	medium	operational_monomer_cluster;observed_consensus_representative;uncalibrated_confidence;cluster_identity=0.95
TXF001769	TXM001769	79	5e3bcd91d36e941e41a7a0fb4681599f	0.4177	5	1243	0.9327	false	high	operational_monomer_cluster;observed_consensus_representative;uncalibrated_confidence;cluster_identity=0.95;possible_higher_order_or_partial:TXF000062-TXF001769;possible_higher_order_or_partial:TXF000177-TXF001769
TXF001770	TXM001770	115	388b015502793d4f06da1c7d41ee1846	0.3391	5	1241	0.8799	false	medium	operational_monomer_cluster;observed_consensus_representative;uncalibrated_confidence;cluster_identity=0.95
TXF001771	TXM001771	51	257c32130d26972fc30b5333b6e08f33	0.4118	5	1240	0.9137	false	high	operational_monomer_cluster;observed_consensus_representative;uncalibrated_confidence;cluster_identity=0.95
TXF001772	TXM001772	92	592ef077b4c55e6bc1f065c8e5df86f0	0.2609	5	1239	0.8647	false	medium	operational_monomer_cluster;observed_consensus_representative;uncalibrated_confidence;cluster_identity=0.95
TXF001773	TXM001773	123	7605c8b614923676671c8bed8a445da4	0.4797	5	1236	0.8254	false	medium	operational_monomer_cluster;observed_consensus_representative;uncalibrated_confidence;cluster_identity=0.95
TXF001774	TXM001774	117	ac55d1488c7d7853a692a206722e3222	0.4103	5	1235	0.9308	false	high	operational_monomer_cluster;observed_consensus_representative;uncalibrated_confidence;cluster_identity=0.95
TXF001775	TXM001775	120	eb75984b7bf9f4eb4bcc8e7fcdb3ff96	0.3000	5	1218	0.8016	false	medium	operational_monomer_cluster;observed_consensus_representative;uncalibrated_confidence;cluster_identity=0.95
TXF001776	TXM001776	103	c89e03b6afbbe90414af6d89fc2daecd	0.2816	5	1216	0.8213	false	medium	operational_monomer_cluster;observed_consensus_representative;uncalibrated_confidence;cluster_identity=0.95
TXF001777	TXM001777	105	372015689cc7525906608dece5f893b5	0.4286	5	1196	0.8331	false	medium	operational_monomer_cluster;observed_consensus_representative;uncalibrated_confidence;cluster_identity=0.95
TXF001778	TXM001778	115	b80828bbffc7e0eaeceb5036ccff0fc2	0.2435	5	1195	0.8774	false	medium	operational_monomer_cluster;observed_consensus_representative;uncalibrated_confidence;cluster_identity=0.95
TXF001779	TXM001779	91	96684310629f4605433a633eee3b0a01	0.1319	5	1187	0.8389	false	medium	operational_monomer_cluster;observed_consensus_representative;uncalibrated_confidence;cluster_identity=0.95
TXF001780	TXM001780	117	a21ca7031fd29b1ba38727eb2c27a353	0.4444	5	1175	0.8624	false	medium	operational_monomer_cluster;observed_consensus_representative;uncalibrated_confidence;cluster_identity=0.95
TXF001781	TXM001781	87	594af277cc3788847331ab282faaffb1	0.1724	5	1164	0.8694	false	medium	operational_monomer_cluster;observed_consensus_representative;uncalibrated_confidence;cluster_identity=0.95
TXF001782	TXM001782	110	26253aba275bc1f19030d3d48528d811	0.2364	5	1163	0.8962	false	medium	operational_monomer_cluster;observed_consensus_representative;uncalibrated_confidence;cluster_identity=0.95
TXF001783	TXM001783	82	bc6455c094bc6101ea83519c8ced5ce6	0.2683	5	1163	0.8693	false	medium	operational_monomer_cluster;observed_consensus_representative;uncalibrated_confidence;cluster_identity=0.95;possible_higher_order_or_partial:TXF001783-TXF001784
TXF001784	TXM001784	82	0964392ef03099079105b4cd8fd9c168	0.2439	5	1158	0.8645	false	medium	operational_monomer_cluster;observed_consensus_representative;uncalibrated_confidence;cluster_identity=0.95;possible_higher_order_or_partial:TXF001783-TXF001784
TXF001785	TXM001785	90	dfbd43f8fdc1eb23d6f5d25ee0599854	0.2889	5	1155	0.8652	false	medium	operational_monomer_cluster;observed_consensus_representative;uncalibrated_confidence;cluster_identity=0.95
TXF001786	TXM001786	111	eec79c5ec4f01d62c05a4e34524d7338	0.2793	5	1152	0.9156	false	high	operational_monomer_cluster;observed_consensus_representative;uncalibrated_confidence;cluster_identity=0.95
TXF001787	TXM001787	113	316776ab8736460d8a60eaea89d5c2c9	0.1327	5	1150	0.8235	false	medium	operational_monomer_cluster;observed_consensus_representative;uncalibrated_confidence;cluster_identity=0.95
TXF001788	TXM001788	111	2c72ab45bab75f69e1881f8a97dde44c	0.2973	5	1141	0.8452	false	medium	operational_monomer_cluster;observed_consensus_representative;uncalibrated_confidence;cluster_identity=0.95
TXF001789	TXM001789	45	b4186c444d9c72915d8bd655c352285a	0.4444	5	1140	0.9088	false	high	operational_monomer_cluster;observed_consensus_representative;uncalibrated_confidence;cluster_identity=0.95
TXF001790	TXM001790	39	a069b4ec8ec4f9f6709653bcbb1767eb	0.6154	5	1139	0.8346	false	medium	operational_monomer_cluster;observed_consensus_representative;uncalibrated_confidence;cluster_identity=0.95
TXF001791	TXM001791	111	9078282a8b36bc41679ad74f6f180137	0.4414	5	1130	0.8108	false	medium	operational_monomer_cluster;observed_consensus_representative;uncalibrated_confidence;cluster_identity=0.95
TXF001792	TXM001792	68	2927f46ed21cfd32308c9009184cb04b	0.3824	5	1126	0.9302	false	high	operational_monomer_cluster;observed_consensus_representative;uncalibrated_confidence;cluster_identity=0.95;possible_higher_order_or_partial:TXF000460-TXF001792
TXF001793	TXM001793	105	cc6c0cea45110439b277adfee4591024	0.5810	5	1125	0.8488	false	medium	operational_monomer_cluster;observed_consensus_representative;uncalibrated_confidence;cluster_identity=0.95;possible_higher_order_or_partial:TXF000022-TXF001793;possible_higher_order_or_partial:TXF000035-TXF001793;possible_higher_order_or_partial:TXF000036-TXF001793;possible_higher_order_or_partial:TXF000102-TXF001793;possible_higher_order_or_partial:TXF000157-TXF001793;possible_higher_order_or_partial:TXF000173-TXF001793;possible_higher_order_or_partial:TXF000201-TXF001793;possible_higher_order_or_partial:TXF000434-TXF001793;possible_higher_order_or_partial:TXF001557-TXF001793;possible_higher_order_or_partial:TXF001621-TXF001793
TXF001794	TXM001794	111	9bdd1dddaf63208c6ab81caa0f9a8495	0.2703	5	1123	0.9860	false	high	operational_monomer_cluster;observed_consensus_representative;uncalibrated_confidence;cluster_identity=0.95
TXF001795	TXM001795	81	3eda25b175702c16cf1226f23c66162d	0.4321	5	1121	0.8140	false	medium	operational_monomer_cluster;observed_consensus_representative;uncalibrated_confidence;cluster_identity=0.95
TXF001796	TXM001796	96	3ef75070241d7ea267061e1c1df1efea	0.3750	5	1115	0.8174	false	medium	operational_monomer_cluster;observed_consensus_representative;uncalibrated_confidence;cluster_identity=0.95
TXF001797	TXM001797	105	f310dfae36dd3d7c80e0590deeccdaea	0.4000	5	1107	0.8658	false	medium	operational_monomer_cluster;observed_consensus_representative;uncalibrated_confidence;cluster_identity=0.95;possible_higher_order_or_partial:TXF000166-TXF001797;possible_higher_order_or_partial:TXF001043-TXF001797
TXF001798	TXM001798	78	de37711f88a3c6309e15c2590746b4f2	0.6282	5	1104	0.9357	false	high	operational_monomer_cluster;observed_consensus_representative;uncalibrated_confidence;cluster_identity=0.95;possible_higher_order_or_partial:TXF000618-TXF001798;possible_higher_order_or_partial:TXF001798-TXF001922
TXF001799	TXM001799	107	d35c96f1ca7f19c2087db148bb0036c7	0.3645	5	1102	0.9700	false	high	operational_monomer_cluster;observed_consensus_representative;uncalibrated_confidence;cluster_identity=0.95
TXF001800	TXM001800	104	3c82bfc6bcfe11986558c86ad86d1128	0.3077	5	1096	0.9464	false	high	operational_monomer_cluster;observed_consensus_representative;uncalibrated_confidence;cluster_identity=0.95
TXF001801	TXM001801	107	91271e8f756871341ff4a80b425ea0a5	0.3271	5	1095	0.8700	false	medium	operational_monomer_cluster;observed_consensus_representative;uncalibrated_confidence;cluster_identity=0.95
TXF001802	TXM001802	67	9623f573d1d813feabef141be6bbac2f	0.3134	5	1089	0.8076	false	medium	operational_monomer_cluster;observed_consensus_representative;uncalibrated_confidence;cluster_identity=0.95
TXF001803	TXM001803	89	5b065da03b5b780c629afebcb3f73bab	0.3258	5	1071	0.8949	false	medium	operational_monomer_cluster;observed_consensus_representative;uncalibrated_confidence;cluster_identity=0.95
TXF001804	TXM001804	104	e00b0b3ca1a630ba4508174ed4df4a6f	0.4038	5	1066	0.8460	false	medium	operational_monomer_cluster;observed_consensus_representative;uncalibrated_confidence;cluster_identity=0.95
TXF001805	TXM001805	92	a3239451b5b73720ea14dc1723d180e5	0.1196	5	1064	0.8195	false	medium	operational_monomer_cluster;observed_consensus_representative;uncalibrated_confidence;cluster_identity=0.95;possible_higher_order_or_partial:TXF000032-TXF001805;possible_higher_order_or_partial:TXF000664-TXF001805;possible_higher_order_or_partial:TXF000665-TXF001805;possible_higher_order_or_partial:TXF001097-TXF001805;possible_higher_order_or_partial:TXF001279-TXF001805
TXF001806	TXM001806	96	cc76e4d44058b6426d43aaea8a668327	0.1562	5	1058	0.8538	false	medium	operational_monomer_cluster;observed_consensus_representative;uncalibrated_confidence;cluster_identity=0.95;possible_higher_order_or_partial:TXF001097-TXF001806
TXF001807	TXM001807	33	31b906e0da2f3d1bf740c226fdf9b291	0.6061	5	1057	0.7997	false	medium	operational_monomer_cluster;observed_consensus_representative;uncalibrated_confidence;cluster_identity=0.95
TXF001808	TXM001808	43	7c665bed4bb1a25f80f6ad70d1a45d24	0.3953	5	1056	0.8305	false	medium	operational_monomer_cluster;observed_consensus_representative;uncalibrated_confidence;cluster_identity=0.95
TXF001809	TXM001809	99	5d57baf2760a1a5be3942e8a5f10f243	0.3535	5	1052	0.8599	false	medium	operational_monomer_cluster;observed_consensus_representative;uncalibrated_confidence;cluster_identity=0.95;possible_higher_order_or_partial:TXF001287-TXF001809
TXF001810	TXM001810	103	152a01c5b157bdaffec553b0c16f12c0	0.3010	5	1050	0.9049	false	high	operational_monomer_cluster;observed_consensus_representative;uncalibrated_confidence;cluster_identity=0.95
TXF001811	TXM001811	42	7859d56818bb674eb17a4df35d2d7d2f	0.2381	5	1037	0.8981	false	medium	operational_monomer_cluster;observed_consensus_representative;uncalibrated_confidence;cluster_identity=0.95
TXF001812	TXM001812	66	c1e97464d013421c8881f08686cc53e1	0.4394	5	1030	0.8786	false	medium	operational_monomer_cluster;observed_consensus_representative;uncalibrated_confidence;cluster_identity=0.95
TXF001813	TXM001813	101	a82fe57de4991998d40ac9cedbb01657	0.2871	5	1020	0.8164	false	medium	operational_monomer_cluster;observed_consensus_representative;uncalibrated_confidence;cluster_identity=0.95
TXF001814	TXM001814	56	9f7e02de934035196fa3eca57bda8fdd	0.3214	5	1016	0.9226	false	high	operational_monomer_cluster;observed_consensus_representative;uncalibrated_confidence;cluster_identity=0.95
TXF001815	TXM001815	67	8b4f65c2547d7f5901484b9077231a48	0.2239	5	1009	0.9461	false	high	operational_monomer_cluster;observed_consensus_representative;uncalibrated_confidence;cluster_identity=0.95
TXF001816	TXM001816	81	cc0411210141b0171ec7fabe6906187f	0.3333	5	1008	0.8308	false	medium	operational_monomer_cluster;observed_consensus_representative;uncalibrated_confidence;cluster_identity=0.95
TXF001817	TXM001817	100	5a2cb43f1af5547f6cba7f5f944a961f	0.1700	5	1007	0.9233	false	high	operational_monomer_cluster;observed_consensus_representative;uncalibrated_confidence;cluster_identity=0.95
TXF001818	TXM001818	72	7a6e3825b2ac48647a0532e3517af4ca	0.3611	5	1000	0.9125	false	high	operational_monomer_cluster;observed_consensus_representative;uncalibrated_confidence;cluster_identity=0.95
TXF001819	TXM001819	93	649774dad333263c8d2f6d4f0bcba32d	0.3226	5	999	0.8860	false	medium	operational_monomer_cluster;observed_consensus_representative;uncalibrated_confidence;cluster_identity=0.95
TXF001820	TXM001820	98	24de23b340600ad00e2a42104a49670d	0.2653	5	996	0.9921	false	high	operational_monomer_cluster;observed_consensus_representative;uncalibrated_confidence;cluster_identity=0.95
TXF001821	TXM001821	46	460ed53d49e6fd5dac151f9a5e4e4a16	0.3261	5	991	0.9061	false	high	operational_monomer_cluster;observed_consensus_representative;uncalibrated_confidence;cluster_identity=0.95
TXF001822	TXM001822	59	c4bce685823ca5cec4242a073794138f	0.5085	5	990	0.8451	false	medium	operational_monomer_cluster;observed_consensus_representative;uncalibrated_confidence;cluster_identity=0.95;likely_redundant:TXF000050-TXF001822
TXF001823	TXM001823	97	6e7af4d6cf43f3a38d18d6238b9ab6f6	0.4330	5	984	0.7883	false	medium	operational_monomer_cluster;observed_consensus_representative;uncalibrated_confidence;cluster_identity=0.95
TXF001824	TXM001824	59	a4cd9358a3160ad3d5f214ec6ef5e43f	0.3220	5	978	0.8626	false	medium	operational_monomer_cluster;observed_consensus_representative;uncalibrated_confidence;cluster_identity=0.95
TXF001825	TXM001825	51	ff441179f18833aa23cf34888c39fcee	0.2353	5	977	0.9644	false	high	operational_monomer_cluster;observed_consensus_representative;uncalibrated_confidence;cluster_identity=0.95
TXF001826	TXM001826	69	ab1426d933aa865383268a26afe20a12	0.3913	5	974	0.8769	false	medium	operational_monomer_cluster;observed_consensus_representative;uncalibrated_confidence;cluster_identity=0.95
TXF001827	TXM001827	40	2d4f47caa5fcc0eafb3161d22be9b601	0.4500	5	965	0.9004	false	high	operational_monomer_cluster;observed_consensus_representative;uncalibrated_confidence;cluster_identity=0.95
TXF001828	TXM001828	82	81111d9391203fbd8fbefc55570b2cee	0.2805	5	961	0.7969	false	medium	operational_monomer_cluster;observed_consensus_representative;uncalibrated_confidence;cluster_identity=0.95
TXF001829	TXM001829	96	d66305336c5326dcc87cc98a14732440	0.4062	5	959	0.8121	false	medium	operational_monomer_cluster;observed_consensus_representative;uncalibrated_confidence;cluster_identity=0.95
TXF001830	TXM001830	93	b86945a1e889d9cda03a678e23f0d367	0.3548	5	959	0.8000	false	medium	operational_monomer_cluster;observed_consensus_representative;uncalibrated_confidence;cluster_identity=0.95
TXF001831	TXM001831	48	5eff34a8a91ff19d905a5f898252e376	0.4167	5	959	0.8354	false	medium	operational_monomer_cluster;observed_consensus_representative;uncalibrated_confidence;cluster_identity=0.95
TXF001832	TXM001832	57	ca21323faf86b348277f6abc994e516c	0.5088	5	955	0.8433	false	medium	operational_monomer_cluster;observed_consensus_representative;uncalibrated_confidence;cluster_identity=0.95
TXF001833	TXM001833	91	5b002738808bf0a1debfe49be1e7d944	0.3956	5	954	0.9868	false	high	operational_monomer_cluster;observed_consensus_representative;uncalibrated_confidence;cluster_identity=0.95
TXF001834	TXM001834	60	0abb9e3f3a10c194ee6bebd182d8bfa5	0.4333	5	949	0.7935	false	medium	operational_monomer_cluster;observed_consensus_representative;uncalibrated_confidence;cluster_identity=0.95
TXF001835	TXM001835	92	6fec833b3a684db6c488d22e5496d840	0.3261	5	945	0.8251	false	medium	operational_monomer_cluster;observed_consensus_representative;uncalibrated_confidence;cluster_identity=0.95
TXF001836	TXM001836	60	0d7ecc071bb4d8b69118c33b705154c6	0.4333	5	942	0.8865	false	medium	operational_monomer_cluster;observed_consensus_representative;uncalibrated_confidence;cluster_identity=0.95
TXF001837	TXM001837	84	484af6c7c93751353be66be5e3ae34f6	0.5476	5	938	0.8420	false	medium	operational_monomer_cluster;observed_consensus_representative;uncalibrated_confidence;cluster_identity=0.95
TXF001838	TXM001838	48	58f68c57c554e6e26174eaf8f8a1306c	0.4583	5	933	0.8420	false	medium	operational_monomer_cluster;observed_consensus_representative;uncalibrated_confidence;cluster_identity=0.95
TXF001839	TXM001839	90	224fe7104f6de30824f77fdc1f03bdcf	0.2667	5	926	0.8719	false	medium	operational_monomer_cluster;observed_consensus_representative;uncalibrated_confidence;cluster_identity=0.95
TXF001840	TXM001840	66	b3efb146bdae2df22680b58349d973d7	0.5000	5	924	0.8896	false	medium	operational_monomer_cluster;observed_consensus_representative;uncalibrated_confidence;cluster_identity=0.95
TXF001841	TXM001841	45	b435c9f2b0ea8795d6febc954ec7bfe6	0.5778	5	924	0.8747	false	medium	operational_monomer_cluster;observed_consensus_representative;uncalibrated_confidence;cluster_identity=0.95
TXF001842	TXM001842	90	6e72c832c886846fb7221180a1934f3a	0.3222	5	921	0.8595	false	medium	operational_monomer_cluster;observed_consensus_representative;uncalibrated_confidence;cluster_identity=0.95
TXF001843	TXM001843	90	30a82565d7cde5ff4ba8b947a6426cc6	0.3444	5	920	0.8174	false	medium	operational_monomer_cluster;observed_consensus_representative;uncalibrated_confidence;cluster_identity=0.95
TXF001844	TXM001844	62	f5ec82c58ab40354facb280f702f924d	0.3226	5	916	0.8419	false	medium	operational_monomer_cluster;observed_consensus_representative;uncalibrated_confidence;cluster_identity=0.95
TXF001845	TXM001845	90	2ded0ad647ecd33ee89b2b762866555d	0.3778	5	914	0.8170	false	medium	operational_monomer_cluster;observed_consensus_representative;uncalibrated_confidence;cluster_identity=0.95
TXF001846	TXM001846	84	858df55e999b02ad68c3e56994178698	0.5357	5	910	0.8847	false	medium	operational_monomer_cluster;observed_consensus_representative;uncalibrated_confidence;cluster_identity=0.95
TXF001847	TXM001847	86	c5a081479d777a2723bae873687e7b37	0.1512	5	905	0.8144	false	medium	operational_monomer_cluster;observed_consensus_representative;uncalibrated_confidence;cluster_identity=0.95
TXF001848	TXM001848	56	7f2e0df9d5895089e89f828ebb56b1ad	0.2857	5	904	0.8653	false	medium	operational_monomer_cluster;observed_consensus_representative;uncalibrated_confidence;cluster_identity=0.95;possible_higher_order_or_partial:TXF001661-TXF001848;possible_higher_order_or_partial:TXF001848-TXF001853
TXF001849	TXM001849	89	a7486e47dea78da7088ffd2a0cec6aff	0.2921	5	899	0.9605	false	high	operational_monomer_cluster;observed_consensus_representative;uncalibrated_confidence;cluster_identity=0.95
TXF001850	TXM001850	88	e128318ebb4cc629e0f5f7074c8ee9de	0.1932	5	892	0.9254	false	high	operational_monomer_cluster;observed_consensus_representative;uncalibrated_confidence;cluster_identity=0.95
TXF001851	TXM001851	62	553a5942632d39fb6daa483639cc2db0	0.3871	5	889	0.8776	false	medium	operational_monomer_cluster;observed_consensus_representative;uncalibrated_confidence;cluster_identity=0.95
TXF001852	TXM001852	61	366bbbd6213cf9951a99dd88bc32296d	0.3443	5	887	0.9037	false	high	operational_monomer_cluster;observed_consensus_representative;uncalibrated_confidence;cluster_identity=0.95
TXF001853	TXM001853	32	6916e2c0c1490e7b7a8c207274513831	0.3125	5	885	0.8188	false	medium	operational_monomer_cluster;observed_consensus_representative;uncalibrated_confidence;cluster_identity=0.95;possible_higher_order_or_partial:TXF001848-TXF001853
TXF001854	TXM001854	86	031a6e1bda87b2d04806d45acfdbde21	0.4070	5	876	0.9822	false	high	operational_monomer_cluster;observed_consensus_representative;uncalibrated_confidence;cluster_identity=0.95
TXF001855	TXM001855	39	d1de29cf7f49dc4e434dd86c5041aa84	0.3333	5	876	0.8318	false	medium	operational_monomer_cluster;observed_consensus_representative;uncalibrated_confidence;cluster_identity=0.95
TXF001856	TXM001856	39	cb4d133d2fac36672ea10e7fc599e724	0.5897	5	874	0.9324	false	high	operational_monomer_cluster;observed_consensus_representative;uncalibrated_confidence;cluster_identity=0.95
TXF001857	TXM001857	81	126e5b9949759f0477be4f67bbc8b1a2	0.4691	5	872	0.8624	false	medium	operational_monomer_cluster;observed_consensus_representative;uncalibrated_confidence;cluster_identity=0.95
TXF001858	TXM001858	83	bfa4b2c296ff2ddd4ba1f22eb648cc4a	0.3253	5	862	0.9352	false	high	operational_monomer_cluster;observed_consensus_representative;uncalibrated_confidence;cluster_identity=0.95;possible_higher_order_or_partial:TXF001334-TXF001858
TXF001859	TXM001859	66	201b31b790dd496c4fbb8ae90d88cdd9	0.2727	5	860	0.8582	false	medium	operational_monomer_cluster;observed_consensus_representative;uncalibrated_confidence;cluster_identity=0.95
TXF001860	TXM001860	48	c83c0cb49f5eed9d7f1ff99053776ab0	0.3750	5	860	0.8871	false	medium	operational_monomer_cluster;observed_consensus_representative;uncalibrated_confidence;cluster_identity=0.95;possible_higher_order_or_partial:TXF000368-TXF001860
TXF001861	TXM001861	80	fd3c9148018af8a77fd2ba5e6bee99fe	0.2625	5	859	0.8539	false	medium	operational_monomer_cluster;observed_consensus_representative;uncalibrated_confidence;cluster_identity=0.95
TXF001862	TXM001862	85	267845831e5899ee4afcff8816dbeed0	0.2941	5	859	0.9129	false	high	operational_monomer_cluster;observed_consensus_representative;uncalibrated_confidence;cluster_identity=0.95
TXF001863	TXM001863	76	c349cb51fe1eed342628695437f23ef2	0.3421	5	855	0.9335	false	high	operational_monomer_cluster;observed_consensus_representative;uncalibrated_confidence;cluster_identity=0.95
TXF001864	TXM001864	63	d0145e5e425a836c88faef34466a9adc	0.6349	5	851	0.7951	false	medium	operational_monomer_cluster;observed_consensus_representative;uncalibrated_confidence;cluster_identity=0.95
TXF001865	TXM001865	82	2d8954df4156199179a5a3ca655fcecb	0.5000	5	845	0.8023	false	medium	operational_monomer_cluster;observed_consensus_representative;uncalibrated_confidence;cluster_identity=0.95
TXF001866	TXM001866	74	338e020646468ceff7b92524031dae24	0.6892	5	844	0.8312	false	medium	operational_monomer_cluster;observed_consensus_representative;uncalibrated_confidence;cluster_identity=0.95
TXF001867	TXM001867	30	c1a4b47911319eac9f097c382e329d5c	0.6333	5	841	0.7982	false	medium	operational_monomer_cluster;observed_consensus_representative;uncalibrated_confidence;cluster_identity=0.95;possible_higher_order_or_partial:TXF001867-TXF001925
TXF001868	TXM001868	83	26884c3f198e85d479b112aebf42a72b	0.2048	5	836	0.9639	false	high	operational_monomer_cluster;observed_consensus_representative;uncalibrated_confidence;cluster_identity=0.95
TXF001869	TXM001869	82	24df4d660119f6f658f877b56d4254b0	0.2317	5	835	0.8588	false	medium	operational_monomer_cluster;observed_consensus_representative;uncalibrated_confidence;cluster_identity=0.95
TXF001870	TXM001870	54	6f1a23d328bb04dd1611afefc6788e12	0.4074	5	834	0.9274	false	high	operational_monomer_cluster;observed_consensus_representative;uncalibrated_confidence;cluster_identity=0.95
TXF001871	TXM001871	45	d9c11c242899a6a319e67dd80f9bfacd	0.5556	5	834	0.8640	false	medium	operational_monomer_cluster;observed_consensus_representative;uncalibrated_confidence;cluster_identity=0.95
TXF001872	TXM001872	71	efca2cb4dccb0704f4089e90be1a878e	0.5352	5	830	0.8670	false	medium	operational_monomer_cluster;observed_consensus_representative;uncalibrated_confidence;cluster_identity=0.95
TXF001873	TXM001873	50	d6cfdf1ff84b1eaa22d707c704562b55	0.1800	5	827	0.9521	false	high	operational_monomer_cluster;observed_consensus_representative;uncalibrated_confidence;cluster_identity=0.95
TXF001874	TXM001874	82	9fea3ab08cc84d0493c79af52fa111ce	0.3415	5	826	0.9015	false	high	operational_monomer_cluster;observed_consensus_representative;uncalibrated_confidence;cluster_identity=0.95
TXF001875	TXM001875	54	a7db267ab613a92c07426cd31166dea1	0.4815	5	823	0.8337	false	medium	operational_monomer_cluster;observed_consensus_representative;uncalibrated_confidence;cluster_identity=0.95
TXF001876	TXM001876	81	e90838e2354895d71bff019489ad585f	0.2593	5	822	0.8815	false	medium	operational_monomer_cluster;observed_consensus_representative;uncalibrated_confidence;cluster_identity=0.95
TXF001877	TXM001877	74	db37b196d42ad3049716663fec6366c7	0.2027	5	819	0.8901	false	medium	operational_monomer_cluster;observed_consensus_representative;uncalibrated_confidence;cluster_identity=0.95
TXF001878	TXM001878	63	c5176ec6a2dface5ef81bd3450b1c486	0.5238	5	819	0.8590	false	medium	operational_monomer_cluster;observed_consensus_representative;uncalibrated_confidence;cluster_identity=0.95
TXF001879	TXM001879	75	37bb24aa5c88a7d065cda2badc58d919	0.5733	5	817	0.8472	false	medium	operational_monomer_cluster;observed_consensus_representative;uncalibrated_confidence;cluster_identity=0.95
TXF001880	TXM001880	57	a35d22bfa50c4a7a0cf5bfaa4bb2a8cb	0.5965	5	815	0.8235	false	medium	operational_monomer_cluster;observed_consensus_representative;uncalibrated_confidence;cluster_identity=0.95;likely_redundant:TXF000457-TXF001880
TXF001881	TXM001881	78	02f9b2fc1de599f8ac0e1300aa042d36	0.4872	5	808	0.7896	false	medium	operational_monomer_cluster;observed_consensus_representative;uncalibrated_confidence;cluster_identity=0.95
TXF001882	TXM001882	77	d42de9ea377645253371c77da5261587	0.2857	5	801	0.8490	false	medium	operational_monomer_cluster;observed_consensus_representative;uncalibrated_confidence;cluster_identity=0.95
TXF001883	TXM001883	78	737cfd060c55fbbddb15bee2731346c4	0.4359	5	800	0.9494	false	high	operational_monomer_cluster;observed_consensus_representative;uncalibrated_confidence;cluster_identity=0.95
TXF001884	TXM001884	56	463583ad3fb23e0201c567d80a4c95e1	0.2857	5	800	0.8972	false	medium	operational_monomer_cluster;observed_consensus_representative;uncalibrated_confidence;cluster_identity=0.95
TXF001885	TXM001885	78	87f7d1d2f986217d36861b0937a8b96a	0.5000	5	787	0.9572	false	high	operational_monomer_cluster;observed_consensus_representative;uncalibrated_confidence;cluster_identity=0.95
TXF001886	TXM001886	69	1a0ba5bd2eaa8b6add546c5c89ca1be5	0.4638	5	786	0.8050	false	medium	operational_monomer_cluster;observed_consensus_representative;uncalibrated_confidence;cluster_identity=0.95
TXF001887	TXM001887	58	7847e6a8bfe5221523fac04f9f4799ad	0.2414	5	785	0.8303	false	medium	operational_monomer_cluster;observed_consensus_representative;uncalibrated_confidence;cluster_identity=0.95
TXF001888	TXM001888	78	891ce336d4723dc467e8711b7fb02541	0.2564	5	785	0.8875	false	medium	operational_monomer_cluster;observed_consensus_representative;uncalibrated_confidence;cluster_identity=0.95
TXF001889	TXM001889	36	f71500f192183fbdbbf26d5601b5988b	0.5556	5	785	0.8264	false	medium	operational_monomer_cluster;observed_consensus_representative;uncalibrated_confidence;cluster_identity=0.95
TXF001890	TXM001890	48	806003967e55ae01b4e945d400f5b3eb	0.6875	5	784	0.9945	false	high	operational_monomer_cluster;observed_consensus_representative;uncalibrated_confidence;cluster_identity=0.95
TXF001891	TXM001891	78	0a43510c6ba57fbcea590628ebf6beab	0.2692	5	782	0.8292	false	medium	operational_monomer_cluster;observed_consensus_representative;uncalibrated_confidence;cluster_identity=0.95
TXF001892	TXM001892	77	15f85a55712c02c55e246eb3dc42ffb2	0.3506	5	775	0.9487	false	high	operational_monomer_cluster;observed_consensus_representative;uncalibrated_confidence;cluster_identity=0.95
TXF001893	TXM001893	60	a1157864a0d6318eb837918d8c8afd9c	0.3000	5	769	0.8351	false	medium	operational_monomer_cluster;observed_consensus_representative;uncalibrated_confidence;cluster_identity=0.95
TXF001894	TXM001894	56	fcc07b225f2c2c232f982cfc196bd40b	0.3750	5	765	0.8356	false	medium	operational_monomer_cluster;observed_consensus_representative;uncalibrated_confidence;cluster_identity=0.95;possible_higher_order_or_partial:TXF000021-TXF001894;possible_higher_order_or_partial:TXF000084-TXF001894;possible_higher_order_or_partial:TXF000269-TXF001894;possible_higher_order_or_partial:TXF000328-TXF001894;possible_higher_order_or_partial:TXF000352-TXF001894;possible_higher_order_or_partial:TXF001157-TXF001894;possible_higher_order_or_partial:TXF001609-TXF001894
TXF001895	TXM001895	70	f71e737ae31ba215df9150eef312d002	0.3429	5	760	0.9173	false	high	operational_monomer_cluster;observed_consensus_representative;uncalibrated_confidence;cluster_identity=0.95
TXF001896	TXM001896	76	c7b677437ef1e310fd58404268814835	0.3684	5	760	0.7895	false	medium	operational_monomer_cluster;observed_consensus_representative;uncalibrated_confidence;cluster_identity=0.95
TXF001897	TXM001897	52	5b1ac6541dabb8a12bfd6821ef77f2bd	0.2500	5	760	0.8300	false	medium	operational_monomer_cluster;observed_consensus_representative;uncalibrated_confidence;cluster_identity=0.95
TXF001898	TXM001898	51	5b14bbc7225aeaea6630ed0b9139ee25	0.2549	5	756	0.8162	false	medium	operational_monomer_cluster;observed_consensus_representative;uncalibrated_confidence;cluster_identity=0.95
TXF001899	TXM001899	39	725f5db66ac43943493b8a4acbb13c71	0.4615	5	755	0.8571	false	medium	operational_monomer_cluster;observed_consensus_representative;uncalibrated_confidence;cluster_identity=0.95
TXF001900	TXM001900	54	bd96dda7f720c8f6a703e58bc3dca7fb	0.3889	5	746	0.9130	false	high	operational_monomer_cluster;observed_consensus_representative;uncalibrated_confidence;cluster_identity=0.95;possible_higher_order_or_partial:TXF000595-TXF001900
TXF001901	TXM001901	71	1bb178590d79d2f7322a8cbaee50faf9	0.2676	5	745	0.8310	false	medium	operational_monomer_cluster;observed_consensus_representative;uncalibrated_confidence;cluster_identity=0.95
TXF001902	TXM001902	73	47e7d98be7180abb1038738ac57dcf53	0.3151	5	735	0.8421	false	medium	operational_monomer_cluster;observed_consensus_representative;uncalibrated_confidence;cluster_identity=0.95
TXF001903	TXM001903	51	b8e980e58e2de322cfc71cc3260afb03	0.2353	5	730	0.8421	false	medium	operational_monomer_cluster;observed_consensus_representative;uncalibrated_confidence;cluster_identity=0.95
TXF001904	TXM001904	68	8b68b7d3e0d0c4a0e8a52fee40910893	0.2206	5	729	0.8974	false	medium	operational_monomer_cluster;observed_consensus_representative;uncalibrated_confidence;cluster_identity=0.95
TXF001905	TXM001905	55	be8ad2b610af21b8fc1b83640fe40e66	0.3273	5	725	0.8444	false	medium	operational_monomer_cluster;observed_consensus_representative;uncalibrated_confidence;cluster_identity=0.95
TXF001906	TXM001906	72	0308f6fe1288d52cb05cbbf81dae0752	0.2500	5	724	0.9480	false	high	operational_monomer_cluster;observed_consensus_representative;uncalibrated_confidence;cluster_identity=0.95
TXF001907	TXM001907	66	804fbf95d99b75534789f53ab956f9e9	0.4091	5	720	0.8333	false	medium	operational_monomer_cluster;observed_consensus_representative;uncalibrated_confidence;cluster_identity=0.95
TXF001908	TXM001908	63	41944e9c86fd11453baab386d62b1e0b	0.3333	5	720	0.9259	false	high	operational_monomer_cluster;observed_consensus_representative;uncalibrated_confidence;cluster_identity=0.95
TXF001909	TXM001909	46	ea858a67ca98e6686817c758f5353141	0.4783	5	720	0.8919	false	medium	operational_monomer_cluster;observed_consensus_representative;uncalibrated_confidence;cluster_identity=0.95
TXF001910	TXM001910	44	2c2c1151f89ff91f081b566037240ba9	0.3636	5	717	0.8354	false	medium	operational_monomer_cluster;observed_consensus_representative;uncalibrated_confidence;cluster_identity=0.95
TXF001911	TXM001911	46	52d6e212c277a181accea1d899b97933	0.5217	5	716	0.7883	false	medium	operational_monomer_cluster;observed_consensus_representative;uncalibrated_confidence;cluster_identity=0.95
TXF001912	TXM001912	64	28b2a27debb51ef96e5db6854a8cc53e	0.2656	5	715	0.8875	false	medium	operational_monomer_cluster;observed_consensus_representative;uncalibrated_confidence;cluster_identity=0.95
TXF001913	TXM001913	54	51444955ac96b2dc540ff564a0d73870	0.2407	5	710	0.9545	false	high	operational_monomer_cluster;observed_consensus_representative;uncalibrated_confidence;cluster_identity=0.95
TXF001914	TXM001914	60	c66df448c45e8fd503c05aba791a05bf	0.4667	5	710	0.9268	false	high	operational_monomer_cluster;observed_consensus_representative;uncalibrated_confidence;cluster_identity=0.95
TXF001915	TXM001915	52	4b974ce3ba6d6d8dd738fe3095b0bf6f	0.2115	5	705	0.8462	false	medium	operational_monomer_cluster;observed_consensus_representative;uncalibrated_confidence;cluster_identity=0.95
TXF001916	TXM001916	48	9f0671ddae12fe639d7f8465872b1f16	0.2500	5	701	0.8287	false	medium	operational_monomer_cluster;observed_consensus_representative;uncalibrated_confidence;cluster_identity=0.95
TXF001917	TXM001917	68	50993a2de85a7a03e9f77585b2eee85a	0.3529	5	700	0.8116	false	medium	operational_monomer_cluster;observed_consensus_representative;uncalibrated_confidence;cluster_identity=0.95
TXF001918	TXM001918	63	2f68b8bbb3d4d3ff0c716bb19c6a1e0a	0.5556	5	699	0.8442	false	medium	operational_monomer_cluster;observed_consensus_representative;uncalibrated_confidence;cluster_identity=0.95
TXF001919	TXM001919	66	5f127a7951aabcbd613b69e9098ff017	0.2576	5	697	0.8721	false	medium	operational_monomer_cluster;observed_consensus_representative;uncalibrated_confidence;cluster_identity=0.95
TXF001920	TXM001920	67	3a8a0795cad1e9568dde2ffbd8299431	0.4030	5	697	0.8934	false	medium	operational_monomer_cluster;observed_consensus_representative;uncalibrated_confidence;cluster_identity=0.95
TXF001921	TXM001921	52	4f53278b5fe7a91039b3d4f3fa5db79c	0.0769	5	696	0.8989	false	medium	operational_monomer_cluster;observed_consensus_representative;uncalibrated_confidence;cluster_identity=0.95
TXF001922	TXM001922	52	623299035c74265d4572ba5d63d10626	0.6154	5	696	0.7937	false	medium	operational_monomer_cluster;observed_consensus_representative;uncalibrated_confidence;cluster_identity=0.95;possible_higher_order_or_partial:TXF000618-TXF001922;possible_higher_order_or_partial:TXF001120-TXF001922;possible_higher_order_or_partial:TXF001798-TXF001922
TXF001923	TXM001923	57	9e64d1447c1fe9099bfa5c964267fd42	0.4211	5	695	0.8171	false	medium	operational_monomer_cluster;observed_consensus_representative;uncalibrated_confidence;cluster_identity=0.95
TXF001924	TXM001924	51	8bc13c30ec5e77fa33e5d8e4f6a530bf	0.3725	5	694	0.8067	false	medium	operational_monomer_cluster;observed_consensus_representative;uncalibrated_confidence;cluster_identity=0.95
TXF001925	TXM001925	30	7ce3b39745bb540b3f3f05e15b939739	0.6667	5	694	0.8058	false	medium	operational_monomer_cluster;observed_consensus_representative;uncalibrated_confidence;cluster_identity=0.95;possible_higher_order_or_partial:TXF001867-TXF001925
TXF001926	TXM001926	52	38057c2fb2f3f536d26397bcfa9cd85b	0.2885	5	690	0.8851	false	medium	operational_monomer_cluster;observed_consensus_representative;uncalibrated_confidence;cluster_identity=0.95
TXF001927	TXM001927	63	d6262a538255a4d35f41d9c5df689f78	0.5873	5	690	0.8000	false	medium	operational_monomer_cluster;observed_consensus_representative;uncalibrated_confidence;cluster_identity=0.95
TXF001928	TXM001928	54	709055b14151478017ae6bfeaeec550e	0.4074	5	689	0.8467	false	medium	operational_monomer_cluster;observed_consensus_representative;uncalibrated_confidence;cluster_identity=0.95
TXF001929	TXM001929	42	0d2bae81da898780dc7a2a03b660eadc	0.5000	5	686	0.8822	false	medium	operational_monomer_cluster;observed_consensus_representative;uncalibrated_confidence;cluster_identity=0.95
TXF001930	TXM001930	64	54ace52288c85fe8639ee22c672a2755	0.2188	5	684	0.9258	false	high	operational_monomer_cluster;observed_consensus_representative;uncalibrated_confidence;cluster_identity=0.95
TXF001931	TXM001931	36	d776ce8553a9c7f435b2f0997b262c22	0.3889	5	684	0.8792	false	medium	operational_monomer_cluster;observed_consensus_representative;uncalibrated_confidence;cluster_identity=0.95
TXF001932	TXM001932	41	26ff91002036f824273638b514b1a593	0.6585	5	681	0.8940	false	medium	operational_monomer_cluster;observed_consensus_representative;uncalibrated_confidence;cluster_identity=0.95
TXF001933	TXM001933	63	29c5285dd92bdd45f1688b44977d2cea	0.3651	5	677	0.9532	false	high	operational_monomer_cluster;observed_consensus_representative;uncalibrated_confidence;cluster_identity=0.95
TXF001934	TXM001934	34	eb4e016f900e815ae066da7b9378a6ac	0.5294	5	677	0.9083	false	high	operational_monomer_cluster;observed_consensus_representative;uncalibrated_confidence;cluster_identity=0.95
TXF001935	TXM001935	66	26e3f0594c2818d783184d7221979391	0.2727	5	674	0.8772	false	medium	operational_monomer_cluster;observed_consensus_representative;uncalibrated_confidence;cluster_identity=0.95
TXF001936	TXM001936	51	8500400f2021df24fa2bf20ccae4c6e4	0.3137	5	672	0.8891	false	medium	operational_monomer_cluster;observed_consensus_representative;uncalibrated_confidence;cluster_identity=0.95
TXF001937	TXM001937	66	527e2cf0c586855eab8f8cb7d3e9e363	0.1970	5	670	0.8986	false	medium	operational_monomer_cluster;observed_consensus_representative;uncalibrated_confidence;cluster_identity=0.95
TXF001938	TXM001938	62	ae6e2ef8a4f952f033e4b0d7b631b6f2	0.2097	5	670	0.9167	false	high	operational_monomer_cluster;observed_consensus_representative;uncalibrated_confidence;cluster_identity=0.95
TXF001939	TXM001939	32	0f8f17e9044541f8beb8d3b4688524b7	0.3125	5	669	0.8152	false	medium	operational_monomer_cluster;observed_consensus_representative;uncalibrated_confidence;cluster_identity=0.95
TXF001940	TXM001940	33	8e21c77b8d4d232ae0c382ad5fb6fc6b	0.1818	5	665	0.8600	false	medium	operational_monomer_cluster;observed_consensus_representative;uncalibrated_confidence;cluster_identity=0.95
TXF001941	TXM001941	64	63f36483ced2130165d9a87577a5fef5	0.2656	5	665	0.9420	false	high	operational_monomer_cluster;observed_consensus_representative;uncalibrated_confidence;cluster_identity=0.95
TXF001942	TXM001942	39	d05a9b38e33a6b0dfa4c8e6edced1ec4	0.6154	5	661	0.8387	false	medium	operational_monomer_cluster;observed_consensus_representative;uncalibrated_confidence;cluster_identity=0.95
TXF001943	TXM001943	60	6aeb78bc8ba72fb8dd45e632bd921cbe	0.5500	5	660	0.8056	false	medium	operational_monomer_cluster;observed_consensus_representative;uncalibrated_confidence;cluster_identity=0.95
TXF001944	TXM001944	64	531b14a5da4bdc6848287e53a73cc059	0.3125	5	656	0.8929	false	medium	operational_monomer_cluster;observed_consensus_representative;uncalibrated_confidence;cluster_identity=0.95
TXF001945	TXM001945	63	e71491826e3660951a7a14743be2193d	0.3651	5	655	0.7937	false	medium	operational_monomer_cluster;observed_consensus_representative;uncalibrated_confidence;cluster_identity=0.95
TXF001946	TXM001946	54	08dffaf54fc7ed58c04451cf7f8a3c75	0.3333	5	655	0.8442	false	medium	operational_monomer_cluster;observed_consensus_representative;uncalibrated_confidence;cluster_identity=0.95
TXF001947	TXM001947	39	110e6bef4494175b82120ce11bdba217	0.4359	5	655	0.7895	false	medium	operational_monomer_cluster;observed_consensus_representative;uncalibrated_confidence;cluster_identity=0.95
TXF001948	TXM001948	59	cca0e2232e712c765c24b87eb1790d32	0.2712	5	654	0.8306	false	medium	operational_monomer_cluster;observed_consensus_representative;uncalibrated_confidence;cluster_identity=0.95
TXF001949	TXM001949	62	2deeb310d2195af063ed544216fc8d8e	0.4516	5	654	0.7846	false	medium	operational_monomer_cluster;observed_consensus_representative;uncalibrated_confidence;cluster_identity=0.95
TXF001950	TXM001950	64	c345678dd49601cf0e6c115c23b9f28e	0.2812	5	650	0.7910	false	medium	operational_monomer_cluster;observed_consensus_representative;uncalibrated_confidence;cluster_identity=0.95
TXF001951	TXM001951	62	5552e093d3dfd0701b3835cdeaf16d9d	0.2097	5	649	0.9353	false	high	operational_monomer_cluster;observed_consensus_representative;uncalibrated_confidence;cluster_identity=0.95
TXF001952	TXM001952	42	a9d812817c09ddaf09cf3bcc2556b34f	0.1905	5	647	0.8783	false	medium	operational_monomer_cluster;observed_consensus_representative;uncalibrated_confidence;cluster_identity=0.95
TXF001953	TXM001953	49	74e3ef453ce02d94e9335e3f34759f9d	0.3673	5	646	0.8616	false	medium	operational_monomer_cluster;observed_consensus_representative;uncalibrated_confidence;cluster_identity=0.95
TXF001954	TXM001954	62	232b16443b51d0bcd92044a388f25f09	0.2903	5	646	0.8154	false	medium	operational_monomer_cluster;observed_consensus_representative;uncalibrated_confidence;cluster_identity=0.95
TXF001955	TXM001955	42	8f620ae708b203c22ca8931e16d0114a	0.3333	5	642	0.8719	false	medium	operational_monomer_cluster;observed_consensus_representative;uncalibrated_confidence;cluster_identity=0.95
TXF001956	TXM001956	47	268efeb8129db058f118ae4d6e821db8	0.5319	5	641	0.8500	false	medium	operational_monomer_cluster;observed_consensus_representative;uncalibrated_confidence;cluster_identity=0.95
TXF001957	TXM001957	43	865e9f4458724609e44b4ed2fc8dac79	0.4419	5	639	0.8116	false	medium	operational_monomer_cluster;observed_consensus_representative;uncalibrated_confidence;cluster_identity=0.95
TXF001958	TXM001958	41	8eeaa49f9a8538efdc36afba3d24389f	0.1951	5	638	0.8371	false	medium	operational_monomer_cluster;observed_consensus_representative;uncalibrated_confidence;cluster_identity=0.95
TXF001959	TXM001959	56	e83b0b6fa4aeef169407f9dcded92cde	0.2500	5	637	0.8712	false	medium	operational_monomer_cluster;observed_consensus_representative;uncalibrated_confidence;cluster_identity=0.95
TXF001960	TXM001960	54	45fdb3c09fa1ebf95eab7671e7f6262a	0.3704	5	636	0.9427	false	high	operational_monomer_cluster;observed_consensus_representative;uncalibrated_confidence;cluster_identity=0.95
TXF001961	TXM001961	59	f898262029a46d32c0ce95de931e0755	0.2373	5	635	0.8261	false	medium	operational_monomer_cluster;observed_consensus_representative;uncalibrated_confidence;cluster_identity=0.95
TXF001962	TXM001962	50	4bc3eee39d7e5641ab389b0a348130b4	0.2600	5	635	0.8783	false	medium	operational_monomer_cluster;observed_consensus_representative;uncalibrated_confidence;cluster_identity=0.95
TXF001963	TXM001963	59	6f709461a70d96672b0f2ae1580e86b8	0.1695	5	634	0.8714	false	medium	operational_monomer_cluster;observed_consensus_representative;uncalibrated_confidence;cluster_identity=0.95
TXF001964	TXM001964	62	a668489b0c79e67f33d464af844da5e8	0.3710	5	629	0.9355	false	high	operational_monomer_cluster;observed_consensus_representative;uncalibrated_confidence;cluster_identity=0.95
TXF001965	TXM001965	61	c764bba2071b982ca0e55fffff2d48df	0.2295	5	626	0.9969	false	high	operational_monomer_cluster;observed_consensus_representative;uncalibrated_confidence;cluster_identity=0.95
TXF001966	TXM001966	62	9e094597c13df0f92b810bfa61cf94a5	0.2742	5	625	0.8750	false	medium	operational_monomer_cluster;observed_consensus_representative;uncalibrated_confidence;cluster_identity=0.95
TXF001967	TXM001967	31	834de3cf90e1eaef40c5bee64363e635	0.5161	5	625	0.8723	false	medium	operational_monomer_cluster;observed_consensus_representative;uncalibrated_confidence;cluster_identity=0.95;possible_higher_order_or_partial:TXF000044-TXF001967
TXF001968	TXM001968	48	200682c181611dd5b67700b7e036e43d	0.5833	5	625	0.8961	false	medium	operational_monomer_cluster;observed_consensus_representative;uncalibrated_confidence;cluster_identity=0.95
TXF001969	TXM001969	61	572f937173a787ecaec42c8542d45db8	0.1148	5	624	0.8715	false	medium	operational_monomer_cluster;observed_consensus_representative;uncalibrated_confidence;cluster_identity=0.95
TXF001970	TXM001970	60	74010c6e3ddcff3bf968d4afe712fe01	0.5000	5	622	0.8386	false	medium	operational_monomer_cluster;observed_consensus_representative;uncalibrated_confidence;cluster_identity=0.95
TXF001971	TXM001971	60	7fe285253efe7f1b73d2d5fa264b4175	0.4000	5	621	0.9969	false	high	operational_monomer_cluster;observed_consensus_representative;uncalibrated_confidence;cluster_identity=0.95
TXF001972	TXM001972	42	062362dd3ef2e343d8c4aa37360d6456	0.2143	5	620	0.9222	false	high	operational_monomer_cluster;observed_consensus_representative;uncalibrated_confidence;cluster_identity=0.95
TXF001973	TXM001973	40	51807f5a943ce10aadff9833e1632f39	0.4500	5	620	0.9762	false	high	operational_monomer_cluster;observed_consensus_representative;uncalibrated_confidence;cluster_identity=0.95
TXF001974	TXM001974	61	b0924a8006a63bbad992f9e154b70bf5	0.2295	5	620	0.8095	false	medium	operational_monomer_cluster;observed_consensus_representative;uncalibrated_confidence;cluster_identity=0.95
TXF001975	TXM001975	60	1e7183f0ae09a00319d562aec42684ca	0.3333	5	616	0.8222	false	medium	operational_monomer_cluster;observed_consensus_representative;uncalibrated_confidence;cluster_identity=0.95
TXF001976	TXM001976	52	70f57733aeb4e152ef6281db00f87f8c	0.2308	5	615	0.8451	false	medium	operational_monomer_cluster;observed_consensus_representative;uncalibrated_confidence;cluster_identity=0.95
TXF001977	TXM001977	60	5fa08298642a9bb33848be1870ed4373	0.3833	5	612	0.8843	false	medium	operational_monomer_cluster;observed_consensus_representative;uncalibrated_confidence;cluster_identity=0.95
TXF001978	TXM001978	44	7526681fa7e7cefddece0dada05dbfe0	0.2500	5	610	0.8120	false	medium	operational_monomer_cluster;observed_consensus_representative;uncalibrated_confidence;cluster_identity=0.95
TXF001979	TXM001979	58	b59d3946f17ad1642fb1612470bd9a72	0.3448	5	610	0.9310	false	high	operational_monomer_cluster;observed_consensus_representative;uncalibrated_confidence;cluster_identity=0.95
TXF001980	TXM001980	55	06ee21f0082137c01bcb6f11e3934139	0.3091	5	609	0.9102	false	high	operational_monomer_cluster;observed_consensus_representative;uncalibrated_confidence;cluster_identity=0.95
TXF001981	TXM001981	57	166c742cc0d2b12e834a93b6a5573d52	0.3509	5	605	0.8848	false	medium	operational_monomer_cluster;observed_consensus_representative;uncalibrated_confidence;cluster_identity=0.95
TXF001982	TXM001982	42	9aaa721511fd95956db0bcc2f5552c08	0.3095	5	604	0.9177	false	high	operational_monomer_cluster;observed_consensus_representative;uncalibrated_confidence;cluster_identity=0.95
TXF001983	TXM001983	60	269fd8f22df5f7fb0e8944c0c53806b9	0.1833	5	602	0.9770	false	high	operational_monomer_cluster;observed_consensus_representative;uncalibrated_confidence;cluster_identity=0.95
TXF001984	TXM001984	60	75b89cbbc8dcb82b0f7d7359ede7546d	0.4333	5	600	0.8361	false	medium	operational_monomer_cluster;observed_consensus_representative;uncalibrated_confidence;cluster_identity=0.95
TXF001985	TXM001985	41	88c5794821549cbc1ceb25fe86be00d3	0.3171	5	595	0.8450	false	medium	operational_monomer_cluster;observed_consensus_representative;uncalibrated_confidence;cluster_identity=0.95;possible_higher_order_or_partial:TXF000164-TXF001985
TXF001986	TXM001986	36	1960f33a6cedbf38127a805452f7e250	0.5000	5	595	0.8152	false	medium	operational_monomer_cluster;observed_consensus_representative;uncalibrated_confidence;cluster_identity=0.95
TXF001987	TXM001987	56	1b573de0b6e834b02427609e0902b5fb	0.2679	5	590	0.8387	false	medium	operational_monomer_cluster;observed_consensus_representative;uncalibrated_confidence;cluster_identity=0.95
TXF001988	TXM001988	39	3aba696b6945663aeffc08a5e73c2633	0.3077	5	590	0.8481	false	medium	operational_monomer_cluster;observed_consensus_representative;uncalibrated_confidence;cluster_identity=0.95;possible_higher_order_or_partial:TXF000530-TXF001988;likely_redundant:TXF000960-TXF001988
TXF001989	TXM001989	59	0a8b2daaab48670114d765a84e180c27	0.2203	5	590	0.9167	false	high	operational_monomer_cluster;observed_consensus_representative;uncalibrated_confidence;cluster_identity=0.95
TXF001990	TXM001990	32	65a45701d24274ad6ea293ebd5bf1e7c	0.6562	5	590	0.8222	false	medium	operational_monomer_cluster;observed_consensus_representative;uncalibrated_confidence;cluster_identity=0.95
TXF001991	TXM001991	39	7bdf9c703a46e393f70668effe4d0d0b	0.4359	5	585	0.8282	false	medium	operational_monomer_cluster;observed_consensus_representative;uncalibrated_confidence;cluster_identity=0.95
TXF001992	TXM001992	56	4c87545b24e717495b12053b67dd0832	0.3750	5	585	0.8656	false	medium	operational_monomer_cluster;observed_consensus_representative;uncalibrated_confidence;cluster_identity=0.95
TXF001993	TXM001993	36	2989afc7e653d5f92e46b6456969fc6b	0.3889	5	584	0.8976	false	medium	operational_monomer_cluster;observed_consensus_representative;uncalibrated_confidence;cluster_identity=0.95
TXF001994	TXM001994	30	9dd6bc4284d9f96ee9cdbbc62fcd4cc6	0.7333	5	584	0.9954	false	high	operational_monomer_cluster;observed_consensus_representative;uncalibrated_confidence;cluster_identity=0.95
TXF001995	TXM001995	39	459c7166b2b3550db271a70ea4f4b659	0.4615	5	582	0.8217	false	medium	operational_monomer_cluster;observed_consensus_representative;uncalibrated_confidence;cluster_identity=0.95
TXF001996	TXM001996	56	37ea7d86938a3f8653ddad385da5cff6	0.1964	5	580	0.9667	false	high	operational_monomer_cluster;observed_consensus_representative;uncalibrated_confidence;cluster_identity=0.95
TXF001997	TXM001997	41	363eaf0bff6d5ced9a074d766eb0a001	0.3902	5	580	0.9067	false	high	operational_monomer_cluster;observed_consensus_representative;uncalibrated_confidence;cluster_identity=0.95
TXF001998	TXM001998	31	b27d2125f5a85f9cc06bb8764d611c41	0.1613	5	576	0.8118	false	medium	operational_monomer_cluster;observed_consensus_representative;uncalibrated_confidence;cluster_identity=0.95
TXF001999	TXM001999	45	fc1b7b281c2a95c6f689a2908404ba68	0.2667	5	576	0.8148	false	medium	operational_monomer_cluster;observed_consensus_representative;uncalibrated_confidence;cluster_identity=0.95;possible_higher_order_or_partial:TXF001021-TXF001999
TXF002000	TXM002000	48	69c867c9933698c713785794619b6caa	0.5208	5	574	0.8657	false	medium	operational_monomer_cluster;observed_consensus_representative;uncalibrated_confidence;cluster_identity=0.95
TXF002001	TXM002001	51	098678f2ef89f7bbe3af1a3fada42c20	0.3922	5	571	0.8861	false	medium	operational_monomer_cluster;observed_consensus_representative;uncalibrated_confidence;cluster_identity=0.95
TXF002002	TXM002002	54	e67ec299ee4f9b028ba4ff5eacf98c81	0.5000	5	570	0.8167	false	medium	operational_monomer_cluster;observed_consensus_representative;uncalibrated_confidence;cluster_identity=0.95
TXF002003	TXM002003	56	05b4bd01a806459b6c0e2be1136e4fca	0.3393	5	570	0.7931	false	medium	operational_monomer_cluster;observed_consensus_representative;uncalibrated_confidence;cluster_identity=0.95
TXF002004	TXM002004	54	589e46e5eb271b860027d1c0569a190a	0.2222	5	569	0.8300	false	medium	operational_monomer_cluster;observed_consensus_representative;uncalibrated_confidence;cluster_identity=0.95
TXF002005	TXM002005	54	f8eb5dc002d0ec77259a0ace0b618094	0.3333	5	562	0.9932	false	high	operational_monomer_cluster;observed_consensus_representative;uncalibrated_confidence;cluster_identity=0.95
TXF002006	TXM002006	45	9c21bacf551bcee5aceb77a094b1a9da	0.5333	5	561	0.7923	false	medium	operational_monomer_cluster;observed_consensus_representative;uncalibrated_confidence;cluster_identity=0.95;possible_higher_order_or_partial:TXF000168-TXF002006
TXF002007	TXM002007	54	84c83316bac86a58fe6c222b35bd6383	0.2963	5	560	0.8793	false	medium	operational_monomer_cluster;observed_consensus_representative;uncalibrated_confidence;cluster_identity=0.95
TXF002008	TXM002008	53	0644eb8b7e2d7da5de266b1d619756fd	0.3774	5	560	0.8167	false	medium	operational_monomer_cluster;observed_consensus_representative;uncalibrated_confidence;cluster_identity=0.95
TXF002009	TXM002009	43	f79208b7393f5a557860a563a9ac4f39	0.2326	5	559	0.8522	false	medium	operational_monomer_cluster;observed_consensus_representative;uncalibrated_confidence;cluster_identity=0.95
TXF002010	TXM002010	46	b886006d9ebb6c16e5c0d8913bda60a6	0.3261	5	556	0.8436	false	medium	operational_monomer_cluster;observed_consensus_representative;uncalibrated_confidence;cluster_identity=0.95
TXF002011	TXM002011	54	31ae4c2cc0afd5c757ed5c0fe8fd7c62	0.2407	5	555	0.8148	false	medium	operational_monomer_cluster;observed_consensus_representative;uncalibrated_confidence;cluster_identity=0.95
TXF002012	TXM002012	54	1e47d7c3ef02ee6f39ef31265069dd69	0.3333	5	555	0.9614	false	high	operational_monomer_cluster;observed_consensus_representative;uncalibrated_confidence;cluster_identity=0.95
TXF002013	TXM002013	50	2fa6fd173dcb128001afea58dfdaaafe	0.3200	5	551	0.9469	false	high	operational_monomer_cluster;observed_consensus_representative;uncalibrated_confidence;cluster_identity=0.95
TXF002014	TXM002014	50	a2c5fa30e169996ca9d1bfd54e7a3764	0.3200	5	550	0.8295	false	medium	operational_monomer_cluster;observed_consensus_representative;uncalibrated_confidence;cluster_identity=0.95
TXF002015	TXM002015	42	ead04757c25c1874190d24ddaa2e3b46	0.3810	5	550	0.7826	false	medium	operational_monomer_cluster;observed_consensus_representative;uncalibrated_confidence;cluster_identity=0.95
TXF002016	TXM002016	53	f48ca3e50fc4f769cb2bafb969fa9d10	0.4528	5	550	0.9587	false	high	operational_monomer_cluster;observed_consensus_representative;uncalibrated_confidence;cluster_identity=0.95
TXF002017	TXM002017	51	72dd7b45ab68845884b1e20f759d0d5a	0.3333	5	547	0.8770	false	medium	operational_monomer_cluster;observed_consensus_representative;uncalibrated_confidence;cluster_identity=0.95
TXF002018	TXM002018	51	13d14d7d4d24c690dbd19cfa4edfc5bf	0.2941	5	546	0.8586	false	medium	operational_monomer_cluster;observed_consensus_representative;uncalibrated_confidence;cluster_identity=0.95
TXF002019	TXM002019	48	00b2b6166c1d5e00ebceeb494d3f3218	0.4792	5	546	0.8377	false	medium	operational_monomer_cluster;observed_consensus_representative;uncalibrated_confidence;cluster_identity=0.95
TXF002020	TXM002020	41	440d72feb4974defe2f70d3c031c1b5a	0.3171	5	545	0.8429	false	medium	operational_monomer_cluster;observed_consensus_representative;uncalibrated_confidence;cluster_identity=0.95
TXF002021	TXM002021	51	41904ba1b37e3b98f4b842405872bf07	0.4314	5	545	0.7963	false	medium	operational_monomer_cluster;observed_consensus_representative;uncalibrated_confidence;cluster_identity=0.95
TXF002022	TXM002022	42	ad0a58586bf700039dd031a2e63f8235	0.3810	5	545	0.8529	false	medium	operational_monomer_cluster;observed_consensus_representative;uncalibrated_confidence;cluster_identity=0.95
TXF002023	TXM002023	30	3d6f30aeecaefc055b29e9adda6df325	0.3667	5	545	0.8542	false	medium	operational_monomer_cluster;observed_consensus_representative;uncalibrated_confidence;cluster_identity=0.95
TXF002024	TXM002024	51	ebe06d274a4d200d5abb73440519c547	0.5490	5	544	0.9103	false	high	operational_monomer_cluster;observed_consensus_representative;uncalibrated_confidence;cluster_identity=0.95
TXF002025	TXM002025	54	ff166f107f92b2f90ac8518de99f80c2	0.2778	5	543	0.9556	false	high	operational_monomer_cluster;observed_consensus_representative;uncalibrated_confidence;cluster_identity=0.95
TXF002026	TXM002026	45	3b51a54a52bc527a744a27246443af7f	0.1556	5	543	0.8623	false	medium	operational_monomer_cluster;observed_consensus_representative;uncalibrated_confidence;cluster_identity=0.95
TXF002027	TXM002027	36	957d0ed1bd53fb20168eb5be7ba1491b	0.4167	5	542	0.9724	false	high	operational_monomer_cluster;observed_consensus_representative;uncalibrated_confidence;cluster_identity=0.95
TXF002028	TXM002028	52	1299378ce998e5d8a93b751245672489	0.3654	5	541	0.9929	false	high	operational_monomer_cluster;observed_consensus_representative;uncalibrated_confidence;cluster_identity=0.95
TXF002029	TXM002029	36	7ed93f22350cf03754e551276855a72b	0.2500	5	541	0.8050	false	medium	operational_monomer_cluster;observed_consensus_representative;uncalibrated_confidence;cluster_identity=0.95
TXF002030	TXM002030	54	483cae6fed50c38cb6a6c0e20e4361c2	0.4444	5	541	0.7947	false	medium	operational_monomer_cluster;observed_consensus_representative;uncalibrated_confidence;cluster_identity=0.95
TXF002031	TXM002031	53	49f31e46167ab2ae0168977f82a28175	0.3208	5	540	0.8364	false	medium	operational_monomer_cluster;observed_consensus_representative;uncalibrated_confidence;cluster_identity=0.95
TXF002032	TXM002032	52	ce70efe4eba5109f8820ab09e8e3c6d9	0.2692	5	540	0.9038	false	high	operational_monomer_cluster;observed_consensus_representative;uncalibrated_confidence;cluster_identity=0.95
TXF002033	TXM002033	44	7aa04eb2a316f943cf67c4fa7c3d52ae	0.3864	5	540	0.9531	false	high	operational_monomer_cluster;observed_consensus_representative;uncalibrated_confidence;cluster_identity=0.95
TXF002034	TXM002034	30	530315b34854bd4088609bacc6d0b8df	0.4667	5	538	0.8012	false	medium	operational_monomer_cluster;observed_consensus_representative;uncalibrated_confidence;cluster_identity=0.95
TXF002035	TXM002035	34	cfcd4b849685406ad7cddca128ecef58	0.3824	5	536	0.8192	false	medium	operational_monomer_cluster;observed_consensus_representative;uncalibrated_confidence;cluster_identity=0.95
TXF002036	TXM002036	53	bf7f5d1540f683093fd00e832b0ffa02	0.3019	5	536	0.9889	false	high	operational_monomer_cluster;observed_consensus_representative;uncalibrated_confidence;cluster_identity=0.95
TXF002037	TXM002037	53	41100d7356a88b0cf87f4286bfe10932	0.5094	5	535	0.9000	false	high	operational_monomer_cluster;observed_consensus_representative;uncalibrated_confidence;cluster_identity=0.95
TXF002038	TXM002038	42	e0e0570b995729409282a0bf26e95f0c	0.4048	5	535	0.8154	false	medium	operational_monomer_cluster;observed_consensus_representative;uncalibrated_confidence;cluster_identity=0.95
TXF002039	TXM002039	45	188c0c3853738b35190a9075c444bc5d	0.2889	5	535	0.9365	false	high	operational_monomer_cluster;observed_consensus_representative;uncalibrated_confidence;cluster_identity=0.95
TXF002040	TXM002040	38	7dc7c66ad8bc045bdea574e520a131a9	0.3158	5	535	0.8235	false	medium	operational_monomer_cluster;observed_consensus_representative;uncalibrated_confidence;cluster_identity=0.95
TXF002041	TXM002041	53	3469cde9b2fb51f790502832b6b75bc3	0.2830	5	535	0.9444	false	high	operational_monomer_cluster;observed_consensus_representative;uncalibrated_confidence;cluster_identity=0.95
TXF002042	TXM002042	52	63009a1ad172c4339d45e31fe0be64ab	0.3846	5	535	0.8000	false	medium	operational_monomer_cluster;observed_consensus_representative;uncalibrated_confidence;cluster_identity=0.95
TXF002043	TXM002043	46	c5b7fe52defc503b2d7627edd0ca776d	0.2174	5	534	0.9311	false	high	operational_monomer_cluster;observed_consensus_representative;uncalibrated_confidence;cluster_identity=0.95
TXF002044	TXM002044	48	2203153e75ef6f07ef94efbfcec23e9a	0.2708	5	534	0.8136	false	medium	operational_monomer_cluster;observed_consensus_representative;uncalibrated_confidence;cluster_identity=0.95
TXF002045	TXM002045	52	45020cf1b5b10d06350aad4c15cfa82d	0.3846	5	534	0.8805	false	medium	operational_monomer_cluster;observed_consensus_representative;uncalibrated_confidence;cluster_identity=0.95
TXF002046	TXM002046	35	839b27e22d79b5f50aa724eb80ad60b7	0.3143	5	533	0.7963	false	medium	operational_monomer_cluster;observed_consensus_representative;uncalibrated_confidence;cluster_identity=0.95
TXF002047	TXM002047	51	6330e95f327a864591ff689708f19e04	0.2549	5	533	0.9393	false	high	operational_monomer_cluster;observed_consensus_representative;uncalibrated_confidence;cluster_identity=0.95
TXF002048	TXM002048	52	02234cec8f48b087830c32745c3c2259	0.2885	5	531	0.9023	false	high	operational_monomer_cluster;observed_consensus_representative;uncalibrated_confidence;cluster_identity=0.95
TXF002049	TXM002049	30	ba0479d18fbcb2baedd84042cd189589	0.4667	5	530	0.8421	false	medium	operational_monomer_cluster;observed_consensus_representative;uncalibrated_confidence;cluster_identity=0.95
TXF002050	TXM002050	36	ae3e031ca51aa3bd6e5c0bcfe081382b	0.5278	5	530	0.8000	false	medium	operational_monomer_cluster;observed_consensus_representative;uncalibrated_confidence;cluster_identity=0.95
TXF002051	TXM002051	49	fc7756c5474413e763057634bac62ba3	0.3061	5	529	0.9389	false	high	operational_monomer_cluster;observed_consensus_representative;uncalibrated_confidence;cluster_identity=0.95
TXF002052	TXM002052	42	457284d7d07ac93a94eae0feae2ee60b	0.3571	5	529	0.8203	false	medium	operational_monomer_cluster;observed_consensus_representative;uncalibrated_confidence;cluster_identity=0.95
TXF002053	TXM002053	42	b8fc8619c850e6a298c3d504ef702ef1	0.3571	5	528	0.8395	false	medium	operational_monomer_cluster;observed_consensus_representative;uncalibrated_confidence;cluster_identity=0.95
TXF002054	TXM002054	47	9f071de9b62b8b4ec735e8dcdaae6ec8	0.2766	5	526	0.8076	false	medium	operational_monomer_cluster;observed_consensus_representative;uncalibrated_confidence;cluster_identity=0.95
TXF002055	TXM002055	52	48777dc92cacf134036c0e4962a1c8da	0.3846	5	525	0.9328	false	high	operational_monomer_cluster;observed_consensus_representative;uncalibrated_confidence;cluster_identity=0.95
TXF002056	TXM002056	43	8eda1a299f394600c3dc0cf89ea7f7d1	0.2326	5	524	0.8682	false	medium	operational_monomer_cluster;observed_consensus_representative;uncalibrated_confidence;cluster_identity=0.95
TXF002057	TXM002057	37	ab10aadb027b5a21be37b24197bdda11	0.5946	5	524	0.8367	false	medium	operational_monomer_cluster;observed_consensus_representative;uncalibrated_confidence;cluster_identity=0.95;possible_higher_order_or_partial:TXF000083-TXF002057;possible_higher_order_or_partial:TXF000116-TXF002057
TXF002058	TXM002058	52	55da8fcd4af6f8242f0d455f53ed59c1	0.4231	5	523	0.9925	false	high	operational_monomer_cluster;observed_consensus_representative;uncalibrated_confidence;cluster_identity=0.95
TXF002059	TXM002059	30	d131bab7224bffca0e5af9fa75ec22d5	0.2333	5	522	0.9445	false	high	operational_monomer_cluster;observed_consensus_representative;uncalibrated_confidence;cluster_identity=0.95
TXF002060	TXM002060	38	82bd77bd15926bb8e90807d2ab794966	0.2632	5	520	0.8425	false	medium	operational_monomer_cluster;observed_consensus_representative;uncalibrated_confidence;cluster_identity=0.95
TXF002061	TXM002061	48	21f17be5cb7445ba7a8b70338249ad27	0.3125	5	520	0.9107	false	high	operational_monomer_cluster;observed_consensus_representative;uncalibrated_confidence;cluster_identity=0.95
TXF002062	TXM002062	47	91c1ab3a154417dd3bff8eda758ca533	0.3191	5	520	0.9232	false	high	operational_monomer_cluster;observed_consensus_representative;uncalibrated_confidence;cluster_identity=0.95
TXF002063	TXM002063	45	d3d0b5d79c3432f1f376d0b06de04d5c	0.4444	5	520	0.8814	false	medium	operational_monomer_cluster;observed_consensus_representative;uncalibrated_confidence;cluster_identity=0.95
TXF002064	TXM002064	46	b69f38935dc348d8e11b33f2efd73ef1	0.3261	5	519	0.8103	false	medium	operational_monomer_cluster;observed_consensus_representative;uncalibrated_confidence;cluster_identity=0.95
TXF002065	TXM002065	49	5cd0b196cea8e35b7fd0746fa1e039c9	0.2653	5	518	0.8929	false	medium	operational_monomer_cluster;observed_consensus_representative;uncalibrated_confidence;cluster_identity=0.95
TXF002066	TXM002066	42	328c8e0e14a5a47224771f2ebf98b137	0.2143	5	518	0.8295	false	medium	operational_monomer_cluster;observed_consensus_representative;uncalibrated_confidence;cluster_identity=0.95
TXF002067	TXM002067	41	2fd8bc3fbdd5ecca6ea9906390b4bc77	0.2927	5	518	0.8033	false	medium	operational_monomer_cluster;observed_consensus_representative;uncalibrated_confidence;cluster_identity=0.95
TXF002068	TXM002068	35	c741b376bcbcfbec2a36f3b6c2201a92	0.3429	5	517	0.8483	false	medium	operational_monomer_cluster;observed_consensus_representative;uncalibrated_confidence;cluster_identity=0.95
TXF002069	TXM002069	50	ca206c58bc90544c8e9dbcc93d030249	0.3000	5	517	0.8465	false	medium	operational_monomer_cluster;observed_consensus_representative;uncalibrated_confidence;cluster_identity=0.95
TXF002070	TXM002070	47	96653dfef3b3a9e888c211051ae8681c	0.4894	5	516	0.8358	false	medium	operational_monomer_cluster;observed_consensus_representative;uncalibrated_confidence;cluster_identity=0.95
TXF002071	TXM002071	49	bbf4f075a30582774fce02e40707d458	0.4082	5	515	0.7885	false	medium	operational_monomer_cluster;observed_consensus_representative;uncalibrated_confidence;cluster_identity=0.95
TXF002072	TXM002072	43	4d888d3f73736d1adf852bb7bf0ef93b	0.3023	5	515	0.8000	false	medium	operational_monomer_cluster;observed_consensus_representative;uncalibrated_confidence;cluster_identity=0.95
TXF002073	TXM002073	43	184968f38ee9b457bc8b3f2f67fee1cb	0.1860	5	514	0.9000	false	high	operational_monomer_cluster;observed_consensus_representative;uncalibrated_confidence;cluster_identity=0.95
TXF002074	TXM002074	39	778743319ac37be8b56a35bcedc84d07	0.2564	5	513	0.8269	false	medium	operational_monomer_cluster;observed_consensus_representative;uncalibrated_confidence;cluster_identity=0.95
TXF002075	TXM002075	46	134165f165a55fab875c7643d1f9057a	0.2826	5	512	0.9468	false	high	operational_monomer_cluster;observed_consensus_representative;uncalibrated_confidence;cluster_identity=0.95
TXF002076	TXM002076	50	87321a0b53cae5c0bfdd727675deabf0	0.1600	5	512	0.8592	false	medium	operational_monomer_cluster;observed_consensus_representative;uncalibrated_confidence;cluster_identity=0.95
TXF002077	TXM002077	38	5f245aacbcb7e738167a4838c74ed6eb	0.3421	5	512	0.7951	false	medium	operational_monomer_cluster;observed_consensus_representative;uncalibrated_confidence;cluster_identity=0.95
TXF002078	TXM002078	48	07a4f30aba1f7c9a2d0aca466e365e30	0.3750	5	512	0.9339	false	high	operational_monomer_cluster;observed_consensus_representative;uncalibrated_confidence;cluster_identity=0.95
TXF002079	TXM002079	42	de3c39501255c3124f48601277fca35d	0.1429	5	512	0.8792	false	medium	operational_monomer_cluster;observed_consensus_representative;uncalibrated_confidence;cluster_identity=0.95
TXF002080	TXM002080	37	d30234b433811a3d65baf632882abb6e	0.3784	5	511	0.8129	false	medium	operational_monomer_cluster;observed_consensus_representative;uncalibrated_confidence;cluster_identity=0.95
TXF002081	TXM002081	42	adc88125b0c1b0e13e2f2cc3332126ae	0.2857	5	511	0.8339	false	medium	operational_monomer_cluster;observed_consensus_representative;uncalibrated_confidence;cluster_identity=0.95
TXF002082	TXM002082	46	cffc9ecefeae2e5ad1e85b52a150751e	0.5217	5	511	0.8686	false	medium	operational_monomer_cluster;observed_consensus_representative;uncalibrated_confidence;cluster_identity=0.95
TXF002083	TXM002083	36	6df2f79615dc1267f4ff516f7c1f57fa	0.5000	5	511	0.8611	false	medium	operational_monomer_cluster;observed_consensus_representative;uncalibrated_confidence;cluster_identity=0.95
TXF002084	TXM002084	38	245d3965552f73ef359cf25d98a8f278	0.2368	5	510	0.9535	false	high	operational_monomer_cluster;observed_consensus_representative;uncalibrated_confidence;cluster_identity=0.95
TXF002085	TXM002085	40	a19b9563427b00d8cebb30ab2fd71dd5	0.3250	5	510	0.8123	false	medium	operational_monomer_cluster;observed_consensus_representative;uncalibrated_confidence;cluster_identity=0.95
TXF002086	TXM002086	41	77e4661867f6cbba1679074317b81d91	0.6341	5	510	0.8656	false	medium	operational_monomer_cluster;observed_consensus_representative;uncalibrated_confidence;cluster_identity=0.95
TXF002087	TXM002087	48	cda5fe6b7fc8572b566cafc8e5eb502f	0.6042	5	510	0.8265	false	medium	operational_monomer_cluster;observed_consensus_representative;uncalibrated_confidence;cluster_identity=0.95;possible_higher_order_or_partial:TXF000252-TXF002087
TXF002088	TXM002088	39	9317909f507401de404f4d6cca8e2177	0.2564	5	509	0.8861	false	medium	operational_monomer_cluster;observed_consensus_representative;uncalibrated_confidence;cluster_identity=0.95
TXF002089	TXM002089	50	a7483ecdff442acaca0b5e5d0d76d6ae	0.3600	5	509	0.8295	false	medium	operational_monomer_cluster;observed_consensus_representative;uncalibrated_confidence;cluster_identity=0.95
TXF002090	TXM002090	33	ed99e6fd633d056c7da5d16f97208839	0.2121	5	509	0.9694	false	high	operational_monomer_cluster;observed_consensus_representative;uncalibrated_confidence;cluster_identity=0.95
TXF002091	TXM002091	30	a8152b29a3eacb8dbe4123fadc4c5869	0.3333	5	509	0.8135	false	medium	operational_monomer_cluster;observed_consensus_representative;uncalibrated_confidence;cluster_identity=0.95
TXF002092	TXM002092	41	32b8668be009d5cdeeaa1fd632778a73	0.2683	5	508	0.8371	false	medium	operational_monomer_cluster;observed_consensus_representative;uncalibrated_confidence;cluster_identity=0.95
TXF002093	TXM002093	35	bd33e68e9ee1dcb100b10057c7795333	0.2857	5	508	0.8648	false	medium	operational_monomer_cluster;observed_consensus_representative;uncalibrated_confidence;cluster_identity=0.95
TXF002094	TXM002094	41	9d3fe837d1fe6a9a0b2a087f5f927650	0.3659	5	507	0.8317	false	medium	operational_monomer_cluster;observed_consensus_representative;uncalibrated_confidence;cluster_identity=0.95
TXF002095	TXM002095	48	71e289a48377c3dbeef8bf52711515c5	0.5417	5	507	0.8124	false	medium	operational_monomer_cluster;observed_consensus_representative;uncalibrated_confidence;cluster_identity=0.95
TXF002096	TXM002096	40	77a1a418f72a0931d45a5c69d536456a	0.3250	5	506	0.9219	false	high	operational_monomer_cluster;observed_consensus_representative;uncalibrated_confidence;cluster_identity=0.95
TXF002097	TXM002097	41	2fb3bde4ea5a60b3b19954d9421a4c43	0.2195	5	506	0.8273	false	medium	operational_monomer_cluster;observed_consensus_representative;uncalibrated_confidence;cluster_identity=0.95
TXF002098	TXM002098	49	a04ceba94b4672053d7057ecb018dce1	0.2653	5	506	0.9733	false	high	operational_monomer_cluster;observed_consensus_representative;uncalibrated_confidence;cluster_identity=0.95
TXF002099	TXM002099	43	92bdb2f5eeb12c21495f90a62728a6ef	0.3488	5	506	0.8557	false	medium	operational_monomer_cluster;observed_consensus_representative;uncalibrated_confidence;cluster_identity=0.95
TXF002100	TXM002100	45	661e3d574d9a040665aa656d084734d9	0.5778	5	505	0.8760	false	medium	operational_monomer_cluster;observed_consensus_representative;uncalibrated_confidence;cluster_identity=0.95
TXF002101	TXM002101	49	c3a4a619539598518e27bcaaff427ccb	0.2857	5	505	0.9038	false	high	operational_monomer_cluster;observed_consensus_representative;uncalibrated_confidence;cluster_identity=0.95
TXF002102	TXM002102	50	63d0aeec7b0102138c67d589de0d684f	0.4200	5	505	0.8846	false	medium	operational_monomer_cluster;observed_consensus_representative;uncalibrated_confidence;cluster_identity=0.95
TXF002103	TXM002103	46	2426d8cde1efe7b4a57fd6453cb81b72	0.3696	5	505	0.8305	false	medium	operational_monomer_cluster;observed_consensus_representative;uncalibrated_confidence;cluster_identity=0.95
TXF002104	TXM002104	33	c7455d8129b2bfdb39a591a0d5698e9c	0.5455	5	505	0.7887	false	medium	operational_monomer_cluster;observed_consensus_representative;uncalibrated_confidence;cluster_identity=0.95
TXF002105	TXM002105	48	ed49417773680248bbb2becb49ac2de4	0.3542	5	505	0.8148	false	medium	operational_monomer_cluster;observed_consensus_representative;uncalibrated_confidence;cluster_identity=0.95
TXF002106	TXM002106	35	9c90fc2ee5d245a2a14784740292ee0d	0.4000	5	505	0.7879	false	medium	operational_monomer_cluster;observed_consensus_representative;uncalibrated_confidence;cluster_identity=0.95
TXF002107	TXM002107	41	ce75fac381e30ccb034bbce9520127aa	0.3415	5	505	0.8455	false	medium	operational_monomer_cluster;observed_consensus_representative;uncalibrated_confidence;cluster_identity=0.95
TXF002108	TXM002108	34	c0923f12ec239b5b9e0afa81760e8a8c	0.4412	5	505	0.8358	false	medium	operational_monomer_cluster;observed_consensus_representative;uncalibrated_confidence;cluster_identity=0.95
TXF002109	TXM002109	45	3d435cc47b98ce247c0dd009e0cd1ea1	0.3333	5	504	0.8432	false	medium	operational_monomer_cluster;observed_consensus_representative;uncalibrated_confidence;cluster_identity=0.95
TXF002110	TXM002110	31	94ba23851f5334249e66df56664b5650	0.3226	5	504	0.8295	false	medium	operational_monomer_cluster;observed_consensus_representative;uncalibrated_confidence;cluster_identity=0.95
TXF002111	TXM002111	46	94ed79174560b2af5eca2f1fccc17af1	0.4783	5	504	0.8566	false	medium	operational_monomer_cluster;observed_consensus_representative;uncalibrated_confidence;cluster_identity=0.95
TXF002112	TXM002112	41	3ef2793f693f10de84b0b4891ffa58e1	0.2927	5	503	0.8515	false	medium	operational_monomer_cluster;observed_consensus_representative;uncalibrated_confidence;cluster_identity=0.95
TXF002113	TXM002113	44	4b3975cc2e207b380261a8feaf273064	0.2500	5	503	0.8789	false	medium	operational_monomer_cluster;observed_consensus_representative;uncalibrated_confidence;cluster_identity=0.95
TXF002114	TXM002114	30	e6528d3e98f3dbd61231f79f52ac1956	0.4667	5	502	0.8245	false	medium	operational_monomer_cluster;observed_consensus_representative;uncalibrated_confidence;cluster_identity=0.95
TXF002115	TXM002115	33	64731a38cbf088a93b1b0768c0cab48a	0.4242	5	501	0.8525	false	medium	operational_monomer_cluster;observed_consensus_representative;uncalibrated_confidence;cluster_identity=0.95
TXF002116	TXM002116	47	009dfb5ce1afcd5d55a3d71abdf731fe	0.3830	5	501	0.8704	false	medium	operational_monomer_cluster;observed_consensus_representative;uncalibrated_confidence;cluster_identity=0.95
TXF002117	TXM002117	30	fe1d2ae5fd5de7170e6c638d21592ea9	0.4333	5	501	0.8074	false	medium	operational_monomer_cluster;observed_consensus_representative;uncalibrated_confidence;cluster_identity=0.95
TXF002118	TXM002118	31	d598888ad541088a1ca3ac407a6c2384	0.2581	5	500	0.8116	false	medium	operational_monomer_cluster;observed_consensus_representative;uncalibrated_confidence;cluster_identity=0.95
TXF002119	TXM002119	47	81ac9220113cc237d92fa3e5f3abcf68	0.2979	5	500	0.8820	false	medium	operational_monomer_cluster;observed_consensus_representative;uncalibrated_confidence;cluster_identity=0.95
TXF002120	TXM002120	48	d834476eb7711d61da13108e6b3f3fe9	0.3125	5	500	0.9184	false	high	operational_monomer_cluster;observed_consensus_representative;uncalibrated_confidence;cluster_identity=0.95
TXF002121	TXM002121	43	504348e6a2b6cc11e00e99f51b7f4c76	0.3256	5	500	0.8361	false	medium	operational_monomer_cluster;observed_consensus_representative;uncalibrated_confidence;cluster_identity=0.95
TXF002122	TXM002122	36	15ef05e088b11f4dbd0277591424ddd7	0.4444	5	500	0.9219	false	high	operational_monomer_cluster;observed_consensus_representative;uncalibrated_confidence;cluster_identity=0.95
TXF002123	TXM002123	42	0c3561526857e5d64531a3624674a7e8	0.1905	5	500	0.8238	false	medium	operational_monomer_cluster;observed_consensus_representative;uncalibrated_confidence;cluster_identity=0.95
TXF002124	TXM002124	48	3c3c2277ba4981bc9f2661db5e0174d1	0.2917	5	500	0.7917	false	medium	operational_monomer_cluster;observed_consensus_representative;uncalibrated_confidence;cluster_identity=0.95
TXF002125	TXM002125	48	c7ec37a78f81b71e00a8a73994fd4c00	0.3750	5	500	0.9692	false	high	operational_monomer_cluster;observed_consensus_representative;uncalibrated_confidence;cluster_identity=0.95
TXF002126	TXM002126	33	b3fc7c69e9b075507b4ad264a5258b72	0.3333	5	500	0.8353	false	medium	operational_monomer_cluster;observed_consensus_representative;uncalibrated_confidence;cluster_identity=0.95
TXF002127	TXM002127	49	b3874e9bd23cca485df32bb0807e5d00	0.4286	5	500	0.8760	false	medium	operational_monomer_cluster;observed_consensus_representative;uncalibrated_confidence;cluster_identity=0.95
TXF002128	TXM002128	38	486b9a14d310bade1245ad7757c66ba0	0.2368	5	500	0.8548	false	medium	operational_monomer_cluster;observed_consensus_representative;uncalibrated_confidence;cluster_identity=0.95
TXF002129	TXM002129	49	5c430704c1470f499662152a98c3b483	0.3469	5	500	0.8269	false	medium	operational_monomer_cluster;observed_consensus_representative;uncalibrated_confidence;cluster_identity=0.95
TXF002130	TXM002130	44	6836cf2abffb1f4f13fadcdca0ad637c	0.6364	5	500	0.7857	false	medium	operational_monomer_cluster;observed_consensus_representative;uncalibrated_confidence;cluster_identity=0.95
TXF002131	TXM002131	44	9b9256c883d1cb31a0ac993b2ee1936a	0.3636	5	500	0.9143	false	high	operational_monomer_cluster;observed_consensus_representative;uncalibrated_confidence;cluster_identity=0.95
TXF002132	TXM002132	36	610c1182c5eab80e7f9b0bf50626de41	0.3889	5	500	0.8246	false	medium	operational_monomer_cluster;observed_consensus_representative;uncalibrated_confidence;cluster_identity=0.95
TXF002133	TXM002133	33	fb7155273000937da09290e0c06c8170	0.3939	5	500	0.8955	false	medium	operational_monomer_cluster;observed_consensus_representative;uncalibrated_confidence;cluster_identity=0.95
