seed	condition_id	family_id	k	diagnostic_kmer_count	total_exposure	valid_windows	mean_corrected_count	uncorrected_copy_number
6301	condition_001	f001	15	61	9997040	9997040	59.459016393443186	59.47662147339932
6301	condition_001	f001	21	61	9992708	9992708	59.01639344262348	59.05945960056422
6301	condition_001	f001	27	61	9988376	9988376	58.721311475410346	58.789648562899856
6301	condition_001	f001	31	61	9985488	9985488	58.52459016393492	58.609644480004306
6301	condition_001	f002	15	61	9997040	9997040	0.11475409836065574	0.11478807563104253
6301	condition_001	f002	21	61	9992708	9992708	0.0	0.0
6301	condition_001	f002	27	61	9988376	9988376	0.0	0.0
6301	condition_001	f002	31	61	9985488	9985488	0.0	0.0
6301	condition_001	f003	15	61	9997040	9997040	106.21311475409927	106.24456314479012
6301	condition_001	f003	21	61	9992708	9992708	105.62295081967297	105.70002727956522
6301	condition_001	f003	27	61	9988376	9988376	105.03278688524671	105.15501907942463
6301	condition_001	f003	31	61	9985488	9985488	104.63934426229586	104.79141756746978
6301	condition_001	f004	15	61	9997040	9997040	0.0	0.0
6301	condition_001	f004	21	61	9992708	9992708	0.0	0.0
6301	condition_001	f004	27	61	9988376	9988376	0.0	0.0
6301	condition_001	f004	31	61	9985488	9985488	0.0	0.0
6301	condition_001	f005	15	61	9997040	9997040	19.78688524590183	19.792743898095665
6301	condition_001	f005	21	61	9992708	9992708	19.688524590164114	19.702891938966008
6301	condition_001	f005	27	61	9988376	9988376	19.5901639344264	19.612962041503444
6301	condition_001	f005	31	61	9985488	9985488	19.52459016393459	19.552965427362782
6301	condition_001	f006	15	61	9997040	9997040	0.0	0.0
6301	condition_001	f006	21	61	9992708	9992708	0.0	0.0
6301	condition_001	f006	27	61	9988376	9988376	0.0	0.0
6301	condition_001	f006	31	61	9985488	9985488	0.0	0.0
6301	condition_001	f007	15	61	9997040	9997040	68.65573770491694	68.67606582039978
6301	condition_001	f007	21	61	9992708	9992708	68.4590163934415	68.50897313665274
6301	condition_001	f007	27	61	9988376	9988376	68.36065573770377	68.44021063855001
6301	condition_001	f007	31	61	9985488	9985488	68.29508196721194	68.39433582736461
6301	condition_001	f008	15	61	9997040	9997040	75.6721311475423	75.6945367304145
6301	condition_001	f008	21	61	9992708	9992708	65.44262295082194	65.49037853484955
6301	condition_001	f008	27	61	9988376	9988376	56.52459016393643	56.5903708109671
6301	condition_001	f008	31	61	9985488	9985488	51.393442622952335	51.468133177819986
6301	condition_001	f009	15	61	9997040	9997040	57.77049180327693	57.78759693196879
6301	condition_001	f009	21	61	9992708	9992708	57.67213114753924	57.71421635410465
6301	condition_001	f009	27	61	9988376	9988376	57.57377049180155	57.64077212532002
6301	condition_001	f009	31	61	9985488	9985488	57.50819672130975	57.59177390359866
6301	condition_001	f010	15	61	9997040	9997040	133.86885245901365	133.90848937186772
6301	condition_001	f010	21	61	9992708	9992708	117.01639344262159	117.10178406356074
6301	condition_001	f010	27	61	9988376	9988376	102.8852459016392	103.00497888909989
6301	condition_001	f010	31	61	9985488	9985488	94.26229508196795	94.39928732773797
6301	condition_001	f011	15	61	9997040	9997040	86.83606557377045	86.86177665966171
6301	condition_001	f011	21	61	9992708	9992708	86.60655737704917	86.6697569638272
6301	condition_001	f011	27	61	9988376	9988376	86.40983606557378	86.51039574959312
6301	condition_001	f011	31	61	9985488	9985488	86.2786885245902	86.40407812276194
6301	condition_001	f012	15	61	9997040	9997040	46.70491803278696	46.71874678183439
6301	condition_001	f012	21	61	9992708	9992708	40.80327868852536	40.833054151612714
6301	condition_001	f012	27	61	9988376	9988376	35.40983606557506	35.451044359538585
6301	condition_001	f012	31	61	9985488	9985488	32.18032786885345	32.22709583032242
6301	condition_001	f013	15	61	9997040	9997040	102.47540983606365	102.50575153851905
6301	condition_001	f013	21	61	9992708	9992708	102.21311475409647	102.28770294708548
6301	condition_001	f013	27	61	9988376	9988376	102.01639344262108	102.13511530064655
6301	condition_001	f013	31	61	9985488	9985488	101.88524590163749	102.03331665076108
6301	condition_001	f014	15	61	9997040	9997040	0.0	0.0
6301	condition_001	f014	21	61	9992708	9992708	0.0	0.0
6301	condition_001	f014	27	61	9988376	9988376	0.0	0.0
6301	condition_001	f014	31	61	9985488	9985488	0.0	0.0
6301	condition_001	f015	15	61	9997040	9997040	53.60655737704793	53.622429616214326
6301	condition_001	f015	21	61	9992708	9992708	53.491803278687286	53.5308379657319
6301	condition_001	f015	27	61	9988376	9988376	53.39344262294959	53.455579388430706
6301	condition_001	f015	31	61	9985488	9985488	53.3278688524578	53.40537072645603
6301	condition_001	f016	15	61	9997040	9997040	84.00000000000374	84.02487136192687
6301	condition_001	f016	21	61	9992708	9992708	74.27868852459086	74.33289206948793
6301	condition_001	f016	27	61	9988376	9988376	66.01639344262107	66.09322020178362
6301	condition_001	f016	31	61	9985488	9985488	61.0491803278667	61.13790365364887
6301	condition_001	f017	15	61	9997040	9997040	0.0	0.0
6301	condition_001	f017	21	61	9992708	9992708	0.0	0.0
6301	condition_001	f017	27	61	9988376	9988376	0.0	0.0
6301	condition_001	f017	31	61	9985488	9985488	0.0	0.0
6301	condition_001	f018	15	61	9997040	9997040	181.62295081968458	181.67672713091534
6301	condition_001	f018	21	61	9992708	9992708	161.770491803288	161.88854092733223
6301	condition_001	f018	27	61	9988376	9988376	144.524590163941	144.69278105263658
6301	condition_001	f018	31	61	9985488	9985488	133.93442622951318	134.12907434219858
6301	condition_001	f019	15	171	9997040	9997040	0.005847953216374269	0.0058496847230522925
6301	condition_001	f019	21	171	9992708	9992708	0.0	0.0
6301	condition_001	f019	27	171	9988376	9988376	0.0	0.0
6301	condition_001	f019	31	171	9985488	9985488	0.0	0.0
6301	condition_001	f020	15	165	9997040	9997040	27.05454545454478	27.062555971112232
6301	condition_001	f020	21	171	9992708	9992708	23.321637426901106	23.338655974837955
6301	condition_001	f020	27	171	9988376	9988376	20.327485380117395	20.35114154705169
6301	condition_001	f020	31	171	9985488	9985488	18.538011695906818	18.5649531559267
6301	condition_001	f021	15	171	9997040	9997040	38.82456140350973	38.83605687634513
6301	condition_001	f021	21	171	9992708	9992708	38.748538011696866	38.776814064512706
6301	condition_001	f021	27	171	9988376	9988376	38.67836257310037	38.723374623763036
6301	condition_001	f021	31	171	9985488	9985488	38.63157894736938	38.68772257036349
6301	condition_001	f022	15	171	9997040	9997040	41.450292397661784	41.462565316995615
6301	condition_001	f022	21	171	9992708	9992708	37.17543859649207	37.20256670813564
6301	condition_001	f022	27	171	9988376	9988376	33.2807017543867	33.31943226244857
6301	condition_001	f022	31	171	9985488	9985488	30.906432748538677	30.951349346710625
6301	condition_001	f023	15	171	9997040	9997040	39.83625730994251	39.8480523334332
6301	condition_001	f023	21	171	9992708	9992708	39.76608187134602	39.79510045860042
6301	condition_001	f023	27	171	9988376	9988376	39.695906432749524	39.74210265287322
6301	condition_001	f023	31	171	9985488	9985488	39.64912280701853	39.70674523570459
6301	condition_001	f024	15	171	9997040	9997040	15.046783625731349	15.051238792413903
6301	condition_001	f024	21	171	9992708	9992708	13.473684210526628	13.48351639067871
6301	condition_001	f024	27	171	9988376	9988376	12.10526315789501	12.119350691138388
6301	condition_001	f024	31	171	9985488	9985488	11.251461988304342	11.267813839748586
6301	condition_001	f025	15	171	9997040	9997040	93.07017543859892	93.09773236737966
6301	condition_001	f025	21	171	9992708	9992708	92.96491228070418	93.03275176328998
6301	condition_001	f025	27	171	9988376	9988376	92.85964912280944	92.96771479448655
6301	condition_001	f025	31	171	9985488	9985488	92.78947368421295	92.92432546532824
6301	condition_001	f026	15	171	9997040	9997040	38.22807017543961	38.239389034593856
6301	condition_001	f026	21	171	9992708	9992708	34.368421052632485	34.39350079341104
6301	condition_001	f026	27	171	9988376	9988376	30.818713450293203	30.85457881270509
6301	condition_001	f026	31	171	9985488	9985488	28.62573099415279	28.667333027842794
6301	condition_001	f027	15	171	9997040	9997040	0.017543859649122806	0.017549054169156877
6301	condition_001	f027	21	171	9992708	9992708	0.0	0.0
6301	condition_001	f027	27	171	9988376	9988376	0.0	0.0
6301	condition_001	f027	31	171	9985488	9985488	0.0	0.0
6301	condition_001	f028	15	171	9997040	9997040	26.59649122807086	26.604366120442513
6301	condition_001	f028	21	171	9992708	9992708	23.771929824562008	23.789276965325122
6301	condition_001	f028	27	171	9988376	9988376	21.233918128655503	21.258629159190146
6301	condition_001	f028	31	171	9985488	9985488	19.60818713450341	19.636683890164818
6301	condition_001	f029	15	170	9997040	9997040	68.20000000001045	68.2201931771909
6301	condition_001	f029	21	171	9992708	9992708	68.16374269006035	68.21348396256585
6301	condition_001	f029	27	171	9988376	9988376	68.1286549707621	68.2079398800787
6301	condition_001	f029	31	171	9985488	9985488	68.1052631578966	68.20424115265733
6301	condition_001	f030	15	171	9997040	9997040	125.39181286550036	125.42893983169054
6301	condition_001	f030	21	171	9992708	9992708	112.36842105263449	112.4504198988247
6301	condition_001	f030	27	171	9988376	9988376	100.74853801169849	100.86578439948444
6301	condition_001	f030	31	171	9985488	9985488	93.70175438596729	93.83793199287535
6301	condition_001	f031	15	171	9997040	9997040	89.05263157894976	89.0789989626427
6301	condition_001	f031	21	171	9992708	9992708	88.94152046783864	89.00642395218458
6301	condition_001	f031	27	171	9988376	9988376	88.87134502924215	88.97476930107771
6301	condition_001	f031	31	171	9985488	9985488	88.82456140351115	88.95365094175783
6301	condition_001	f032	15	171	9997040	9997040	0.017543859649122806	0.017549054169156877
6301	condition_001	f032	21	171	9992708	9992708	0.0	0.0
6301	condition_001	f032	27	171	9988376	9988376	0.0	0.0
6301	condition_001	f032	31	171	9985488	9985488	0.0	0.0
6301	condition_001	f033	15	171	9997040	9997040	130.23976608187482	130.2783284671011
6301	condition_001	f033	21	171	9992708	9992708	130.11695906433096	130.2119095888031
6301	condition_001	f033	27	171	9988376	9988376	130.01169590643622	130.16299737458442
6301	condition_001	f033	31	171	9985488	9985488	129.94152046783972	130.1303656544775
6301	condition_001	f034	15	171	9997040	9997040	135.63742690058842	135.67758746647849
6301	condition_001	f034	21	171	9992708	9992708	120.83625730994474	120.92443540824443
6301	condition_001	f034	27	171	9988376	9988376	107.8070175438625	107.93247825658797
6301	condition_001	f034	31	171	9985488	9985488	99.97076023392076	100.1160486437125
6301	condition_001	f035	15	171	9997040	9997040	266.4269005848026	266.50578629754665
6301	condition_001	f035	21	171	9992708	9992708	266.2339181286622	266.4281975703305
6301	condition_001	f035	27	171	9988376	9988376	266.05847953217096	266.36810581837426
6301	condition_001	f035	31	171	9985488	9985488	265.9415204678435	266.3280156842044
6301	condition_001	f036	15	171	9997040	9997040	133.7660818713486	133.8056883551017
6301	condition_001	f036	21	171	9992708	9992708	117.74853801169904	117.8344629020472
6301	condition_001	f036	27	171	9988376	9988376	103.74269005848227	103.86342089893519
6301	condition_001	f036	31	171	9985488	9985488	95.16959064327735	95.30790146989045
6301	condition_001	f037	15	421	9997040	9997040	37.55581947742913	37.566939291459406
6301	condition_001	f037	21	421	9992708	9992708	37.522565320659545	37.54994674182369
6301	condition_001	f037	27	421	9988376	9988376	37.494061757714185	37.53769557505062
6301	condition_001	f037	31	421	9985488	9985488	37.47505938241728	37.5295222250703
6301	condition_001	f038	15	418	9997040	9997040	37.77511961722581	37.786304363317356
6301	condition_001	f038	21	421	9992708	9992708	34.29216152018809	34.31718561193631
6301	condition_001	f038	27	421	9988376	9988376	31.087885985746766	31.124064598435986
6301	condition_001	f038	31	421	9985488	9985488	29.033254156768457	29.07544844755555
6301	condition_001	f039	15	421	9997040	9997040	0.004750593824228029	0.004752000416351269
6301	condition_001	f039	21	421	9992708	9992708	0.0	0.0
6301	condition_001	f039	27	421	9988376	9988376	0.0	0.0
6301	condition_001	f039	31	421	9985488	9985488	0.0	0.0
6301	condition_001	f040	15	421	9997040	9997040	4.771971496436954	4.773384418224749
6301	condition_001	f040	21	421	9992708	9992708	4.1306413301661085	4.133655591823666
6301	condition_001	f040	27	421	9988376	9988376	3.5510688836103173	3.555201449775536
6301	condition_001	f040	31	421	9985488	9985488	3.20902612826593	3.213689834954416
6301	condition_001	f041	15	421	9997040	9997040	20.648456057006264	20.654569809669926
6301	condition_001	f041	21	421	9992708	9992708	20.61282660332456	20.62786844499465
6301	condition_001	f041	27	421	9988376	9988376	20.5843230403792	20.608278102845947
6301	condition_001	f041	31	421	9985488	9985488	20.565320665082293	20.59520843155817
6301	condition_001	f042	15	420	9997040	9997040	21.14285714285747	21.149117281572813
6301	condition_001	f042	21	421	9992708	9992708	18.48931116389557	18.50280340814079
6301	condition_001	f042	27	421	9988376	9988376	16.2517814726841	16.270694528003453
6301	condition_001	f042	31	421	9985488	9985488	14.942992874109208	14.964709660768916
6301	condition_001	f043	15	420	9997040	9997040	22.576190476195258	22.582875007197387
6301	condition_001	f043	21	421	9992708	9992708	22.524940617573815	22.541377790258473
6301	condition_001	f043	27	421	9988376	9988376	22.496437054628448	22.52261734503031
6301	condition_001	f043	31	421	9985488	9985488	22.47743467933154	22.510101338393817
6301	condition_001	f044	15	421	9997040	9997040	68.90023752967942	68.92063803853883
6301	condition_001	f044	21	421	9992708	9992708	61.93586698336305	61.981063574921876
6301	condition_001	f044	27	421	9988376	9988376	55.59382422802039	55.65852169363708
6301	condition_001	f044	31	421	9985488	9985488	51.691211401418144	51.76633470634399
6301	condition_001	f045	15	421	9997040	9997040	62.79572446554565	62.814317503526695
6301	condition_001	f045	21	421	9992708	9992708	62.76722090260029	62.81302415981763
6301	condition_001	f045	27	421	9988376	9988376	62.73871733965493	62.81172969425153
6301	condition_001	f045	31	421	9985488	9985488	62.719714964358026	62.810866093232534
6301	condition_001	f046	15	421	9997040	9997040	40.22090261282037	40.23281152503178
6301	condition_001	f046	21	421	9992708	9992708	35.648456057002136	35.67446988043895
6301	condition_001	f046	27	421	9988376	9988376	31.672209026124374	31.7090676463565
6301	condition_001	f046	31	421	9985488	9985488	29.25653206650508	29.29905084909729
6301	condition_001	f047	15	421	9997040	9997040	119.95724465556327	119.99276251326721
6301	condition_001	f047	21	421	9992708	9992708	119.86698337290298	119.9544541608771
6301	condition_001	f047	27	421	9988376	9988376	119.7814726840669	119.92086870184592
6301	condition_001	f047	31	421	9985488	9985488	119.72446555817618	119.8984622065303
6301	condition_001	f048	15	421	9997040	9997040	36.81947743467475	36.83037922692592
6301	condition_001	f048	21	421	9992708	9992708	32.370546318286365	32.39416814569821
6301	condition_001	f048	27	421	9988376	9988376	28.410926365793223	28.443989659373276
6301	condition_001	f048	31	421	9985488	9985488	25.985748218525195	26.023513541376442
6301	condition_001	f049	15	421	9997040	9997040	318.22090261276924	318.3151238894405
6301	condition_001	f049	21	421	9992708	9992708	318.00475059376697	318.2368088747985
6301	condition_001	f049	27	421	9988376	9988376	317.8052256531494	318.1750723572575
6301	condition_001	f049	31	421	9985488	9985488	317.672209026071	318.1338849198667
6301	condition_001	f050	15	421	9997040	9997040	123.87173396672367	123.90841085633713
6301	condition_001	f050	21	421	9992708	9992708	110.33491686458964	110.41543179745635
6301	condition_001	f050	27	421	9988376	9988376	98.26128266031748	98.37563449785779
6301	condition_001	f050	31	421	9985488	9985488	90.91923990497509	91.05137365842819
6301	condition_001	f051	15	421	9997040	9997040	41.570071258900704	41.58237964327511
6301	condition_001	f051	21	421	9992708	9992708	41.534441805219004	41.56475082151806
6301	condition_001	f051	27	421	9988376	9988376	41.50593824227364	41.55424089188637
6301	condition_001	f051	31	421	9985488	9985488	41.48693586697674	41.54722920600049
6301	condition_001	f052	15	421	9997040	9997040	176.68171021374957	176.73402348470105
6301	condition_001	f052	21	421	9992708	9992708	157.565320665061	157.68030114065277
6301	condition_001	f052	27	421	9988376	9988376	140.4299287410749	140.5933544562949
6301	condition_001	f052	31	421	9985488	9985488	129.89786223276388	130.08664397049387
6301	condition_001	f053	15	421	9997040	9997040	230.56769596194837	230.63596420735377
6301	condition_001	f053	21	421	9992708	9992708	230.4679334916396	230.63611334549114
6301	condition_001	f053	27	421	9988376	9988376	230.36817102133085	230.63626261299217
6301	condition_001	f053	31	421	9985488	9985488	230.30166270779168	230.63636219661137
6301	condition_001	f054	15	421	9997040	9997040	200.95486935863957	201.01436961204473
6301	condition_001	f054	21	421	9992708	9992708	177.66033254154348	177.7899769927666
6301	condition_001	f054	27	421	9988376	9988376	157.17102137765318	157.35392958540325
6301	condition_001	f054	31	421	9985488	9985488	145.12114014250187	145.3320460076682
6301	condition_001	megabase_171	15	171	9997040	9997040	4142.304093567364	4143.530578618635
6301	condition_001	megabase_171	21	171	9992708	9992708	3891.5146198831467	3894.3543830993026
6301	condition_001	megabase_171	27	171	9988376	9988376	3656.9005847954218	3661.156312893529
6301	condition_001	megabase_171	31	171	9985488	9985488	3508.982456140447	3514.0820920724627
6301	condition_002	f001	15	61	9997279	9997279	55.72131147541004	55.73647737090267
6301	condition_002	f001	21	61	9992947	9992947	53.754098360655775	53.79203788497605
6301	condition_002	f001	27	61	9988615	9988615	51.9836065573769	52.04285735047041
6301	condition_002	f001	31	61	9985727	9985727	50.819672131147286	50.892310726246855
6301	condition_002	f002	15	61	9997279	9997279	0.11475409836065574	0.11478533144934311
6301	condition_002	f002	21	61	9992947	9992947	0.0	0.0
6301	condition_002	f002	27	61	9988615	9988615	0.0	0.0
6301	condition_002	f002	31	61	9985727	9985727	0.0	0.0
6301	condition_002	f003	15	61	9997279	9997279	100.49180327868888	100.51915454063938
6301	condition_002	f003	21	61	9992947	9992947	97.6393442622952	97.70825789658966
6301	condition_002	f003	27	61	9988615	9988615	94.78688524590152	94.89492311586893
6301	condition_002	f003	31	61	9985727	9985727	92.88524590163908	93.01801050803721
6301	condition_002	f004	15	61	9997279	9997279	0.0	0.0
6301	condition_002	f004	21	61	9992947	9992947	0.0	0.0
6301	condition_002	f004	27	61	9988615	9988615	0.0	0.0
6301	condition_002	f004	31	61	9985727	9985727	0.0	0.0
6301	condition_002	f005	15	61	9997279	9997279	19.32786885245916	19.333129396968076
6301	condition_002	f005	21	61	9992947	9992947	19.016393442623066	19.02981517126336
6301	condition_002	f005	27	61	9988615	9988615	18.721311475409923	18.7426499824149
6301	condition_002	f005	31	61	9985727	9985727	18.524590163934494	18.55106810343853
6301	condition_002	f006	15	61	9997279	9997279	0.0	0.0
6301	condition_002	f006	21	61	9992947	9992947	0.0	0.0
6301	condition_002	f006	27	61	9988615	9988615	0.0	0.0
6301	condition_002	f006	31	61	9985727	9985727	0.0	0.0
6301	condition_002	f007	15	61	9997279	9997279	64.19672131147293	64.2141939936586
6301	condition_002	f007	21	61	9992947	9992947	62.22950819671902	62.27342964664879
6301	condition_002	f007	27	61	9988615	9988615	60.36065573770285	60.42945467184674
6301	condition_002	f007	31	61	9985727	9985727	59.11475409835874	59.199249186722945
6301	condition_002	f008	15	61	9997279	9997279	72.24590163934599	72.26556509960959
6301	condition_002	f008	21	61	9992947	9992947	61.327868852461236	61.371153927326176
6301	condition_002	f008	27	61	9988615	9988615	52.24590163934586	52.30545139575993
6301	condition_002	f008	31	61	9985727	9985727	47.000000000001094	47.067178984565764
6301	condition_002	f009	15	61	9997279	9997279	56.37704918032628	56.3923935506114
6301	condition_002	f009	21	61	9992947	9992947	55.68852459016243	55.72782942825818
6301	condition_002	f009	27	61	9988615	9988615	54.99999999999858	55.06268887127853
6301	condition_002	f009	31	61	9985727	9985727	54.54098360655601	54.61894122136126
6301	condition_002	f010	15	61	9997279	9997279	128.88524590163703	128.92032512210275
6301	condition_002	f010	21	61	9992947	9992947	110.63934426229429	110.7174332679782
6301	condition_002	f010	27	61	9988615	9988615	95.50819672131209	95.61705674041106
6301	condition_002	f010	31	61	9985727	9985727	86.44262295082122	86.56617885790511
6301	condition_002	f011	15	61	9997279	9997279	83.59016393442658	83.61291500860042
6301	condition_002	f011	21	61	9992947	9992947	82.06557377049234	82.12349547184863
6301	condition_002	f011	27	61	9988615	9988615	80.59016393442694	80.68202041466904
6301	condition_002	f011	31	61	9985727	9985727	79.63934426229591	79.7531759703584
6301	condition_002	f012	15	61	9997279	9997279	44.04918032786925	44.06116937205539
6301	condition_002	f012	21	61	9992947	9992947	37.26229508196841	37.288594727829945
6301	condition_002	f012	27	61	9988615	9988615	31.213114754099244	31.2486913892459
6301	condition_002	f012	31	61	9985727	9985727	27.622950819672685	27.662433410880034
6301	condition_002	f013	15	61	9997279	9997279	96.67213114753976	96.69844279382396
6301	condition_002	f013	21	61	9992947	9992947	94.06557377049089	94.13196504543743
6301	condition_002	f013	27	61	9988615	9988615	91.6229508196715	91.72738244458466
6301	condition_002	f013	31	61	9985727	9985727	90.06557377049137	90.19430810645171
6301	condition_002	f014	15	61	9997279	9997279	0.0	0.0
6301	condition_002	f014	21	61	9992947	9992947	0.0	0.0
6301	condition_002	f014	27	61	9988615	9988615	0.0	0.0
6301	condition_002	f014	31	61	9985727	9985727	0.0	0.0
6301	condition_002	f015	15	61	9997279	9997279	50.540983606556495	50.55473955118837
6301	condition_002	f015	21	61	9992947	9992947	49.45901639344187	49.49392445836236
6301	condition_002	f015	27	61	9988615	9988615	48.37704918032725	48.432189227763054
6301	condition_002	f015	31	61	9985727	9985727	47.6557377049175	47.723853961677
6301	condition_002	f016	15	61	9997279	9997279	81.4098360655767	81.43199371106547
6301	condition_002	f016	21	61	9992947	9992947	71.13114754098332	71.18135174837144
6301	condition_002	f016	27	61	9988615	9988615	62.688524590161585	62.75997682377545
6301	condition_002	f016	31	61	9985727	9985727	57.63934426229334	57.72173048821917
6301	condition_002	f017	15	61	9997279	9997279	0.0	0.0
6301	condition_002	f017	21	61	9992947	9992947	0.0	0.0
6301	condition_002	f017	27	61	9988615	9988615	0.0	0.0
6301	condition_002	f017	31	61	9985727	9985727	0.0	0.0
6301	condition_002	f018	15	61	9997279	9997279	174.39344262296208	174.44090799402727
6301	condition_002	f018	21	61	9992947	9992947	152.39344262295862	152.50100157937254
6301	condition_002	f018	27	61	9988615	9988615	133.26229508197198	133.41418713402408
6301	condition_002	f018	31	61	9985727	9985727	121.65573770492102	121.82962512886746
6301	condition_002	f019	15	171	9997279	9997279	0.005847953216374269	0.005849544877535446
6301	condition_002	f019	21	171	9992947	9992947	0.0	0.0
6301	condition_002	f019	27	171	9988615	9988615	0.0	0.0
6301	condition_002	f019	31	171	9985727	9985727	0.0	0.0
6301	condition_002	f020	15	165	9997279	9997279	25.81818181818118	25.82520885751131
6301	condition_002	f020	21	171	9992947	9992947	21.690058479532638	21.705367275071747
6301	condition_002	f020	27	171	9988615	9988615	18.46198830409395	18.483031235155174
6301	condition_002	f020	31	171	9985727	9985727	16.567251461988633	16.590931698802333
6301	condition_002	f021	15	171	9997279	9997279	36.96491228070266	36.974973170902466
6301	condition_002	f021	21	171	9992947	9992947	36.10526315789562	36.13074617317156
6301	condition_002	f021	27	171	9988615	9988615	35.2631578947377	35.303350759577484
6301	condition_002	f021	31	171	9985727	9985727	34.70175438596576	34.75135499495005
6301	condition_002	f022	15	171	9997279	9997279	40.093567251462915	40.104479680383946
6301	condition_002	f022	21	171	9992947	9992947	35.45614035087799	35.48116521670533
6301	condition_002	f022	27	171	9988615	9988615	31.263157894737517	31.298791568938753
6301	condition_002	f022	31	171	9985727	9985727	28.807017543860255	28.848192569114154
6301	condition_002	f023	15	171	9997279	9997279	38.1228070175448	38.13318305665452
6301	condition_002	f023	21	171	9992947	9992947	37.345029239767	37.371387279215035
6301	condition_002	f023	27	171	9988615	9988615	36.573099415205576	36.614785348324645
6301	condition_002	f023	31	171	9985727	9985727	36.058479532164625	36.110019362801154
6301	condition_002	f024	15	171	9997279	9997279	14.596491228070517	14.600464014328818
6301	condition_002	f024	21	171	9992947	9992947	12.918128654971056	12.927246241745358
6301	condition_002	f024	27	171	9988615	9988615	11.444444444444699	11.457488795438305
6301	condition_002	f024	31	171	9985727	9985727	10.520467836257538	10.535505162776369
6301	condition_002	f025	15	171	9997279	9997279	89.33918128655203	89.36349709411134
6301	condition_002	f025	21	171	9992947	9992947	87.69005847953444	87.75194992981994
6301	condition_002	f025	27	171	9988615	9988615	86.0526315789496	86.15071416702877
6301	condition_002	f025	31	171	9985727	9985727	84.9766081871367	85.09806866053589
6301	condition_002	f026	15	171	9997279	9997279	36.84210526315887	36.85213272847429
6301	condition_002	f026	21	171	9992947	9992947	32.824561403509634	32.84772890670754
6301	condition_002	f026	27	171	9988615	9988615	29.163742690059237	29.19698345572358
6301	condition_002	f026	31	171	9985727	9985727	26.87134502924046	26.909753320154316
6301	condition_002	f027	15	171	9997279	9997279	0.017543859649122806	0.01754863463260634
6301	condition_002	f027	21	171	9992947	9992947	0.0	0.0
6301	condition_002	f027	27	171	9988615	9988615	0.0	0.0
6301	condition_002	f027	31	171	9985727	9985727	0.0	0.0
6301	condition_002	f028	15	171	9997279	9997279	25.269005847953864	25.275883415831313
6301	condition_002	f028	21	171	9992947	9992947	22.076023391813422	22.09160460053818
6301	condition_002	f028	27	171	9988615	9988615	19.34502923976656	19.36707865881963
6301	condition_002	f028	31	171	9985727	9985727	17.637426900585226	17.662636782064265
6301	condition_002	f029	15	170	9997279	9997279	65.6235294117775	65.64139043411461
6301	condition_002	f029	21	171	9992947	9992947	64.52046783625907	64.56600624046047
6301	condition_002	f029	27	171	9988615	9988615	63.43274853801343	63.5050490363413
6301	condition_002	f029	31	171	9985727	9985727	62.72514619883212	62.81480176539186
6301	condition_002	f030	15	171	9997279	9997279	121.06432748538327	121.09727805474196
6301	condition_002	f030	21	171	9992947	9992947	106.88304093567527	106.95847875073815
6301	condition_002	f030	27	171	9988615	9988615	94.3859649122831	94.49354581419256
6301	condition_002	f030	31	171	9985727	9985727	86.76023391813084	86.8842437993056
6301	condition_002	f031	15	171	9997279	9997279	85.82456140351107	85.84792062271251
6301	condition_002	f031	21	171	9992947	9992947	84.38596491228296	84.44552434060039
6301	condition_002	f031	27	171	9988615	9988615	83.04093567251684	83.13558553665031
6301	condition_002	f031	31	171	9985727	9985727	82.17543859649342	82.29289524587786
6301	condition_002	f032	15	171	9997279	9997279	0.017543859649122806	0.01754863463260634
6301	condition_002	f032	21	171	9992947	9992947	0.0	0.0
6301	condition_002	f032	27	171	9988615	9988615	0.0	0.0
6301	condition_002	f032	31	171	9985727	9985727	0.0	0.0
6301	condition_002	f033	15	171	9997279	9997279	125.04678362573434	125.08081811634379
6301	condition_002	f033	21	171	9992947	9992947	122.85380116959392	122.94051111208128
6301	condition_002	f033	27	171	9988615	9988615	120.67836257310263	120.8159114883321
6301	condition_002	f033	31	171	9985727	9985727	119.23976608187452	119.41020026070662
6301	condition_002	f034	15	171	9997279	9997279	129.50292397661167	129.53817131302594
6301	condition_002	f034	21	171	9992947	9992947	113.33918128655272	113.41917583126651
6301	condition_002	f034	27	171	9988615	9988615	99.44444444444706	99.55779098948858
6301	condition_002	f034	31	171	9985727	9985727	91.12865497076261	91.258908811309
6301	condition_002	f035	15	171	9997279	9997279	255.7076023391882	255.77719931512183
6301	condition_002	f035	21	171	9992947	9992947	251.081871345036	251.2590843772473
6301	condition_002	f035	27	171	9988615	9988615	246.54385964912944	246.82486976335503
6301	condition_002	f035	31	171	9985727	9985727	243.54970760234573	243.8978229650638
6301	condition_002	f036	15	171	9997279	9997279	128.65497076023735	128.68998730578323
6301	condition_002	f036	21	171	9992947	9992947	111.4912280701784	111.56991833357907
6301	condition_002	f036	27	171	9988615	9988615	96.69590643275107	96.80612020059945
6301	condition_002	f036	31	171	9985727	9985727	87.73099415204906	87.85639157975085
6301	condition_002	f037	15	421	9997279	9997279	36.39192399049359	36.40182892814494
6301	condition_002	f037	21	421	9992947	9992947	35.87173396674076	35.897052157627535
6301	condition_002	f037	27	421	9988615	9988615	35.36579572446062	35.40610557565851
6301	condition_002	f037	31	421	9985727	9985727	35.03562945367686	35.085707283682865
6301	condition_002	f038	15	418	9997279	9997279	35.88755980861332	35.89732747141829
6301	condition_002	f038	21	421	9992947	9992947	31.78622327790812	31.80865792434216
6301	condition_002	f038	27	421	9988615	9988615	28.071258907362363	28.103254462568
6301	condition_002	f038	31	421	9985727	9985727	25.764845605700145	25.801672332620495
6301	condition_002	f039	15	421	9997279	9997279	0.009501187648456057	0.00950377362525949
6301	condition_002	f039	21	421	9992947	9992947	0.0	0.0
6301	condition_002	f039	27	421	9988615	9988615	0.0	0.0
6301	condition_002	f039	31	421	9985727	9985727	0.0	0.0
6301	condition_002	f040	15	421	9997279	9997279	4.593824228028386	4.595074547812846
6301	condition_002	f040	21	421	9992947	9992947	3.9026128266031597	3.9053672821472576
6301	condition_002	f040	27	421	9988615	9988615	3.2874109263656854	3.2911579096458174
6301	condition_002	f040	31	421	9985727	9985727	2.9168646080759326	2.9210337996181277
6301	condition_002	f041	15	421	9997279	9997279	19.971496437053904	19.97693216029472
6301	condition_002	f041	21	421	9992947	9992947	19.653206650830658	19.667077840831794
6301	condition_002	f041	27	421	9988615	9988615	19.346793349167985	19.36884477894882
6301	condition_002	f041	31	421	9985727	9985727	19.163895486935232	19.191287211171737
6301	condition_002	f042	15	420	9997279	9997279	20.39047619047639	20.39602594913715
6301	condition_002	f042	21	421	9992947	9992947	17.629453681710306	17.64189651131974
6301	condition_002	f042	27	421	9988615	9988615	15.301662707838453	15.319103507181378
6301	condition_002	f042	31	421	9985727	9985727	13.954869358669736	13.974815612994163
6301	condition_002	f043	15	420	9997279	9997279	21.764285714290196	21.770209388264743
6301	condition_002	f043	21	421	9992947	9992947	21.356294536814044	21.37136776249693
6301	condition_002	f043	27	421	9988615	9988615	20.971496437051673	20.995399699609678
6301	condition_002	f043	31	421	9985727	9985727	20.71496437054343	20.744573099728676
6301	condition_002	f044	15	421	9997279	9997279	66.17102137766116	66.18903141310867
6301	condition_002	f044	21	421	9992947	9992947	58.57482185272265	58.61616383307411
6301	condition_002	f044	27	421	9988615	9988615	51.776722090254225	51.835737076916296
6301	condition_002	f044	31	421	9985727	9985727	47.65558194773755	47.72369798186707
6301	condition_002	f045	15	421	9997279	9997279	59.788598574810145	59.80487148033995
6301	condition_002	f045	21	421	9992947	9992947	58.52731591447795	58.56862436524276
6301	condition_002	f045	27	421	9988615	9988615	57.29928741091535	57.364597004605095
6301	condition_002	f045	31	421	9985727	9985727	56.50593824226949	56.58670444552459
6301	condition_002	f046	15	421	9997279	9997279	38.921615201894355	38.932208655869616
6301	condition_002	f046	21	421	9992947	9992947	34.111638954864794	34.13571487456583
6301	condition_002	f046	27	421	9988615	9988615	29.93824228028162	29.972365818766285
6301	condition_002	f046	31	421	9985727	9985727	27.399049881232436	27.438212441850688
6301	condition_002	f047	15	421	9997279	9997279	115.52494061755976	115.5563835095127
6301	condition_002	f047	21	421	9992947	9992947	113.61045130639639	113.69063731289317
6301	condition_002	f047	27	421	9988615	9988615	111.70071258905725	111.82802879984588
6301	condition_002	f047	31	421	9985727	9985727	110.42755344416449	110.58539197412917
6301	condition_002	f048	15	421	9997279	9997279	35.25415676959203	35.26375203652117
6301	condition_002	f048	21	421	9992947	9992947	30.43942992873818	30.46091401139041
6301	condition_002	f048	27	421	9988615	9988615	26.261282660330387	26.29121520884566
6301	condition_002	f048	31	421	9985727	9985727	23.748218527314144	23.782162808290416
6301	condition_002	f049	15	421	9997279	9997279	305.6294536816563	305.7126380904807
6301	condition_002	f049	21	421	9992947	9992947	300.2137767220378	300.42566694493405
6301	condition_002	f049	27	421	9988615	9988615	294.9263657956734	295.2625221771721
6301	condition_002	f049	31	421	9985727	9985727	291.4513064132516	291.86788945186623
6301	condition_002	f050	15	421	9997279	9997279	119.0546318289578	119.08703541129321
6301	condition_002	f050	21	421	9992947	9992947	104.33254156767919	104.40617924590133
6301	condition_002	f050	27	421	9988615	9988615	91.47030878858538	91.57456643246876
6301	condition_002	f050	31	421	9985727	9985727	83.70783847979892	83.82748544978139
6301	condition_002	f051	15	421	9997279	9997279	39.65558194773734	39.666375168420664
6301	condition_002	f051	21	421	9992947	9992947	38.84323040379457	38.87064587032691
6301	condition_002	f051	27	421	9988615	9988615	38.045130641324484	38.08849439218999
6301	condition_002	f051	31	421	9985727	9985727	37.522565320659545	37.57619782781919
6301	condition_002	f052	15	421	9997279	9997279	169.39667458429778	169.44277996472618
6301	condition_002	f052	21	421	9992947	9992947	148.2470308788401	148.3516633069705
6301	condition_002	f052	27	421	9988615	9988615	129.6864608075857	129.8342771321006
6301	condition_002	f052	31	421	9985727	9985727	118.49881235153134	118.66818745548656
6301	condition_002	f053	15	421	9997279	9997279	220.8289786222836	220.88908254164318
6301	condition_002	f053	21	421	9992947	9992947	216.73871733962443	216.89169104932154
6301	condition_002	f053	27	421	9988615	9988615	212.6793349168227	212.92174632501374
6301	condition_002	f053	31	421	9985727	9985727	210.0142517814315	210.31443357246948
6301	condition_002	f054	15	421	9997279	9997279	192.0332541567417	192.08552062690427
6301	condition_002	f054	21	421	9992947	9992947	166.5439429928527	166.6614893412851
6301	condition_002	f054	27	421	9988615	9988615	144.43230403798904	144.5969276401073
6301	condition_002	f054	31	421	9985727	9985727	131.6817102137643	131.86992816223022
6301	condition_002	megabase_171	15	171	9997279	9997279	3971.046783625839	3972.127599545676
6301	condition_002	megabase_171	21	171	9992947	9992947	3664.415204678462	3667.0015408652343
6301	condition_002	megabase_171	27	171	9988615	9988615	3381.7076023392733	3385.5620647499914
6301	condition_002	megabase_171	31	171	9985727	9985727	3205.9064327486235	3210.488763360568
6301	condition_003	f001	15	61	9997552	9997552	42.62295081967168	42.63338747292505
6301	condition_003	f001	21	61	9993220	9993220	36.32786885245865	36.352515858210516
6301	condition_003	f001	27	61	9988888	9988888	31.065573770491497	31.100132237433733
6301	condition_003	f001	31	61	9986000	9986000	28.16393442622924	28.203419213127617
6301	condition_003	f002	15	61	9997552	9997552	0.11475409836065574	0.11478219704249173
6301	condition_003	f002	21	61	9993220	9993220	0.0	0.0
6301	condition_003	f002	27	61	9988888	9988888	0.0	0.0
6301	condition_003	f002	31	61	9986000	9986000	0.0	0.0
6301	condition_003	f003	15	61	9997552	9997552	79.8852459016385	79.90480659829376
6301	condition_003	f003	21	61	9993220	9993220	70.31147540983535	70.35917893315202
6301	condition_003	f003	27	61	9988888	9988888	62.08196721311414	62.15102943702456
6301	condition_003	f003	31	61	9986000	9986000	57.213114754097816	57.29332540967136
6301	condition_003	f004	15	61	9997552	9997552	0.01639344262295082	0.016397456720355964
6301	condition_003	f004	21	61	9993220	9993220	0.0	0.0
6301	condition_003	f004	27	61	9988888	9988888	0.0	0.0
6301	condition_003	f004	31	61	9986000	9986000	0.0	0.0
6301	condition_003	f005	15	61	9997552	9997552	14.278688524590013	14.282184803429892
6301	condition_003	f005	21	61	9993220	9993220	12.34426229508184	12.35263738322767
6301	condition_003	f005	27	61	9988888	9988888	10.836065573770384	10.848120004719627
6301	condition_003	f005	31	61	9986000	9986000	9.91803278688515	9.931937499384288
6301	condition_003	f006	15	61	9997552	9997552	0.0	0.0
6301	condition_003	f006	21	61	9993220	9993220	0.0	0.0
6301	condition_003	f006	27	61	9988888	9988888	0.0	0.0
6301	condition_003	f006	31	61	9986000	9986000	0.0	0.0
6301	condition_003	f007	15	61	9997552	9997552	50.90163934426138	50.914103116704354
6301	condition_003	f007	21	61	9993220	9993220	44.78688524590145	44.81727135588074
6301	condition_003	f007	27	61	9988888	9988888	39.1967213114759	39.24032516079457
6301	condition_003	f007	31	61	9986000	9986000	35.62295081967305	35.672892869690614
6301	condition_003	f008	15	61	9997552	9997552	59.704918032789195	59.71953737553873
6301	condition_003	f008	21	61	9993220	9993220	47.18032786885357	47.212337833904954
6301	condition_003	f008	27	61	9988888	9988888	37.4262295081969	37.467863798449734
6301	condition_003	f008	31	61	9986000	9986000	31.852459016393176	31.897114977361486
6301	condition_003	f009	15	61	9997552	9997552	42.688524590164	42.69897729980699
6301	condition_003	f009	21	61	9993220	9993220	38.00000000000063	38.025781479843964
6301	condition_003	f009	27	61	9988888	9988888	33.68852459016509	33.72600092239005
6301	condition_003	f009	31	61	9986000	9986000	31.03278688524717	31.076293696422162
6301	condition_003	f010	15	61	9997552	9997552	101.42622950819668	101.45106472884231
6301	condition_003	f010	21	61	9993220	9993220	79.13114754098578	79.18483485902019
6301	condition_003	f010	27	61	9988888	9988888	62.213114754099976	62.28232287127454
6301	condition_003	f010	31	61	9986000	9986000	53.21311475409928	53.287717558681436
6301	condition_003	f011	15	61	9997552	9997552	63.868852459018115	63.88449138250855
6301	condition_003	f011	21	61	9993220	9993220	56.40983606557576	56.44810788272024
6301	condition_003	f011	27	61	9988888	9988888	49.721311475411184	49.77662325917678
6301	condition_003	f011	31	61	9986000	9986000	45.62295081967309	45.686912497169125
6301	condition_003	f012	15	61	9997552	9997552	34.19672131147668	34.20509471866381
6301	condition_003	f012	21	61	9993220	9993220	26.016393442623485	26.034044524811307
6301	condition_003	f012	27	61	9988888	9988888	19.688524590163915	19.710426816442347
6301	condition_003	f012	31	61	9986000	9986000	16.459016393442468	16.482091321292277
6301	condition_003	f013	15	61	9997552	9997552	77.63934426229615	77.65835502760692
6301	condition_003	f013	21	61	9993220	9993220	69.60655737705096	69.65378264168201
6301	condition_003	f013	27	61	9988888	9988888	62.9016393442642	62.97161340107547
6301	condition_003	f013	31	61	9986000	9986000	58.81967213114952	58.902135120317965
6301	condition_003	f014	15	61	9997552	9997552	0.0	0.0
6301	condition_003	f014	21	61	9993220	9993220	0.0	0.0
6301	condition_003	f014	27	61	9988888	9988888	0.0	0.0
6301	condition_003	f014	31	61	9986000	9986000	0.0	0.0
6301	condition_003	f015	15	61	9997552	9997552	40.72131147541014	40.73128249336452
6301	condition_003	f015	21	61	9993220	9993220	36.000000000000874	36.024424559852456
6301	condition_003	f015	27	61	9988888	9988888	31.540983606558694	31.576070936583424
6301	condition_003	f015	31	61	9986000	9986000	28.70491803278793	28.7451612585499
6301	condition_003	f016	15	61	9997552	9997552	61.8196721311453	61.83480929246009
6301	condition_003	f016	21	61	9993220	9993220	48.19672131147481	48.22942085881709
6301	condition_003	f016	27	61	9988888	9988888	38.00000000000063	38.042272573284066
6301	condition_003	f016	31	61	9986000	9986000	32.24590163934559	32.29110919221469
6301	condition_003	f017	15	61	9997552	9997552	0.0	0.0
6301	condition_003	f017	21	61	9993220	9993220	0.0	0.0
6301	condition_003	f017	27	61	9988888	9988888	0.0	0.0
6301	condition_003	f017	31	61	9986000	9986000	0.0	0.0
6301	condition_003	f018	15	61	9997552	9997552	136.08196721311967	136.11528823567977
6301	condition_003	f018	21	61	9993220	9993220	107.93442622950865	108.00765541988332
6301	condition_003	f018	27	61	9988888	9988888	85.39344262295032	85.48843737456093
6301	condition_003	f018	31	61	9986000	9986000	73.11475409836069	73.21725825992459
6301	condition_003	f019	15	171	9997552	9997552	0.005847953216374269	0.005849385145857975
6301	condition_003	f019	21	171	9993220	9993220	0.0	0.0
6301	condition_003	f019	27	171	9988888	9988888	0.0	0.0
6301	condition_003	f019	31	171	9986000	9986000	0.0	0.0
6301	condition_003	f020	15	165	9997552	9997552	19.424242424241978	19.42899864310981
6301	condition_003	f020	21	171	9993220	9993220	14.397660818713717	14.407429055613424
6301	condition_003	f020	27	171	9988888	9988888	10.707602339181449	10.719513862985998
6301	condition_003	f020	31	171	9986000	9986000	8.701754385965017	8.713953921455055
6301	condition_003	f021	15	171	9997552	9997552	28.578947368421723	28.585945207808592
6301	condition_003	f021	21	171	9993220	9993220	25.192982456140925	25.210074886914253
6301	condition_003	f021	27	171	9988888	9988888	22.216374269006337	22.241088566621567
6301	condition_003	f021	31	171	9986000	9986000	20.421052631579386	20.449682186640683
6301	condition_003	f022	15	171	9997552	9997552	31.111111111111782	31.1187289759651
6301	condition_003	f022	21	171	9993220	9993220	24.93567251462038	24.952590370891844
6301	condition_003	f022	27	171	9988888	9988888	19.842105263158246	19.864178338127573
6301	condition_003	f022	31	171	9986000	9986000	16.871345029240032	16.8949980264771
6301	condition_003	f023	15	171	9997552	9997552	30.456140350877916	30.46359783962906
6301	condition_003	f023	21	171	9993220	9993220	27.274853801170224	27.29335869836772
6301	condition_003	f023	27	171	9988888	9988888	24.491228070175993	24.518472997370672
6301	condition_003	f023	31	171	9986000	9986000	22.830409356725653	22.86241674016188
6301	condition_003	f024	15	171	9997552	9997552	10.86549707602363	10.868157601004356
6301	condition_003	f024	21	171	9993220	9993220	8.438596491228239	8.444321741368887
6301	condition_003	f024	27	171	9988888	9988888	6.456140350877305	6.46332239472232
6301	condition_003	f024	31	171	9986000	9986000	5.380116959064409	5.387659682620077
6301	condition_003	f025	15	171	9997552	9997552	70.73099415204858	70.748313339154
6301	condition_003	f025	21	171	9993220	9993220	62.865497076024965	62.90814880091198
6301	condition_003	f025	27	171	9988888	9988888	55.88304093567389	55.94520724997006
6301	condition_003	f025	31	171	9986000	9986000	51.6491228070188	51.721532953153215
6301	condition_003	f026	15	171	9997552	9997552	29.02339181286625	29.030498478893886
6301	condition_003	f026	21	171	9993220	9993220	23.239766081871934	23.25553333347203
6301	condition_003	f026	27	171	9988888	9988888	18.63157894736888	18.652305389117267
6301	condition_003	f026	31	171	9986000	9986000	16.09941520467875	16.12198598505783
6301	condition_003	f027	15	171	9997552	9997552	0.023391812865497075	0.0233975405834319
6301	condition_003	f027	21	171	9993220	9993220	0.0	0.0
6301	condition_003	f027	27	171	9988888	9988888	0.0	0.0
6301	condition_003	f027	31	171	9986000	9986000	0.0	0.0
6301	condition_003	f028	15	171	9997552	9997552	19.842105263158388	19.846963799896603
6301	condition_003	f028	21	171	9993220	9993220	15.584795321637799	15.595368981807463
6301	condition_003	f028	27	171	9988888	9988888	12.502923976608471	12.516832681083692
6301	condition_003	f028	31	171	9986000	9986000	10.643274853801401	10.658196328661527
6301	condition_003	f029	15	170	9997552	9997552	50.482352941186704	50.494714047185454
6301	condition_003	f029	21	171	9993220	9993220	44.36842105263277	44.398523251397215
6301	condition_003	f029	27	171	9988888	9988888	38.929824561404544	38.97313150513305
6301	condition_003	f029	31	171	9986000	9986000	35.65497076023486	35.70495770101628
6301	condition_003	f030	15	171	9997552	9997552	92.35672514620117	92.37933960853734
6301	condition_003	f030	21	171	9993220	9993220	72.81286549707781	72.86226611350277
6301	condition_003	f030	27	171	9988888	9988888	57.45614035087854	57.52005663781448
6301	condition_003	f030	31	171	9986000	9986000	49.245614035088835	49.31465455146088
6301	condition_003	f031	15	171	9997552	9997552	66.94736842105439	66.96376114978385
6301	condition_003	f031	21	171	9993220	9993220	59.040935672516156	59.08099258548911
6301	condition_003	f031	27	171	9988888	9988888	51.99415204678496	52.05199222054043
6301	condition_003	f031	31	171	9986000	9986000	47.672514619884254	47.73934970947752
6301	condition_003	f032	15	171	9997552	9997552	0.04093567251461988	0.040945696021005826
6301	condition_003	f032	21	171	9993220	9993220	0.0	0.0
6301	condition_003	f032	27	171	9988888	9988888	0.0	0.0
6301	condition_003	f032	31	171	9986000	9986000	0.0	0.0
6301	condition_003	f033	15	171	9997552	9997552	97.9941520467862	98.01814688914466
6301	condition_003	f033	21	171	9993220	9993220	86.74269005848178	86.80154150362124
6301	condition_003	f033	27	171	9988888	9988888	76.9707602339201	77.05638528925351
6301	condition_003	f033	31	171	9986000	9986000	71.21052631579128	71.3103608209406
6301	condition_003	f034	15	171	9997552	9997552	103.50292397661092	103.52826769654303
6301	condition_003	f034	21	171	9993220	9993220	82.29824561403721	82.35408168141721
6301	condition_003	f034	27	171	9988888	9988888	65.43274853801334	65.50553829216359
6301	condition_003	f034	31	171	9986000	9986000	56.13450292397799	56.21320140594632
6301	condition_003	f035	15	171	9997552	9997552	199.59064327485913	199.63951502813802
6301	condition_003	f035	21	171	9993220	9993220	176.82456140351343	176.94452979471424
6301	condition_003	f035	27	171	9988888	9988888	156.8654970760275	157.039999923943
6301	condition_003	f035	31	171	9986000	9986000	144.74269005848328	144.94561391796842
6301	condition_003	f036	15	171	9997552	9997552	100.15789473684474	100.18241939311217
6301	condition_003	f036	21	171	9993220	9993220	78.01169590643475	78.0646237213178
6301	condition_003	f036	27	171	9988888	9988888	60.83040935672666	60.898079302447535
6301	condition_003	f036	31	171	9986000	9986000	51.263157894738086	51.335026932443505
6301	condition_003	f037	15	421	9997552	9997552	29.26603325415352	29.273199333350323
6301	condition_003	f037	21	421	9993220	9993220	26.35866983372677	26.37655313675349
6301	condition_003	f037	27	421	9988888	9988888	23.767220902611097	23.793660418067656
6301	condition_003	f037	31	421	9986000	9986000	22.258907363419116	22.290113522350406
6301	condition_003	f038	15	418	9997552	9997552	27.933014354067637	27.93985403033426
6301	condition_003	f038	21	421	9993220	9993220	22.353919239904933	22.369085479860278
6301	condition_003	f038	27	421	9988888	9988888	17.8598574821852	17.879725433086442
6301	condition_003	f038	31	421	9986000	9986000	15.30166270783831	15.323115068934818
6301	condition_003	f039	15	421	9997552	9997552	0.019002375296912115	0.01900702821741974
6301	condition_003	f039	21	421	9993220	9993220	0.0	0.0
6301	condition_003	f039	27	421	9988888	9988888	0.0	0.0
6301	condition_003	f039	31	421	9986000	9986000	0.0	0.0
6301	condition_003	f040	15	421	9997552	9997552	3.695961995249259	3.6968669882879914
6301	condition_003	f040	21	421	9993220	9993220	2.9762470308787776	2.9782662954270775
6301	condition_003	f040	27	421	9988888	9988888	2.380047505938214	2.382695156796446
6301	condition_003	f040	31	421	9986000	9986000	2.0285035629453714	2.0313474493744956
6301	condition_003	f041	15	421	9997552	9997552	15.194774346793281	15.198494938354191
6301	condition_003	f041	21	421	9993220	9993220	13.308788598574985	13.317818079232705
6301	condition_003	f041	27	421	9988888	9988888	11.657957244655586	11.670925977601899
6301	condition_003	f041	31	421	9986000	9986000	10.66983372921606	10.684792438630142
6301	condition_003	f042	15	420	9997552	9997552	16.1523809523809	16.156336023439437
6301	condition_003	f042	21	421	9993220	9993220	12.62945368170996	12.638022260802785
6301	condition_003	f042	27	421	9988888	9988888	9.985748218526973	9.996856725720594
6301	condition_003	f042	31	421	9986000	9986000	8.570071258907149	8.58208617955853
6301	condition_003	f043	15	420	9997552	9997552	16.353571428574067	16.35757576312088
6301	condition_003	f043	21	421	9993220	9993220	14.192399049880002	14.202028024880871
6301	condition_003	f043	27	421	9988888	9988888	12.239904988122781	12.253521100769957
6301	condition_003	f043	31	421	9986000	9986000	11.083135391923552	11.098673534872372
6301	condition_003	f044	15	421	9997552	9997552	52.17814726840139	52.19092360650026
6301	condition_003	f044	21	421	9993220	9993220	41.824228028499256	41.85260409407504
6301	condition_003	f044	27	421	9988888	9988888	33.5083135391904	33.54558939812959
6301	condition_003	f044	31	421	9986000	9986000	28.95249406175698	28.993084379888824
6301	condition_003	f045	15	421	9997552	9997552	47.53444180521734	47.546081085867165
6301	condition_003	f045	21	421	9993220	9993220	42.080760095005076	42.10931020732564
6301	condition_003	f045	27	421	9988888	9988888	37.125890736336615	37.16719091888568
6301	condition_003	f045	31	421	9986000	9986000	34.18052256531605	34.22844238465457
6301	condition_003	f046	15	421	9997552	9997552	30.66033254156409	30.66784002880314
6301	condition_003	f046	21	421	9993220	9993220	24.318289786221417	24.334788773009517
6301	condition_003	f046	27	421	9988888	9988888	19.418052256531556	19.439653599611447
6301	condition_003	f046	31	421	9986000	9986000	16.719714964370777	16.743155381905446
6301	condition_003	f047	15	421	9997552	9997552	91.55344418051178	91.57586195151751
6301	condition_003	f047	21	421	9993220	9993220	81.41805225652405	81.47329114792234
6301	condition_003	f047	27	421	9988888	9988888	72.42992874108646	72.51050241136596
6301	condition_003	f047	31	421	9986000	9986000	67.04275534441295	67.13674678991885
6301	condition_003	f048	15	421	9997552	9997552	27.878859857479735	27.885686273479482
6301	condition_003	f048	21	421	9993220	9993220	21.76959619952344	21.784365999671216
6301	condition_003	f048	27	421	9988888	9988888	17.045130641329386	17.06409226064942
6301	condition_003	f048	31	421	9986000	9986000	14.437054631828609	14.457294844611065
6301	condition_003	f049	15	421	9997552	9997552	239.48456057003466	239.54320074557717
6301	condition_003	f049	21	421	9993220	9993220	212.6508313538894	212.79510643605303
6301	condition_003	f049	27	421	9988888	9988888	188.7980997624464	189.0081255916038
6301	condition_003	f049	31	421	9986000	9986000	174.33729216149993	174.58170655067087
6301	condition_003	f050	15	421	9997552	9997552	93.11401425176783	93.13681414387024
6301	condition_003	f050	21	421	9993220	9993220	73.60570071258083	73.65563923598282
6301	condition_003	f050	27	421	9988888	9988888	58.14251781472287	58.207197652754616
6301	condition_003	f050	31	421	9986000	9986000	49.788598574819964	49.85840033528937
6301	condition_003	f051	15	421	9997552	9997552	31.166270783843846	31.17390215509141
6301	condition_003	f051	21	421	9993220	9993220	27.712589073630753	27.731390956699393
6301	condition_003	f051	27	421	9988888	9988888	24.54394299287128	24.57124656205103
6301	condition_003	f051	31	421	9986000	9986000	22.605700712586632	22.637393062874658
6301	condition_003	f052	15	421	9997552	9997552	133.45130641328558	133.48398329239558
6301	condition_003	f052	21	421	9993220	9993220	106.04513064132064	106.11707802021834
6301	condition_003	f052	27	421	9988888	9988888	84.30166270783424	84.3954429240114
6301	condition_003	f052	31	421	9986000	9986000	72.05938242280115	72.16040699259078
6301	condition_003	f053	15	421	9997552	9997552	173.56769596196418	173.61019573788082
6301	condition_003	f053	21	421	9993220	9993220	153.89073634201714	153.99514505036126
6301	condition_003	f053	27	421	9988888	9988888	136.28978622325712	136.4413999068336
6301	condition_003	f053	31	421	9986000	9986000	125.67458432302256	125.85077540859459
6301	condition_003	f054	15	421	9997552	9997552	150.05225653204917	150.08899831883764
6301	condition_003	f054	21	421	9993220	9993220	117.02612826602444	117.10552581252534
6301	condition_003	f054	27	421	9988888	9988888	91.30641330166037	91.40798585554305
6301	condition_003	f054	31	421	9986000	9986000	77.52494061757707	77.63362769635197
6301	condition_003	megabase_171	15	171	9997552	9997552	3104.801169590726	3105.561411024145
6301	condition_003	megabase_171	21	171	9993220	9993220	2585.725146198899	2587.479457270929
6301	condition_003	megabase_171	27	171	9988888	9988888	2152.3976608187704	2154.792065762246
6301	condition_003	megabase_171	31	171	9986000	9986000	1905.3333333333833	1908.0045396889477
6301	condition_004	f001	15	61	49951791	49951791	99.1967213114764	19.85849142255508
6301	condition_004	f001	21	61	49930077	49930077	98.36065573770581	19.699680362540963
6301	condition_004	f001	27	61	49908363	49908363	97.86885245901723	19.609709991693624
6301	condition_004	f001	31	61	49893887	49893887	97.54098360655819	19.549686238428002
6301	condition_004	f002	15	61	49951791	49951791	100.65573770491702	20.150576323663152
6301	condition_004	f002	21	61	49930077	49930077	87.19672131147453	17.46376664139223
6301	condition_004	f002	27	61	49908363	49908363	76.19672131147466	15.267325300065373
6301	condition_004	f002	31	61	49893887	49893887	69.47540983606493	13.924633660244776
6301	condition_004	f003	15	61	49951791	49951791	185.13114754098524	37.06196391256226
6301	condition_004	f003	21	61	49930077	49930077	184.1475409836081	36.88108491873708
6301	condition_004	f003	27	61	49908363	49908363	183.16393442623095	36.70004853219308
6301	condition_004	f003	31	61	49893887	49893887	182.50819672131288	36.57927006595275
6301	condition_004	f004	15	61	49951791	49951791	14.606557377049025	2.924130863906166
6301	condition_004	f004	21	61	49930077	49930077	12.737704918032655	2.551108606949005
6301	condition_004	f004	27	61	49908363	49908363	10.901639344262186	2.184331179979232
6301	condition_004	f004	31	61	49893887	49893887	9.721311475409742	1.9483973007374114
6301	condition_004	f005	15	61	49951791	49951791	113.40983606557457	22.703857818746595
6301	condition_004	f005	21	61	49930077	49930077	112.8196721311483	22.595533375834428
6301	condition_004	f005	27	61	49908363	49908363	112.22950819672201	22.48711467389183
6301	condition_004	f005	31	61	49893887	49893887	111.83606557377117	22.414783112362276
6301	condition_004	f006	15	61	49951791	49951791	60.409836065573145	12.093627647019332
6301	condition_004	f006	21	61	49930077	49930077	53.37704918032734	10.690359876738691
6301	condition_004	f006	27	61	49908363	49908363	46.78688524590118	9.374558176933428
6301	condition_004	f006	31	61	49893887	49893887	42.39344262295042	8.496720775222506
6301	condition_004	f007	15	61	49951791	49951791	399.40983606558154	79.95906214165205
6301	condition_004	f007	21	61	49930077	49930077	398.6229508196798	79.83623794925848
6301	condition_004	f007	27	61	49908363	49908363	398.0327868852534	79.7527233833042
6301	condition_004	f007	31	61	49893887	49893887	397.6393442623025	79.69700662173354
6301	condition_004	f008	15	61	49951791	49951791	352.21311475409254	70.51060786871336
6301	condition_004	f008	21	61	49930077	49930077	304.49180327868805	60.98364384230532
6301	condition_004	f008	27	61	49908363	49908363	262.6885245901671	52.63416966614735
6301	condition_004	f008	31	61	49893887	49893887	238.6229508196771	47.826089560766654
6301	condition_004	f009	15	61	49951791	49951791	333.26229508197355	66.71678600712706
6301	condition_004	f009	21	61	49930077	49930077	332.770491803285	66.64730194653716
6301	condition_004	f009	27	61	49908363	49908363	332.27868852459636	66.57775742406065
6301	condition_004	f009	31	61	49893887	49893887	331.9508196721373	66.53136078015676
6301	condition_004	f010	15	61	49951791	49951791	364.3442622950725	72.93917895658086
6301	condition_004	f010	21	61	49930077	49930077	318.83606557376584	63.85651389517502
6301	condition_004	f010	27	61	49908363	49908363	280.70491803278634	56.24406435305969
6301	condition_004	f010	31	61	49893887	49893887	257.3278688524611	51.575029392370475
6301	condition_004	f011	15	61	49951791	49951791	157.55737704918	31.541887466893826
6301	condition_004	f011	21	61	49930077	49930077	156.93442622950786	31.430840018433752
6301	condition_004	f011	27	61	49908363	49908363	156.54098360655706	31.3656818610855
6301	condition_004	f011	31	61	49893887	49893887	156.27868852458988	31.322211581669286
6301	condition_004	f012	15	61	49951791	49951791	365.9836065573683	73.26736423872536
6301	condition_004	f012	21	61	49930077	49930077	320.52459016393067	64.19469174139881
6301	condition_004	f012	27	61	49908363	49908363	278.52459016393516	55.8071981170641
6301	condition_004	f012	31	61	49893887	49893887	253.7704918032816	50.862040835439736
6301	condition_004	f013	15	61	49951791	49951791	642.9672131148084	128.71754950984808
6301	condition_004	f013	21	61	49930077	49930077	641.9836065574312	128.5765304462541
6301	condition_004	f013	27	61	49908363	49908363	641.2950819672672	128.49451342799344
6301	condition_004	f013	31	61	49893887	49893887	640.8360655738245	128.4397957557054
6301	condition_004	f014	15	61	49951791	49951791	522.2950819672428	104.55983089119724
6301	condition_004	f014	21	61	49930077	49930077	464.13114754100513	92.95622507071342
6301	condition_004	f014	27	61	49908363	49908363	410.45901639345914	82.24253245762822
6301	condition_004	f014	31	61	49893887	49893887	376.98360655739015	75.55707306536173
6301	condition_004	f015	15	61	49951791	49951791	711.1639344263219	142.37005724706086
6301	condition_004	f015	21	61	49930077	49930077	710.2295081968134	142.24482533780457
6301	condition_004	f015	27	61	49908363	49908363	709.3442622951742	142.1293385830295
6301	condition_004	f015	31	61	49893887	49893887	708.7540983607478	142.05229156845363
6301	condition_004	f016	15	61	49951791	49951791	926.4754098361473	185.4739122038982
6301	condition_004	f016	21	61	49930077	49930077	814.7868852459519	163.18558556317706
6301	condition_004	f016	27	61	49908363	49908363	719.1147540983868	144.08702487364428
6301	condition_004	f016	31	61	49893887	49893887	662.0983606557536	132.70129878951977
6301	condition_004	f017	15	61	49951791	49951791	849.8196721312538	170.12796841083312
6301	condition_004	f017	21	61	49930077	49930077	849.0327868853518	170.04435760941283
6301	condition_004	f017	27	61	49908363	49908363	848.24590163945	169.9606740536551
6301	condition_004	f017	31	61	49893887	49893887	847.7213114755157	169.90484455049886
6301	condition_004	f018	15	61	49951791	49951791	674.3278688525222	134.99573395727137
6301	condition_004	f018	21	61	49930077	49930077	602.6557377049667	120.69994158129711
6301	condition_004	f018	27	61	49908363	49908363	540.7049180328228	108.33954181843689
6301	condition_004	f018	31	61	49893887	49893887	502.9344262295363	100.80081077458173
6301	condition_004	f019	15	171	49951791	49951791	73.05263157894909	14.624627088736236
6301	condition_004	f019	21	171	49930077	49930077	72.73684210526487	14.567740823885543
6301	condition_004	f019	27	171	49908363	49908363	72.56140350877364	14.538926774411262
6301	condition_004	f019	31	171	49893887	49893887	72.44444444444615	14.519703474785628
6301	condition_004	f020	15	165	49951791	49951791	99.993939393937	20.018088919762057
6301	condition_004	f020	21	171	49930077	49930077	86.12865497076204	17.24985422529231
6301	condition_004	f020	27	171	49908363	49908363	75.05263157894886	15.038087219760918
6301	condition_004	f020	31	171	49893887	49893887	68.42690058479664	13.71448582163916
6301	condition_004	f021	15	171	49951791	49951791	64.6081871345044	12.934108235379268
6301	condition_004	f021	21	171	49930077	49930077	64.39181286549855	12.896397669384438
6301	condition_004	f021	27	171	49908363	49908363	64.21637426900732	12.866856456303188
6301	condition_004	f021	31	171	49893887	49893887	64.09941520467983	12.847148029312656
6301	condition_004	f022	15	171	49951791	49951791	120.02339181286828	24.027845530677425
6301	condition_004	f022	21	171	49930077	49930077	107.74853801169836	21.579886210008922
6301	condition_004	f022	27	171	49908363	49908363	96.60818713450506	19.357113983984018
6301	condition_004	f022	31	171	49893887	49893887	89.84795321637621	18.00780789365563
6301	condition_004	f023	15	171	49951791	49951791	187.81286549708068	37.598825134634446
6301	condition_004	f023	21	171	49930077	49930077	187.44444444444906	37.541389019778414
6301	condition_004	f023	27	171	49908363	49908363	187.0935672514666	37.48741814101709
6301	condition_004	f023	31	171	49893887	49893887	186.85964912281162	37.45141145704115
6301	condition_004	f024	15	171	49951791	49951791	77.80116959064506	15.575251263892632
6301	condition_004	f024	21	171	49930077	49930077	69.78947368421208	13.977441629864117
6301	condition_004	f024	27	171	49908363	49908363	62.70175438596627	12.563376279435627
6301	condition_004	f024	31	171	49893887	49893887	58.269005847954446	11.678586165867264
6301	condition_004	f025	15	171	49951791	49951791	505.04678362574396	101.10684191999121
6301	condition_004	f025	21	171	49930077	49930077	504.4210526315922	101.02549063395038
6301	condition_004	f025	27	171	49908363	49908363	503.92982456141675	100.97101853679648
6301	condition_004	f025	31	171	49893887	49893887	503.6023391812998	100.93467746485652
6301	condition_004	f026	15	171	49951791	49951791	258.76023391813555	51.801993229459086
6301	condition_004	f026	21	171	49930077	49930077	232.16959064328103	46.498945043341514
6301	condition_004	f026	27	171	49908363	49908363	207.87719298246162	41.651775471469904
6301	condition_004	f026	31	171	49893887	49893887	192.6491228070226	38.61176877380241
6301	condition_004	f027	15	171	49951791	49951791	371.44444444445435	74.36058587858328
6301	condition_004	f027	21	171	49930077	49930077	371.0818713450392	74.32030824727933
6301	condition_004	f027	27	171	49908363	49908363	370.76608187135497	74.28936947327945
6301	condition_004	f027	31	171	49893887	49893887	370.5555555555655	74.26872866320588
6301	condition_004	f028	15	171	49951791	49951791	212.55555555556109	42.5521390325246
6301	condition_004	f028	21	171	49930077	49930077	189.8421052631628	38.02159272920064
6301	condition_004	f028	27	171	49908363	49908363	169.02339181286982	33.86674730502978
6301	condition_004	f028	31	171	49893887	49893887	156.13450292398056	31.29331313152262
6301	condition_004	f029	15	170	49951791	49951791	311.5411764706339	62.36836962875543
6301	condition_004	f029	21	171	49930077	49930077	311.18128654971576	62.32341411164172
6301	condition_004	f029	27	171	49908363	49908363	310.8304093567333	62.280225331520754
6301	condition_004	f029	31	171	49893887	49893887	310.5964912280783	62.25141192709206
6301	condition_004	f030	15	171	49951791	49951791	193.80701754386473	38.798812547855334
6301	condition_004	f030	21	171	49930077	49930077	173.70760233918577	34.79017313335723
6301	condition_004	f030	27	171	49908363	49908363	155.8654970760274	31.230336502126384
6301	condition_004	f030	31	171	49893887	49893887	145.0701754386002	29.075741370601207
6301	condition_004	f031	15	171	49951791	49951791	1040.6549707602628	208.33186356826783
6301	condition_004	f031	21	171	49930077	49930077	1039.6666666666947	208.22452700537485
6301	condition_004	f031	27	171	49908363	49908363	1039.0000000000282	208.18154264046453
6301	condition_004	f031	31	171	49893887	49893887	1038.5555555555836	208.15286561168978
6301	condition_004	f032	15	171	49951791	49951791	862.6959064327718	172.70570066902545
6301	condition_004	f032	21	171	49930077	49930077	758.964912280722	152.00555614619262
6301	condition_004	f032	27	171	49908363	49908363	667.1111111111288	133.66719944533722
6301	condition_004	f032	31	171	49893887	49893887	611.421052631595	122.54428135286291
6301	condition_004	f033	15	171	49951791	49951791	1371.760233918166	274.6168268357317
6301	condition_004	f033	21	171	49930077	49930077	1370.9532163743067	274.5746249048057
6301	condition_004	f033	27	171	49908363	49908363	1370.2163742690432	274.5464471092837
6301	condition_004	f033	31	171	49893887	49893887	1369.7251461988678	274.52764828662634
6301	condition_004	f034	15	171	49951791	49951791	642.5438596491398	128.63279710013597
6301	condition_004	f034	21	171	49930077	49930077	568.9181286549858	113.94297041740708
6301	condition_004	f034	27	171	49908363	49908363	504.2163742690191	101.02843370539304
6301	condition_004	f034	31	171	49893887	49893887	465.32163742691273	93.26225423705968
6301	condition_004	f035	15	171	49951791	49951791	1315.415204678398	263.3369451514557
6301	condition_004	f035	21	171	49930077	49930077	1314.5029239766436	263.2687556193121
6301	condition_004	f035	27	171	49908363	49908363	1313.695906432784	263.22159803814526
6301	condition_004	f035	31	171	49893887	49893887	1313.157894736878	263.19013684720096
6301	condition_004	f036	15	171	49951791	49951791	992.7251461988569	198.73664714021103
6301	condition_004	f036	21	171	49930077	49930077	878.6081871345264	175.96772124635947
6301	condition_004	f036	27	171	49908363	49908363	777.216374269026	155.7286850440328
6301	condition_004	f036	31	171	49893887	49893887	714.9415204678551	143.29240783903148
6301	condition_004	f037	15	421	49951791	49951791	149.2090261282452	29.87060586641332
6301	condition_004	f037	21	421	49930077	49930077	149.00712589071554	29.84315964317771
6301	condition_004	f037	27	421	49908363	49908363	148.87885985746144	29.830443418362854
6301	condition_004	f037	31	421	49893887	49893887	148.79334916862535	29.82195978610072
6301	condition_004	f038	15	418	49951791	49951791	99.26315789473932	19.871791562937016
6301	condition_004	f038	21	421	49930077	49930077	90.16389548693039	18.05803253356296
6301	condition_004	f038	27	421	49908363	49908363	81.86698337291779	16.403459951775574
6301	condition_004	f038	31	421	49893887	49893887	76.54156769595922	15.340870855774217
6301	condition_004	f039	15	421	49951791	49951791	10.938242280284515	2.1897597786402723
6301	condition_004	f039	21	421	49930077	49930077	10.888361045130127	2.1807218613202073
6301	condition_004	f039	27	421	49908363	49908363	10.859857482184763	2.175959464385711
6301	condition_004	f039	31	421	49893887	49893887	10.840855106887853	2.172782230193421
6301	condition_004	f040	15	421	49951791	49951791	21.3610451306395	4.276332180089298
6301	condition_004	f040	21	421	49930077	49930077	18.90261282660188	3.7858168787926925
6301	condition_004	f040	27	421	49908363	49908363	16.676959619951496	3.3415160541233333
6301	condition_004	f040	31	421	49893887	49893887	15.363420427552722	3.0792189888017187
6301	condition_004	f041	15	421	49951791	49951791	115.65795724464374	23.153915991649576
6301	condition_004	f041	21	421	49930077	49930077	115.49168646079576	23.130684629385964
6301	condition_004	f041	27	421	49908363	49908363	115.36342042754164	23.115047958503794
6301	condition_004	f041	31	421	49893887	49893887	115.27790973870556	23.10461594998713
6301	condition_004	f042	15	420	49951791	49951791	72.36666666667269	14.487301699887533
6301	condition_004	f042	21	421	49930077	49930077	63.56532066508068	12.73086774231906
6301	condition_004	f042	27	421	49908363	49908363	56.05938242280145	11.23246266819079
6301	condition_004	f042	31	421	49893887	49893887	51.61282660332462	10.344519079727066
6301	condition_004	f043	15	420	49951791	49951791	286.761904761975	57.407732339762354
6301	condition_004	f043	21	421	49930077	49930077	286.44893111633894	57.37001589569728
6301	condition_004	f043	27	421	49908363	49908363	286.263657957194	57.35785362408982
6301	condition_004	f043	31	421	49893887	49893887	286.1401425177641	57.34973956183532
6301	condition_004	f044	15	421	49951791	49951791	228.2755344417694	45.69916911322947
6301	condition_004	f044	21	421	49930077	49930077	202.2446555819185	40.505576544958764
6301	condition_004	f044	27	421	49908363	49908363	179.04750593821868	35.875251195519816
6301	condition_004	f044	31	421	49893887	49893887	165.08551068881593	33.08732203783119
6301	condition_004	f045	15	421	49951791	49951791	344.54869358663893	68.97624423249187
6301	condition_004	f045	21	421	49930077	49930077	344.2707838479218	68.95058139964851
6301	condition_004	f045	27	421	49908363	49908363	344.0570071258315	68.937746390486
6301	condition_004	f045	31	421	49893887	49893887	343.9144893111047	68.92918351121946
6301	condition_004	f046	15	421	49951791	49951791	260.84323040376785	52.218994590958275
6301	condition_004	f046	21	421	49930077	49930077	232.0047505937982	46.465930864436324
6301	condition_004	f046	27	421	49908363	49908363	206.6603325415475	41.407956526553974
6301	condition_004	f046	31	421	49893887	49893887	191.18289786221612	38.31790011915009
6301	condition_004	f047	15	421	49951791	49951791	417.3159144892387	83.54373409538783
6301	condition_004	f047	21	421	49930077	49930077	417.00712589066404	83.51822207097018
6301	condition_004	f047	27	421	49908363	49908363	416.7363420426831	83.5003027534049
6301	condition_004	f047	31	421	49893887	49893887	416.5558194773625	83.48834787663716
6301	condition_004	f048	15	421	49951791	49951791	429.10926365789	85.90468030623566
6301	condition_004	f048	21	421	49930077	49930077	379.21140142512405	75.94849121204521
6301	condition_004	f048	27	421	49908363	49908363	334.7767220902188	67.07828146762073
6301	condition_004	f048	31	421	49893887	49893887	307.6698337291805	61.66483555975113
6301	condition_004	f049	15	421	49951791	49951791	1287.399049880984	257.7283064547143
6301	condition_004	f049	21	421	49930077	49930077	1286.6698337289658	257.69434197527187
6301	condition_004	f049	27	421	49908363	49908363	1286.0285035626953	257.6779574122067
6301	condition_004	f049	31	421	49893887	49893887	1285.600950118515	257.6670264472509
6301	condition_004	f050	15	421	49951791	49951791	859.5534441803808	172.07660165385877
6301	condition_004	f050	21	421	49930077	49930077	762.874109263542	152.7884904450562
6301	condition_004	f050	27	421	49908363	49908363	677.1520190022823	135.67906825601196
6301	condition_004	f050	31	421	49893887	49893887	625.7173396673788	125.40961975309295
6301	condition_004	f051	15	421	49951791	49951791	879.2019002373636	176.0100854516635
6301	condition_004	f051	21	421	49930077	49930077	878.6817102136107	175.9824464547913
6301	condition_004	f051	27	421	49908363	49908363	878.2114014250122	175.96477797218319
6301	condition_004	f051	31	421	49893887	49893887	877.8978622326135	175.95299044001393
6301	condition_004	f052	15	421	49951791	49951791	861.5771971495027	172.48174287674746
6301	condition_004	f052	21	421	49930077	49930077	765.6508313538038	153.34461257766614
6301	condition_004	f052	27	421	49908363	49908363	680.539192398957	136.35774677661877
6301	condition_004	f052	31	421	49893887	49893887	628.776722090182	126.0227975603869
6301	condition_004	f053	15	421	49951791	49951791	932.19477434661	186.61888906978527
6301	condition_004	f053	21	421	49930077	49930077	931.7387173394843	186.60870828208104
6301	condition_004	f053	27	421	49908363	49908363	931.2826603323584	186.59851863551572
6301	condition_004	f053	31	421	49893887	49893887	930.9786223276079	186.59172061050444
6301	condition_004	f054	15	421	49951791	49951791	733.5510688834877	146.85180535038026
6301	condition_004	f054	21	421	49930077	49930077	648.5748218526315	129.89661959716818
6301	condition_004	f054	27	421	49908363	49908363	573.3111638954069	114.87276468983904
6301	condition_004	f054	31	421	49893887	49893887	528.9596199524264	106.01691945797415
6301	condition_004	megabase_171	15	171	49951791	49951791	23813.046783626385	4767.205801214693
6301	condition_004	megabase_171	21	171	49930077	49930077	22380.51461988365	4482.371341002267
6301	condition_004	megabase_171	27	171	49908363	49908363	21041.005847953787	4215.927869233817
6301	condition_004	megabase_171	31	171	49893887	49893887	20196.976608187695	4047.986200832117
6301	condition_005	f001	15	61	49951836	49951836	94.16393442623001	18.85094562414683
6301	condition_005	f001	21	61	49930122	49930122	91.21311475409857	18.26815379183303
6301	condition_005	f001	27	61	49908408	49908408	88.65573770491798	17.76368777479698
6301	condition_005	f001	31	61	49893932	49893932	87.01639344262276	17.440275791978625
6301	condition_005	f002	15	61	49951836	49951836	97.45901639344163	19.510597446997068
6301	condition_005	f002	21	61	49930122	49930122	83.03278688524509	16.629798518266206
6301	condition_005	f002	27	61	49908408	49908408	71.27868852458948	14.281899860358093
6301	condition_005	f002	31	61	49893932	49893932	64.16393442622892	12.860067718501103
6301	condition_005	f003	15	61	49951836	49951836	175.81967213114828	35.1978398013535
6301	condition_005	f003	21	61	49930122	49930122	171.09836065573805	34.26756310664293
6301	condition_005	f003	27	61	49908408	49908408	166.42622950819663	33.34633104470025
6301	condition_005	f003	31	61	49893932	49893932	163.34426229508162	32.73830218373681
6301	condition_005	f004	15	61	49951836	49951836	14.065573770491655	2.8158271841082385
6301	condition_005	f004	21	61	49930122	49930122	12.098360655737581	2.4230585007858747
6301	condition_005	f004	27	61	49908408	49908408	10.163934426229408	2.0365174593886883
6301	condition_005	f004	31	61	49893932	49893932	8.918032786885162	1.7873982725765454
6301	condition_005	f005	15	61	49951836	49951836	107.54098360655776	21.528935113928096
6301	condition_005	f005	21	61	49930122	49930122	104.47540983606574	20.924324966813767
6301	condition_005	f005	27	61	49908408	49908408	101.42622950819666	20.3224734213515
6301	condition_005	f005	31	61	49893932	49893932	99.45901639344243	19.93409066125364
6301	condition_005	f006	15	61	49951836	49951836	57.09836065573713	11.430683079544288
6301	condition_005	f006	21	61	49930122	49930122	49.196721311474924	9.85311458110896
6301	condition_005	f006	27	61	49908408	49908408	42.11475409836026	8.438408634144423
6301	condition_005	f006	31	61	49893932	49893932	37.622950819671786	7.5405864624323025
6301	condition_005	f007	15	61	49951836	49951836	380.49180327869084	76.17173536498053
6301	condition_005	f007	21	61	49930122	49930122	372.03278688524665	74.51069053771722
6301	condition_005	f007	27	61	49908408	49908408	363.77049180327793	72.88761681263765
6301	condition_005	f007	31	61	49893932	49893932	358.3606557377031	71.82449676199164
6301	condition_005	f008	15	61	49951836	49951836	338.26229508196303	67.71769011292459
6301	condition_005	f008	21	61	49930122	49930122	287.0819672131158	57.49674859859461
6301	condition_005	f008	27	61	49908408	49908408	243.27868852459477	48.74503080214355
6301	condition_005	f008	31	61	49893932	49893932	218.54098360656332	43.80111465389485
6301	condition_005	f009	15	61	49951836	49951836	319.96721311475756	64.05514566366641
6301	condition_005	f009	21	61	49930122	49930122	314.0163934426252	62.89117287608975
6301	condition_005	f009	27	61	49908408	49908408	308.2131147540994	61.75574960317296
6301	condition_005	f009	31	61	49893932	49893932	304.3442622950822	60.99825171026453
6301	condition_005	f010	15	61	49951836	49951836	350.39344262294287	70.14625901297059
6301	condition_005	f010	21	61	49930122	49930122	301.6065573770464	60.40573211037746
6301	condition_005	f010	27	61	49908408	49908408	261.04918032787054	52.30565165049355
6301	condition_005	f010	31	61	49893932	49893932	236.7049180327913	47.44162437083358
6301	condition_005	f011	15	61	49951836	49951836	151.55737704918045	30.34070200125986
6301	condition_005	f011	21	61	49930122	49930122	148.45901639344288	29.73335742969802
6301	condition_005	f011	27	61	49908408	49908408	145.60655737704963	29.174754958533168
6301	condition_005	f011	31	61	49893932	49893932	143.7377049180334	28.808654510940006
6301	condition_005	f012	15	61	49951836	49951836	349.31147540982903	69.92965692188552
6301	condition_005	f012	21	61	49930122	49930122	299.3934426229494	59.962489701697386
6301	condition_005	f012	27	61	49908408	49908408	254.77049180328117	51.04760941348423
6301	condition_005	f012	31	61	49893932	49893932	229.19672131148002	45.936792736936425
6301	condition_005	f013	15	61	49951836	49951836	614.0163934426707	122.92168669088974
6301	condition_005	f013	21	61	49930122	49930122	600.8360655738159	120.33538904107141
6301	condition_005	f013	27	61	49908408	49908408	588.1803278688956	117.85195149260132
6301	condition_005	f013	31	61	49893932	49893932	579.9508196721728	116.23674391350289
6301	condition_005	f014	15	61	49951836	49951836	505.0655737705189	101.11051248857378
6301	condition_005	f014	21	61	49930122	49930122	442.5245901639546	88.62878207346552
6301	condition_005	f014	27	61	49908408	49908408	385.67213114755566	77.27598346706543
6301	condition_005	f014	31	61	49893932	49893932	350.9180327868961	70.33280776245418
6301	condition_005	f015	15	61	49951836	49951836	678.606557377134	135.85217515871366
6301	condition_005	f015	21	61	49930122	49930122	664.6885245902456	133.12375335078204
6301	condition_005	f015	27	61	49908408	49908408	651.0327868853244	130.4455126850218
6301	condition_005	f015	31	61	49893932	49893932	642.0327868853224	128.67953299117062
6301	condition_005	f016	15	61	49951836	49951836	887.7049180328578	177.7121701858682
6301	condition_005	f016	21	61	49930122	49930122	766.7213114754475	153.5588700294879
6301	condition_005	f016	27	61	49908408	49908408	664.5409836065718	133.15211008264816
6301	condition_005	f016	31	61	49893932	49893932	604.2459016393507	121.10608994283126
6301	condition_005	f017	15	61	49951836	49951836	815.3278688525559	163.22280303221604
6301	condition_005	f017	21	61	49930122	49930122	800.0491803279616	160.23377237651485
6301	condition_005	f017	27	61	49908408	49908408	784.8032786886133	157.248710215043
6301	condition_005	f017	31	61	49893932	49893932	774.6721311476274	155.2637966371597
6301	condition_005	f018	15	61	49951836	49951836	646.1311475410408	129.3508305762857
6301	condition_005	f018	21	61	49930122	49930122	567.3770491803689	113.63422047724396
6301	condition_005	f018	27	61	49908408	49908408	499.72131147543683	100.12768018475703
6301	condition_005	f018	31	61	49893932	49893932	459.0327868852643	92.00172615885721
6301	condition_005	f019	15	171	49951836	49951836	69.81286549707765	13.976035935311298
6301	condition_005	f019	21	171	49930122	49930122	68.18713450292556	13.65651269646919
6301	condition_005	f019	27	171	49908408	49908408	66.71929824561558	13.368348324317534
6301	condition_005	f019	31	171	49893932	49893932	65.77777777777929	13.183522552958804
6301	condition_005	f020	15	165	49951836	49951836	95.81212121211897	19.18090082056623
6301	condition_005	f020	21	171	49930122	49930122	80.95321637427067	16.213302337669166
6301	condition_005	f020	27	171	49908408	49908408	69.18128654970894	13.861649634207716
6301	condition_005	f020	31	171	49893932	49893932	62.28070175438711	12.482620482664526
6301	condition_005	f021	15	171	49951836	49951836	61.26315789473823	12.264445674176667
6301	condition_005	f021	21	171	49930122	49930122	59.69590643274988	11.955890360682451
6301	condition_005	f021	27	171	49908408	49908408	58.187134502925275	11.658783927334504
6301	condition_005	f021	31	171	49893932	49893932	57.18128654970887	11.460569303238893
6301	condition_005	f022	15	171	49951836	49951836	115.97660818713717	23.217686770739952
6301	condition_005	f022	21	171	49930122	49930122	102.76608187134734	20.581980927534556
6301	condition_005	f022	27	171	49908408	49908408	90.77192982456337	18.187702926641816
6301	condition_005	f022	31	171	49893932	49893932	83.69005847953393	16.773594528395545
6301	condition_005	f023	15	171	49951836	49951836	180.05847953216818	36.046418700639585
6301	condition_005	f023	21	171	49930122	49930122	176.49122807017972	35.347646070277925
6301	condition_005	f023	27	171	49908408	49908408	172.9824561403551	34.659982770910084
6301	condition_005	f023	31	171	49893932	49893932	170.69005847953633	34.2105846617854
6301	condition_005	f024	15	171	49951836	49951836	75.51461988304266	15.11748634885866
6301	condition_005	f024	21	171	49930122	49930122	66.88888888889036	13.396500190584426
6301	condition_005	f024	27	171	49908408	49908408	59.30409356725272	11.882585709256189
6301	condition_005	f024	31	171	49893932	49893932	54.64912280701867	10.953059944647913
6301	condition_005	f025	15	171	49951836	49951836	485.1403508772055	97.12162549484778
6301	condition_005	f025	21	171	49930122	49930122	476.2105263158021	95.37539810453539
6301	condition_005	f025	27	171	49908408	49908408	467.59064327486624	93.68975329264484
6301	condition_005	f025	31	171	49893932	49893932	461.91812865498304	92.58002128494965
6301	condition_005	f026	15	171	49951836	49951836	248.76608187135173	49.80118886347876
6301	condition_005	f026	21	171	49930122	49930122	219.85380116959647	44.032298012329406
6301	condition_005	f026	27	171	49908408	49908408	193.9941520467887	38.87003409260995
6301	condition_005	f026	31	171	49893932	49893932	177.88888888889352	35.65341149879579
6301	condition_005	f027	15	171	49951836	49951836	354.4795321637521	70.9642648898335
6301	condition_005	f027	21	171	49930122	49930122	347.3684210526408	69.57091373673006
6301	condition_005	f027	27	171	49908408	49908408	340.42690058480434	68.2103305288368
6301	condition_005	f027	31	171	49893932	49893932	335.87719298246503	67.31824482834206
6301	condition_005	f028	15	171	49951836	49951836	202.09356725146722	40.45768552961041
6301	condition_005	f028	21	171	49930122	49930122	176.32748538012146	35.31485170016638
6301	condition_005	f028	27	171	49908408	49908408	153.20467836257694	30.697167972694487
6301	condition_005	f028	31	171	49893932	49893932	139.20467836257654	27.900121875056175
6301	condition_005	f029	15	170	49951836	49951836	298.42352941181014	59.742254401181604
6301	condition_005	f029	21	171	49930122	49930122	292.75438596491995	58.63282007701082
6301	condition_005	f029	27	171	49908408	49908408	287.1461988304169	57.53463401004834
6301	condition_005	f029	31	171	49893932	49893932	283.51461988304834	56.823467006578745
6301	condition_005	f030	15	171	49951836	49951836	186.47368421053116	37.33069675567704
6301	condition_005	f030	21	171	49930122	49930122	164.32748538012123	32.91149286198845
6301	condition_005	f030	27	171	49908408	49908408	144.94152046783995	29.041503481305185
6301	condition_005	f030	31	171	49893932	49893932	133.1695906432782	26.690538369130383
6301	condition_005	f031	15	171	49951836	49951836	998.1812865497354	199.82874834665446
6301	condition_005	f031	21	171	49930122	49930122	979.7719298245879	196.2286272452104
6301	condition_005	f031	27	171	49908408	49908408	962.0233918128914	192.75777977387926
6301	condition_005	f031	31	171	49893932	49893932	950.3918128655226	190.48244441138104
6301	condition_005	f032	15	171	49951836	49951836	826.2514619883264	165.40962818430265
6301	condition_005	f032	21	171	49930122	49930122	713.8011695906623	142.9600291364524
6301	condition_005	f032	27	171	49908408	49908408	616.076023391829	123.4413294432932
6301	condition_005	f032	31	171	49893932	49893932	558.0877192982603	111.85482821804067
6301	condition_005	f033	15	171	49951836	49951836	1314.9239766082226	263.2383675763635
6301	condition_005	f033	21	171	49930122	49930122	1290.7426900585144	258.50982099713565
6301	condition_005	f033	27	171	49908408	49908408	1266.883040935707	253.84160539356552
6301	condition_005	f033	31	171	49893932	49893932	1251.1988304093907	250.77174322709035
6301	condition_005	f034	15	171	49951836	49951836	615.1754385965075	123.1537192339652
6301	condition_005	f034	21	171	49930122	49930122	534.9473684210668	107.1392071545643
6301	condition_005	f034	27	171	49908408	49908408	465.8771929824683	93.34643432875446
6301	condition_005	f034	31	171	49893932	49893932	424.8888888888999	85.15842946370711
6301	condition_005	f035	15	171	49951836	49951836	1262.4269005848294	252.72882874311753
6301	condition_005	f035	21	171	49930122	49930122	1239.678362573133	248.2826624323355
6301	condition_005	f035	27	171	49908408	49908408	1217.4385964912613	243.9345683980265
6301	condition_005	f035	31	171	49893932	49893932	1202.8362573099741	241.0786661011151
6301	condition_005	f036	15	171	49951836	49951836	953.5730994152301	190.8985085984087
6301	condition_005	f036	21	171	49930122	49930122	829.4736842105483	166.12690916528268
6301	condition_005	f036	27	171	49908408	49908408	721.1052631579137	144.48572736640162
6301	condition_005	f036	31	171	49893932	49893932	655.7134502924148	131.42148233424754
6301	condition_005	f037	15	421	49951836	49951836	143.8384798099568	28.795434027681544
6301	condition_005	f037	21	421	49930122	49930122	141.3776722090073	28.315106502044458
6301	condition_005	f037	27	421	49908408	49908408	139.04275534439986	27.859585371747354
6301	condition_005	f037	31	421	49893932	49893932	137.51543942991094	27.561555868138623
6301	condition_005	f038	15	418	49951836	49951836	94.78229665072004	18.9747373151049
6301	condition_005	f038	21	421	49930122	49930122	84.26128266032816	16.875841533158713
6301	condition_005	f038	27	421	49908408	49908408	74.80760095011627	14.988977598747743
6301	condition_005	f038	31	421	49893932	49893932	68.90736342042605	13.810770299768325
6301	condition_005	f039	15	421	49951836	49951836	10.489311163895083	2.0998850100114606
6301	condition_005	f039	21	421	49930122	49930122	10.254156769595847	2.05370152502248
6301	condition_005	f039	27	421	49908408	49908408	10.040380047505638	2.011761234200385
6301	condition_005	f039	31	421	49893932	49893932	9.89786223277883	1.9837807597081807
6301	condition_005	f040	15	421	49951836	49951836	20.517814726839195	4.107519636883656
6301	condition_005	f040	21	421	49930122	49930122	17.833729216150807	3.571737560775599
6301	condition_005	f040	27	421	49908408	49908408	15.451306413300955	3.095932535716418
6301	condition_005	f040	31	421	49893932	49893932	14.064133016626663	2.818806306271204
6301	condition_005	f041	15	421	49951836	49951836	110.81472684084456	22.184315075194544
6301	condition_005	f041	21	421	49930122	49930122	108.64608076008496	21.759626535678194
6301	condition_005	f041	27	421	49908408	49908408	106.52969121139189	21.34503893840731
6301	condition_005	f041	31	421	49893932	49893932	105.14014251780556	21.072731352943993
6301	condition_005	f042	15	420	49951836	49951836	69.3547619047671	13.884326875345904
6301	condition_005	f042	21	421	49930122	49930122	59.85273159144712	11.987299288282756
6301	condition_005	f042	27	421	49908408	49908408	51.79097387173328	10.377204152000456
6301	condition_005	f042	31	421	49893932	49893932	47.09263657957227	9.438549878083826
6301	condition_005	f043	15	420	49951836	49951836	275.5380952381614	55.16075429903346
6301	condition_005	f043	21	421	49930122	49930122	270.5938242279821	54.19450491788946
6301	condition_005	f043	27	421	49908408	49908408	265.8171021377221	53.26098603219764
6301	condition_005	f043	31	421	49893932	49893932	262.68646080755667	52.64897960087745
6301	condition_005	f044	15	421	49951836	49951836	218.78147268405218	43.798484741191935
6301	condition_005	f044	21	421	49930122	49930122	190.42517814724212	38.138336242647696
6301	condition_005	f044	27	421	49908408	49908408	165.57007125888708	33.17478515020697
6301	condition_005	f044	31	421	49893932	49893932	150.85035629452014	30.23420890029676
6301	condition_005	f045	15	421	49951836	49951836	329.97624703082346	66.05888260660198
6301	condition_005	f045	21	421	49930122	49930122	323.72684085505307	64.83598034369976
6301	condition_005	f045	27	421	49908408	49908408	317.6983372921093	63.65627557026248
6301	condition_005	f045	31	421	49893932	49893932	313.76722090256163	62.88684982826401
6301	condition_005	f046	15	421	49951836	49951836	249.5059382422501	49.9493028128636
6301	condition_005	f046	21	421	49930122	49930122	217.69833729213855	43.60060191564093
6301	condition_005	f046	27	421	49908408	49908408	190.13301662706172	38.09638981613313
6301	condition_005	f046	31	421	49893932	49893932	173.56294536815807	34.786383516167476
6301	condition_005	f047	15	421	49951836	49951836	401.07600950111964	80.29254610403503
6301	condition_005	f047	21	421	49930122	49930122	394.12114014245157	78.93454378950878
6301	condition_005	f047	27	421	49908408	49908408	387.32541567689515	77.60724719508086
6301	condition_005	f047	31	421	49893932	49893932	382.88598574815524	76.73999029544419
6301	condition_005	f048	15	421	49951836	49951836	411.5011876483935	82.3795921431984
6301	condition_005	f048	21	421	49930122	49930122	356.99999999995185	71.4999254357824
6301	condition_005	f048	27	421	49908408	49908408	309.36342042751744	61.98623294646414
6301	condition_005	f048	31	421	49893932	49893932	280.7672209025841	56.27281908801737
6301	condition_005	f049	15	421	49951836	49951836	1232.5724465555832	246.75218075179123
6301	condition_005	f049	21	421	49930122	49930122	1209.2399049878943	242.18645109417002
6301	condition_005	f049	27	421	49908408	49908408	1186.5320665080906	237.74191845752534
6301	condition_005	f049	31	421	49893932	49893932	1171.6579572444364	234.8297498871078
6301	condition_005	f050	15	421	49951836	49951836	822.6365795723148	164.68595460081082
6301	condition_005	f050	21	421	49930122	49930122	716.4893111637922	143.498409870457
6301	condition_005	f050	27	421	49908408	49908408	623.9382422802058	125.01665897261356
6301	condition_005	f050	31	421	49893932	49893932	569.2541567695312	114.09286339058849
6301	condition_005	f051	15	421	49951836	49951836	840.02850356279	168.1676932881486
6301	condition_005	f051	21	421	49930122	49930122	823.5771971494928	164.9459613075836
6301	condition_005	f051	27	421	49908408	49908408	807.4251781471221	161.78139325684805
6301	condition_005	f051	31	421	49893932	49893932	796.807600949975	159.70030202269388
6301	condition_005	f052	15	421	49951836	49951836	826.258907363289	165.4111186950744
6301	condition_005	f052	21	421	49930122	49930122	721.3159144892074	144.46508151716662
6301	condition_005	f052	27	421	49908408	49908408	629.8859857481389	126.20839072809915
6301	condition_005	f052	31	421	49893932	49893932	575.3396674583666	115.3125529289547
6301	condition_005	f053	15	421	49951836	49951836	894.0332541565966	178.9790577780958
6301	condition_005	f053	21	421	49930122	49930122	878.0427553442495	175.8543180295553
6301	condition_005	f053	27	421	49908408	49908408	862.2731591447289	172.7711208790168
6301	condition_005	f053	31	421	49893932	49893932	851.9453681708602	170.7512986089892
6301	condition_005	f054	15	421	49951836	49951836	702.8266033253013	140.70085498464988
6301	condition_005	f054	21	421	49930122	49930122	610.4869358668936	122.26826440898616
6301	condition_005	f054	27	421	49908408	49908408	529.9952494061076	106.193579527944
6301	condition_005	f054	31	421	49893932	49893932	483.1330166270229	96.83201889701195
6301	condition_005	megabase_171	15	171	49951836	49951836	22817.75438596554	4567.951093122091
6301	condition_005	megabase_171	21	171	49930122	49930122	21061.59649122865	4218.21450611089
6301	condition_005	megabase_171	27	171	49908408	49908408	19446.157894737382	3896.3691037264466
6301	condition_005	megabase_171	31	171	49893932	49893932	18442.02923976658	3696.2469183159546
6301	condition_006	f001	15	61	49952607	49952607	73.57377049180249	14.728714858025826
6301	condition_006	f001	21	61	49930893	49930893	63.96721311475345	12.811149425016982
6301	condition_006	f001	27	61	49909179	49909179	55.704918032786324	11.161257137246501
6301	condition_006	f001	31	61	49894703	49894703	50.901639344261795	10.201812273391385
6301	condition_006	f002	15	61	49952607	49952607	71.55737704917966	14.325053555098668
6301	condition_006	f002	21	61	49930893	49930893	54.01639344262248	10.81823099831651
6301	condition_006	f002	27	61	49909179	49909179	40.639344262294784	8.142659341740481
6301	condition_006	f002	31	61	49894703	49894703	33.327868852458806	6.6796406930128045
6301	condition_006	f003	15	61	49952607	49952607	140.63934426229363	28.154555429368006
6301	condition_006	f003	21	61	49930893	49930893	124.52459016393314	24.939387758182722
6301	condition_006	f003	27	61	49909179	49909179	110.45901639344152	22.132004293927878
6301	condition_006	f003	31	61	49894703	49894703	102.16393442622851	20.475907918768154
6301	condition_006	f004	15	61	49952607	49952607	11.049180327868742	2.2119326680725075
6301	condition_006	f004	21	61	49930893	49930893	8.409836065573693	1.684295144806181
6301	condition_006	f004	27	61	49909179	49909179	6.442622950819619	1.2908693510705955
6301	condition_006	f004	31	61	49894703	49894703	5.344262295081927	1.0711081485106602
6301	condition_006	f005	15	61	49952607	49952607	83.86885245901551	16.789684762401993
6301	condition_006	f005	21	61	49930893	49930893	73.31147540983531	14.682588474801625
6301	condition_006	f005	27	61	49909179	49909179	64.18032786885183	12.859423688145988
6301	condition_006	f005	31	61	49894703	49894703	58.901639344261724	11.805188888339856
6301	condition_006	f006	15	61	49952607	49952607	46.78688524590118	9.366254947594863
6301	condition_006	f006	21	61	49930893	49930893	36.9836065573767	7.406958765463438
6301	condition_006	f006	27	61	49909179	49909179	29.065573770491554	5.823693026585661
6301	condition_006	f006	31	61	49894703	49894703	24.540983606557184	4.918554902823489
6301	condition_006	f007	15	61	49952607	49952607	304.65573770490846	60.988956533321364
6301	condition_006	f007	21	61	49930893	49930893	272.7704918032728	54.62960412169532
6301	condition_006	f007	27	61	49909179	49909179	244.803278688522	49.04975068584518
6301	condition_006	f007	31	61	49894703	49894703	227.4426229508191	45.584522860236106
6301	condition_006	f008	15	61	49952607	49952607	269.45901639344584	53.94293362775757
6301	condition_006	f008	21	61	49930893	49930893	208.0983606557443	41.677275961346076
6301	condition_006	f008	27	61	49909179	49909179	160.34426229508537	32.12720896392332
6301	condition_006	f008	31	61	49894703	49894703	134.59016393442727	26.97484018181795
6301	condition_006	f009	15	61	49952607	49952607	243.40983606556955	48.72815468181061
6301	condition_006	f009	21	61	49930893	49930893	213.70491803278557	42.80013939121529
6301	condition_006	f009	27	61	49909179	49909179	188.45901639344376	37.76039200994345
6301	condition_006	f009	31	61	49894703	49894703	173.1967213114778	34.71244659207167
6301	condition_006	f010	15	61	49952607	49952607	273.6557377049183	54.78307422571925
6301	condition_006	f010	21	61	49930893	49930893	212.54098360656434	42.567030316594646
6301	condition_006	f010	27	61	49909179	49909179	165.67213114754557	33.194721786055744
6301	condition_006	f010	31	61	49894703	49894703	140.11475409836297	28.082090016321565
6301	condition_006	f011	15	61	49952607	49952607	115.45901639344513	23.1137118415952
6301	condition_006	f011	21	61	49930893	49930893	101.03278688524895	20.234524322496885
6301	condition_006	f011	27	61	49909179	49909179	88.22950819672336	17.67801233450932
6301	condition_006	f011	31	61	49894703	49894703	80.42622950819813	16.119191952740582
6301	condition_006	f012	15	61	49952607	49952607	273.29508196721434	54.710874643082064
6301	condition_006	f012	21	61	49930893	49930893	211.29508196721952	42.31750510995658
6301	condition_006	f012	27	61	49909179	49909179	162.06557377049526	32.472097721842964
6301	condition_006	f012	31	61	49894703	49894703	136.14754098360794	27.28697292448217
6301	condition_006	f013	15	61	49952607	49952607	482.967213114776	96.68508654909161
6301	condition_006	f013	21	61	49930893	49930893	428.6065573770629	85.83995430986242
6301	condition_006	f013	27	61	49909179	49909179	381.57377049181144	76.45362599368976
6301	condition_006	f013	31	61	49894703	49894703	353.32786885246446	70.81470529095333
6301	condition_006	f014	15	61	49952607	49952607	390.96721311476836	78.26762937813604
6301	condition_006	f014	21	61	49930893	49930893	307.40983606558	61.56706151151352
6301	condition_006	f014	27	61	49909179	49909179	239.7049180327881	48.028223031436376
6301	condition_006	f014	31	61	49894703	49894703	202.85245901639348	40.656111133960145
6301	condition_006	f015	15	61	49952607	49952607	532.9180327869321	106.68472874437408
6301	condition_006	f015	21	61	49930893	49930893	472.1967213115072	94.57005331579133
6301	condition_006	f015	27	61	49909179	49909179	418.7540983606777	83.90322316475645
6301	condition_006	f015	31	61	49894703	49894703	386.0327868852613	77.3694928869025
6301	condition_006	f016	15	61	49952607	49952607	698.2786885246126	139.78823738360893
6301	condition_006	f016	21	61	49930893	49930893	545.9508196721332	109.34128890347168
6301	condition_006	f016	27	61	49909179	49909179	428.8196721311447	85.92000123487199
6301	condition_006	f016	31	61	49894703	49894703	364.7377049180344	73.10148833194465
6301	condition_006	f017	15	61	49952607	49952607	637.7377049180869	127.66855289816743
6301	condition_006	f017	21	61	49930893	49930893	564.9016393443011	113.13669862549847
6301	condition_006	f017	27	61	49909179	49909179	500.54098360658236	100.29036614819537
6301	condition_006	f017	31	61	49894703	49894703	461.9672131147707	92.58842829764328
6301	condition_006	f018	15	61	49952607	49952607	500.54098360658446	100.20317530305965
6301	condition_006	f018	21	61	49930893	49930893	396.2131147541035	79.35229893727387
6301	condition_006	f018	27	61	49909179	49909179	313.9836065573718	62.91099409937635
6301	condition_006	f018	31	61	49894703	49894703	268.26229508196496	53.76568632585406
6301	condition_006	f019	15	171	49952607	49952607	54.21052631579067	10.852391811260357
6301	condition_006	f019	21	171	49930893	49930893	47.65497076023494	9.54418555266675
6301	condition_006	f019	27	171	49909179	49909179	42.064327485380986	8.428174601986738
6301	condition_006	f019	31	171	49894703	49894703	38.67251461988382	7.750825697846887
6301	condition_006	f020	15	165	49952607	49952607	75.09696969696806	15.033643728938523
6301	condition_006	f020	21	171	49930893	49930893	57.239766081872354	11.463797789851737
6301	condition_006	f020	27	171	49909179	49909179	44.19883040935738	8.855852028613288
6301	condition_006	f020	31	171	49894703	49894703	37.12865497076069	7.441402140576063
6301	condition_006	f021	15	171	49952607	49952607	48.391812865498096	9.687545009512336
6301	condition_006	f021	21	171	49930893	49930893	42.865497076024255	8.584965038783555
6301	condition_006	f021	27	171	49909179	49909179	38.06432748538084	7.626718821678242
6301	condition_006	f021	31	171	49894703	49894703	35.19883040935737	7.05462269398765
6301	condition_006	f022	15	171	49952607	49952607	89.43859649123	17.904690438124682
6301	condition_006	f022	21	171	49930893	49930893	70.98830409356866	14.217311133123268
6301	condition_006	f022	27	171	49909179	49909179	56.32163742690158	11.284825468057004
6301	condition_006	f022	31	171	49894703	49894703	48.30994152046861	9.682378812931026
6301	condition_006	f023	15	171	49952607	49952607	142.28654970760567	28.484309078724493
6301	condition_006	f023	21	171	49930893	49930893	126.39766081871633	25.31452037493428
6301	condition_006	f023	27	171	49909179	49909179	112.28654970760482	22.498176078513495
6301	condition_006	f023	31	171	49894703	49894703	103.87719298245838	20.819282756820574
6301	condition_006	f024	15	171	49952607	49952607	56.222222222223394	11.255112715583271
6301	condition_006	f024	21	171	49930893	49930893	44.198830409357555	8.852000786238202
6301	condition_006	f024	27	171	49909179	49909179	34.48538011695962	6.909626807717999
6301	condition_006	f024	31	171	49894703	49894703	28.959064327485777	5.804035816684944
6301	condition_006	f025	15	171	49952607	49952607	380.66081871346	76.2043948403854
6301	condition_006	f025	21	171	49930893	49930893	337.44444444445304	67.58229708498365
6301	condition_006	f025	27	171	49909179	49909179	299.09356725146944	59.92756708169241
6301	condition_006	f025	31	171	49894703	49894703	275.5380116959132	55.223900560328666
6301	condition_006	f026	15	171	49952607	49952607	195.02923976608702	39.04285511386563
6301	condition_006	f026	21	171	49930893	49930893	155.78362573099815	31.19984770370483
6301	condition_006	f026	27	171	49909179	49909179	124.23391812865808	24.891997948645496
6301	condition_006	f026	31	171	49894703	49894703	106.55555555555816	21.356085746328255
6301	condition_006	f027	15	171	49952607	49952607	274.6608187134575	54.9842811434161
6301	condition_006	f027	21	171	49930893	49930893	242.24561403509398	48.51617895860464
6301	condition_006	f027	27	171	49909179	49909179	213.54385964912825	42.78649016629351
6301	condition_006	f027	31	171	49894703	49894703	196.35672514620376	39.35422266091127
6301	condition_006	f028	15	171	49952607	49952607	160.9298245614076	32.21650164553125
6301	condition_006	f028	21	171	49930893	49930893	127.51461988304406	25.53822137389853
6301	condition_006	f028	27	171	49909179	49909179	101.2690058479556	20.290657525734012
6301	condition_006	f028	31	171	49894703	49894703	86.70175438596688	17.37694568218331
6301	condition_006	f029	15	170	49952607	49952607	233.00588235297167	46.64538976974148
6301	condition_006	f029	21	171	49930893	49930893	206.46198830409878	41.34954852581923
6301	condition_006	f029	27	171	49909179	49909179	183.02339181287	36.67128882502154
6301	condition_006	f029	31	171	49894703	49894703	168.92397660819125	33.856094224709835
6301	condition_006	f030	15	171	49952607	49952607	142.87134502924337	28.60137910905098
6301	condition_006	f030	21	171	49930893	49930893	112.3567251462016	22.502446560729766
6301	condition_006	f030	27	171	49909179	49909179	88.25146198830618	17.682411082800254
6301	condition_006	f030	31	171	49894703	49894703	75.3684210526333	15.10549547767291
6301	condition_006	f031	15	171	49952607	49952607	777.3508771930035	155.6176792120186
6301	condition_006	f031	21	171	49930893	49930893	686.356725146217	137.46133583996124
6301	condition_006	f031	27	171	49909179	49909179	606.6666666666824	121.55412668012079
6301	condition_006	f031	31	171	49894703	49894703	558.6900584795468	111.97382184628835
6301	condition_006	f032	15	171	49952607	49952607	644.8830409356895	129.09897594247474
6301	condition_006	f032	21	171	49930893	49930893	503.1812865497206	100.77554321924917
6301	condition_006	f032	27	171	49909179	49909179	391.4035087719396	78.42315113457177
6301	condition_006	f032	31	171	49894703	49894703	330.02339181287357	66.14397360234283
6301	condition_006	f033	15	171	49952607	49952607	1032.397660818741	206.6754315382861
6301	condition_006	f033	21	171	49930893	49930893	916.1754385965157	183.48869478391177
6301	condition_006	f033	27	171	49909179	49909179	813.3567251462205	162.96736220530104
6301	condition_006	f033	31	171	49894703	49894703	751.5906432748736	150.6353576801276
6301	condition_006	f034	15	171	49952607	49952607	485.2982456140477	97.15173536669421
6301	condition_006	f034	21	171	49930893	49930893	383.07602339182273	76.72124417879382
6301	condition_006	f034	27	171	49909179	49909179	302.34502923977357	60.57904283293732
6301	condition_006	f034	31	171	49894703	49894703	257.8947368421116	51.6877987713669
6301	condition_006	f035	15	171	49952607	49952607	984.216374269032	197.0300317396912
6301	condition_006	f035	21	171	49930893	49930893	871.1052631579176	174.46218379429297
6301	condition_006	f035	27	171	49909179	49909179	771.4269005848156	154.56613713978658
6301	condition_006	f035	31	171	49894703	49894703	711.5789473684395	142.6161304875268
6301	condition_006	f036	15	171	49952607	49952607	747.9883040935869	149.73959298932823
6301	condition_006	f036	21	171	49930893	49930893	587.8654970760385	117.73582681087609
6301	condition_006	f036	27	171	49909179	49909179	461.7894736842222	92.52596074245623
6301	condition_006	f036	31	171	49894703	49894703	392.1754385965009	78.60061590034935
6301	condition_006	f037	15	421	49952607	49952607	112.78859857481098	22.579121561125124
6301	condition_006	f037	21	421	49930893	49930893	100.13064133015867	20.053845488034565
6301	condition_006	f037	27	421	49909179	49909179	89.07838479809517	17.84809659924383
6301	condition_006	f037	31	421	49894703	49894703	82.54394299287124	16.54362848755132
6301	condition_006	f038	15	418	49952607	49952607	74.76555023923622	14.967296949934209
6301	condition_006	f038	21	421	49930893	49930893	60.29928741092609	12.076548963569726
6301	condition_006	f038	27	421	49909179	49909179	48.755344418052374	9.768813151194568
6301	condition_006	f038	31	421	49894703	49894703	42.16152019002348	8.450099440420255
6301	condition_006	f039	15	421	49952607	49952607	8.173396674584524	1.636230252123683
6301	condition_006	f039	21	421	49930893	49930893	7.135391923990606	1.429053536853548
6301	condition_006	f039	27	421	49909179	49909179	6.277909738717367	1.2578667620874642
6301	condition_006	f039	31	421	49894703	49894703	5.750593824228006	1.1525459574792951
6301	condition_006	f040	15	421	49952607	49952607	16.330166270782968	3.2691319335511295
6301	condition_006	f040	21	421	49930893	49930893	13.030878859857303	2.6097828572497797
6301	condition_006	f040	27	421	49909179	49909179	10.418052256532185	2.0874020501383495
6301	condition_006	f040	31	421	49894703	49894703	8.957244655582002	1.7952295768915594
6301	condition_006	f041	15	421	49952607	49952607	85.76247030878412	17.168767649861422
6301	condition_006	f041	21	421	49930893	49930893	75.41092636579343	15.103059816253122
6301	condition_006	f041	27	421	49909179	49909179	66.40617577197044	13.30540335515646
6301	condition_006	f041	31	421	49894703	49894703	61.002375296911524	12.226222750922382
6301	condition_006	f042	15	420	49952607	49952607	54.02857142857322	10.81596630753891
6301	condition_006	f042	21	421	49930893	49930893	41.78859857482181	8.369287241632513
6301	condition_006	f042	27	421	49909179	49909179	32.54156769596153	6.520156882556921
6301	condition_006	f042	31	421	49894703	49894703	27.636579572446	5.538980675452863
6301	condition_006	f043	15	420	49952607	49952607	213.10000000004388	42.66043612099042
6301	condition_006	f043	21	421	49930893	49930893	187.9786223277667	37.647758939093414
6301	condition_006	f043	27	421	49909179	49909179	166.17339667456596	33.29515732458071
6301	condition_006	f043	31	421	49894703	49894703	153.0047505938094	30.66552988476741
6301	condition_006	f044	15	421	49952607	49952607	173.16627078382632	34.666112778423425
6301	condition_006	f044	21	421	49930893	49930893	136.96912114012957	27.431738731396123
6301	condition_006	f044	27	421	49909179	49909179	108.22802850355703	21.684994758891353
6301	condition_006	f044	31	421	49894703	49894703	92.66508313538912	18.572128415192516
6301	condition_006	f045	15	421	49952607	49952607	259.56532066504565	51.96231713492864
6301	condition_006	f045	21	421	49930893	49930893	230.10688836101488	46.085073695961114
6301	condition_006	f045	27	421	49909179	49909179	203.9714964370306	40.86853370940656
6301	condition_006	f045	31	421	49894703	49894703	188.24465558192742	37.728384831136765
6301	condition_006	f046	15	421	49952607	49952607	194.3182897862058	38.900530213809624
6301	condition_006	f046	21	421	49930893	49930893	152.0641330166188	30.454919565852506
6301	condition_006	f046	27	421	49909179	49909179	119.33491686460569	23.910414728442174
6301	condition_006	f046	31	421	49894703	49894703	101.49406175771912	20.341650647308015
6301	condition_006	f047	15	421	49952607	49952607	312.874109263613	62.63419029633688
6301	condition_006	f047	21	421	49930893	49930893	277.0118764845247	55.47905511814593
6301	condition_006	f047	27	421	49909179	49909179	245.41330166267954	49.171977295535065
6301	condition_006	f047	31	421	49894703	49894703	226.4774346793111	45.391077822291294
6301	condition_006	f048	15	421	49952607	49952607	323.04038004746644	64.66937352187973
6301	condition_006	f048	21	421	49930893	49930893	253.35391923988323	50.74091489609113
6301	condition_006	f048	27	421	49909179	49909179	198.35629453680713	39.74344970427326
6301	condition_006	f048	31	421	49894703	49894703	168.21852731590988	33.714706612425346
6301	condition_006	f049	15	421	49952607	49952607	973.387173396509	194.86213670419824
6301	condition_006	f049	21	421	49930893	49930893	865.2494061756368	173.28939143460477
6301	condition_006	f049	27	421	49909179	49909179	768.7149643704367	154.02276290107613
6301	condition_006	f049	31	421	49894703	49894703	710.2327790972935	142.34632864680916
6301	condition_006	f050	15	421	49952607	49952607	646.850356294452	129.49281231597223
6301	condition_006	f050	21	421	49930893	49930893	508.92874109258764	101.92662508411128
6301	condition_006	f050	27	421	49909179	49909179	400.5296912113792	80.25170905163141
6301	condition_006	f050	31	421	49894703	49894703	341.593824228019	68.46294369725359
6301	condition_006	f051	15	421	49952607	49952607	657.0071258906307	131.52609350111211
6301	condition_006	f051	21	421	49930893	49930893	581.9121140141661	116.54350223901787
6301	condition_006	f051	27	421	49909179	49909179	515.3610451305732	103.25977214142777
6301	condition_006	f051	31	421	49894703	49894703	475.3895486935286	95.2785606707647
6301	condition_006	f052	15	421	49952607	49952607	645.5771971495599	129.23793890268027
6301	condition_006	f052	21	421	49930893	49930893	509.071258907315	101.95516809749726
6301	condition_006	f052	27	421	49909179	49909179	401.81472684083377	80.50918385991358
6301	condition_006	f052	31	421	49894703	49894703	342.71971496436214	68.68859705695856
6301	condition_006	f053	15	421	49952607	49952607	701.016627078265	140.3363446232676
6301	condition_006	f053	21	421	49930893	49930893	622.4964370545334	124.67160101753706
6301	condition_006	f053	27	421	49909179	49909179	552.7980997623906	110.76080809952626
6301	condition_006	f053	31	421	49894703	49894703	510.75296912107194	102.36617083802902
6301	condition_006	f054	15	421	49952607	49952607	548.465558194701	109.79718399776432
6301	condition_006	f054	21	421	49930893	49930893	428.9691211401013	85.91256742395962
6301	condition_006	f054	27	421	49909179	49909179	335.19477434677725	67.16094735735429
6301	condition_006	f054	31	421	49894703	49894703	284.8218527315864	57.084587262015845
6301	condition_006	megabase_171	15	171	49952607	49952607	17857.11695906481	3574.8118129379736
6301	condition_006	megabase_171	21	171	49930893	49930893	14887.99415204719	2981.7199848693253
6301	condition_006	megabase_171	27	171	49909179	49909179	12418.198830409687	2488.1593084129245
6301	condition_006	megabase_171	31	171	49894703	49894703	11006.280701754678	2205.901636844031
6301	condition_007	f001	15	61	199805355	199805355	377.3770491803313	18.88723398731387
6301	condition_007	f001	21	61	199718505	199718505	373.7704918032821	18.71486529519546
6301	condition_007	f001	27	61	199631655	199631655	371.90163934426545	18.629392184534336
6301	condition_007	f001	31	61	199573755	199573755	370.65573770492125	18.572368781903275
6301	condition_007	f002	15	61	199805355	199805355	380.9508196721271	19.066096585455735
6301	condition_007	f002	21	61	199718505	199718505	331.31147540983255	16.588922263854947
6301	condition_007	f002	27	61	199631655	199631655	290.73770491803	14.563707590263176
6301	condition_007	f002	31	61	199573755	199573755	266.01639344262037	13.329227254486462
6301	condition_007	f003	15	61	199805355	199805355	462.29508196721684	23.137271869776306
6301	condition_007	f003	21	61	199718505	199718505	459.8360655737743	23.024209277641766
6301	condition_007	f003	27	61	199631655	199631655	457.37704918033126	22.91104830946431
6301	condition_007	f003	31	61	199573755	199573755	455.73770491803594	22.835552947231765
6301	condition_007	f004	15	61	199805355	199805355	213.34426229507974	10.677604826711464
6301	condition_007	f004	21	61	199718505	199718505	185.90163934426033	9.308183002083874
6301	condition_007	f004	27	61	199631655	199631655	158.9180327868836	7.96056280687968
6301	condition_007	f004	31	61	199573755	199573755	141.54098360655607	7.092164177927907
6301	condition_007	f005	15	61	199805355	199805355	413.5409836065602	20.697192205211927
6301	condition_007	f005	21	61	199718505	199718505	411.1803278688551	20.587993479565405
6301	condition_007	f005	27	61	199631655	199631655	408.81967213115024	20.47869973983586
6301	condition_007	f005	31	61	199573755	199573755	407.2459016393467	20.405784399824853
6301	condition_007	f006	15	61	199805355	199805355	293.1803278688496	14.673296812733053
6301	condition_007	f006	21	61	199718505	199718505	258.72131147540733	12.954298424946016
6301	condition_007	f006	27	61	199631655	199631655	226.45901639344052	11.343843059029918
6301	condition_007	f006	31	61	199573755	199573755	204.9508196721293	10.269427444111042
6301	condition_007	f007	15	61	199805355	199805355	1979.03278688529	99.048035368486
6301	condition_007	f007	21	61	199718505	199718505	1974.7049180328286	98.87440916067484
6301	condition_007	f007	27	61	199631655	199631655	1971.6557377049592	98.76468427339137
6301	condition_007	f007	31	61	199573755	199573755	1969.6229508197143	98.69148129320483
6301	condition_007	f008	15	61	199805355	199805355	1097.9672131147313	54.95184116135081
6301	condition_007	f008	21	61	199718505	199718505	948.6229508196639	47.497999788235134
6301	condition_007	f008	27	61	199631655	199631655	817.8032786885299	40.96561132494393
6301	condition_007	f008	31	61	199573755	199573755	742.704918032799	37.21455849907715
6301	condition_007	f009	15	61	199805355	199805355	1679.8688524590505	84.0752667744591
6301	condition_007	f009	21	61	199718505	199718505	1677.1147540983936	83.97392891051301
6301	condition_007	f009	27	61	199631655	199631655	1674.360655737738	83.87250287223928
6301	condition_007	f009	31	61	199573755	199573755	1672.5245901639678	83.80483647080588
6301	condition_007	f010	15	61	199805355	199805355	831.3442622950653	41.60770677517954
6301	condition_007	f010	21	61	199718505	199718505	728.8360655737634	36.493166498205234
6301	condition_007	f010	27	61	199631655	199631655	642.7540983606568	32.19700294327855
6301	condition_007	f010	31	61	199573755	199573755	590.0163934426295	29.56382683898639
6301	condition_007	f011	15	61	199805355	199805355	1042.3442622950972	52.16798430127647
6301	condition_007	f011	21	61	199718505	199718505	1039.4918032787039	52.04784620627437
6301	condition_007	f011	27	61	199631655	199631655	1037.327868852474	51.96209332895998
6301	condition_007	f011	31	61	199573755	199573755	1035.8852459016543	51.90488327995104
6301	condition_007	f012	15	61	199805355	199805355	1149.9508196721094	57.553553540750165
6301	condition_007	f012	21	61	199718505	199718505	1007.1967213114673	50.430816178574304
6301	condition_007	f012	27	61	199631655	199631655	875.262295081971	43.84386309285323
6301	condition_007	f012	31	61	199573755	199573755	797.9836065573868	39.98439607238871
6301	condition_007	f013	15	61	199805355	199805355	3040.459016393843	152.17104748738305
6301	condition_007	f013	21	61	199718505	199718505	3035.9508196725333	152.0114933602439
6301	condition_007	f013	27	61	199631655	199631655	3032.8032786889257	151.91995872042065
6301	condition_007	f013	31	61	199573755	199573755	3030.7049180331887	151.85889136741395
6301	condition_007	f014	15	61	199805355	199805355	2574.1147540986235	128.83111937108112
6301	condition_007	f014	21	61	199718505	199718505	2288.426229508394	114.58258359726825
6301	condition_007	f014	27	61	199631655	199631655	2024.1311475411242	101.39329594503057
6301	condition_007	f014	31	61	199573755	199573755	1859.6393442623996	93.18055594346059
6301	condition_007	f015	15	61	199805355	199805355	4296.803278689079	215.04945544072527
6301	condition_007	f015	21	61	199718505	199718505	4292.213114754652	214.91314061031312
6301	condition_007	f015	27	61	199631655	199631655	4287.885245902194	214.78984612446325
6301	condition_007	f015	31	61	199573755	199573755	4285.000000000555	214.70759018391746
6301	condition_007	f016	15	61	199805355	199805355	2522.9344262297377	126.26961005273046
6301	condition_007	f016	21	61	199718505	199718505	2215.7377049181837	110.94303479380558
6301	condition_007	f016	27	61	199631655	199631655	1953.4262295082863	97.85152707912411
6301	condition_007	f016	31	61	199573755	199573755	1797.032786885309	90.04354239290176
6301	condition_007	f017	15	61	199805355	199805355	4435.27868852524	221.979970883425
6301	condition_007	f017	21	61	199718505	199718505	4431.639344262943	221.89427786188082
6301	condition_007	f017	27	61	199631655	199631655	4428.000000000648	221.80851027862528
6301	condition_007	f017	31	61	199573755	199573755	4425.57377049245	221.7512904185448
6301	condition_007	f018	15	61	199805355	199805355	2296.852459016618	114.95449954364926
6301	condition_007	f018	21	61	199718505	199718505	2055.983606557542	102.94407153496077
6301	condition_007	f018	27	61	199631655	199631655	1847.377049180443	92.53928437253316
6301	condition_007	f018	31	61	199573755	199573755	1720.262295082055	86.19681957089271
6301	condition_007	f019	15	171	199805355	199805355	376.1637426900673	18.826509564274055
6301	condition_007	f019	21	171	199718505	199718505	374.7426900584887	18.763543721624025
6301	condition_007	f019	27	171	199631655	199631655	373.86549707603257	18.727766249096746
6301	condition_007	f019	31	171	199573755	199573755	373.2807017543951	18.703897301245604
6301	condition_007	f020	15	165	199805355	199805355	281.39999999999304	14.083706615370396
6301	condition_007	f020	21	171	199718505	199718505	241.87719298246128	12.110905445765342
6301	condition_007	f020	27	171	199631655	199631655	210.69590643275274	10.554233316993376
6301	condition_007	f020	31	171	199573755	199573755	192.07602339181648	9.624312745521898
6301	condition_007	f021	15	171	199805355	199805355	487.04678362574265	24.376062574786477
6301	condition_007	f021	21	171	199718505	199718505	485.88304093568445	24.328393652640475
6301	condition_007	f021	27	171	199631655	199631655	484.8654970760353	24.28800668290985
6301	condition_007	f021	31	171	199573755	199573755	484.18713450293586	24.2610625080906
6301	condition_007	f022	15	171	199805355	199805355	322.8713450292465	16.15929388024893
6301	condition_007	f022	21	171	199718505	199718505	290.0233918128719	14.521608391414302
6301	condition_007	f022	27	171	199631655	199631655	260.409356725152	13.044492203661388
6301	condition_007	f022	31	171	199573755	199573755	242.4561403508825	12.148698627777108
6301	condition_007	f023	15	171	199805355	199805355	430.72514619884066	21.55723735226419
6301	condition_007	f023	21	171	199718505	199718505	429.76023391813914	21.518298162613384
6301	condition_007	f023	27	171	199631655	199631655	428.88304093568297	21.48371914943464
6301	condition_007	f023	31	171	199573755	199573755	428.2982456140455	21.46064975397419
6301	condition_007	f024	15	171	199805355	199805355	225.4385964912331	11.282910635264662
6301	condition_007	f024	21	171	199718505	199718505	202.09356725146642	10.118920490190252
6301	condition_007	f024	27	171	199631655	199631655	181.64912280702134	9.099214390975286
6301	condition_007	f024	31	171	199573755	199573755	168.8713450292433	8.461600826684014
6301	condition_007	f025	15	171	199805355	199805355	2105.8421052632107	105.39467799865578
6301	condition_007	f025	21	171	199718505	199718505	2103.4444444445007	105.32045813403724
6301	condition_007	f025	27	171	199631655	199631655	2101.6549707602894	105.27663915626454
6301	condition_007	f025	31	171	199573755	199573755	2100.4619883041496	105.24740531660336
6301	condition_007	f026	15	171	199805355	199805355	1291.2807017544199	64.62693163325977
6301	condition_007	f026	21	171	199718505	199718505	1158.2982456140653	57.99654096219403
6301	condition_007	f026	27	171	199631655	199631655	1037.1345029240035	51.95240719333833
6301	condition_007	f026	31	171	199573755	199573755	960.567251462013	48.13094043663271
6301	condition_007	f027	15	171	199805355	199805355	1411.8128654971133	70.65941077991194
6301	condition_007	f027	21	171	199718505	199718505	1410.3040935672886	70.61459295258037
6301	condition_007	f027	27	171	199631655	199631655	1408.9005847953588	70.57500899821518
6301	condition_007	f027	31	171	199573755	199573755	1407.964912280739	70.54860055525532
6301	condition_007	f028	15	171	199805355	199805355	793.0643274854032	39.69184547057826
6301	condition_007	f028	21	171	199718505	199718505	707.9298245614215	35.446381123342654
6301	condition_007	f028	27	171	199631655	199631655	630.0526315789632	31.560757815636162
6301	condition_007	f028	31	171	199573755	199573755	581.7894736842252	29.151602307839784
6301	condition_007	f029	15	170	199805355	199805355	1740.6058823531525	87.11507668816746
6301	condition_007	f029	21	171	199718505	199718505	1739.0409356725609	87.07460210923173
6301	condition_007	f029	27	171	199631655	199631655	1737.4619883041398	87.03339098722293
6301	condition_007	f029	31	171	199573755	199573755	1736.4093567251928	87.0058969790488
6301	condition_007	f030	15	171	199805355	199805355	1237.4561403509092	61.933081841120284
6301	condition_007	f030	21	171	199718505	199718505	1105.181286549736	55.33694970076688
6301	condition_007	f030	27	171	199631655	199631655	986.4561403509024	49.41381367353301
6301	condition_007	f030	31	171	199573755	199573755	915.0058479532395	45.84800481171683
6301	condition_007	f031	15	171	199805355	199805355	4110.508771929924	205.72565594800616
6301	condition_007	f031	21	171	199718505	199718505	4106.649122807129	205.62186377307046
6301	condition_007	f031	27	171	199631655	199631655	4104.192982456252	205.5882862092313
6301	condition_007	f031	31	171	199573755	199573755	4102.555555555668	205.56588493089527
6301	condition_007	f032	15	171	199805355	199805355	3874.1286549708616	193.89513634261013
6301	condition_007	f032	21	171	199718505	199718505	3408.0818713451195	170.64427111274037
6301	condition_007	f032	27	171	199631655	199631655	2995.421052631658	150.04739867691111
6301	condition_007	f032	31	171	199573755	199573755	2745.4795321638135	137.56716318555078
6301	condition_007	f033	15	171	199805355	199805355	4083.801169590751	204.3889749396732
6301	condition_007	f033	21	171	199718505	199718505	4081.146198830521	204.34492030823688
6301	condition_007	f033	27	171	199631655	199631655	4078.7251461989413	204.312544831577
6301	condition_007	f033	31	171	199573755	199573755	4077.1111111112214	204.29094552593958
6301	condition_007	f034	15	171	199805355	199805355	2870.3625730994895	143.65794015378063
6301	condition_007	f034	21	171	199718505	199718505	2546.5029239766764	127.50460574380307
6301	condition_007	f034	27	171	199631655	199631655	2261.976608187195	113.30751168632023
6301	condition_007	f034	31	171	199573755	199573755	2090.8713450292944	104.76684897918037
6301	condition_007	f035	15	171	199805355	199805355	4089.561403508879	204.67726720882325
6301	condition_007	f035	21	171	199718505	199718505	4086.7719298246725	204.6266033197411
6301	condition_007	f035	27	171	199631655	199631655	4084.3508771930933	204.594350389626
6301	condition_007	f035	31	171	199573755	199573755	4082.7368421053743	204.57283284094015
6301	condition_007	f036	15	171	199805355	199805355	3113.5380116959886	155.82855683202226
6301	condition_007	f036	21	171	199718505	199718505	2758.0818713451026	138.09846370245475
6301	condition_007	f036	27	171	199631655	199631655	2441.157894736905	122.28310659133217
6301	condition_007	f036	31	171	199573755	199573755	2246.192982456199	112.54951746817606
6301	condition_007	f037	15	421	199805355	199805355	482.3847980997039	24.142736219442362
6301	condition_007	f037	21	421	199718505	199718505	481.6318289785629	24.115533459383894
6301	condition_007	f037	27	421	199631655	199631655	481.16152018996445	24.1024661239203
6301	condition_007	f037	31	421	199573755	199573755	480.8479809975656	24.09374824848917
6301	condition_007	f038	15	418	199805355	199805355	446.2990430622091	22.336690778993837
6301	condition_007	f038	21	421	199718505	199718505	404.1330166270508	20.235131272740638
6301	condition_007	f038	27	421	199631655	199631655	365.9619952493866	18.331862011031596
6301	condition_007	f038	31	421	199573755	199573755	341.5510688835958	17.114027286984495
6301	condition_007	f039	15	421	199805355	199805355	297.5700712588743	14.892997800728327
6301	condition_007	f039	21	421	199718505	199718505	297.1330166270455	14.87759066827811
6301	condition_007	f039	27	421	199631655	199631655	296.7767220902285	14.866215585410464
6301	condition_007	f039	31	421	199573755	199573755	296.53919239901705	14.858626696632383
6301	condition_007	f040	15	421	199805355	199805355	148.1211401425053	7.413271788561689
6301	condition_007	f040	21	421	199718505	199718505	131.64845605699782	6.591700456449833
6301	condition_007	f040	27	421	199631655	199631655	116.62707838479201	5.84211348569905
6301	condition_007	f040	31	421	199573755	199573755	107.78859857481771	5.400940548260852
6301	condition_007	f041	15	421	199805355	199805355	349.2304038004461	17.47853073309502
6301	condition_007	f041	21	421	199718505	199718505	348.47980997621784	17.448548895167118
6301	condition_007	f041	27	421	199631655	199631655	347.9239904987832	17.428297656440467
6301	condition_007	f041	31	421	199573755	199573755	347.55344418049356	17.41478703853087
6301	condition_007	f042	15	420	199805355	199805355	349.6404761905177	17.49905432667296
6301	condition_007	f042	21	421	199718505	199718505	307.66983372919816	15.40517408385358
6301	condition_007	f042	27	421	199631655	199631655	271.49168646079687	13.599631103634184
6301	condition_007	f042	31	421	199573755	199573755	249.97387173396	12.525388006752692
6301	condition_007	f043	15	420	199805355	199805355	1473.3738095241704	73.74045653201689
6301	condition_007	f043	21	421	199718505	199718505	1471.919239904726	73.69969246989537
6301	condition_007	f043	27	421	199631655	199631655	1470.9786223275291	73.68463795621636
6301	condition_007	f043	31	421	199573755	199573755	1470.351543942731	73.674594334447
6301	condition_007	f044	15	421	199805355	199805355	1044.8741092635044	52.2945998751387
6301	condition_007	f044	21	421	199718505	199718505	927.0807600948878	46.41937211050562
6301	condition_007	f044	27	421	199631655	199631655	822.1591448930125	41.183806490659634
6301	condition_007	f044	31	421	199573755	199573755	758.9928741091793	38.030695674848594
6301	condition_007	f045	15	421	199805355	199805355	1882.4156769592755	94.212473782761
6301	condition_007	f045	21	421	199718505	199718505	1881.1282660329114	94.18898193900016
6301	condition_007	f045	27	421	199631655	199631655	1880.0451306409868	94.17570227732605
6301	condition_007	f045	31	421	199573755	199573755	1879.3230403797058	94.1668427484218
6301	condition_007	f046	15	421	199805355	199805355	1257.1235154392477	62.91740856691492
6301	condition_007	f046	21	421	199718505	199718505	1119.361045130497	56.04693691906501
6301	condition_007	f046	27	421	199631655	199631655	998.2850356293388	50.0063497259159
6301	condition_007	f046	31	421	199573755	199573755	924.5035629452713	46.323904811295016
6301	condition_007	f047	15	421	199805355	199805355	1582.1330166267971	79.18371440178854
6301	condition_007	f047	21	421	199718505	199718505	1581.049881234873	79.16391529342125
6301	condition_007	f047	27	421	199631655	199631655	1580.0522565317854	79.14838238113016
6301	condition_007	f047	31	421	199573755	199573755	1579.387173396393	79.13801959563236
6301	condition_007	f048	15	421	199805355	199805355	1392.8028503560695	69.70798407060059
6301	condition_007	f048	21	421	199718505	199718505	1232.828978622146	61.728330012391496
6301	condition_007	f048	27	421	199631655	199631655	1090.1140142516365	54.60627044601902
6301	condition_007	f048	31	421	199573755	199573755	1003.0166270782627	50.25794233707046
6301	condition_007	f049	15	421	199805355	199805355	4307.914489310344	215.6055571839075
6301	condition_007	f049	21	421	199718505	199718505	4305.358669832895	215.5713447701251
6301	condition_007	f049	27	421	199631655	199631655	4303.206650830521	215.5573298648714
6301	condition_007	f049	31	421	199573755	199573755	4301.771971495606	215.54797981806803
6301	condition_007	f050	15	421	199805355	199805355	3127.5676959614866	156.53072441234053
6301	condition_007	f050	21	421	199718505	199718505	2773.5130641325986	138.871110823336
6301	condition_007	f050	27	421	199631655	199631655	2459.8361045127303	123.21874026004194
6301	condition_007	f050	31	421	199573755	199573755	2271.6413301659873	113.82465245322399
6301	condition_007	f051	15	421	199805355	199805355	3760.909738716622	188.22867578882568
6301	condition_007	f051	21	421	199718505	199718505	3758.748218526592	188.2023009598731
6301	condition_007	f051	27	421	199631655	199631655	3756.795724464835	188.18637377247788
6301	condition_007	f051	31	421	199573755	199573755	3755.4940617569996	188.17574794626677
6301	condition_007	f052	15	421	199805355	199805355	3107.572446555305	155.52998800033686
6301	condition_007	f052	21	421	199718505	199718505	2759.539192398627	138.17143245682854
6301	condition_007	f052	27	421	199631655	199631655	2452.121140142175	122.83228028852315
6301	condition_007	f052	31	421	199573755	199573755	2265.5676959617017	113.52032214665208
6301	condition_007	f053	15	421	199805355	199805355	4729.1947743458795	236.6900914315274
6301	condition_007	f053	21	421	199718505	199718505	4726.786223276997	236.67242168055466
6301	condition_007	f053	27	421	199631655	199631655	4724.377672208114	236.65473655508762
6301	condition_007	f053	31	421	199573755	199573755	4722.7719714955265	236.64293792014516
6301	condition_007	f054	15	421	199805355	199805355	3242.935866982839	162.30475239178844
6301	condition_007	f054	21	421	199718505	199718505	2870.2185273154737	143.7131991006779
6301	condition_007	f054	27	421	199631655	199631655	2539.1876484557038	127.19363812596272
6301	condition_007	f054	31	421	199573755	199573755	2344.2137767217882	117.46102470847374
6301	condition_007	megabase_171	15	171	199805355	199805355	100319.23976608466	5020.848403491721
6301	condition_007	megabase_171	21	171	199718505	199718505	94308.4853801194	4722.070465133884
6301	condition_007	megabase_171	27	171	199631655	199631655	88684.15204678595	4442.389261702307
6301	condition_007	megabase_171	31	171	199573755	199573755	85137.48538011916	4265.966002399422
6301	condition_008	f001	15	61	199805015	199805015	360.96721311475585	18.065973625074218
6301	condition_008	f001	21	61	199718165	199718165	350.5901639344275	17.55424520020137
6301	condition_008	f001	27	61	199631315	199631315	342.03278688524614	17.133223156158948
6301	condition_008	f001	31	61	199573415	199573415	336.4262295081965	16.85726676111628
6301	condition_008	f002	15	61	199805015	199805015	365.26229508196354	18.28093729689235
6301	condition_008	f002	21	61	199718165	199718165	311.8196721311444	15.612985034743554
6301	condition_008	f002	27	61	199631315	199631315	268.7213114754072	13.46087969592382
6301	condition_008	f002	31	61	199573415	199573415	242.75409836065347	12.163649069223649
6301	condition_008	f003	15	61	199805015	199805015	442.68852459016614	22.15602669383279
6301	condition_008	f003	21	61	199718165	199718165	432.2459016393456	21.642793565590072
6301	condition_008	f003	27	61	199631315	199631315	422.0163934426233	21.139789288199765
6301	condition_008	f003	31	61	199573415	199573415	415.3278688524589	20.810781278280924
6301	condition_008	f004	15	61	199805015	199805015	204.70491803278475	10.24523423662738
6301	condition_008	f004	21	61	199718165	199718165	175.37704918032608	8.781226744213582
6301	condition_008	f004	27	61	199631315	199631315	147.19672131147396	7.373428427873351
6301	condition_008	f004	31	61	199573415	199573415	129.31147540983486	6.479393831579966
6301	condition_008	f005	15	61	199805015	199805015	394.98360655737855	19.768453086994764
6301	condition_008	f005	21	61	199718165	199718165	384.91803278688616	19.27306075473336
6301	condition_008	f005	27	61	199631315	199631315	375.1639344262296	18.79283991222668
6301	condition_008	f005	31	61	199573415	199573415	368.80327868852424	18.47957949151315
6301	condition_008	f006	15	61	199805015	199805015	278.99999999999716	13.963613475867817
6301	condition_008	f006	21	61	199718165	199718165	241.0491803278665	12.06946700756371
6301	condition_008	f006	27	61	199631315	199631315	206.67213114753906	10.352690966722284
6301	condition_008	f006	31	61	199573415	199573415	184.50819672130982	9.24512900284388
6301	condition_008	f007	15	61	199805015	199805015	1890.524590163956	94.61847542535186
6301	condition_008	f007	21	61	199718165	199718165	1850.3278688524713	92.64694920727271
6301	condition_008	f007	27	61	199631315	199631315	1811.7540983606598	90.75500496305702
6301	condition_008	f007	31	61	199573415	199573415	1786.6557377049173	89.52373429621962
6301	condition_008	f008	15	61	199805015	199805015	1053.2131147540802	52.71204602917901
6301	condition_008	f008	21	61	199718165	199718165	894.0163934426206	44.763899840689035
6301	condition_008	f008	27	61	199631315	199631315	757.3442622950928	37.937147400701775
6301	condition_008	f008	31	61	199573415	199573415	680.0000000000173	34.072674459171694
6301	condition_008	f009	15	61	199805015	199805015	1607.6721311475605	80.4620510224711
6301	condition_008	f009	21	61	199718165	199718165	1575.3442622950956	78.87836653691944
6301	condition_008	f009	27	61	199631315	199631315	1543.4754098360727	77.31629728713017
6301	condition_008	f009	31	61	199573415	199573415	1522.3934426229537	76.28237671951214
6301	condition_008	f010	15	61	199805015	199805015	800.3770491803141	40.057905912937876
6301	condition_008	f010	21	61	199718165	199718165	691.1639344262259	34.60696398979161
6301	condition_008	f010	27	61	199631315	199631315	600.0327868852511	30.057047256601553
6301	condition_008	f010	31	61	199573415	199573415	545.1967213114857	27.318103531549312
6301	condition_008	f011	15	61	199805015	199805015	1005.5081967213206	50.32447242234238
6301	condition_008	f011	21	61	199718165	199718165	987.9672131147605	49.4680698230309
6301	condition_008	f011	27	61	199631315	199631315	971.4426229508233	48.661835591817
6301	condition_008	f011	31	61	199573415	199573415	960.5409836065594	48.12970623399712
6301	condition_008	f012	15	61	199805015	199805015	1102.4918032786711	55.17838495088179
6301	condition_008	f012	21	61	199718165	199718165	948.5081967213089	47.4923348470235
6301	condition_008	f012	27	61	199631315	199631315	809.8032786885334	40.56494236330274
6301	condition_008	f012	31	61	199573415	199573415	729.8852459016537	36.572268200233665
6301	condition_008	f013	15	61	199805015	199805015	2909.836065574139	145.63378529683746
6301	condition_008	f013	21	61	199718165	199718165	2851.885245901996	142.79548612425896
6301	condition_008	f013	27	61	199631315	199631315	2795.983606557721	140.05736557702488
6301	condition_008	f013	31	61	199573415	199573415	2759.459016393778	138.26786580736606
6301	condition_008	f014	15	61	199805015	199805015	2475.327868852699	123.88717414588912
6301	condition_008	f014	21	61	199718165	199718165	2165.0327868854174	108.40440011480266
6301	condition_008	f014	27	61	199631315	199631315	1885.426229508308	94.44541451366526
6301	condition_008	f014	31	61	199573415	199573415	1714.6557377049946	85.91603935348776
6301	condition_008	f015	15	61	199805015	199805015	4107.918032787389	205.59634265373117
6301	condition_008	f015	21	61	199718165	199718165	4026.7540983611407	201.62182535379998
6301	condition_008	f015	27	61	199631315	199631315	3947.2295081971843	197.7259684031628
6301	condition_008	f015	31	61	199573415	199573415	3895.5573770496308	195.1942034488727
6301	condition_008	f016	15	61	199805015	199805015	2409.7377049182314	120.6044655544923
6301	condition_008	f016	21	61	199718165	199718165	2074.508196721428	103.87178335638262
6301	condition_008	f016	27	61	199631315	199631315	1791.8688524590762	89.75890643504884
6301	condition_008	f016	31	61	199573415	199573415	1626.0327868852812	81.47542030511835
6301	condition_008	f017	15	61	199805015	199805015	4261.196721312076	213.26775613275151
6301	condition_008	f017	21	61	199718165	199718165	4184.590163935005	209.52476525783246
6301	condition_008	f017	27	61	199631315	199631315	4109.262295082523	205.84257009390151
6301	condition_008	f017	31	61	199573415	199573415	4059.6721311480837	203.4174807876131
6301	condition_008	f018	15	61	199805015	199805015	2199.8852459018403	110.10160310049476
6301	condition_008	f018	21	61	199718165	199718165	1934.1803278689868	96.84548863489643
6301	condition_008	f018	27	61	199631315	199631315	1705.557377049264	85.43536253564547
6301	condition_008	f018	31	61	199573415	199573415	1568.3606557377598	78.58565008459468
6301	condition_008	f019	15	171	199805015	199805015	359.03508771930643	17.969273079522374
6301	condition_008	f019	21	171	199718165	199718165	350.7134502924059	17.56041821696118
6301	condition_008	f019	27	171	199631315	199631315	343.0116959064408	17.182259001121185
6301	condition_008	f019	31	171	199573415	199573415	337.97660818714246	16.934951390551817
6301	condition_008	f020	15	165	199805015	199805015	269.6545454545388	13.495884748165043
6301	condition_008	f020	21	171	199718165	199718165	227.38596491228526	11.385342185188076
6301	condition_008	f020	27	171	199631315	199631315	194.44444444444815	9.740177508946838
6301	condition_008	f020	31	171	199573415	199573415	175.14035087719617	8.775735529564205
6301	condition_008	f021	15	171	199805015	199805015	465.2807017543969	23.286737910677413
6301	condition_008	f021	21	171	199718165	199718165	455.3567251462097	22.799965398550988
6301	condition_008	f021	27	171	199631315	199631315	445.75438596492296	22.328880915547895
6301	condition_008	f021	31	171	199573415	199573415	439.43859649123857	22.018894475060147
6301	condition_008	f022	15	171	199805015	199805015	311.7426900584862	15.602345619727622
6301	condition_008	f022	21	171	199718165	199718165	275.92982456140976	13.815960333974116
6301	condition_008	f022	27	171	199631315	199631315	243.918128654976	12.218430192426272
6301	condition_008	f022	31	171	199573415	199573415	224.81286549708074	11.264669971052044
6301	condition_008	f023	15	171	199805015	199805015	413.49707602340163	20.695029903198456
6301	condition_008	f023	21	171	199718165	199718165	405.3333333333432	20.295266248482868
6301	condition_008	f023	27	171	199631315	199631315	397.42690058480497	19.908044015279113
6301	condition_008	f023	31	171	199573415	199573415	392.25146198831357	19.65449466244357
6301	condition_008	f024	15	171	199805015	199805015	217.58479532164222	10.88985655948837
6301	condition_008	f024	21	171	199718165	199718165	192.18128654971173	9.622624289068135
6301	condition_008	f024	27	171	199631315	199631315	169.99415204678718	8.515405113009809
6301	condition_008	f024	31	171	199573415	199573415	156.30409356725454	7.831909554048296
6301	condition_008	f025	15	171	199805015	199805015	2019.8596491228575	101.09153912492425
6301	condition_008	f025	21	171	199718165	199718165	1981.725146198883	99.226084227185
6301	condition_008	f025	27	171	199631315	199631315	1944.7485380117475	97.41700784828008
6301	condition_008	f025	31	171	199573415	199573415	1920.4269005848466	96.22658912685573
6301	condition_008	f026	15	171	199805015	199805015	1239.040935672547	62.01250432440582
6301	condition_008	f026	21	171	199718165	199718165	1092.43274853804	54.69871749212396
6301	condition_008	f026	27	171	199631315	199631315	962.2456140351123	48.201135880666435
6301	condition_008	f026	31	171	199573415	199573415	881.7076023392036	44.179611915705486
6301	condition_008	f027	15	171	199805015	199805015	1350.7836257310296	67.6050911800702
6301	condition_008	f027	21	171	199718165	199718165	1324.5847953216726	66.32270005693637
6301	condition_008	f027	27	171	199631315	199631315	1298.9415204678699	65.0670221987903
6301	condition_008	f027	31	171	199573415	199573415	1282.0935672514956	64.2417010928783
6301	condition_008	f028	15	171	199805015	199805015	758.7543859649313	37.97474182341876
6301	condition_008	f028	21	171	199718165	199718165	664.3040935672683	33.26207676538928
6301	condition_008	f028	27	171	199631315	199631315	580.08771929826	29.057952120300367
6301	condition_008	f028	31	171	199573415	199573415	528.7076023391944	26.49188532145899
6301	condition_008	f029	15	170	199805015	199805015	1665.5352941178699	83.35803253576341
6301	condition_008	f029	21	171	199718165	199718165	1633.3450292398093	81.782497312641
6301	condition_008	f029	27	171	199631315	199631315	1601.508771929867	80.22332427805061
6301	condition_008	f029	31	171	199573415	199573415	1580.6783625731414	79.20285187148507
6301	condition_008	f030	15	171	199805015	199805015	1185.6666666666972	59.341186539621994
6301	condition_008	f030	21	171	199718165	199718165	1039.6140350877458	52.0540550273805
6301	condition_008	f030	27	171	199631315	199631315	911.3391812865727	45.6511134681737
6301	condition_008	f030	31	171	199573415	199573415	835.1929824561614	41.84890970854818
6301	condition_008	f031	15	171	199805015	199805015	3943.988304093662	197.39185746131858
6301	condition_008	f031	21	171	199718165	199718165	3871.4736842106313	193.8468483430454
6301	condition_008	f031	27	171	199631315	199631315	3801.7076023392838	190.43643540289676
6301	condition_008	f031	31	171	199573415	199573415	3755.8830409357747	188.19555905959595
6301	condition_008	f032	15	171	199805015	199805015	3712.0994152047765	185.78609827209675
6301	condition_008	f032	21	171	199718165	199718165	3207.5789473685045	160.6052682973782
6301	condition_008	f032	27	171	199631315	199631315	2769.7485380117682	138.74318956481193
6301	condition_008	f032	31	171	199573415	199573415	2509.2105263158546	125.72869619512471
6301	condition_008	f033	15	171	199805015	199805015	3917.567251462094	196.06951564564554
6301	condition_008	f033	21	171	199718165	199718165	3846.6257309942566	192.60269745590026
6301	condition_008	f033	27	171	199631315	199631315	3776.97076023402	189.19730906115709
6301	condition_008	f033	31	171	199573415	199573415	3731.298245614137	186.96369181306724
6301	condition_008	f034	15	171	199805015	199805015	2750.8888888889605	137.67867082259974
6301	condition_008	f034	21	171	199718165	199718165	2397.5263157895365	120.0454808799959
6301	condition_008	f034	27	171	199631315	199631315	2092.4561403509324	104.81602750304641
6301	condition_008	f034	31	171	199573415	199573415	1911.771929824611	95.79291559572758
6301	condition_008	f035	15	171	199805015	199805015	3918.309941520571	196.10668638725465
6301	condition_008	f035	21	171	199718165	199718165	3845.000000000105	192.5212961975745
6301	condition_008	f035	27	171	199631315	199631315	3773.497076023494	189.02330408550853
6301	condition_008	f035	31	171	199573415	199573415	3726.5146198831417	186.72399928032203
6301	condition_008	f036	15	171	199805015	199805015	2981.1578947369208	149.20335681949328
6301	condition_008	f036	21	171	199718165	199718165	2593.023391812933	129.83412859881489
6301	condition_008	f036	27	171	199631315	199631315	2253.824561403567	112.89934955362924
6301	condition_008	f036	31	171	199573415	199573415	2049.13450292403	102.675724766449
6301	condition_008	f037	15	421	199805015	199805015	465.2209026127725	23.28374503576762
6301	condition_008	f037	21	421	199718165	199718165	457.3230403799944	22.89841989986211
6301	condition_008	f037	27	421	199631315	199631315	449.89548693581594	22.536318359462587
6301	condition_008	f037	31	421	199573415	199573415	445.04038004745587	22.299582339033275
6301	condition_008	f038	15	418	199805015	199805015	426.7870813397205	21.360178639145794
6301	condition_008	f038	21	421	199718165	199718165	378.8099762470085	18.96722695439388
6301	condition_008	f038	27	421	199631315	199631315	336.18527315913144	16.8403075018131
6301	condition_008	f038	31	421	199573415	199573415	309.7173396674502	15.518967777719803
6301	condition_008	f039	15	421	199805015	199805015	285.7054631828677	14.29921382017702
6301	condition_008	f039	21	421	199718165	199718165	280.45605700709683	14.04259131897676
6301	condition_008	f039	27	421	199631315	199631315	275.32779097384383	13.791813722904335
6301	condition_008	f039	31	421	199573415	199573415	271.99999999997283	13.629069783666969
6301	condition_008	f040	15	421	199805015	199805015	142.16389548692476	7.115131493917946
6301	condition_008	f040	21	421	199718165	199718165	124.15201900236768	6.2163608904762215
6301	condition_008	f040	27	421	199631315	199631315	108.11876484560159	5.415922088455991
6301	condition_008	f040	31	421	199573415	199573415	98.82660332541359	4.951892180900627
6301	condition_008	f041	15	421	199805015	199805015	335.14726840852524	16.773716536020142
6301	condition_008	f041	21	421	199718165	199718165	328.6009501187403	16.453232990536453
6301	condition_008	f041	27	421	199631315	199631315	322.3325415676728	16.146391740578018
6301	condition_008	f041	31	421	199573415	199573415	318.2019002375076	15.944102586885512
6301	condition_008	f042	15	420	199805015	199805015	334.67857142860845	16.750258817508083
6301	condition_008	f042	21	421	199718165	199718165	289.0213776721948	14.47146170565881
6301	condition_008	f042	27	421	199631315	199631315	250.011876484554	12.523680289565492
6301	condition_008	f042	31	421	199573415	199573415	227.1710213776693	11.38282979111568
6301	condition_008	f043	15	420	199805015	199805015	1411.344047619386	70.63606724883186
6301	condition_008	f043	21	421	199718165	199718165	1384.2660332539178	69.31097295300695
6301	condition_008	f043	27	421	199631315	199631315	1358.3871733964427	68.0447941444679
6301	condition_008	f043	31	421	199573415	199573415	1341.4584323038102	67.21628891823143
6301	condition_008	f044	15	421	199805015	199805015	1002.1900237528266	50.158401867582086
6301	condition_008	f044	21	421	199718165	199718165	873.2256532065398	43.72289587211759
6301	condition_008	f044	27	421	199631315	199631315	760.4014251780624	38.09028784777891
6301	condition_008	f044	31	421	199573415	199573415	693.5914489310469	34.7536994810179
6301	condition_008	f045	15	421	199805015	199805015	1804.3064133013404	90.30335966799134
6301	condition_008	f045	21	421	199718165	199718165	1771.2161520186899	88.6857813869204
6301	condition_008	f045	27	421	199631315	199631315	1739.0237529688163	87.11177166612444
6301	condition_008	f045	31	421	199573415	199573415	1717.9904988120531	86.08313380878177
6301	condition_008	f046	15	421	199805015	199805015	1203.9809976245358	60.25779671368788
6301	condition_008	f046	21	421	199718165	199718165	1052.152019002247	52.68183888041666
6301	condition_008	f046	27	421	199631315	199631315	920.9287410925401	46.13147697256516
6301	condition_008	f046	31	421	199573415	199573415	842.2209026127483	42.20105681975469
6301	condition_008	f047	15	421	199805015	199805015	1519.123515439165	76.0302996118073
6301	condition_008	f047	21	421	199718165	199718165	1492.2256532063934	74.71657138480084
6301	condition_008	f047	27	421	199631315	199631315	1465.8764845603193	73.42918542415649
6301	condition_008	f047	31	421	199573415	199573415	1448.6080760092548	72.5852226364546
6301	condition_008	f048	15	421	199805015	199805015	1332.4156769594117	66.68579749909739
6301	condition_008	f048	21	421	199718165	199718165	1157.1876484558948	57.94103147582469
6301	condition_008	f048	27	421	199631315	199631315	1003.6864608074784	50.27700492818365
6301	condition_008	f048	31	421	199573415	199573415	911.5059382421814	45.67271338430429
6301	condition_008	f049	15	421	199805015	199805015	4129.947743467162	206.69890310146428
6301	condition_008	f049	21	421	199718165	199718165	4054.0712589065997	202.98961083017159
6301	condition_008	f049	27	421	199631315	199631315	3980.216152018257	199.37834662954845
6301	condition_008	f049	31	421	199573415	199573415	3931.7648456049687	197.00844652104436
6301	condition_008	f050	15	421	199805015	199805015	2997.8361045125926	150.03808110184787
6301	condition_008	f050	21	421	199718165	199718165	2611.3206650827615	130.75028328458563
6301	condition_008	f050	27	421	199631315	199631315	2274.5368171018536	113.9368749387767
6301	condition_008	f050	31	421	199573415	199573415	2075.4655581945412	103.99509164056451
6301	condition_008	f051	15	421	199805015	199805015	3603.7648456050265	180.36408373458625
6301	condition_008	f051	21	421	199718165	199718165	3537.6745843223775	177.1333410920523
6301	condition_008	f051	27	421	199631315	199631315	3472.857482184631	173.9635628901523
6301	condition_008	f051	31	421	199573415	199573415	3430.2589073627873	171.87955156065186
6301	condition_008	f052	15	421	199805015	199805015	2978.6199524935814	149.0763358714285
6301	condition_008	f052	21	421	199718165	199718165	2598.02375296874	130.08449947298183
6301	condition_008	f052	27	421	199631315	199631315	2267.54394299258	113.5865855010062
6301	condition_008	f052	31	421	199573415	199573415	2070.29453681686	103.73598792288341
6301	condition_008	f053	15	421	199805015	199805015	4529.327790973012	226.68739275503233
6301	condition_008	f053	21	421	199718165	199718165	4444.869358669	222.55708982049777
6301	condition_008	f053	27	421	199631315	199631315	4361.957244654769	218.50065179677694
6301	condition_008	f053	31	421	199573415	199573415	4307.596199524144	215.84018089404063
6301	condition_008	f054	15	421	199805015	199805015	3107.771971495936	155.54023864195483
6301	condition_008	f054	21	421	199718165	199718165	2701.672209025733	135.27423552212855
6301	condition_008	f054	27	421	199631315	199631315	2347.263657956941	117.57993268525738
6301	condition_008	f054	31	421	199573415	199573415	2140.9311163893003	107.27536612976735
6301	condition_008	megabase_171	15	171	199805015	199805015	96112.16374269275	4810.29786678241
6301	condition_008	megabase_171	21	171	199718165	199718165	88727.74269006086	4442.647602438208
6301	condition_008	megabase_171	27	171	199631315	199631315	81933.24561403737	4104.228117419222
6301	condition_008	megabase_171	31	171	199573415	199573415	77709.57894737055	3893.784096813223
6301	condition_009	f001	15	61	199805778	199805778	287.44262295081654	14.3861016346993
6301	condition_009	f001	21	61	199718928	199718928	254.29508196721048	12.732648052627765
6301	condition_009	f001	27	61	199632078	199632078	226.40983606557148	11.34135547422251
6301	condition_009	f001	31	61	199574178	199574178	209.52459016393234	10.498582144426136
6301	condition_009	f002	15	61	199805778	199805778	282.32786885245633	14.130115338929604
6301	condition_009	f002	21	61	199718928	199718928	217.04918032786694	10.867732092366674
6301	condition_009	f002	27	61	199632078	199632078	168.4918032786872	8.44011668699292
6301	condition_009	f002	31	61	199574178	199574178	142.70491803278583	7.150470038903822
6301	condition_009	f003	15	61	199805778	199805778	352.1803278688488	17.626133307758938
6301	condition_009	f003	21	61	199718928	199718928	312.278688524587	15.635908506608194
6301	condition_009	f003	27	61	199632078	199632078	277.1639344262268	13.883737383439287
6301	condition_009	f003	31	61	199574178	199574178	256.163934426227	12.835524965871436
6301	condition_009	f004	15	61	199805778	199805778	163.54098360655573	8.184997713457301
6301	condition_009	f004	21	61	199718928	199718928	127.5081967213103	6.384382191422052
6301	condition_009	f004	27	61	199632078	199632078	97.1311475409828	4.865508014247229
6301	condition_009	f004	31	61	199574178	199574178	79.75409836065515	3.9962132957228143
6301	condition_009	f005	15	61	199805778	199805778	311.3770491803247	15.583986223878105
6301	condition_009	f005	21	61	199718928	199718928	274.96721311475136	13.767709243600153
6301	condition_009	f005	27	61	199632078	199632078	242.31147540983372	12.137902777820793
6301	condition_009	f005	31	61	199574178	199574178	222.73770491803066	11.160647492083402
6301	condition_009	f006	15	61	199805778	199805778	215.19672131147342	10.770295206952094
6301	condition_009	f006	21	61	199718928	199718928	165.9672131147526	8.310039252501525
6301	condition_009	f006	27	61	199632078	199632078	126.60655737704818	6.3419946656593025
6301	condition_009	f006	31	61	199574178	199574178	104.62295081967142	5.242308993484689
6301	condition_009	f007	15	61	199805778	199805778	1493.262295081934	74.73569133130545
6301	condition_009	f007	21	61	199718928	199718928	1325.0983606557202	66.34816108444764
6301	condition_009	f007	27	61	199632078	199632078	1176.5409836065535	58.9354674556137
6301	condition_009	f007	31	61	199574178	199574178	1086.9508196721351	54.46349976559268
6301	condition_009	f008	15	61	199805778	199805778	827.3606557377099	41.40824474744218
6301	condition_009	f008	21	61	199718928	199718928	634.688524590184	31.77908728761973
6301	condition_009	f008	27	61	199632078	199632078	486.3278688524701	24.361208565512708
6301	condition_009	f008	31	61	199574178	199574178	407.85245901639763	20.43613372750044
6301	condition_009	f009	15	61	199805778	199805778	1246.9344262294892	62.40732568952481
6301	condition_009	f009	21	61	199718928	199718928	1100.9836065573718	55.126653121098855
6301	condition_009	f009	27	61	199632078	199632078	974.3770491803316	48.80864132368204
6301	condition_009	f009	31	61	199574178	199574178	898.196721311484	45.00565806221103
6301	condition_009	f010	15	61	199805778	199805778	624.2950819672163	31.245096524046282
6301	condition_009	f010	21	61	199718928	199718928	484.5081967213258	24.25950317144331
6301	condition_009	f010	27	61	199632078	199632078	379.09836065574643	18.989851954341045
6301	condition_009	f010	31	61	199574178	199574178	322.4918032786927	16.158994440588035
6301	condition_009	f011	15	61	199805778	199805778	786.8524590163827	39.3808661037011
6301	condition_009	f011	21	61	199718928	199718928	698.8196721311435	34.99015737412448
6301	condition_009	f011	27	61	199632078	199632078	621.4098360655737	31.127754732161517
6301	condition_009	f011	31	61	199574178	199574178	575.1639344262319	28.819556727736185
6301	condition_009	f012	15	61	199805778	199805778	857.2295081967263	42.9031390772256
6301	condition_009	f012	21	61	199718928	199718928	663.3114754098546	33.21224893665835
6301	condition_009	f012	27	61	199632078	199632078	508.2459016393539	25.45912995201873
6301	condition_009	f012	31	61	199574178	199574178	425.4098360655771	21.315875647278233
6301	condition_009	f013	15	61	199805778	199805778	2272.278688524803	113.72437330239784
6301	condition_009	f013	21	61	199718928	199718928	2008.1311475411387	100.54786332225551
6301	condition_009	f013	27	61	199632078	199632078	1777.3934426230535	89.03345897261327
6301	condition_009	f013	31	61	199574178	199574178	1638.5901639345009	82.10431731977374
6301	condition_009	f014	15	61	199805778	199805778	1933.8360655738911	96.78579293006688
6301	condition_009	f014	21	61	199718928	199718928	1522.803278688563	76.24731886647034
6301	condition_009	f014	27	61	199632078	199632078	1194.2786885245764	59.82398723137954
6301	condition_009	f014	31	61	199574178	199574178	1011.5901639344141	50.6874273050702
6301	condition_009	f015	15	61	199805778	199805778	3233.032786885529	161.8087734622734
6301	condition_009	f015	21	61	199718928	199718928	2870.0983606559344	143.7068779307655
6301	condition_009	f015	27	61	199632078	199632078	2548.7213114755377	127.67093029385477
6301	condition_009	f015	31	61	199574178	199574178	2353.426229508286	117.92238119644345
6301	condition_009	f016	15	61	199805778	199805778	1892.88524590172	94.73626162611374
6301	condition_009	f016	21	61	199718928	199718928	1471.4590163934588	73.67649281561629
6301	condition_009	f016	27	61	199632078	199632078	1148.3442622950727	57.523033061604096
6301	condition_009	f016	31	61	199574178	199574178	975.0163934426221	48.85483699412366
6301	condition_009	f017	15	61	199805778	199805778	3342.7213114757656	167.2985308500821
6301	condition_009	f017	21	61	199718928	199718928	2962.1475409838686	148.31581416178383
6301	condition_009	f017	27	61	199632078	199632078	2624.4590163936223	131.4647947707894
6301	condition_009	f017	31	61	199574178	199574178	2421.344262295213	121.32552851076821
6301	condition_009	f018	15	61	199805778	199805778	1709.8196721312327	85.57408545668947
6301	condition_009	f018	21	61	199718928	199718928	1351.9672131147727	67.69349438500754
6301	condition_009	f018	27	61	199632078	199632078	1073.0983606557263	53.753804068288375
6301	condition_009	f018	31	61	199574178	199574178	918.4918032786826	46.022577293475436
6301	condition_009	f019	15	171	199805778	199805778	285.21637426901225	14.27468099891547
6301	condition_009	f019	21	171	199718928	199718928	252.8713450292454	12.66136102178785
6301	condition_009	f019	27	171	199632078	199632078	224.78362573099895	11.259895102178866
6301	condition_009	f019	31	171	199574178	199574178	207.57309941520896	10.400799416806766
6301	condition_009	f020	15	165	199805778	199805778	213.47878787878292	10.684315039116782
6301	condition_009	f020	21	171	199718928	199718928	163.00584795321913	8.161762612365871
6301	condition_009	f020	27	171	199632078	199632078	125.89473684210706	6.306338044635645
6301	condition_009	f020	31	171	199574178	199574178	106.0877192982469	5.31570368278039
6301	condition_009	f021	15	171	199805778	199805778	361.374269005856	18.08627721495902
6301	condition_009	f021	21	171	199718928	199718928	318.35087719298946	15.939945221065349
6301	condition_009	f021	27	171	199632078	199632078	280.11695906433346	14.031660736624373
6301	condition_009	f021	31	171	199574178	199574178	257.1111111111164	12.882984847424318
6301	condition_009	f022	15	171	199805778	199805778	241.20467836257825	12.071957116404224
6301	condition_009	f022	21	171	199718928	199718928	192.10526315789855	9.618781007972292
6301	condition_009	f022	27	171	199632078	199632078	152.98830409356998	7.663513079975552
6301	condition_009	f022	31	171	199574178	199574178	131.4853801169612	6.588296213198544
6301	condition_009	f023	15	171	199805778	199805778	325.1052631579022	16.27106415100279
6301	condition_009	f023	21	171	199718928	199718928	288.38596491228714	14.439591069319535
6301	condition_009	f023	27	171	199632078	199632078	255.68421052632124	12.807771831454923
6301	condition_009	f023	31	171	199574178	199574178	236.21052631579443	11.835725878114072
6301	condition_009	f024	15	171	199805778	199805778	167.76023391813206	8.39616529598719
6301	condition_009	f024	21	171	199718928	199718928	132.35672514620126	6.62714978853688
6301	condition_009	f024	27	171	199632078	199632078	104.47368421052799	5.233311462626161
6301	condition_009	f024	31	171	199574178	199574178	89.00000000000125	4.45949475487762
6301	condition_009	f025	15	171	199805778	199805778	1576.3508771930217	78.8941587661705
6301	condition_009	f025	21	171	199718928	199718928	1394.3157894737203	69.8139031406037
6301	condition_009	f025	27	171	199632078	199632078	1233.9707602339492	61.81224844205395
6301	condition_009	f025	31	171	199574178	199574178	1136.7368421052922	56.95811219151269
6301	condition_009	f026	15	171	199805778	199805778	965.2748538011945	48.31065765281294
6301	condition_009	f026	21	171	199718928	199718928	765.9298245614225	38.350387328406974
6301	condition_009	f026	27	171	199632078	199632078	605.2456140351023	30.318054097252965
6301	condition_009	f026	31	171	199574178	199574178	515.9181286549828	25.850945940260004
6301	condition_009	f027	15	171	199805778	199805778	1052.327485380144	52.66752022457249
6301	condition_009	f027	21	171	199718928	199718928	930.1578947368658	46.57334705586172
6301	condition_009	f027	27	171	199632078	199632078	821.8538011696115	41.16842390277636
6301	condition_009	f027	31	171	199574178	199574178	756.2748538011884	37.89442408732799
6301	condition_009	f028	15	171	199805778	199805778	594.5087719298343	29.754333327129025
6301	condition_009	f028	21	171	199718928	199718928	468.26315789474825	23.446108117241057
6301	condition_009	f028	27	171	199632078	199632078	369.46198830410196	18.50714534485294
6301	condition_009	f028	31	171	199574178	199574178	314.70175438597187	15.768660932977605
6301	condition_009	f029	15	170	199805778	199805778	1313.9647058825599	65.76209752465516
6301	condition_009	f029	21	171	199718928	199718928	1167.4678362573402	58.45554289462941
6301	condition_009	f029	27	171	199632078	199632078	1036.3450292397924	51.91275067726302
6301	condition_009	f029	31	171	199574178	199574178	957.6140350877434	47.982862546864325
6301	condition_009	f030	15	171	199805778	199805778	921.2046783625963	46.10500695143042
6301	condition_009	f030	21	171	199718928	199718928	726.7894736842283	36.390615599750674
6301	condition_009	f030	27	171	199632078	199632078	572.8421052631713	28.694892674671816
6301	condition_009	f030	31	171	199574178	199574178	488.9707602339292	24.500702702828075
6301	condition_009	f031	15	171	199805778	199805778	3085.8771929825293	154.44384160815056
6301	condition_009	f031	21	171	199718928	199718928	2734.374269005921	136.91112286592693
6301	condition_009	f031	27	171	199632078	199632078	2424.7368421053275	121.4602816539999
6301	condition_009	f031	31	171	199574178	199574178	2237.654970760293	112.1214674756317
6301	condition_009	f032	15	171	199805778	199805778	2902.9532163743424	145.28875217884553
6301	condition_009	f032	21	171	199718928	199718928	2262.8011695907016	113.29928476236873
6301	condition_009	f032	27	171	199632078	199632078	1760.5614035088167	88.19030594415878
6301	condition_009	f032	31	171	199574178	199574178	1486.538011695943	74.4854883829682
6301	condition_009	f033	15	171	199805778	199805778	3067.4152046784434	153.51984489049377
6301	condition_009	f033	21	171	199718928	199718928	2720.8830409357456	136.23561212664558
6301	condition_009	f033	27	171	199632078	199632078	2414.122807017607	120.92860181606721
6301	condition_009	f033	31	171	199574178	199574178	2229.7894736842695	111.72735350984483
6301	condition_009	f034	15	171	199805778	199805778	2153.9766081871903	107.80351948516675
6301	condition_009	f034	21	171	199718928	199718928	1696.3216374269448	84.93544675079293
6301	condition_009	f034	27	171	199632078	199632078	1338.438596491261	67.04526696813029
6301	condition_009	f034	31	171	199574178	199574178	1142.3274853801452	57.23824077983401
6301	condition_009	f035	15	171	199805778	199805778	3061.4912280702542	153.2233581388349
6301	condition_009	f035	21	171	199718928	199718928	2710.5263157895465	135.71704709878807
6301	condition_009	f035	27	171	199632078	199632078	2399.8070175439225	120.21149314209525
6301	condition_009	f035	31	171	199574178	199574178	2213.6315789474265	110.91773500615028
6301	condition_009	f036	15	171	199805778	199805778	2345.005847953277	117.36426601002886
6301	condition_009	f036	21	171	199718928	199718928	1843.1988304094036	92.28964169131748
6301	condition_009	f036	27	171	199632078	199632078	1447.4853801169952	72.50765481271979
6301	condition_009	f036	31	171	199574178	199574178	1229.3684210526615	61.59957332018482
6301	condition_009	f037	15	421	199805778	199805778	363.7102137766918	18.203187986720373
6301	condition_009	f037	21	421	199718928	199718928	322.3467933491469	16.14002220906908
6301	condition_009	f037	27	421	199632078	199632078	286.0760095011734	14.330162385083895
6301	condition_009	f037	31	421	199574178	199574178	264.308788598565	13.243636589026313
6301	condition_009	f038	15	418	199805778	199805778	337.06459330144077	16.869611913897742
6301	condition_009	f038	21	421	199718928	199718928	271.2304038004734	13.580605830233246
6301	condition_009	f038	27	421	199632078	199632078	218.49881235154558	10.945075287526967
6301	condition_009	f038	31	421	199574178	199574178	188.7197149643702	9.456118865456142
6301	condition_009	f039	15	421	199805778	199805778	222.3586698337139	11.128740723089296
6301	condition_009	f039	21	421	199718928	199718928	196.20902612825617	9.824257925531032
6301	condition_009	f039	27	421	199632078	199632078	173.1425178147217	8.673080977232612
6301	condition_009	f039	31	421	199574178	199574178	159.2945368170994	7.981720802432638
6301	condition_009	f040	15	421	199805778	199805778	111.61282660332071	5.586066014733603
6301	condition_009	f040	21	421	199718928	199718928	88.37529691211384	4.424983540474132
6301	condition_009	f040	27	421	199632078	199632078	69.77197149643762	3.495028063397588
6301	condition_009	f040	31	421	199574178	199574178	59.586698337292084	2.9856917830969136
6301	condition_009	f041	15	421	199805778	199805778	260.36104513063054	13.030706505926497
6301	condition_009	f041	21	421	199718928	199718928	229.94774346792678	11.513567881153797
6301	condition_009	f041	27	421	199632078	199632078	203.4109263657919	10.189290639242452
6301	condition_009	f041	31	421	199574178	199574178	187.43942992873846	9.391968029488186
6301	condition_009	f042	15	420	199805778	199805778	263.3714285714444	13.181371990726134
6301	condition_009	f042	21	421	199718928	199718928	205.41567695962	10.285238310493034
6301	condition_009	f042	27	421	199632078	199632078	160.6674584323039	8.048178431138902
6301	condition_009	f042	31	421	199574178	199574178	136.54156769596042	6.8416449995830835
6301	condition_009	f043	15	420	199805778	199805778	1110.6369047621374	55.58582518880597
6301	condition_009	f043	21	421	199718928	199718928	985.3040380046183	49.334534681891455
6301	condition_009	f043	27	421	199632078	199632078	874.4798099761447	43.80457383087224
6301	condition_009	f043	31	421	199574178	199574178	807.448931116305	40.45858733870396
6301	condition_009	f044	15	421	199805778	199805778	786.7197149642797	39.374222449376795
6301	condition_009	f044	21	421	199718928	199718928	619.6983372921088	31.02852310984309
6301	condition_009	f044	27	421	199632078	199632078	488.1733966745598	24.45365502204309
6301	condition_009	f044	31	421	199574178	199574178	416.2375296912007	20.856281802709
6301	condition_009	f045	15	421	199805778	199805778	1411.3681710211579	70.63700485284053
6301	condition_009	f045	21	421	199718928	199718928	1249.8788598573062	62.581893082127216
6301	condition_009	f045	27	421	199632078	199632078	1106.99999999986	55.452010072242
6301	condition_009	f045	31	421	199574178	199574178	1020.9904988122333	51.15844690149411
6301	condition_009	f046	15	421	199805778	199805778	939.3752969120122	47.01442101999734
6301	condition_009	f046	21	421	199718928	199718928	739.3729216151474	37.02067345440325
6301	condition_009	f046	27	421	199632078	199632078	582.6983372921387	29.18861252809975
6301	condition_009	f046	31	421	199574178	199574178	496.6389548693502	24.884930497839765
6301	condition_009	f047	15	421	199805778	199805778	1183.2256532064753	59.21879062008283
6301	condition_009	f047	21	421	199718928	199718928	1046.2921615200507	52.38823240229142
6301	condition_009	f047	27	421	199632078	199632078	925.2399049880149	46.3472561252413
6301	condition_009	f047	31	421	199574178	199574178	852.301662707749	42.70600892605199
6301	condition_009	f048	15	421	199805778	199805778	1045.7054631827648	52.336097266554766
6301	condition_009	f048	21	421	199718928	199718928	821.0023752968364	41.1078901493421
6301	condition_009	f048	27	421	199632078	199632078	643.8812351543596	32.253395426478484
6301	condition_009	f048	31	421	199574178	199574178	547.0688836104365	27.41180693278048
6301	condition_009	f049	15	421	199805778	199805778	3239.356294536285	162.12525618434742
6301	condition_009	f049	21	421	199718928	199718928	2873.4014251777035	143.8722635832345
6301	condition_009	f049	27	421	199632078	199632078	2548.6484560566505	127.66728080928209
6301	condition_009	f049	31	421	199574178	199574178	2352.667458432001	117.88436169492833
6301	condition_009	f050	15	421	199805778	199805778	2349.2589073631143	117.5771256906852
6301	condition_009	f050	21	421	199718928	199718928	1847.7387173394927	92.51695549554987
6301	condition_009	f050	27	421	199632078	199632078	1453.5296912113247	72.81042735082508
6301	condition_009	f050	31	421	199574178	199574178	1238.627078384767	62.06349392478855
6301	condition_009	f051	15	421	199805778	199805778	2809.420427552983	140.60756679183635
6301	condition_009	f051	21	421	199718928	199718928	2486.935866982993	124.52179129376225
6301	condition_009	f051	27	421	199632078	199632078	2202.6935866980334	110.33765759318668
6301	condition_009	f051	31	421	199574178	199574178	2031.8646080757485	101.80999508241734
6301	condition_009	f052	15	421	199805778	199805778	2329.627078384487	116.59458008188768
6301	condition_009	f052	21	421	199718928	199718928	1835.078384797919	91.88304800023356
6301	condition_009	f052	27	421	199632078	199632078	1447.0451306412472	72.48560176993435
6301	condition_009	f052	31	421	199574178	199574178	1234.5605700712222	61.859734683272606
6301	condition_009	f053	15	421	199805778	199805778	3546.2684085504793	177.48577864202102
6301	condition_009	f053	21	421	199718928	199718928	3143.38242280237	157.39031118784945
6301	condition_009	f053	27	421	199632078	199632078	2787.12114014213	139.6128902761875
6301	condition_009	f053	31	421	199574178	199574178	2572.266033253828	128.8877177915185
6301	condition_009	f054	15	421	199805778	199805778	2437.07600950086	121.97224894571667
6301	condition_009	f054	21	421	199718928	199718928	1913.5629453679792	95.81279874324075
6301	condition_009	f054	27	421	199632078	199632078	1501.1828978621472	75.19747892731684
6301	condition_009	f054	31	421	199574178	199574178	1279.7387173396312	64.12346177067212
6301	condition_009	megabase_171	15	171	199805778	199805778	75266.08771930015	3766.962520938716
6301	condition_009	megabase_171	21	171	199718928	199718928	62765.1286549725	3142.6730197035954
6301	condition_009	megabase_171	27	171	199632078	199632078	52366.994152048115	2623.1753271660136
6301	condition_009	megabase_171	31	171	199574178	199574178	46421.807017545034	2326.042751760452
6302	condition_001	f001	15	61	9997198	9997198	39.54098360655775	39.552066095477706
6302	condition_001	f001	21	61	9992812	9992812	39.34426229508232	39.37256329357775
6302	condition_001	f001	27	61	9988426	9988426	39.147540983606895	39.19290284936475
6302	condition_001	f001	31	61	9985502	9985502	39.016393442623276	39.07304153824543
6302	condition_001	f002	15	61	9997198	9997198	0.03278688524590164	0.032796074706034274
6302	condition_001	f002	21	61	9992812	9992812	0.0	0.0
6302	condition_001	f002	27	61	9988426	9988426	0.0	0.0
6302	condition_001	f002	31	61	9985502	9985502	0.0	0.0
6302	condition_001	f003	15	61	9997198	9997198	19.704918032787063	19.710440898326773
6302	condition_001	f003	21	61	9992812	9992812	19.573770491803447	19.58785023855492
6302	condition_001	f003	27	61	9988426	9988426	19.475409836065733	19.49797679440758
6302	condition_001	f003	31	61	9985502	9985502	19.409836065573923	19.4380173030599
6302	condition_001	f004	15	61	9997198	9997198	26.803278688524312	26.810791072182738
6302	condition_001	f004	21	61	9992812	9992812	23.409836065573533	23.426675159678307
6302	condition_001	f004	27	61	9988426	9988426	20.65573770491783	20.67967235770464
6302	condition_001	f004	31	61	9985502	9985502	18.950819672130965	18.978334461433153
6302	condition_001	f005	15	61	9997198	9997198	0.0	0.0
6302	condition_001	f005	21	61	9992812	9992812	0.0	0.0
6302	condition_001	f005	27	61	9988426	9988426	0.0	0.0
6302	condition_001	f005	31	61	9985502	9985502	0.0	0.0
6302	condition_001	f006	15	61	9997198	9997198	15.639344262294914	15.64372763477818
6302	condition_001	f006	21	61	9992812	9992812	14.229508196721161	14.239743724510339
6302	condition_001	f006	27	61	9988426	9988426	13.016393442622816	13.03147607302974
6302	condition_001	f006	31	61	9985502	9985502	12.229508196721186	12.247264280475019
6302	condition_001	f007	15	61	9997198	9997198	57.91803278688347	57.93426596820777
6302	condition_001	f007	21	61	9992812	9992812	57.81967213114578	57.86126280685134
6302	condition_001	f007	27	61	9988426	9988426	57.721311475408086	57.78819553291789
6302	condition_001	f007	31	61	9985502	9985502	57.65573770491629	57.739448357144475
6302	condition_001	f008	15	61	9997198	9997198	45.983606557376724	45.99649477521274
6302	condition_001	f008	21	61	9992812	9992812	39.88524590163975	39.913936038864485
6302	condition_001	f008	27	61	9988426	9988426	34.65573770491907	34.695894733483605
6302	condition_001	f008	31	61	9985502	9985502	31.639344262296408	31.68528158353622
6302	condition_001	f009	15	61	9997198	9997198	266.09836065573813	266.1729423141745
6302	condition_001	f009	21	61	9992812	9992812	265.50819672131183	265.69918129282513
6302	condition_001	f009	27	61	9988426	9988426	264.9180327868856	265.2250042067545
6302	condition_001	f009	31	61	9985502	9985502	264.5245901639347	264.9086547315645
6302	condition_001	f010	15	61	9997198	9997198	37.393442622951525	37.40392320223279
6302	condition_001	f010	21	61	9992812	9992812	33.62295081967329	33.64713638130417
6302	condition_001	f010	27	61	9988426	9988426	30.672131147542217	30.707672207355007
6302	condition_001	f010	31	61	9985502	9985502	28.950819672132216	28.99285351115269
6302	condition_001	f011	15	61	9997198	9997198	118.24590163934725	118.27904342731557
6302	condition_001	f011	21	61	9992812	9992812	118.04918032787182	118.1340951154408
6302	condition_001	f011	27	61	9988426	9988426	117.8524590163964	117.98901950757447
6302	condition_001	f011	31	61	9985502	9985502	117.72131147541278	117.89223163283405
6302	condition_001	f012	15	61	9997198	9997198	92.5901639344252	92.61611496983976
6302	condition_001	f012	21	61	9992812	9992812	82.88524590163868	82.94486667180237
6302	condition_001	f012	27	61	9988426	9988426	74.21311475409803	74.29910854232492
6302	condition_001	f012	31	61	9985502	9985502	69.16393442622937	69.264353886494
6302	condition_001	f013	15	61	9997198	9997198	285.4918032787327	285.57182050283757
6302	condition_001	f013	21	61	9992812	9992812	285.2786885246343	285.4838943478915
6302	condition_001	f013	27	61	9988426	9988426	285.0819672131588	285.41230341312917
6302	condition_001	f013	31	61	9985502	9985502	284.95081967217516	285.3645411839837
6302	condition_001	f014	15	61	9997198	9997198	33.442622950820855	33.45199620015614
6302	condition_001	f014	21	61	9992812	9992812	29.229508196722406	29.250533480187965
6302	condition_001	f014	27	61	9988426	9988426	25.672131147541737	25.701878501719627
6302	condition_001	f014	31	61	9985502	9985502	23.524590163934974	23.55874563335421
6302	condition_001	f015	15	61	9997198	9997198	19.52459016393459	19.530062487443573
6302	condition_001	f015	21	61	9992812	9992812	19.426229508196876	19.44020312620399
6302	condition_001	f015	27	61	9988426	9988426	19.32786885245916	19.35026484899539
6302	condition_001	f015	31	61	9985502	9985502	19.262295081967352	19.29026210396568
6302	condition_001	f016	15	60	9997198	9997198	368.4666666666509	368.5699399638288
6302	condition_001	f016	21	61	9992812	9992812	322.21311475410914	322.44488813970395
6302	condition_001	f016	27	61	9988426	9988426	280.3278688524629	280.65269628314104
6302	condition_001	f016	31	61	9985502	9985502	254.77049180327873	255.14039434700302
6302	condition_001	f017	15	61	9997198	9997198	58.93442622950631	58.9509442840947
6302	condition_001	f017	21	61	9992812	9992812	58.77049180327681	58.81276641977935
6302	condition_001	f017	27	61	9988426	9988426	58.67213114753912	58.74011695890736
6302	condition_001	f017	31	61	9985502	9985502	58.606557377047324	58.691648529084794
6302	condition_001	f018	15	61	9997198	9997198	80.27868852459274	80.30118891772749
6302	condition_001	f018	21	61	9992812	9992812	70.8032786885242	70.85420869373326
6302	condition_001	f018	27	61	9988426	9988426	62.63934426229274	62.71192704665654
6302	condition_001	f018	31	61	9985502	9985502	58.032786885244114	58.11704497705185
6302	condition_001	f019	15	171	9997198	9997198	19.93567251462038	19.941260055687984
6302	condition_001	f019	21	171	9992812	9992812	19.88304093567301	19.8973431459263
6302	condition_001	f019	27	171	9988426	9988426	19.847953216374762	19.870951856052958
6302	condition_001	f019	31	171	9985502	9985502	19.824561403509264	19.853344782775334
6302	condition_001	f020	15	171	9997198	9997198	54.93567251462116	54.95106980438035
6302	condition_001	f020	21	171	9992812	9992812	47.27485380117065	47.30885940931406
6302	condition_001	f020	27	171	9988426	9988426	41.02923976608275	41.07678203360845
6302	condition_001	f020	31	171	9985502	9985502	37.26315789473762	37.317260458951004
6302	condition_001	f021	15	171	9997198	9997198	17.543859649123235	17.548776816387186
6302	condition_001	f021	21	171	9992812	9992812	17.49707602339224	17.509661968415138
6302	condition_001	f021	27	171	9988426	9988426	17.461988304093992	17.482222228100795
6302	condition_001	f021	31	171	9985502	9985502	17.438596491228495	17.463915676175812
6302	condition_001	f022	15	171	9997198	9997198	44.087719298246654	44.10007613958096
6302	condition_001	f022	21	171	9992812	9992812	38.77192982456229	38.79981913455621
6302	condition_001	f022	27	171	9988426	9988426	33.8070175438604	33.84619112546902
6302	condition_001	f022	31	171	9985502	9985502	30.771929824562065	30.816607742467095
6302	condition_001	f023	15	171	9997198	9997198	41.321637426901546	41.333218994863905
6302	condition_001	f023	21	171	9992812	9992812	41.216374269006806	41.246021909555395
6302	condition_001	f023	27	171	9988426	9988426	41.111111111112066	41.15874824633237
6302	condition_001	f023	31	171	9985502	9985502	41.04093567251557	41.10052321106698
6302	condition_001	f024	15	171	9997198	9997198	27.602339181287192	27.610075524449144
6302	condition_001	f024	21	171	9992812	9992812	23.824561403509307	23.841698816618692
6302	condition_001	f024	27	171	9988426	9988426	20.538011695906874	20.561809934725325
6302	condition_001	f024	31	171	9985502	9985502	18.654970760234306	18.682056005030397
6302	condition_001	f025	15	171	9997198	9997198	52.064327485381526	52.07891999876518
6302	condition_001	f025	21	171	9992812	9992812	52.023391812866905	52.0608131253414
6302	condition_001	f025	27	171	9988426	9988426	51.98830409356866	52.04854507964384
6302	condition_001	f025	31	171	9985502	9985502	51.96491228070316	52.04036039520413
6302	condition_001	f026	15	171	9997198	9997198	81.53216374269223	81.55501545802358
6302	condition_001	f026	21	171	9992812	9992812	72.78362573099608	72.83598023358799
6302	condition_001	f026	27	171	9988426	9988426	64.88304093567422	64.95822358364993
6302	condition_001	f026	31	171	9985502	9985502	60.15789473684367	60.245238283306804
6302	condition_001	f027	15	171	9997198	9997198	0.0	0.0
6302	condition_001	f027	21	171	9992812	9992812	0.0	0.0
6302	condition_001	f027	27	171	9988426	9988426	0.0	0.0
6302	condition_001	f027	31	171	9985502	9985502	0.0	0.0
6302	condition_001	f028	15	171	9997198	9997198	89.97076023392047	89.99597710670577
6302	condition_001	f028	21	171	9992812	9992812	79.15204678362778	79.20898220003316
6302	condition_001	f028	27	171	9988426	9988426	69.69590643275032	69.77666594591612
6302	condition_001	f028	31	171	9985502	9985502	64.15789473684374	64.2510459031942
6302	condition_001	f029	15	171	9997198	9997198	100.3216374269033	100.34975542837432
6302	condition_001	f029	21	171	9992812	9992812	100.2514619883068	100.32357457371037
6302	condition_001	f029	27	171	9988426	9988426	100.18128654971031	100.29737072658926
6302	condition_001	f029	31	171	9985502	9985502	100.13450292397931	100.27988870662617
6302	condition_001	f030	15	171	9997198	9997198	45.461988304094746	45.474730323531396
6302	condition_001	f030	21	171	9992812	9992812	39.80116959064429	39.829799250345445
6302	condition_001	f030	27	171	9988426	9988426	34.84795321637515	34.888332972958054
6302	condition_001	f030	31	171	9985502	9985502	31.91812865497156	31.964470744657163
6302	condition_001	f031	15	169	9997198	9997198	251.8816568047435	251.9522538262656
6302	condition_001	f031	21	171	9992812	9992812	251.75438596491915	251.93547718592038
6302	condition_001	f031	27	171	9988426	9988426	251.61403508772617	251.9055906183078
6302	condition_001	f031	31	171	9985502	9985502	251.52046783626417	251.8856516540322
6302	condition_001	f032	15	171	9997198	9997198	201.40350877193532	201.45995785212548
6302	condition_001	f032	21	171	9992812	9992812	178.1871345029288	178.31530754599285
6302	condition_001	f032	27	171	9988426	9988426	158.02923976608616	158.2123547454686
6302	condition_001	f032	31	171	9985502	9985502	146.1169590643314	146.3291070036653
6302	condition_001	f033	15	171	9997198	9997198	0.017543859649122806	0.01754877681638676
6302	condition_001	f033	21	171	9992812	9992812	0.0	0.0
6302	condition_001	f033	27	171	9988426	9988426	0.0	0.0
6302	condition_001	f033	31	171	9985502	9985502	0.0	0.0
6302	condition_001	f034	15	171	9997198	9997198	220.37426900585393	220.43603518291218
6302	condition_001	f034	21	171	9992812	9992812	195.8187134502977	195.9595691886305
6302	condition_001	f034	27	171	9988426	9988426	174.0175438596538	174.2191851445401
6302	condition_001	f034	31	171	9985502	9985502	161.11695906433175	161.3508855782431
6302	condition_001	f035	15	171	9997198	9997198	144.25730994152428	144.29774216888
6302	condition_001	f035	21	171	9992812	9992812	144.11111111111492	144.2147726897243
6302	condition_001	f035	27	171	9988426	9988426	143.97076023392194	144.1375850748876
6302	condition_001	f035	31	171	9985502	9985502	143.87719298245995	144.08608899428387
6302	condition_001	f036	15	171	9997198	9997198	132.25730994152394	132.2943788264711
6302	condition_001	f036	21	171	9992812	9992812	117.96491228070482	118.04976645283112
6302	condition_001	f036	27	171	9988426	9988426	105.31578947368692	105.4378232102705
6302	condition_001	f036	31	171	9985502	9985502	97.64912280702003	97.79090005391821
6302	condition_001	f037	15	419	9997198	9997198	15.000000000002236	15.004204178012914
6302	condition_001	f037	21	421	9992812	9992812	14.919239904986417	14.929971568549892
6302	condition_001	f037	27	421	9988426	9988426	14.904988123513737	14.922259146249607
6302	condition_001	f037	31	421	9985502	9985502	14.895486935865284	14.917113767405267
6302	condition_001	f038	15	410	9997198	9997198	32.56829268292311	32.57742087625263
6302	condition_001	f038	21	421	9992812	9992812	28.82422802850286	28.844961787035377
6302	condition_001	f038	27	421	9988426	9988426	25.57007125890756	25.599700352095073
6302	condition_001	f038	31	421	9985502	9985502	23.719714964371065	23.754153736458182
6302	condition_001	f039	15	421	9997198	9997198	45.92399049880696	45.93686200754147
6302	condition_001	f039	21	421	9992812	9992812	45.84798099761933	45.880960231833974
6302	condition_001	f039	27	421	9988426	9988426	45.7909738717286	45.84403375639826
6302	condition_001	f039	31	421	9985502	9985502	45.75296912113479	45.81939808447766
6302	condition_001	f040	15	421	9997198	9997198	9.826603325415382	9.829357511390073
6302	condition_001	f040	21	421	9992812	9992812	8.762470308788599	8.768773303038824
6302	condition_001	f040	27	421	9988426	9988426	7.812351543943187	7.821404036975583
6302	condition_001	f040	31	421	9985502	9985502	7.244655581947883	7.255174133406495
6302	condition_001	f041	15	421	9997198	9997198	12.418052256532144	12.421532770014302
6302	condition_001	f041	21	421	9992812	9992812	12.387173396674658	12.396083701639396
6302	condition_001	f041	27	421	9988426	9988426	12.358669833729287	12.372990332740402
6302	condition_001	f041	31	421	9985502	9985502	12.339667458432373	12.357583482965978
6302	condition_001	f042	15	421	9997198	9997198	22.831353919238353	22.837753057645106
6302	condition_001	f042	21	421	9992812	9992812	20.33729216151902	20.351921122421818
6302	condition_001	f042	27	421	9988426	9988426	18.08788598574739	18.108845163139208
6302	condition_001	f042	31	421	9985502	9985502	16.67220902612765	16.696415489304044
6302	condition_001	f043	15	421	9997198	9997198	54.814726840844784	54.83009023212783
6302	condition_001	f043	21	421	9992812	9992812	54.76247030877828	54.80186188710274
6302	condition_001	f043	27	421	9988426	9988426	54.73396674583292	54.79738924414409
6302	condition_001	f043	31	421	9985502	9985502	54.714964370536016	54.794405299339
6302	condition_001	f044	15	421	9997198	9997198	39.58669833728605	39.59779363906372
6302	condition_001	f044	21	421	9992812	9992812	35.32541567695469	35.350825850576086
6302	condition_001	f044	27	421	9988426	9988426	31.57957244655193	31.616164995918208
6302	condition_001	f044	31	421	9985502	9985502	29.32304038004424	29.365614648161145
6302	condition_001	f045	15	421	9997198	9997198	124.04513064130796	124.07989782867956
6302	condition_001	f045	21	421	9992812	9992812	123.95011876482342	124.03927819799213
6302	condition_001	f045	27	421	9988426	9988426	123.87885985746	124.02240338714027
6302	condition_001	f045	31	421	9985502	9985502	123.83135391921773	124.01114527764125
6302	condition_001	f046	15	421	9997198	9997198	99.89073634202722	99.91873357117386
6302	condition_001	f046	21	421	9992812	9992812	88.16152019001146	88.22493627420535
6302	condition_001	f046	27	421	9988426	9988426	77.59619952493125	77.68611343261817
6302	condition_001	f046	31	421	9985502	9985502	71.2351543942917	71.33858106912572
6302	condition_001	f047	15	421	9997198	9997198	24.895486935862518	24.902464606445243
6302	condition_001	f047	21	421	9992812	9992812	24.859857482180814	24.877739601406304
6302	condition_001	f047	27	421	9988426	9988426	24.845605700708134	24.87439532585828
6302	condition_001	f047	31	421	9985502	9985502	24.83610451305968	24.872164176683036
6302	condition_001	f048	15	421	9997198	9997198	147.95249406173372	147.9939619698777
6302	condition_001	f048	21	421	9992812	9992812	131.06413301660777	131.1584096814868
6302	condition_001	f048	27	421	9988426	9988426	116.24703087884464	116.38173109441331
6302	condition_001	f048	31	421	9985502	9985502	107.31828978621039	107.47410574471908
6302	condition_001	f049	15	420	9997198	9997198	302.3880952381801	302.47284813022617
6302	condition_001	f049	21	421	9992812	9992812	302.24465558188587	302.46206531443386
6302	condition_001	f049	27	421	9988426	9988426	302.1163895486318	302.46646423433657
6302	condition_001	f049	31	421	9985502	9985502	302.0308788597957	302.46939899445783
6302	condition_001	f050	15	421	9997198	9997198	72.69121140141236	72.71158518758192
6302	condition_001	f050	21	421	9992812	9992812	63.674584323030025	63.72038653687274
6302	condition_001	f050	27	421	9988426	9988426	55.84323040379229	55.9079382515246
6302	condition_001	f050	31	421	9985502	9985502	51.054631828971765	51.12875830275911
6302	condition_001	f051	15	421	9997198	9997198	137.46318289783386	137.50171087722168
6302	condition_001	f051	21	421	9992812	9992812	137.38717339664623	137.48599833224745
6302	condition_001	f051	27	421	9988426	9988426	137.3301662707555	137.4892963823885
6302	condition_001	f051	31	421	9985502	9985502	137.2921615201617	137.49149669206585
6302	condition_001	f052	15	421	9997198	9997198	177.9477434679012	177.99761840057704
6302	condition_001	f052	21	421	9992812	9992812	159.75771971493714	159.87263616581313
6302	condition_001	f052	27	421	9988426	9988426	143.5296912113787	143.6960049675281
6302	condition_001	f052	31	421	9985502	9985502	133.59382422800851	133.78778976561068
6302	condition_001	f053	15	417	9997198	9997198	253.3381294963697	253.4091347359227
6302	condition_001	f053	21	421	9992812	9992812	253.232779097334	253.41493375171473
6302	condition_001	f053	27	421	9988426	9988426	253.13301662702526	253.4263322639876
6302	condition_001	f053	31	421	9985502	9985502	253.06650831348605	253.4339368351096
6302	condition_001	f054	15	420	9997198	9997198	192.30238095242512	192.35627918185187
6302	condition_001	f054	21	421	9992812	9992812	170.01900237527167	170.14129994166976
6302	condition_001	f054	27	421	9988426	9988426	149.76247030876888	149.93600624239383
6302	condition_001	f054	31	421	9985502	9985502	137.59857482183614	137.79835487673643
6302	condition_001	megabase_171	15	171	9997198	9997198	6060.859649122971	6062.558377980481
6302	condition_001	megabase_171	21	171	9992812	9992812	5707.479532163898	5711.585019475897
6302	condition_001	megabase_171	27	171	9988426	9988426	5375.67251462003	5381.901527447898
6302	condition_001	megabase_171	31	171	9985502	9985502	5165.146198830552	5172.645500276853
6302	condition_002	f001	15	61	9997343	9997343	38.40983606557404	38.420044271336934
6302	condition_002	f001	21	61	9992957	9992957	37.72131147541003	37.747897319492154
6302	condition_002	f001	27	61	9988571	9988571	37.03278688524604	37.07516008570799
6302	condition_002	f001	31	61	9985647	9985647	36.57377049180337	36.62634027800439
6302	condition_002	f002	15	61	9997343	9997343	0.03278688524590164	0.03279559903656566
6302	condition_002	f002	21	61	9992957	9992957	0.0	0.0
6302	condition_002	f002	27	61	9988571	9988571	0.0	0.0
6302	condition_002	f002	31	61	9985647	9985647	0.0	0.0
6302	condition_002	f003	15	61	9997343	9997343	18.754098360655824	18.75908264891564
6302	condition_002	f003	21	61	9992957	9992957	18.22950819672135	18.24235628825517
6302	condition_002	f003	27	61	9988571	9988571	17.81967213114754	17.84006153747873
6302	condition_002	f003	31	61	9985647	9985647	17.557377049180303	17.582613374156228
6302	condition_002	f004	15	61	9997343	9997343	25.99999999999973	26.00691003599629
6302	condition_002	f004	21	61	9992957	9992957	22.475409836065346	22.491250423738784
6302	condition_002	f004	27	61	9988571	9988571	19.60655737704899	19.62899135126435
6302	condition_002	f004	31	61	9985647	9985647	17.836065573770323	17.861702475333168
6302	condition_002	f005	15	61	9997343	9997343	0.0	0.0
6302	condition_002	f005	21	61	9992957	9992957	0.0	0.0
6302	condition_002	f005	27	61	9988571	9988571	0.0	0.0
6302	condition_002	f005	31	61	9985647	9985647	0.0	0.0
6302	condition_002	f006	15	61	9997343	9997343	15.360655737704754	15.364738148630845
6302	condition_002	f006	21	61	9992957	9992957	14.049180327868704	14.059082139419496
6302	condition_002	f006	27	61	9988571	9988571	12.85245901639331	12.867164899156556
6302	condition_002	f006	31	61	9985647	9985647	12.06557377049168	12.08291638037243
6302	condition_002	f007	15	61	9997343	9997343	55.27868852458871	55.293379975648236
6302	condition_002	f007	21	61	9992957	9992957	54.09836065573639	54.136488984928484
6302	condition_002	f007	27	61	9988571	9988571	52.918032786884076	52.97858200826132
6302	condition_002	f007	31	61	9985647	9985647	52.13114754098253	52.20607892606511
6302	condition_002	f008	15	61	9997343	9997343	44.80327868852441	44.815186083466784
6302	condition_002	f008	21	61	9992957	9992957	38.31147540983666	38.338477199328146
6302	condition_002	f008	27	61	9988571	9988571	32.83606557377175	32.873636853331426
6302	condition_002	f008	31	61	9985647	9985647	29.688524590165073	29.73119777833632
6302	condition_002	f009	15	61	9997343	9997343	253.770491803277	253.8379365430165
6302	condition_002	f009	21	61	9992957	9992957	248.0819672131121	248.25681448755572
6302	condition_002	f009	27	61	9988571	9988571	242.54098360655385	242.81850087119955
6302	condition_002	f009	31	61	9985647	9985647	238.8852459016356	239.2286107266115
6302	condition_002	f010	15	61	9997343	9997343	35.39344262295177	35.40284915997358
6302	condition_002	f010	21	61	9992957	9992957	31.2295081967226	31.251518641301665
6302	condition_002	f010	27	61	9988571	9988571	27.967213114755072	27.99921341576795
6302	condition_002	f010	31	61	9985647	9985647	26.24590163934507	26.28362652850143
6302	condition_002	f011	15	61	9997343	9997343	114.70491803278941	114.73540322942746
6302	condition_002	f011	21	61	9992957	9992957	113.0655737704941	113.14526197850556
6302	condition_002	f011	27	61	9988571	9988571	111.49180327869058	111.61937306016104
6302	condition_002	f011	31	61	9985647	9985647	110.44262295082157	110.60136909588489
6302	condition_002	f012	15	61	9997343	9997343	86.8360655737698	86.85914404834344
6302	condition_002	f012	21	61	9992957	9992957	75.40983606557354	75.46298464565949
6302	condition_002	f012	27	61	9988571	9988571	65.57377049180347	65.64880050590166
6302	condition_002	f012	31	61	9985647	9985647	60.03278688524634	60.11907579473452
6302	condition_002	f013	15	61	9997343	9997343	273.62295081971257	273.69567175969917
6302	condition_002	f013	21	61	9992957	9992957	268.40983606561264	268.59901034860115
6302	condition_002	f013	27	61	9988571	9988571	263.2950819672504	263.5963462313582
6302	condition_002	f013	31	61	9985647	9985647	259.88524590167555	260.25879535064234
6302	condition_002	f014	15	61	9997343	9997343	32.65573770491931	32.66441664042067
6302	condition_002	f014	21	61	9992957	9992957	28.475409836066596	28.495479202068616
6302	condition_002	f014	27	61	9988571	9988571	25.049180327869546	25.077841793255057
6302	condition_002	f014	31	61	9985647	9985647	22.967213114754593	23.000225338182485
6302	condition_002	f015	15	61	9997343	9997343	18.29508196721316	18.29994426240368
6302	condition_002	f015	21	61	9992957	9992957	17.704918032786875	17.717396395067922
6302	condition_002	f015	27	61	9988571	9988571	17.11475409836059	17.134336932040217
6302	condition_002	f015	31	61	9985647	9985647	16.72131147540973	16.745346070624898
6302	condition_002	f016	15	60	9997343	9997343	352.2499999999851	352.3436176992078
6302	condition_002	f016	21	61	9992957	9992957	301.57377049181036	301.78631859599756
6302	condition_002	f016	27	61	9988571	9988571	256.98360655737747	257.2776491826283
6302	condition_002	f016	31	61	9985647	9985647	229.96721311475153	230.297759488946
6302	condition_002	f017	15	61	9997343	9997343	56.62295081967052	56.63799953614728
6302	condition_002	f017	21	61	9992957	9992957	55.475409836064095	55.51450870454471
6302	condition_002	f017	27	61	9988571	9988571	54.39344262294947	54.45568001964392
6302	condition_002	f017	31	61	9985647	9985647	53.67213114753972	53.74927748551468
6302	condition_002	f018	15	61	9997343	9997343	78.45901639344463	78.47986849450362
6302	condition_002	f018	21	61	9992957	9992957	68.73770491803175	68.78615100418399
6302	condition_002	f018	27	61	9988571	9988571	60.442622950817594	60.5117818663126
6302	condition_002	f018	31	61	9985647	9985647	55.770491803277174	55.850654247318346
6302	condition_002	f019	15	171	9997343	9997343	18.690058479532624	18.695025747873835
6302	condition_002	f019	21	171	9992957	9992957	18.111111111111555	18.123875756807074
6302	condition_002	f019	27	171	9988571	9988571	17.54970760233961	17.56978811317416
6302	condition_002	f019	31	171	9985647	9985647	17.175438596491645	17.20012593724938
6302	condition_002	f020	15	171	9997343	9997343	52.44444444444565	52.45838263671222
6302	condition_002	f020	21	171	9992957	9992957	44.14619883041033	44.17731291189417
6302	condition_002	f020	27	171	9988571	9988571	37.46783625731072	37.510707244620605
6302	condition_002	f020	31	171	9985647	9985647	33.502923976608855	33.55107984150537
6302	condition_002	f021	15	171	9997343	9997343	17.03508771929866	17.039615145042696
6302	condition_002	f021	21	171	9992957	9992957	16.777777777778184	16.78960269495624
6302	condition_002	f021	27	171	9988571	9988571	16.53801169590683	16.556934616480007
6302	condition_002	f021	31	171	9985647	9985647	16.397660818713845	16.42123021043488
6302	condition_002	f022	15	171	9997343	9997343	42.81286549707703	42.82424389868091
6302	condition_002	f022	21	171	9992957	9992957	37.17543859649207	37.20163971134077
6302	condition_002	f022	27	171	9988571	9988571	31.982456140351573	32.019050713411936
6302	condition_002	f022	31	171	9985647	9985647	28.871345029240373	28.912843633707837
6302	condition_002	f023	15	171	9997343	9997343	39.66081871345121	39.6713593936421
6302	condition_002	f023	21	171	9992957	9992957	38.853801169591534	38.88118518831967
6302	condition_002	f023	27	171	9988571	9988571	38.05847953216461	38.10202633806639
6302	condition_002	f023	31	171	9985647	9985647	37.54385964912366	37.59782380563188
6302	condition_002	f024	15	171	9997343	9997343	26.41520467836318	26.42222506356257
6302	condition_002	f024	21	171	9992957	9992957	22.438596491228566	22.45441113298953
6302	condition_002	f024	27	171	9988571	9988571	19.105263157895138	19.12712354739746
6302	condition_002	f024	31	171	9985647	9985647	17.187134502924323	17.211838654945765
6302	condition_002	f025	15	171	9997343	9997343	49.95906432748673	49.972341978750485
6302	condition_002	f025	21	171	9992957	9992957	49.04678362573232	49.08135162167947
6302	condition_002	f025	27	171	9988571	9988571	48.16959064327615	48.22470666051846
6302	condition_002	f025	31	171	9985647	9985647	47.58479532163871	47.65319194804173
6302	condition_002	f026	15	171	9997343	9997343	77.40935672514826	77.4299298575114
6302	condition_002	f026	21	171	9992957	9992957	67.52046783625909	67.56805601811264
6302	condition_002	f026	27	171	9988571	9988571	58.86549707602492	58.93285143192647
6302	condition_002	f026	31	171	9985647	9985647	53.81286549707741	53.89021412140586
6302	condition_002	f027	15	171	9997343	9997343	0.0	0.0
6302	condition_002	f027	21	171	9992957	9992957	0.0	0.0
6302	condition_002	f027	27	171	9988571	9988571	0.0	0.0
6302	condition_002	f027	31	171	9985647	9985647	0.0	0.0
6302	condition_002	f028	15	171	9997343	9997343	86.6023391812888	86.62535553825532
6302	condition_002	f028	21	171	9992957	9992957	74.88888888889082	74.94167030728823
6302	condition_002	f028	27	171	9988571	9988571	64.89473684210691	64.96898990066438
6302	condition_002	f028	31	171	9985647	9985647	59.27485380117109	59.360053285651986
6302	condition_002	f029	15	171	9997343	9997343	96.21637426900844	96.24194575399528
6302	condition_002	f029	21	171	9992957	9992957	94.45029239766336	94.51686062259986
6302	condition_002	f029	27	171	9988571	9988571	92.71929824561653	92.82538838199832
6302	condition_002	f029	31	171	9985647	9985647	91.59649122807264	91.72814863981536
6302	condition_002	f030	15	171	9997343	9997343	43.45029239766194	43.461840208605366
6302	condition_002	f030	21	171	9992957	9992957	37.33333333333428	37.3596457318232
6302	condition_002	f030	27	171	9988571	9988571	32.081871345030045	32.118579669734586
6302	condition_002	f030	31	171	9985647	9985647	29.01169590643347	29.053396246065446
6302	condition_002	f031	15	169	9997343	9997343	241.9585798816662	242.02288536230694
6302	condition_002	f031	21	171	9992957	9992957	237.64327485380767	237.81076497557999
6302	condition_002	f031	27	171	9988571	9988571	233.36257309942158	233.62958835595362
6302	condition_002	f031	31	171	9985647	9985647	230.5438596491291	230.87523487374338
6302	condition_002	f032	15	171	9997343	9997343	192.55555555556083	192.60673116403112
6302	condition_002	f032	21	171	9992957	9992957	167.5321637426946	167.65023980659038
6302	condition_002	f032	27	171	9988571	9988571	146.2105263157934	146.37782152801776
6302	condition_002	f032	31	171	9985647	9985647	133.6959064327521	133.888075988218
6302	condition_002	f033	15	171	9997343	9997343	0.017543859649122806	0.017548522291495658
6302	condition_002	f033	21	171	9992957	9992957	0.0	0.0
6302	condition_002	f033	27	171	9988571	9988571	0.0	0.0
6302	condition_002	f033	31	171	9985647	9985647	0.0	0.0
6302	condition_002	f034	15	171	9997343	9997343	211.7953216374326	211.85161061037178
6302	condition_002	f034	21	171	9992957	9992957	185.18713450292893	185.31765372644847
6302	condition_002	f034	27	171	9988571	9988571	161.80701754386394	161.99215838167837
6302	condition_002	f034	31	171	9985647	9985647	148.0526315789513	148.26543696062086
6302	condition_002	f035	15	171	9997343	9997343	137.67251461988667	137.70910392880054
6302	condition_002	f035	21	171	9992957	9992957	134.86549707602694	134.96054979124492
6302	condition_002	f035	27	171	9988571	9988571	132.15789473684558	132.3091108196013
6302	condition_002	f035	31	171	9985647	9985647	130.38011695906775	130.56752052127194
6302	condition_002	f036	15	171	9997343	9997343	126.2280701754419	126.26161788731457
6302	condition_002	f036	21	171	9992957	9992957	110.25730994152332	110.3350188953313
6302	condition_002	f036	27	171	9988571	9988571	96.47368421052877	96.58407014429669
6302	condition_002	f036	31	171	9985647	9985647	88.29239766082094	88.41930589056567
6302	condition_002	f037	15	419	9997343	9997343	14.539379474942411	14.543243614770855
6302	condition_002	f037	21	421	9992957	9992957	14.277909738715811	14.287972757929222
6302	condition_002	f037	27	421	9988571	9988571	14.07838479809829	14.094493394598977
6302	condition_002	f037	31	421	9985647	9985647	13.945368171019942	13.965412727908308
6302	condition_002	f038	15	410	9997343	9997343	31.260975609752624	31.269283858473823
6302	condition_002	f038	21	421	9992957	9992957	27.266033254156497	27.285250255911734
6302	condition_002	f038	27	421	9988571	9988571	23.809976247031344	23.837219805547104
6302	condition_002	f038	31	421	9985647	9985647	21.876484560570503	21.907929011080107
6302	condition_002	f039	15	421	9997343	9997343	44.47505938241781	44.48687954631327
6302	condition_002	f039	21	421	9992957	9992957	43.78859857481705	43.819460620932375
6302	condition_002	f039	27	421	9988571	9988571	43.13301662707376	43.18236975746957
6302	condition_002	f039	31	421	9985647	9985647	42.70071258906913	42.76208901543298
6302	condition_002	f040	15	421	9997343	9997343	9.529691211401213	9.532223923297632
6302	condition_002	f040	21	421	9992957	9992957	8.372921615202008	8.378822820114214
6302	condition_002	f040	27	421	9988571	9988571	7.372921615202052	7.381357768996237
6302	condition_002	f040	31	421	9985647	9985647	6.7767220902613765	6.786462700174937
6302	condition_002	f041	15	421	9997343	9997343	11.705463182897871	11.708574151049806
6302	condition_002	f041	21	421	9992957	9992957	11.384798099762449	11.392822064342365
6302	condition_002	f041	27	421	9988571	9988571	11.085510688836052	11.098194815690906
6302	condition_002	f041	31	421	9985647	9985647	10.885985748218456	10.90163286186509
6302	condition_002	f042	15	421	9997343	9997343	22.033254156768184	22.039109948281443
6302	condition_002	f042	21	421	9992957	9992957	19.42280285035529	19.436491971650923
6302	condition_002	f042	27	421	9988571	9988571	17.076009501187002	17.09554800299963
6302	condition_002	f042	31	421	9985647	9985647	15.600950118764427	15.623374347966063
6302	condition_002	f043	15	421	9997343	9997343	52.34441805224689	52.35832966043766
6302	condition_002	f043	21	421	9992957	9992957	51.28503562944433	51.32118113731934
6302	condition_002	f043	27	421	9988571	9988571	50.25653206649925	50.314035978218755
6302	condition_002	f043	31	421	9985647	9985647	49.589073634195394	49.660351136181156
6302	condition_002	f044	15	421	9997343	9997343	37.62707838479254	37.63707855656502
6302	condition_002	f044	21	421	9992957	9992957	32.81710213776299	32.84023151281747
6302	condition_002	f044	27	421	9988571	9988571	28.646080760091934	28.678857826702075
6302	condition_002	f044	31	421	9985647	9985647	26.171021377669817	26.20863863670508
6302	condition_002	f045	15	421	9997343	9997343	119.25653206648741	119.28822694838759
6302	condition_002	f045	21	421	9992957	9992957	117.16627078382764	117.24884914828277
6302	condition_002	f045	27	421	9988571	9988571	115.11876484558596	115.25048462446327
6302	condition_002	f045	31	421	9985647	9985647	113.77434679332978	113.93788183512774
6302	condition_002	f046	15	421	9997343	9997343	95.56532066506881	95.59071911913875
6302	condition_002	f046	21	421	9992957	9992957	82.81710213775642	82.8754713322157
6302	condition_002	f046	27	421	9988571	9988571	71.577197149636	71.65909633083251
6302	condition_002	f046	31	421	9985647	9985647	64.95486935866397	65.04823308761462
6302	condition_002	f047	15	421	9997343	9997343	24.11876484560145	24.125174904573598
6302	condition_002	f047	21	421	9992957	9992957	23.755344418048104	23.772087098991925
6302	condition_002	f047	27	421	9988571	9988571	23.42755344417646	23.4543594315708
6302	condition_002	f047	31	421	9985647	9985647	23.209026128262032	23.242385924779867
6302	condition_002	f048	15	421	9997343	9997343	142.71496437052377	142.75289381441024
6302	condition_002	f048	21	421	9992957	9992957	124.57244655580197	124.66024476619079
6302	condition_002	f048	27	421	9988571	9988571	108.8954869358538	109.0200859921342
6302	condition_002	f048	31	421	9985647	9985647	99.47743467932405	99.62041986796052
6302	condition_002	f049	15	420	9997343	9997343	289.35952380960384	289.43642706827586
6302	condition_002	f049	21	421	9992957	9992957	283.89311163889806	284.0931984785865
6302	condition_002	f049	27	421	9988571	9988571	278.55106888355516	278.8697891655925
6302	condition_002	f049	31	421	9985647	9985647	275.0712589073091	275.46663617020414
6302	condition_002	f050	15	421	9997343	9997343	69.76722090260081	69.78576297982455
6302	condition_002	f050	21	421	9992957	9992957	60.021377672199684	60.0636805223916
6302	condition_002	f050	27	421	9988571	9988571	51.669833729209124	51.72895475159472
6302	condition_002	f050	31	421	9985647	9985647	46.703087885980096	46.770217178696676
6302	condition_002	f051	15	421	9997343	9997343	131.14489311161233	131.17974757054185
6302	condition_002	f051	21	421	9992957	9992957	128.52019002372708	128.61077058945324
6302	condition_002	f051	27	421	9988571	9988571	125.94299287408407	126.08709781818047
6302	condition_002	f051	31	421	9985647	9985647	124.26603325413205	124.44464865835138
6302	condition_002	f052	15	421	9997343	9997343	171.2422802850052	171.28779145119378
6302	condition_002	f052	21	421	9992957	9992957	151.3087885985499	151.41543048624138
6302	condition_002	f052	27	421	9988571	9988571	133.70546318287785	133.85845000538902
6302	condition_002	f052	31	421	9985647	9985647	123.05700712587364	123.23388472061313
6302	condition_002	f053	15	417	9997343	9997343	242.6450839328246	242.70957186606944
6302	condition_002	f053	21	421	9992957	9992957	238.14251781467783	238.31035980108572
6302	condition_002	f053	27	421	9988571	9988571	233.681710213729	233.94909062940934
6302	condition_002	f053	31	421	9985647	9985647	230.75534441800534	231.08702362301142
6302	condition_002	f054	15	420	9997343	9997343	184.79761904766042	184.84673282457192
6302	condition_002	f054	21	421	9992957	9992957	160.87885985745947	160.99224669680802
6302	condition_002	f054	27	421	9988571	9988571	139.55106888359333	139.71074429324608
6302	condition_002	f054	31	421	9985647	9985647	126.92874109262269	127.11118377469451
6302	condition_002	megabase_171	15	171	9997343	9997343	5807.695906432905	5809.239421347157
6302	condition_002	megabase_171	21	171	9992957	9992957	5372.15789473699	5375.944172217482
6302	condition_002	megabase_171	27	171	9988571	9988571	4970.789473684347	4976.477089349765
6302	condition_002	megabase_171	31	171	9985647	9985647	4720.602339181415	4727.387558544193
6302	condition_003	f001	15	61	9997359	9997359	29.016393442622643	29.024058696524396
6302	condition_003	f001	21	61	9992973	9992973	25.344262295081705	25.3620842316713
6302	condition_003	f001	27	61	9988587	9988587	22.24590163934404	22.27131989674219
6302	condition_003	f001	31	61	9985663	9985663	20.44262295081947	20.4719736193976
6302	condition_003	f002	15	61	9997359	9997359	0.0	0.0
6302	condition_003	f002	21	61	9992973	9992973	0.0	0.0
6302	condition_003	f002	27	61	9988587	9988587	0.0	0.0
6302	condition_003	f002	31	61	9985663	9985663	0.0	0.0
6302	condition_003	f003	15	61	9997359	9997359	14.819672131147383	14.823587040484776
6302	condition_003	f003	21	61	9992973	9992973	13.262295081967075	13.271621050078966
6302	condition_003	f003	27	61	9988587	9988587	12.06557377049168	12.079359943995764
6302	condition_003	f003	31	61	9985663	9985663	11.311475409835952	11.327715956202358
6302	condition_003	f004	15	61	9997359	9997359	19.344262295081784	19.349372464349617
6302	condition_003	f004	21	61	9992973	9992973	14.918032786885114	14.928523060039403
6302	condition_003	f004	27	61	9988587	9988587	11.672131147540892	11.685467771908971
6302	condition_003	f004	31	61	9985663	9985663	9.934426229508126	9.948689665882101
6302	condition_003	f005	15	61	9997359	9997359	0.0	0.0
6302	condition_003	f005	21	61	9992973	9992973	0.0	0.0
6302	condition_003	f005	27	61	9988587	9988587	0.0	0.0
6302	condition_003	f005	31	61	9985663	9985663	0.0	0.0
6302	condition_003	f006	15	61	9997359	9997359	11.032786885245791	11.035701413989226
6302	condition_003	f006	21	61	9992973	9992973	8.85245901639336	8.85868401364975
6302	condition_003	f006	27	61	9988587	9988587	7.196721311475347	7.204944314421396
6302	condition_003	f006	31	61	9985663	9985663	6.21311475409831	6.222035286087975
6302	condition_003	f007	15	61	9997359	9997359	41.639344262295275	41.65034411817689
6302	condition_003	f007	21	61	9992973	9992973	35.983606557377925	36.008910018447885
6302	condition_003	f007	27	61	9988587	9988587	31.295081967214408	31.33083985474062
6302	condition_003	f007	31	61	9985663	9985663	28.63934426229612	28.68046344273397
6302	condition_003	f008	15	61	9997359	9997359	35.34426229508293	35.35359918062653
6302	condition_003	f008	21	61	9992973	9992973	27.852459016394405	27.872044702206647
6302	condition_003	f008	27	61	9988587	9988587	22.04918032786926	22.07437381069941
6302	condition_003	f008	31	61	9985663	9985663	18.83606557377059	18.863109614024214
6302	condition_003	f009	15	61	9997359	9997359	198.9344262295047	198.98697869057688
6302	condition_003	f009	21	61	9992973	9992973	175.63934426229366	175.76285281896955
6302	condition_003	f009	27	61	9988587	9988587	154.91803278688568	155.09504275918673
6302	condition_003	f009	31	61	9985663	9985663	142.67213114754253	142.87697386497274
6302	condition_003	f010	15	61	9997359	9997359	27.508196721312405	27.515463555237343
6302	condition_003	f010	21	61	9992973	9992973	21.557377049180687	21.57253607027727
6302	condition_003	f010	27	61	9988587	9988587	16.78688524590154	16.806066009037654
6302	condition_003	f010	31	61	9985663	9985663	14.19672131147526	14.217104374016285
6302	condition_003	f011	15	61	9997359	9997359	88.0655737704912	88.08883803261561
6302	condition_003	f011	21	61	9992973	9992973	77.65573770491801	77.7103447641838
6302	condition_003	f011	27	61	9988587	9988587	67.95081967213167	68.02846055416214
6302	condition_003	f011	31	61	9985663	9985663	62.26229508196803	62.351688698054424
6302	condition_003	f012	15	61	9997359	9997359	66.77049180327893	66.78813054855681
6302	condition_003	f012	21	61	9992973	9992973	52.622950819672965	52.659954970030405
6302	condition_003	f012	27	61	9988587	9988587	41.557377049181234	41.60486067667152
6302	condition_003	f012	31	61	9985663	9985663	35.491803278689076	35.54276093504164
6302	condition_003	f013	15	61	9997359	9997359	208.14754098362656	208.20252727107885
6302	condition_003	f013	21	61	9992973	9992973	181.3442622950936	181.47178251666807
6302	condition_003	f013	27	61	9988587	9988587	157.44262295082692	157.622517530084
6302	condition_003	f013	31	61	9985663	9985663	143.6885245901693	143.8948266030701
6302	condition_003	f014	15	61	9997359	9997359	25.442622950820404	25.449344122603183
6302	condition_003	f014	21	61	9992973	9992973	19.213114754098495	19.226625303699404
6302	condition_003	f014	27	61	9988587	9988587	14.147540983606408	14.163706021288503
6302	condition_003	f014	31	61	9985663	9985663	11.245901639344149	11.26204803761568
6302	condition_003	f015	15	61	9997359	9997359	14.491803278688371	14.495631574987325
6302	condition_003	f015	21	61	9992973	9992973	12.655737704917902	12.664637145440002
6302	condition_003	f015	27	61	9988587	9988587	11.065573770491692	11.078217339941768
6302	condition_003	f015	31	61	9985663	9985663	10.180327868852359	10.194944360582125
6302	condition_003	f016	15	60	9997359	9997359	277.18333333332276	277.256556789971
6302	condition_003	f016	21	61	9992973	9992973	215.8688524590134	216.0206501698878
6302	condition_003	f016	27	61	9988587	9988587	168.32786885245957	168.52020095781273
6302	condition_003	f016	31	61	9985663	9985663	142.37704918033063	142.5814682313339
6302	condition_003	f017	15	61	9997359	9997359	42.180327868852594	42.19147063624762
6302	condition_003	f017	21	61	9992973	9992973	36.80327868852537	36.82915853823018
6302	condition_003	f017	27	61	9988587	9988587	32.42622950819803	32.46327984949025
6302	condition_003	f017	31	61	9985663	9985663	29.80327868852574	29.84606899764767
6302	condition_003	f018	15	61	9997359	9997359	59.62295081967015	59.63870140071008
6302	condition_003	f018	21	61	9992973	9992973	47.73770491803224	47.77127379212597
6302	condition_003	f018	27	61	9988587	9988587	38.229508196721916	38.27318938777018
6302	condition_003	f018	31	61	9985663	9985663	32.96721311475534	33.014546069455115
6302	condition_003	f019	15	171	9997359	9997359	15.643274853801543	15.647407334078473
6302	condition_003	f019	21	171	9992973	9992973	14.245614035088053	14.25563146732014
6302	condition_003	f019	27	171	9988587	9988587	12.953216374269303	12.968016771810971
6302	condition_003	f019	31	171	9985663	9985663	12.128654970760508	12.146068789584135
6302	condition_003	f020	15	171	9997359	9997359	41.94736842105354	41.95844964760548
6302	condition_003	f020	21	171	9992973	9992973	32.684210526316434	32.7071938714499
6302	condition_003	f020	27	171	9988587	9988587	25.74269005847998	25.77210376050184
6302	condition_003	f020	31	171	9985663	9985663	21.888888888889227	21.920316046004384
6302	condition_003	f021	15	171	9997359	9997359	13.233918128655276	13.237414129726936
6302	condition_003	f021	21	171	9992973	9992973	11.783625730994416	11.79191190749181
6302	condition_003	f021	27	171	9988587	9988587	10.49707602339204	10.509070025011585
6302	condition_003	f021	31	171	9985663	9985663	9.736842105263364	9.750821858561984
6302	condition_003	f022	15	171	9997359	9997359	33.24561403508845	33.2543965212097
6302	condition_003	f022	21	171	9992973	9992973	25.830409356725667	25.848573149077524
6302	condition_003	f022	27	171	9988587	9988587	19.871345029240118	19.894050108629095
6302	condition_003	f022	31	171	9985663	9985663	16.52631578947394	16.550043586964573
6302	condition_003	f023	15	171	9997359	9997359	31.85964912280771	31.86806547890069
6302	condition_003	f023	21	171	9992973	9992973	28.502923976608784	28.522967065565755
6302	condition_003	f023	27	171	9988587	9988587	25.444444444444954	25.473517369819128
6302	condition_003	f023	31	171	9985663	9985663	23.608187134503382	23.642082788597396
6302	condition_003	f024	15	171	9997359	9997359	19.959064327485805	19.964336908863437
6302	condition_003	f024	21	171	9992973	9992973	14.771929824561681	14.78231735896983
6302	condition_003	f024	27	171	9988587	9988587	10.883040935672682	10.895475942365705
6302	condition_003	f024	31	171	9985663	9985663	8.883040935672625	8.895794836730044
6302	condition_003	f025	15	171	9997359	9997359	37.91228070175539	37.92229598012374
6302	condition_003	f025	21	171	9992973	9992973	33.473684210527196	33.49722270892475
6302	condition_003	f025	27	171	9988587	9988587	29.49707602339258	29.530779502038257
6302	condition_003	f025	31	171	9985663	9985663	27.046783625731692	27.08561627378342
6302	condition_003	f026	15	171	9997359	9997359	60.47368421052789	60.48965952960967
6302	condition_003	f026	21	171	9992973	9992973	47.81286549707724	47.8464872236493
6302	condition_003	f026	27	171	9988587	9988587	37.68421052631672	37.72726865803614
6302	condition_003	f026	31	171	9985663	9985663	32.18713450292475	32.233347453168356
6302	condition_003	f027	15	171	9997359	9997359	0.0	0.0
6302	condition_003	f027	21	171	9992973	9992973	0.0	0.0
6302	condition_003	f027	27	171	9988587	9988587	0.0	0.0
6302	condition_003	f027	31	171	9985663	9985663	0.0	0.0
6302	condition_003	f028	15	171	9997359	9997359	70.12865497076203	70.1471808412222
6302	condition_003	f028	21	171	9992973	9992973	55.39766081871484	55.4366161288686
6302	condition_003	f028	27	171	9988587	9988587	43.70760233918236	43.75754282280603
6302	condition_003	f028	31	171	9985663	9985663	37.444444444445345	37.498205621845386
6302	condition_003	f029	15	171	9997359	9997359	76.37426900584998	76.39444477871604
6302	condition_003	f029	21	171	9992973	9992973	68.00000000000179	68.04781720114903
6302	condition_003	f029	27	171	9988587	9988587	60.44444444444602	60.513508511710434
6302	condition_003	f029	31	171	9985663	9985663	55.836257309942965	55.916424688018175
6302	condition_003	f030	15	171	9997359	9997359	32.37426900584878	32.38282130895648
6302	condition_003	f030	21	171	9992973	9992973	24.608187134503538	24.625491467357648
6302	condition_003	f030	27	171	9988587	9988587	18.327485380117402	18.348426439212474
6302	condition_003	f030	31	171	9985663	9985663	14.988304093567601	15.009823677774426
6302	condition_003	f031	15	169	9997359	9997359	189.76331360947458	189.81344333986064
6302	condition_003	f031	21	171	9992973	9992973	168.75438596491676	168.87305305930153
6302	condition_003	f031	27	171	9988587	9988587	150.0643274853841	150.23579159433072
6302	condition_003	f031	31	171	9985663	9985663	138.72514619883407	138.92432199928444
6302	condition_003	f032	15	171	9997359	9997359	151.53801169591054	151.5780434571876
6302	condition_003	f032	21	171	9992973	9992973	119.21052631579265	119.29435445867077
6302	condition_003	f032	27	171	9988587	9988587	93.91812865497322	94.02543988951913
6302	condition_003	f032	31	171	9985663	9985663	80.19298245614242	80.30812020808474
6302	condition_003	f033	15	171	9997359	9997359	0.017543859649122806	0.01754849420644273
6302	condition_003	f033	21	171	9992973	9992973	0.0	0.0
6302	condition_003	f033	27	171	9988587	9988587	0.0	0.0
6302	condition_003	f033	31	171	9985663	9985663	0.0	0.0
6302	condition_003	f034	15	171	9997359	9997359	164.9532163742734	164.99679202704777
6302	condition_003	f034	21	171	9992973	9992973	129.94736842105604	130.0387466483258
6302	condition_003	f034	27	171	9988587	9988587	102.6198830409383	102.7371369353226
6302	condition_003	f034	31	171	9985663	9985663	87.97076023392034	88.09706499600512
6302	condition_003	f035	15	171	9997359	9997359	105.754385964915	105.78232307643948
6302	condition_003	f035	21	171	9992973	9992973	92.88304093567487	92.94835574525706
6302	condition_003	f035	27	171	9988587	9988587	81.84795321637631	81.9414730195335
6302	condition_003	f035	31	171	9985663	9985663	75.31578947368607	75.42392475460674
6302	condition_003	f036	15	171	9997359	9997359	98.76608187134755	98.79217288420627
6302	condition_003	f036	21	171	9992973	9992973	78.22222222222416	78.27722763007982
6302	condition_003	f036	27	171	9988587	9988587	62.20467836257458	62.27575368024985
6302	condition_003	f036	31	171	9985663	9985663	53.426900584796556	53.50360870860208
6302	condition_003	f037	15	419	9997359	9997359	11.849642004774413	11.852772321944638
6302	condition_003	f037	21	421	9992973	9992973	10.627078384797583	10.63455128398484
6302	condition_003	f037	27	421	9988587	9988587	9.553444180522346	9.56435998457274
6302	condition_003	f037	31	421	9985663	9985663	8.888361045130607	8.901122584580119
6302	condition_003	f038	15	410	9997359	9997359	25.490243902436596	25.496977654235078
6302	condition_003	f038	21	421	9992973	9992973	20.365795724465844	20.380116832564088
6302	condition_003	f038	27	421	9988587	9988587	16.304038004750485	16.322667064671393
6302	condition_003	f038	31	421	9985663	9985663	14.121140142517495	14.141414688756766
6302	condition_003	f039	15	421	9997359	9997359	34.308788598572626	34.31785194327084
6302	condition_003	f039	21	421	9992973	9992973	30.31591448931006	30.337232462561502
6302	condition_003	f039	27	421	9988587	9988587	26.874109263657687	26.904815729850167
6302	condition_003	f039	31	421	9985663	9985663	24.8147268408552	24.85035479452411
6302	condition_003	f040	15	421	9997359	9997359	7.486935866983535	7.488913689088823
6302	condition_003	f040	21	421	9992973	9992973	5.890736342042763	5.894878673286482
6302	condition_003	f040	27	421	9988587	9988587	4.6080760095010715	4.613341215830699
6302	condition_003	f040	31	421	9985663	9985663	3.8812351543941355	3.886807670551405
6302	condition_003	f041	15	421	9997359	9997359	9.389548693586557	9.392029128479388
6302	condition_003	f041	21	421	9992973	9992973	8.353919239904826	8.359793666914566
6302	condition_003	f041	27	421	9988587	9988587	7.470308788598398	7.478844393704934
6302	condition_003	f041	31	421	9985663	9985663	6.931116389548506	6.9410677984511455
6302	condition_003	f042	15	421	9997359	9997359	17.686460807600177	17.69113303583494
6302	condition_003	f042	21	421	9992973	9992973	14.118764845605487	14.12869307823156
6302	condition_003	f042	27	421	9988587	9988587	11.163895486935841	11.176651399177722
6302	condition_003	f042	31	421	9985663	9985663	9.505938242280207	9.51958647340713
6302	condition_003	f043	15	421	9997359	9997359	41.86935866982699	41.88041928856109
6302	condition_003	f043	21	421	9992973	9992973	37.22802850355749	37.254207034840874
6302	condition_003	f043	27	421	9988587	9988587	33.01900237529262	33.05673002126589
6302	condition_003	f043	31	421	9985663	9985663	30.45605700712231	30.49978454822911
6302	condition_003	f044	15	421	9997359	9997359	28.60807600949812	28.615633398278604
6302	condition_003	f044	21	421	9992973	9992973	22.258907363419116	22.27455969651786
6302	condition_003	f044	27	421	9988587	9988587	17.225653206650268	17.245335307837102
6302	condition_003	f044	31	421	9985663	9985663	14.560570071258745	14.58147553273002
6302	condition_003	f045	15	421	9997359	9997359	92.57482185271753	92.59927732185824
6302	condition_003	f045	21	421	9992973	9992973	81.92399049880096	81.98159896839604
6302	condition_003	f045	27	421	9988587	9988587	72.59144893110714	72.67439221494206
6302	condition_003	f045	31	421	9985663	9985663	67.00950118764037	67.1057106449921
6302	condition_003	f046	15	421	9997359	9997359	75.9667458432215	75.98681396078854
6302	condition_003	f046	21	421	9992973	9992973	59.843230403796035	59.885311812406606
6302	condition_003	f046	27	421	9988587	9988587	47.00475059382329	47.05845841240937
6302	condition_003	f046	31	421	9985663	9985663	40.02612826603366	40.083596117787735
6302	condition_003	f047	15	421	9997359	9997359	18.98099762470026	18.986011830424676
6302	condition_003	f047	21	421	9992973	9992973	17.00712589073406	17.019085201905437
6302	condition_003	f047	27	421	9988587	9988587	15.180522565318887	15.197867891943961
6302	condition_003	f047	31	421	9985663	9985663	14.035629453680249	14.055781227225724
6302	condition_003	f048	15	421	9997359	9997359	111.27790973870351	111.30730599821764
6302	condition_003	f048	21	421	9992973	9992973	87.75059382422012	87.8122995270978
6302	condition_003	f048	27	421	9988587	9988587	69.32779097386839	69.40700518889048
6302	condition_003	f048	31	421	9985663	9985663	59.22327790973674	59.30830823124788
6302	condition_003	f049	15	420	9997359	9997359	226.38095238100914	226.4407553845062
6302	condition_003	f049	21	421	9992973	9992973	200.56769596196153	200.70873398933583
6302	condition_003	f049	27	421	9988587	9988587	177.6888361044857	177.8918640889704
6302	condition_003	f049	31	421	9985663	9985663	164.06175771969137	164.29731077414826
6302	condition_003	f050	15	421	9997359	9997359	54.22090261281888	54.23522613604141
6302	condition_003	f050	21	421	9992973	9992973	42.159144893107246	42.18879095651239
6302	condition_003	f050	27	421	9988587	9988587	32.90261282660149	32.940207485404585
6302	condition_003	f050	31	421	9985663	9985663	27.90498812351499	27.945052945923564
6302	condition_003	f051	15	421	9997359	9997359	102.11401425176291	102.14098968713928
6302	condition_003	f051	21	421	9992973	9992973	90.17814726839327	90.24156001261414
6302	condition_003	f051	27	421	9988587	9988587	79.7220902612703	79.81318104479672
6302	condition_003	f051	31	421	9985663	9985663	73.46793349167582	73.5734156977617
6302	condition_003	f052	15	421	9997359	9997359	133.2921615201701	133.3273732794532
6302	condition_003	f052	21	421	9992973	9992973	106.09263657956005	106.16724029931838
6302	condition_003	f052	27	421	9988587	9988587	84.59619952493418	84.69285948546494
6302	condition_003	f052	31	421	9985663	9985663	72.78147268408235	72.88596929826527
6302	condition_003	f053	15	417	9997359	9997359	191.33812949639304	191.38867524552538
6302	condition_003	f053	21	421	9992973	9992973	170.06413301659697	170.1837211174262
6302	condition_003	f053	27	421	9988587	9988587	151.0736342042507	151.24625155114603
6302	condition_003	f053	31	421	9985663	9985663	139.6959619952277	139.8965316526581
6302	condition_003	f054	15	420	9997359	9997359	141.99285714288277	142.03036736290332
6302	condition_003	f054	21	421	9992973	9992973	110.62945368170072	110.70724766463466
6302	condition_003	f054	27	421	9988587	9988587	85.84560570070946	85.94369323780175
6302	condition_003	f054	31	421	9985663	9985663	72.37054631828937	72.47445294147157
6302	condition_003	megabase_171	15	171	9997359	9997359	4515.222222222343	4516.415007425804
6302	condition_003	megabase_171	21	171	9992973	9992973	3758.567251462089	3761.2102539075104
6302	condition_003	megabase_171	27	171	9988587	9988587	3127.3040935673334	3130.877363902756
6302	condition_003	megabase_171	31	171	9985663	9985663	2767.7134502924696	2771.6872182572847
6302	condition_004	f001	15	61	49950656	49950656	109.3442622950825	21.890455711949507
6302	condition_004	f001	21	61	49928894	49928894	108.75409836065624	21.781795999858566
6302	condition_004	f001	27	61	49907132	49907132	108.16393442622996	21.673041525654078
6302	condition_004	f001	31	61	49892624	49892624	107.7704918032791	21.60048583599834
6302	condition_004	f002	15	61	49950656	49950656	46.26229508196673	9.261599103316426
6302	condition_004	f002	21	61	49928894	49928894	41.06557377049137	8.224811422919036
6302	condition_004	f002	27	61	49907132	49907132	36.73770491803241	7.361213406939996
6302	condition_004	f002	31	61	49892624	49892624	33.9836065573767	6.811348819291745
6302	condition_004	f003	15	61	49950656	49950656	87.80327868852498	17.578003117421517
6302	condition_004	f003	21	61	49928894	49928894	87.14754098360693	17.454330348997303
6302	condition_004	f003	27	61	49907132	49907132	86.65573770491838	17.363397621189367
6302	condition_004	f003	31	61	49892624	49892624	86.32786885245935	17.302731732943
6302	condition_004	f004	15	61	49950656	49950656	40.819672131147115	8.171999208808613
6302	condition_004	f004	21	61	49928894	49928894	35.42622950819636	7.09533632132856
6302	condition_004	f004	27	61	49907132	49907132	31.295081967212806	6.270663272578518
6302	condition_004	f004	31	61	49892624	49892624	28.73770491803251	5.759910506617674
6302	condition_004	f005	15	61	49950656	49950656	130.42622950819774	26.111014339470884
6302	condition_004	f005	21	61	49928894	49928894	129.73770491803376	25.984494052288394
6302	condition_004	f005	27	61	49907132	49907132	129.04918032786975	25.85786342678833
6302	condition_004	f005	31	61	49892624	49892624	128.5901639344271	25.773381639423715
6302	condition_004	f006	15	61	49950656	49950656	94.49180327868753	18.91702949380435
6302	condition_004	f006	21	61	49928894	49928894	85.9344262295073	17.211361867840953
6302	condition_004	f006	27	61	49907132	49907132	78.55737704917952	15.740711577892217
6302	condition_004	f006	31	61	49892624	49892624	73.77049180327793	14.785851271979187
6302	condition_004	f007	15	61	49950656	49950656	338.59016393443227	67.78492837700315
6302	condition_004	f007	21	61	49928894	49928894	338.0000000000059	67.69627222265446
6302	condition_004	f007	27	61	49907132	49907132	337.4098360655796	67.60753875129102
6302	condition_004	f007	31	61	49892624	49892624	337.0163934426287	67.54834009985699
6302	condition_004	f008	15	61	49950656	49950656	398.540983606552	79.78693685355243
6302	condition_004	f008	21	61	49928894	49928894	350.3442622950814	70.1686406863091
6302	condition_004	f008	27	61	49907132	49907132	308.62295081967443	61.839448281595196
6302	condition_004	f008	31	61	49892624	49892624	284.0983606557414	56.94195612075672
6302	condition_004	f009	15	61	49950656	49950656	601.1803278688604	120.35484135961306
6302	condition_004	f009	21	61	49928894	49928894	600.0000000000078	120.17089743666419
6302	condition_004	f009	27	61	49907132	49907132	598.8196721311554	119.98679309625633
6302	condition_004	f009	31	61	49892624	49892624	598.0327868852536	119.86396764484739
6302	condition_004	f010	15	61	49950656	49950656	316.9016393442554	63.442938435934735
6302	condition_004	f010	21	61	49928894	49928894	285.13114754098046	57.10744314524181
6302	condition_004	f010	27	61	49907132	49907132	258.5081967213107	51.79784659260939
6302	condition_004	f010	31	61	49892624	49892624	242.475409836066	48.59945025863262
6302	condition_004	f011	15	61	49950656	49950656	355.57377049181287	71.18500515625117
6302	condition_004	f011	21	61	49928894	49928894	355.08196721312424	71.11753110596125
6302	condition_004	f011	27	61	49907132	49907132	354.5901639344356	71.04999821156535
6302	condition_004	f011	31	61	49892624	49892624	354.2622950819765	71.00494355277375
6302	condition_004	f012	15	61	49950656	49950656	216.3934426229453	43.32144158886428
6302	condition_004	f012	21	61	49928894	49928894	194.7213114754061	38.99972458340578
6302	condition_004	f012	27	61	49907132	49907132	175.32786885245693	35.13082435842174
6302	condition_004	f012	31	61	49892624	49892624	164.0491803278677	32.880447484154715
6302	condition_004	f013	15	61	49950656	49950656	959.786885246055	192.14700308361415
6302	condition_004	f013	21	61	49928894	49928894	959.0327868853992	192.07971778533673
6302	condition_004	f013	27	61	49907132	49907132	958.3442622952351	192.02551296580918
6302	condition_004	f013	31	61	49892624	49892624	957.8852459017924	191.98935014959173
6302	condition_004	f014	15	61	49950656	49950656	1115.8032786886413	223.38110608370016
6302	condition_004	f014	21	61	49928894	49928894	981.8360655738493	196.64686855948568
6302	condition_004	f014	27	61	49907132	49907132	866.7704918033263	173.6766784761998
6302	condition_004	f014	31	61	49892624	49892624	798.6721311475709	160.07819735990853
6302	condition_004	f015	15	61	49950656	49950656	1185.819672131308	237.39821797962134
6302	condition_004	f015	21	61	49928894	49928894	1184.639344262455	237.26528856466462
6302	condition_004	f015	27	61	49907132	49907132	1183.4590163936023	237.13224322199125
6302	condition_004	f015	31	61	49892624	49892624	1182.6721311477006	237.04348184767767
6302	condition_004	f016	15	60	49950656	49950656	580.6166666666435	116.23804633649726
6302	condition_004	f016	21	61	49928894	49928894	507.27868852460733	101.6002254174922
6302	condition_004	f016	27	61	49907132	49907132	440.68852459017086	88.30171298766895
6302	condition_004	f016	31	61	49892624	49892624	399.704918032788	80.11302793631138
6302	condition_004	f017	15	61	49950656	49950656	784.3442622951763	157.02381612269042
6302	condition_004	f017	21	61	49928894	49928894	783.5245901640287	156.92808860617436
6302	condition_004	f017	27	61	49907132	49907132	782.8360655738647	156.8585559222006
6302	condition_004	f017	31	61	49892624	49892624	782.3770491804221	156.81216710117755
6302	condition_004	f018	15	61	49950656	49950656	624.4590163934878	125.01517825781663
6302	condition_004	f018	21	61	49928894	49928894	555.3114754098646	111.22046392813438
6302	condition_004	f018	27	61	49907132	49907132	494.65573770493353	99.11524022356835
6302	condition_004	f018	31	61	49892624	49892624	459.5245901639456	92.10271044552509
6302	condition_004	f019	15	171	49950656	49950656	39.94152046783725	7.996195378862942
6302	condition_004	f019	21	171	49928894	49928894	39.76608187134602	7.964542910032418
6302	condition_004	f019	27	171	49907132	49907132	39.695906432749524	7.953954643747014
6302	condition_004	f019	31	171	49892624	49892624	39.64912280701853	7.946890668051159
6302	condition_004	f020	15	171	49950656	49950656	96.90643274854027	19.400432448482814
6302	condition_004	f020	21	171	49928894	49928894	83.25730994152234	16.675176089725188
6302	condition_004	f020	27	171	49907132	49907132	72.27485380117115	14.481868804076168
6302	condition_004	f020	31	171	49892624	49892624	65.64912280701891	13.158081805242176
6302	condition_004	f021	15	171	49950656	49950656	125.63742690058787	25.15230768953022
6302	condition_004	f021	21	171	49928894	49928894	125.3333333333364	25.102365242325696
6302	condition_004	f021	27	171	49907132	49907132	125.08771929824867	25.06409691068777
6302	condition_004	f021	31	171	49892624	49892624	124.92397660819019	25.038566143201884
6302	condition_004	f022	15	171	49950656	49950656	78.38011695906613	15.691509028243019
6302	condition_004	f022	21	171	49928894	49928894	68.97076023391966	13.813796923665016
6302	condition_004	f022	27	171	49907132	49907132	60.16959064327614	12.056311038525745
6302	condition_004	f022	31	171	49892624	49892624	54.78362573099528	10.980305572021084
6302	condition_004	f023	15	171	49950656	49950656	101.07602339181531	20.235174367242607
6302	condition_004	f023	21	171	49928894	49928894	100.86549707602583	20.20182884003516
6302	condition_004	f023	27	171	49907132	49907132	100.65497076023635	20.168454232199988
6302	condition_004	f023	31	171	49892624	49892624	100.51461988304337	20.146188318947377
6302	condition_004	f024	15	171	49950656	49950656	156.4385964912317	31.31862702488466
6302	condition_004	f024	21	171	49928894	49928894	134.79532163742988	26.99745795238923
6302	condition_004	f024	27	171	49907132	49907132	115.99415204678607	23.241999168933624
6302	condition_004	f024	31	171	49892624	49892624	105.22222222222436	21.089735072307352
6302	condition_004	f025	15	171	49950656	49950656	456.2397660818834	91.33809295355067
6302	condition_004	f025	21	171	49928894	49928894	455.71929824562613	91.27366174897168
6302	condition_004	f025	27	171	49907132	49907132	455.2982456140472	91.22909439357227
6302	condition_004	f025	31	171	49892624	49892624	455.0175438596612	91.19936122414832
6302	condition_004	f026	15	171	49950656	49950656	445.67836257311103	89.22372562496697
6302	condition_004	f026	21	171	49928894	49928894	398.57894736843144	79.8293163410412
6302	condition_004	f026	27	171	49907132	49907132	356.0643274853892	71.34537955124112
6302	condition_004	f026	31	171	49892624	49892624	330.43274853802006	66.22877733149896
6302	condition_004	f027	15	171	49950656	49950656	352.3918128655063	70.54798496850698
6302	condition_004	f027	21	171	49928894	49928894	352.00584795322567	70.5014310858209
6302	condition_004	f027	27	171	49907132	49907132	351.6549707602432	70.46186720572186
6302	condition_004	f027	31	171	49892624	49892624	351.4210526315882	70.43547211138629
6302	condition_004	f028	15	171	49950656	49950656	326.8596491228154	65.43650780538606
6302	condition_004	f028	21	171	49928894	49928894	287.8362573099488	57.64923559291115
6302	condition_004	f028	27	171	49907132	49907132	253.92982456140982	50.88046825880714
6302	condition_004	f028	31	171	49892624	49892624	234.12865497076604	46.926506605618904
6302	condition_004	f029	15	171	49950656	49950656	500.34502923977954	100.16785950514435
6302	condition_004	f029	21	171	49928894	49928894	499.99415204679707	100.14124327424459
6302	condition_004	f029	27	171	49907132	49907132	499.6432748538146	100.11460383133509
6302	condition_004	f029	31	171	49892624	49892624	499.4093567251596	100.09683129216849
6302	condition_004	f030	15	171	49950656	49950656	291.5087719298323	58.35934805937929
6302	condition_004	f030	21	171	49928894	49928894	255.9181286549774	51.25651865129987
6302	condition_004	f030	27	171	49907132	49907132	224.71345029240348	45.026320144464215
6302	condition_004	f030	31	171	49892624	49892624	206.22807017544386	41.334380443779395
6302	condition_004	f031	15	169	49950656	49950656	878.9822485207429	175.9701110873785
6302	condition_004	f031	21	171	49928894	49928894	878.2339181286785	175.89693016806632
6302	condition_004	f031	27	171	49907132	49907132	877.5672514620119	175.84004856500508
6302	condition_004	f031	31	171	49892624	49892624	877.1228070175674	175.80209992915334
6302	condition_004	f032	15	171	49950656	49950656	929.8596491228317	186.15564310563443
6302	condition_004	f032	21	171	49928894	49928894	820.7134502924196	164.37645309996643
6302	condition_004	f032	27	171	49907132	49907132	725.7719298245806	145.42449159863176
6302	condition_004	f032	31	171	49892624	49892624	668.8538011696082	134.05865387428975
6302	condition_004	f033	15	171	49950656	49950656	1079.6549707602633	216.14430264144343
6302	condition_004	f033	21	171	49928894	49928894	1079.0526315789768	216.11787186373022
6302	condition_004	f033	27	171	49907132	49907132	1078.4912280702051	216.09962040499644
6302	condition_004	f033	31	171	49892624	49892624	1078.116959064357	216.08744392043943
6302	condition_004	f034	15	171	49950656	49950656	984.5263157895002	197.09977698581181
6302	condition_004	f034	21	171	49928894	49928894	870.9298245614269	174.43403103650303
6302	condition_004	f034	27	171	49907132	49907132	770.5614035087926	154.39905533116843
6302	condition_004	f034	31	171	49892624	49892624	710.9415204678551	142.49431348165913
6302	condition_004	f035	15	171	49950656	49950656	1270.9005847953558	254.43121003162716
6302	condition_004	f035	21	171	49928894	49928894	1270.1169590643622	254.3851580338155
6302	condition_004	f035	27	171	49907132	49907132	1269.3801169590988	254.3484400103574
6302	condition_004	f035	31	171	49892624	49892624	1268.8888888889232	254.32394353300063
6302	condition_004	f036	15	171	49950656	49950656	405.1578947368526	81.11162638922151
6302	condition_004	f036	21	171	49928894	49928894	360.5672514619977	72.21615032409845
6302	condition_004	f036	27	171	49907132	49907132	321.292397660827	64.37805275222527
6302	condition_004	f036	31	171	49892624	49892624	297.46783625731763	59.62160584244229
6302	condition_004	f037	15	419	49950656	49950656	134.45107398568996	26.916778427432455
6302	condition_004	f037	21	421	49928894	49928894	134.0973871733775	26.857672267560645
6302	condition_004	f037	27	421	49907132	49907132	133.9691211401234	26.843682610357856
6302	condition_004	f037	31	421	49892624	49892624	133.8836104512873	26.834349392264333
6302	condition_004	f038	15	410	49950656	49950656	71.11951219511415	14.237953590662384
6302	condition_004	f038	21	421	49928894	49928894	63.06650831353736	12.631264837057548
6302	condition_004	f038	27	421	49907132	49907132	56.11876484560571	11.244638310533594
6302	condition_004	f038	31	421	49892624	49892624	52.163895486936546	10.455231917033778
6302	condition_004	f039	15	421	49950656	49950656	88.73634204274427	17.764800134505595
6302	condition_004	f039	21	421	49928894	49928894	88.53919239903875	17.73305701484971
6302	condition_004	f039	27	421	49907132	49907132	88.4251781472573	17.71794423034714
6302	condition_004	f039	31	421	49892624	49892624	88.34916864606967	17.70786171640715
6302	condition_004	f040	15	421	49950656	49950656	86.86698337291458	17.39055906951744
6302	condition_004	f040	21	421	49928894	49928894	77.09026128265565	15.44000980327256
6302	condition_004	f040	27	421	49907132	49907132	68.35629453681449	13.696698607488502
6302	condition_004	f040	31	421	49892624	49892624	63.17577197149488	12.662347037809612
6302	condition_004	f041	15	421	49950656	49950656	85.04750593823445	17.026304106643654
6302	condition_004	f041	21	421	49928894	49928894	84.92399049880453	17.00898692023992
6302	condition_004	f041	27	421	49907132	49907132	84.80997624702307	16.993558405043807
6302	condition_004	f041	31	421	49892624	49892624	84.73396674583545	16.98326525095883
6302	condition_004	f042	15	421	49950656	49950656	49.401425178143214	9.890045323557555
6302	condition_004	f042	21	421	49928894	49928894	43.954869358666976	8.803493495903789
6302	condition_004	f042	27	421	49907132	49907132	39.11401425177968	7.8373596486729955
6302	condition_004	f042	31	421	49892624	49892624	36.07600950118651	7.230730037607666
6302	condition_004	f043	15	421	49950656	49950656	370.2422802849655	74.12160518671976
6302	condition_004	f043	21	421	49928894	49928894	369.94774346786323	74.09492056200229
6302	condition_004	f043	27	421	49907132	49907132	369.7482185272457	74.08725040085366
6302	condition_004	f043	31	421	49892624	49892624	369.61520190016734	74.08213324281508
6302	condition_004	f044	15	421	49950656	49950656	269.61282660328254	53.97583299071839
6302	condition_004	f044	21	421	49928894	49928894	241.49168646077237	48.36712114247361
6302	condition_004	f044	27	421	49907132	49907132	216.25653206647968	43.33178914518263
6302	condition_004	f044	31	421	49892624	49892624	201.0380047505692	40.29413340748909
6302	condition_004	f045	15	421	49950656	49950656	484.6817102136865	97.03210108265374
6302	condition_004	f045	21	421	49928894	49928894	484.29928741083614	96.99779999349397
6302	condition_004	f045	27	421	49907132	49907132	484.01425178138254	96.98298266896654
6302	condition_004	f045	31	421	49892624	49892624	483.82422802841336	96.97309727153525
6302	condition_004	f046	15	421	49950656	49950656	347.6413301662187	69.59694987113257
6302	condition_004	f046	21	421	49928894	49928894	306.2755344417636	61.342343061267016
6302	condition_004	f046	27	421	49907132	49907132	269.25653206647604	53.95151379696114
6302	condition_004	f046	31	421	49892624	49892624	247.17102137764553	49.54059369129303
6302	condition_004	f047	15	421	49950656	49950656	195.57957244651882	39.15455533687462
6302	condition_004	f047	21	421	49928894	49928894	195.33491686457103	39.12262043388564
6302	condition_004	f047	27	421	49907132	49907132	195.2209026127896	39.11683456640818
6302	condition_004	f047	31	421	49892624	49892624	195.14489311160193	39.112974517355894
6302	condition_004	f048	15	421	49950656	49950656	385.14964370540224	77.10602313319013
6302	condition_004	f048	21	421	49928894	49928894	340.7054631828488	68.23813545376126
6302	condition_004	f048	27	421	49907132	49907132	301.76722090257374	60.46575084750887
6302	condition_004	f048	31	421	49892624	49892624	278.3990498812019	55.799640820896066
6302	condition_004	f049	15	420	49950656	49950656	1241.7928571431964	248.60391365895103
6302	condition_004	f049	21	421	49928894	49928894	1241.0878859855009	248.57107509441346
6302	condition_004	f049	27	421	49907132	49907132	1240.5035629451206	248.5623824156276
6302	condition_004	f049	31	421	49892624	49892624	1240.1140142515342	248.55658308361052
6302	condition_004	f050	15	421	49950656	49950656	807.6840855105496	161.6963920374839
6302	condition_004	f050	21	421	49928894	49928894	715.9239904986989	143.38871405777562
6302	condition_004	f050	27	421	49907132	49907132	635.0475059381511	127.24584252570375
6302	condition_004	f050	31	421	49892624	49892624	585.3087885984972	117.31369121786362
6302	condition_004	f051	15	421	49950656	49950656	869.6413301660965	174.10008192206655
6302	condition_004	f051	21	421	49928894	49928894	869.1662707836739	174.08081796958567
6302	condition_004	f051	27	421	49907132	49907132	868.7529691209661	174.07391174491175
6302	condition_004	f051	31	421	49892624	49892624	868.4774346791612	174.0693042480911
6302	condition_004	f052	15	421	49950656	49950656	822.4536817100743	164.65322932096714
6302	condition_004	f052	21	421	49928894	49928894	734.4821852730438	147.10563892583798
6302	condition_004	f052	27	421	49907132	49907132	656.1401425177207	131.47221974561086
6302	condition_004	f052	31	421	49892624	49892624	608.3230403799664	121.92644756065876
6302	condition_004	f053	15	417	49950656	49950656	1446.5107913667864	289.58794682632123
6302	condition_004	f053	21	421	49928894	49928894	1445.805225652927	289.5728524755479
6302	condition_004	f053	27	421	49907132	49907132	1445.092636579293	289.556337675203
6302	condition_004	f053	31	421	49892624	49892624	1444.6175771968713	289.5453198045609
6302	condition_004	f054	15	420	49950656	49950656	850.2690476192354	170.22179801186903
6302	condition_004	f054	21	421	49928894	49928894	750.6080760093939	150.3354101954259
6302	condition_004	f054	27	421	49907132	49907132	661.3064133015781	132.50739659846175
6302	condition_004	f054	31	421	49892624	49892624	607.2992874108546	121.7212563145315
6302	condition_004	megabase_171	15	171	49950656	49950656	27164.812865497817	5438.329551767612
6302	condition_004	megabase_171	21	171	49928894	49928894	25546.023391813567	5116.480928220354
6302	condition_004	megabase_171	27	171	49907132	49907132	24026.198830410016	4814.181434110463
6302	condition_004	megabase_171	31	171	49892624	49892624	23062.789473684847	4622.484773237192
6302	condition_005	f001	15	61	49951489	49951489	104.98360655737726	21.017112534398574
6302	condition_005	f001	21	61	49929727	49929727	102.54098360655739	20.53706073869729
6302	condition_005	f001	27	61	49907965	49907965	100.18032786885229	20.073013970586118
6302	condition_005	f001	31	61	49893457	49893457	98.6065573770489	19.763424566281085
6302	condition_005	f002	15	61	49951489	49951489	44.22950819672085	8.854492445004162
6302	condition_005	f002	21	61	49929727	49929727	38.475409836065175	7.705912318740531
6302	condition_005	f002	27	61	49907965	49907965	33.77049180327835	6.766553555785804
6302	condition_005	f002	31	61	49893457	49893457	30.88524590163904	6.1902397145259025
6302	condition_005	f003	15	61	49951489	49951489	83.96721311475414	16.809751780323133
6302	condition_005	f003	21	61	49929727	49929727	81.73770491803268	16.37054913559465
6302	condition_005	f003	27	61	49907965	49907965	79.75409836065546	15.980234489756388
6302	condition_005	f003	31	61	49893457	49893457	78.44262295081931	15.722026026542782
6302	condition_005	f004	15	61	49951489	49951489	38.42622950819632	7.692709522271963
6302	condition_005	f004	21	61	49929727	49929727	32.50819672131115	6.51078999917447
6302	condition_005	f004	27	61	49907965	49907965	28.098360655737437	5.630035337192657
6302	condition_005	f004	31	61	49893457	49893457	25.344262295081734	5.079676538565314
6302	condition_005	f005	15	61	49951489	49951489	124.72131147541037	24.968487220753392
6302	condition_005	f005	21	61	49929727	49929727	121.67213114754128	24.3686754280754
6302	condition_005	f005	27	61	49907965	49907965	118.63934426229514	23.771625283117665
6302	condition_005	f005	31	61	49893457	49893457	116.67213114754088	23.38425480269705
6302	condition_005	f006	15	61	49951489	49951489	90.93442622950724	18.204547662134203
6302	condition_005	f006	21	61	49929727	49929727	81.40983606557293	16.304883074079882
6302	condition_005	f006	27	61	49907965	49907965	73.26229508196647	14.679479534372213
6302	condition_005	f006	31	61	49893457	49893457	67.95081967213046	13.619184509930925
6302	condition_005	f007	15	61	49951489	49951489	324.85245901639666	65.03358869169979
6302	condition_005	f007	21	61	49929727	49929727	318.4262295081987	63.77487894299897
6302	condition_005	f007	27	61	49907965	49907965	312.213114754099	62.55777304366127
6302	condition_005	f007	31	61	49893457	49893457	308.0819672131145	61.74796972138342
6302	condition_005	f008	15	61	49951489	49951489	383.5409836065536	76.78269282554392
6302	condition_005	f008	21	61	49929727	49929727	331.5409836065582	66.40152140358352
6302	condition_005	f008	27	61	49907965	49907965	286.90163934426573	57.48614261155824
6302	condition_005	f008	31	61	49893457	49893457	260.50819672131604	52.21289771949778
6302	condition_005	f009	15	61	49951489	49951489	574.9016393442654	115.0919924217405
6302	condition_005	f009	21	61	49929727	49929727	563.1475409836075	112.78802725751086
6302	condition_005	f009	27	61	49907965	49907965	551.7868852459006	110.56088647291081
6302	condition_005	f009	31	61	49893457	49893457	544.311475409834	109.09476074384543
6302	condition_005	f010	15	61	49951489	49951489	302.0819672131096	60.47506756267257
6302	condition_005	f010	21	61	49929727	49929727	266.852459016392	53.44560746674861
6302	condition_005	f010	27	61	49907965	49907965	237.6885245901647	47.62536893463092
6302	condition_005	f010	31	61	49893457	49893457	220.44262295082177	44.182671677936
6302	condition_005	f011	15	61	49951489	49951489	343.09836065574405	68.68631296571441
6302	condition_005	f011	21	61	49929727	49929727	337.4262295082016	67.58022720777174
6302	condition_005	f011	27	61	49907965	49907965	331.8196721311509	66.4863157877006
6302	condition_005	f011	31	61	49893457	49893457	328.14754098360896	65.769654121904
6302	condition_005	f012	15	61	49951489	49951489	206.5901639344215	41.35815930020054
6302	condition_005	f012	21	61	49929727	49929727	181.96721311475147	36.44466414061336
6302	condition_005	f012	27	61	49907965	49907965	160.4918032786877	32.15755306366182
6302	condition_005	f012	31	61	49893457	49893457	148.1475409836068	29.692779352532497
6302	condition_005	f013	15	61	49951489	49951489	919.7049180329282	184.11962014444217
6302	condition_005	f013	21	61	49929727	49929727	902.3934426230869	180.73270110671484
6302	condition_005	f013	27	61	49907965	49907965	885.6229508198032	177.45122463314289
6302	condition_005	f013	31	61	49893457	49893457	874.7049180329147	175.31455437792468
6302	condition_005	f014	15	61	49951489	49951489	1073.1967213115797	214.84779388890283
6302	condition_005	f014	21	61	49929727	49929727	930.1147540984249	186.28476660776153
6302	condition_005	f014	27	61	49907965	49907965	809.2622950819995	162.15093023368104
6302	condition_005	f014	31	61	49893457	49893457	738.6721311475569	148.04989983908249
6302	condition_005	f015	15	61	49951489	49951489	1139.180327869	228.05733135782998
6302	condition_005	f015	21	61	49929727	49929727	1119.2295081968632	224.16095088940966
6302	condition_005	f015	27	61	49907965	49907965	1099.4426229509563	220.29401979242317
6302	condition_005	f015	31	61	49893457	49893457	1086.360655737838	217.73609628569895
6302	condition_005	f016	15	60	49951489	49951489	555.4833333333115	111.20455955443322
6302	condition_005	f016	21	61	49929727	49929727	475.3442622950939	95.20265598389791
6302	condition_005	f016	27	61	49907965	49907965	404.4262295081985	81.03440593263991
6302	condition_005	f016	31	61	49893457	49893457	361.34426229507864	72.42317610805735
6302	condition_005	f017	15	61	49951489	49951489	752.5245901640205	150.6510827262868
6302	condition_005	f017	21	61	49929727	49929727	739.0163934427056	148.01130265396918
6302	condition_005	f017	27	61	49907965	49907965	725.7377049181121	145.4152067546958
6302	condition_005	f017	31	61	49893457	49893457	716.9508196722081	143.69636076173438
6302	condition_005	f018	15	61	49951489	49951489	600.5245901639738	120.22155939415015
6302	condition_005	f018	21	61	49929727	49929727	525.5901639344477	105.26597991101526
6302	condition_005	f018	27	61	49907965	49907965	460.96721311476495	92.36345603647935
6302	condition_005	f018	31	61	49893457	49893457	423.6885245901701	84.91865468255088
6302	condition_005	f019	15	171	49951489	49951489	37.80116959064421	7.567576131843478
6302	condition_005	f019	21	171	49929727	49929727	36.72514619883131	7.355366913748861
6302	condition_005	f019	27	171	49907965	49907965	35.77192982456228	7.167579328181839
6302	condition_005	f019	31	171	49893457	49893457	35.14035087719384	7.043077988601559
6302	condition_005	f020	15	171	49951489	49951489	92.74269005848167	18.566551651439593
6302	condition_005	f020	21	171	49929727	49929727	78.06432748538184	15.634839638795109
6302	condition_005	f020	27	171	49907965	49907965	66.42105263158034	13.308707864882958
6302	condition_005	f020	31	171	49893457	49893457	59.52631578947488	11.930685778994004
6302	condition_005	f021	15	171	49951489	49951489	120.3684210526345	24.097063663634632
6302	condition_005	f021	21	171	49929727	49929727	117.90643274854087	23.614475750796885
6302	condition_005	f021	27	171	49907965	49907965	115.5438596491256	23.151386687300434
6302	condition_005	f021	31	171	49893457	49893457	114.02339181286824	22.853375706732095
6302	condition_005	f022	15	171	49951489	49951489	76.13450292397835	15.241688375691531
6302	condition_005	f022	21	171	49929727	49929727	66.24561403508918	13.267770127220839
6302	condition_005	f022	27	171	49907965	49907965	57.11111111111231	11.443285878539088
6302	condition_005	f022	31	171	49893457	49893457	51.608187134503964	10.343678357365368
6302	condition_005	f023	15	171	49951489	49951489	96.69005847953449	19.35679204268255
6302	condition_005	f023	21	171	49929727	49929727	94.65497076023618	18.95763835444888
6302	condition_005	f023	27	171	49907965	49907965	92.64327485380338	18.56282356008773
6302	condition_005	f023	31	171	49893457	49893457	91.3333333333355	18.305673494088715
6302	condition_005	f024	15	171	49951489	49951489	149.6842105263192	29.965915635932134
6302	condition_005	f024	21	171	49929727	49929727	126.70760233918404	25.3771870892032
6302	condition_005	f024	27	171	49907965	49907965	107.36842105263378	21.513283711855166
6302	condition_005	f024	31	171	49893457	49893457	96.53801169590832	19.348831991318686
6302	condition_005	f025	15	171	49951489	49951489	438.5438596491344	87.79395137733219
6302	condition_005	f025	21	171	49929727	49929727	430.74853801170735	86.27095798294818
6302	condition_005	f025	27	171	49907965	49907965	423.1929824561515	84.79467805512638
6302	condition_005	f025	31	171	49893457	49893457	418.2163742690169	83.8218875611319
6302	condition_005	f026	15	171	49951489	49951489	427.6725146198941	85.61757080352382
6302	condition_005	f026	21	171	49929727	49929727	376.01169590644247	75.30818181850712
6302	condition_005	f026	27	171	49907965	49907965	330.23391812866333	66.16858013118014
6302	condition_005	f026	31	171	49893457	49893457	302.9473684210602	60.71885706798393
6302	condition_005	f027	15	171	49951489	49951489	338.00000000000887	67.66565056749536
6302	condition_005	f027	21	171	49929727	49929727	331.7251461988391	66.43840576152942
6302	condition_005	f027	27	171	49907965	49907965	325.6491228070261	65.24993010775457
6302	condition_005	f027	31	171	49893457	49893457	321.63742690059325	64.46485095241911
6302	condition_005	f028	15	171	49951489	49951489	312.79532163743494	62.61981932859598
6302	condition_005	f028	21	171	49929727	49929727	270.33333333334014	54.14276215316381
6302	condition_005	f028	27	171	49907965	49907965	234.0409356725204	46.894505851424796
6302	condition_005	f028	31	171	49893457	49893457	213.38596491228594	42.76832629823304
6302	condition_005	f029	15	171	49951489	49951489	479.8421052631709	96.06162195949172
6302	condition_005	f029	21	171	49929727	49929727	471.12280701755657	94.35717664099316
6302	condition_005	f029	27	171	49907965	49907965	462.57309941521714	92.68522557776441
6302	condition_005	f029	31	171	49893457	49893457	456.9766081871468	91.590488144998
6302	condition_005	f030	15	171	49951489	49951489	277.9824561403582	55.650484441086064
6302	condition_005	f030	21	171	49929727	49929727	239.08187134503544	47.88367285585909
6302	condition_005	f030	27	171	49907965	49907965	205.50292397661337	41.17637815459183
6302	condition_005	f030	31	171	49893457	49893457	185.89473684210992	37.258339674099936
6302	condition_005	f031	15	169	49951489	49951489	843.9112426035816	168.9461634674357
6302	condition_005	f031	21	171	49929727	49929727	828.5555555555778	165.94433924214684
6302	condition_005	f031	27	171	49907965	49907965	813.5087719298465	163.0017917841063
6302	condition_005	f031	31	171	49893457	49893457	803.602339181308	161.06367197232055
6302	condition_005	f032	15	171	49951489	49951489	889.707602339205	178.11433055363074
6302	condition_005	f032	21	171	49929727	49929727	770.789473684231	154.37486243099846
6302	condition_005	f032	27	171	49907965	49907965	668.9005847953393	134.0268201268754
6302	condition_005	f032	31	171	49893457	49893457	608.5029239766241	121.96046547278216
6302	condition_005	f033	15	171	49951489	49951489	1035.5555555555839	207.31224960192554
6302	condition_005	f033	21	171	49929727	49929727	1016.719298245642	203.63005354418257
6302	condition_005	f033	27	171	49907965	49907965	998.181286549735	200.00440541900178
6302	condition_005	f033	31	171	49893457	49893457	985.9356725146471	197.60820993314758
6302	condition_005	f034	15	171	49951489	49951489	944.5321637427154	189.08989154311604
6302	condition_005	f034	21	171	49929727	49929727	821.830409356747	164.59741695698577
6302	condition_005	f034	27	171	49907965	49907965	715.1637426900775	143.29651443213072
6302	condition_005	f034	31	171	49893457	49893457	652.6198830409527	130.80269884705578
6302	condition_005	f035	15	171	49951489	49951489	1219.4269005848282	244.12223238927436
6302	condition_005	f035	21	171	49929727	49929727	1197.5263157895063	239.84235198992903
6302	condition_005	f035	27	171	49907965	49907965	1176.0584795321959	235.64544848346267
6302	condition_005	f035	31	171	49893457	49893457	1161.883040935704	232.87282758051904
6302	condition_005	f036	15	171	49951489	49951489	390.29239766082884	78.13428698007958
6302	condition_005	f036	21	171	49929727	49929727	341.6900584795411	68.43419321710714
6302	condition_005	f036	27	171	49907965	49907965	299.40935672515394	59.99229917011321
6302	condition_005	f036	31	171	49893457	49893457	274.2397660818784	54.96507609843078
6302	condition_005	f037	15	419	49951489	49951489	128.80906921242143	25.78683274334854
6302	condition_005	f037	21	421	49929727	49929727	126.08551068881907	25.252593648032377
6302	condition_005	f037	27	421	49907965	49907965	123.62470308786963	24.770535742715545
6302	condition_005	f037	31	421	49893457	49893457	122.01425178145674	24.454960453322915
6302	condition_005	f038	15	410	49951489	49951489	68.40975609755372	13.695238613918741
6302	condition_005	f038	21	421	49929727	49929727	59.719714964369636	11.960753353281829
6302	condition_005	f038	27	421	49907965	49907965	52.346793349169374	10.48866515578613
6302	condition_005	f038	31	421	49893457	49893457	48.211401425179076	9.66287050928924
6302	condition_005	f039	15	421	49951489	49951489	85.27553444179506	17.071670164185708
6302	condition_005	f039	21	421	49929727	49929727	83.66745843229418	16.757043040170075
6302	condition_005	f039	27	421	49907965	49907965	82.17102137766274	16.464510500009915
6302	condition_005	f039	31	421	49893457	49893457	81.18764845604781	16.272203478714214
6302	condition_005	f040	15	421	49951489	49951489	82.90498812350943	16.597100463513595
6302	condition_005	f040	21	421	49929727	49929727	72.07125890736005	14.434538948582682
6302	condition_005	f040	27	421	49907965	49907965	62.58432304037877	12.539946888313073
6302	condition_005	f040	31	421	49893457	49893457	57.04988123515408	11.434341227378589
6302	condition_005	f041	15	421	49951489	49951489	81.36104513063427	16.28801198111117
6302	condition_005	f041	21	421	49929727	49929727	79.72446555818803	15.967334561670652
6302	condition_005	f041	27	421	49907965	49907965	78.13301662707192	15.655420257482334
6302	condition_005	f041	31	421	49893457	49893457	77.07838479809347	15.448595754367844
6302	condition_005	f042	15	421	49951489	49951489	47.66983372921249	9.543225774353292
6302	condition_005	f042	21	421	49929727	49929727	41.89548693586461	8.390890448062056
6302	condition_005	f042	27	421	49907965	49907965	36.83610451306287	7.380806753603933
6302	condition_005	f042	31	421	49893457	49893457	33.67458432303981	6.7492986751829624
6302	condition_005	f043	15	421	49951489	49951489	355.9596199524278	71.26106289893136
6302	condition_005	f043	21	421	49929727	49929727	349.7909738716692	70.056656602923
6302	condition_005	f043	27	421	49907965	49907965	343.8337292160889	68.89355821582565
6302	condition_005	f043	31	421	49893457	49893457	339.91448931110193	68.12806923984078
6302	condition_005	f044	15	421	49951489	49951489	258.4109263657559	51.732377060022365
6302	condition_005	f044	21	421	49929727	49929727	227.4394299287096	45.55190736947342
6302	condition_005	f044	27	421	49907965	49907965	200.08788598572391	40.09137338814033
6302	condition_005	f044	31	421	49893457	49893457	183.71496437052636	36.821454238083035
6302	condition_005	f045	15	421	49951489	49951489	465.0427553443333	93.0988774617576
6302	condition_005	f045	21	421	49929727	49929727	456.55106888352776	91.43872725030677
6302	condition_005	f045	27	421	49907965	49907965	448.2684085509885	89.819011564785
6302	condition_005	f045	31	421	49893457	49893457	442.84085510680944	88.75730040249755
6302	condition_005	f046	15	421	49951489	49951489	333.448931116341	66.75455282551056
6302	condition_005	f046	21	421	49929727	49929727	289.0166270783475	57.88468001804766
6302	condition_005	f046	27	421	49907965	49907965	250.11401425175384	50.115049622190334
6302	condition_005	f046	31	421	49893457	49893457	227.30878859855298	45.558837223596875
6302	condition_005	f047	15	421	49951489	49951489	187.60570071255415	37.55757925705761
6302	condition_005	f047	21	421	49929727	49929727	184.08313539188993	36.86844420196608
6302	condition_005	f047	27	421	49907965	49907965	180.7695961994917	36.22059048079634
6302	condition_005	f047	31	421	49893457	49893457	178.57719714961104	35.79170654573225
6302	condition_005	f048	15	421	49951489	49951489	370.37767220896916	74.14747380382778
6302	condition_005	f048	21	421	49929727	49929727	322.3135391923546	64.55343510937975
6302	condition_005	f048	27	421	49907965	49907965	280.86935866979974	56.277461657633154
6302	condition_005	f048	31	421	49893457	49893457	256.28503562942575	51.36646186481441
6302	condition_005	f049	15	420	49951489	49951489	1189.7476190479392	238.18061140238268
6302	condition_005	f049	21	421	49929727	49929727	1167.7577197147364	233.88025328372743
6302	condition_005	f049	27	421	49907965	49907965	1146.4251781470464	229.70785888525938
6302	condition_005	f049	31	421	49893457	49893457	1132.441805225435	226.97200661510288
6302	condition_005	f050	15	421	49951489	49951489	775.7363420426251	155.29794157740224
6302	condition_005	f050	21	421	49929727	49929727	675.7529691210376	135.34080991891616
6302	condition_005	f050	27	421	49907965	49907965	589.0356294536031	118.02437335475472
6302	condition_005	f050	31	421	49893457	49893457	536.6318289785579	107.55555161843323
6302	condition_005	f051	15	421	49951489	49951489	832.0760095010238	166.57681806062354
6302	condition_005	f051	21	421	49929727	49929727	816.4014251779877	163.51009192940063
6302	condition_005	f051	27	421	49907965	49907965	801.0997624701533	160.51541321513577
6302	condition_005	f051	31	421	49893457	49893457	791.0831353917711	158.55448448716854
6302	condition_005	f052	15	421	49951489	49951489	788.6484560568771	157.88287233176914
6302	condition_005	f052	21	421	49929727	49929727	691.8242280283998	138.55958556080225
6302	condition_005	f052	27	421	49907965	49907965	606.7577197148839	121.57532764857952
6302	condition_005	f052	31	421	49893457	49893457	555.5320665082468	111.34367107659965
6302	condition_005	f053	15	417	49951489	49951489	1385.5227817744812	277.37366983684535
6302	condition_005	f053	21	421	49929727	49929727	1359.7814726838299	272.3390561866741
6302	condition_005	f053	27	421	49907965	49907965	1334.4394299284918	267.38005244823984
6302	condition_005	f053	31	421	49893457	49893457	1317.7482185270717	264.1124303186832
6302	condition_005	f054	15	420	49951489	49951489	814.8523809525557	163.12874696338994
6302	condition_005	f054	21	421	49929727	49929727	706.7909738716379	141.5571476831103
6302	condition_005	f054	27	421	49907965	49907965	612.0760095011145	122.6409470915343
6302	condition_005	f054	31	421	49893457	49893457	555.6223277909147	111.36176188210705
6302	condition_005	megabase_171	15	171	49951489	49951489	26017.03508772001	5208.460369964148
6302	condition_005	megabase_171	21	171	49929727	49929727	24026.771929825216	4812.117624801997
6302	condition_005	megabase_171	27	171	49907965	49907965	22192.36257310002	4446.657477037988
6302	condition_005	megabase_171	31	171	49893457	49893457	21048.169590643818	4218.6232135896735
6302	condition_006	f001	15	61	49950601	49950601	81.16393442622866	16.248840414598547
6302	condition_006	f001	21	61	49928839	49928839	70.88524590163863	14.19725499758539
6302	condition_006	f001	27	61	49907077	49907077	61.91803278688464	12.40666384586792
6302	condition_006	f001	31	61	49892569	49892569	56.80327868852404	11.38511803000644
6302	condition_006	f002	15	61	49950601	49950601	34.459016393442276	6.8986189762646255
6302	condition_006	f002	21	61	49928839	49928839	27.19672131147515	5.447096679230845
6302	condition_006	f002	27	61	49907077	49907077	21.770491803278496	4.362205344800798
6302	condition_006	f002	31	61	49892569	49892569	18.704918032786733	3.749038866446571
6302	condition_006	f003	15	61	49950601	49950601	68.32786885245841	13.679088436284962
6302	condition_006	f003	21	61	49928839	49928839	61.852459016392814	12.388122827449045
6302	condition_006	f003	27	61	49907077	49907077	56.475409836065	11.316112509667716
6302	condition_006	f003	31	61	49892569	49892569	53.04918032786833	10.63268165803776
6302	condition_006	f004	15	61	49950601	49950601	27.918032786884982	5.589128504556928
6302	condition_006	f004	21	61	49928839	49928839	20.721311475409657	4.1501688984616
6302	condition_006	f004	27	61	49907077	49907077	15.606557377049066	3.1271231086222637
6302	condition_006	f004	31	61	49892569	49892569	12.999999999999918	2.6055984409221176
6302	condition_006	f005	15	61	49950601	49950601	98.39344262294979	19.698149902730858
6302	condition_006	f005	21	61	49928839	49928839	87.50819672131055	17.5265835284715
6302	condition_006	f005	27	61	49907077	49907077	78.29508196721233	15.68817223401249
6302	condition_006	f005	31	61	49892569	49892569	72.70491803278615	14.572293928738397
6302	condition_006	f006	15	61	49950601	49950601	70.77049180327798	14.168096156296095
6302	condition_006	f006	21	61	49928839	49928839	58.45901639344206	11.708467003096558
6302	condition_006	f006	27	61	49907077	49907077	48.442622950819235	9.70656385081804
6302	condition_006	f006	31	61	49892569	49892569	42.508196721311116	8.519945469496893
6302	condition_006	f007	15	61	49950601	49950601	250.75409836065046	50.2004166798014
6302	condition_006	f007	21	61	49928839	49928839	220.8196721311453	44.226879004966506
6302	condition_006	f007	27	61	49907077	49907077	194.72131147541018	39.01677340778947
6302	condition_006	f007	31	61	49892569	49892569	179.5409836065587	35.98551592052891
6302	condition_006	f008	15	61	49950601	49950601	300.81967213115064	60.22343397452828
6302	condition_006	f008	21	61	49928839	49928839	234.01639344262918	46.86998498856126
6302	condition_006	f008	27	61	49907077	49907077	182.6229508196755	36.592596039971546
6302	condition_006	f008	31	61	49892569	49892569	155.04918032787023	31.076607886811807
6302	condition_006	f009	15	61	49950601	49950601	453.62295081966397	90.81431288878066
6302	condition_006	f009	21	61	49928839	49928839	401.98360655737304	80.51130661327275
6302	condition_006	f009	27	61	49907077	49907077	356.24590163934374	71.3818406233937
6302	condition_006	f009	31	61	49892569	49892569	329.3442622950835	66.01068433559385
6302	condition_006	f010	15	61	49950601	49950601	231.7868852459025	46.40322250495094
6302	condition_006	f010	21	61	49928839	49928839	182.37704918033216	36.5273963571098
6302	condition_006	f010	27	61	49907077	49907077	144.63934426229878	28.98173023883943
6302	condition_006	f010	31	61	49892569	49892569	123.68852459016603	24.790971294776586
6302	condition_006	f011	15	61	49950601	49950601	265.3114754098297	53.11477141382738
6302	condition_006	f011	21	61	49928839	49928839	235.213114754095	47.10967037589137
6302	condition_006	f011	27	61	49907077	49907077	207.91803278688454	41.66103191875664
6302	condition_006	f011	31	61	49892569	49892569	191.65573770491886	38.4136839505937
6302	condition_006	f012	15	61	49950601	49950601	158.8852459016389	31.808475317772235
6302	condition_006	f012	21	61	49928839	49928839	127.0327868852482	25.442768033370093
6302	condition_006	f012	27	61	49907077	49907077	101.57377049180653	20.35257855149612
6302	condition_006	f012	31	61	49892569	49892569	87.60655737705132	17.55903917816926
6302	condition_006	f013	15	61	49950601	49950601	720.0163934427051	144.14569174907527
6302	condition_006	f013	21	61	49928839	49928839	636.6393442623521	127.50934269918676
6302	condition_006	f013	27	61	49907077	49907077	562.557377049218	112.72096281038819
6302	condition_006	f013	31	61	49892569	49892569	518.1967213115026	103.86250531847791
6302	condition_006	f014	15	61	49950601	49950601	839.4426229508604	168.0545591335048
6302	condition_006	f014	21	61	49928839	49928839	652.5245901639354	130.6909199638981
6302	condition_006	f014	27	61	49907077	49907077	509.3770491803215	102.06509373015805
6302	condition_006	f014	31	61	49892569	49892569	432.1147540983593	86.60904073677972
6302	condition_006	f015	15	61	49950601	49950601	887.7377049181116	177.72312787950472
6302	condition_006	f015	21	61	49928839	49928839	787.819672131201	157.7885021783104
6302	condition_006	f015	27	61	49907077	49907077	698.6721311475762	139.9946005949369
6302	condition_006	f015	31	61	49892569	49892569	644.6721311475659	129.21205383261903
6302	condition_006	f016	15	60	49950601	49950601	436.2666666666515	87.33962313419441
6302	condition_006	f016	21	61	49928839	49928839	338.03278688524233	67.70291351762502
6302	condition_006	f016	27	61	49907077	49907077	262.7049180327877	52.638810730748204
6302	condition_006	f016	31	61	49892569	49892569	221.62295081967565	44.4200319329469
6302	condition_006	f017	15	61	49950601	49950601	586.9836065574218	117.51282162899737
6302	condition_006	f017	21	61	49928839	49928839	519.459016393472	104.03987490946305
6302	condition_006	f017	27	61	49907077	49907077	459.7213114754273	92.11545518392657
6302	condition_006	f017	31	61	49892569	49892569	423.04918032788066	84.7920218996702
6302	condition_006	f018	15	61	49950601	49950601	467.6885245901782	93.63020969260775
6302	condition_006	f018	21	61	49928839	49928839	371.37704918032995	74.38127074822027
6302	condition_006	f018	27	61	49907077	49907077	295.163934426227	59.14270122977288
6302	condition_006	f018	31	61	49892569	49892569	254.14754098360652	50.938956657775336
6302	condition_006	f019	15	171	49950601	49950601	31.005847953217113	6.207302281151154
6302	condition_006	f019	21	171	49928839	49928839	27.923976608187786	5.592755042469101
6302	condition_006	f019	27	171	49907077	49907077	25.192982456140925	5.047977956340926
6302	condition_006	f019	31	171	49892569	49892569	23.54970760233971	4.72008318560219
6302	condition_006	f020	15	171	49950601	49950601	73.36842105263317	14.688195854266732
6302	condition_006	f020	21	171	49928839	49928839	56.44444444444555	11.304978360190901
6302	condition_006	f020	27	171	49907077	49907077	43.736842105263904	8.763655323926084
6302	condition_006	f020	31	171	49892569	49892569	36.73099415204733	7.362017007391889
6302	condition_006	f021	15	171	49950601	49950601	95.23391812865718	19.065620077055165
6302	condition_006	f021	21	171	49928839	49928839	84.79532163742881	16.983235207497778
6302	condition_006	f021	27	171	49907077	49907077	75.52631578947533	15.133387954072191
6302	condition_006	f021	31	171	49892569	49892569	69.9064327485395	14.01139170615558
6302	condition_006	f022	15	171	49950601	49950601	59.40935672514746	11.893622005698683
6302	condition_006	f022	21	171	49928839	49928839	46.44444444444534	9.302127863306682
6302	condition_006	f022	27	171	49907077	49907077	36.07017543859709	7.227467046125961
6302	condition_006	f022	31	171	49892569	49892569	30.304093567251897	6.073869150183848
6302	condition_006	f023	15	171	49950601	49950601	76.90643274853977	15.396497981783996
6302	condition_006	f023	21	171	49928839	49928839	68.63157894736995	13.745879199668542
6302	condition_006	f023	27	171	49907077	49907077	61.28070175438728	12.278960307450442
6302	condition_006	f023	31	171	49892569	49892569	56.923976608188326	11.40930959241412
6302	condition_006	f024	15	171	49950601	49950601	118.42690058479783	23.70880394107727
6302	condition_006	f024	21	171	49928839	49928839	90.32748538011867	18.091244897586876
6302	condition_006	f024	27	171	49907077	49907077	68.81286549707713	13.78819791371014
6302	condition_006	f024	31	171	49892569	49892569	57.87134502924056	11.599191260173546
6302	condition_006	f025	15	171	49950601	49950601	339.38011695907306	67.94314986501826
6302	condition_006	f025	21	171	49928839	49928839	299.32748538012464	59.95082028246735
6302	condition_006	f025	27	171	49907077	49907077	264.22222222222894	52.94283658853212
6302	condition_006	f025	31	171	49892569	49892569	243.12865497076626	48.73043417964031
6302	condition_006	f026	15	171	49950601	49950601	334.74853801170445	67.01591798899565
6302	condition_006	f026	21	171	49928839	49928839	266.87134502924636	53.45034059959743
6302	condition_006	f026	27	171	49907077	49907077	212.25146198830907	42.529331459005114
6302	condition_006	f026	31	171	49892569	49892569	182.02339181286965	36.483066609151685
6302	condition_006	f027	15	171	49950601	49950601	263.1052631579015	52.673092593600934
6302	condition_006	f027	21	171	49928839	49928839	232.31578947369013	46.52937943814198
6302	condition_006	f027	27	171	49907077	49907077	205.08187134503441	41.09274348907158
6302	condition_006	f027	31	171	49892569	49892569	188.660818713455	37.813410392528596
6302	condition_006	f028	15	171	49950601	49950601	248.95906432749146	49.84105483085008
6302	condition_006	f028	21	171	49928839	49928839	194.91228070175902	39.03801582523459
6302	condition_006	f028	27	171	49907077	49907077	152.59064327485726	30.574950978366708
6302	condition_006	f028	31	171	49892569	49892569	129.91812865497357	26.039574882378492
6302	condition_006	f029	15	171	49950601	49950601	374.4210526315888	74.95826779573459
6302	condition_006	f029	21	171	49928839	49928839	330.97076023392685	66.28849515886537
6302	condition_006	f029	27	171	49907077	49907077	292.27485380117724	58.563809257187565
6302	condition_006	f029	31	171	49892569	49892569	268.7777777777847	53.87130451787013
6302	condition_006	f030	15	171	49950601	49950601	217.54970760234477	43.55297098474246
6302	condition_006	f030	21	171	49928839	49928839	169.40935672515047	33.930161429379616
6302	condition_006	f030	27	171	49907077	49907077	130.88888888889204	26.226518713747158
6302	condition_006	f030	31	171	49892569	49892569	110.23391812865752	22.094255785597557
6302	condition_006	f031	15	169	49950601	49950601	653.5621301775382	130.84169501334694
6302	condition_006	f031	21	171	49928839	49928839	576.7602339181436	115.51645210859873
6302	condition_006	f031	27	171	49907077	49907077	508.9707602339313	101.98368464535226
6302	condition_006	f031	31	171	49892569	49892569	468.3684210526435	93.87538674399458
6302	condition_006	f032	15	171	49950601	49950601	694.4561403508952	139.02858553211306
6302	condition_006	f032	21	171	49928839	49928839	543.7017543859791	108.89533289287563
6302	condition_006	f032	27	171	49907077	49907077	426.923976608198	85.54377500573676
6302	condition_006	f032	31	171	49892569	49892569	363.1052631579038	72.77742365960425
6302	condition_006	f033	15	171	49950601	49950601	807.1345029239983	161.58654485938982
6302	condition_006	f033	21	171	49928839	49928839	715.6959064327677	143.34319018168392
6302	condition_006	f033	27	171	49907077	49907077	634.8011695906603	127.19662375551674
6302	condition_006	f033	31	171	49892569	49892569	586.4210526315945	117.53675234313843
6302	condition_006	f034	15	171	49950601	49950601	742.2280701754584	148.59242037457335
6302	condition_006	f034	21	171	49928839	49928839	583.6783625731147	116.90204985001047
6302	condition_006	f034	27	171	49907077	49907077	458.8713450292515	91.94514538073457
6302	condition_006	f034	31	171	49892569	49892569	391.614035087729	78.49145532829328
6302	condition_006	f035	15	171	49950601	49950601	952.5204678362826	190.6924939374168
6302	condition_006	f035	21	171	49928839	49928839	843.9415204678586	169.0288693610237
6302	condition_006	f035	27	171	49907077	49907077	747.8538011696104	149.8492490693475
6302	condition_006	f035	31	171	49892569	49892569	690.0701754386146	138.31121332690137
6302	condition_006	f036	15	171	49950601	49950601	303.60818713451073	60.781688519525666
6302	condition_006	f036	21	171	49928839	49928839	239.91812865497678	48.05201431881418
6302	condition_006	f036	27	171	49907077	49907077	190.21052631579408	38.11293663137076
6302	condition_006	f036	31	171	49892569	49892569	163.07017543860036	32.68426114490123
6302	condition_006	f037	15	419	49950601	49950601	99.25775656325852	19.871183644668967
6302	condition_006	f037	21	421	49928839	49928839	87.18052256531419	17.460955293856163
6302	condition_006	f037	27	421	49907077	49907077	76.76959619952127	15.382507013889288
6302	condition_006	f037	31	421	49892569	49892569	70.57007125890536	14.144405203689825
6302	condition_006	f038	15	410	49950601	49950601	54.16341463414151	10.843395985193753
6302	condition_006	f038	21	421	49928839	49928839	43.004750593824774	8.613208609522198
6302	condition_006	f038	27	421	49907077	49907077	34.206650831353656	6.854068177816477
6302	condition_006	f038	31	421	49892569	49892569	29.505938242279598	5.913894360156037
6302	condition_006	f039	15	421	49950601	49950601	66.17339667457918	13.247767864610713
6302	condition_006	f039	21	421	49928839	49928839	58.3277909738686	11.682184513416905
6302	condition_006	f039	27	421	49907077	49907077	51.47505938242136	10.314180368131229
6302	condition_006	f039	31	421	49892569	49892569	47.4014251781467	9.50069842628202
6302	condition_006	f040	15	421	49950601	49950601	66.07363420427318	13.227795638389452
6302	condition_006	f040	21	421	49928839	49928839	52.10688836104514	10.436230724500751
6302	condition_006	f040	27	421	49907077	49907077	41.17339667458449	8.250011651570876
6302	condition_006	f040	31	421	49892569	49892569	35.27790973871706	7.070774354937917
6302	condition_006	f041	15	421	49950601	49950601	64.32779097386798	12.878281679507316
6302	condition_006	f041	21	421	49928839	49928839	57.12114014251538	11.440510391702757
6302	condition_006	f041	27	421	49907077	49907077	50.8527315914474	10.189483064986435
6302	condition_006	f041	31	421	49892569	49892569	47.19714964370444	9.459755348277305
6302	condition_006	f042	15	421	49950601	49950601	38.114014251779906	7.630341475126577
6302	condition_006	f042	21	421	49928839	49928839	30.3515439429927	6.078960486742481
6302	condition_006	f042	27	421	49907077	49907077	24.144893111639064	4.837969795674281
6302	condition_006	f042	31	421	49892569	49892569	20.648456057007003	4.138583454583588
6302	condition_006	f043	15	421	49950601	49950601	277.5368171020929	55.56225781989949
6302	condition_006	f043	21	421	49928839	49928839	245.77672209022523	49.22540299609715
6302	condition_006	f043	27	421	49907077	49907077	217.54156769593368	43.58932255157594
6302	condition_006	f043	31	421	49892569	49892569	200.6413301662471	40.21467208197819
6302	condition_006	f044	15	421	49950601	49950601	202.35154394296788	40.51033218658728
6302	condition_006	f044	21	421	49928839	49928839	160.74821852730176	32.19546493506524
6302	condition_006	f044	27	421	49907077	49907077	127.32304038004025	25.512021146828587
6302	condition_006	f044	31	421	49892569	49892569	109.05463182897526	21.85789066683964
6302	condition_006	f045	15	421	49950601	49950601	362.6722090260707	72.60617525424182
6302	condition_006	f045	21	421	49928839	49928839	320.9548693586227	64.2824619572313
6302	condition_006	f045	27	421	49907077	49907077	284.01425178143455	56.90861273671358
6302	condition_006	f045	31	421	49892569	49892569	261.8503562945039	52.482836931989596
6302	condition_006	f046	15	421	49950601	49950601	264.2826603325106	52.908804907574705
6302	condition_006	f046	21	421	49928839	49928839	207.8147268408381	41.62218289130218
6302	condition_006	f046	27	421	49907077	49907077	163.01662707837872	32.66403020925844
6302	condition_006	f046	31	421	49892569	49892569	138.7197149643695	27.803682541255696
6302	condition_006	f047	15	421	49950601	49950601	145.9097387173156	29.210807436994724
6302	condition_006	f047	21	421	49928839	49928839	128.8313539192202	25.80299412113712
6302	condition_006	f047	27	421	49907077	49907077	113.63420427551875	22.76915642154694
6302	condition_006	f047	31	421	49892569	49892569	104.36104513062811	20.917152037336084
6302	condition_006	f048	15	421	49950601	49950601	287.61520190020207	57.57992819750098
6302	condition_006	f048	21	421	49928839	49928839	224.95249406173764	45.05462145068858
6302	condition_006	f048	27	421	49907077	49907077	176.232779097379	35.31218209741656
6302	condition_006	f048	31	421	49892569	49892569	149.81472684085114	30.02746297566901
6302	condition_006	f049	15	420	49950601	49950601	929.8761904764162	186.1591596218064
6302	condition_006	f049	21	421	49928839	49928839	824.0261282658994	165.04011404429
6302	condition_006	f049	27	421	49907077	49907077	730.2612826602244	146.32419419398664
6302	condition_006	f049	31	421	49892569	49892569	674.0498812350614	135.10025535767892
6302	condition_006	f050	15	421	49950601	49950601	607.2446555818638	121.56903889542066
6302	condition_006	f050	21	421	49928839	49928839	477.83372921610334	95.70295219884912
6302	condition_006	f050	27	421	49907077	49907077	376.6365795724249	75.4675693734628
6302	condition_006	f050	31	421	49892569	49892569	321.0973871733874	64.35775780024224
6302	condition_006	f051	15	421	49950601	49950601	653.0997624701943	130.74913001951552
6302	condition_006	f051	21	421	49928839	49928839	579.5676959619011	116.07874478353104
6302	condition_006	f051	27	421	49907077	49907077	514.8408551068121	103.15988954969494
6302	condition_006	f051	31	421	49892569	49892569	475.9643705462526	95.3978478330616
6302	condition_006	f052	15	421	49950601	49950601	619.7387173395832	124.07032246510572
6302	condition_006	f052	21	421	49928839	49928839	492.2137767220399	98.58306072809742
6302	condition_006	f052	27	421	49907077	49907077	390.94061757717253	78.33370357017152
6302	condition_006	f052	31	421	49892569	49892569	335.1947743467815	67.1833062648631
6302	condition_006	f053	15	417	49950601	49950601	1085.5707434052756	217.3288652533481
6302	condition_006	f053	21	421	49928839	49928839	962.3657957243176	192.74748121507847
6302	condition_006	f053	27	421	49907077	49907077	852.2802850355109	170.7734326006532
6302	condition_006	f053	31	421	49892569	49892569	785.8194774345782	157.50230809613714
6302	condition_006	f054	15	420	49950601	49950601	638.7880952382089	127.88396584822051
6302	condition_006	f054	21	421	49928839	49928839	500.03800475054845	100.15013662756077
6302	condition_006	f054	27	421	49907077	49907077	390.61282660330517	78.26802331126409
6302	condition_006	f054	31	421	49892569	49892569	330.9762470308708	66.33778409583816
6302	condition_006	megabase_171	15	171	49950601	49950601	20342.315789474254	4072.486693298096
6302	condition_006	megabase_171	21	171	49928839	49928839	16958.397660819166	3396.51351813311
6302	condition_006	megabase_171	27	171	49907077	49907077	14137.695906433119	2832.803833899773
6302	condition_006	megabase_171	31	171	49892569	49892569	12522.35672514653	2509.8640892086614
6302	condition_007	f001	15	61	199808632	199808632	364.42622950819947	18.238763053450036
6302	condition_007	f001	21	61	199721584	199721584	362.3606557377074	18.143289697607617
6302	condition_007	f001	27	61	199634536	199634536	360.2950819672154	18.04773308197613
6302	condition_007	f001	31	61	199576504	199576504	358.9180327868876	17.98398236231694
6302	condition_007	f002	15	61	199808632	199808632	235.2459016393419	11.773560495591695
6302	condition_007	f002	21	61	199721584	199721584	209.72131147540762	10.500683365069227
6302	condition_007	f002	27	61	199634536	199634536	187.78688524589978	9.406533008191516
6302	condition_007	f002	31	61	199576504	199576504	173.8196721311458	8.709425641163943
6302	condition_007	f003	15	61	199808632	199808632	230.4754098360672	11.534807456970487
6302	condition_007	f003	21	61	199721584	199721584	228.4426229508212	11.438053833521629
6302	condition_007	f003	27	61	199634536	199634536	227.16393442623098	11.378989776910695
6302	condition_007	f003	31	61	199576504	199576504	226.3114754098374	11.339585115181567
6302	condition_007	f004	15	61	199808632	199808632	274.5081967213085	13.738555435448278
6302	condition_007	f004	21	61	199721584	199721584	239.7049180327843	12.001953581180503
6302	condition_007	f004	27	61	199634536	199634536	212.1639344262273	10.627616778002144
6302	condition_007	f004	31	61	199576504	199576504	195.11475409835876	9.776439119224111
6302	condition_007	f005	15	61	199808632	199808632	464.67213114754463	23.255858693209245
6302	condition_007	f005	21	61	199721584	199721584	462.2131147541017	23.14287246760979
6302	condition_007	f005	27	61	199634536	199634536	459.75409836065916	23.029787709710664
6302	condition_007	f005	31	61	199576504	199576504	458.11475409836373	22.95434306727628
6302	condition_007	f006	15	61	199808632	199808632	230.95081967212874	11.558600715114686
6302	condition_007	f006	21	61	199721584	199721584	210.0327868852437	10.516278845717732
6302	condition_007	f006	27	61	199634536	199634536	192.03278688524398	9.619216731379785
6302	condition_007	f006	31	61	199576504	199576504	180.36065573770313	9.037168811099283
6302	condition_007	f007	15	61	199808632	199808632	1520.1639344262521	76.08099405966867
6302	condition_007	f007	21	61	199721584	199721584	1517.4098360655953	75.9762568308889
6302	condition_007	f007	27	61	199634536	199634536	1514.6557377049394	75.8714282635415
6302	condition_007	f007	31	61	199576504	199576504	1512.8196721311692	75.80149174930779
6302	condition_007	f008	15	61	199808632	199808632	1239.2622950819468	62.02246032503474
6302	condition_007	f008	21	61	199721584	199721584	1090.2622950819593	54.58910715839102
6302	condition_007	f008	27	61	199634536	199634536	961.754098360657	48.17573740651052
6302	condition_007	f008	31	61	199576504	199576504	886.4098360655803	44.41453870068695
6302	condition_007	f009	15	61	199808632	199808632	1648.3442622951143	82.49614872970625
6302	condition_007	f009	21	61	199721584	199721584	1645.4918032787193	82.3892826365086
6302	condition_007	f009	27	61	199634536	199634536	1642.639344262326	82.28232334821696
6302	condition_007	f009	31	61	199576504	199576504	1640.7377049180639	82.21096532075057
6302	condition_007	f010	15	61	199808632	199808632	1478.0491803278358	73.97323957094285
6302	condition_007	f010	21	61	199721584	199721584	1327.8524590163759	66.48517563411554
6302	condition_007	f010	27	61	199634536	199634536	1201.1803278688467	60.168964345369915
6302	condition_007	f010	31	61	199576504	199576504	1124.2622950819677	56.33239747911246
6302	condition_007	f011	15	61	199808632	199808632	1718.4426229508547	86.00442362023954
6302	condition_007	f011	21	61	199721584	199721584	1715.6885245901976	85.90401148581905
6302	condition_007	f011	27	61	199634536	199634536	1712.9344262295417	85.80351178463138
6302	condition_007	f011	31	61	199576504	199576504	1711.0983606557722	85.73646327905274
6302	condition_007	f012	15	61	199808632	199808632	1055.9508196721035	52.848108167424094
6302	condition_007	f012	21	61	199721584	199721584	952.9836065573598	47.715604266254964
6302	condition_007	f012	27	61	199634536	199634536	860.6885245901556	43.113207856488096
6302	condition_007	f012	31	61	199576504	199576504	806.8688524590136	40.42905032844015
6302	condition_007	f013	15	61	199808632	199808632	3885.7377049185156	194.47296475752438
6302	condition_007	f013	21	61	199721584	199721584	3881.4590163939247	194.3434925087478
6302	condition_007	f013	27	61	199634536	199634536	3877.524590164416	194.23115197685115
6302	condition_007	f013	31	61	199576504	199576504	3874.9016393447428	194.15620384575644
6302	condition_007	f014	15	61	199808632	199808632	3561.0655737707593	178.22381035924212
6302	condition_007	f014	21	61	199721584	199721584	3139.0327868854147	157.17043316086531
6302	condition_007	f014	27	61	199634536	199634536	2776.1639344263144	139.0623080580764
6302	condition_007	f014	31	61	199576504	199576504	2560.2622950820073	128.28475515745117
6302	condition_007	f015	15	61	199808632	199808632	3765.7868852463826	188.46967959053856
6302	condition_007	f015	21	61	199721584	199721584	3762.147540984086	188.36960260559948
6302	condition_007	f015	27	61	199634536	199634536	3758.508196721791	188.26943834616827
6302	condition_007	f015	31	61	199576504	199576504	3756.081967213593	188.202613630991
6302	condition_007	f016	15	60	199808632	199808632	3024.599999999945	151.37484150334132
6302	condition_007	f016	21	61	199721584	199721584	2642.3606557379117	132.3022080446704
6302	condition_007	f016	27	61	199634536	199634536	2295.3442622952093	114.97731345919073
6302	condition_007	f016	31	61	199576504	199576504	2081.147540983685	104.27818401827928
6302	condition_007	f017	15	61	199808632	199808632	4868.7868852465845	243.67249985709248
6302	condition_007	f017	21	61	199721584	199721584	4864.229508197404	243.55051721387332
6302	condition_007	f017	27	61	199634536	199634536	4860.295081967894	243.45963275451965
6302	condition_007	f017	31	61	199576504	199576504	4857.672131148223	243.39899906996183
6302	condition_007	f018	15	61	199808632	199808632	2771.016393442846	138.68351760913143
6302	condition_007	f018	21	61	199721584	199721584	2474.4918032788464	123.89706478989504
6302	condition_007	f018	27	61	199634536	199634536	2211.5409836066624	110.77947873741958
6302	condition_007	f018	31	61	199576504	199576504	2056.836065573848	103.0600308327802
6302	condition_007	f019	15	171	199808632	199808632	221.63742690059019	11.092485078451976
6302	condition_007	f019	21	171	199721584	199721584	220.87134502924516	11.058962211577752
6302	condition_007	f019	27	171	199634536	199634536	220.41520467836796	11.040935556279097
6302	condition_007	f019	31	171	199576504	199576504	220.1111111111165	11.028909049890787
6302	condition_007	f020	15	171	199808632	199808632	247.0058479532221	12.36212096948955
6302	condition_007	f020	21	171	199721584	199721584	212.02923976608656	10.616240644580836
6302	condition_007	f020	27	171	199634536	199634536	184.2456140350916	9.229145303550665
6302	condition_007	f020	31	171	199576504	199576504	167.47953216374617	8.39174596242783
6302	condition_007	f021	15	171	199808632	199808632	414.590643274864	20.74938600624942
6302	condition_007	f021	21	171	199721584	199721584	413.4912280701856	20.703382167757372
6302	condition_007	f021	27	171	199634536	199634536	412.6491228070277	20.67022726002818
6302	condition_007	f021	31	171	199576504	199576504	412.08771929825576	20.64810792047223
6302	condition_007	f022	15	171	199808632	199808632	351.0526315789553	17.5694427245243
6302	condition_007	f022	21	171	199721584	199721584	308.3274853801239	15.437865012132285
6302	condition_007	f022	27	171	199634536	199634536	268.49122807018114	13.449137281045456
6302	condition_007	f022	31	171	199576504	199576504	244.1754385964964	12.234678617102963
6302	condition_007	f023	15	171	199808632	199808632	411.69005847954224	20.60421786379791
6302	condition_007	f023	21	171	199721584	199721584	410.77777777778783	20.567520522858853
6302	condition_007	f023	27	171	199634536	199634536	409.8654970760334	20.530791179139136
6302	condition_007	f023	31	171	199576504	199576504	409.2573099415305	20.506287149990886
6302	condition_007	f024	15	171	199808632	199808632	347.39181286550496	17.386226480220582
6302	condition_007	f024	21	171	199721584	199721584	299.45614035088346	14.99367941878948
6302	condition_007	f024	27	171	199634536	199634536	258.1345029239819	12.930353038914165
6302	condition_007	f024	31	171	199576504	199576504	234.49707602339626	11.749733627130588
6302	condition_007	f025	15	171	199808632	199808632	1826.7777777778247	91.42636929608851
6302	condition_007	f025	21	171	199721584	199721584	1824.783625731043	91.36637058371431
6302	condition_007	f025	27	171	199634536	199634536	1823.23976608192	91.3288753846639
6302	condition_007	f025	31	171	199576504	199576504	1822.2105263158383	91.30386041414165
6302	condition_007	f026	15	171	199808632	199808632	1277.7660818713778	63.94949352695522
6302	condition_007	f026	21	171	199721584	199721584	1143.163742690088	57.23786682415296
6302	condition_007	f026	27	171	199634536	199634536	1021.9649122807276	51.19178939463298
6302	condition_007	f026	31	171	199576504	199576504	949.0116959064568	47.551273666285724
6302	condition_007	f027	15	171	199808632	199808632	1113.444444444474	55.72554265045335
6302	condition_007	f027	21	171	199721584	199721584	1112.146198830439	55.68482767643376
6302	condition_007	f027	27	171	199634536	199634536	1111.023391812895	55.65286518425324
6302	condition_007	f027	31	171	199576504	199576504	1110.274853801199	55.6315413662722
6302	condition_007	f028	15	171	199808632	199808632	1276.543859649156	63.88832388628515
6302	condition_007	f028	21	171	199721584	199721584	1123.64327485383	56.26048283563733
6302	condition_007	f028	27	171	199634536	199634536	991.4385964912533	49.66267943194224
6302	condition_007	f028	31	171	199576504	199576504	914.4385964912511	45.81895053594341
6302	condition_007	f029	15	171	199808632	199808632	1301.4736842105604	65.1360089493311
6302	condition_007	f029	21	171	199721584	199721584	1300.0701754386307	65.09412500146357
6302	condition_007	f029	27	171	199634536	199634536	1298.6666666667008	65.05220452771263
6302	condition_007	f029	31	171	199576504	199576504	1297.7309941520807	65.02423722945265
6302	condition_007	f030	15	171	199808632	199808632	1194.9298245614348	59.80371381359714
6302	condition_007	f030	21	171	199721584	199721584	1055.7836257310214	52.8627704920977
6302	condition_007	f030	27	171	199634536	199634536	934.1871345029477	46.79486591953948
6302	condition_007	f030	31	171	199576504	199576504	861.3450292397881	43.158639016934984
6302	condition_007	f031	15	169	199808632	199808632	3664.7337278107902	183.41218250324593
6302	condition_007	f031	21	171	199721584	199721584	3661.9298245615037	183.3517315064707
6302	condition_007	f031	27	171	199634536	199634536	3659.5438596492236	183.3121629640887
6302	condition_007	f031	31	171	199576504	199576504	3657.953216374368	183.28576475988217
6302	condition_007	f032	15	171	199808632	199808632	2962.807017543936	148.28223324925904
6302	condition_007	f032	21	171	199721584	199721584	2612.4736842105963	130.80577631562326
6302	condition_007	f032	27	171	199634536	199634536	2306.4678362573713	115.53451033429263
6302	condition_007	f032	31	171	199576504	199576504	2122.801169590698	106.36528484288401
6302	condition_007	f033	15	171	199808632	199808632	4119.508771929934	206.17271289510325
6302	condition_007	f033	21	171	199721584	199721584	4116.959064327598	206.1349095011983
6302	condition_007	f033	27	171	199634536	199634536	4114.643274853913	206.1087904576748
6302	condition_007	f033	31	171	199576504	199576504	4113.099415204791	206.09136510401999
6302	condition_007	f034	15	171	199808632	199808632	3180.0116959065163	159.15286862614204
6302	condition_007	f034	21	171	199721584	199721584	2818.1052631579705	141.1016879957236
6302	condition_007	f034	27	171	199634536	199634536	2497.5380116959714	125.10550838237585
6302	condition_007	f034	31	171	199576504	199576504	2306.695906432809	115.57953267047954
6302	condition_007	f035	15	171	199808632	199808632	4475.830409356846	224.0058582332342
6302	condition_007	f035	21	171	199721584	199721584	4472.883040935795	223.95591659916911
6302	condition_007	f035	27	171	199634536	199634536	4470.076023391935	223.91296180295856
6302	condition_007	f035	31	171	199576504	199576504	4468.204678362695	223.8843044551324
6302	condition_007	f036	15	171	199808632	199808632	2150.625730994208	107.6342753297169
6302	condition_007	f036	21	171	199721584	199721584	1920.1578947368932	96.14173171873567
6302	condition_007	f036	27	171	199634536	199634536	1716.7192982456597	85.9931018271137
6302	condition_007	f036	31	171	199576504	199576504	1593.8538011696326	79.8617958138816
6302	condition_007	f037	15	419	199808632	199808632	474.2124105012266	23.733329524083153
6302	condition_007	f037	21	421	199721584	199721584	472.5748218526799	23.66168004418991
6302	condition_007	f037	27	421	199634536	199634536	472.03325415671793	23.644869450680517
6302	condition_007	f037	31	421	199576504	199576504	471.67220902607664	23.633654241487093
6302	condition_007	f038	15	410	199808632	199808632	267.37560975606686	13.381584523138462
6302	condition_007	f038	21	421	199721584	199721584	237.92874109262274	11.913020932811285
6302	condition_007	f038	27	421	199634536	199634536	212.5724465558115	10.648079776928553
6302	condition_007	f038	31	421	199576504	199576504	198.11638954868874	9.926839361245086
6302	condition_007	f039	15	421	199808632	199808632	382.3539192398634	19.136006058029736
6302	condition_007	f039	21	421	199721584	199721584	381.47505938238015	19.100342173451825
6302	condition_007	f039	27	421	199634536	199634536	381.0190023752542	19.085826030384553
6302	condition_007	f039	31	421	199576504	199576504	380.7149643705039	19.076141566769998
6302	condition_007	f040	15	421	199808632	199808632	279.99999999997937	14.013408589874103
6302	condition_007	f040	21	421	199721584	199721584	248.30403800473673	12.432508947292183
6302	condition_007	f040	27	421	199634536	199634536	219.9548693586623	11.017876654301054
6302	condition_007	f040	31	421	199576504	199576504	203.09501187648036	10.176298702801226
6302	condition_007	f041	15	421	199808632	199808632	216.90973871732243	10.855874270603206
6302	condition_007	f041	21	421	199721584	199721584	216.55344418050538	10.842766207006719
6302	condition_007	f041	27	421	199634536	199634536	216.22565320663367	10.8310744993859
6302	condition_007	f041	31	421	199576504	199576504	216.0071258907192	10.823274361531016
6302	condition_007	f042	15	421	199808632	199808632	346.19477434676867	17.32631723071747
6302	condition_007	f042	21	421	199721584	199721584	308.0617577196991	15.42456010761957
6302	condition_007	f042	27	421	199634536	199634536	274.1543942992782	13.732813960570338
6302	condition_007	f042	31	421	199576504	199576504	252.9334916864554	12.673510489313681
6302	condition_007	f043	15	421	199808632	199808632	1573.6199524937717	78.7563548552683
6302	condition_007	f043	21	421	199721584	199721584	1572.171021377386	78.71813300746634
6302	condition_007	f043	27	421	199634536	199634536	1571.2019002372433	78.7039122447853
6302	condition_007	f043	31	421	199576504	199576504	1570.5558194771484	78.69442484457731
6302	condition_007	f044	15	421	199808632	199808632	1414.4774346791123	70.79160797613149
6302	condition_007	f044	21	421	199721584	199721584	1262.8266033252346	63.229350480478594
6302	condition_007	f044	27	421	199634536	199634536	1126.8646080758633	56.446375995577405
6302	condition_007	f044	31	421	199576504	199576504	1044.6080760093755	52.34123531943297
6302	condition_007	f045	15	421	199808632	199808632	1418.0261282657734	70.96921259466775
6302	condition_007	f045	21	421	199721584	199721584	1416.7719714961809	70.93734903966018
6302	condition_007	f045	27	421	199634536	199634536	1415.9026128263474	70.92473282410151
6302	condition_007	f045	31	421	199576504	199576504	1415.3230403797913	70.91631589958061
6302	condition_007	f046	15	421	199808632	199808632	1239.365795724272	62.02764031357123
6302	condition_007	f046	21	421	199721584	199721584	1089.5035629452143	54.55111766714279
6302	condition_007	f046	27	421	199634536	199634536	956.0570071257712	47.8903613714298
6302	condition_007	f046	31	421	199576504	199576504	876.7600950117773	43.931027823384326
6302	condition_007	f047	15	421	199808632	199808632	821.3230403798977	41.10548338972151
6302	condition_007	f047	21	421	199721584	199721584	820.266033254008	41.07047504960746
6302	condition_007	f047	27	421	199634536	199634536	819.7387173395188	41.06196922457939
6302	condition_007	f047	31	421	199576504	199576504	819.3871733965259	41.05629455241514
6302	condition_007	f048	15	421	199808632	199808632	1260.6175771969702	63.091247088712876
6302	condition_007	f048	21	421	199721584	199721584	1111.7149643704063	55.66323589594634
6302	condition_007	f048	27	421	199634536	199634536	981.5106888359962	49.16537531542119
6302	condition_007	f048	31	421	199576504	199576504	903.6080760094117	45.27627540812177
6302	condition_007	f049	15	420	199808632	199808632	3993.9095238105824	199.88673581482618
6302	condition_007	f049	21	421	199721584	199721584	3991.420427552677	199.84922749023846
6302	condition_007	f049	27	421	199634536	199634536	3989.4394299279734	199.83713789521735
6302	condition_007	f049	31	421	199576504	199576504	3988.1187648448376	199.82907230626898
6302	condition_007	f050	15	421	199808632	199808632	3082.5391923985426	154.27457570494465
6302	condition_007	f050	21	421	199721584	199721584	2736.1520190019573	136.99831356244187
6302	condition_007	f050	27	421	199634536	199634536	2429.4560570067883	121.69517888461885
6302	condition_007	f050	31	421	199576504	199576504	2241.684085510401	112.32204395715846
6302	condition_007	f051	15	421	199808632	199808632	4410.6769596191	220.74506568960942
6302	condition_007	f051	21	421	199721584	199721584	4408.1757719706475	220.71604298765462
6302	condition_007	f051	27	421	199634536	199634536	4405.909738716486	220.69877421993183
6302	condition_007	f051	31	421	199576504	199576504	4404.399049880381	220.6872533392198
6302	condition_007	f052	15	421	199808632	199808632	2796.394299286939	139.95362819394805
6302	condition_007	f052	21	421	199721584	199721584	2492.4251781468774	124.79498350798566
6302	condition_007	f052	27	421	199634536	199634536	2221.752969120822	111.29101274945843
6302	condition_007	f052	31	421	199576504	199576504	2056.605700712315	103.04848814830001
6302	condition_007	f053	15	417	199808632	199808632	3972.1486810548145	198.79765159769545
6302	condition_007	f053	21	421	199721584	199721584	3970.0855106880676	198.78099458134017
6302	condition_007	f053	27	421	199634536	199634536	3968.090261281893	198.76772530389698
6302	condition_007	f053	31	421	199576504	199576504	3966.760095011109	198.75887268829547
6302	condition_007	f054	15	420	199808632	199808632	3162.411904762627	158.27203625329994
6302	condition_007	f054	21	421	199721584	199721584	2791.1021377668067	139.7496495805284
6302	condition_007	f054	27	421	199634536	199634536	2458.570071258581	123.15354449786086
6302	condition_007	f054	31	421	199576504	199576504	2258.505938242007	113.16492136980246
6302	condition_007	megabase_171	15	171	199808632	199808632	100910.03508772208	5050.334116081735
6302	condition_007	megabase_171	21	171	199721584	199721584	94885.98830409614	4750.913066266095
6302	condition_007	megabase_171	27	171	199634536	199634536	89222.96491228315	4469.315114509202
6302	condition_007	megabase_171	31	171	199576504	199576504	85631.61403509001	4290.666101410916
6302	condition_008	f001	15	61	199809936	199809936	345.59016393442727	17.29594487905883
6302	condition_008	f001	21	61	199722888	199722888	335.83606557377067	16.8151016108765
6302	condition_008	f001	27	61	199635840	199635840	326.5737704918027	16.358474034111445
6302	condition_008	f001	31	61	199577808	199577808	320.4262295081957	16.055203367510465
6302	condition_008	f002	15	61	199809936	199809936	224.44262295081742	11.23280590765103
6302	condition_008	f002	21	61	199722888	199722888	195.85245901639144	9.806210043207038
6302	condition_008	f002	27	61	199635840	199635840	171.9672131147524	8.614045109072219
6302	condition_008	f002	31	61	199577808	199577808	157.0983606557362	7.871534527312586
6302	condition_008	f003	15	61	199809936	199809936	219.8524590163941	11.003079397232483
6302	condition_008	f003	21	61	199722888	199722888	213.59016393442644	10.694325826813923
6302	condition_008	f003	27	61	199635840	199635840	208.19672131147513	10.428824869896864
6302	condition_008	f003	31	61	199577808	199577808	204.72131147540927	10.257719208711285
6302	condition_008	f004	15	61	199809936	199809936	263.5737704918005	13.191224408970355
6302	condition_008	f004	21	61	199722888	199722888	226.4098360655715	11.33619878686971
6302	condition_008	f004	27	61	199635840	199635840	197.27868852458823	9.881927439711639
6302	condition_008	f004	31	61	199577808	199577808	179.34426229508023	8.986182586747331
6302	condition_008	f005	15	61	199809936	199809936	445.06557377049364	22.274446540561105
6302	condition_008	f005	21	61	199722888	199722888	434.7049180327878	21.765403173660687
6302	condition_008	f005	27	61	199635840	199635840	424.44262295081995	21.26084289027561
6302	condition_008	f005	31	61	199577808	199577808	417.88524590163894	20.938462551990696
6302	condition_008	f006	15	61	199809936	199809936	222.77049180327637	11.149119821712787
6302	condition_008	f006	21	61	199722888	199722888	199.6229508196701	9.994996207929363
6302	condition_008	f006	27	61	199635840	199635840	179.62295081967034	8.997530244051887
6302	condition_008	f006	31	61	199577808	199577808	166.75409836065413	8.35534271228463
6302	condition_008	f007	15	61	199809936	199809936	1461.2459016393548	73.13179368814545
6302	condition_008	f007	21	61	199722888	199722888	1434.295081967219	71.81425706037352
6302	condition_008	f007	27	61	199635840	199635840	1407.8524590163947	70.52102763794291
6302	condition_008	f007	31	61	199577808	199577808	1390.4098360655723	69.66755722988863
6302	condition_008	f008	15	61	199809936	199809936	1186.8032786885087	59.3966097205751
6302	condition_008	f008	21	61	199722888	199722888	1023.8360655737675	51.26283100681818
6302	condition_008	f008	27	61	199635840	199635840	884.8360655737768	44.32250569706205
6302	condition_008	f008	31	61	199577808	199577808	804.1147540983721	40.290789950873304
6302	condition_008	f009	15	61	199809936	199809936	1572.622950819687	78.70594337309068
6302	condition_008	f009	21	61	199722888	199722888	1538.9180327868928	77.05266272671227
6302	condition_008	f009	27	61	199635840	199635840	1506.1803278688524	75.44638917885949
6302	condition_008	f009	31	61	199577808	199577808	1484.8688524590123	74.40049910053187
6302	condition_008	f010	15	61	199809936	199809936	1416.459016393417	70.89031930791555
6302	condition_008	f010	21	61	199722888	199722888	1249.0491803278583	62.53911070662359
6302	condition_008	f010	27	61	199635840	199635840	1108.7868852459032	55.54047235435797
6302	condition_008	f010	31	61	199577808	199577808	1025.2131147541065	51.36909384003789
6302	condition_008	f011	15	61	199809936	199809936	1648.6393442623144	82.51037847598903
6302	condition_008	f011	21	61	199722888	199722888	1617.0000000000123	80.96217795528834
6302	condition_008	f011	27	61	199635840	199635840	1585.868852459022	79.43808348536125
6302	condition_008	f011	31	61	199577808	199577808	1565.5245901639357	78.44181704630886
6302	condition_008	f012	15	61	199809936	199809936	1007.1311475409609	50.404457741328784
6302	condition_008	f012	21	61	199722888	199722888	889.8688524590053	44.555176493292315
6302	condition_008	f012	27	61	199635840	199635840	786.393442622949	39.39139598495686
6302	condition_008	f012	31	61	199577808	199577808	726.9508196721347	36.4244315015292
6302	condition_008	f013	15	61	199809936	199809936	3724.245901639785	186.3894246800512
6302	condition_008	f013	21	61	199722888	199722888	3654.016393443047	182.9543138512521
6302	condition_008	f013	27	61	199635840	199635840	3585.475409836471	179.60078760589636
6302	condition_008	f013	31	61	199577808	199577808	3540.672131147935	177.4081079770119
6302	condition_008	f014	15	61	199809936	199809936	3419.1967213117114	171.12245715907298
6302	condition_008	f014	21	61	199722888	199722888	2962.6229508197994	148.3366769070453
6302	condition_008	f014	27	61	199635840	199635840	2575.3606557377493	129.00292130600144
6302	condition_008	f014	31	61	199577808	199577808	2348.327868852469	117.66477908468003
6302	condition_008	f015	15	61	199809936	199809936	3612.83606557421	180.81363409146027
6302	condition_008	f015	21	61	199722888	199722888	3547.0000000004225	177.59607001078527
6302	condition_008	f015	27	61	199635840	199635840	3482.0000000004047	174.4175795288263
6302	condition_008	f015	31	61	199577808	199577808	3439.5737704921985	172.34249664131988
6302	condition_008	f016	15	60	199809936	199809936	2895.5833333332516	144.91688407994144
6302	condition_008	f016	21	61	199722888	199722888	2480.1147540985294	124.17779348847236
6302	condition_008	f016	27	61	199635840	199635840	2112.377049180413	105.81151406382807
6302	condition_008	f016	31	61	199577808	199577808	1889.7049180328252	94.68512240763889
6302	condition_008	f017	15	61	199809936	199809936	4666.4426229514465	233.54407275078884
6302	condition_008	f017	21	61	199722888	199722888	4580.459016394046	229.34071614236052
6302	condition_008	f017	27	61	199635840	199635840	4496.475409836643	225.23387633386085
6302	condition_008	f017	31	61	199577808	199577808	4441.131147541548	222.5263014984886
6302	condition_008	f018	15	61	199809936	199809936	2660.7213114756078	133.1626126678509
6302	condition_008	f018	21	61	199722888	199722888	2335.868852459145	116.95549147372358
6302	condition_008	f018	27	61	199635840	199635840	2052.8360655738466	102.82903438449962
6302	condition_008	f018	31	61	199577808	199577808	1888.4262295082447	94.62105273288925
6302	condition_008	f019	15	171	199809936	199809936	212.22222222222734	10.62120465431846
6302	condition_008	f019	21	171	199722888	199722888	207.65497076023894	10.397154419289137
6302	condition_008	f019	27	171	199635840	199635840	203.53216374269493	10.195171555503006
6302	condition_008	f019	31	171	199577808	199577808	200.83040935673	10.062762557084003
6302	condition_008	f020	15	171	199809936	199809936	237.23391812866043	11.87297903587039
6302	condition_008	f020	21	171	199722888	199722888	199.98830409357163	10.01328921768704
6302	condition_008	f020	27	171	199635840	199635840	170.76023391813226	8.55358606541452
6302	condition_008	f020	31	171	199577808	199577808	153.46783625731302	7.689624302182586
6302	condition_008	f021	15	171	199809936	199809936	398.4444444444542	19.941172717479585
6302	condition_008	f021	21	171	199722888	199722888	390.63742690059433	19.558971473544602
6302	condition_008	f021	27	171	199635840	199635840	383.21637426901515	19.19577037214436
6302	condition_008	f021	31	171	199577808	199577808	378.4152046783717	18.960785694087377
6302	condition_008	f022	15	171	199809936	199809936	338.73684210527085	16.952952835402083
6302	condition_008	f022	21	171	199722888	199722888	293.321637426907	14.686430802407934
6302	condition_008	f022	27	171	199635840	199635840	251.78362573099952	12.612145481041857
6302	condition_008	f022	31	171	199577808	199577808	226.8654970760279	11.367270707574257
6302	condition_008	f023	15	171	199809936	199809936	392.00584795322567	19.618936665553292
6302	condition_008	f023	21	171	199722888	199722888	383.1695906432839	19.185061586095426
6302	condition_008	f023	27	171	199635840	199635840	374.41520467837137	18.75490917253993
6302	condition_008	f023	31	171	199577808	199577808	368.66081871345887	18.47203466196296
6302	condition_008	f024	15	171	199809936	199809936	333.76023391813595	16.7038857325962
6302	condition_008	f024	21	171	199722888	199722888	282.9298245614093	14.166119236239428
6302	condition_008	f024	27	171	199635840	199635840	240.08771929825036	12.02628342176687
6302	condition_008	f024	31	171	199577808	199577808	215.92982456140754	10.81933040177531
6302	condition_008	f025	15	171	199809936	199809936	1753.7076023392262	87.76878855209814
6302	condition_008	f025	21	171	199722888	199722888	1721.549707602385	86.19691637957814
6302	condition_008	f025	27	171	199635840	199635840	1690.3040935672966	84.669370668478
6302	condition_008	f025	31	171	199577808	199577808	1669.7719298246054	83.66521040378424
6302	condition_008	f026	15	171	199809936	199809936	1226.2397660819026	61.370309736844256
6302	condition_008	f026	21	171	199722888	199722888	1078.0760233918404	53.97859174717323
6302	condition_008	f026	27	171	199635840	199635840	947.2222222222458	47.44750352553158
6302	condition_008	f026	31	171	199577808	199577808	869.6432748538228	43.57414702409312
6302	condition_008	f027	15	171	199809936	199809936	1067.4678362573384	53.42416186236796
6302	condition_008	f027	21	171	199722888	199722888	1047.2748538011972	52.43639646354389
6302	condition_008	f027	27	171	199635840	199635840	1027.8479532164015	51.48614363114366
6302	condition_008	f027	31	171	199577808	199577808	1015.0760233918396	50.86116705880644
6302	condition_008	f028	15	171	199809936	199809936	1223.508771929856	61.233630139887346
6302	condition_008	f028	21	171	199722888	199722888	1057.3040935672782	52.938554221551115
6302	condition_008	f028	27	171	199635840	199635840	916.1871345029468	45.89291855124545
6302	condition_008	f028	31	171	199577808	199577808	835.3508771930032	41.85589999029367
6302	condition_008	f029	15	171	199809936	199809936	1245.748538011729	62.34667619390704
6302	condition_008	f029	21	171	199722888	199722888	1221.4678362573422	61.15813007156907
6302	condition_008	f029	27	171	199635840	199635840	1197.6491228070486	59.991689007697644
6302	condition_008	f029	31	171	199577808	199577808	1182.01754385968	59.22590070032636
6302	condition_008	f030	15	171	199809936	199809936	1141.6198830409655	57.13529096175505
6302	condition_008	f030	21	171	199722888	199722888	989.6315789473938	49.55023376927104
6302	condition_008	f030	27	171	199635840	199635840	858.9590643275072	43.02629549521304
6302	condition_008	f030	31	171	199577808	199577808	781.8128654970957	39.173336621529366
6302	condition_008	f031	15	169	199809936	199809936	3508.3905325445126	175.58638988526138
6302	condition_008	f031	21	171	199722888	199722888	3440.8128654971692	172.27934664639787
6302	condition_008	f031	27	171	199635840	199635840	3374.7719298246516	169.0463961693778
6302	condition_008	f031	31	171	199577808	199577808	3331.485380117051	166.9266444752741
6302	condition_008	f032	15	171	199809936	199809936	2838.730994152121	142.071563155504
6302	condition_008	f032	21	171	199722888	199722888	2458.181286549772	123.07959849598069
6302	condition_008	f032	27	171	199635840	199635840	2131.239766081927	106.75637030314432
6302	condition_008	f032	31	171	199577808	199577808	1938.0467836257817	97.10732886823678
6302	condition_008	f033	15	171	199809936	199809936	3950.029239766186	197.6893301125018
6302	condition_008	f033	21	171	199722888	199722888	3877.871345029347	194.16259117129064
6302	condition_008	f033	27	171	199635840	199635840	3807.3333333334367	190.71391856960335
6302	condition_008	f033	31	171	199577808	199577808	3761.046783625834	188.45014990974516
6302	condition_008	f034	15	171	199809936	199809936	3053.5321637427714	152.82183783607096
6302	condition_008	f034	21	171	199722888	199722888	2661.263157894807	133.24778068975286
6302	condition_008	f034	27	171	199635840	199635840	2319.3508771930433	116.1790827334933
6302	condition_008	f034	31	171	199577808	199577808	2118.269005848009	106.1375023142858
6302	condition_008	f035	15	171	199809936	199809936	4290.730994152162	214.74062201552186
6302	condition_008	f035	21	171	199722888	199722888	4211.9941520468965	210.89191099854796
6302	condition_008	f035	27	171	199635840	199635840	4134.742690058592	207.11424812591727
6302	condition_008	f035	31	171	199577808	199577808	4083.8421052632675	204.62405846562197
6302	condition_008	f036	15	171	199809936	199809936	2064.1988304094107	103.30811729049404
6302	condition_008	f036	21	171	199722888	199722888	1810.23976608192	90.63757209849278
6302	condition_008	f036	27	171	199635840	199635840	1589.6432748538427	79.62714885532792
6302	condition_008	f036	31	171	199577808	199577808	1458.3976608187515	73.074139626724
6302	condition_008	f037	15	419	199809936	199809936	453.84964200480795	22.714067733088505
6302	condition_008	f037	21	421	199722888	199722888	443.80522565316176	22.221049880530554
6302	condition_008	f037	27	421	199635840	199635840	434.99287410922085	21.78931769512032
6302	condition_008	f037	31	421	199577808	199577808	429.21140142513667	21.505968310120764
6302	condition_008	f038	15	410	199809936	199809936	256.8268292682639	12.853556455183686
6302	condition_008	f038	21	421	199722888	199722888	224.92161520188932	11.261684499669828
6302	condition_008	f038	27	421	199635840	199635840	197.74109263657485	9.905089819371854
6302	condition_008	f038	31	421	199577808	199577808	182.32304038004563	9.135436560163324
6302	condition_008	f039	15	421	199809936	199809936	365.7885985747844	18.306827272833136
6302	condition_008	f039	21	421	199722888	199722888	358.1448931116019	17.932090643091538
6302	condition_008	f039	27	421	199635840	199635840	351.0950118764491	17.58677258935315
6302	condition_008	f039	31	421	199577808	199577808	346.4560570070916	17.35944795060038
6302	condition_008	f040	15	421	199809936	199809936	269.03325415675147	13.464458251803428
6302	condition_008	f040	21	421	199722888	199722888	234.65795724464508	11.749177051988406
6302	condition_008	f040	27	421	199635840	199635840	204.55581947743045	10.246447705854342
6302	condition_008	f040	31	421	199577808	199577808	186.90023752969012	9.364780553642023
6302	condition_008	f041	15	421	199809936	199809936	207.92874109262112	10.406326394730495
6302	condition_008	f041	21	421	199722888	199722888	203.8812351543796	10.208205839401822
6302	condition_008	f041	27	421	199635840	199635840	199.96199524939217	10.016337509807466
6302	condition_008	f041	31	421	199577808	199577808	197.38242280283683	9.889998531441773
6302	condition_008	f042	15	421	199809936	199809936	331.38004750591705	16.584763207467173
6302	condition_008	f042	21	421	199722888	199722888	289.66745843229165	14.503468347217753
6302	condition_008	f042	27	421	199635840	199635840	253.2351543942935	12.684854302428537
6302	condition_008	f042	31	421	199577808	199577808	230.83135391923764	11.565983023485138
6302	condition_008	f043	15	421	199809936	199809936	1508.7410926363068	75.50881216619311
6302	condition_008	f043	21	421	199722888	199722888	1480.8479809973621	74.14513157837784
6302	condition_008	f043	27	421	199635840	199635840	1453.9572446553266	72.830471956104
6302	condition_008	f043	31	421	199577808	199577808	1436.249406175522	71.96438424534264
6302	condition_008	f044	15	421	199809936	199809936	1356.833729215945	67.90621909893135
6302	condition_008	f044	21	421	199722888	199722888	1190.3705463181275	59.60110822742196
6302	condition_008	f044	27	421	199635840	199635840	1043.8147268407304	52.28593857900116
6302	condition_008	f044	31	421	199577808	199577808	956.2969121139106	47.915994353135225
6302	condition_008	f045	15	421	199809936	199809936	1358.5059382420377	67.98990908250117
6302	condition_008	f045	21	421	199722888	199722888	1332.8598574819512	66.73545885647073
6302	condition_008	f045	27	421	199635840	199635840	1307.9334916862333	65.51596605530517
6302	condition_008	f045	31	421	199577808	199577808	1291.6579572444327	64.71951817631111
6302	condition_008	f046	15	421	199809936	199809936	1188.1543942991075	59.4642297617826
6302	condition_008	f046	21	421	199722888	199722888	1026.3444180521185	51.38842264548661
6302	condition_008	f046	27	421	199635840	199635840	885.1282660331523	44.33714237048579
6302	condition_008	f046	31	421	199577808	199577808	802.5890736341227	40.21434455448687
6302	condition_008	f047	15	421	199809936	199809936	785.4156769594797	39.308139158779355
6302	condition_008	f047	21	421	199722888	199722888	769.655581947608	38.53617327762695
6302	condition_008	f047	27	421	199635840	199635840	754.802850356163	37.808985117910844
6302	condition_008	f047	31	421	199577808	199577808	744.9881235153105	37.3282045223841
6302	condition_008	f048	15	421	199809936	199809936	1210.035629453516	60.55933221726851
6302	condition_008	f048	21	421	199722888	199722888	1048.733966745719	52.509453335449415
6302	condition_008	f048	27	421	199635840	199635840	909.9287410925455	45.57942807727037
6302	condition_008	f048	31	421	199577808	199577808	827.9287410925638	41.4840081364439
6302	condition_008	f049	15	420	199809936	199809936	3825.6714285724333	191.46552494628864
6302	condition_008	f049	21	421	199722888	199722888	3754.254156768879	187.97315592436652
6302	condition_008	f049	27	421	199635840	199635840	3684.8266033247155	184.5774087120186
6302	condition_008	f049	31	421	199577808	199577808	3639.2779097380285	182.34882656582883
6302	condition_008	f050	15	421	199809936	199809936	2957.218527315439	148.00157522273764
6302	condition_008	f050	21	421	199722888	199722888	2578.610451306036	129.10941140136308
6302	condition_008	f050	27	421	199635840	199635840	2249.1638954866476	112.66333216954668
6302	condition_008	f050	31	421	199577808	199577808	2050.638954869121	102.74884644835466
6302	condition_008	f051	15	421	199809936	199809936	4224.7980997616705	211.44084144852891
6302	condition_008	f051	21	421	199722888	199722888	4146.769596198742	207.6261583098449
6302	condition_008	f051	27	421	199635840	199635840	4070.5368171013765	203.898098512841
6302	condition_008	f051	31	421	199577808	199577808	4020.4513064125517	201.44781359721878
6302	condition_008	f052	15	421	199809936	199809936	2680.6627078380384	134.16063092268035
6302	condition_008	f052	21	421	199722888	199722888	2346.7695961991726	117.50128489025117
6302	condition_008	f052	27	421	199635840	199635840	2054.163895486663	102.89554698628578
6302	condition_008	f052	31	421	199577808	199577808	1878.323040379821	94.11482464923259
6302	condition_008	f053	15	417	199809936	199809936	3809.417266186767	190.65204375956392
6302	condition_008	f053	21	421	199722888	199722888	3740.6389548686525	187.2914512866774
6302	condition_008	f053	27	421	199635840	199635840	3672.8788598567958	183.97893183191934
6302	condition_008	f053	31	421	199577808	199577808	3628.4346793342415	181.80551814329183
6302	condition_008	f054	15	420	199809936	199809936	3030.138095238769	151.6510217609383
6302	condition_008	f054	21	421	199722888	199722888	2626.2304038001057	131.4937126184609
6302	condition_008	f054	27	421	199635840	199635840	2272.066508313259	113.8105516681403
6302	condition_008	f054	31	421	199577808	199577808	2062.337292161297	103.33500066106032
6302	condition_008	megabase_171	15	171	199809936	199809936	96663.51461988581	4837.7731635871105
6302	condition_008	megabase_171	21	171	199722888	199722888	89264.32748538269	4469.409008615111
6302	condition_008	megabase_171	27	171	199635840	199635840	82432.71929824784	4129.154329114845
6302	condition_008	megabase_171	31	171	199577808	199577808	78168.16374269218	3916.6761337859857
6302	condition_009	f001	15	61	199809038	199809038	272.5409836065545	13.640072858293554
6302	condition_009	f001	21	61	199721990	199721990	239.54098360655493	11.993721052276463
6302	condition_009	f001	27	61	199634942	199634942	210.95081967212911	10.566828510017505
6302	condition_009	f001	31	61	199576910	199576910	194.0983606557358	9.72549182446686
6302	condition_009	f002	15	61	199809038	199809038	179.21311475409664	8.969219638307685
6302	condition_009	f002	21	61	199721990	199721990	143.6065573770478	7.190322777028599
6302	condition_009	f002	27	61	199634942	199634942	115.62295081967109	5.791719107954112
6302	condition_009	f002	31	61	199576910	199576910	99.95081967213032	5.008135443730957
6302	condition_009	f003	15	61	199809038	199809038	173.22950819671968	8.669753377057932
6302	condition_009	f003	21	61	199721990	199721990	154.09836065573614	7.71564316256493
6302	condition_009	f003	27	61	199634942	199634942	137.6721311475396	6.896194111526809
6302	condition_009	f003	31	61	199576910	199576910	127.18032786885124	6.372497092416714
6302	condition_009	f004	15	61	199809038	199809038	208.42622950819464	10.431271357614696
6302	condition_009	f004	21	61	199721990	199721990	162.50819672131	8.136720284096407
6302	condition_009	f004	27	61	199634942	199634942	128.3770491803268	6.4305901509128995
6302	condition_009	f004	31	61	199576910	199576910	109.40983606557295	5.482088888217227
6302	condition_009	f005	15	61	199809038	199809038	352.45901639343913	17.639793470875883
6302	condition_009	f005	21	61	199721990	199721990	312.91803278688195	15.667680498621207
6302	condition_009	f005	27	61	199634942	199634942	278.4426229508168	13.947589543258255
6302	condition_009	f005	31	61	199576910	199576910	257.40983606557126	12.897776404373195
6302	condition_009	f006	15	61	199809038	199809038	171.8688524590147	8.601655569705246
6302	condition_009	f006	21	61	199721990	199721990	139.13114754098234	6.966240800073259
6302	condition_009	f006	27	61	199634942	199634942	112.78688524590065	5.649656523851453
6302	condition_009	f006	31	61	199576910	199576910	97.32786885245825	4.87670987853546
6302	condition_009	f007	15	61	199809038	199809038	1135.459016393422	56.82721000805889
6302	condition_009	f007	21	61	199721990	199721990	1004.04918032786	50.27234008272499
6302	condition_009	f007	27	61	199634942	199634942	888.7540983606568	44.518964939547345
6302	condition_009	f007	31	61	199576910	199576910	819.377049180334	41.05570374750937
6302	condition_009	f008	15	61	199809038	199809038	932.8524590163975	46.68720035659235
6302	condition_009	f008	21	61	199721990	199721990	725.7213114754279	36.33657523017009
6302	condition_009	f008	27	61	199634942	199634942	565.3442622950935	28.318903325806232
6302	condition_009	f008	31	61	199576910	199576910	478.8032786885299	23.990915516656205
6302	condition_009	f009	15	61	199809038	199809038	1236.8524590163634	61.90172733909881
6302	condition_009	f009	21	61	199721990	199721990	1096.1803278688367	54.88530971821564
6302	condition_009	f009	27	61	199634942	199634942	972.0983606557338	48.69379833595132
6302	condition_009	f009	31	61	199576910	199576910	897.8852459016425	44.989435195767015
6302	condition_009	f010	15	61	199809038	199809038	1097.5901639344281	54.931957779328684
6302	condition_009	f010	21	61	199721990	199721990	870.9672131147714	43.60897931743878
6302	condition_009	f010	27	61	199634942	199634942	696.1311475410027	34.87020561465651
6302	condition_009	f010	31	61	199576910	199576910	597.7049180327983	29.948600668924993
6302	condition_009	f011	15	61	199809038	199809038	1297.4426229507885	64.9341309050689
6302	condition_009	f011	21	61	199721990	199721990	1151.8688524589995	57.67361182707019
6302	condition_009	f011	27	61	199634942	199634942	1020.836065573766	51.13513973790049
6302	condition_009	f011	31	61	199576910	199576910	942.0819672131171	47.20395596931113
6302	condition_009	f012	15	61	199809038	199809038	787.4918032786869	39.41222134699867
6302	condition_009	f012	21	61	199721990	199721990	630.5245901639463	31.570113544529892
6302	condition_009	f012	27	61	199634942	199634942	505.06557377050717	25.29945753537009
6302	condition_009	f012	31	61	199576910	199576910	436.5245901639444	21.872499687661485
6302	condition_009	f013	15	61	199809038	199809038	2930.918032787126	146.68595885973517
6302	condition_009	f013	21	61	199721990	199721990	2600.8852459018026	130.2252819482623
6302	condition_009	f013	27	61	199634942	199634942	2309.3934426230526	115.68082318089648
6302	condition_009	f013	31	61	199576910	199576910	2131.9016393443317	106.82105657134043
6302	condition_009	f014	15	61	199809038	199809038	2696.4098360656462	134.9493427852671
6302	condition_009	f014	21	61	199721990	199721990	2113.18032786884	105.80609215183766
6302	condition_009	f014	27	61	199634942	199634942	1664.2459016393354	83.3644593960578
6302	condition_009	f014	31	61	199576910	199576910	1420.901639344268	71.19569289574972
6302	condition_009	f015	15	61	199809038	199809038	2826.1803278690923	141.44406860459895
6302	condition_009	f015	21	61	199721990	199721990	2508.639344262466	125.60656662105488
6302	condition_009	f015	27	61	199634942	199634942	2225.147540983719	111.46082537914224
6302	condition_009	f015	31	61	199576910	199576910	2053.2950819672906	102.88239666438821
6302	condition_009	f016	15	60	199809038	199809038	2286.199999999912	114.41924864279221
6302	condition_009	f016	21	61	199721990	199721990	1776.2131147541174	88.9342788319963
6302	condition_009	f016	27	61	199634942	199634942	1374.0163934426055	68.82644789921623
6302	condition_009	f016	31	61	199576910	199576910	1153.557377049175	57.80014216319789
6302	condition_009	f017	15	61	199809038	199809038	3620.0983606560835	181.17790851163016
6302	condition_009	f017	21	61	199721990	199721990	3194.885245901886	159.9666239006474
6302	condition_009	f017	27	61	199634942	199634942	2822.114754098529	141.3637675762457
6302	condition_009	f017	31	61	199576910	199576910	2598.131147541111	130.18195078484337
6302	condition_009	f018	15	61	199809038	199809038	2071.1311475410707	103.65552871242343
6302	condition_009	f018	21	61	199721990	199721990	1639.540983606578	82.09115999728313
6302	condition_009	f018	27	61	199634942	199634942	1297.524590163928	64.9948639834768
6302	condition_009	f018	31	61	199576910	199576910	1113.032786885241	55.76961718092744
6302	condition_009	f019	15	171	199809038	199809038	169.58479532164128	8.487343566592882
6302	condition_009	f019	21	171	199721990	199721990	150.78362573099753	7.549675713275115
6302	condition_009	f019	27	171	199634942	199634942	134.19883040935963	6.722211505907599
6302	condition_009	f019	31	171	199576910	199576910	124.10526315789734	6.218417910062708
6302	condition_009	f020	15	171	199809038	199809038	186.0584795321678	9.311814990679641
6302	condition_009	f020	21	171	199721990	199721990	141.71929824561676	7.095828468643675
6302	condition_009	f020	27	171	199634942	199634942	109.3918128654989	5.47959248864855
6302	condition_009	f020	31	171	199576910	199576910	91.64912280701887	4.5921706477477215
6302	condition_009	f021	15	171	199809038	199809038	312.14035087720015	15.621933522206344
6302	condition_009	f021	21	171	199721990	199721990	277.2514619883102	13.881869592242206
6302	condition_009	f021	27	171	199634942	199634942	246.20467836257836	12.332744753800581
6302	condition_009	f021	31	171	199576910	199576910	227.18128654971235	11.383144801155222
6302	condition_009	f022	15	171	199809038	199809038	262.14035087719856	13.119544215872684
6302	condition_009	f022	21	171	199721990	199721990	204.30994152047174	10.22971689399208
6302	condition_009	f022	27	171	199634942	199634942	158.11111111111376	7.920011874029235
6302	condition_009	f022	31	171	199576910	199576910	132.9649122807037	6.6623394600459385
6302	condition_009	f023	15	171	199809038	199809038	305.91228070176123	15.310232398084077
6302	condition_009	f023	21	171	199721990	199721990	269.47953216374856	13.492732180555008
6302	condition_009	f023	27	171	199634942	199634942	237.22807017544358	11.883093600690582
6302	condition_009	f023	31	171	199576910	199576910	217.7953216374314	10.91285167394522
6302	condition_009	f024	15	171	199809038	199809038	262.91228070175964	13.158177594637117
6302	condition_009	f024	21	171	199721990	199721990	201.3333333333369	10.08067931494859
6302	condition_009	f024	27	171	199634942	199634942	154.4561403508796	7.736929156964896
6302	condition_009	f024	31	171	199576910	199576910	130.23391812865663	6.525500275991678
6302	condition_009	f025	15	171	199809038	199809038	1367.2690058479877	68.428786782307
6302	condition_009	f025	21	171	199721990	199721990	1210.152046783657	60.59182800970774
6302	condition_009	f025	27	171	199634942	199634942	1071.3099415204954	53.663448431812874
6302	condition_009	f025	31	171	199576910	199576910	987.7251461988554	49.49095294635313
6302	condition_009	f026	15	171	199809038	199809038	956.0526315789718	47.84831763110595
6302	condition_009	f026	21	171	199721990	199721990	758.9766081871529	38.00165460934737
6302	condition_009	f026	27	171	199634942	199634942	602.7251461988445	30.191365307123665
6302	condition_009	f026	31	171	199576910	199576910	517.1345029239884	25.911539712885045
6302	condition_009	f027	15	171	199809038	199809038	833.5497076023606	41.7173174920326
6302	condition_009	f027	21	171	199721990	199721990	736.4912280701941	36.87582063798754
6302	condition_009	f027	27	171	199634942	199634942	651.040935672531	32.61157236054052
6302	condition_009	f027	31	171	199576910	199576910	599.5555555555704	30.04132870659088
6302	condition_009	f028	15	171	199809038	199809038	962.0116959064572	48.14655560808302
6302	condition_009	f028	21	171	199721990	199721990	752.8654970760414	37.69567372506359
6302	condition_009	f028	27	171	199634942	199634942	590.0175438596627	29.55482331643439
6302	condition_009	f028	31	171	199576910	199576910	503.23976608188264	25.215330074099388
6302	condition_009	f029	15	171	199809038	199809038	973.7309941520717	48.73308054023421
6302	condition_009	f029	21	171	199721990	199721990	860.5964912280918	43.08972142867652
6302	condition_009	f029	27	171	199634942	199634942	759.5730994152235	38.04810379413557
6302	condition_009	f029	31	171	199576910	199576910	698.3976608187306	34.993910909770605
6302	condition_009	f030	15	171	199809038	199809038	890.9824561403734	44.59169940752997
6302	condition_009	f030	21	171	199721990	199721990	697.8187134503095	34.93950332911811
6302	condition_009	f030	27	171	199634942	199634942	546.280701754399	27.36398229095581
6302	condition_009	f030	31	171	199576910	199576910	464.2514619883147	23.261782236648255
6302	condition_009	f031	15	169	199809038	199809038	2749.1065088758382	137.5866945956588
6302	condition_009	f031	21	171	199721990	199721990	2436.7251461988944	122.0058515438833
6302	condition_009	f031	27	171	199634942	199634942	2160.0760233918686	108.201299920325
6302	condition_009	f031	31	171	199576910	199576910	1993.5438596491747	99.88850211425635
6302	condition_009	f032	15	171	199809038	199809038	2213.877192982512	110.79965226510484
6302	condition_009	f032	21	171	199721990	199721990	1727.7192982456584	86.50621287348771
6302	condition_009	f032	27	171	199634942	199634942	1350.8888888889226	67.66795809167127
6302	condition_009	f032	31	171	199576910	199576910	1145.7017543859927	57.406528359718195
6302	condition_009	f033	15	171	199809038	199809038	3085.298245614116	154.4123467334904
6302	condition_009	f033	21	171	199721990	199721990	2733.789473684283	136.87974337148768
6302	condition_009	f033	27	171	199634942	199634942	2422.7485380117596	121.35894216413074
6302	condition_009	f033	31	171	199576910	199576910	2235.555555555615	112.01473935815595
6302	condition_009	f034	15	171	199809038	199809038	2384.6315789474306	119.34553125406823
6302	condition_009	f034	21	171	199721990	199721990	1874.128654970808	93.83687069064393
6302	condition_009	f034	27	171	199634942	199634942	1472.3391812865864	73.7515770804585
6302	condition_009	f034	31	171	199576910	199576910	1254.6257309941818	62.86427277555213
6302	condition_009	f035	15	171	199809038	199809038	3354.8245614035973	167.90154214163212
6302	condition_009	f035	21	171	199721990	199721990	2970.555555555633	148.7345262059342
6302	condition_009	f035	27	171	199634942	199634942	2630.432748538082	131.76214154624702
6302	condition_009	f035	31	171	199576910	199576910	2426.2105263158523	121.56769669977616
6302	condition_009	f036	15	171	199809038	199809038	1613.8362573099828	80.7689318493182
6302	condition_009	f036	21	171	199721990	199721990	1275.7485380117284	63.87621803746941
6302	condition_009	f036	27	171	199634942	199634942	1010.1228070175691	50.59849728198229
6302	condition_009	f036	31	171	199576910	199576910	864.9649122807232	43.33992906698091
6302	condition_009	f037	15	419	199809038	199809038	355.04057279239385	17.768994653404707
6302	condition_009	f037	21	421	199721990	199721990	312.95961995247745	15.669762751336368
6302	condition_009	f037	27	421	199634942	199634942	276.6223277909636	13.856408353151103
6302	condition_009	f037	31	421	199576910	199576910	254.72209026127607	12.76310422189
6302	condition_009	f038	15	410	199809038	199809038	201.8975609755905	10.104525951202993
6302	condition_009	f038	21	421	199721990	199721990	159.9976247030891	8.01101694926478
6302	condition_009	f038	27	421	199634942	199634942	127.25178147268443	6.3742238807415
6302	condition_009	f038	31	421	199576910	199576910	109.81472684085414	5.50237634407979
6302	condition_009	f039	15	421	199809038	199809038	284.7648456056802	14.251850089267743
6302	condition_009	f039	21	421	199721990	199721990	250.5819477434544	12.546537701905255
6302	condition_009	f039	27	421	199634942	199634942	220.8147268408474	11.060925739184846
6302	condition_009	f039	31	421	199576910	199576910	203.0356294536773	10.173302585638654
6302	condition_009	f040	15	421	199809038	199809038	209.57957244655046	10.488993618324235
6302	condition_009	f040	21	421	199721990	199721990	164.344418052257	8.228659150264676
6302	condition_009	f040	27	421	199634942	199634942	128.8883610451307	6.456202494107003
6302	condition_009	f040	31	421	199576910	199576910	109.8099762470296	5.502138310841149
6302	condition_009	f041	15	421	199809038	199809038	162.7577197149566	8.145663546758911
6302	condition_009	f041	21	421	199721990	199721990	144.045130641325	7.212281964611158
6302	condition_009	f041	27	421	199634942	199634942	127.85985748218206	6.404683278450427
6302	condition_009	f041	31	421	199576910	199576910	118.31353919239676	5.928217807981733
6302	condition_009	f042	15	421	199809038	199809038	261.6009501187576	13.09254840207767
6302	condition_009	f042	21	421	199721990	199721990	207.32304038004756	10.380581546380926
6302	condition_009	f042	27	421	199634942	199634942	164.11876484560534	8.220943848878186
6302	condition_009	f042	31	421	199576910	199576910	140.03562945368023	7.0166247915994004
6302	condition_009	f043	15	421	199809038	199809038	1180.3467933489862	59.073743868832715
6302	condition_009	f043	21	421	199721990	199721990	1045.9334916863168	52.36947076715572
6302	condition_009	f043	27	421	199634942	199634942	927.8028503561817	46.47497282094944
6302	condition_009	f043	31	421	199576910	199576910	856.945368170927	42.93810181603308
6302	condition_009	f044	15	421	199809038	199809038	1063.4679334915563	53.22421568795884
6302	condition_009	f044	21	421	199721990	199721990	843.2090261281897	42.2191380192131
6302	condition_009	f044	27	421	199634942	199634942	667.8598574821468	33.45405622840048
6302	condition_009	f044	31	421	199576910	199576910	571.8883610451112	28.655036348899838
6302	condition_009	f045	15	421	199809038	199809038	1065.983372921451	53.350107862560805
6302	condition_009	f045	21	421	199721990	199721990	945.2161520188694	47.32659393283981
6302	condition_009	f045	27	421	199634942	199634942	838.1045130640268	41.98185471279005
6302	condition_009	f045	31	421	199576910	199576910	773.548693586607	38.75942831195287
6302	condition_009	f046	15	421	199809038	199809038	930.9121140141382	46.59009038490733
6302	condition_009	f046	21	421	199721990	199721990	726.2969121139522	36.36539532346699
6302	condition_009	f046	27	421	199634942	199634942	566.1852731591209	28.3610307637989
6302	condition_009	f046	31	421	199576910	199576910	479.85748218526743	24.043737433617316
6302	condition_009	f047	15	421	199809038	199809038	617.7790973870791	30.918476139556766
6302	condition_009	f047	21	421	199721990	199721990	547.6817102137003	27.422203745000754
6302	condition_009	f047	27	421	199634942	199634942	486.04513064127013	24.346696313377354
6302	condition_009	f047	31	421	199576910	199576910	448.8408551068381	22.48961841862559
6302	condition_009	f048	15	421	199809038	199809038	946.228028503463	47.35661799760344
6302	condition_009	f048	21	421	199721990	199721990	739.3087885985212	37.01689476449344
6302	condition_009	f048	27	421	199634942	199634942	578.5296912113793	28.97938033369826
6302	condition_009	f048	31	421	199576910	199576910	491.51306413300597	24.627751984586094
6302	condition_009	f049	15	420	199809038	199809038	2992.288095238802	149.75739461989713
6302	condition_009	f049	21	421	199721990	199721990	2651.0071258903154	132.73486439276493
6302	condition_009	f049	27	421	199634942	199634942	2349.0380047502535	117.6666760446302
6302	condition_009	f049	31	421	199576910	199576910	2167.261282660042	108.59278674371912
6302	condition_009	f050	15	421	199809038	199809038	2313.3420427550377	115.77764779364173
6302	condition_009	f050	21	421	199721990	199721990	1822.1377672207234	91.23370777653093
6302	condition_009	f050	27	421	199634942	199634942	1435.5558194773512	71.90904583614181
6302	condition_009	f050	31	421	199576910	199576910	1223.296912113976	61.29451107916122
6302	condition_009	f051	15	421	199809038	199809038	3303.1377672203553	165.31473252077592
6302	condition_009	f051	21	421	199721990	199721990	2927.997624702638	146.60366766336736
6302	condition_009	f051	27	421	199634942	199634942	2595.7862232775506	130.02664750329882
6302	condition_009	f051	31	421	199576910	199576910	2395.589073633899	120.03337829180234
6302	condition_009	f052	15	421	199809038	199809038	2101.7482185270283	105.18784533295377
6302	condition_009	f052	21	421	199721990	199721990	1663.2660332539876	83.27906372523064
6302	condition_009	f052	27	421	199634942	199634942	1316.0095011875674	65.9207996357455
6302	condition_009	f052	31	421	199576910	199576910	1125.0926365795344	56.373887970283455
6302	condition_009	f053	15	417	199809038	199809038	2978.4964028776917	149.06715095028343
6302	condition_009	f053	21	421	199721990	199721990	2639.116389548288	132.13949998937466
6302	condition_009	f053	27	421	199634942	199634942	2337.427553443855	117.08509191962271
6302	condition_009	f053	31	421	199576910	199576910	2155.9002375294135	108.02353025354554
6302	condition_009	f054	15	420	199809038	199809038	2374.397619048056	118.8333442177954
6302	condition_009	f054	21	421	199721990	199721990	1860.2874109261943	93.14384514825805
6302	condition_009	f054	27	421	199634942	199634942	1453.7600950118049	72.82092405505871
6302	condition_009	f054	31	421	199576910	199576910	1232.655581947716	61.76343655925508
6302	condition_009	megabase_171	15	171	199809038	199809038	75617.96491228281	3784.511735264088
6302	condition_009	megabase_171	21	171	199721990	199721990	63059.52046783793	3157.364918496853
6302	condition_009	megabase_171	27	171	199634942	199634942	52591.44444444584	2634.380731026828
6302	condition_009	megabase_171	31	171	199576910	199576910	46595.73684210655	2334.725837879069
6303	condition_001	f001	15	61	9997011	9997011	0.0	0.0
6303	condition_001	f001	21	61	9992649	9992649	0.0	0.0
6303	condition_001	f001	27	61	9988287	9988287	0.0	0.0
6303	condition_001	f001	31	61	9985379	9985379	0.0	0.0
6303	condition_001	f002	15	61	9997011	9997011	13.67213114754084	13.676218969390792
6303	condition_001	f002	21	61	9992649	9992649	11.868852459016273	11.877583670772657
6303	condition_001	f002	27	61	9988287	9988287	10.377049180327766	10.389218071454863
6303	condition_001	f002	31	61	9985379	9985379	9.508196721311384	9.522119011518125
6303	condition_001	f003	15	61	9997011	9997011	37.8688524590166	37.88017484327726
6303	condition_001	f003	21	61	9992649	9992649	37.639344262295275	37.66703329847299
6303	condition_001	f003	27	61	9988287	9988287	37.442622950819846	37.4865309244917
6303	condition_001	f003	31	61	9985379	9985379	37.31147540983623	37.366108396923366
6303	condition_001	f004	15	61	9997011	9997011	0.03278688524590164	0.03279668817599745
6303	condition_001	f004	21	61	9992649	9992649	0.0	0.0
6303	condition_001	f004	27	61	9988287	9988287	0.0	0.0
6303	condition_001	f004	31	61	9985379	9985379	0.0	0.0
6303	condition_001	f005	15	61	9997011	9997011	0.0	0.0
6303	condition_001	f005	21	61	9992649	9992649	0.0	0.0
6303	condition_001	f005	27	61	9988287	9988287	0.0	0.0
6303	condition_001	f005	31	61	9985379	9985379	0.0	0.0
6303	condition_001	f006	15	61	9997011	9997011	15.098360655737544	15.102874905046662
6303	condition_001	f006	21	61	9992649	9992649	13.426229508196581	13.436106390003872
6303	condition_001	f006	27	61	9988287	9988287	11.885245901639223	11.899183415173416
6303	condition_001	f006	31	61	9985379	9985379	10.901639344262186	10.917601970102673
6303	condition_001	f007	15	61	9997011	9997011	12.196721311475285	12.200368001470924
6303	condition_001	f007	21	61	9992649	9992649	12.098360655737581	12.107260703080417
6303	condition_001	f007	27	61	9988287	9988287	11.999999999999877	12.014072082630262
6303	condition_001	f007	31	61	9985379	9985379	11.934426229508075	11.951901104112398
6303	condition_001	f008	15	61	9997011	9997011	139.09836065573657	139.13994958666802
6303	condition_001	f008	21	61	9992649	9992649	123.32786885245918	123.41859386080624
6303	condition_001	f008	27	61	9988287	9988287	109.77049180327977	109.89921675586591
6303	condition_001	f008	31	61	9985379	9985379	101.39344262295248	101.54190704524332
6303	condition_001	f009	15	61	9997011	9997011	0.0	0.0
6303	condition_001	f009	21	61	9992649	9992649	0.0	0.0
6303	condition_001	f009	27	61	9988287	9988287	0.0	0.0
6303	condition_001	f009	31	61	9985379	9985379	0.0	0.0
6303	condition_001	f010	15	61	9997011	9997011	65.81967213114612	65.83935151331345
6303	condition_001	f010	21	61	9992649	9992649	55.68852459016357	55.72949133924705
6303	condition_001	f010	27	61	9988287	9988287	47.18032786885297	47.23565499154457
6303	condition_001	f010	31	61	9985379	9985379	42.08196721311579	42.143585349254934
6303	condition_001	f011	15	61	9997011	9997011	0.0	0.0
6303	condition_001	f011	21	61	9992649	9992649	0.0	0.0
6303	condition_001	f011	27	61	9988287	9988287	0.0	0.0
6303	condition_001	f011	31	61	9985379	9985379	0.0	0.0
6303	condition_001	f012	15	61	9997011	9997011	80.34426229508148	80.36828437528125
6303	condition_001	f012	21	61	9992649	9992649	71.77049180327873	71.82328910309842
6303	condition_001	f012	27	61	9988287	9988287	64.0655737704923	64.14070177448075
6303	condition_001	f012	31	61	9985379	9985379	59.47540983606636	59.562496161704395
6303	condition_001	f013	15	61	9997011	9997011	0.0	0.0
6303	condition_001	f013	21	61	9992649	9992649	0.0	0.0
6303	condition_001	f013	27	61	9988287	9988287	0.0	0.0
6303	condition_001	f013	31	61	9985379	9985379	0.0	0.0
6303	condition_001	f014	15	61	9997011	9997011	241.19672131150577	241.26883656675554
6303	condition_001	f014	21	61	9992649	9992649	213.1639344262511	213.3207465070084
6303	condition_001	f014	27	61	9988287	9988287	188.57377049181719	188.7949059651742
6303	condition_001	f014	31	61	9985379	9985379	173.2786885245993	173.53241026164284
6303	condition_001	f015	15	61	9997011	9997011	456.42622950824926	456.562696098113
6303	condition_001	f015	21	61	9992649	9992649	456.00000000005247	456.33545219095805
6303	condition_001	f015	27	61	9988287	9988287	455.6065573771015	456.1408351372978
6303	condition_001	f015	31	61	9985379	9985379	455.34426229513423	456.0109959723454
6303	condition_001	f016	15	61	9997011	9997011	46.1803278688521	46.194135295892046
6303	condition_001	f016	21	61	9992649	9992649	41.42622950819694	41.45670433155106
6303	condition_001	f016	27	61	9988287	9988287	37.31147540983678	37.355229590255846
6303	condition_001	f016	31	61	9985379	9985379	34.75409836065676	34.80498673175727
6303	condition_001	f017	15	61	9997011	9997011	79.29508196721538	79.31879035365209
6303	condition_001	f017	21	61	9992649	9992649	79.19672131147765	79.25498164848746
6303	condition_001	f017	27	61	9988287	9988287	79.09836065573991	79.19111721132954
6303	condition_001	f017	31	61	9985379	9985379	79.03278688524809	79.14850992160447
6303	condition_001	f018	15	61	9997011	9997011	196.04918032786952	196.10779694837737
6303	condition_001	f018	21	61	9992649	9992649	174.44262295081853	174.57095005620485
6303	condition_001	f018	27	61	9988287	9988287	154.42622950819657	154.60732106335809
6303	condition_001	f018	31	61	9985379	9985379	142.032786885247	142.24075709619734
6303	condition_001	f019	15	171	9997011	9997011	19.93567251462038	19.941633068744625
6303	condition_001	f019	21	171	9992649	9992649	19.88304093567301	19.897667711207514
6303	condition_001	f019	27	171	9988287	9988287	19.847953216374762	19.871228386183496
6303	condition_001	f019	31	171	9985379	9985379	19.824561403509264	19.85358933647813
6303	condition_001	f020	15	171	9997011	9997011	11.818713450292632	11.822247119956787
6303	condition_001	f020	21	171	9992649	9992649	10.304093567251659	10.311673678572777
6303	condition_001	f020	27	171	9988287	9988287	8.976608187134667	8.987134818147162
6303	condition_001	f020	31	171	9985379	9985379	8.13450292397675	8.146413795587279
6303	condition_001	f021	15	171	9997011	9997011	14.789473684210876	14.793895579599617
6303	condition_001	f021	21	171	9992649	9992649	14.713450292398008	14.724274106293546
6303	condition_001	f021	27	171	9988287	9988287	14.678362573099761	14.695575500683713
6303	condition_001	f021	31	171	9985379	9985379	14.654970760234264	14.676429167319801
6303	condition_001	f022	15	171	9997011	9997011	16.052631578947754	16.05743114511703
6303	condition_001	f022	21	171	9992649	9992649	14.567251461988647	14.577967726064076
6303	condition_001	f022	27	171	9988287	9988287	13.175438596491531	13.190889084876648
6303	condition_001	f022	31	171	9985379	9985379	12.362573099415485	12.380674884163621
6303	condition_001	f023	15	171	9997011	9997011	21.128654970760692	21.134972213955443
6303	condition_001	f023	21	171	9992649	9992649	21.0584795321642	21.073971008252364
6303	condition_001	f023	27	171	9988287	9988287	20.988304093567706	21.012916522690734
6303	condition_001	f023	31	171	9985379	9985379	20.94152046783671	20.97218389791385
6303	condition_001	f024	15	171	9997011	9997011	29.163742690059166	29.17246233905231
6303	condition_001	f024	21	171	9992649	9992649	25.578947368421638	25.597764284947502
6303	condition_001	f024	27	171	9988287	9988287	22.362573099415698	22.38879709745595
6303	condition_001	f024	31	171	9985379	9985379	20.315789473684646	20.345536682868666
6303	condition_001	f025	15	171	9997011	9997011	37.5438596491238	37.555084863989656
6303	condition_001	f025	21	171	9992649	9992649	37.49122807017643	37.51880814604459
6303	condition_001	f025	27	171	9988287	9988287	37.45614035087819	37.50006417604759
6303	condition_001	f025	31	171	9985379	9985379	37.43274853801269	37.487559098170124
6303	condition_001	f026	15	171	9997011	9997011	106.63157894737124	106.66346065576126
6303	condition_001	f026	21	171	9992649	9992649	94.01754385965158	94.08670699796578
6303	condition_001	f026	27	171	9988287	9988287	83.10526315789689	83.20271850207837
6303	condition_001	f026	31	171	9985379	9985379	76.70760233918325	76.81992074530497
6303	condition_001	f027	15	171	9997011	9997011	134.61403508772278	134.65428325298709
6303	condition_001	f027	21	171	9992649	9992649	134.42105263158243	134.5199382381813
6303	condition_001	f027	27	171	9988287	9988287	134.2456140350912	134.40304031621358
6303	condition_001	f027	31	171	9985379	9985379	134.1286549707637	134.3250516287501
6303	condition_001	f028	15	171	9997011	9997011	27.37426900584866	27.382453621236046
6303	condition_001	f028	21	171	9992649	9992649	24.140350877193598	24.158109503489612
6303	condition_001	f028	27	171	9988287	9988287	21.37426900584849	21.399334045816353
6303	condition_001	f028	31	171	9985379	9985379	19.760233918129146	19.789167660165074
6303	condition_001	f029	15	171	9997011	9997011	19.538011695906917	19.54385335367433
6303	condition_001	f029	21	171	9992649	9992649	19.50292397660867	19.5172711226109
6303	condition_001	f029	27	171	9988287	9988287	19.467836257310424	19.490665674014398
6303	condition_001	f029	31	171	9985379	9985379	19.444444444444926	19.47291579462825
6303	condition_001	f030	15	171	9997011	9997011	109.2631578947398	109.29582641725591
6303	condition_001	f030	21	171	9992649	9992649	97.59649122807281	97.66828718598323
6303	condition_001	f030	27	171	9988287	9988287	86.89473684210759	86.99663600185657
6303	condition_001	f030	31	171	9985379	9985379	80.56725146199045	80.6852213240884
6303	condition_001	f031	15	171	9997011	9997011	89.38011695906673	89.40684066374112
6303	condition_001	f031	21	171	9992649	9992649	89.29824561403748	89.36393704415863
6303	condition_001	f031	27	171	9988287	9988287	89.22807017544099	89.3327055734792
6303	condition_001	f031	31	171	9985379	9985379	89.18128654971	89.31186943400947
6303	condition_001	f032	15	160	9997011	9997011	215.75625000002228	215.82075882483502
6303	condition_001	f032	21	167	9992649	9992649	191.19161676650043	191.33226511458616
6303	condition_001	f032	27	171	9988287	9988287	168.98830409357168	169.18647220846947
6303	condition_001	f032	31	171	9985379	9985379	155.29239766082276	155.5197831357455
6303	condition_001	f033	15	171	9997011	9997011	219.29824561404112	219.3638134578837
6303	condition_001	f033	21	171	9992649	9992649	219.18713450293	219.34837749522677
6303	condition_001	f033	27	171	9988287	9988287	219.08187134503527	219.33878286140083
6303	condition_001	f033	31	171	9985379	9985379	219.01169590643877	219.332381781842
6303	condition_001	f034	15	171	9997011	9997011	158.84210526316218	158.88959736381423
6303	condition_001	f034	21	171	9992649	9992649	139.5555555555593	139.65821831184033
6303	condition_001	f034	27	171	9988287	9988287	122.31578947368747	122.45922596506036
6303	condition_001	f034	31	171	9985379	9985379	111.88888888889186	112.0527211725182
6303	condition_001	f035	15	171	9997011	9997011	129.08771929824914	129.12631515384862
6303	condition_001	f035	21	171	9992649	9992649	129.01169590643627	129.10660216969123
6303	condition_001	f035	27	171	9988287	9988287	128.94152046783978	129.0927267787157
6303	condition_001	f035	31	171	9985379	9985379	128.89473684210878	129.0834697832789
6303	condition_001	f036	15	171	9997011	9997011	81.70175438596709	81.72618234186908
6303	condition_001	f036	21	171	9992649	9992649	72.14035087719489	72.19342026042834
6303	condition_001	f036	27	171	9988287	9988287	63.73099415204845	63.80572980336714
6303	condition_001	f036	31	171	9985379	9985379	58.76023391813018	58.846273053962385
6303	condition_001	f037	15	421	9997011	9997011	36.9097387173343	36.920774336783566
6303	condition_001	f037	21	421	9992649	9992649	36.871733966740486	36.89885831748967
6303	condition_001	f037	27	421	9988287	9988287	36.843230403795125	36.8864354856795
6303	condition_001	f037	31	421	9985379	9985379	36.82422802849822	36.87814756805748
6303	condition_001	f038	15	421	9997011	9997011	7.774346793349026	7.776671240382776
6303	condition_001	f038	21	421	9992649	9992649	6.855106888360877	6.8601497844674375
6303	condition_001	f038	27	421	9988287	9988287	6.123515439429749	6.13069632403409
6303	condition_001	f038	31	421	9985379	9985379	5.710213776721948	5.718574905090681
6303	condition_001	f039	15	421	9997011	9997011	12.06888361045058	12.072492078332795
6303	condition_001	f039	21	421	9992649	9992649	12.021377672208303	12.030221087729894
6303	condition_001	f039	27	421	9988287	9988287	11.992874109262939	12.006937835549719
6303	condition_001	f039	31	421	9985379	9985379	11.97387173396603	11.991404366289983
6303	condition_001	f040	15	421	9997011	9997011	0.033254156769596206	0.03326409940890953
6303	condition_001	f040	21	421	9992649	9992649	0.0	0.0
6303	condition_001	f040	27	421	9988287	9988287	0.0	0.0
6303	condition_001	f040	31	421	9985379	9985379	0.0	0.0
6303	condition_001	f041	15	420	9997011	9997011	37.66190476191106	37.67316527101056
6303	condition_001	f041	21	421	9992649	9992649	37.61520190023305	37.64287317630495
6303	condition_001	f041	27	421	9988287	9988287	37.572446555815006	37.61650677019493
6303	condition_001	f041	31	421	9985379	9985379	37.543942992869646	37.59891636849202
6303	condition_001	f042	15	416	9997011	9997011	8.747596153845802	8.750211592090677
6303	condition_001	f042	21	421	9992649	9992649	7.60095011876491	7.606541687559435
6303	condition_001	f042	27	421	9988287	9988287	6.570071258907341	6.577775807710913
6303	condition_001	f042	31	421	9985379	9985379	5.945368171021304	5.954073622064124
6303	condition_001	f043	15	417	9997011	9997011	114.24460431653867	114.27876223857177
6303	condition_001	f043	21	421	9992649	9992649	114.12351543940923	114.2074693501285
6303	condition_001	f043	27	421	9988287	9988287	114.03800475057315	114.17173410272768
6303	condition_001	f043	31	421	9985379	9985379	113.98099762468242	114.14789325941702
6303	condition_001	f044	15	418	9997011	9997011	68.6459330143558	68.66645741847819
6303	condition_001	f044	21	421	9992649	9992649	60.75771971495852	60.802415570644506
6303	condition_001	f044	27	421	9988287	9988287	53.63182897861829	53.694721606035436
6303	condition_001	f044	31	421	9985379	9985379	49.28028503562631	49.35244324289174
6303	condition_001	f045	15	421	9997011	9997011	77.69833729214729	77.72156826890287
6303	condition_001	f045	21	421	9992649	9992649	77.64608076008079	77.7032003826821
6303	condition_001	f045	27	421	9988287	9988287	77.60332541566274	77.69432878296622
6303	condition_001	f045	31	421	9985379	9985379	77.57482185271738	77.68841007709109
6303	condition_001	f046	15	421	9997011	9997011	46.39192399049149	46.4057946825221
6303	condition_001	f046	21	421	9992649	9992649	40.54156769595623	40.57139172601402
6303	condition_001	f046	27	421	9988287	9988287	35.40380047505499	35.44531757553121
6303	condition_001	f046	31	421	9985379	9985379	32.33254156769238	32.379884196375905
6303	condition_001	f047	15	412	9997011	9997011	0.0024271844660194173	0.0024279101683687427
6303	condition_001	f047	21	418	9992649	9992649	0.0	0.0
6303	condition_001	f047	27	421	9988287	9988287	0.0	0.0
6303	condition_001	f047	31	421	9985379	9985379	0.0	0.0
6303	condition_001	f048	15	421	9997011	9997011	28.330166270778427	28.338636689284858
6303	condition_001	f048	21	421	9992649	9992649	24.84323040379602	24.861506096927872
6303	condition_001	f048	27	421	9988287	9988287	21.795724465554585	21.821283735193617
6303	condition_001	f048	31	421	9985379	9985379	19.961995249403074	19.991224418625546
6303	condition_001	f049	15	421	9997011	9997011	194.03325415673282	194.091268036749
6303	condition_001	f049	21	421	9992649	9992649	193.9073634203908	194.05000958243485
6303	condition_001	f049	27	421	9988287	9988287	193.80760095008208	194.03487399799593
6303	condition_001	f049	31	421	9985379	9985379	193.7410926365429	194.02477626191543
6303	condition_001	f050	15	421	9997011	9997011	190.54631828975357	190.60328961301892
6303	condition_001	f050	21	421	9992649	9992649	168.0570071258643	168.1806367119112
6303	condition_001	f050	27	421	9988287	9988287	148.20665083133287	148.38044885107215
6303	condition_001	f050	31	421	9985379	9985379	136.20902612824827	136.4084689507011
6303	condition_001	f051	15	421	9997011	9997011	186.06413301659285	186.11976421411643
6303	condition_001	f051	21	421	9992649	9992649	185.9334916864266	186.07027194333216
6303	condition_001	f051	27	421	9988287	9988287	185.81947743464517	186.0373830213781
6303	condition_001	f051	31	421	9985379	9985379	185.7434679334575	186.01544110990432
6303	condition_001	f052	15	421	9997011	9997011	123.32304038002918	123.35991265792264
6303	condition_001	f052	21	421	9992649	9992649	110.03562945366654	110.11657614879353
6303	condition_001	f052	27	421	9988287	9988287	98.25178147267177	98.36699873829393
6303	condition_001	f052	31	421	9985379	9985379	91.19714964369489	91.33068423711798
6303	condition_001	f053	15	419	9997011	9997011	378.1599045345653	378.2729703253956
6303	condition_001	f053	21	421	9992649	9992649	377.9714964369804	378.2495476794796
6303	condition_001	f053	27	421	9988287	9988287	377.7862232778355	378.2292431903844
6303	condition_001	f053	31	421	9985379	9985379	377.66270783840554	378.21569700900244
6303	condition_001	f054	15	421	9997011	9997011	78.85985748217188	78.8834357411149
6303	condition_001	f054	21	421	9992649	9992649	70.11876484559463	70.17034706772411
6303	condition_001	f054	27	421	9988287	9988287	62.339667458423314	62.412771537725455
6303	condition_001	f054	31	421	9985379	9985379	57.64370546317517	57.72810973241494
6303	condition_001	megabase_171	15	171	9997011	9997011	4941.619883041071	4943.097374846413
6303	condition_001	megabase_171	21	171	9992649	9992649	4645.192982456268	4648.610175796495
6303	condition_001	megabase_171	27	171	9988287	9988287	4366.6725146200015	4371.7931959904645
6303	condition_001	megabase_171	31	171	9985379	9985379	4190.374269005963	4196.509986256869
6303	condition_002	f001	15	61	9997129	9997129	0.0	0.0
6303	condition_002	f001	21	61	9992767	9992767	0.0	0.0
6303	condition_002	f001	27	61	9988405	9988405	0.0	0.0
6303	condition_002	f001	31	61	9985497	9985497	0.0	0.0
6303	condition_002	f002	15	61	9997129	9997129	12.983606557376914	12.987335221318954
6303	condition_002	f002	21	61	9992767	9992767	10.950819672131038	10.958746133209187
6303	condition_002	f002	27	61	9988405	9988405	9.327868852458927	9.338697071713579
6303	condition_002	f002	31	61	9985497	9985497	8.459016393442544	8.471302323201884
6303	condition_002	f003	15	61	9997129	9997129	36.91803278688537	36.92863499799329
6303	condition_002	f003	21	61	9992767	9992767	36.29508196721318	36.321353201984174
6303	condition_002	f003	27	61	9988405	9988405	35.70491803278689	35.746365944099075
6303	condition_002	f003	31	61	9985497	9985497	35.311475409836035	35.36276202359886
6303	condition_002	f004	15	61	9997129	9997129	0.0	0.0
6303	condition_002	f004	21	61	9992767	9992767	0.0	0.0
6303	condition_002	f004	27	61	9988405	9988405	0.0	0.0
6303	condition_002	f004	31	61	9985497	9985497	0.0	0.0
6303	condition_002	f005	15	61	9997129	9997129	0.0	0.0
6303	condition_002	f005	21	61	9992767	9992767	0.0	0.0
6303	condition_002	f005	27	61	9988405	9988405	0.0	0.0
6303	condition_002	f005	31	61	9985497	9985497	0.0	0.0
6303	condition_002	f006	15	61	9997129	9997129	14.72131147540968	14.725539177707601
6303	condition_002	f006	21	61	9992767	9992767	12.950819672131013	12.960193780292299
6303	condition_002	f006	27	61	9988405	9988405	11.311475409835952	11.324606290830168
6303	condition_002	f006	31	61	9985497	9985497	10.262295081967112	10.2772001052798
6303	condition_002	f007	15	61	9997129	9997129	11.737704918032668	11.74107578088936
6303	condition_002	f007	21	61	9992767	9992767	11.442622950819556	11.450905390688641
6303	condition_002	f007	27	61	9988405	9988405	11.147540983606445	11.160481561977559
6303	condition_002	f007	31	61	9985497	9985497	10.950819672131038	10.966724712982275
6303	condition_002	f008	15	61	9997129	9997129	132.1475409836059	132.1854914381978
6303	condition_002	f008	21	61	9992767	9992767	114.32786885245946	114.41062205539212
6303	condition_002	f008	27	61	9988405	9988405	99.34426229508338	99.45958568468477
6303	condition_002	f008	31	61	9985497	9985497	90.22950819672332	90.36055811415628
6303	condition_002	f009	15	61	9997129	9997129	0.0	0.0
6303	condition_002	f009	21	61	9992767	9992767	0.0	0.0
6303	condition_002	f009	27	61	9988405	9988405	0.0	0.0
6303	condition_002	f009	31	61	9985497	9985497	0.0	0.0
6303	condition_002	f010	15	61	9997129	9997129	63.22950819672013	63.24766660180151
6303	condition_002	f010	21	61	9992767	9992767	53.032786885245784	53.071173264868264
6303	condition_002	f010	27	61	9988405	9988405	44.63934426229582	44.691163666567206
6303	condition_002	f010	31	61	9985497	9985497	39.590163934427494	39.647664942894174
6303	condition_002	f011	15	61	9997129	9997129	0.0	0.0
6303	condition_002	f011	21	61	9992767	9992767	0.0	0.0
6303	condition_002	f011	27	61	9988405	9988405	0.0	0.0
6303	condition_002	f011	31	61	9985497	9985497	0.0	0.0
6303	condition_002	f012	15	61	9997129	9997129	77.67213114754054	77.69443722046654
6303	condition_002	f012	21	61	9992767	9992767	68.78688524590171	68.83667481279382
6303	condition_002	f012	27	61	9988405	9988405	61.114754098361146	61.185698916254545
6303	condition_002	f012	31	61	9985497	9985497	56.50819672131222	56.59026958929757
6303	condition_002	f013	15	61	9997129	9997129	0.0	0.0
6303	condition_002	f013	21	61	9992767	9992767	0.0	0.0
6303	condition_002	f013	27	61	9988405	9988405	0.0	0.0
6303	condition_002	f013	31	61	9985497	9985497	0.0	0.0
6303	condition_002	f014	15	61	9997129	9997129	228.73770491805925	228.80339437258363
6303	condition_002	f014	21	61	9992767	9992767	197.91803278690207	198.06129051833398
6303	condition_002	f014	27	61	9988405	9988405	171.95081967213986	172.15042809351428
6303	condition_002	f014	31	61	9985497	9985497	156.14754098361033	156.37433067538885
6303	condition_002	f015	15	61	9997129	9997129	436.4754098361119	436.60075791370895
6303	condition_002	f015	21	61	9992767	9992767	428.06557377053554	428.37541771016527
6303	condition_002	f015	27	61	9988405	9988405	419.80327868856574	420.29060564581204
6303	condition_002	f015	31	61	9985497	9985497	414.36065573774437	414.9624758164209
6303	condition_002	f016	15	61	9997129	9997129	44.032786885245805	44.04543232886742
6303	condition_002	f016	21	61	9992767	9992767	38.655737704918586	38.68371763788607
6303	condition_002	f016	27	61	9988405	9988405	34.04918032786996	34.08870618268879
6303	condition_002	f016	31	61	9985497	9985497	31.16393442623079	31.209197124820918
6303	condition_002	f017	15	61	9997129	9997129	76.1639344262308	76.18580737152716
6303	condition_002	f017	21	61	9992767	9992767	74.7868852459025	74.84101775404399
6303	condition_002	f017	27	61	9988405	9988405	73.4098360655742	73.49505358020043
6303	condition_002	f017	31	61	9985497	9985497	72.49180327868866	72.59709083953324
6303	condition_002	f018	15	61	9997129	9997129	188.80327868852498	188.85749967668215
6303	condition_002	f018	21	61	9992767	9992767	165.04918032786765	165.1686468101054
6303	condition_002	f018	27	61	9988405	9988405	143.31147540983696	143.477837962955
6303	condition_002	f018	31	61	9985497	9985497	130.04918032787046	130.23806459294963
6303	condition_002	f019	15	171	9997129	9997129	18.84210526315836	18.847516385112527
6303	condition_002	f019	21	171	9992767	9992767	18.345029239766532	18.358307803801022
6303	condition_002	f019	27	171	9988405	9988405	17.888888888889326	17.90965513401722
6303	condition_002	f019	31	171	9985497	9985497	17.584795321637856	17.610335591345986
6303	condition_002	f020	15	171	9997129	9997129	11.14619883040958	11.14939982309879
6303	condition_002	f020	21	171	9992767	9992767	9.426900584795504	9.433723997362797
6303	condition_002	f020	27	171	9988405	9988405	7.941520467836402	7.950739350112858
6303	condition_002	f020	31	171	9985497	9985497	7.029239766081992	7.0394490790813835
6303	condition_002	f021	15	171	9997129	9997129	13.91228070175471	13.91627606461286
6303	condition_002	f021	21	171	9992767	9992767	13.520467836257623	13.530254269170516
6303	condition_002	f021	27	171	9988405	9988405	13.169590643275157	13.184878509907394
6303	condition_002	f021	31	171	9985497	9985497	12.93567251462018	12.954460368492605
6303	condition_002	f022	15	171	9997129	9997129	14.982456140351232	14.986758838813856
6303	condition_002	f022	21	171	9992767	9992767	13.263157894737148	13.272758080656887
6303	condition_002	f022	27	171	9988405	9988405	11.812865497076288	11.82657841474819
6303	condition_002	f022	31	171	9985497	9985497	10.953216374269246	10.969124896106068
6303	condition_002	f023	15	171	9997129	9997129	20.18713450292441	20.192931893671084
6303	condition_002	f023	21	171	9992767	9992767	19.736842105263577	19.75112809621557
6303	condition_002	f023	27	171	9988405	9988405	19.34502923976649	19.367485839597503
6303	condition_002	f023	31	171	9985497	9985497	19.087719298246014	19.115442424394114
6303	condition_002	f024	15	171	9997129	9997129	27.608187134503567	27.61611572132716
6303	condition_002	f024	21	171	9992767	9992767	23.70760233918182	23.724762459869044
6303	condition_002	f024	27	171	9988405	9988405	20.32163742690102	20.345227718440555
6303	condition_002	f024	31	171	9985497	9985497	18.204678362573475	18.231118954393033
6303	condition_002	f025	15	171	9997129	9997129	35.82456140350972	35.83484958882667
6303	condition_002	f025	21	171	9992767	9992767	35.01754385965005	35.042890382263536
6303	condition_002	f025	27	171	9988405	9988405	34.24561403508862	34.285367919190925
6303	condition_002	f025	31	171	9985497	9985497	33.736842105264046	33.78584171149823
6303	condition_002	f026	15	171	9997129	9997129	101.46198830409624	101.49112640648754
6303	condition_002	f026	21	171	9992767	9992767	87.54970760234146	87.61307814176139
6303	condition_002	f026	27	171	9988405	9988405	75.69590643275048	75.78377772302032
6303	condition_002	f026	31	171	9985497	9985497	68.9181286549725	69.0182257878326
6303	condition_002	f027	15	171	9997129	9997129	127.71345029240094	127.75012735396426
6303	condition_002	f027	21	171	9992767	9992767	124.67251461988623	124.76275552095454
6303	condition_002	f027	27	171	9988405	9988405	121.71345029240076	121.85474086443307
6303	condition_002	f027	31	171	9985497	9985497	119.74853801169895	119.92246155769608
6303	condition_002	f028	15	171	9997129	9997129	26.362573099415883	26.370143967749023
6303	condition_002	f028	21	171	9992767	9992767	22.8128654970766	22.829377986174002
6303	condition_002	f028	27	171	9988405	9988405	19.75438596491277	19.777317764861127
6303	condition_002	f028	31	171	9985497	9985497	17.964912280702194	17.991004634723936
6303	condition_002	f029	15	171	9997129	9997129	18.625730994152505	18.63107997721396
6303	condition_002	f029	21	171	9992767	9992767	18.204678362573546	18.217855337339042
6303	condition_002	f029	27	171	9988405	9988405	17.783625730994586	17.80426978180659
6303	condition_002	f029	31	171	9985497	9985497	17.502923976608614	17.528345335849195
6303	condition_002	f030	15	171	9997129	9997129	105.01169590643559	105.04185342255322
6303	condition_002	f030	21	171	9992767	9992767	92.00584795321885	92.07244395192927
6303	condition_002	f030	27	171	9988405	9988405	80.29824561403723	80.39145951134063
6303	condition_002	f030	31	171	9985497	9985497	73.54970760234113	73.65653167022245
6303	condition_002	f031	15	171	9997129	9997129	84.27485380117184	84.29905606016672
6303	condition_002	f031	21	171	9992767	9992767	82.04678362573318	82.1061710192314
6303	condition_002	f031	27	171	9988405	9988405	79.8713450292419	79.96406336070864
6303	condition_002	f031	31	171	9985497	9985497	78.4970760233939	78.611085680957
6303	condition_002	f032	15	160	9997129	9997129	204.89375000002343	204.9525918891548
6303	condition_002	f032	21	167	9992767	9992767	178.00598802397946	178.13483294865122
6303	condition_002	f032	27	171	9988405	9988405	154.29239766082276	154.47150737362247
6303	condition_002	f032	31	171	9985497	9985497	139.92397660819074	140.12720309083338
6303	condition_002	f033	15	171	9997129	9997129	211.12280701754966	211.18343778253703
6303	condition_002	f033	21	171	9992767	9992767	207.64912280702322	207.79942413049682
6303	condition_002	f033	27	171	9988405	9988405	204.21052631579505	204.4475832886182
6303	condition_002	f033	31	171	9985497	9985497	201.93567251462542	202.22896518283008
6303	condition_002	f034	15	171	9997129	9997129	152.22222222222632	152.26593777296094
6303	condition_002	f034	21	171	9992767	9992767	131.65497076023746	131.75026572743812
6303	condition_002	f034	27	171	9988405	9988405	113.76608187134805	113.8981467725308
6303	condition_002	f034	31	171	9985497	9985497	103.05847953216646	103.20816232999364
6303	condition_002	f035	15	171	9997129	9997129	124.087719298249	124.12335511350209
6303	condition_002	f035	21	171	9992767	9992767	121.80701754386297	121.89518433068935
6303	condition_002	f035	27	171	9988405	9988405	119.56725146199156	119.70605062769437
6303	condition_002	f035	31	171	9985497	9985497	118.0935672514652	118.26508710729692
6303	condition_002	f036	15	171	9997129	9997129	77.63157894737049	77.65387337441628
6303	condition_002	f036	21	171	9992767	9992767	67.0584795321655	67.10701803831262
6303	condition_002	f036	27	171	9988405	9988405	57.90058479532314	57.96779845763477
6303	condition_002	f036	31	171	9985497	9985497	52.578947368422405	52.65531336940205
6303	condition_002	f037	15	421	9997129	9997129	35.408551068878666	35.418719783328456
6303	condition_002	f037	21	421	9992767	9992767	34.748218527311145	34.77337010590875
6303	condition_002	f037	27	421	9988405	9988405	34.12826603324956	34.167883694393204
6303	condition_002	f037	31	421	9985497	9985497	33.71971496436606	33.768689695030766
6303	condition_002	f038	15	421	9997129	9997129	7.406175771971339	7.408302695675268
6303	condition_002	f038	21	421	9992767	9992767	6.403800475059198	6.408435696598548
6303	condition_002	f038	27	421	9988405	9988405	5.612826603325281	5.619342230641711
6303	condition_002	f038	31	421	9985497	9985497	5.159144893111534	5.166638068301992
6303	condition_002	f039	15	421	9997129	9997129	11.600950118764239	11.604281708042617
6303	condition_002	f039	21	421	9992767	9992767	11.368171021377115	11.376399571186955
6303	condition_002	f039	27	421	9988405	9988405	11.154394299286906	11.16734283330212
6303	condition_002	f039	31	421	9985497	9985497	11.0118764845601	11.027870204718003
6303	condition_002	f040	15	421	9997129	9997129	0.03087885985748219	0.03088772772411178
6303	condition_002	f040	21	421	9992767	9992767	0.0	0.0
6303	condition_002	f040	27	421	9988405	9988405	0.0	0.0
6303	condition_002	f040	31	421	9985497	9985497	0.0	0.0
6303	condition_002	f041	15	420	9997129	9997129	36.1666666666725	36.17705309861711
6303	condition_002	f041	21	421	9992767	9992767	35.49643705462781	35.522130211409724
6303	condition_002	f041	27	421	9988405	9988405	34.84085510688449	34.88129997420458
6303	condition_002	f041	31	421	9985497	9985497	34.41330166270407	34.46328376314577
6303	condition_002	f042	15	416	9997129	9997129	8.507211538461215	8.50965466031419
6303	condition_002	f042	21	421	9992767	9992767	7.311163895486975	7.316455888030787
6303	condition_002	f042	27	421	9988405	9988405	6.261282660332492	6.268551045269482
6303	condition_002	f042	31	421	9985497	9985497	5.627078384797998	5.635251189598272
6303	condition_002	f043	15	417	9997129	9997129	109.26378896881808	109.29516761143931
6303	condition_002	f043	21	421	9992767	9992767	107.13301662705958	107.2105620265734
6303	condition_002	f043	27	421	9988405	9988405	105.06888361043306	105.19085240379526
6303	condition_002	f043	31	421	9985497	9985497	103.71021377670421	103.86084315753558
6303	condition_002	f044	15	418	9997129	9997129	65.59808612440357	65.61692474349742
6303	condition_002	f044	21	421	9992767	9992767	56.89073634203793	56.931915196299414
6303	condition_002	f044	27	421	9988405	9988405	49.0926365795695	49.1496255704184
6303	condition_002	f044	31	421	9985497	9985497	44.35629453681509	44.42071790399125
6303	condition_002	f045	15	421	9997129	9997129	73.94061757718396	73.96185202490031
6303	condition_002	f045	21	421	9992767	9992767	72.31591448929842	72.36825845063578
6303	condition_002	f045	27	421	9988405	9988405	70.7292161520067	70.81132187972624
6303	condition_002	f045	31	421	9985497	9985497	69.6817102137647	69.78291637738683
6303	condition_002	f046	15	421	9997129	9997129	43.869358669827086	43.88195717973339
6303	condition_002	f046	21	421	9992767	9992767	37.529691211396475	37.55685608540305
6303	condition_002	f046	27	421	9988405	9988405	32.066508313535685	32.1037325914755
6303	condition_002	f046	31	421	9985497	9985497	28.855106888358385	28.8970162309982
6303	condition_002	f047	15	412	9997129	9997129	0.0024271844660194173	0.002427881510801168
6303	condition_002	f047	21	418	9992767	9992767	0.0	0.0
6303	condition_002	f047	27	421	9988405	9988405	0.0	0.0
6303	condition_002	f047	31	421	9985497	9985497	0.0	0.0
6303	condition_002	f048	15	421	9997129	9997129	27.20665083134881	27.21446410399307
6303	condition_002	f048	21	421	9992767	9992767	23.422802850352234	23.439756826464816
6303	condition_002	f048	27	421	9988405	9988405	20.159144893108483	20.18254655583998
6303	condition_002	f048	31	421	9985497	9985497	18.242280285033004	18.268775490126334
6303	condition_002	f049	15	421	9997129	9997129	185.81947743464485	185.87284152744738
6303	condition_002	f049	21	421	9992767	9992767	182.36817102134415	182.50017339676205
6303	condition_002	f049	27	421	9988405	9988405	179.04513064129756	179.25297446518994
6303	condition_002	f049	31	421	9985497	9985497	176.85510688832903	177.11197238187447
6303	condition_002	f050	15	421	9997129	9997129	182.655581947713	182.70803742525777
6303	condition_002	f050	21	421	9992767	9992767	158.3135391923752	158.42813025899153
6303	condition_002	f050	27	421	9988405	9988405	137.1971496436874	137.35641440619136
6303	condition_002	f050	31	421	9985497	9985497	124.6199524940469	124.80095131373722
6303	condition_002	f051	15	421	9997129	9997129	178.8812351543619	178.9326067057471
6303	condition_002	f051	21	421	9992767	9992767	175.80997624699924	175.93723164664925
6303	condition_002	f051	27	421	9988405	9988405	172.8859857481876	173.08667975336164
6303	condition_002	f051	31	421	9985497	9985497	170.9762470308484	171.22457403056492
6303	condition_002	f052	15	421	9997129	9997129	118.57957244653866	118.61362641868347
6303	condition_002	f052	21	421	9992767	9992767	104.0498812351407	104.12519498867601
6303	condition_002	f052	27	421	9988405	9988405	91.40855106887301	91.51466231983285
6303	condition_002	f052	31	421	9985497	9985497	83.95486935866106	84.07680595033082
6303	condition_002	f053	15	419	9997129	9997129	363.1241050118982	363.22838788205917
6303	condition_002	f053	21	421	9992767	9992767	356.7149643704779	356.9731630593187
6303	condition_002	f053	27	421	9988405	9988405	350.45368171014695	350.8605044650742
6303	condition_002	f053	31	421	9985497	9985497	346.3206650830698	346.82366344215995
6303	condition_002	f054	15	421	9997129	9997129	75.57007125889487	75.59177365711183
6303	condition_002	f054	21	421	9992767	9992767	65.95724465557201	66.00498606199065
6303	condition_002	f054	27	421	9988405	9988405	57.482185273151494	57.548913238051014
6303	condition_002	f054	31	421	9985497	9985497	52.394299287404635	52.47039710432504
6303	condition_002	megabase_171	15	171	9997129	9997129	4735.368421052761	4736.728335757957
6303	condition_002	megabase_171	21	171	9992767	9992767	4369.947368421172	4373.110439201846
6303	condition_002	megabase_171	27	171	9988405	9988405	4032.93567251473	4037.6172897622096
6303	condition_002	megabase_171	31	171	9985497	9985497	3822.9064327486412	3828.4588466138853
6303	condition_003	f001	15	61	9996361	9996361	0.0	0.0
6303	condition_003	f001	21	61	9991999	9991999	0.0	0.0
6303	condition_003	f001	27	61	9987637	9987637	0.0	0.0
6303	condition_003	f001	31	61	9984729	9984729	0.0	0.0
6303	condition_003	f002	15	61	9996361	9996361	10.344262295081865	10.348027942450123
6303	condition_003	f002	21	61	9991999	9991999	8.06557377049173	8.072032203457717
6303	condition_003	f002	27	61	9987637	9987637	6.114754098360606	6.1223231264418265
6303	condition_003	f002	31	61	9984729	9984729	5.114754098360619	5.1225767853695565
6303	condition_003	f003	15	61	9996361	9996361	28.57377049180298	28.584172272092793
6303	condition_003	f003	21	61	9991999	9991999	25.13114754098335	25.151271072968832
6303	condition_003	f003	27	61	9987637	9987637	22.163934426229286	22.19136961648615
6303	condition_003	f003	31	61	9984729	9984729	20.39344262295062	20.424633080127283
6303	condition_003	f004	15	61	9996361	9996361	0.04918032786885246	0.04919823110515162
6303	condition_003	f004	21	61	9991999	9991999	0.0	0.0
6303	condition_003	f004	27	61	9987637	9987637	0.0	0.0
6303	condition_003	f004	31	61	9984729	9984729	0.0	0.0
6303	condition_003	f005	15	61	9996361	9996361	0.0	0.0
6303	condition_003	f005	21	61	9991999	9991999	0.0	0.0
6303	condition_003	f005	27	61	9987637	9987637	0.0	0.0
6303	condition_003	f005	31	61	9984729	9984729	0.0	0.0
6303	condition_003	f006	15	61	9996361	9996361	11.327868852458902	11.331992564553143
6303	condition_003	f006	21	61	9991999	9991999	8.704918032786804	8.71188841470741
6303	condition_003	f006	27	61	9987637	9987637	6.524590163934372	6.532666499527738
6303	condition_003	f006	31	61	9984729	9984729	5.360655737704878	5.3688545154354
6303	condition_003	f007	15	61	9996361	9996361	8.409836065573693	8.412897518980849
6303	condition_003	f007	21	61	9991999	9991999	7.245901639344199	7.251703727496569
6303	condition_003	f007	27	61	9987637	9987637	6.262295081967162	6.270046740752754
6303	condition_003	f007	31	61	9984729	9984729	5.67213114754094	5.6808063068521335
6303	condition_003	f008	15	61	9996361	9996361	103.19672131147723	103.23428826897832
6303	condition_003	f008	21	61	9991999	9991999	80.42622950819896	80.49063006131101
6303	condition_003	f008	27	61	9987637	9987637	62.47540983606644	62.55274379321799
6303	condition_003	f008	31	61	9984729	9984729	53.09836065573792	53.1795711788852
6303	condition_003	f009	15	61	9996361	9996361	0.03278688524590164	0.03279882073676775
6303	condition_003	f009	21	61	9991999	9991999	0.0	0.0
6303	condition_003	f009	27	61	9987637	9987637	0.0	0.0
6303	condition_003	f009	31	61	9984729	9984729	0.0	0.0
6303	condition_003	f010	15	61	9996361	9996361	50.95081967213122	50.969367424937154
6303	condition_003	f010	21	61	9991999	9991999	38.42622950819798	38.45699895306032
6303	condition_003	f010	27	61	9987637	9987637	28.77049180327921	28.806104790631867
6303	condition_003	f010	31	61	9984729	9984729	23.54098360655749	23.576988024970422
6303	condition_003	f011	15	61	9996361	9996361	0.01639344262295082	0.016399410368383875
6303	condition_003	f011	21	61	9991999	9991999	0.0	0.0
6303	condition_003	f011	27	61	9987637	9987637	0.0	0.0
6303	condition_003	f011	31	61	9984729	9984729	0.0	0.0
6303	condition_003	f012	15	61	9996361	9996361	61.75409836065624	61.77657885770255
6303	condition_003	f012	21	61	9991999	9991999	49.70491803278809	49.7447187822858
6303	condition_003	f012	27	61	9987637	9987637	39.65573770491864	39.7048247797939
6303	condition_003	f012	31	61	9984729	9984729	33.86885245901664	33.92065268773608
6303	condition_003	f013	15	61	9996361	9996361	0.0	0.0
6303	condition_003	f013	21	61	9991999	9991999	0.0	0.0
6303	condition_003	f013	27	61	9987637	9987637	0.0	0.0
6303	condition_003	f013	31	61	9984729	9984729	0.0	0.0
6303	condition_003	f014	15	61	9996361	9996361	181.88524590165116	181.9514580372309
6303	condition_003	f014	21	61	9991999	9991999	141.8196721311474	141.93323291079935
6303	condition_003	f014	27	61	9987637	9987637	110.91803278688229	111.0553304919695
6303	condition_003	f014	31	61	9984729	9984729	93.9016393442614	94.04525585447676
6303	condition_003	f015	15	61	9996361	9996361	339.72131147542797	339.84498106403714
6303	condition_003	f015	21	61	9991999	9991999	300.44262295082933	300.6831995788123
6303	condition_003	f015	27	61	9987637	9987637	266.45901639344675	266.78884744554364
6303	condition_003	f015	31	61	9984729	9984729	246.04918032787157	246.42549670388806
6303	condition_003	f016	15	61	9996361	9996361	34.557377049181376	34.56995705655426
6303	condition_003	f016	21	61	9991999	9991999	27.590163934427167	27.612256500853498
6303	condition_003	f016	27	61	9987637	9987637	22.114754098361068	22.142128411716474
6303	condition_003	f016	31	61	9984729	9984729	19.147540983606685	19.176825914460657
6303	condition_003	f017	15	61	9996361	9996361	60.39344262294875	60.41542779712412
6303	condition_003	f017	21	61	9991999	9991999	54.09836065573639	54.141679413435085
6303	condition_003	f017	27	61	9987637	9987637	48.31147540983545	48.37127681936724
6303	condition_003	f017	31	61	9984729	9984729	44.885245901639145	44.95389499468553
6303	condition_003	f018	15	61	9996361	9996361	146.0819672131153	146.13514579266925
6303	condition_003	f018	21	61	9991999	9991999	114.03278688524767	114.12409757571801
6303	condition_003	f018	27	61	9987637	9987637	89.27868852459189	89.3892003930378
6303	condition_003	f018	31	61	9984729	9984729	75.54098360655819	75.65651867622864
6303	condition_003	f019	15	171	9996361	9996361	14.526315789474026	14.531603840111442
6303	condition_003	f019	21	171	9991999	9991999	12.649122807017832	12.659251474122279
6303	condition_003	f019	27	171	9987637	9987637	11.040935672514863	11.054602477557868
6303	condition_003	f019	31	171	9984729	9984729	10.046783625731209	10.062149534285016
6303	condition_003	f020	15	171	9996361	9996361	8.941520467836417	8.944775471630544
6303	condition_003	f020	21	171	9991999	9991999	7.023391812865609	7.0290157283498615
6303	condition_003	f020	27	171	9987637	9987637	5.5730994152047515	5.579997966690971
6303	condition_003	f020	31	171	9984729	9984729	4.748538011695958	4.755800594784253
6303	condition_003	f021	15	171	9996361	9996361	10.941520467836497	10.945503536573456
6303	condition_003	f021	21	171	9991999	9991999	9.713450292397866	9.721228247118384
6303	condition_003	f021	27	171	9987637	9987637	8.619883040935846	8.630552993601837
6303	condition_003	f021	31	171	9984729	9984729	7.970760233918284	7.982950998387922
6303	condition_003	f022	15	171	9996361	9996361	12.286549707602617	12.291022410657856
6303	condition_003	f022	21	171	9991999	9991999	10.122807017544076	10.130912760844026
6303	condition_003	f022	27	171	9987637	9987637	8.37426900584812	8.384634930012094
6303	condition_003	f022	31	171	9984729	9984729	7.432748538011836	7.444116448239943
6303	condition_003	f023	15	171	9996361	9996361	16.59064327485413	16.596682807727863
6303	condition_003	f023	21	171	9991999	9991999	14.912280701754668	14.924221571433973
6303	condition_003	f023	27	171	9987637	9987637	13.368421052631827	13.384968889670127
6303	condition_003	f023	31	171	9984729	9984729	12.409356725146427	12.428336037108696
6303	condition_003	f024	15	171	9996361	9996361	20.38596491228114	20.393386065470363
6303	condition_003	f024	21	171	9991999	9991999	15.040935672514905	15.052979561462033
6303	condition_003	f024	27	171	9987637	9987637	10.982456140351047	10.996050557655476
6303	condition_003	f024	31	171	9984729	9984729	8.766081871345136	8.779489029041384
6303	condition_003	f025	15	171	9996361	9996361	29.07602339181362	29.0866080084679
6303	condition_003	f025	21	171	9991999	9991999	26.192982456141024	26.213956242530674
6303	condition_003	f025	27	171	9987637	9987637	23.532163742690656	23.561292568693332
6303	condition_003	f025	31	171	9984729	9984729	21.90058479532219	21.934080329393204
6303	condition_003	f026	15	171	9996361	9996361	79.77192982456346	79.80096939732714
6303	condition_003	f026	21	171	9991999	9991999	61.69590643275008	61.74530885436446
6303	condition_003	f026	27	171	9987637	9987637	47.85380116959179	47.91303605606791
6303	condition_003	f026	31	171	9984729	9984729	40.54970760234012	40.611725768761595
6303	condition_003	f027	15	171	9996361	9996361	101.44444444444697	101.48137351626954
6303	condition_003	f027	21	171	9991999	9991999	90.0233918128677	90.09547720417876
6303	condition_003	f027	27	171	9987637	9987637	80.05263157894929	80.15172315428492
6303	condition_003	f027	31	171	9984729	9984729	73.98245614035262	74.09560754263097
6303	condition_003	f028	15	171	9996361	9996361	21.181286549708133	21.1889972257986
6303	condition_003	f028	21	171	9991999	9991999	16.70760233918169	16.720980795916503
6303	condition_003	f028	27	171	9987637	9987637	13.19883040935703	13.21516832195346
6303	condition_003	f028	31	171	9984729	9984729	11.286549707602589	11.303811758539053
6303	condition_003	f029	15	171	9996361	9996361	15.198830409357086	15.204363277153641
6303	condition_003	f029	21	171	9991999	9991999	13.666666666666984	13.677610122526017
6303	condition_003	f029	27	171	9987637	9987637	12.274853801169868	12.290047987496811
6303	condition_003	f029	31	171	9984729	9984729	11.444444444444699	11.461947985212916
6303	condition_003	f030	15	171	9996361	9996361	83.28070175438819	83.31101863406913
6303	condition_003	f030	21	171	9991999	9991999	66.6023391812883	66.65567038316188
6303	condition_003	f030	27	171	9987637	9987637	52.842105263159254	52.907514823735845
6303	condition_003	f030	31	171	9984729	9984729	45.327485380118105	45.39681084996709
6303	condition_003	f031	15	171	9996361	9996361	67.33918128655148	67.36369493513837
6303	condition_003	f031	21	171	9991999	9991999	59.86549707602495	59.91343381441987
6303	condition_003	f031	27	171	9987637	9987637	53.26900584795459	53.33494383902277
6303	condition_003	f031	31	171	9984729	9984729	49.33918128655097	49.414642386940066
6303	condition_003	f032	15	160	9996361	9996361	162.5125000000179	162.57165982702895
6303	condition_003	f032	21	167	9991999	9991999	128.71856287425942	128.82163306287302
6303	condition_003	f032	27	171	9987637	9987637	101.08187134503176	101.20699355115906
6303	condition_003	f032	31	171	9984729	9984729	85.76608187134711	85.89725557032857
6303	condition_003	f033	15	171	9996361	9996361	161.0350877193026	161.0937097202698
6303	condition_003	f033	21	171	9991999	9991999	141.5730994152085	141.68646275405803
6303	condition_003	f033	27	171	9987637	9987637	124.16959064327817	124.32329152859498
6303	condition_003	f033	31	171	9984729	9984729	113.72514619883343	113.89908148617096
6303	condition_003	f034	15	171	9996361	9996361	120.04093567251782	120.08463447100182
6303	condition_003	f034	21	171	9991999	9991999	93.42105263158139	93.49585866810173
6303	condition_003	f034	27	171	9987637	9987637	72.43274853801354	72.52240799101283
6303	condition_003	f034	31	171	9984729	9984729	61.05263157894889	61.14600764722697
6303	condition_003	f035	15	171	9996361	9996361	100.30409356725417	100.34060751432864
6303	condition_003	f035	21	171	9991999	9991999	89.9122807017568	89.98427712188202
6303	condition_003	f035	27	171	9987637	9987637	80.48538011696121	80.5850073615623
6303	condition_003	f035	31	171	9984729	9984729	74.80116959064526	74.9155731624216
6303	condition_003	f036	15	171	9996361	9996361	61.60233918128816	61.62476443306535
6303	condition_003	f036	21	171	9991999	9991999	48.67836257310066	48.7173413178891
6303	condition_003	f036	27	171	9987637	9987637	38.57309941520563	38.62084636756986
6303	condition_003	f036	31	171	9984729	9984729	33.08771929824641	33.138324834100565
6303	condition_003	f037	15	421	9996361	9996361	27.845605700709733	27.855742405371046
6303	condition_003	f037	21	421	9991999	9991999	24.73159144892912	24.751395040100704
6303	condition_003	f037	27	421	9987637	9987637	22.030878859856234	22.058149349897512
6303	condition_003	f037	31	421	9984729	9984729	20.37292161520111	20.404080686817952
6303	condition_003	f038	15	421	9996361	9996361	5.731591448930972	5.733677934331276
6303	condition_003	f038	21	421	9991999	9991999	4.34916864608069	4.352651202307657
6303	condition_003	f038	27	421	9987637	9987637	3.3562945368170896	3.3604490599899552
6303	condition_003	f038	31	421	9984729	9984729	2.8788598574821935	2.8832628882388227
6303	condition_003	f039	15	421	9996361	9996361	9.168646080760118	9.171983765652438
6303	condition_003	f039	21	421	9991999	9991999	8.144893111639144	8.15141505882771
6303	condition_003	f039	27	421	9987637	9987637	7.285035629453792	7.294053267508413
6303	condition_003	f039	31	421	9984729	9984729	6.752969121140204	6.763297352527249
6303	condition_003	f040	15	421	9996361	9996361	0.03800475059382424	0.03801858555710847
6303	condition_003	f040	21	421	9991999	9991999	0.0	0.0
6303	condition_003	f040	27	421	9987637	9987637	0.0	0.0
6303	condition_003	f040	31	421	9984729	9984729	0.0	0.0
6303	condition_003	f041	15	420	9996361	9996361	27.66190476190784	27.6719745934624
6303	condition_003	f041	21	421	9991999	9991999	24.22802850356178	24.247428871401787
6303	condition_003	f041	27	421	9987637	9987637	21.15676959619883	21.182958087282138
6303	condition_003	f041	31	421	9984729	9984729	19.375296912113516	19.40493018099291
6303	condition_003	f042	15	416	9996361	9996361	6.588942307692202	6.59134089664449
6303	condition_003	f042	21	421	9991999	9991999	4.980997624702936	4.98498611209122
6303	condition_003	f042	27	421	9987637	9987637	3.7292161520189047	3.733832288877644
6303	condition_003	f042	31	421	9984729	9984729	3.0688836104512576	3.073577270300734
6303	condition_003	f043	15	417	9996361	9996361	85.17985611510791	85.21086434864438
6303	condition_003	f043	21	421	9991999	9991999	75.37529691210369	75.43565297805142
6303	condition_003	f043	27	421	9987637	9987637	66.5178147268327	66.60015249536272
6303	condition_003	f043	31	421	9984729	9984729	61.14489311163201	61.238410287982795
6303	condition_003	f044	15	418	9996361	9996361	51.5741626794271	51.59293734932852
6303	condition_003	f044	21	421	9991999	9991999	40.83372921615052	40.86642644394833
6303	condition_003	f044	27	421	9987637	9987637	32.1425178147258	32.18230479814775
6303	condition_003	f044	31	421	9984729	9984729	27.375296912113235	27.417165665801484
6303	condition_003	f045	15	421	9996361	9996361	58.691211401416204	58.71257690815308
6303	condition_003	f045	21	421	9991999	9991999	52.10451306412587	52.14623526696296
6303	condition_003	f045	27	421	9987637	9987637	46.16864608075453	46.225795031151534
6303	condition_003	f045	31	421	9984729	9984729	42.546318289781375	42.61139014366977
6303	condition_003	f046	15	421	9996361	9996361	35.855106888356566	35.86815931153003
6303	condition_003	f046	21	421	9991999	9991999	27.978622327788575	28.00102594865009
6303	condition_003	f046	27	421	9987637	9987637	21.809976247030093	21.83697329711732
6303	condition_003	f046	31	421	9984729	9984729	18.47980997624699	18.508073655526346
6303	condition_003	f047	15	412	9996361	9996361	0.0048543689320388345	0.004856136079958331
6303	condition_003	f047	21	418	9991999	9991999	0.0	0.0
6303	condition_003	f047	27	421	9987637	9987637	0.0	0.0
6303	condition_003	f047	31	421	9984729	9984729	0.0	0.0
6303	condition_003	f048	15	421	9996361	9996361	20.99287410926027	21.000516197104396
6303	condition_003	f048	21	421	9991999	9991999	16.128266033252117	16.14118059184365
6303	condition_003	f048	27	421	9987637	9987637	12.263657957243685	12.27883828501545
6303	condition_003	f048	31	421	9984729	9984729	10.190023752968726	10.205608738072636
6303	condition_003	f049	15	421	9996361	9996361	144.72921615199556	144.78190228623754
6303	condition_003	f049	21	421	9991999	9991999	127.85273159142986	127.95510847371968
6303	condition_003	f049	27	421	9987637	9987637	112.88361045129123	113.02334120802671
6303	condition_003	f049	31	421	9984729	9984729	103.93824228027216	104.09720912833204
6303	condition_003	f050	15	421	9996361	9996361	144.13064133014637	144.1831095637166
6303	condition_003	f050	21	421	9991999	9991999	113.29691211400213	113.38763355961318
6303	condition_003	f050	27	421	9987637	9987637	89.07125890735678	89.1815140131312
6303	condition_003	f050	31	421	9984729	9984729	75.8361045130604	75.9520909511519
6303	condition_003	f051	15	421	9996361	9996361	138.47743467931318	138.5278449620949
6303	condition_003	f051	21	421	9991999	9991999	122.44418052254775	122.54222655801682
6303	condition_003	f051	27	421	9987637	9987637	108.23277909737335	108.36675291400093
6303	condition_003	f051	31	421	9984729	9984729	99.69833729214997	99.8508194785757
6303	condition_003	f052	15	421	9996361	9996361	90.50831353918196	90.54126150424335
6303	condition_003	f052	21	421	9991999	9991999	71.0878859857425	71.14480894738129
6303	condition_003	f052	27	421	9987637	9987637	55.893111638952966	55.962297827757425
6303	condition_003	f052	31	421	9984729	9984729	47.693586698337214	47.76653096777811
6303	condition_003	f053	15	419	9996361	9996361	282.32458233889736	282.4273576543478
6303	condition_003	f053	21	421	9991999	9991999	249.69596199521013	249.8959037077667
6303	condition_003	f053	27	421	9987637	9987637	220.84323040376916	221.11659685245786
6303	condition_003	f053	31	421	9984729	9984729	203.42280285032973	203.7339249270859
6303	condition_003	f054	15	421	9996361	9996361	58.68646080759299	58.707824584959454
6303	condition_003	f054	21	421	9991999	9991999	46.472684085506	46.50989665381872
6303	condition_003	f054	27	421	9987637	9987637	36.821852731589324	36.867431937693894
6303	condition_003	f054	31	421	9984729	9984729	31.672209026127504	31.72064963017775
6303	condition_003	megabase_171	15	171	9996361	9996361	3728.8187134503924	3730.176124542113
6303	condition_003	megabase_171	21	171	9991999	9991999	3117.7076023392638	3120.204077621769
6303	condition_003	megabase_171	27	171	9987637	9987637	2606.6959064328175	2609.9225536859394
6303	condition_003	megabase_171	31	171	9984729	9984729	2313.204678362633	2316.7425759503667
6303	condition_004	f001	15	61	49953694	49953694	67.72131147541036	13.556817534937528
6303	condition_004	f001	21	61	49931938	49931938	67.2295081967218	13.464229687363986
6303	condition_004	f001	27	61	49910182	49910182	66.73770491803326	13.371561121142227
6303	condition_004	f001	31	61	49895678	49895678	66.40983606557423	13.309737181159104
6303	condition_004	f002	15	61	49953694	49953694	108.62295081967106	21.744728391792417
6303	condition_004	f002	21	61	49931938	49931938	94.37704918032692	18.90113882227582
6303	condition_004	f002	27	61	49910182	49910182	82.54098360655658	16.537904751891425
6303	condition_004	f002	31	61	49895678	49895678	75.65573770491733	15.162783779572516
6303	condition_004	f003	15	61	49953694	49953694	97.19672131147618	19.45736411635067
6303	condition_004	f003	21	61	49931938	49931938	96.65573770491876	19.357497741208995
6303	condition_004	f003	27	61	49910182	49910182	96.16393442623018	19.267398068440258
6303	condition_004	f003	31	61	49895678	49895678	95.83606557377114	19.207287968663564
6303	condition_004	f004	15	61	49953694	49953694	91.13114754098267	18.243124830964987
6303	condition_004	f004	21	61	49931938	49931938	81.06557377049097	16.23521477786241
6303	condition_004	f004	27	61	49910182	49910182	72.40983606557306	14.508028855830071
6303	condition_004	f004	31	61	49895678	49895678	67.18032786885182	13.464157731026686
6303	condition_004	f005	15	61	49953694	49953694	90.60655737704981	18.138109541418462
6303	condition_004	f005	21	61	49931938	49931938	90.11475409836126	18.047517822833406
6303	condition_004	f005	27	61	49910182	49910182	89.62295081967268	17.956847125837506
6303	condition_004	f005	31	61	49895678	49895678	89.29508196721365	17.896356066594315
6303	condition_004	f006	15	61	49953694	49953694	42.19672131147497	8.447167352923882
6303	condition_004	f006	21	61	49931938	49931938	37.37704918032749	7.485599533574581
6303	condition_004	f006	27	61	49910182	49910182	32.95081967213082	6.602023545442254
6303	condition_004	f006	31	61	49895678	49895678	30.131147540983314	6.038829162915336
6303	condition_004	f007	15	61	49953694	49953694	505.3278688524597	101.15925938379246
6303	condition_004	f007	21	61	49931938	49931938	504.3442622950825	101.00634633790551
6303	condition_004	f007	27	61	49910182	49910182	503.3606557377054	100.85329998149582
6303	condition_004	f007	31	61	49895678	49895678	502.70491803278725	100.75119492970659
6303	condition_004	f008	15	61	49953694	49953694	520.5901639344158	104.21454796404362
6303	condition_004	f008	21	61	49931938	49931938	462.27868852458624	92.58176370494296
6303	condition_004	f008	27	61	49910182	49910182	412.0491803278703	82.55814020631507
6303	condition_004	f008	31	61	49895678	49895678	380.836065573775	76.32646370168074
6303	condition_004	f009	15	61	49953694	49953694	0.0	0.0
6303	condition_004	f009	21	61	49931938	49931938	0.0	0.0
6303	condition_004	f009	27	61	49910182	49910182	0.0	0.0
6303	condition_004	f009	31	61	49895678	49895678	0.0	0.0
6303	condition_004	f010	15	61	49953694	49953694	327.47540983606024	65.55579449961402
6303	condition_004	f010	21	61	49931938	49931938	275.6885245901633	55.21286287549329
6303	condition_004	f010	27	61	49910182	49910182	232.4426229508229	46.57218500041193
6303	condition_004	f010	31	61	49895678	49895678	206.5573770491859	41.397849539029394
6303	condition_004	f011	15	61	49953694	49953694	465.4754098360655	93.18137910603078
6303	condition_004	f011	21	61	49931938	49931938	464.4918032786884	93.02498999311591
6303	condition_004	f011	27	61	49910182	49910182	463.5081967213113	92.86846453922193
6303	condition_004	f011	31	61	49895678	49895678	462.8524590163932	92.76403840356537
6303	condition_004	f012	15	61	49953694	49953694	409.39344262294316	81.95458830791236
6303	condition_004	f012	21	61	49931938	49931938	362.4098360655701	72.58076705646197
6303	condition_004	f012	27	61	49910182	49910182	320.5901639344262	64.23341913167661
6303	condition_004	f012	31	61	49895678	49895678	295.3770491803299	59.19892484081084
6303	condition_004	f013	15	61	49953694	49953694	1026.3934426231158	205.46897745402288
6303	condition_004	f013	21	61	49931938	49931938	1025.5081967214762	205.3812124659524
6303	condition_004	f013	27	61	49910182	49910182	1024.6229508198367	205.2933709638319
6303	condition_004	f013	31	61	49895678	49895678	1024.0327868854104	205.23476740518694
6303	condition_004	f014	15	61	49953694	49953694	1239.3278688525984	248.09533982663993
6303	condition_004	f014	21	61	49931938	49931938	1091.8688524591125	218.67143479572385
6303	condition_004	f014	27	61	49910182	49910182	962.3114754098942	192.8086488263846
6303	condition_004	f014	31	61	49895678	49895678	882.0000000000347	176.7688175316577
6303	condition_004	f015	15	61	49953694	49953694	1445.7704918034467	289.4221379911257
6303	condition_004	f015	21	61	49931938	49931938	1444.1967213116432	289.23305987274983
6303	condition_004	f015	27	61	49910182	49910182	1442.7213114755773	289.0635244478927
6303	condition_004	f015	31	61	49895678	49895678	1441.7377049182	288.9504186952225
6303	condition_004	f016	15	61	49953694	49953694	547.7868852459321	109.65893438149581
6303	condition_004	f016	21	61	49931938	49931938	488.13114754100167	97.75930338233651
6303	condition_004	f016	27	61	49910182	49910182	436.18032786886437	87.39305496198438
6303	condition_004	f016	31	61	49895678	49895678	404.42622950820567	81.05436096252778
6303	condition_004	f017	15	61	49953694	49953694	1263.6885245903622	252.9719873349831
6303	condition_004	f017	21	61	49931938	49931938	1262.704918032985	252.88522108494666
6303	condition_004	f017	27	61	49910182	49910182	1261.8196721313454	252.81808672453755
6303	condition_004	f017	31	61	49895678	49895678	1261.2295081969191	252.77329795917777
6303	condition_004	f018	15	61	49953694	49953694	463.14754098363346	92.71537375867207
6303	condition_004	f018	21	61	49931938	49931938	411.37704918034535	82.38755907698703
6303	condition_004	f018	27	61	49910182	49910182	363.95081967214253	72.92115658326843
6303	condition_004	f018	31	61	49895678	49895678	334.85245901640326	67.1105138638267
6303	condition_004	f019	15	171	49953694	49953694	154.73099415205064	30.97488529117599
6303	condition_004	f019	21	171	49931938	49931938	154.34502923976993	30.911083250918466
6303	condition_004	f019	27	171	49910182	49910182	154.06432748538396	30.86831610539588
6303	condition_004	f019	31	171	49895678	49895678	153.87719298245997	30.83978395532775
6303	condition_004	f020	15	171	49953694	49953694	105.40935672514853	21.101413786365534
6303	condition_004	f020	21	171	49931938	49931938	92.61988304093764	18.54922655734645
6303	condition_004	f020	27	171	49910182	49910182	81.20467836257474	16.27016274205827
6303	condition_004	f020	31	171	49895678	49895678	73.92982456140496	14.816879442224426
6303	condition_004	f021	15	171	49953694	49953694	146.41520467836617	29.310185684839677
6303	condition_004	f021	21	171	49931938	49931938	145.8830409356761	29.216378690463827
6303	condition_004	f021	27	171	49910182	49910182	145.60233918129012	29.1728728180735
6303	condition_004	f021	31	171	49895678	49895678	145.41520467836614	29.143847825530326
6303	condition_004	f022	15	171	49953694	49953694	82.71929824561596	16.55919545121447
6303	condition_004	f022	21	171	49931938	49931938	74.83625730994322	14.987653255105625
6303	condition_004	f022	27	171	49910182	49910182	67.54385964912431	13.533082217396906
6303	condition_004	f022	31	171	49895678	49895678	63.30994152046922	12.688462018788325
6303	condition_004	f023	15	171	49953694	49953694	102.07017543859882	20.432958459208006
6303	condition_004	f023	21	171	49931938	49931938	101.77192982456373	20.382130936829196
6303	condition_004	f023	27	171	49910182	49910182	101.49122807017775	20.3347741889977
6303	condition_004	f023	31	171	49895678	49895678	101.30409356725377	20.303180080497906
6303	condition_004	f024	15	171	49953694	49953694	78.27485380117135	15.669482581442596
6303	condition_004	f024	21	171	49931938	49931938	68.43274853801319	13.705205781921219
6303	condition_004	f024	27	171	49910182	49910182	59.654970760235166	11.952465082222133
6303	condition_004	f024	31	171	49895678	49895678	54.05847953216483	10.834301025464537
6303	condition_004	f025	15	171	49953694	49953694	282.3742690058553	56.527204776058255
6303	condition_004	f025	21	171	49931938	49931938	281.87719298246344	56.45228370316078
6303	condition_004	f025	27	171	49910182	49910182	281.5614035087792	56.413619871949024
6303	condition_004	f025	31	171	49895678	49895678	281.35087719298974	56.38782525271823
6303	condition_004	f026	15	171	49953694	49953694	402.18713450293444	80.51199066538192
6303	condition_004	f026	21	171	49931938	49931938	354.63157894737765	71.02299513136815
6303	condition_004	f026	27	171	49910182	49910182	313.5029239766163	62.813420311033184
6303	condition_004	f026	31	171	49895678	49895678	289.2222222222296	57.96538574387738
6303	condition_004	f027	15	171	49953694	49953694	436.36842105264304	87.35458503882477
6303	condition_004	f027	21	171	49931938	49931938	435.87134502925124	87.29309585965827
6303	condition_004	f027	27	171	49910182	49910182	435.41520467837404	87.23975494186216
6303	condition_004	f027	31	171	49895678	49895678	435.11111111112257	87.20416848752363
6303	condition_004	f028	15	171	49953694	49953694	294.9239766081948	59.03947295833513
6303	condition_004	f028	21	171	49931938	49931938	259.74853801170264	52.02052001500575
6303	condition_004	f028	27	171	49910182	49910182	228.27485380117537	45.73713111308137
6303	condition_004	f028	31	171	49895678	49895678	209.4152046783679	41.97061009540103
6303	condition_004	f029	15	171	49953694	49953694	122.78947368421366	24.580659377105057
6303	condition_004	f029	21	171	49931938	49931938	122.57894736842418	24.54920683599827
6303	condition_004	f029	27	171	49910182	49910182	122.40350877193295	24.52475704695546
6303	condition_004	f029	31	171	49895678	49895678	122.28654970760546	24.508445342220917
6303	condition_004	f030	15	171	49953694	49953694	377.3508771929924	75.54013466811732
6303	condition_004	f030	21	171	49931938	49931938	337.36257309942414	67.56448610094488
6303	condition_004	f030	27	171	49910182	49910182	300.59064327486163	60.226316801421724
6303	condition_004	f030	31	171	49895678	49895678	278.6900584795394	55.85454886083308
6303	condition_004	f031	15	171	49953694	49953694	809.8947368421273	162.12909836900695
6303	condition_004	f031	21	171	49931938	49931938	809.327485380139	162.0861352067166
6303	condition_004	f031	27	171	49910182	49910182	808.8362573099635	162.0583666294712
6303	condition_004	f031	31	171	49895678	49895678	808.5087719298465	162.03984079139008
6303	condition_004	f032	15	160	49953694	49953694	983.34375000012	196.8510577015826
6303	condition_004	f032	21	167	49931938	49931938	871.9760479043554	174.63292690629302
6303	condition_004	f032	27	171	49910182	49910182	772.1286549707805	154.70363441487362
6303	condition_004	f032	31	171	49895678	49895678	711.1111111111298	142.51958077634097
6303	condition_004	f033	15	171	49953694	49953694	954.5730994152302	191.0915936297384
6303	condition_004	f033	21	171	49931938	49931938	953.8596491228329	191.03197018365938
6303	condition_004	f033	27	171	49910182	49910182	953.1929824561661	190.9816683209382
6303	condition_004	f033	31	171	49895678	49895678	952.7485380117216	190.9481093756701
6303	condition_004	f034	15	171	49953694	49953694	695.8888888889073	139.30679258452986
6303	condition_004	f034	21	171	49931938	49931938	610.7426900584954	122.31503813420889
6303	condition_004	f034	27	171	49910182	49910182	534.9473684210665	107.18201116178388
6303	condition_004	f034	31	171	49895678	49895678	488.86549707603587	97.97752363962985
6303	condition_004	f035	15	171	49953694	49953694	914.4269005848204	183.05491093107557
6303	condition_004	f035	21	171	49931938	49931938	913.877192982481	183.0245789743793
6303	condition_004	f035	27	171	49910182	49910182	913.3508771930074	182.99890735581914
6303	condition_004	f035	31	171	49895678	49895678	913.0000000000249	182.98178050612418
6303	condition_004	f036	15	171	49953694	49953694	822.1228070175661	164.5769794357082
6303	condition_004	f036	21	171	49931938	49931938	725.6257309941714	145.32296563257194
6303	condition_004	f036	27	171	49910182	49910182	638.9766081871514	128.02530116743543
6303	condition_004	f036	31	171	49895678	49895678	588.1111111111268	117.86814703893327
6303	condition_004	f037	15	421	49953694	49953694	116.76009501186122	23.373665821763097
6303	condition_004	f037	21	421	49931938	49931938	116.55106888359516	23.34198782422488
6303	condition_004	f037	27	421	49910182	49910182	116.4513064132864	23.33217426722395
6303	condition_004	f037	31	421	49895678	49895678	116.38479809974723	23.325627141442435
6303	condition_004	f038	15	421	49953694	49953694	50.85035629453479	10.17949869623952
6303	condition_004	f038	21	421	49931938	49931938	45.180522565319244	9.048421586464208
6303	condition_004	f038	27	421	49910182	49910182	40.116389548692695	8.037716542226333
6303	condition_004	f038	31	421	49895678	49895678	37.08076009501113	7.431657726950043
6303	condition_004	f039	15	421	49953694	49953694	47.282660332538015	9.465298068354668
6303	condition_004	f039	21	421	49931938	49931938	47.125890736338505	9.438025565188058
6303	condition_004	f039	27	421	49910182	49910182	47.02612826602972	9.422151228787289
6303	condition_004	f039	31	421	49895678	49895678	46.95961995249054	9.411560647094634
6303	condition_004	f040	15	421	49953694	49953694	35.042755344415156	7.015047844993236
6303	condition_004	f040	21	421	49931938	49931938	31.068883610449248	6.222246693178472
6303	condition_004	f040	27	421	49910182	49910182	27.596199524939287	5.529172288920783
6303	condition_004	f040	31	421	49895678	49895678	25.477434679334028	5.106140591843251
6303	condition_004	f041	15	420	49953694	49953694	162.36904761907218	32.503912046839254
6303	condition_004	f041	21	421	49931938	49931938	162.1448931116222	32.47318241715797
6303	condition_004	f041	27	421	49910182	49910182	161.95961995247728	32.45021626097803
6303	condition_004	f041	31	421	49895678	49895678	161.8361045130474	32.43489436360548
6303	condition_004	f042	15	416	49953694	49953694	45.0312500000004	9.014598600055564
6303	condition_004	f042	21	421	49931938	49931938	38.9524940617571	7.801118006226215
6303	condition_004	f042	27	421	49910182	49910182	33.56057007125853	6.724193085743212
6303	condition_004	f042	31	421	49895678	49895678	30.37529691211376	6.087761130756408
6303	condition_004	f043	15	417	49953694	49953694	657.139088728972	131.54964850626902
6303	condition_004	f043	21	421	49931938	49931938	656.6555819476231	131.51013324330071
6303	condition_004	f043	27	421	49910182	49910182	656.256532066388	131.48750530831325
6303	condition_004	f043	31	421	49895678	49895678	655.9904988122314	131.47240905559624
6303	condition_004	f044	15	418	49953694	49953694	396.1842105263258	79.31029295377552
6303	condition_004	f044	21	421	49931938	49931938	350.3159144892653	70.15868570718511
6303	condition_004	f044	27	421	49910182	49910182	309.1187648455702	61.93501054465604
6303	condition_004	f044	31	421	49895678	49895678	284.0522565320368	56.929230730572854
6303	condition_004	f045	15	421	49953694	49953694	422.45368171013774	84.56905743750157
6303	condition_004	f045	21	421	49931938	49931938	422.1425178146508	84.54358767621854
6303	condition_004	f045	27	421	49910182	49910182	421.88598574814256	84.52904173904687
6303	condition_004	f045	31	421	49895678	49895678	421.71496437047045	84.51933740041983
6303	condition_004	f046	15	421	49953694	49953694	336.16864608071717	67.29605343715265
6303	condition_004	f046	21	421	49931938	49931938	296.85035629450357	59.45099833587545
6303	condition_004	f046	27	421	49910182	49910182	261.9572446555569	52.485732201007984
6303	condition_004	f046	31	421	49895678	49895678	241.05225653204585	48.31124983050553
6303	condition_004	f047	15	412	49953694	49953694	346.8665048543398	69.43760852887873
6303	condition_004	f047	21	418	49931938	49931938	346.6674641148419	69.42800099504286
6303	condition_004	f047	27	421	49910182	49910182	346.4845605700054	69.4216183323085
6303	condition_004	f047	31	421	49895678	49895678	346.3610451305755	69.41704352240198
6303	condition_004	f048	15	421	49953694	49953694	237.89786223274234	47.62367768692789
6303	condition_004	f048	21	421	49931938	49931938	208.1900237529406	41.69476132749756
6303	condition_004	f048	27	421	49910182	49910182	182.261282660311	36.517855747412625
6303	condition_004	f048	31	421	49895678	49895678	166.99999999998246	33.469832797939425
6303	condition_004	f049	15	421	49953694	49953694	1005.0451306411359	201.19535717241166
6303	condition_004	f049	21	421	49931938	49931938	1004.4560570069317	201.16504530766093
6303	condition_004	f049	27	421	49910182	49910182	1003.942992873915	201.14993627430874
6303	condition_004	f049	31	421	49895678	49895678	1003.6009501185711	201.13985626542063
6303	condition_004	f050	15	421	49953694	49953694	746.7719714963114	149.49284261066086
6303	condition_004	f050	21	421	49931938	49931938	660.7173396673566	132.32359209998148
6303	condition_004	f050	27	421	49910182	49910182	584.7695961994436	117.16438866110398
6303	condition_004	f050	31	421	49895678	49895678	538.893111638886	108.00396612285456
6303	condition_004	f051	15	421	49953694	49953694	992.477434679154	198.67948798324184
6303	condition_004	f051	21	421	49931938	49931938	991.8313539190592	198.63666295489256
6303	condition_004	f051	27	421	49910182	49910182	991.2612826601519	198.60902984888972
6303	condition_004	f051	31	421	49895678	49895678	990.8812351542138	198.59059439060306
6303	condition_004	f052	15	421	49953694	49953694	868.8859857480727	173.93828487400202
6303	condition_004	f052	21	421	49931938	49931938	771.5581947742268	154.52198045552063
6303	condition_004	f052	27	421	49910182	49910182	684.4346793348194	137.13327659971654
6303	condition_004	f052	31	421	49895678	49895678	631.9358669832889	126.65142399373526
6303	condition_004	f053	15	419	49953694	49953694	1261.5584725535782	252.54558202514076
6303	condition_004	f053	21	421	49931938	49931938	1260.8859857479774	252.52093875226262
6303	condition_004	f053	27	421	49910182	49910182	1260.2446555817066	252.50251653694764
6303	condition_004	f053	31	421	49895678	49895678	1259.8171021375263	252.4902261349222
6303	condition_004	f054	15	421	49953694	49953694	630.3349168645095	126.1838447552066
6303	condition_004	f054	21	421	49931938	49931938	559.3230403799679	112.0170902198845
6303	condition_004	f054	27	421	49910182	49910182	496.4228028502938	99.46323234210884
6303	condition_004	f054	31	421	49895678	49895678	457.8171021377149	91.75486144064722
6303	condition_004	megabase_171	15	171	49953694	49953694	24609.339181287218	4926.4303018886285
6303	condition_004	megabase_171	21	171	49931938	49931938	23151.836257310573	4636.67888422648
6303	condition_004	megabase_171	27	171	49910182	49910182	21780.08771929882	4363.856601304083
6303	condition_004	megabase_171	31	171	49895678	49895678	20911.777777778352	4191.100034311258
6303	condition_005	f001	15	61	49954023	49954023	63.44262295081988	12.700202934770616
6303	condition_005	f001	21	61	49932267	49932267	61.180327868852515	12.252663767269473
6303	condition_005	f001	27	61	49910511	49910511	59.01639344262286	11.824441838037453
6303	condition_005	f001	31	61	49896007	49896007	57.57377049180308	11.538753089361055
6303	condition_005	f002	15	61	49954023	49954023	103.24590163934324	20.66818555121041
6303	condition_005	f002	21	61	49932267	49932267	87.67213114754013	17.558211636483506
6303	condition_005	f002	27	61	49910511	49910511	75.1967213114747	15.066309641965939
6303	condition_005	f002	31	61	49896007	49896007	68.1639344262289	13.661200269237758
6303	condition_005	f003	15	61	49954023	49954023	94.59016393442676	18.935444685691632
6303	condition_005	f003	21	61	49932267	49932267	92.96721311475447	18.61866458311506
6303	condition_005	f003	27	61	49910511	49910511	91.39344262295103	18.311462013071964
6303	condition_005	f003	31	61	49896007	49896007	90.3442622950821	18.106511467958168
6303	condition_005	f004	15	61	49954023	49954023	86.91803278688437	17.39960619125398
6303	condition_005	f004	21	61	49932267	49932267	75.62295081967137	15.145106634087206
6303	condition_005	f004	27	61	49910511	49910511	65.99999999999936	13.223667455538445
6303	condition_005	f004	31	61	49896007	49896007	60.131147540983044	12.051294513603672
6303	condition_005	f005	15	61	49954023	49954023	87.32786885245937	17.481648845871607
6303	condition_005	f005	21	61	49932267	49932267	85.55737704918053	17.13468708504273
6303	condition_005	f005	27	61	49910511	49910511	83.7868852459017	16.78742284283599
6303	condition_005	f005	31	61	49896007	49896007	82.60655737704914	16.555745107428965
6303	condition_005	f006	15	61	49954023	49954023	40.4590163934422	8.099250863827763
6303	condition_005	f006	21	61	49932267	49932267	35.1475409836062	7.039043707670273
6303	condition_005	f006	27	61	49910511	49910511	30.245901639343966	6.060026441994145
6303	condition_005	f006	31	61	49896007	49896007	27.19672131147515	5.45068091550395
6303	condition_005	f007	15	61	49954023	49954023	486.31147540983494	97.35181396898403
6303	condition_005	f007	21	61	49932267	49932267	477.3934426229489	95.608205135759
6303	condition_005	f007	27	61	49910511	49910511	468.7213114754073	93.91234473143489
6303	condition_005	f007	31	61	49896007	49896007	462.99999999999693	92.79299644157837
6303	condition_005	f008	15	61	49954023	49954023	498.77049180327055	99.845910669351
6303	condition_005	f008	21	61	49932267	49932267	434.72131147540847	87.06220197761269
6303	condition_005	f008	27	61	49910511	49910511	380.81967213115183	76.30049552711489
6303	condition_005	f008	31	61	49896007	49896007	347.721311475417	69.68920608725604
6303	condition_005	f009	15	61	49954023	49954023	0.01639344262295082	0.003281706184695239
6303	condition_005	f009	21	61	49932267	49932267	0.0	0.0
6303	condition_005	f009	27	61	49910511	49910511	0.0	0.0
6303	condition_005	f009	31	61	49896007	49896007	0.0	0.0
6303	condition_005	f010	15	61	49954023	49954023	311.22950819671735	62.303191916438315
6303	condition_005	f010	21	61	49932267	49932267	255.672131147542	51.203789955609665
6303	condition_005	f010	27	61	49910511	49910511	210.11475409836578	42.098297510591664
6303	condition_005	f010	31	61	49896007	49896007	183.16393442623513	36.70913675040873
6303	condition_005	f011	15	61	49954023	49954023	445.47540983606325	89.17708386290796
6303	condition_005	f011	21	61	49932267	49932267	436.70491803278424	87.45946144059197
6303	condition_005	f011	27	61	49910511	49910511	428.22950819671826	85.79946380367018
6303	condition_005	f011	31	61	49896007	49896007	422.7377049180295	84.72375453170622
6303	condition_005	f012	15	61	49954023	49954023	392.2622950819609	78.5246655873864
6303	condition_005	f012	21	61	49932267	49932267	341.29508196721116	68.35160958488248
6303	condition_005	f012	27	61	49910511	49910511	297.31147540983744	59.568910326291274
6303	condition_005	f012	31	61	49896007	49896007	271.21311475410164	54.35567514532809
6303	condition_005	f013	15	61	49954023	49954023	980.836065573923	196.34776273653134
6303	condition_005	f013	21	61	49932267	49932267	961.6721311476882	192.5953274157747
6303	condition_005	f013	27	61	49910511	49910511	942.7377049181749	188.8856046611454
6303	condition_005	f013	31	61	49896007	49896007	930.1803278689912	186.42380098050558
6303	condition_005	f014	15	61	49954023	49954023	1186.934426229632	237.60537289051413
6303	condition_005	f014	21	61	49932267	49932267	1027.3114754099129	205.74100419071956
6303	condition_005	f014	27	61	49910511	49910511	889.7049180328235	178.26002984277667
6303	condition_005	f014	31	61	49896007	49896007	805.6721311475565	161.4702617681524
6303	condition_005	f015	15	61	49954023	49954023	1385.8688524591676	277.4288774417963
6303	condition_005	f015	21	61	49932267	49932267	1360.1311475411278	272.3952324337943
6303	condition_005	f015	27	61	49910511	49910511	1335.0819672132516	267.4951509138529
6303	condition_005	f015	31	61	49896007	49896007	1318.7213114755418	264.29395672394025
6303	condition_005	f016	15	61	49954023	49954023	523.6721311475663	104.83082236390977
6303	condition_005	f016	21	61	49932267	49932267	457.54098360657173	91.63232736990928
6303	condition_005	f016	27	61	49910511	49910511	401.6065573770583	80.46532670784683
6303	condition_005	f016	31	61	49896007	49896007	367.6557377049238	73.68440077878853
6303	condition_005	f017	15	61	49954023	49954023	1216.409836065758	243.5058806106083
6303	condition_005	f017	21	61	49932267	49932267	1196.1311475411621	239.55073931274984
6303	condition_005	f017	27	61	49910511	49910511	1176.7868852460745	235.77937025050184
6303	condition_005	f017	31	61	49896007	49896007	1164.0819672132839	233.30162816701625
6303	condition_005	f018	15	61	49954023	49954023	442.95081967215475	88.67170111047007
6303	condition_005	f018	21	61	49932267	49932267	385.65573770493154	77.23577575697325
6303	condition_005	f018	27	61	49910511	49910511	333.83606557377965	66.88692599716714
6303	condition_005	f018	31	61	49896007	49896007	302.5245901639418	60.631022070351605
6303	condition_005	f019	15	171	49954023	49954023	148.08187134503288	29.64363277508858
6303	condition_005	f019	21	171	49932267	49932267	145.02339181286905	29.044023138959233
6303	condition_005	f019	27	171	49910511	49910511	142.11111111111458	28.47318295561321
6303	condition_005	f019	31	171	49896007	49896007	140.17543859649464	28.093518304279268
6303	condition_005	f020	15	171	49954023	49954023	101.42690058479754	20.30405050355955
6303	condition_005	f020	21	171	49932267	49932267	87.47368421052815	17.51846841052263
6303	condition_005	f020	27	171	49910511	49910511	75.25730994152195	15.078449094925507
6303	condition_005	f020	31	171	49896007	49896007	67.7660818713463	13.581463917813364
6303	condition_005	f021	15	171	49954023	49954023	140.59064327485723	28.144008196268242
6303	condition_005	f021	21	171	49932267	49932267	137.77192982456475	27.591763423151754
6303	condition_005	f021	27	171	49910511	49910511	135.245614035091	27.0976215881843
6303	condition_005	f021	31	171	49896007	49896007	133.59064327485703	26.773814440673984
6303	condition_005	f022	15	171	49954023	49954023	78.21637426900764	15.657672710165436
6303	condition_005	f022	21	171	49932267	49932267	69.22222222222378	13.863224400010475
6303	condition_005	f022	27	171	49910511	49910511	61.409356725147546	12.303892605937765
6303	condition_005	f022	31	171	49896007	49896007	56.923976608188354	11.4085234532271
6303	condition_005	f023	15	171	49954023	49954023	97.77192982456361	19.572383554486414
6303	condition_005	f023	21	171	49932267	49932267	95.67836257310157	19.161630008327393
6303	condition_005	f023	27	171	49910511	49910511	93.69005847953426	18.771608745807924
6303	condition_005	f023	31	171	49896007	49896007	92.38011695906638	18.514531024309495
6303	condition_005	f024	15	171	49954023	49954023	74.47953216374434	14.909616421433032
6303	condition_005	f024	21	171	49932267	49932267	63.736842105264515	12.76466019563352
6303	condition_005	f024	27	171	49910511	49910511	54.47953216374379	10.91544267373736
6303	condition_005	f024	31	171	49896007	49896007	48.69590643274948	9.759479637869516
6303	condition_005	f025	15	171	49954023	49954023	270.85964912281406	54.221788928353995
6303	condition_005	f025	21	171	49932267	49932267	265.532163742697	53.17847149673717
6303	condition_005	f025	27	171	49910511	49910511	260.4385964912349	52.18111200889826
6303	condition_005	f025	31	171	49896007	49896007	257.05263157895405	51.51767586912396
6303	condition_005	f026	15	171	49954023	49954023	386.953216374279	77.46187256515437
6303	condition_005	f026	21	171	49932267	49932267	335.62573099416073	67.21620129808261
6303	condition_005	f026	27	171	49910511	49910511	291.57309941521214	58.41917735829476
6303	condition_005	f026	31	171	49896007	49896007	265.91812865497747	53.29447076896904
6303	condition_005	f027	15	171	49954023	49954023	417.1228070175547	83.50134422958381
6303	condition_005	f027	21	171	49932267	49932267	408.76023391813936	81.86294323831508
6303	condition_005	f027	27	171	49910511	49910511	400.6140350877298	80.26646633366062
6303	condition_005	f027	31	171	49896007	49896007	395.21637426901617	79.20801643887378
6303	condition_005	f028	15	171	49954023	49954023	282.92397660819444	56.63687519385465
6303	condition_005	f028	21	171	49932267	49932267	244.79532163743318	49.02547718040385
6303	condition_005	f028	27	171	49910511	49910511	211.22222222222751	42.320188271009194
6303	condition_005	f028	31	171	49896007	49896007	191.47368421053113	38.3745505347815
6303	condition_005	f029	15	171	49954023	49954023	117.4970760233948	23.521043745244462
6303	condition_005	f029	21	171	49932267	49932267	115.14619883041227	23.06047887439444
6303	condition_005	f029	27	171	49910511	49910511	112.830409356728	22.606542609176653
6303	condition_005	f029	31	171	49896007	49896007	111.30994152047064	22.30838662510021
6303	condition_005	f030	15	171	49954023	49954023	362.52631578948325	72.57199601110871
6303	condition_005	f030	21	171	49932267	49932267	318.59064327486215	63.80456214312524
6303	condition_005	f030	27	171	49910511	49910511	278.9064327485452	55.88130178601963
6303	condition_005	f030	31	171	49896007	49896007	255.69005847953872	51.2445932756781
6303	condition_005	f031	15	171	49954023	49954023	773.5438596491438	154.85116376896087
6303	condition_005	f031	21	171	49932267	49932267	758.1754385965119	151.8407803508124
6303	condition_005	f031	27	171	49910511	49910511	743.1578947368622	148.89807374179404
6303	condition_005	f031	31	171	49896007	49896007	733.3801169590841	146.98172480196342
6303	condition_005	f032	15	160	49954023	49954023	938.0937500001231	187.79143173316055
6303	condition_005	f032	21	167	49932267	49932267	815.6407185630098	163.34942664690345
6303	condition_005	f032	27	171	49910511	49910511	708.2631578947554	141.90661319711901
6303	condition_005	f032	31	171	49896007	49896007	643.7134502924146	129.01101490794937
6303	condition_005	f033	15	171	49954023	49954023	916.6198830409601	183.49270549059884
6303	condition_005	f033	21	171	49932267	49932267	900.2807017544101	180.30038607187814
6303	condition_005	f033	27	171	49910511	49910511	884.2339181286786	177.1638679733571
6303	condition_005	f033	31	171	49896007	49896007	873.649122807041	175.09399555901157
6303	condition_005	f034	15	171	49954023	49954023	665.9883040935847	133.32025412519522
6303	condition_005	f034	21	171	49932267	49932267	574.2573099415355	115.00725772005013
6303	condition_005	f034	27	171	49910511	49910511	494.57309941521737	99.09197271396748
6303	condition_005	f034	31	171	49896007	49896007	447.00584795322777	89.58749904641223
6303	condition_005	f035	15	171	49954023	49954023	878.7134502924216	175.90444122837144
6303	condition_005	f035	21	171	49932267	49932267	862.9766081871579	172.8294467758009
6303	condition_005	f035	27	171	49910511	49910511	847.4795321637657	169.79981073801582
6303	condition_005	f035	31	171	49896007	49896007	837.2339181286777	167.79577534704887
6303	condition_005	f036	15	171	49954023	49954023	787.4210526316002	157.6291568412018
6303	condition_005	f036	21	171	49932267	49932267	682.0058479532345	136.586197448883
6303	condition_005	f036	27	171	49910511	49910511	589.4035087719453	118.09206056254268
6303	condition_005	f036	31	171	49896007	49896007	535.7368421052772	107.37068441273813
6303	condition_005	f037	15	421	49954023	49954023	112.19952494060357	22.46055836996423
6303	condition_005	f037	21	421	49932267	49932267	110.09026128264682	22.047919691418542
6303	condition_005	f037	27	421	49910511	49910511	108.13301662706542	21.66537958849298
6303	condition_005	f037	31	421	49896007	49896007	106.84085510687575	21.412706453018526
6303	condition_005	f038	15	421	49954023	49954023	48.70071258907176	9.749107211859947
6303	condition_005	f038	21	421	49932267	49932267	42.41567695961869	8.494642744664226
6303	condition_005	f038	27	421	49910511	49910511	36.88598574821772	7.390424383396459
6303	condition_005	f038	31	421	49896007	49896007	33.60095011876416	6.73419620908025
6303	condition_005	f039	15	421	49954023	49954023	45.052256532063446	9.018744402640694
6303	condition_005	f039	21	421	49932267	49932267	43.9857482185245	8.809082956022104
6303	condition_005	f039	27	421	49910511	49910511	42.99049881234896	8.613516061245889
6303	condition_005	f039	31	421	49896007	49896007	42.3444180522541	8.48653441391695
6303	condition_005	f040	15	421	49954023	49954023	33.703087885983095	6.746821549484232
6303	condition_005	f040	21	421	49932267	49932267	29.422802850354536	5.892542962320244
6303	condition_005	f040	27	421	49910511	49910511	25.75296912113913	5.159828782586323
6303	condition_005	f040	31	421	49896007	49896007	23.529691211400873	4.715746334451347
6303	condition_005	f041	15	420	49954023	49954023	155.32380952383184	31.093353487031834
6303	condition_005	f041	21	421	49932267	49932267	152.21140142516356	30.483575164965682
6303	condition_005	f041	27	421	49910511	49910511	149.17102137765832	29.887696677290744
6303	condition_005	f041	31	421	49896007	49896007	147.175771971483	29.496502991007475
6303	condition_005	f042	15	416	49954023	49954023	43.1562500000001	8.639194084528508
6303	condition_005	f042	21	421	49932267	49932267	36.738717339666984	7.357710664261846
6303	condition_005	f042	27	421	49910511	49910511	31.135391923990234	6.238243468192548
6303	condition_005	f042	31	421	49896007	49896007	27.82422802850342	5.576443828161123
6303	condition_005	f043	15	417	49954023	49954023	627.7577937649526	125.66711469163405
6303	condition_005	f043	21	421	49932267	49932267	615.2755344416961	123.22203084464321
6303	condition_005	f043	27	421	49910511	49910511	603.1448931115328	120.84526506080711
6303	condition_005	f043	31	421	49896007	49896007	595.1971496436014	119.2875312935565
6303	condition_005	f044	15	418	49954023	49954023	377.63875598087077	75.59726590606542
6303	condition_005	f044	21	421	49932267	49932267	326.81947743463945	65.45256145382693
6303	condition_005	f044	27	421	49910511	49910511	282.17577197146744	56.53634200849345
6303	condition_005	f044	31	421	49896007	49896007	255.50356294534532	51.20721643023365
6303	condition_005	f045	15	421	49954023	49954023	404.39192399042764	80.95282415801178
6303	condition_005	f045	21	421	49932267	49932267	396.63657957237746	79.43492322757496
6303	condition_005	f045	27	421	49910511	49910511	389.02850356287837	77.94520548244404
6303	condition_005	f045	31	421	49896007	49896007	384.03087885979187	76.9662548066806
6303	condition_005	f046	15	421	49954023	49954023	321.6199524940226	64.38319342048239
6303	condition_005	f046	21	421	49932267	49932267	278.95724465555304	55.86712989729728
6303	condition_005	f046	27	421	49910511	49910511	241.86460807598857	48.45965373425822
6303	condition_005	f046	31	421	49896007	49896007	219.87173396672947	44.06599789973764
6303	condition_005	f047	15	412	49954023	49954023	331.6189320388043	66.38482991426022
6303	condition_005	f047	21	418	49932267	49932267	325.2822966507265	65.14470826063766
6303	condition_005	f047	27	421	49910511	49910511	318.9714964369961	63.90868176785369
6303	condition_005	f047	31	421	49896007	49896007	314.81472684079773	63.094172413595686
6303	condition_005	f048	15	421	49954023	49954023	228.09738717336256	45.66146497817854
6303	condition_005	f048	21	421	49932267	49932267	196.00950118762327	39.25507752083903
6303	condition_005	f048	27	421	49910511	49910511	168.47743467931704	33.7559025751744
6303	condition_005	f048	31	421	49896007	49896007	152.50593824226658	30.56475806616481
6303	condition_005	f049	15	421	49954023	49954023	965.2874109261827	193.2351696531394
6303	condition_005	f049	21	421	49932267	49932267	948.5296912112227	189.96327389085351
6303	condition_005	f049	27	421	49910511	49910511	932.1140142516072	186.75705689561207
6303	condition_005	f049	31	421	49896007	49896007	921.2874109261946	184.64151067763692
6303	condition_005	f050	15	421	49954023	49954023	717.0546318288617	143.5429198222657
6303	condition_005	f050	21	421	49932267	49932267	623.6959619951576	124.90840081327724
6303	condition_005	f050	27	421	49910511	49910511	542.6437054631131	108.72333193765799
6303	condition_005	f050	31	421	49896007	49896007	494.4109263657387	99.08827501281588
6303	condition_005	f051	15	421	49954023	49954023	951.1543942991177	190.40596476065954
6303	condition_005	f051	21	421	49932267	49932267	933.6128266031604	186.9758540310538
6303	condition_005	f051	27	421	49910511	49910511	916.572446555659	183.64317018426416
6303	condition_005	f051	31	421	49896007	49896007	905.3895486934292	181.45531138261808
6303	condition_005	f052	15	421	49954023	49954023	832.4204275533081	166.6373151874691
6303	condition_005	f052	21	421	49932267	49932267	725.9334916863528	145.38364374410494
6303	condition_005	f052	27	421	49910511	49910511	632.5605700711751	126.73894885010796
6303	condition_005	f052	31	421	49896007	49896007	577.2232779096692	115.68526473664899
6303	condition_005	f053	15	419	49954023	49954023	1210.272076372212	242.27719884987283
6303	condition_005	f053	21	421	49932267	49932267	1188.5130641327955	238.0250558487151
6303	condition_005	f053	27	421	49910511	49910511	1167.24228028482	233.86702658380315
6303	condition_005	f053	31	421	49896007	49896007	1153.216152018791	231.1239358329397
6303	condition_005	f054	15	421	49954023	49954023	603.9026128265119	120.89168730744909
6303	condition_005	f054	21	421	49932267	49932267	526.199524940547	105.38266266591641
6303	condition_005	f054	27	421	49910511	49910511	458.3372921614677	91.83181718204963
6303	condition_005	f054	31	421	49896007	49896007	417.4418052256112	83.66236705586705
6303	condition_005	megabase_171	15	171	49954023	49954023	23587.5263157901	4721.847190523594
6303	condition_005	megabase_171	21	171	49932267	49932267	21791.87719298305	4364.2875643885845
6303	condition_005	megabase_171	27	171	49910511	49910511	20133.309941521034	4033.881749181257
6303	condition_005	megabase_171	31	171	49896007	49896007	19097.432748538526	3827.4471038411
6303	condition_006	f001	15	61	49952359	49952359	50.049180327868385	10.019382733830124
6303	condition_006	f001	21	61	49930603	49930603	44.081967213114325	8.828647075044202
6303	condition_006	f001	27	61	49908847	49908847	38.93442622950782	7.801107132270121
6303	condition_006	f001	31	61	49894343	49894343	35.96721311475375	7.208675563631282
6303	condition_006	f002	15	61	49952359	49952359	82.68852459016315	16.553477402371158
6303	condition_006	f002	21	61	49930603	49930603	64.60655737704862	12.93927040637755
6303	condition_006	f002	27	61	49908847	49908847	51.59016393442583	10.336877534843838
6303	condition_006	f002	31	61	49894343	49894343	44.70491803278656	8.959917165917298
6303	condition_006	f003	15	61	49952359	49952359	76.98360655737639	15.411405606965706
6303	condition_006	f003	21	61	49930603	49930603	69.37704918032715	13.894694838820023
6303	condition_006	f003	27	61	49908847	49908847	62.50819672131083	12.524472208566715
6303	condition_006	f003	31	61	49894343	49894343	58.295081967212525	11.683705699303932
6303	condition_006	f004	15	61	49952359	49952359	70.16393442622882	14.046170357285593
6303	condition_006	f004	21	61	49930603	49930603	56.50819672131096	11.317347143055926
6303	condition_006	f004	27	61	49908847	49908847	45.4426229508193	9.10512377711697
6303	condition_006	f004	31	61	49894343	49894343	39.27868852458987	7.872373131477023
6303	condition_006	f005	15	61	49952359	49952359	70.62295081967149	14.138061191398686
6303	condition_006	f005	21	61	49930603	49930603	63.47540983606492	12.712726468788075
6303	condition_006	f005	27	61	49908847	49908847	57.03278688524532	11.427390195017994
6303	condition_006	f005	31	61	49894343	49894343	53.13114754098307	10.648731769247483
6303	condition_006	f006	15	61	49952359	49952359	33.06557377049147	6.619421871646035
6303	condition_006	f006	21	61	49930603	49930603	26.229508196721067	5.253192755697556
6303	condition_006	f006	27	61	49908847	49908847	20.42622950819655	4.092707152340456
6303	condition_006	f006	31	61	49894343	49894343	17.163934426229375	3.440056205616211
6303	condition_006	f007	15	61	49952359	49952359	374.55737704917436	74.98292063627552
6303	condition_006	f007	21	61	49930603	49930603	329.80327868852373	66.05233241195259
6303	condition_006	f007	27	61	49908847	49908847	289.7868852459046	58.06322980090176
6303	condition_006	f007	31	61	49894343	49894343	266.06557377049614	53.32579963433853
6303	condition_006	f008	15	61	49952359	49952359	388.60655737705343	77.79543652323876
6303	condition_006	f008	21	61	49930603	49930603	305.4918032786989	61.183279376517625
6303	condition_006	f008	27	61	49908847	49908847	240.1639344262353	48.120513468531
6303	condition_006	f008	31	61	49894343	49894343	204.885245901642	41.063822786812125
6303	condition_006	f009	15	61	49952359	49952359	0.03278688524590164	0.006563631008077445
6303	condition_006	f009	21	61	49930603	49930603	0.0	0.0
6303	condition_006	f009	27	61	49908847	49908847	0.0	0.0
6303	condition_006	f009	31	61	49894343	49894343	0.0	0.0
6303	condition_006	f010	15	61	49952359	49952359	249.5409836065591	49.95579560247777
6303	condition_006	f010	21	61	49930603	49930603	188.360655737711	37.72449047685465
6303	condition_006	f010	27	61	49908847	49908847	143.1147540983632	28.67522747988211
6303	condition_006	f010	31	61	49894343	49894343	118.77049180327938	23.804400391298746
6303	condition_006	f011	15	61	49952359	49952359	350.639344262293	70.1947518158838
6303	condition_006	f011	21	61	49930603	49930603	311.3770491803286	62.361964501075335
6303	condition_006	f011	27	61	49908847	49908847	276.5573770491832	55.4124957142735
6303	condition_006	f011	31	61	49894343	49894343	255.72131147541353	51.25256614270149
6303	condition_006	f012	15	61	49952359	49952359	304.5081967213128	60.95972298751953
6303	condition_006	f012	21	61	49930603	49930603	238.42622950820274	47.75152214929244
6303	condition_006	f012	27	61	49908847	49908847	185.7704918032825	37.22195622016323
6303	condition_006	f012	31	61	49894343	49894343	157.1311475409852	31.49277815743264
6303	condition_006	f013	15	61	49952359	49952359	768.9016393443525	153.92699258594624
6303	condition_006	f013	21	61	49930603	49930603	680.0819672131825	136.20543841883554
6303	condition_006	f013	27	61	49908847	49908847	602.2459016393927	120.66916746030874
6303	condition_006	f013	31	61	49894343	49894343	555.229508196758	111.28105408598287
6303	condition_006	f014	15	61	49952359	49952359	932.6065573770985	186.69920220926872
6303	condition_006	f014	21	61	49930603	49930603	730.4426229508184	146.29156850976113
6303	condition_006	f014	27	61	49908847	49908847	571.6721311475322	114.54324543853564
6303	condition_006	f014	31	61	49894343	49894343	484.21311475409624	97.04769832405574
6303	condition_006	f015	15	61	49952359	49952359	1078.6393442623685	215.93361471925047
6303	condition_006	f015	21	61	49930603	49930603	954.7868852459519	191.2227827983475
6303	condition_006	f015	27	61	49908847	49908847	845.4098360656048	169.3907767626058
6303	condition_006	f015	31	61	49894343	49894343	780.2459016393672	156.3796323842499
6303	condition_006	f016	15	61	49952359	49952359	412.7213114754195	82.62298712968081
6303	condition_006	f016	21	61	49930603	49930603	327.1639344262314	65.52372989091107
6303	condition_006	f016	27	61	49908847	49908847	259.93442622950835	52.0818335533795
6303	condition_006	f016	31	61	49894343	49894343	223.29508196721474	44.7535869882513
6303	condition_006	f017	15	61	49952359	49952359	963.0163934427331	192.78696996927277
6303	condition_006	f017	21	61	49930603	49930603	861.0491803279515	172.44918518767966
6303	condition_006	f017	27	61	49908847	49908847	768.6721311475987	154.0152051894925
6303	condition_006	f017	31	61	49894343	49894343	711.3606557377482	142.57340872045316
6303	condition_006	f018	15	61	49952359	49952359	347.4590163934522	69.55807960810263
6303	condition_006	f018	21	61	49930603	49930603	273.26229508197173	54.72841877795302
6303	condition_006	f018	27	61	49908847	49908847	216.03278688524597	43.28546938486597
6303	condition_006	f018	31	61	49894343	49894343	184.54098360655794	36.98635406554165
6303	condition_006	f019	15	171	49952359	49952359	118.22807017544139	23.668165536574836
6303	condition_006	f019	21	171	49930603	49930603	105.38011695906675	21.10531630452505
6303	condition_006	f019	27	171	49908847	49908847	94.2748538011717	18.889407283075823
6303	condition_006	f019	31	171	49894343	49894343	87.49707602339373	17.536472225597546
6303	condition_006	f020	15	171	49952359	49952359	80.50292397660981	16.115940385640208
6303	condition_006	f020	21	171	49930603	49930603	63.56725146198946	12.731120323539747
6303	condition_006	f020	27	171	49908847	49908847	50.14619883041013	10.047557065465794
6303	condition_006	f020	31	171	49894343	49894343	42.53801169590699	8.525618163948364
6303	condition_006	f021	15	171	49952359	49952359	108.53216374269257	21.7271347971159
6303	condition_006	f021	21	171	49930603	49930603	95.66666666666882	19.15992616125001
6303	condition_006	f021	27	171	49908847	49908847	84.60818713450476	16.95254292981458
6303	condition_006	f021	31	171	49894343	49894343	78.07017543859814	15.647099599767882
6303	condition_006	f022	15	171	49952359	49952359	61.53216374269138	12.318169747036649
6303	condition_006	f022	21	171	49930603	49930603	49.543859649123796	9.922543825301648
6303	condition_006	f022	27	171	49908847	49908847	40.18128654970833	8.050934646858968
6303	condition_006	f022	31	171	49894343	49894343	35.09941520467896	7.034748449273891
6303	condition_006	f023	15	171	49952359	49952359	76.46783625731155	15.308153165961901
6303	condition_006	f023	21	171	49930603	49930603	67.3742690058493	13.493582083486816
6303	condition_006	f023	27	171	49908847	49908847	59.20467836257423	11.862561834492837
6303	condition_006	f023	31	171	49894343	49894343	54.21052631579046	10.865064665906205
6303	condition_006	f024	15	171	49952359	49952359	57.26900584795438	11.464724988854757
6303	condition_006	f024	21	171	49930603	49930603	43.69005847953295	8.7501563879637
6303	condition_006	f024	27	171	49908847	49908847	33.3859649122812	6.689388138395825
6303	condition_006	f024	31	171	49894343	49894343	27.619883040936013	5.5356742628991045
6303	condition_006	f025	15	171	49952359	49952359	208.50877192982983	41.74152654729075
6303	condition_006	f025	21	171	49930603	49930603	183.68421052632038	36.787901505279315
6303	condition_006	f025	27	171	49908847	49908847	161.76023391813266	32.41113422598856
6303	condition_006	f025	31	171	49894343	49894343	148.46783625731354	29.756446789431326
6303	condition_006	f026	15	171	49952359	49952359	299.65497076024144	59.988152063097054
6303	condition_006	f026	21	171	49930603	49930603	232.7777777777835	46.62026168155499
6303	condition_006	f026	27	171	49908847	49908847	181.88304093567677	36.44304604666118
6303	condition_006	f026	31	171	49894343	49894343	154.8128654970796	31.028139902970484
6303	condition_006	f027	15	171	49952359	49952359	331.5380116959148	66.37084180467129
6303	condition_006	f027	21	171	49930603	49930603	295.6842105263232	59.219034572108654
6303	condition_006	f027	27	171	49908847	49908847	264.08771929825224	52.91400927339641
6303	condition_006	f027	31	171	49894343	49894343	244.77192982456745	49.05805249796905
6303	condition_006	f028	15	171	49952359	49952359	219.50292397661374	43.94245404438532
6303	condition_006	f028	21	171	49930603	49930603	169.77192982456558	34.00157811524239
6303	condition_006	f028	27	171	49908847	49908847	130.70175438596797	26.188093342642834
6303	condition_006	f028	31	171	49894343	49894343	109.63157894737088	21.972747280662837
6303	condition_006	f029	15	171	49952359	49952359	91.99415204678589	18.416377902550284
6303	condition_006	f029	21	171	49930603	49930603	81.54970760234114	16.332610203474037
6303	condition_006	f029	27	171	49908847	49908847	72.29824561403683	14.486058075843113
6303	condition_006	f029	31	171	49894343	49894343	66.71345029239924	13.370944736640633
6303	condition_006	f030	15	171	49952359	49952359	286.5380116959139	57.362258246084814
6303	condition_006	f030	21	171	49930603	49930603	229.0643274853859	45.87653938114585
6303	condition_006	f030	27	171	49908847	49908847	182.69590643275296	36.60591606789733
6303	condition_006	f030	31	171	49894343	49894343	157.31578947368797	31.529784744071684
6303	condition_006	f031	15	171	49952359	49952359	600.7251461988465	120.25961500613944
6303	condition_006	f031	21	171	49930603	49930603	530.1286549707744	106.17309287668213
6303	condition_006	f031	27	171	49908847	49908847	468.27485380118185	93.82602122649355
6303	condition_006	f031	31	171	49894343	49894343	431.2748538011809	86.43762556432115
6303	condition_006	f032	15	160	49952359	49952359	737.3062500000877	147.60188803097122
6303	condition_006	f032	21	167	49930603	49930603	581.1197604790685	116.38548817026475
6303	condition_006	f032	27	171	49908847	49908847	456.0350877193096	91.37359709377971
6303	condition_006	f032	31	171	49894343	49894343	387.78947368422	77.722132483881
6303	condition_006	f033	15	171	49952359	49952359	710.7017543859838	142.27591421377795
6303	condition_006	f033	21	171	49930603	49930603	627.9415204678527	125.76285539108204
6303	condition_006	f033	27	171	49908847	49908847	554.9064327485524	111.18398161924125
6303	condition_006	f033	31	171	49894343	49894343	510.9532163742822	102.40704369517044
6303	condition_006	f034	15	171	49952359	49952359	523.7719298245747	104.85429323259282
6303	condition_006	f034	21	171	49930603	49930603	406.9766081871446	81.50845047618283
6303	condition_006	f034	27	171	49908847	49908847	315.95906432749297	63.30722573644968
6303	condition_006	f034	31	171	49894343	49894343	266.3450292397723	53.381809084002235
6303	condition_006	f035	15	171	49952359	49952359	686.3859649122992	137.40811818562946
6303	condition_006	f035	21	171	49930603	49930603	607.871345029256	121.74324132020917
6303	condition_006	f035	27	171	49908847	49908847	538.0058479532306	107.79769124965571
6303	condition_006	f035	31	171	49894343	49894343	495.66666666667965	99.34325954881892
6303	condition_006	f036	15	171	49952359	49952359	614.2222222222384	122.96160472065763
6303	condition_006	f036	21	171	49930603	49930603	480.2456140351001	96.18261851055556
6303	condition_006	f036	27	171	49908847	49908847	374.1286549707696	74.96239193239018
6303	condition_006	f036	31	171	49894343	49894343	317.6491228070254	63.664356259190626
6303	condition_006	f037	15	421	49952359	49952359	88.40855106887618	17.698573768833658
6303	condition_006	f037	21	421	49930603	49930603	78.3586698337243	15.693515624821176
6303	condition_006	f037	27	421	49908847	49908847	69.63182897861948	13.95180076562768
6303	condition_006	f037	31	421	49894343	49894343	64.25653206650654	12.878520530174441
6303	condition_006	f038	15	421	49952359	49952359	38.382422802849526	7.683805844454619
6303	condition_006	f038	21	421	49930603	49930603	30.121140142517376	6.032600916619688
6303	condition_006	f038	27	421	49908847	49908847	23.503562945367985	4.7092979217428095
6303	condition_006	f038	31	421	49894343	49894343	20.01187648456033	4.010850786142295
6303	condition_006	f039	15	421	49952359	49952359	35.57482185273086	7.1217501164921675
6303	condition_006	f039	21	421	49930603	49930603	31.358669833729266	6.280450855706523
6303	condition_006	f039	27	421	49908847	49908847	27.767220902613087	5.5635869333172705
6303	condition_006	f039	31	421	49894343	49894343	25.60095011876502	5.131032614010976
6303	condition_006	f040	15	421	49952359	49952359	27.46555819477303	5.498350577351719
6303	condition_006	f040	21	421	49930603	49930603	21.93586698337276	4.393270993216878
6303	condition_006	f040	27	421	49908847	49908847	17.551068883610554	3.516624794720374
6303	condition_006	f040	31	421	49894343	49894343	15.178147268408507	3.042057747590445
6303	condition_006	f041	15	420	49952359	49952359	120.32142857143987	24.08723651498418
6303	condition_006	f041	21	421	49930603	49930603	105.83847980997197	21.19711628757457
6303	condition_006	f041	27	421	49908847	49908847	92.91448931116125	18.61683747395752
6303	condition_006	f041	31	421	49894343	49894343	85.20190023752775	17.076465008774193
6303	condition_006	f042	15	416	49952359	49952359	34.78124999999941	6.962884375490537
6303	condition_006	f042	21	421	49930603	49930603	26.893111638954878	5.38609790852213
6303	condition_006	f042	27	421	49908847	49908847	20.781472684085227	4.163885550007842
6303	condition_006	f042	31	421	49894343	49894343	17.608076009500795	3.5290726264299734
6303	condition_006	f043	15	417	49952359	49952359	491.517985611514	98.39735208731864
6303	condition_006	f043	21	421	49930603	49930603	435.0522565320045	87.13138444012071
6303	condition_006	f043	27	421	49908847	49908847	385.0688836104017	77.15443388431748
6303	condition_006	f043	31	421	49894343	49894343	354.95011876480356	71.14035327908888
6303	condition_006	f044	15	418	49952359	49952359	298.1650717703422	59.68988807322237
6303	condition_006	f044	21	421	49930603	49930603	234.9073634204097	47.046770779117104
6303	condition_006	f044	27	421	49908847	49908847	184.57482185272323	36.98238547821456
6303	condition_006	f044	31	421	49894343	49894343	157.03800475058944	31.474110151242886
6303	condition_006	f045	15	421	49952359	49952359	317.51306413296857	63.56317709299146
6303	condition_006	f045	21	421	49930603	49930603	281.5463182897475	56.387526161009404
6303	condition_006	f045	27	421	49908847	49908847	249.4180522565016	49.97471735952978
6303	condition_006	f045	31	421	49894343	49894343	229.91211401422566	46.07979586267439
6303	condition_006	f046	15	421	49952359	49952359	255.64608076007087	51.17797955449329
6303	condition_006	f046	21	421	49930603	49930603	200.91686460806287	40.23922254815606
6303	condition_006	f046	27	421	49908847	49908847	157.1947743467878	31.49637465012722
6303	condition_006	f046	31	421	49894343	49894343	133.346793349167	26.72583409890115
6303	condition_006	f047	15	412	49952359	49952359	260.9538834951398	52.240552542301316
6303	condition_006	f047	21	418	49930603	49930603	231.5263157894798	46.369621410236086
6303	condition_006	f047	27	421	49908847	49908847	205.53206650828497	41.18148962813847
6303	condition_006	f047	31	421	49894343	49894343	189.9263657957001	38.065711336393406
6303	condition_006	f048	15	421	49952359	49952359	175.3681710213578	35.10708493694118
6303	condition_006	f048	21	421	49930603	49930603	134.71496437053713	26.980440106148354
6303	condition_006	f048	27	421	49908847	49908847	103.46080760094777	20.729953469161043
6303	condition_006	f048	31	421	49894343	49894343	86.88836104513021	17.41447142517343
6303	condition_006	f049	15	421	49952359	49952359	751.1567695960747	150.37463387786644
6303	condition_006	f049	21	421	49930603	49930603	664.527315914388	133.09018437337681
6303	condition_006	f049	27	421	49908847	49908847	588.1211401424368	117.83905569736702
6303	condition_006	f049	31	421	49894343	49894343	541.9952494061072	108.6285973153524
6303	condition_006	f050	15	421	49952359	49952359	560.8099762469562	112.26896736687776
6303	condition_006	f050	21	421	49930603	49930603	440.2137767220476	88.16512324556697
6303	condition_006	f050	27	421	49908847	49908847	345.5700712588879	69.24024336985542
6303	condition_006	f050	31	421	49894343	49894343	293.80522565319836	58.88547839044566
6303	condition_006	f051	15	421	49952359	49952359	741.6413301661568	148.46973096228683
6303	condition_006	f051	21	421	49930603	49930603	656.726840855015	131.52792103372255
6303	condition_006	f051	27	421	49908847	49908847	581.4014251780749	116.49265814096543
6303	condition_006	f051	31	421	49894343	49894343	535.9904988122906	107.42510404682363
6303	condition_006	f052	15	421	49952359	49952359	651.1757719714082	130.3593634029192
6303	condition_006	f052	21	421	49930603	49930603	513.0190023752435	102.74640632223961
6303	condition_006	f052	27	421	49908847	49908847	403.96199524938027	80.93995744870249
6303	condition_006	f052	31	421	49894343	49894343	344.2755344417941	69.00091548290236
6303	condition_006	f053	15	419	49952359	49952359	944.8162291169309	189.14346550018408
6303	condition_006	f053	21	421	49930603	49930603	836.3966745841971	167.51183128795722
6303	condition_006	f053	27	421	49908847	49908847	740.6057007124886	148.39166705503908
6303	condition_006	f053	31	421	49894343	49894343	683.0522565319814	136.8997396221815
6303	condition_006	f054	15	421	49952359	49952359	471.84798099756875	94.45959919481857
6303	condition_006	f054	21	421	49930603	49930603	370.9263657956943	74.2883809746288
6303	condition_006	f054	27	421	49908847	49908847	291.5605700712466	58.418614653880226
6303	condition_006	f054	31	421	49894343	49894343	247.80285035629015	49.665520268758755
6303	condition_006	megabase_171	15	171	49952359	49952359	18483.66081871396	3700.257843421161
6303	condition_006	megabase_171	21	171	49930603	49930603	15426.157894737245	3089.519646846093
6303	condition_006	megabase_171	27	171	49908847	49908847	12879.327485380465	2580.5700310769485
6303	condition_006	megabase_171	31	171	49894343	49894343	11418.32163742719	2288.500248901402
6303	condition_007	f001	15	61	199805691	199805691	391.2622950819703	19.582139683997806
6303	condition_007	f001	21	61	199718631	199718631	389.00000000000284	19.47740168517392
6303	condition_007	f001	27	61	199631571	199631571	386.7377049180357	19.37257233316246
6303	condition_007	f001	31	61	199573531	199573531	385.229508196724	19.302635287678704
6303	condition_007	f002	15	61	199805691	199805691	250.0163934426206	12.51297659197408
6303	condition_007	f002	21	61	199718631	199718631	217.04918032786662	10.867748253685287
6303	condition_007	f002	27	61	199631571	199631571	189.80327868852268	9.507678456756857
6303	condition_007	f002	31	61	199573531	199573531	173.90163934426062	8.713662501880604
6303	condition_007	f003	15	61	199805691	199805691	483.67213114754526	24.207124868507638
6303	condition_007	f003	21	61	199718631	199718631	480.6885245901681	24.06828657813943
6303	condition_007	f003	27	61	199631571	199631571	478.1311475409873	23.95067799877141
6303	condition_007	f003	31	61	199573531	199573531	476.42622950820066	23.872215274289086
6303	condition_007	f004	15	61	199805691	199805691	337.86885245901306	16.909871323886016
6303	condition_007	f004	21	61	199718631	199718631	300.59016393442323	15.050682173683796
6303	condition_007	f004	27	61	199631571	199631571	268.5245901639317	13.451008215726144
6303	condition_007	f004	31	61	199573531	199573531	248.99999999999758	12.47660442506264
6303	condition_007	f005	15	61	199805691	199805691	392.6229508196752	19.65023863207556
6303	condition_007	f005	21	61	199718631	199718631	390.36065573770776	19.5455303184863
6303	condition_007	f005	27	61	199631571	199631571	388.09836065574024	19.4407306776011
6303	condition_007	f005	31	61	199573531	199573531	386.5901639344289	19.37081345393588
6303	condition_007	f006	15	61	199805691	199805691	257.1803278688497	12.871521655949715
6303	condition_007	f006	21	61	199718631	199718631	228.18032786885007	11.425089723794978
6303	condition_007	f006	27	61	199631571	199631571	201.5737704918013	10.097289195394916
6303	condition_007	f006	31	61	199573531	199573531	184.6557377049162	9.25251644241922
6303	condition_007	f007	15	61	199805691	199805691	2024.934426229538	101.34518271701971
6303	condition_007	f007	21	61	199718631	199718631	2021.5901639344547	101.22191173714057
6303	condition_007	f007	27	61	199631571	199631571	2018.2459016393727	101.09853323948307
6303	condition_007	f007	31	61	199573531	199573531	2016.0163934426516	101.01622110612713
6303	condition_007	f008	15	61	199805691	199805691	1639.4754098360406	82.05348914891722
6303	condition_007	f008	21	61	199718631	199718631	1454.9180327868785	72.84838802980171
6303	condition_007	f008	27	61	199631571	199631571	1295.4098360655805	64.89002864509744
6303	condition_007	f008	31	61	199573531	199573531	1196.0491803278837	59.93025098743599
6303	condition_007	f009	15	61	199805691	199805691	913.245901639358	45.70670119898426
6303	condition_007	f009	21	61	199718631	199718631	911.6721311475546	45.647825973108866
6303	condition_007	f009	27	61	199631571	199631571	910.0983606557511	45.58889939586515
6303	condition_007	f009	31	61	199573531	199573531	909.049180327882	45.549586449311356
6303	condition_007	f010	15	61	199805691	199805691	1129.8524590163795	56.54756145140929
6303	condition_007	f010	21	61	199718631	199718631	950.2786885245938	47.580873339983675
6303	condition_007	f010	27	61	199631571	199631571	800.5901639344404	40.10338444586204
6303	condition_007	f010	31	61	199573531	199573531	711.3606557377242	35.644038173465205
6303	condition_007	f011	15	61	199805691	199805691	1519.2459016393652	76.03616764045852
6303	condition_007	f011	21	61	199718631	199718631	1516.393442622971	75.92648893247075
6303	condition_007	f011	27	61	199631571	199631571	1513.5409836065771	75.81671456197563
6303	condition_007	f011	31	61	199573531	199573531	1511.6393442623155	75.7434784406513
6303	condition_007	f012	15	61	199805691	199805691	1117.147540983581	55.91169777959833
6303	condition_007	f012	21	61	199718631	199718631	986.8524590163803	49.41213817034327
6303	condition_007	f012	27	61	199631571	199631571	871.4098360655715	43.65090309616266
6303	condition_007	f012	31	61	199573531	199573531	801.7868852459059	40.17501124665203
6303	condition_007	f013	15	61	199805691	199805691	3307.0327868856875	165.51244212987345
6303	condition_007	f013	21	61	199718631	199718631	3303.9836065578197	165.43191739371676
6303	condition_007	f013	27	61	199631571	199631571	3300.9344262299496	165.35132242334302
6303	condition_007	f013	31	61	199573531	199573531	3298.9016393447027	165.29755337869443
6303	condition_007	f014	15	61	199805691	199805691	3127.754098360972	156.53979036868233
6303	condition_007	f014	21	61	199718631	199718631	2753.967213114974	137.8923538242646
6303	condition_007	f014	27	61	199631571	199631571	2425.5081967214473	121.49922903333999
6303	condition_007	f014	31	61	199573531	199573531	2222.2950819673	111.35219539545552
6303	condition_007	f015	15	61	199805691	199805691	4458.639344262867	223.1487662812801
6303	condition_007	f015	21	61	199718631	199718631	4453.934426230083	223.01046246557152
6303	condition_007	f015	27	61	199631571	199631571	4449.606557377621	222.89092527241704
6303	condition_007	f015	31	61	199573531	199573531	4446.721311475983	222.81117587061098
6303	condition_007	f016	15	61	199805691	199805691	3332.1311475412513	166.76858055766047
6303	condition_007	f016	21	61	199718631	199718631	2976.3770491805203	149.02851247666123
6303	condition_007	f016	27	61	199631571	199631571	2667.508196721451	133.62156012494893
6303	condition_007	f016	31	61	199573531	199573531	2478.770491803385	124.2033690230888
6303	condition_007	f017	15	61	199805691	199805691	5508.22950819751	275.67931026536723
6303	condition_007	f017	21	61	199718631	199718631	5502.918032787674	275.533534614889
6303	condition_007	f017	27	61	199631571	199631571	5498.295081968004	275.4221215825629
6303	condition_007	f017	31	61	199573531	199573531	5495.213114754888	275.34779222575804
6303	condition_007	f018	15	61	199805691	199805691	2072.0819672133025	103.70485229138457
6303	condition_007	f018	21	61	199718631	199718631	1841.3770491804642	92.19856154433906
6303	condition_007	f018	27	61	199631571	199631571	1630.1967213115672	81.66026611650355
6303	condition_007	f018	31	61	199573531	199573531	1501.426229508265	75.23173148187998
6303	condition_007	f019	15	171	199805691	199805691	445.6725146198939	22.30529633011774
6303	condition_007	f019	21	171	199718631	199718631	444.3918128655081	22.25089420252976
6303	condition_007	f019	27	171	199631571	199631571	443.4795321637537	22.214899674548658
6303	condition_007	f019	31	171	199573531	199573531	442.87134502925073	22.190885876005808
6303	condition_007	f020	15	171	199805691	199805691	347.43859649123556	17.38882384942857
6303	condition_007	f020	21	171	199718631	199718631	305.39181286550354	15.291102854871038
6303	condition_007	f020	27	171	199631571	199631571	267.96491228070715	13.422972676035654
6303	condition_007	f020	31	171	199573531	199573531	244.128654970765	12.232516694348861
6303	condition_007	f021	15	171	199805691	199805691	539.0058479532286	26.976501282600033
6303	condition_007	f021	21	171	199718631	199718631	536.5789473684343	26.86674471388873
6303	condition_007	f021	27	171	199631571	199631571	535.4912280701888	26.8239750550372
6303	condition_007	f021	31	171	199573531	199573531	534.7660818713583	26.795441218673346
6303	condition_007	f022	15	171	199805691	199805691	230.99415204678888	11.560939575379207
6303	condition_007	f022	21	171	199718631	199718631	208.82456140351337	10.455937954206854
6303	condition_007	f022	27	171	199631571	199631571	188.35672514620285	9.435217295675285
6303	condition_007	f022	31	171	199573531	199573531	176.50877192982836	8.84429769045016
6303	condition_007	f023	15	171	199805691	199805691	433.8362573099516	21.71290793263499
6303	condition_007	f023	21	171	199718631	199718631	432.6549707602442	21.663225338263217
6303	condition_007	f023	27	171	199631571	199631571	431.6023391812968	21.61994403086157
6303	condition_007	f023	31	171	199573531	199573531	430.9005847953319	21.591068847468147
6303	condition_007	f024	15	171	199805691	199805691	259.4385964912339	12.984544894230961
6303	condition_007	f024	21	171	199718631	199718631	227.50292397661315	11.391171811938424
6303	condition_007	f024	27	171	199631571	199631571	198.86549707602762	9.961625612615533
6303	condition_007	f024	31	171	199573531	199573531	180.64912280702117	9.051757610432876
6303	condition_007	f025	15	171	199805691	199805691	1025.9064327485646	51.345205815412164
6303	condition_007	f025	21	171	199718631	199718631	1024.1637426900857	51.28033061122303
6303	condition_007	f025	27	171	199631571	199631571	1023.1812865497345	51.25348067063673
6303	condition_007	f025	31	171	199573531	199573531	1022.5263157895006	51.235567696073915
6303	condition_007	f026	15	171	199805691	199805691	1260.2748538012004	63.075022913196214
6303	condition_007	f026	21	171	199718631	199718631	1111.3274853801456	55.6446576774375
6303	condition_007	f026	27	171	199631571	199631571	982.8654970760484	49.23397096724989
6303	condition_007	f026	31	171	199573531	199573531	906.9649122807248	45.445150353166056
6303	condition_007	f027	15	171	199805691	199805691	1859.847953216423	93.08283182066236
6303	condition_007	f027	21	171	199718631	199718631	1858.00000000005	93.03088002841608
6303	condition_007	f027	27	171	199631571	199631571	1856.309941520517	92.98679223039912
6303	condition_007	f027	31	171	199573531	199573531	1855.1871345029733	92.95757434401324
6303	condition_007	f028	15	171	199805691	199805691	1288.5614035088051	64.49072581765476
6303	condition_007	f028	21	171	199718631	199718631	1136.619883040965	56.91105919111598
6303	condition_007	f028	27	171	199631571	199631571	1000.5555555555808	50.12010628096398
6303	condition_007	f028	31	171	199573531	199573531	918.502923976631	46.02328371775067
6303	condition_007	f029	15	171	199805691	199805691	1873.1754385965419	93.74985413185964
6303	condition_007	f029	21	171	199718631	199718631	1871.4678362573597	93.70522053384992
6303	condition_007	f029	27	171	199631571	199631571	1869.9590643275353	93.6705078741045
6303	condition_007	f029	31	171	199573531	199573531	1868.953216374319	93.64734927570726
6303	condition_007	f030	15	171	199805691	199805691	1269.9239766082203	63.55794823723116
6303	condition_007	f030	21	171	199718631	199718631	1137.146198830439	56.93741205498444
6303	condition_007	f030	27	171	199631571	199631571	1014.8304093567516	50.835166215104906
6303	condition_007	f030	31	171	199573531	199573531	942.0526315789716	47.20328526827396
6303	condition_007	f031	15	171	199805691	199805691	4538.023391812984	227.12182866768217
6303	condition_007	f031	21	171	199718631	199718631	4534.690058479656	227.05393261381084
6303	condition_007	f031	27	171	199631571	199631571	4531.742690058604	227.00531120193432
6303	condition_007	f031	31	171	199573531	199573531	4529.777777777901	226.97287336054103
6303	condition_007	f032	15	160	199805691	199805691	3013.50000000034	150.82152990328692
6303	condition_007	f032	21	167	199718631	199718631	2673.808383234004	133.87876583401996
6303	condition_007	f032	27	171	199631571	199631571	2369.5906432749157	118.69819144362269
6303	condition_007	f032	31	171	199573531	199573531	2183.3742690059057	109.40199624998895
6303	condition_007	f033	15	171	199805691	199805691	4622.385964912404	231.3440594098195
6303	condition_007	f033	21	171	199718631	199718631	4619.286549707727	231.28971626626696
6303	condition_007	f033	27	171	199631571	199631571	4616.44444444457	231.24821496518555
6303	condition_007	f033	31	171	199573531	199573531	4614.549707602464	231.22052731544167
6303	condition_007	f034	15	171	199805691	199805691	2597.730994152112	130.01286305464203
6303	condition_007	f034	21	171	199718631	199718631	2282.134502924037	114.2674817816089
6303	condition_007	f034	27	171	199631571	199631571	2002.0292397661344	100.28620371705307
6303	condition_007	f034	31	171	199573531	199573531	1832.2807017544337	91.80980526693361
6303	condition_007	f035	15	171	199805691	199805691	4008.6842105264222	200.62913075516062
6303	condition_007	f035	21	171	199718631	199718631	4006.1520467837336	200.58980109791227
6303	condition_007	f035	27	171	199631571	199631571	4003.7660818714535	200.55776056941684
6303	condition_007	f035	31	171	199573531	199573531	4002.175438596599	200.53638468703542
6303	condition_007	f036	15	171	199805691	199805691	2931.0818713451076	146.69661593098004
6303	condition_007	f036	21	171	199718631	199718631	2587.3625730994822	129.55038596772087
6303	condition_007	f036	27	171	199631571	199631571	2278.204678362633	114.12046035356967
6303	condition_007	f036	31	171	199573531	199573531	2096.7192982456686	105.05998905464415
6303	condition_007	f037	15	421	199805691	199805691	463.57244655576505	23.201163301988483
6303	condition_007	f037	21	421	199718631	199718631	462.57244655576403	23.161206555424666
6303	condition_007	f037	27	421	199631571	199631571	462.0736342042203	23.14632058895235
6303	condition_007	f037	31	421	199573531	199573531	461.74109263652434	23.136389396072985
6303	condition_007	f038	15	421	199805691	199805691	288.5961995249237	14.443842819518274
6303	condition_007	f038	21	421	199718631	199718631	256.8551068883501	12.860848564916816
6303	condition_007	f038	27	421	199631571	199631571	228.46555819476742	11.44436008043875
6303	condition_007	f038	31	421	199573531	199573531	211.52019002374823	10.598609392933387
6303	condition_007	f039	15	421	199805691	199805691	416.9572446555401	20.86813656651752
6303	condition_007	f039	21	421	199718631	199718631	416.1995249405756	20.839293903460394
6303	condition_007	f039	27	421	199631571	199631571	415.6579572446136	20.821253630499836
6303	condition_007	f039	31	421	199573531	199573531	415.2969121139723	20.80921803773529
6303	condition_007	f040	15	421	199805691	199805691	235.12589073632415	11.767727413546202
6303	condition_007	f040	21	421	199718631	199718631	207.95961995248166	10.412629954011734
6303	condition_007	f040	27	421	199631571	199631571	184.13539192398264	9.223761101593627
6303	condition_007	f040	31	421	199573531	199573531	169.5605700712536	8.496145216334003
6303	condition_007	f041	15	420	199805691	199805691	433.51428571435537	21.696793697150266
6303	condition_007	f041	21	421	199718631	199718631	432.90736342038	21.675862750149737
6303	condition_007	f041	27	421	199631571	199631571	432.43705463178134	21.661756828622128
6303	condition_007	f041	31	421	199573531	199573531	432.1235154393823	21.652346043793866
6303	condition_007	f042	15	416	199805691	199805691	292.87500000001006	14.657990897767274
6303	condition_007	f042	21	421	199718631	199718631	253.05225653205494	12.67043816918888
6303	condition_007	f042	27	421	199631571	199631571	217.9239904988068	10.916308948888991
6303	condition_007	f042	31	421	199573531	199573531	197.22327790973623	9.882236232506015
6303	condition_007	f043	15	417	199805691	199805691	2065.985611510645	103.39973807405941
6303	condition_007	f043	21	421	199718631	199718631	2064.522565320285	103.37155602274707
6303	condition_007	f043	27	421	199631571	199631571	2063.2969121136343	103.35524094601422
6303	condition_007	f043	31	421	199573531	199573531	2062.4798099758677	103.34435632027115
6303	condition_007	f044	15	418	199805691	199805691	1318.8732057416587	66.00778982524871
6303	condition_007	f044	21	421	199718631	199718631	1168.6318289784601	58.51391145268065
6303	condition_007	f044	27	421	199631571	199631571	1032.8954869357399	51.74008708951852
6303	condition_007	f044	31	421	199573531	199573531	949.8456057006063	47.59376661530363
6303	condition_007	f045	15	421	199805691	199805691	1538.118764845337	76.98072848412195
6303	condition_007	f045	21	421	199718631	199718631	1536.9311163892821	76.95481932225351
6303	condition_007	f045	27	421	199631571	199631571	1535.9477434676667	76.93912018894379
6303	condition_007	f045	31	421	199573531	199573531	1535.2921615199227	76.92864649069733
6303	condition_007	f046	15	421	199805691	199805691	1149.983372921455	57.55508600210266
6303	condition_007	f046	21	421	199718631	199718631	1010.5344418051027	50.597905500619156
6303	condition_007	f046	27	421	199631571	199631571	886.7909738716417	44.42137931538102
6303	condition_007	f046	31	421	199573531	199573531	812.0190023752234	40.687710354497035
6303	condition_007	f047	15	412	199805691	199805691	1806.7936893203077	90.42753888928559
6303	condition_007	f047	21	418	199718631	199718631	1805.6937799043546	90.41188450287116
6303	condition_007	f047	27	421	199631571	199631571	1804.691211401089	90.40109249058051
6303	condition_007	f047	31	421	199573531	199573531	1804.0071258904	90.39310558124063
6303	condition_007	f048	15	421	199805691	199805691	1059.5819477433072	53.03061901992106
6303	condition_007	f048	21	421	199718631	199718631	926.916864607951	46.41113650573496
6303	condition_007	f048	27	421	199631571	199631571	810.5178147267458	40.60068308167278
6303	condition_007	f048	31	421	199573531	199573531	741.8432304037227	37.1714238199114
6303	condition_007	f049	15	421	199805691	199805691	4468.301662706988	223.63235202880125
6303	condition_007	f049	21	421	199718631	199718631	4465.62707838394	223.5959187194679
6303	condition_007	f049	27	421	199631571	199631571	4463.304038003898	223.57706326941135
6303	condition_007	f049	31	421	199573531	199573531	4461.755344417197	223.56448383013264
6303	condition_007	f050	15	421	199805691	199805691	3382.306413301092	169.2797835924049
6303	condition_007	f050	21	421	199718631	199718631	2995.406175771503	149.98130924357793
6303	condition_007	f050	27	421	199631571	199631571	2653.5914489307393	132.92443853636453
6303	condition_007	f050	31	421	199573531	199573531	2447.5724465555004	122.64013340303632
6303	condition_007	f051	15	421	199805691	199805691	4018.9714964362875	201.1439952646938
6303	condition_007	f051	21	421	199718631	199718631	4016.6698337284442	201.11643133225982
6303	condition_007	f051	27	421	199631571	199631571	4014.5890736334336	201.0999088733031
6303	condition_007	f051	31	421	199573531	199573531	4013.2019002367592	201.08888589222582
6303	condition_007	f052	15	421	199805691	199805691	2696.69121140097	134.9656858072661
6303	condition_007	f052	21	421	199718631	199718631	2395.2826603321646	119.93285996098004
6303	condition_007	f052	27	421	199631571	199631571	2126.821852731286	106.53734988296446
6303	condition_007	f052	31	421	199573531	199573531	1965.7007125888106	98.49506108046015
6303	condition_007	f053	15	419	199805691	199805691	3892.453460620184	194.81194159880982
6303	condition_007	f053	21	421	199718631	199718631	3890.173396673853	194.78269889972626
6303	condition_007	f053	27	421	199631571	199631571	3888.0783847973703	194.76270037454998
6303	condition_007	f053	31	421	199573531	199573531	3886.681710213045	194.74935833114284
6303	condition_007	f054	15	421	199805691	199805691	2808.1472684080986	140.54390815165013
6303	condition_007	f054	21	421	199718631	199718631	2489.4251781468993	124.6466173777698
6303	condition_007	f054	27	421	199631571	199631571	2206.356294536525	110.52141119184627
6303	condition_007	f054	31	421	199573531	199573531	2033.4038004748143	101.88744921664056
6303	condition_007	megabase_171	15	171	199805691	199805691	101401.63157895036	5075.0121816575465
6303	condition_007	megabase_171	21	171	199718631	199718631	95366.5672514645	4775.0461123211135
6303	condition_007	megabase_171	27	171	199631571	199631571	89686.36842105517	4492.59443142163
6303	condition_007	megabase_171	31	171	199573531	199573531	86087.35087719536	4313.565553800587
6303	condition_008	f001	15	61	199806854	199806854	374.6065573770508	18.748433793820247
6303	condition_008	f001	21	61	199719794	199719794	365.6065573770501	18.30597508913163
6303	condition_008	f001	27	61	199632734	199632734	356.77049180327884	17.8713422721185
6303	condition_008	f001	31	61	199574694	199574694	350.93442622950795	17.58411445839461
6303	condition_008	f002	15	61	199806854	199806854	237.40983606557154	11.881966574858916
6303	condition_008	f002	21	61	199719794	199719794	201.26229508196522	10.077233260212818
6303	condition_008	f002	27	61	199632734	199632734	172.01639344262134	8.616642671568147
6303	condition_008	f002	31	61	199574694	199574694	155.2786885245888	7.780479850044956
6303	condition_008	f003	15	61	199806854	199806854	464.7213114754121	23.25852703108033
6303	condition_008	f003	21	61	199719794	199719794	453.9016393442638	22.726923068239486
6303	condition_008	f003	27	61	199632734	199632734	443.78688524590217	22.230166183362602
6303	condition_008	f003	31	61	199574694	199574694	437.2131147540984	21.90724214534426
6303	condition_008	f004	15	61	199806854	199806854	324.5737704918	16.244376206023443
6303	condition_008	f004	21	61	199719794	199719794	283.70491803278395	14.205147739777058
6303	condition_008	f004	27	61	199632734	199632734	248.72131147540736	12.458944306969586
6303	condition_008	f004	31	61	199574694	199574694	227.63934426229298	11.406222888273248
6303	condition_008	f005	15	61	199806854	199806854	377.4426229508213	18.890374148567563
6303	condition_008	f005	21	61	199719794	199719794	368.7868852459026	18.465214581880783
6303	condition_008	f005	27	61	199632734	199632734	360.1311475409838	18.039684190318397
6303	condition_008	f005	31	61	199574694	199574694	354.42622950819646	17.759076684752248
6303	condition_008	f006	15	61	199806854	199806854	245.13114754098103	12.268405344142051
6303	condition_008	f006	21	61	199719794	199719794	212.73770491803066	10.651808749513865
6303	condition_008	f006	27	61	199632734	199632734	184.04918032786708	9.219388856732637
6303	condition_008	f006	31	61	199574694	199574694	166.21311475409678	8.328366258404323
6303	condition_008	f007	15	61	199806854	199806854	1947.2459016393589	97.45641166240267
6303	condition_008	f007	21	61	199719794	199719794	1911.885245901648	95.72838062819392
6303	condition_008	f007	27	61	199632734	199632734	1877.196721311477	94.03251078610569
6303	condition_008	f007	31	61	199574694	199574694	1854.4754098360634	92.92137057396984
6303	condition_008	f008	15	61	199806854	199806854	1571.4098360655548	78.64644303270772
6303	condition_008	f008	21	61	199719794	199719794	1369.3770491803282	68.56491396042237
6303	condition_008	f008	27	61	199632734	199632734	1197.2786885246037	59.97406660395703
6303	condition_008	f008	31	61	199574694	199574694	1091.901639344283	54.71142745904864
6303	condition_008	f009	15	61	199806854	199806854	871.9016393442679	43.63722374329901
6303	condition_008	f009	21	61	199719794	199719794	853.1803278688545	42.71886680740591
6303	condition_008	f009	27	61	199632734	199632734	835.2459016393432	41.83912552333943
6303	condition_008	f009	31	61	199574694	199574694	823.4262295081932	41.25905008318305
6303	condition_008	f010	15	61	199806854	199806854	1074.836065573762	53.79375352027523
6303	condition_008	f010	21	61	199719794	199719794	883.737704918042	44.24887925320221
6303	condition_008	f010	27	61	199632734	199632734	727.4262295082156	36.43822407943456
6303	condition_008	f010	31	61	199574694	199574694	635.9672131147724	31.866124926378312
6303	condition_008	f011	15	61	199806854	199806854	1455.1311475409927	72.82688848806922
6303	condition_008	f011	21	61	199719794	199719794	1427.0000000000045	71.45010373884146
6303	condition_008	f011	27	61	199632734	199632734	1399.688524590164	70.11317716012265
6303	condition_008	f011	31	61	199574694	199574694	1381.8032786885217	69.23739934124723
6303	condition_008	f012	15	61	199806854	199806854	1070.524590163913	53.57797136247954
6303	condition_008	f012	21	61	199719794	199719794	929.1147540983532	46.52091490232326
6303	condition_008	f012	27	61	199632734	199632734	806.9508196721347	40.42176869010544
6303	condition_008	f012	31	61	199574694	199574694	734.3934426229612	36.7979240205154
6303	condition_008	f013	15	61	199806854	199806854	3173.098360656142	158.80828395687277
6303	condition_008	f013	21	61	199719794	199719794	3114.4426229512083	155.94060861845313
6303	condition_008	f013	27	61	199632734	199632734	3056.442622951191	153.1032792924226
6303	condition_008	f013	31	61	199574694	199574694	3017.9672131151156	151.21993438281888
6303	condition_008	f014	15	61	199806854	199806854	2984.0983606560167	149.34914898645152
6303	condition_008	f014	21	61	199719794	199719794	2576.1803278690277	128.9897348817127
6303	condition_008	f014	27	61	199632734	199632734	2223.803278688614	111.394721403185
6303	condition_008	f014	31	61	199574694	199574694	2009.754098360699	100.70185042401712
6303	condition_008	f015	15	61	199806854	199806854	4275.311475410359	213.97221315592904
6303	condition_008	f015	21	61	199719794	199719794	4196.065573770996	210.09763177359358
6303	condition_008	f015	27	61	199632734	199632734	4118.9016393447455	206.3239608462581
6303	condition_008	f015	31	61	199574694	199574694	4068.606557377519	203.86385046280063
6303	condition_008	f016	15	61	199806854	199806854	3189.737704918269	159.64105540234718
6303	condition_008	f016	21	61	199719794	199719794	2795.4426229509795	139.96823083799995
6303	condition_008	f016	27	61	199632734	199632734	2458.09836065584	123.13102723202901
6303	condition_008	f016	31	61	199574694	199574694	2255.147540983675	112.99766998433554
6303	condition_008	f017	15	61	199806854	199806854	5283.08196721384	264.40944649545605
6303	condition_008	f017	21	61	199719794	199719794	5186.01639344332	259.66461759135
6303	condition_008	f017	27	61	199632734	199632734	5091.885245902312	255.06264147553637
6303	condition_008	f017	31	61	199574694	199574694	5030.114754099014	252.04171196669927
6303	condition_008	f018	15	61	199806854	199806854	1981.1475409837747	99.15313220355166
6303	condition_008	f018	21	61	199719794	199719794	1725.2622950820778	86.38414152790874
6303	condition_008	f018	27	61	199632734	199632734	1496.0327868853112	74.9392525418858
6303	condition_008	f018	31	61	199574694	199574694	1358.8852459016816	68.08905571473314
6303	condition_008	f019	15	171	199806854	199806854	426.4385964912382	21.342540956639965
6303	condition_008	f019	21	171	199719794	199719794	417.2865497076124	20.89360004585286
6303	condition_008	f019	27	171	199632734	199632734	408.7485380117057	20.47502580472127
6303	condition_008	f019	31	171	199574694	199574694	403.13450292398625	20.19968037250185
6303	condition_008	f020	15	171	199806854	199806854	333.3508771929897	16.683655766532898
6303	condition_008	f020	21	171	199719794	199719794	287.82456140351485	14.411418900397768
6303	condition_008	f020	27	171	199632734	199632734	248.09356725146688	12.427499352459247
6303	condition_008	f020	31	171	199574694	199574694	223.44444444444872	11.196030917850171
6303	condition_008	f021	15	171	199806854	199806854	517.2456140350994	25.887280825466547
6303	condition_008	f021	21	171	199719794	199719794	506.1695906432871	25.343987218577197
6303	condition_008	f021	27	171	199632734	199632734	496.5906432748658	24.87521126043717
6303	condition_008	f021	31	171	199574694	199574694	490.23391812866674	24.563931844418452
6303	condition_008	f022	15	171	199806854	199806854	219.54970760234409	10.98809691495088
6303	condition_008	f022	21	171	199719794	199719794	194.23391812865924	9.725321373436788
6303	condition_008	f022	27	171	199632734	199632734	171.72514619883407	8.602053518880028
6303	condition_008	f022	31	171	199574694	199574694	158.8830409356758	7.96108152548017
6303	condition_008	f023	15	171	199806854	199806854	413.8245614035182	20.711229525865924
6303	condition_008	f023	21	171	199719794	199719794	404.6315789473778	20.259963764401732
6303	condition_008	f023	27	171	199632734	199632734	395.85964912281617	19.829395770476008
6303	condition_008	f023	31	171	199574694	199574694	390.0584795321727	19.544485912235583
6303	condition_008	f024	15	171	199806854	199806854	248.04678362573657	12.414328070334193
6303	condition_008	f024	21	171	199719794	199719794	213.53801169591105	10.691880229753844
6303	condition_008	f024	27	171	199632734	199632734	183.4502923976646	9.18938937126737
6303	condition_008	f024	31	171	199574694	199574694	164.74269005848282	8.254688345331138
6303	condition_008	f025	15	171	199806854	199806854	983.6549707602592	49.23029170762376
6303	condition_008	f025	21	171	199719794	199719794	964.4970760234173	48.29251306074436
6303	condition_008	f025	27	171	199632734	199632734	946.5438596491479	47.4142612127502
6303	condition_008	f025	31	171	199574694	199574694	934.8304093567498	46.84112953502761
6303	condition_008	f026	15	171	199806854	199806854	1209.508771929854	60.53389799780612
6303	condition_008	f026	21	171	199719794	199719794	1048.2456140351146	52.4858149030093
6303	condition_008	f026	27	171	199632734	199632734	910.8538011696136	45.626475323912246
6303	condition_008	f026	31	171	199574694	199574694	830.7017543859854	41.623601556717674
6303	condition_008	f027	15	171	199806854	199806854	1778.3918128655437	89.005545969186
6303	condition_008	f027	21	171	199719794	199719794	1742.953216374315	87.26992860679172
6303	condition_008	f027	27	171	199632734	199632734	1708.1929824561857	85.56677796418826
6303	condition_008	f027	31	171	199574694	199574694	1685.2514619883484	84.44214184732
6303	condition_008	f028	15	171	199806854	199806854	1234.2923976608504	61.774277155720114
6303	condition_008	f028	21	171	199719794	199719794	1069.9415204678637	53.57213218775219
6303	condition_008	f028	27	171	199632734	199632734	926.1111111111343	46.39074427098385
6303	condition_008	f028	31	171	199574694	199574694	841.0000000000206	42.13961114729408
6303	condition_008	f029	15	171	199806854	199806854	1796.8011695906916	89.92690358813675
6303	condition_008	f029	21	171	199719794	199719794	1763.9181286550179	88.31964490485194
6303	condition_008	f029	27	171	199632734	199632734	1731.918128655017	86.75521764156258
6303	condition_008	f029	31	171	199574694	199574694	1710.9649122807477	85.73055420948047
6303	condition_008	f030	15	171	199806854	199806854	1216.3859649123124	60.87809004351334
6303	condition_008	f030	21	171	199719794	199719794	1069.2865497076305	53.53933770368452
6303	condition_008	f030	27	171	199632734	199632734	936.7719298245855	46.92476584649617
6303	condition_008	f030	31	171	199574694	199574694	859.2163742690277	43.05237087168114
6303	condition_008	f031	15	171	199806854	199806854	4350.4795321638585	217.7342491045807
6303	condition_008	f031	21	171	199719794	199719794	4270.46198830421	213.82267139251155
6303	condition_008	f031	27	171	199632734	199632734	4191.970760234033	209.9841381841734
6303	condition_008	f031	31	171	199574694	199574694	4140.321637427013	207.4572459285351
6303	condition_008	f032	15	160	199806854	199806854	2886.0562500003425	144.44230476699977
6303	condition_008	f032	21	167	199719794	199719794	2516.652694611171	126.00917736832689
6303	condition_008	f032	27	171	199632734	199632734	2191.7309941521034	109.78815699393785
6303	condition_008	f032	31	171	199574694	199574694	1995.8947368421575	100.00740559031784
6303	condition_008	f033	15	171	199806854	199806854	4430.426900584915	221.735481635926
6303	condition_008	f033	21	171	199719794	199719794	4348.75438596503	217.74278347017676
6303	condition_008	f033	27	171	199632734	199632734	4268.7719298246775	213.83126125120728
6303	condition_008	f033	31	171	199574694	199574694	4216.315789473801	211.26505094247074
6303	condition_008	f034	15	171	199806854	199806854	2493.7719298246234	124.80912841081135
6303	condition_008	f034	21	171	199719794	199719794	2153.3625730994722	107.81918656993368
6303	condition_008	f034	27	171	199632734	199632734	1856.3976608187613	92.99064455124686
6303	condition_008	f034	31	171	199574694	199574694	1679.2982456140776	84.14384669501624
6303	condition_008	f035	15	171	199806854	199806854	3848.9590643275887	192.63398563532704
6303	condition_008	f035	21	171	199719794	199719794	3779.830409356828	189.25667474686202
6303	condition_008	f035	27	171	199632734	199632734	3711.6783625732005	185.9253384053339
6303	condition_008	f035	31	171	199574694	199574694	3666.783625731094	183.72988840614704
6303	condition_008	f036	15	171	199806854	199806854	2806.6023391813624	140.46576896613178
6303	condition_008	f036	21	171	199719794	199719794	2430.8771929825193	121.71438515415849
6303	condition_008	f036	27	171	199632734	199632734	2100.029239766136	105.19463405065305
6303	condition_008	f036	31	171	199574694	199574694	1908.4444444444944	95.62557287170358
6303	condition_008	f037	15	421	199806854	199806854	444.9857482184776	22.270794985765484
6303	condition_008	f037	21	421	199719794	199719794	436.3586698336803	21.848543957224408
6303	condition_008	f037	27	421	199632734	199632734	428.4085510688367	21.45983489204915
6303	condition_008	f037	31	421	199574694	199574694	423.18289786218713	21.204236337808798
6303	condition_008	f038	15	421	199806854	199806854	276.7767220902467	13.852213602754924
6303	condition_008	f038	21	421	199719794	199719794	241.9667458432214	12.11531120662088
6303	condition_008	f038	27	421	199632734	199632734	211.43705463182414	10.591301856930142
6303	condition_008	f038	31	421	199574694	199574694	193.45368171021093	9.69329717274731
6303	condition_008	f039	15	421	199806854	199806854	398.70308788594804	19.954424981134434
6303	condition_008	f039	21	421	199719794	199719794	390.4845605700349	19.551620435280185
6303	condition_008	f039	27	421	199632734	199632734	382.6769596199178	19.169048680158724
6303	condition_008	f039	31	421	199574694	199574694	377.58432304034636	18.919448927745638
6303	condition_008	f040	15	421	199806854	199806854	225.42755344416463	11.282273302004175
6303	condition_008	f040	21	421	199719794	199719794	195.9358669833628	9.810538207513012
6303	condition_008	f040	27	421	199632734	199632734	170.51543942992313	8.541456905054615
6303	condition_008	f040	31	421	199574694	199574694	155.1140142517785	7.772228589852103
6303	condition_008	f041	15	420	199806854	199806854	415.0928571429207	20.774705613598254
6303	condition_008	f041	21	421	199719794	199719794	406.9809976246617	20.377599509473846
6303	condition_008	f041	27	421	199632734	199632734	399.16389548689637	19.99491203115499
6303	condition_008	f041	31	421	199574694	199574694	394.05938242276443	19.744957365324304
6303	condition_008	f042	15	416	199806854	199806854	280.56730769231564	14.041926093902445
6303	condition_008	f042	21	421	199719794	199719794	238.28266033253254	11.930848493291183
6303	condition_008	f042	27	421	199632734	199632734	201.72684085510357	10.10489797004451
6303	condition_008	f042	31	421	199574694	199574694	180.4608076009499	9.042269036421516
6303	condition_008	f043	15	417	199806854	199806854	1975.8177458032374	98.88638483859205
6303	condition_008	f043	21	421	199719794	199719794	1937.4703087882526	97.0094285591068
6303	condition_008	f043	27	421	199632734	199632734	1899.9619952490705	95.17286855616926
6303	condition_008	f043	31	421	199574694	199574694	1875.3562945364877	93.96763973174312
6303	condition_008	f044	15	418	199806854	199806854	1261.8803827751506	63.15500982639717
6303	condition_008	f044	21	421	199719794	199719794	1096.990498812208	54.926478584902206
6303	condition_008	f044	27	421	199632734	199632734	951.2019002374235	47.64759171396328
6303	condition_008	f044	31	421	199574694	199574694	863.6674584322194	43.275399356604765
6303	condition_008	f045	15	421	199806854	199806854	1471.5439429926228	73.64832154319505
6303	condition_008	f045	21	421	199719794	199719794	1442.9691211399008	72.24968002620214
6303	condition_008	f045	27	421	199632734	199632734	1415.0973871731621	70.88503767990083
6303	condition_008	f045	31	421	199574694	199574694	1396.838479809747	69.99076144442175
6303	condition_008	f046	15	421	199806854	199806854	1102.1187648454581	55.1592071433875
6303	condition_008	f046	21	421	199719794	199719794	951.3135391922912	47.632411396954026
6303	condition_008	f046	27	421	199632734	199632734	820.2517814726084	41.08804027462793
6303	condition_008	f046	31	421	199574694	199574694	742.1828978621755	37.188226772988344
6303	condition_008	f047	15	412	199806854	199806854	1733.7184466018473	86.76971845029138
6303	condition_008	f047	21	418	199719794	199719794	1702.7679425837782	85.25784592907091
6303	condition_008	f047	27	421	199632734	199632734	1672.2327790970867	83.76545998198306
6303	condition_008	f047	31	421	199574694	199574694	1652.1306413298707	82.78257168866664
6303	condition_008	f048	15	421	199806854	199806854	1016.4916864606582	50.873714595429156
6303	condition_008	f048	21	421	199719794	199719794	873.8076009500073	43.75167746017239
6303	condition_008	f048	27	421	199632734	199632734	750.8408551068085	37.611109163430505
6303	condition_008	f048	31	421	199574694	199574694	679.2114014251159	34.03294214371267
6303	condition_008	f049	15	421	199806854	199806854	4285.776722089464	214.49598130850225
6303	condition_008	f049	21	421	199719794	199719794	4208.294536816316	210.70993778495065
6303	condition_008	f049	27	421	199632734	199632734	4132.771971495671	207.01875332207146
6303	condition_008	f049	31	421	199574694	199574694	4083.121140141767	204.5911261746325
6303	condition_008	f050	15	421	199806854	199806854	3242.9596199519588	162.30472353826056
6303	condition_008	f050	21	421	199719794	199719794	2821.7529691207187	141.28559381153372
6303	condition_008	f050	27	421	199632734	199632734	2455.648456056685	123.00830664657856
6303	condition_008	f050	31	421	199574694	199574694	2238.342042755079	112.15560439516842
6303	condition_008	f051	15	421	199806854	199806854	3850.881235153673	192.73018708125363
6303	condition_008	f051	21	421	199719794	199719794	3780.092636578866	189.26980450314633
6303	condition_008	f051	27	421	199632734	199632734	3711.0308788591683	185.89290466057378
6303	condition_008	f051	31	421	199574694	199574694	3665.698337291486	183.67550834333167
6303	condition_008	f052	15	421	199806854	199806854	2583.539192398626	129.3018302764842
6303	condition_008	f052	21	421	199719794	199719794	2253.8456057003727	112.85038706280524
6303	condition_008	f052	27	421	199632734	199632734	1965.850356294274	98.47334737670197
6303	condition_008	f052	31	421	199574694	199574694	1795.6912114012075	89.97589701433827
6303	condition_008	f053	15	419	199806854	199806854	3732.381861574895	186.79949095114097
6303	condition_008	f053	21	421	199719794	199719794	3664.3040380040816	183.47225202946493
6303	condition_008	f053	27	421	199632734	199632734	3597.7149643698954	180.21668552462418
6303	condition_008	f053	31	421	199574694	199574694	3553.9714964364152	178.07726146063465
6303	condition_008	f054	15	421	199806854	199806854	2689.4489311159705	134.6024361664776
6303	condition_008	f054	21	421	199719794	199719794	2341.0736342039495	117.21790751516343
6303	condition_008	f054	27	421	199632734	199632734	2036.8313539189937	102.02892647450261
6303	condition_008	f054	31	421	199574694	199574694	1853.995249405978	92.89731138988884
6303	condition_008	megabase_171	15	171	199806854	199806854	97208.91812865785	4865.144322259228
6303	condition_008	megabase_171	21	171	199719794	199719794	89787.3801169615	4495.667570985052
6303	condition_008	megabase_171	27	171	199632734	199632734	82929.099415207	4154.083238433583
6303	condition_008	megabase_171	31	171	199574694	199574694	78648.53216374473	3940.806852182609
6303	condition_009	f001	15	61	199805171	199805171	295.75409836065273	14.802124333441437
6303	condition_009	f001	21	61	199718111	199718111	262.2295081967186	13.12998139646527
6303	condition_009	f001	27	61	199631051	199631051	232.7213114754075	11.657570819251335
6303	condition_009	f001	31	61	199573011	199573011	214.93442622950613	10.769714058656264
6303	condition_009	f002	15	61	199805171	199805171	194.36065573770318	9.727508790936305
6303	condition_009	f002	21	61	199718111	199718111	152.7704918032773	7.649305866070269
6303	condition_009	f002	27	61	199631051	199631051	121.59016393442528	6.090744066384006
6303	condition_009	f002	31	61	199573011	199573011	104.88524590163857	5.255482461084809
6303	condition_009	f003	15	61	199805171	199805171	367.85245901638973	18.410557503358596
6303	condition_009	f003	21	61	199718111	199718111	325.98360655737366	16.322185550682164
6303	condition_009	f003	27	61	199631051	199631051	289.18032786884953	14.4857388878271
6303	condition_009	f003	31	61	199573011	199573011	266.75409836065313	13.366241107654236
6303	condition_009	f004	15	61	199805171	199805171	257.03278688524347	12.864170912035277
6303	condition_009	f004	21	61	199718111	199718111	204.13114754098171	10.220963262614761
6303	condition_009	f004	27	61	199631051	199631051	162.88524590163794	8.159314149061808
6303	condition_009	f004	31	61	199573011	199573011	140.21311475409723	7.025655124985674
6303	condition_009	f005	15	61	199805171	199805171	293.9016393442593	14.7094110664563
6303	condition_009	f005	21	61	199718111	199718111	258.9508196721285	12.965815587557229
6303	condition_009	f005	27	61	199631051	199631051	227.96721311475181	11.419426585834676
6303	condition_009	f005	31	61	199573011	199573011	209.65573770491596	10.505214941358776
6303	condition_009	f006	15	61	199805171	199805171	193.80327868852265	9.699612763701829
6303	condition_009	f006	21	61	199718111	199718111	152.42622950819532	7.632068456134924
6303	condition_009	f006	27	61	199631051	199631051	119.40983606557276	5.981526193817051
6303	condition_009	f006	31	61	199573011	199573011	101.16393442622874	5.069018797648383
6303	condition_009	f007	15	61	199805171	199805171	1501.901639344231	75.16830679743674
6303	condition_009	f007	21	61	199718111	199718111	1324.3770491803136	66.31231602127028
6303	condition_009	f007	27	61	199631051	199631051	1167.0491803278692	58.46030336873141
6303	condition_009	f007	31	61	199573011	199573011	1072.5737704918113	53.743427787027336
6303	condition_009	f008	15	61	199805171	199805171	1229.065573770505	61.51320146616751
6303	condition_009	f008	21	61	199718111	199718111	966.7868852459302	48.40757207271653
6303	condition_009	f008	27	61	199631051	199631051	763.1147540983774	38.22625539843386
6303	condition_009	f008	31	61	199573011	199573011	651.8196721311557	32.66071243125934
6303	condition_009	f009	15	61	199805171	199805171	687.3934426229349	34.4031858225999
6303	condition_009	f009	21	61	199718111	199718111	609.26229508196	30.506111440337026
6303	condition_009	f009	27	61	199631051	199631051	541.3606557377051	27.118058690063453
6303	condition_009	f009	31	61	199573011	199573011	500.7540983606593	25.09127340673631
6303	condition_009	f010	15	61	199805171	199805171	856.5245901639445	42.86798914548335
6303	condition_009	f010	21	61	199718111	199718111	642.6557377049372	32.178140204066786
6303	condition_009	f010	27	61	199631051	199631051	484.4754098360719	24.268539759181646
6303	condition_009	f010	31	61	199573011	199573011	399.5081967213122	20.018147479937163
6303	condition_009	f011	15	61	199805171	199805171	1143.1475409835862	57.213110915111706
6303	condition_009	f011	21	61	199718111	199718111	1013.8688524590079	50.76499308863421
6303	condition_009	f011	27	61	199631051	199631051	898.8196721311485	45.02404148196106
6303	condition_009	f011	31	61	199573011	199573011	829.2786885245965	41.552647042269484
6303	condition_009	f012	15	61	199805171	199805171	831.557377049183	41.61841121965672
6303	condition_009	f012	21	61	199718111	199718111	650.0491803278866	32.548334103154346
6303	condition_009	f012	27	61	199631051	199631051	505.9016393442747	25.34183118358049
6303	condition_009	f012	31	61	199573011	199573011	426.6885245901697	21.38007150627044
6303	condition_009	f013	15	61	199805171	199805171	2497.1967213116973	124.98158625292523
6303	condition_009	f013	21	61	199718111	199718111	2215.311475409995	110.92191210490647
6303	condition_009	f013	27	61	199631051	199631051	1966.1803278689615	98.49070663205401
6303	condition_009	f013	31	61	199573011	199573011	1815.0655737705724	90.94744648466381
6303	condition_009	f014	15	61	199805171	199805171	2331.934426229622	116.71041417790045
6303	condition_009	f014	21	61	199718111	199718111	1817.1639344262358	90.9864371001504
6303	condition_009	f014	27	61	199631051	199631051	1417.0819672130947	70.9850476724232
6303	condition_009	f014	31	61	199573011	199573011	1197.9836065573725	60.02733538741732
6303	condition_009	f015	15	61	199805171	199805171	3331.0163934428974	166.71322252430082
6303	condition_009	f015	21	61	199718111	199718111	2947.5245901641256	147.5842413792971
6303	condition_009	f015	27	61	199631051	199631051	2608.295081967335	130.65578069652778
6303	condition_009	f015	31	61	199573011	199573011	2404.4590163935286	120.4801693548397
6303	condition_009	f016	15	61	199805171	199805171	2484.3114754099406	124.33669574096962
6303	condition_009	f016	21	61	199718111	199718111	1964.2295081967468	98.35009445872171
6303	condition_009	f016	27	61	199631051	199631051	1555.7868852458962	77.93311097910797
6303	condition_009	f016	31	61	199573011	199573011	1332.3114754098326	66.7580986393913
6303	condition_009	f017	15	61	199805171	199805171	4135.278688524995	206.96554888086433
6303	condition_009	f017	21	61	199718111	199718111	3668.0819672133957	183.66296120302258
6303	condition_009	f017	27	61	199631051	199631051	3254.786885246077	163.0401116931492
6303	condition_009	f017	31	61	199573011	199573011	3003.8032786886415	150.5114977038975
6303	condition_009	f018	15	61	199805171	199805171	1554.0983606558164	77.78068770081111
6303	condition_009	f018	21	61	199718111	199718111	1223.8688524590384	61.27981314919599
6303	condition_009	f018	27	61	199631051	199631051	962.8688524590061	48.232419136991176
6303	condition_009	f018	31	61	199573011	199573011	820.4098360655669	41.108255668175836
6303	condition_009	f019	15	171	199805171	199805171	334.91812865497843	16.762235280436183
6303	condition_009	f019	21	171	199718111	199718111	295.6374269005914	14.802734985841688
6303	condition_009	f019	27	171	199631051	199631051	261.4152046783683	13.094917016610221
6303	condition_009	f019	31	171	199573011	199573011	240.87719298246117	12.06962764030559
6303	condition_009	f020	15	171	199805171	199805171	264.4385964912334	13.234822460687637
6303	condition_009	f020	21	171	199718111	199718111	207.33918128655364	10.381591346342828
6303	condition_009	f020	27	171	199631051	199631051	161.98245614035346	8.114091236255298
6303	condition_009	f020	31	171	199573011	199573011	136.39766081871534	6.83447426760101
6303	condition_009	f021	15	171	199805171	199805171	404.6725146198919	20.253355435925723
6303	condition_009	f021	21	171	199718111	199718111	356.6140350877273	17.85586861913226
6303	condition_009	f021	27	171	199631051	199631051	315.44444444445134	15.801371723703008
6303	condition_009	f021	31	171	199573011	199573011	290.84210526316406	14.573218282664685
6303	condition_009	f022	15	171	199805171	199805171	174.12865497076388	8.71492234656749
6303	condition_009	f022	21	171	199718111	199718111	140.24561403509045	7.0221780755321905
6303	condition_009	f022	27	171	199631051	199631051	113.02923976608383	5.6619067624947705
6303	condition_009	f022	31	171	199573011	199573011	98.28654970760392	4.92484175165368
6303	condition_009	f023	15	171	199805171	199805171	324.9707602339251	16.26438187798078
6303	condition_009	f023	21	171	199718111	199718111	286.6608187134565	14.353271081832759
6303	condition_009	f023	27	171	199631051	199631051	253.2046783625782	12.683631984814737
6303	condition_009	f023	31	171	199573011	199573011	232.84795321637876	11.66730671896205
6303	condition_009	f024	15	171	199805171	199805171	193.29824561403916	9.6743364872193
6303	condition_009	f024	21	171	199718111	199718111	149.45029239766365	7.4830615836169025
6303	condition_009	f024	27	171	199631051	199631051	115.6783625731013	5.794607702240735
6303	condition_009	f024	31	171	199573011	199573011	96.77192982456276	4.848948730074667
6303	condition_009	f025	15	171	199805171	199805171	770.2514619883233	38.550126512407594
6303	condition_009	f025	21	171	199718111	199718111	683.6198830409533	34.22923838093748
6303	condition_009	f025	27	171	199631051	199631051	607.3859649122961	30.425425396988775
6303	condition_009	f025	31	171	199573011	199573011	561.0292397660959	28.111478448661373
6303	condition_009	f026	15	171	199805171	199805171	935.2046783625963	46.805829582988935
6303	condition_009	f026	21	171	199718111	199718111	726.520467836275	36.37729518863089
6303	condition_009	f026	27	171	199631051	199631051	567.7485380117091	28.439891247765313
6303	condition_009	f026	31	171	199573011	199573011	483.22222222223303	24.212804116195503
6303	condition_009	f027	15	171	199805171	199805171	1393.7192982456495	69.7539153401415
6303	condition_009	f027	21	171	199718111	199718111	1235.959064327517	61.8851769696298
6303	condition_009	f027	27	171	199631051	199631051	1096.4385964912558	54.92324921393395
6303	condition_009	f027	31	171	199573011	199573011	1012.7485380117214	50.74576632066354
6303	condition_009	f028	15	171	199805171	199805171	963.6023391813108	48.22709714461348
6303	condition_009	f028	21	171	199718111	199718111	752.9181286549891	37.699041157814136
6303	condition_009	f028	27	171	199631051	199631051	587.5146198830545	29.430021879865496
6303	condition_009	f028	31	171	199573011	199573011	497.35672514620984	24.92104130984975
6303	condition_009	f029	15	171	199805171	199805171	1398.5906432748907	69.99772009278432
6303	condition_009	f029	21	171	199718111	199718111	1236.8479532164063	61.92968414448934
6303	condition_009	f029	27	171	199631051	199631051	1094.4970760234203	54.82599377906498
6303	condition_009	f029	31	171	199573011	199573011	1008.5146198830669	50.533617488141566
6303	condition_009	f030	15	171	199805171	199805171	951.456140350902	47.61919501827618
6303	condition_009	f030	21	171	199718111	199718111	754.1695906432938	37.76170257505058
6303	condition_009	f030	27	171	199631051	199631051	596.2631578947513	29.86825721288976
6303	condition_009	f030	31	171	199573011	199573011	510.4619883041056	25.577706411620234
6303	condition_009	f031	15	171	199805171	199805171	3389.649122807105	169.6477176162325
6303	condition_009	f031	21	171	199718111	199718111	2999.871345029319	150.20527332292457
6303	condition_009	f031	27	171	199631051	199631051	2656.3684210527013	133.06388999839015
6303	condition_009	f031	31	171	199573011	199573011	2450.2222222222863	122.77322519437692
6303	condition_009	f032	15	160	199805171	199805171	2272.850000000252	113.75331222034548
6303	condition_009	f032	21	167	199718111	199718111	1793.1676646707278	89.78493015441789
6303	condition_009	f032	27	171	199631051	199631051	1409.2631578947721	70.59338468817519
6303	condition_009	f032	31	171	199573011	199573011	1198.4093567251753	60.0486684407029
6303	condition_009	f033	15	171	199805171	199805171	3455.4444444445353	172.94069153217936
6303	condition_009	f033	21	171	199718111	199718111	3057.6783625731796	153.09970374059765
6303	condition_009	f033	27	171	199631051	199631051	2706.14619883048	135.55737873816432
6303	condition_009	f033	31	171	199573011	199573011	2494.707602339246	125.00225305210462
6303	condition_009	f034	15	171	199805171	199805171	1946.1461988304582	97.40219380160377
6303	condition_009	f034	21	171	199718111	199718111	1514.0175438596875	75.80772401055243
6303	condition_009	f034	27	171	199631051	199631051	1175.7953216374556	58.89841864517637
6303	condition_009	f034	31	171	199573011	199573011	990.7719298245847	49.64458494964456
6303	condition_009	f035	15	171	199805171	199805171	3004.5789473685	150.37543484640344
6303	condition_009	f035	21	171	199718111	199718111	2659.0584795322343	133.14057829899232
6303	condition_009	f035	27	171	199631051	199631051	2353.707602339244	117.90288086692706
6303	condition_009	f035	31	171	199573011	199573011	2169.8362573099985	108.7239324815317
6303	condition_009	f036	15	171	199805171	199805171	2197.67251461994	109.99077269226132
6303	condition_009	f036	21	171	199718111	199718111	1721.6257309941964	86.20278463349757
6303	condition_009	f036	27	171	199631051	199631051	1345.9883040936006	67.42379491322724
6303	condition_009	f036	31	171	199573011	199573011	1143.9883040935945	57.32179408234686
6303	condition_009	f037	15	421	199805171	199805171	349.7125890736072	17.502679601500763
6303	condition_009	f037	21	421	199718111	199718111	309.603325415658	15.502015509032027
6303	condition_009	f037	27	421	199631051	199631051	274.4988123515322	13.750306426605556
6303	condition_009	f037	31	421	199573011	199573011	253.16864608075235	12.685515181246245
6303	condition_009	f038	15	421	199805171	199805171	217.28266033253607	10.8747265771483
6303	condition_009	f038	21	421	199718111	199718111	171.5154394299279	8.587876110541016
6303	condition_009	f038	27	421	199631051	199631051	135.04988123515346	6.764973713190212
6303	condition_009	f038	31	421	199573011	199573011	115.3230403800458	5.778488774719433
6303	condition_009	f039	15	421	199805171	199805171	313.2992874109051	15.680239197157968
6303	condition_009	f039	21	421	199718111	199718111	277.7743467933343	13.908320352245585
6303	condition_009	f039	27	421	199631051	199631051	246.48931116388587	12.34724307311721
6303	condition_009	f039	31	421	199573011	199573011	227.5866983372854	11.40368114891474
6303	condition_009	f040	15	421	199805171	199805171	176.9073634204211	8.853993244269994
6303	condition_009	f040	21	421	199718111	199718111	138.4299287410925	6.931265674803649
6303	condition_009	f040	27	421	199631051	199631051	108.15439429928757	5.417714015806468
6303	condition_009	f040	31	421	199573011	199573011	91.90023752969056	4.60484296294405
6303	condition_009	f041	15	420	199805171	199805171	324.54761904765365	16.243204188526917
6303	condition_009	f041	21	421	199718111	199718111	287.0356294536667	14.372038069880738
6303	condition_009	f041	27	421	199631051	199631051	253.84323040379084	12.715618594012755
6303	condition_009	f041	31	421	199573011	199573011	234.00950118764166	11.725508374859448
6303	condition_009	f042	15	416	199805171	199805171	220.1081730769223	11.01613997151867
6303	condition_009	f042	21	421	199718111	199718111	168.53206650831441	8.438496922710952
6303	condition_009	f042	27	421	199631051	199631051	128.80760095011792	6.452282864057953
6303	condition_009	f042	31	421	199573011	199573011	107.88123515439239	5.405602421581563
6303	condition_009	f043	15	417	199805171	199805171	1554.7338129496502	77.81249129681684
6303	condition_009	f043	21	421	199718111	199718111	1379.0261282658346	69.04862665488733
6303	condition_009	f043	27	421	199631051	199631051	1223.3349168644486	61.279791432067775
6303	condition_009	f043	31	421	199573011	199573011	1129.5629453680351	56.59898298412881
6303	condition_009	f044	15	418	199805171	199805171	990.4258373205975	49.569579824367885
6303	condition_009	f044	21	421	199718111	199718111	779.9477434678693	39.05242942478408
6303	condition_009	f044	27	421	199631051	199631051	612.5391923990225	30.683562969320963
6303	condition_009	f044	31	421	199573011	199573011	520.5059382422681	26.080978366472017
6303	condition_009	f045	15	421	199805171	199805171	1154.745843230236	57.79359149970328
6303	condition_009	f045	21	421	199718111	199718111	1023.6579572445228	51.2551391618421
6303	condition_009	f045	27	421	199631051	199631051	907.4798099761437	45.45784863779251
6303	condition_009	f045	31	421	199573011	199573011	836.9881235153529	41.93894351352713
6303	condition_009	f046	15	421	199805171	199805171	866.3254156768717	43.35850825787045
6303	condition_009	f046	21	421	199718111	199718111	676.1852731591007	33.85698321366061
6303	condition_009	f046	27	421	199631051	199631051	527.458432304021	26.421662845627207
6303	condition_009	f046	31	421	199573011	199573011	446.68646080759584	22.382107609109323
6303	condition_009	f047	15	412	199805171	199805171	1360.0825242718136	68.07043668913921
6303	condition_009	f047	21	418	199718111	199718111	1207.045454545486	60.43745599744262
6303	condition_009	f047	27	421	199631051	199631051	1070.741092636438	53.63599937348614
6303	condition_009	f047	31	421	199573011	199573011	988.2209026127064	49.516760691289385
6303	condition_009	f048	15	421	199805171	199805171	792.7695961994349	39.677131088836276
6303	condition_009	f048	21	421	199718111	199718111	613.7909738716878	30.732864976461137
6303	condition_009	f048	27	421	199631051	199631051	475.93824228026944	23.84089248121373
6303	condition_009	f048	31	421	199573011	199573011	402.3539192399007	20.16073802884603
6303	condition_009	f049	15	421	199805171	199805171	3352.3776722084867	167.78232792626207
6303	condition_009	f049	21	421	199718111	199718111	2970.389548693138	148.72910292512918
6303	condition_009	f049	27	421	199631051	199631051	2632.5819477431123	131.87236827917678
6303	condition_009	f049	31	421	199573011	199573011	2429.111638954566	121.71543771289625
6303	condition_009	f050	15	421	199805171	199805171	2539.9643705459744	127.1220538404371
6303	condition_009	f050	21	421	199718111	199718111	1995.6009501185647	99.92088049133234
6303	condition_009	f050	27	421	199631051	199631051	1568.7339667457527	78.58166146436572
6303	condition_009	f050	31	421	199573011	199573011	1335.4988123515047	66.9178064538749
6303	condition_009	f051	15	421	199805171	199805171	3002.9952494056815	150.29617273547348
6303	condition_009	f051	21	421	199718111	199718111	2658.6935866979316	133.1223079061634
6303	condition_009	f051	27	421	199631051	199631051	2353.5439429925514	117.89468277620556
6303	condition_009	f051	31	421	199573011	199573011	2169.724465557919	108.71833093493383
6303	condition_009	f052	15	421	199805171	199805171	2020.2256532063732	101.10977824524738
6303	condition_009	f052	21	421	199718111	199718111	1591.5771971494803	79.69118019294105
6303	condition_009	f052	27	421	199631051	199631051	1252.5629453680945	62.74389375268552
6303	condition_009	f052	31	421	199573011	199573011	1067.5225653206326	53.49032717257708
6303	condition_009	f053	15	419	199805171	199805171	2916.885441527438	145.98648407990592
6303	condition_009	f053	21	421	199718111	199718111	2583.3277909734948	129.3486994263377
6303	condition_009	f053	27	421	199631051	199631051	2287.9904988120497	114.61095292295235
6303	condition_009	f053	31	421	199573011	199573011	2110.1852731588915	105.73500207194307
6303	condition_009	f054	15	421	199805171	199805171	2106.0237529688548	105.4038662977774
6303	condition_009	f054	21	421	199718111	199718111	1654.3230403798993	82.83290043635049
6303	condition_009	f054	27	421	199631051	199631051	1299.1401425177532	65.07705770269942
6303	condition_009	f054	31	421	199573011	199573011	1104.028503562923	55.31952933069307
6303	condition_009	megabase_171	15	171	199805171	199805171	76159.00000000212	3811.6631125628937
6303	condition_009	megabase_171	21	171	199718111	199718111	63523.532163744414	3180.659572918973
6303	condition_009	megabase_171	27	171	199631051	199631051	53000.52046783764	2654.923680577008
6303	condition_009	megabase_171	31	171	199573011	199573011	46965.807017545034	2353.314548004942
