length_bin_kb	gc_bin_percent	mean_quality_bin_phred	read_count
0	19	45	1
0	24	40	1
0	24	90	1
0	25	20	1
0	25	60	1
0	25	90	2
0	26	90	1
0	27	65	1
0	27	90	2
0	28	20	1
0	28	30	1
0	28	80	1
0	28	90	2
0	29	20	1
0	29	25	1
0	29	30	2
0	29	65	1
0	29	70	1
0	29	75	1
0	29	80	2
0	29	85	1
0	29	90	4
0	30	20	1
0	30	35	2
0	30	50	1
0	30	55	1
0	30	75	1
0	30	90	9
0	31	20	1
0	31	25	1
0	31	30	2
0	31	70	1
0	31	80	2
0	31	90	8
0	32	20	3
0	32	25	2
0	32	30	2
0	32	35	2
0	32	45	1
0	32	50	3
0	32	55	1
0	32	65	1
0	32	70	1
0	32	75	1
0	32	90	13
0	33	20	1
0	33	35	1
0	33	40	2
0	33	45	5
0	33	50	1
0	33	60	2
0	33	65	1
0	33	75	4
0	33	80	1
0	33	85	1
0	33	90	18
0	34	20	1
0	34	25	1
0	34	30	3
0	34	45	2
0	34	50	2
0	34	55	1
0	34	60	1
0	34	65	1
0	34	70	2
0	34	75	1
0	34	90	21
0	35	20	2
0	35	25	4
0	35	30	2
0	35	35	4
0	35	40	1
0	35	45	1
0	35	50	1
0	35	60	5
0	35	65	2
0	35	70	3
0	35	80	2
0	35	85	2
0	35	90	37
0	36	20	1
0	36	25	1
0	36	30	5
0	36	35	3
0	36	40	3
0	36	50	2
0	36	55	1
0	36	60	2
0	36	65	2
0	36	70	1
0	36	75	2
0	36	80	1
0	36	85	2
0	36	90	30
0	37	25	4
0	37	30	9
0	37	35	2
0	37	40	5
0	37	45	3
0	37	50	2
0	37	55	1
0	37	60	3
0	37	65	1
0	37	70	3
0	37	80	4
0	37	90	29
0	38	20	2
0	38	25	4
0	38	30	5
0	38	35	1
0	38	40	1
0	38	45	1
0	38	50	1
0	38	55	2
0	38	65	2
0	38	80	1
0	38	85	3
0	38	90	35
0	39	20	2
0	39	25	2
0	39	30	3
0	39	35	2
0	39	40	3
0	39	45	4
0	39	50	2
0	39	55	1
0	39	60	1
0	39	65	3
0	39	70	2
0	39	75	1
0	39	80	1
0	39	85	3
0	39	90	34
0	40	20	1
0	40	25	1
0	40	30	4
0	40	40	3
0	40	45	3
0	40	50	3
0	40	55	2
0	40	70	1
0	40	75	1
0	40	80	1
0	40	85	2
0	40	90	35
0	41	20	2
0	41	30	2
0	41	35	1
0	41	40	1
0	41	45	1
0	41	50	1
0	41	55	3
0	41	60	1
0	41	65	3
0	41	70	2
0	41	80	2
0	41	85	3
0	41	90	32
0	42	20	2
0	42	25	5
0	42	30	4
0	42	35	2
0	42	40	2
0	42	45	1
0	42	50	2
0	42	55	2
0	42	60	1
0	42	65	2
0	42	70	1
0	42	75	1
0	42	85	1
0	42	90	32
0	43	20	1
0	43	25	6
0	43	30	7
0	43	35	5
0	43	40	2
0	43	45	1
0	43	75	2
0	43	85	3
0	43	90	23
0	44	20	1
0	44	30	3
0	44	35	5
0	44	40	2
0	44	45	3
0	44	50	1
0	44	55	1
0	44	65	1
0	44	70	1
0	44	85	3
0	44	90	29
0	45	20	2
0	45	25	1
0	45	30	3
0	45	35	1
0	45	45	2
0	45	50	2
0	45	55	1
0	45	65	1
0	45	75	2
0	45	80	1
0	45	85	2
0	45	90	10
0	46	20	2
0	46	25	2
0	46	30	1
0	46	35	4
0	46	55	1
0	46	60	1
0	46	65	2
0	46	70	1
0	46	80	2
0	46	85	2
0	46	90	10
0	47	20	1
0	47	25	1
0	47	40	1
0	47	50	2
0	47	55	3
0	47	60	1
0	47	70	1
0	47	85	2
0	47	90	14
0	48	30	2
0	48	35	1
0	48	40	1
0	48	75	1
0	48	85	1
0	48	90	14
0	49	20	1
0	49	30	2
0	49	35	2
0	49	45	1
0	49	70	1
0	49	80	4
0	49	85	1
0	49	90	16
0	50	25	1
0	50	30	3
0	50	40	1
0	50	45	1
0	50	50	1
0	50	55	1
0	50	65	1
0	50	80	1
0	50	90	9
0	51	30	1
0	51	40	1
0	51	55	1
0	51	60	1
0	51	80	1
0	51	90	15
0	52	30	1
0	52	35	1
0	52	45	1
0	52	50	1
0	52	65	1
0	52	80	2
0	52	85	1
0	52	90	8
0	53	30	1
0	53	45	2
0	53	75	2
0	53	85	1
0	53	90	10
0	54	25	3
0	54	30	2
0	54	50	2
0	54	60	1
0	54	75	1
0	54	85	1
0	54	90	5
0	55	20	1
0	55	30	3
0	55	40	1
0	55	70	1
0	55	90	7
0	56	30	1
0	56	45	1
0	56	50	1
0	56	55	1
0	56	85	1
0	56	90	4
0	57	30	2
0	57	35	1
0	57	45	1
0	57	55	1
0	57	65	1
0	57	75	1
0	57	90	7
0	58	30	1
0	58	35	1
0	58	80	1
0	58	90	7
0	59	25	1
0	59	55	1
0	59	60	1
0	59	65	1
0	59	80	1
0	59	90	1
0	60	20	2
0	60	30	2
0	60	35	1
0	60	40	1
0	60	60	1
0	60	85	1
0	60	90	6
0	61	20	1
0	61	25	1
0	61	40	1
0	61	45	1
0	61	90	1
0	62	35	1
0	62	50	1
0	62	80	1
0	62	90	2
0	63	30	1
0	63	45	1
0	63	90	2
0	64	35	1
0	64	40	1
0	65	85	1
0	65	90	2
0	66	35	1
0	66	75	1
0	66	80	1
0	66	90	4
0	67	35	1
0	67	90	2
0	68	25	1
0	68	30	1
0	68	40	1
0	68	50	1
0	68	65	1
0	68	90	2
0	69	50	1
0	69	90	3
0	70	35	2
0	71	55	1
0	71	90	3
0	72	30	1
0	73	25	1
0	74	40	1
1	22	35	1
1	22	85	1
1	25	30	1
1	26	20	1
1	26	40	1
1	26	45	1
1	26	50	1
1	27	20	1
1	27	25	1
1	27	60	2
1	27	75	1
1	27	90	2
1	28	25	1
1	28	30	1
1	28	45	1
1	28	60	1
1	28	90	4
1	29	20	1
1	29	25	1
1	29	35	3
1	29	65	1
1	29	90	2
1	30	20	1
1	30	30	1
1	30	35	2
1	30	45	2
1	30	55	1
1	30	65	1
1	30	90	3
1	31	20	3
1	31	25	1
1	31	30	3
1	31	35	1
1	31	40	1
1	31	45	2
1	31	50	2
1	31	55	3
1	31	70	1
1	31	80	2
1	31	85	1
1	31	90	14
1	32	20	2
1	32	25	7
1	32	30	3
1	32	35	3
1	32	40	2
1	32	45	2
1	32	55	3
1	32	60	2
1	32	65	2
1	32	80	1
1	32	85	1
1	32	90	10
1	33	20	3
1	33	25	3
1	33	30	4
1	33	35	7
1	33	40	2
1	33	45	6
1	33	50	2
1	33	55	1
1	33	60	3
1	33	65	2
1	33	70	2
1	33	75	2
1	33	80	2
1	33	85	4
1	33	90	21
1	34	20	3
1	34	25	4
1	34	30	10
1	34	35	7
1	34	40	5
1	34	45	2
1	34	50	3
1	34	60	4
1	34	65	1
1	34	70	2
1	34	75	3
1	34	80	1
1	34	85	5
1	34	90	18
1	35	20	3
1	35	25	4
1	35	30	11
1	35	35	14
1	35	40	1
1	35	45	3
1	35	50	6
1	35	55	3
1	35	60	2
1	35	65	4
1	35	70	4
1	35	75	2
1	35	80	2
1	35	85	2
1	35	90	37
1	36	20	5
1	36	25	9
1	36	30	13
1	36	35	7
1	36	40	5
1	36	45	7
1	36	50	2
1	36	55	4
1	36	60	4
1	36	65	3
1	36	70	3
1	36	75	5
1	36	80	3
1	36	85	4
1	36	90	47
1	37	20	6
1	37	25	6
1	37	30	10
1	37	35	7
1	37	40	4
1	37	45	5
1	37	50	1
1	37	55	6
1	37	60	5
1	37	65	5
1	37	70	4
1	37	75	4
1	37	80	6
1	37	85	5
1	37	90	39
1	38	20	9
1	38	25	7
1	38	30	13
1	38	35	16
1	38	40	8
1	38	45	2
1	38	50	2
1	38	55	4
1	38	60	5
1	38	65	3
1	38	70	3
1	38	75	5
1	38	80	2
1	38	85	4
1	38	90	41
1	39	20	3
1	39	25	11
1	39	30	6
1	39	35	14
1	39	40	7
1	39	45	10
1	39	50	3
1	39	55	4
1	39	60	1
1	39	65	3
1	39	70	2
1	39	75	1
1	39	80	3
1	39	85	2
1	39	90	49
1	40	20	7
1	40	25	6
1	40	30	11
1	40	35	15
1	40	40	11
1	40	45	8
1	40	50	8
1	40	55	5
1	40	60	5
1	40	65	1
1	40	70	2
1	40	75	6
1	40	80	5
1	40	85	5
1	40	90	43
1	41	20	5
1	41	25	8
1	41	30	13
1	41	35	15
1	41	40	6
1	41	45	2
1	41	50	4
1	41	55	2
1	41	60	2
1	41	65	2
1	41	70	3
1	41	75	5
1	41	80	3
1	41	85	2
1	41	90	32
1	42	20	4
1	42	25	7
1	42	30	11
1	42	35	7
1	42	40	4
1	42	45	7
1	42	50	2
1	42	55	1
1	42	60	5
1	42	65	3
1	42	70	4
1	42	75	6
1	42	80	3
1	42	85	4
1	42	90	33
1	43	20	3
1	43	25	4
1	43	30	11
1	43	35	8
1	43	40	4
1	43	45	5
1	43	50	4
1	43	55	4
1	43	60	4
1	43	65	3
1	43	70	2
1	43	75	3
1	43	80	4
1	43	85	1
1	43	90	37
1	44	20	2
1	44	25	5
1	44	30	13
1	44	35	7
1	44	40	5
1	44	45	5
1	44	50	1
1	44	55	1
1	44	60	3
1	44	65	4
1	44	70	6
1	44	75	2
1	44	85	3
1	44	90	36
1	45	20	5
1	45	25	11
1	45	30	9
1	45	35	3
1	45	40	3
1	45	45	4
1	45	55	2
1	45	60	2
1	45	65	5
1	45	70	3
1	45	75	2
1	45	85	2
1	45	90	22
1	46	20	5
1	46	25	1
1	46	30	7
1	46	35	5
1	46	40	1
1	46	45	3
1	46	50	2
1	46	55	1
1	46	60	2
1	46	65	3
1	46	70	3
1	46	75	1
1	46	80	1
1	46	85	1
1	46	90	28
1	47	20	1
1	47	25	4
1	47	30	3
1	47	35	11
1	47	40	3
1	47	45	4
1	47	50	3
1	47	55	4
1	47	60	4
1	47	70	3
1	47	75	1
1	47	80	3
1	47	85	7
1	47	90	20
1	48	20	4
1	48	25	3
1	48	30	5
1	48	35	8
1	48	40	7
1	48	45	4
1	48	50	2
1	48	55	1
1	48	60	3
1	48	65	2
1	48	70	1
1	48	75	1
1	48	85	2
1	48	90	11
1	49	20	2
1	49	25	4
1	49	30	4
1	49	35	4
1	49	40	4
1	49	45	3
1	49	50	2
1	49	55	2
1	49	60	4
1	49	70	2
1	49	75	2
1	49	80	1
1	49	85	2
1	49	90	18
1	50	20	3
1	50	25	5
1	50	30	11
1	50	35	5
1	50	40	4
1	50	45	2
1	50	55	2
1	50	65	2
1	50	70	2
1	50	75	2
1	50	85	2
1	50	90	14
1	51	20	2
1	51	25	3
1	51	30	9
1	51	35	6
1	51	40	3
1	51	45	3
1	51	50	1
1	51	60	2
1	51	65	1
1	51	70	3
1	51	80	1
1	51	85	1
1	51	90	14
1	52	25	3
1	52	30	7
1	52	35	7
1	52	40	3
1	52	45	1
1	52	50	1
1	52	60	1
1	52	65	3
1	52	70	1
1	52	80	2
1	52	90	10
1	53	20	2
1	53	30	3
1	53	35	2
1	53	40	2
1	53	50	1
1	53	55	1
1	53	65	1
1	53	70	1
1	53	75	1
1	53	80	1
1	53	85	1
1	53	90	9
1	54	25	2
1	54	30	5
1	54	35	1
1	54	40	1
1	54	45	1
1	54	50	2
1	54	55	1
1	54	60	1
1	54	65	2
1	54	70	1
1	54	75	2
1	54	85	1
1	54	90	6
1	55	25	3
1	55	30	4
1	55	35	4
1	55	40	3
1	55	45	1
1	55	70	1
1	55	75	1
1	55	85	1
1	55	90	6
1	56	20	2
1	56	25	2
1	56	30	5
1	56	35	1
1	56	40	2
1	56	80	1
1	56	85	1
1	56	90	10
1	57	20	1
1	57	25	1
1	57	30	2
1	57	35	4
1	57	40	1
1	57	60	1
1	57	65	1
1	57	75	1
1	57	80	2
1	57	90	7
1	58	20	2
1	58	25	3
1	58	30	6
1	58	35	1
1	58	40	2
1	58	45	1
1	58	50	2
1	58	65	1
1	58	70	1
1	58	90	2
1	59	20	2
1	59	25	1
1	59	30	3
1	59	35	2
1	59	40	1
1	59	80	2
1	59	85	1
1	59	90	6
1	60	20	1
1	60	30	3
1	60	35	1
1	60	45	2
1	60	50	1
1	60	55	2
1	60	85	1
1	60	90	5
1	61	25	2
1	61	30	1
1	61	35	1
1	61	40	1
1	61	55	2
1	61	80	1
1	61	90	8
1	62	25	4
1	62	30	1
1	62	35	3
1	62	40	1
1	62	50	3
1	62	65	2
1	62	70	1
1	62	90	4
1	63	25	1
1	63	30	4
1	63	55	1
1	63	65	1
1	63	70	1
1	63	90	5
1	64	20	1
1	64	25	1
1	64	35	1
1	64	40	2
1	64	80	2
1	64	90	3
1	65	45	1
1	65	90	1
1	66	20	1
1	66	25	2
1	66	30	1
1	66	65	1
1	67	25	2
1	67	35	2
1	67	40	1
1	67	55	1
1	67	70	1
1	67	90	3
1	68	35	1
1	68	40	1
1	68	60	1
1	68	75	1
1	68	80	1
1	68	90	1
1	69	20	2
1	69	25	1
1	69	30	1
1	69	50	1
1	69	80	1
1	70	20	2
1	70	30	1
1	70	55	1
1	70	90	3
1	71	20	1
1	71	90	1
1	73	40	1
1	75	90	1
2	26	25	1
2	26	30	1
2	27	30	1
2	28	40	1
2	29	35	2
2	29	40	1
2	29	90	2
2	30	20	2
2	30	25	2
2	30	35	1
2	30	40	4
2	30	45	1
2	30	60	1
2	30	65	1
2	30	70	1
2	30	75	1
2	30	90	2
2	31	20	2
2	31	25	2
2	31	30	5
2	31	35	3
2	31	45	3
2	31	50	1
2	31	55	2
2	31	80	2
2	31	90	6
2	32	20	1
2	32	25	2
2	32	30	8
2	32	35	5
2	32	40	6
2	32	45	7
2	32	50	6
2	32	55	5
2	32	60	2
2	32	65	1
2	32	70	2
2	32	75	3
2	32	85	1
2	32	90	13
2	33	20	3
2	33	25	2
2	33	30	8
2	33	35	10
2	33	40	6
2	33	45	5
2	33	50	3
2	33	55	3
2	33	60	2
2	33	65	1
2	33	70	2
2	33	75	2
2	33	80	1
2	33	85	3
2	33	90	9
2	34	20	3
2	34	25	5
2	34	30	9
2	34	35	10
2	34	40	4
2	34	45	4
2	34	50	3
2	34	55	5
2	34	60	4
2	34	65	3
2	34	70	3
2	34	75	1
2	34	80	2
2	34	85	2
2	34	90	12
2	35	20	6
2	35	25	9
2	35	30	16
2	35	35	20
2	35	40	6
2	35	45	13
2	35	50	5
2	35	55	5
2	35	65	3
2	35	70	3
2	35	75	4
2	35	80	7
2	35	85	2
2	35	90	21
2	36	20	6
2	36	25	17
2	36	30	11
2	36	35	9
2	36	40	13
2	36	45	6
2	36	50	9
2	36	55	5
2	36	60	7
2	36	65	2
2	36	70	3
2	36	75	5
2	36	80	5
2	36	85	5
2	36	90	31
2	37	20	17
2	37	25	6
2	37	30	9
2	37	35	19
2	37	40	11
2	37	45	6
2	37	50	7
2	37	55	7
2	37	60	5
2	37	65	4
2	37	70	6
2	37	75	4
2	37	80	2
2	37	85	7
2	37	90	30
2	38	20	13
2	38	25	12
2	38	30	11
2	38	35	22
2	38	40	13
2	38	45	8
2	38	50	10
2	38	55	10
2	38	60	8
2	38	65	2
2	38	70	7
2	38	75	4
2	38	80	5
2	38	85	5
2	38	90	47
2	39	20	13
2	39	25	14
2	39	30	21
2	39	35	28
2	39	40	11
2	39	45	16
2	39	50	9
2	39	55	5
2	39	60	11
2	39	65	4
2	39	70	6
2	39	75	2
2	39	80	5
2	39	85	6
2	39	90	36
2	40	20	10
2	40	25	18
2	40	30	22
2	40	35	26
2	40	40	14
2	40	45	13
2	40	50	9
2	40	55	5
2	40	60	6
2	40	65	3
2	40	70	5
2	40	75	5
2	40	80	4
2	40	85	10
2	40	90	45
2	41	20	12
2	41	25	13
2	41	30	19
2	41	35	27
2	41	40	12
2	41	45	10
2	41	50	3
2	41	55	7
2	41	60	4
2	41	65	2
2	41	70	2
2	41	75	4
2	41	80	5
2	41	85	6
2	41	90	42
2	42	20	11
2	42	25	11
2	42	30	13
2	42	35	23
2	42	40	7
2	42	45	7
2	42	50	10
2	42	55	1
2	42	60	6
2	42	65	3
2	42	70	6
2	42	75	2
2	42	80	1
2	42	85	6
2	42	90	41
2	43	20	9
2	43	25	3
2	43	30	18
2	43	35	21
2	43	40	16
2	43	45	8
2	43	50	6
2	43	55	8
2	43	60	5
2	43	65	5
2	43	70	5
2	43	75	7
2	43	80	6
2	43	85	10
2	43	90	30
2	44	20	14
2	44	25	2
2	44	30	20
2	44	35	26
2	44	40	8
2	44	45	9
2	44	50	4
2	44	55	3
2	44	60	4
2	44	65	4
2	44	70	1
2	44	75	2
2	44	80	3
2	44	85	8
2	44	90	27
2	45	20	11
2	45	25	7
2	45	30	7
2	45	35	20
2	45	40	11
2	45	45	12
2	45	50	5
2	45	55	3
2	45	60	9
2	45	65	3
2	45	70	6
2	45	75	3
2	45	80	3
2	45	85	2
2	45	90	20
2	46	20	8
2	46	25	6
2	46	30	6
2	46	35	16
2	46	40	11
2	46	45	4
2	46	50	5
2	46	55	4
2	46	60	2
2	46	65	1
2	46	70	2
2	46	75	5
2	46	80	2
2	46	85	2
2	46	90	25
2	47	20	9
2	47	25	5
2	47	30	14
2	47	35	24
2	47	40	9
2	47	45	8
2	47	50	9
2	47	55	1
2	47	60	3
2	47	65	1
2	47	70	4
2	47	75	4
2	47	80	2
2	47	85	4
2	47	90	31
2	48	20	6
2	48	25	9
2	48	30	11
2	48	35	19
2	48	40	14
2	48	45	7
2	48	50	7
2	48	55	3
2	48	60	1
2	48	65	4
2	48	70	2
2	48	75	3
2	48	80	2
2	48	85	2
2	48	90	16
2	49	20	5
2	49	25	14
2	49	30	7
2	49	35	12
2	49	40	6
2	49	45	2
2	49	50	3
2	49	55	3
2	49	60	2
2	49	65	1
2	49	70	4
2	49	75	1
2	49	80	1
2	49	85	2
2	49	90	14
2	50	20	1
2	50	25	4
2	50	30	14
2	50	35	6
2	50	40	8
2	50	45	4
2	50	50	3
2	50	55	9
2	50	60	1
2	50	70	2
2	50	75	3
2	50	85	1
2	50	90	12
2	51	20	6
2	51	25	6
2	51	30	9
2	51	35	11
2	51	40	12
2	51	45	5
2	51	50	8
2	51	55	4
2	51	60	2
2	51	65	2
2	51	70	4
2	51	75	3
2	51	80	2
2	51	85	2
2	51	90	11
2	52	20	1
2	52	25	3
2	52	30	7
2	52	35	8
2	52	40	6
2	52	45	1
2	52	50	3
2	52	60	3
2	52	65	1
2	52	70	3
2	52	75	2
2	52	80	1
2	52	85	1
2	52	90	9
2	53	20	1
2	53	25	5
2	53	30	4
2	53	35	10
2	53	40	9
2	53	45	2
2	53	50	1
2	53	55	2
2	53	65	1
2	53	70	3
2	53	75	3
2	53	80	2
2	53	85	1
2	53	90	11
2	54	20	2
2	54	25	1
2	54	30	7
2	54	35	6
2	54	45	7
2	54	50	2
2	54	55	2
2	54	60	2
2	54	80	1
2	54	85	1
2	54	90	6
2	55	20	3
2	55	25	2
2	55	30	2
2	55	35	6
2	55	40	1
2	55	45	1
2	55	50	3
2	55	55	1
2	55	60	2
2	55	65	2
2	55	70	1
2	55	75	2
2	55	80	1
2	55	85	2
2	56	20	1
2	56	25	4
2	56	30	4
2	56	35	4
2	56	40	6
2	56	45	2
2	56	50	1
2	56	60	2
2	56	70	1
2	56	80	1
2	56	90	4
2	57	20	1
2	57	25	1
2	57	30	3
2	57	35	7
2	57	40	6
2	57	45	1
2	57	50	1
2	57	70	1
2	57	75	1
2	57	85	2
2	57	90	6
2	58	20	2
2	58	25	2
2	58	30	5
2	58	35	4
2	58	45	2
2	58	50	3
2	58	60	2
2	58	65	2
2	58	70	1
2	58	75	2
2	58	80	2
2	58	90	3
2	59	20	3
2	59	25	2
2	59	30	2
2	59	35	3
2	59	40	1
2	59	50	3
2	59	60	1
2	59	75	1
2	59	90	9
2	60	20	1
2	60	25	3
2	60	35	4
2	60	40	1
2	60	45	1
2	60	50	1
2	60	55	3
2	60	60	1
2	60	75	1
2	60	90	4
2	61	25	1
2	61	30	6
2	61	35	1
2	61	40	1
2	61	45	1
2	61	90	2
2	62	20	1
2	62	30	1
2	62	35	4
2	62	60	1
2	62	65	1
2	62	80	2
2	62	90	2
2	63	20	2
2	63	25	1
2	63	30	1
2	63	65	1
2	63	70	2
2	63	90	2
2	64	20	1
2	64	30	2
2	64	40	1
2	64	45	1
2	64	60	1
2	65	20	1
2	65	40	1
2	66	20	1
2	66	25	1
2	66	30	2
2	66	35	1
2	66	85	1
2	66	90	1
2	67	20	1
2	67	30	2
2	67	45	1
2	67	80	1
2	68	25	1
2	68	35	1
2	68	90	2
2	70	40	1
2	71	90	1
3	27	50	1
3	28	30	1
3	28	35	1
3	28	50	1
3	28	55	1
3	28	90	1
3	29	30	1
3	29	35	1
3	29	90	1
3	30	20	1
3	30	25	3
3	30	30	2
3	30	40	3
3	30	60	1
3	30	70	1
3	30	90	1
3	31	20	1
3	31	25	2
3	31	30	1
3	31	40	3
3	31	55	2
3	31	75	1
3	31	85	2
3	31	90	4
3	32	20	3
3	32	25	2
3	32	30	4
3	32	35	2
3	32	40	3
3	32	45	3
3	32	50	1
3	32	55	2
3	32	60	1
3	32	65	1
3	32	70	3
3	32	75	1
3	32	80	1
3	32	85	3
3	32	90	7
3	33	20	3
3	33	25	5
3	33	30	5
3	33	35	4
3	33	40	4
3	33	45	4
3	33	50	4
3	33	60	2
3	33	65	2
3	33	70	1
3	33	75	1
3	33	80	1
3	33	85	1
3	33	90	10
3	34	20	11
3	34	25	8
3	34	30	6
3	34	35	12
3	34	40	12
3	34	45	4
3	34	50	6
3	34	55	3
3	34	60	1
3	34	65	5
3	34	70	3
3	34	75	1
3	34	80	1
3	34	85	1
3	34	90	15
3	35	20	10
3	35	25	12
3	35	30	8
3	35	35	14
3	35	40	7
3	35	45	4
3	35	50	3
3	35	55	6
3	35	60	9
3	35	70	4
3	35	75	4
3	35	80	2
3	35	85	2
3	35	90	16
3	36	20	13
3	36	25	9
3	36	30	13
3	36	35	22
3	36	40	18
3	36	45	13
3	36	50	4
3	36	55	3
3	36	60	12
3	36	65	5
3	36	70	5
3	36	75	4
3	36	80	5
3	36	85	9
3	36	90	29
3	37	20	19
3	37	25	14
3	37	30	21
3	37	35	28
3	37	40	21
3	37	45	7
3	37	50	9
3	37	55	10
3	37	60	4
3	37	65	6
3	37	70	3
3	37	75	2
3	37	80	3
3	37	85	5
3	37	90	38
3	38	20	14
3	38	25	16
3	38	30	21
3	38	35	39
3	38	40	22
3	38	45	12
3	38	50	15
3	38	55	14
3	38	60	7
3	38	65	6
3	38	70	3
3	38	75	6
3	38	80	1
3	38	85	4
3	38	90	47
3	39	20	13
3	39	25	25
3	39	30	26
3	39	35	31
3	39	40	26
3	39	45	22
3	39	50	11
3	39	55	8
3	39	60	5
3	39	65	6
3	39	70	6
3	39	75	5
3	39	80	5
3	39	85	5
3	39	90	47
3	40	20	22
3	40	25	25
3	40	30	22
3	40	35	36
3	40	40	31
3	40	45	14
3	40	50	9
3	40	55	7
3	40	60	15
3	40	65	5
3	40	70	5
3	40	75	8
3	40	80	8
3	40	85	3
3	40	90	48
3	41	20	20
3	41	25	25
3	41	30	27
3	41	35	37
3	41	40	20
3	41	45	22
3	41	50	13
3	41	55	6
3	41	60	7
3	41	65	5
3	41	70	7
3	41	75	4
3	41	80	9
3	41	85	3
3	41	90	41
3	42	20	26
3	42	25	31
3	42	30	21
3	42	35	41
3	42	40	19
3	42	45	13
3	42	50	17
3	42	55	16
3	42	60	13
3	42	65	7
3	42	70	9
3	42	75	11
3	42	80	6
3	42	85	7
3	42	90	41
3	43	20	17
3	43	25	22
3	43	30	16
3	43	35	30
3	43	40	31
3	43	45	14
3	43	50	9
3	43	55	7
3	43	60	6
3	43	65	6
3	43	70	8
3	43	75	5
3	43	80	7
3	43	85	5
3	43	90	36
3	44	20	7
3	44	25	32
3	44	30	28
3	44	35	24
3	44	40	21
3	44	45	10
3	44	50	9
3	44	55	6
3	44	60	8
3	44	65	4
3	44	70	4
3	44	75	4
3	44	80	7
3	44	85	9
3	44	90	39
3	45	20	29
3	45	25	19
3	45	30	23
3	45	35	26
3	45	40	25
3	45	45	6
3	45	50	8
3	45	55	7
3	45	60	7
3	45	65	5
3	45	70	3
3	45	75	8
3	45	80	2
3	45	85	5
3	45	90	27
3	46	20	7
3	46	25	22
3	46	30	20
3	46	35	16
3	46	40	18
3	46	45	11
3	46	50	8
3	46	55	3
3	46	60	4
3	46	65	3
3	46	70	5
3	46	75	3
3	46	80	5
3	46	85	3
3	46	90	24
3	47	20	15
3	47	25	12
3	47	30	11
3	47	35	13
3	47	40	14
3	47	45	13
3	47	50	6
3	47	55	4
3	47	60	7
3	47	65	3
3	47	70	4
3	47	75	1
3	47	80	2
3	47	85	7
3	47	90	15
3	48	20	10
3	48	25	9
3	48	30	11
3	48	35	18
3	48	40	9
3	48	45	6
3	48	55	5
3	48	60	4
3	48	70	2
3	48	75	5
3	48	80	2
3	48	85	6
3	48	90	20
3	49	20	11
3	49	25	9
3	49	30	10
3	49	35	16
3	49	40	17
3	49	45	2
3	49	50	2
3	49	60	1
3	49	65	4
3	49	70	3
3	49	75	1
3	49	80	4
3	49	90	10
3	50	20	7
3	50	25	7
3	50	30	12
3	50	35	15
3	50	40	10
3	50	45	2
3	50	50	4
3	50	55	4
3	50	60	2
3	50	65	5
3	50	70	2
3	50	75	3
3	50	80	1
3	50	85	3
3	50	90	15
3	51	20	8
3	51	25	5
3	51	30	12
3	51	35	10
3	51	40	5
3	51	45	6
3	51	50	3
3	51	55	6
3	51	60	5
3	51	65	2
3	51	70	1
3	51	75	4
3	51	80	1
3	51	85	1
3	51	90	8
3	52	20	2
3	52	25	5
3	52	30	11
3	52	35	8
3	52	40	8
3	52	45	3
3	52	50	1
3	52	55	3
3	52	60	1
3	52	65	1
3	52	70	3
3	52	80	1
3	52	85	1
3	52	90	10
3	53	20	4
3	53	25	5
3	53	30	7
3	53	35	10
3	53	40	11
3	53	45	1
3	53	50	2
3	53	55	5
3	53	60	1
3	53	65	1
3	53	70	1
3	53	80	2
3	53	85	1
3	53	90	11
3	54	20	4
3	54	25	5
3	54	30	8
3	54	35	3
3	54	40	3
3	54	45	5
3	54	50	2
3	54	55	1
3	54	65	1
3	54	70	1
3	54	80	1
3	54	90	7
3	55	20	5
3	55	25	1
3	55	30	2
3	55	35	5
3	55	40	3
3	55	45	7
3	55	50	1
3	55	55	3
3	55	60	1
3	55	70	1
3	55	75	1
3	55	90	6
3	56	20	4
3	56	25	2
3	56	30	3
3	56	35	2
3	56	40	2
3	56	50	1
3	56	55	1
3	56	60	2
3	56	85	2
3	56	90	1
3	57	20	2
3	57	25	2
3	57	30	1
3	57	35	2
3	57	45	2
3	57	55	2
3	57	60	1
3	57	65	1
3	57	70	1
3	57	90	1
3	58	20	1
3	58	25	4
3	58	35	5
3	58	45	1
3	58	50	1
3	58	55	2
3	58	60	1
3	58	70	3
3	58	90	4
3	59	25	3
3	59	30	1
3	59	35	4
3	59	40	1
3	59	45	1
3	59	60	1
3	59	65	1
3	60	20	3
3	60	30	2
3	60	35	3
3	60	40	3
3	60	50	3
3	60	55	2
3	60	60	1
3	60	65	2
3	60	70	2
3	60	80	1
3	60	85	1
3	61	20	3
3	61	25	4
3	61	30	2
3	61	40	1
3	61	55	1
3	61	60	2
3	61	80	1
3	61	85	1
3	62	20	1
3	62	25	2
3	62	30	1
3	62	35	1
3	62	40	1
3	62	60	1
3	62	65	1
3	62	80	1
3	62	90	2
3	63	20	1
3	63	25	1
3	63	30	2
3	63	55	1
3	63	70	1
3	63	80	1
3	63	90	4
3	64	25	1
3	64	30	1
3	64	35	2
3	64	40	1
3	64	80	1
3	64	85	1
3	65	20	1
3	65	35	1
3	65	55	1
3	65	70	1
3	65	80	1
3	66	20	1
3	66	35	1
3	66	45	1
3	66	50	1
3	66	85	1
3	67	35	1
3	67	45	1
3	67	60	1
3	68	20	2
4	28	80	1
4	30	20	2
4	30	55	1
4	30	65	1
4	30	90	1
4	31	20	2
4	31	25	1
4	31	30	2
4	31	35	2
4	31	40	3
4	31	55	1
4	31	60	1
4	31	75	1
4	31	90	1
4	32	20	1
4	32	25	4
4	32	30	2
4	32	35	2
4	32	40	3
4	32	45	2
4	32	50	1
4	32	55	1
4	32	60	1
4	32	65	2
4	32	80	3
4	32	85	2
4	32	90	3
4	33	20	4
4	33	25	5
4	33	30	3
4	33	35	9
4	33	40	7
4	33	45	3
4	33	50	3
4	33	55	1
4	33	60	2
4	33	65	4
4	33	85	1
4	33	90	7
4	34	20	2
4	34	25	6
4	34	30	9
4	34	35	11
4	34	40	9
4	34	45	5
4	34	50	2
4	34	55	3
4	34	60	1
4	34	65	1
4	34	70	2
4	34	80	1
4	34	85	2
4	34	90	6
4	35	20	9
4	35	25	6
4	35	30	9
4	35	35	17
4	35	40	9
4	35	45	7
4	35	50	8
4	35	55	2
4	35	60	3
4	35	65	4
4	35	70	3
4	35	75	1
4	35	80	2
4	35	85	4
4	35	90	6
4	36	20	16
4	36	25	18
4	36	30	27
4	36	35	27
4	36	40	15
4	36	45	8
4	36	50	10
4	36	55	7
4	36	60	7
4	36	65	5
4	36	70	3
4	36	75	2
4	36	80	5
4	36	85	2
4	36	90	18
4	37	20	14
4	37	25	27
4	37	30	21
4	37	35	31
4	37	40	22
4	37	45	5
4	37	50	11
4	37	55	6
4	37	60	14
4	37	65	5
4	37	70	10
4	37	75	3
4	37	80	5
4	37	85	10
4	37	90	28
4	38	20	14
4	38	25	25
4	38	30	27
4	38	35	32
4	38	40	31
4	38	45	15
4	38	50	17
4	38	55	8
4	38	60	9
4	38	65	7
4	38	70	6
4	38	75	5
4	38	80	3
4	38	85	4
4	38	90	31
4	39	20	25
4	39	25	27
4	39	30	20
4	39	35	38
4	39	40	32
4	39	45	23
4	39	50	9
4	39	55	9
4	39	60	16
4	39	65	9
4	39	70	8
4	39	75	8
4	39	80	9
4	39	85	7
4	39	90	40
4	40	20	29
4	40	25	17
4	40	30	26
4	40	35	37
4	40	40	32
4	40	45	23
4	40	50	11
4	40	55	10
4	40	60	18
4	40	65	9
4	40	70	7
4	40	75	7
4	40	80	10
4	40	85	8
4	40	90	31
4	41	20	26
4	41	25	27
4	41	30	26
4	41	35	40
4	41	40	24
4	41	45	14
4	41	50	12
4	41	55	11
4	41	60	15
4	41	65	9
4	41	70	9
4	41	75	4
4	41	80	6
4	41	85	5
4	41	90	42
4	42	20	30
4	42	25	21
4	42	30	28
4	42	35	40
4	42	40	28
4	42	45	20
4	42	50	12
4	42	55	12
4	42	60	9
4	42	65	12
4	42	70	6
4	42	75	8
4	42	80	9
4	42	85	6
4	42	90	39
4	43	20	27
4	43	25	27
4	43	30	29
4	43	35	34
4	43	40	34
4	43	45	18
4	43	50	18
4	43	55	11
4	43	60	8
4	43	65	8
4	43	70	7
4	43	75	7
4	43	80	4
4	43	85	10
4	43	90	40
4	44	20	28
4	44	25	23
4	44	30	32
4	44	35	30
4	44	40	35
4	44	45	25
4	44	50	13
4	44	55	13
4	44	60	8
4	44	65	7
4	44	70	5
4	44	75	6
4	44	80	6
4	44	85	9
4	44	90	24
4	45	20	17
4	45	25	10
4	45	30	22
4	45	35	32
4	45	40	25
4	45	45	13
4	45	50	7
4	45	55	9
4	45	60	8
4	45	65	9
4	45	70	4
4	45	75	7
4	45	80	5
4	45	85	8
4	45	90	22
4	46	20	7
4	46	25	15
4	46	30	22
4	46	35	18
4	46	40	24
4	46	45	18
4	46	50	9
4	46	55	8
4	46	60	4
4	46	65	5
4	46	70	6
4	46	75	6
4	46	80	4
4	46	85	5
4	46	90	20
4	47	20	17
4	47	25	20
4	47	30	14
4	47	35	18
4	47	40	14
4	47	45	8
4	47	50	6
4	47	55	6
4	47	60	4
4	47	65	1
4	47	70	8
4	47	75	2
4	47	80	1
4	47	85	4
4	47	90	20
4	48	20	12
4	48	25	9
4	48	30	12
4	48	35	16
4	48	40	10
4	48	45	9
4	48	50	6
4	48	55	4
4	48	60	5
4	48	65	1
4	48	70	5
4	48	80	1
4	48	85	3
4	48	90	11
4	49	20	14
4	49	25	5
4	49	30	8
4	49	35	16
4	49	40	14
4	49	45	9
4	49	50	4
4	49	55	3
4	49	60	3
4	49	65	1
4	49	70	3
4	49	75	3
4	49	85	1
4	49	90	10
4	50	20	8
4	50	25	9
4	50	30	8
4	50	35	9
4	50	40	13
4	50	45	6
4	50	50	5
4	50	55	3
4	50	60	4
4	50	65	1
4	50	70	2
4	50	75	1
4	50	80	3
4	50	85	1
4	50	90	6
4	51	20	9
4	51	25	6
4	51	30	3
4	51	35	13
4	51	40	13
4	51	45	7
4	51	50	3
4	51	55	2
4	51	65	2
4	51	70	2
4	51	75	2
4	51	80	3
4	51	85	1
4	51	90	11
4	52	20	6
4	52	25	11
4	52	30	8
4	52	35	8
4	52	40	10
4	52	45	7
4	52	50	4
4	52	55	3
4	52	60	3
4	52	65	1
4	52	70	1
4	52	75	1
4	52	80	5
4	52	85	4
4	52	90	8
4	53	20	4
4	53	25	2
4	53	30	8
4	53	35	8
4	53	40	12
4	53	45	1
4	53	50	3
4	53	55	2
4	53	60	2
4	53	65	2
4	53	70	1
4	53	75	2
4	53	80	2
4	53	85	1
4	53	90	3
4	54	25	4
4	54	30	6
4	54	35	6
4	54	40	6
4	54	45	2
4	54	60	1
4	54	75	1
4	54	85	1
4	54	90	5
4	55	20	4
4	55	25	1
4	55	30	6
4	55	35	3
4	55	40	3
4	55	45	2
4	55	50	1
4	55	60	3
4	55	65	1
4	55	70	1
4	55	90	5
4	56	30	2
4	56	35	2
4	56	40	2
4	56	45	2
4	56	50	2
4	56	65	2
4	56	80	1
4	56	85	1
4	56	90	1
4	57	20	3
4	57	25	3
4	57	30	7
4	57	35	1
4	57	40	3
4	57	45	3
4	57	50	1
4	57	55	1
4	57	60	1
4	57	70	1
4	58	25	2
4	58	30	3
4	58	35	2
4	58	40	7
4	58	55	1
4	58	70	1
4	58	80	1
4	59	20	1
4	59	25	3
4	59	30	4
4	59	35	3
4	59	45	1
4	59	50	1
4	59	55	1
4	59	70	1
4	60	20	2
4	60	25	1
4	60	30	2
4	60	35	1
4	60	40	1
4	60	45	1
4	60	85	1
4	60	90	1
4	61	20	2
4	61	25	4
4	61	30	1
4	61	35	6
4	61	40	2
4	61	55	2
4	61	60	1
4	61	70	1
4	61	85	2
4	61	90	1
4	62	20	2
4	62	25	2
4	62	30	4
4	62	35	1
4	62	40	2
4	62	60	1
4	62	65	2
4	62	70	1
4	62	85	1
4	62	90	2
4	63	20	1
4	63	25	2
4	63	30	1
4	63	35	5
4	63	40	1
4	63	45	1
4	63	50	1
4	63	65	1
4	63	70	1
4	63	90	2
4	64	20	3
4	64	25	1
4	64	35	4
4	64	50	2
4	64	90	2
4	65	25	1
4	65	30	1
4	65	90	1
4	67	40	1
5	30	40	2
5	30	50	1
5	30	55	1
5	30	90	1
5	31	25	1
5	31	40	1
5	31	85	1
5	31	90	1
5	32	20	3
5	32	25	1
5	32	30	3
5	32	35	4
5	32	40	2
5	32	45	3
5	32	55	1
5	32	60	1
5	32	65	1
5	32	80	1
5	32	90	1
5	33	20	2
5	33	25	2
5	33	30	6
5	33	35	3
5	33	40	3
5	33	45	2
5	33	50	3
5	33	55	1
5	33	60	2
5	33	65	1
5	33	70	2
5	33	75	1
5	33	85	1
5	33	90	4
5	34	20	4
5	34	25	6
5	34	30	6
5	34	35	7
5	34	40	7
5	34	45	3
5	34	50	3
5	34	55	3
5	34	60	2
5	34	65	2
5	34	70	2
5	34	75	2
5	34	80	5
5	34	85	3
5	34	90	5
5	35	20	8
5	35	25	9
5	35	30	8
5	35	35	15
5	35	40	19
5	35	45	7
5	35	50	5
5	35	55	2
5	35	60	3
5	35	65	1
5	35	70	2
5	35	75	1
5	35	80	2
5	35	90	8
5	36	20	8
5	36	25	14
5	36	30	11
5	36	35	20
5	36	40	19
5	36	45	11
5	36	50	10
5	36	55	11
5	36	60	8
5	36	65	5
5	36	70	5
5	36	75	5
5	36	80	4
5	36	85	1
5	36	90	11
5	37	20	14
5	37	25	13
5	37	30	30
5	37	35	23
5	37	40	18
5	37	45	14
5	37	50	8
5	37	55	14
5	37	60	11
5	37	65	7
5	37	70	8
5	37	75	5
5	37	80	2
5	37	85	3
5	37	90	14
5	38	20	26
5	38	25	20
5	38	30	20
5	38	35	35
5	38	40	29
5	38	45	22
5	38	50	10
5	38	55	5
5	38	60	7
5	38	65	8
5	38	70	4
5	38	75	8
5	38	80	5
5	38	85	7
5	38	90	21
5	39	20	33
5	39	25	30
5	39	30	28
5	39	35	28
5	39	40	44
5	39	45	22
5	39	50	13
5	39	55	13
5	39	60	8
5	39	65	9
5	39	70	6
5	39	75	3
5	39	80	3
5	39	85	4
5	39	90	21
5	40	20	25
5	40	25	24
5	40	30	39
5	40	35	32
5	40	40	26
5	40	45	26
5	40	50	14
5	40	55	13
5	40	60	17
5	40	65	8
5	40	70	5
5	40	75	3
5	40	80	2
5	40	85	7
5	40	90	23
5	41	20	32
5	41	25	23
5	41	30	25
5	41	35	30
5	41	40	45
5	41	45	19
5	41	50	16
5	41	55	8
5	41	60	11
5	41	65	8
5	41	70	6
5	41	75	12
5	41	80	10
5	41	85	5
5	41	90	24
5	42	20	26
5	42	25	37
5	42	30	34
5	42	35	34
5	42	40	39
5	42	45	13
5	42	50	18
5	42	55	9
5	42	60	9
5	42	65	5
5	42	70	8
5	42	75	10
5	42	80	8
5	42	85	6
5	42	90	21
5	43	20	19
5	43	25	31
5	43	30	26
5	43	35	36
5	43	40	30
5	43	45	24
5	43	50	15
5	43	55	14
5	43	60	5
5	43	65	15
5	43	70	10
5	43	75	3
5	43	80	8
5	43	85	8
5	43	90	20
5	44	20	20
5	44	25	23
5	44	30	18
5	44	35	39
5	44	40	30
5	44	45	27
5	44	50	7
5	44	55	7
5	44	60	5
5	44	65	8
5	44	70	4
5	44	75	4
5	44	80	4
5	44	85	9
5	44	90	19
5	45	20	20
5	45	25	21
5	45	30	33
5	45	35	28
5	45	40	26
5	45	45	24
5	45	50	16
5	45	55	6
5	45	60	6
5	45	65	3
5	45	70	8
5	45	75	5
5	45	80	4
5	45	85	4
5	45	90	16
5	46	20	18
5	46	25	13
5	46	30	20
5	46	35	28
5	46	40	25
5	46	45	12
5	46	50	8
5	46	55	5
5	46	60	2
5	46	65	7
5	46	70	5
5	46	75	1
5	46	80	2
5	46	85	3
5	46	90	10
5	47	20	11
5	47	25	13
5	47	30	21
5	47	35	24
5	47	40	18
5	47	45	6
5	47	50	6
5	47	55	5
5	47	60	9
5	47	65	4
5	47	70	4
5	47	80	1
5	47	85	5
5	47	90	14
5	48	20	15
5	48	25	15
5	48	30	17
5	48	35	19
5	48	40	13
5	48	45	4
5	48	50	3
5	48	55	7
5	48	60	5
5	48	65	3
5	48	70	1
5	48	80	2
5	48	85	2
5	48	90	8
5	49	20	11
5	49	25	12
5	49	30	14
5	49	35	16
5	49	40	14
5	49	45	5
5	49	50	4
5	49	55	2
5	49	60	2
5	49	65	2
5	49	70	2
5	49	75	4
5	49	80	3
5	49	85	3
5	49	90	4
5	50	20	7
5	50	25	8
5	50	30	13
5	50	35	12
5	50	40	20
5	50	45	5
5	50	50	6
5	50	55	5
5	50	60	5
5	50	65	3
5	50	70	1
5	50	75	2
5	50	80	3
5	50	85	2
5	50	90	6
5	51	20	6
5	51	25	9
5	51	30	7
5	51	35	15
5	51	40	8
5	51	45	3
5	51	50	3
5	51	55	2
5	51	60	3
5	51	65	4
5	51	70	2
5	51	85	3
5	51	90	5
5	52	20	5
5	52	25	4
5	52	30	8
5	52	35	9
5	52	40	9
5	52	45	3
5	52	50	2
5	52	55	1
5	52	60	1
5	52	65	2
5	52	70	2
5	52	75	2
5	52	80	1
5	52	85	1
5	52	90	6
5	53	20	2
5	53	25	4
5	53	30	5
5	53	35	8
5	53	40	5
5	53	45	5
5	53	50	1
5	53	55	1
5	53	60	2
5	53	85	2
5	53	90	2
5	54	20	3
5	54	25	4
5	54	30	8
5	54	35	5
5	54	40	7
5	54	45	2
5	54	50	3
5	54	55	1
5	54	75	1
5	54	90	1
5	55	20	2
5	55	35	3
5	55	40	3
5	55	45	1
5	55	50	1
5	55	55	1
5	55	65	1
5	56	20	1
5	56	25	2
5	56	30	1
5	56	35	2
5	56	40	1
5	56	60	1
5	56	90	1
5	57	20	2
5	57	25	5
5	57	30	2
5	57	35	2
5	58	20	2
5	58	25	1
5	58	35	1
5	58	45	2
5	58	55	1
5	58	85	1
5	59	20	2
5	59	25	3
5	59	30	1
5	59	35	1
5	59	40	2
5	59	45	2
5	59	50	1
5	59	85	1
5	60	20	3
5	60	25	1
5	60	30	4
5	60	40	4
5	60	50	2
5	60	60	1
5	60	80	1
5	61	20	2
5	61	25	3
5	61	30	2
5	61	35	2
5	61	40	3
5	61	65	1
5	61	70	1
5	61	80	1
5	62	20	1
5	62	25	2
5	62	30	3
5	62	35	2
5	62	40	4
5	62	45	1
5	62	85	1
5	63	20	1
5	63	25	1
5	63	30	2
5	63	35	1
5	63	40	1
5	63	50	1
5	63	55	1
5	63	80	1
5	64	20	1
5	64	45	1
5	64	50	1
5	64	55	1
5	65	30	1
5	65	90	1
5	66	35	1
6	26	55	1
6	28	30	1
6	29	55	1
6	30	45	2
6	30	65	1
6	30	70	1
6	31	30	1
6	31	35	1
6	31	45	2
6	31	50	3
6	32	20	1
6	32	25	2
6	32	30	6
6	32	35	3
6	32	40	1
6	32	45	2
6	32	60	2
6	32	70	1
6	32	80	1
6	33	20	2
6	33	25	1
6	33	30	4
6	33	35	4
6	33	45	2
6	33	55	2
6	33	80	1
6	33	85	1
6	33	90	1
6	34	20	2
6	34	25	4
6	34	30	3
6	34	35	5
6	34	40	7
6	34	45	2
6	34	50	7
6	34	55	2
6	34	60	1
6	34	65	1
6	34	70	1
6	34	80	1
6	34	85	1
6	34	90	4
6	35	20	6
6	35	25	8
6	35	30	7
6	35	35	13
6	35	40	20
6	35	45	2
6	35	50	4
6	35	55	1
6	35	60	2
6	35	65	2
6	35	70	2
6	35	75	1
6	35	85	2
6	35	90	4
6	36	20	9
6	36	25	10
6	36	30	10
6	36	35	21
6	36	40	11
6	36	45	5
6	36	50	8
6	36	55	3
6	36	60	5
6	36	65	3
6	36	70	4
6	36	75	3
6	36	80	3
6	36	85	1
6	36	90	3
6	37	20	17
6	37	25	17
6	37	30	19
6	37	35	28
6	37	40	25
6	37	45	13
6	37	50	10
6	37	55	8
6	37	60	13
6	37	65	6
6	37	70	4
6	37	75	2
6	37	80	2
6	37	85	1
6	37	90	8
6	38	20	18
6	38	25	22
6	38	30	20
6	38	35	25
6	38	40	33
6	38	45	14
6	38	50	9
6	38	55	2
6	38	60	7
6	38	65	5
6	38	70	3
6	38	75	4
6	38	80	3
6	38	85	4
6	38	90	8
6	39	20	33
6	39	25	37
6	39	30	25
6	39	35	49
6	39	40	28
6	39	45	25
6	39	50	12
6	39	55	7
6	39	60	7
6	39	65	3
6	39	70	5
6	39	75	7
6	39	80	3
6	39	85	5
6	39	90	10
6	40	20	21
6	40	25	27
6	40	30	28
6	40	35	43
6	40	40	51
6	40	45	15
6	40	50	12
6	40	55	17
6	40	60	6
6	40	65	13
6	40	70	6
6	40	75	5
6	40	80	11
6	40	85	5
6	40	90	8
6	41	20	28
6	41	25	29
6	41	30	29
6	41	35	44
6	41	40	57
6	41	45	15
6	41	50	13
6	41	55	7
6	41	60	5
6	41	65	7
6	41	70	12
6	41	75	2
6	41	80	5
6	41	85	9
6	41	90	21
6	42	20	25
6	42	25	28
6	42	30	27
6	42	35	51
6	42	40	27
6	42	45	21
6	42	50	8
6	42	55	9
6	42	60	10
6	42	65	11
6	42	70	10
6	42	75	3
6	42	80	5
6	42	85	6
6	42	90	12
6	43	20	33
6	43	25	18
6	43	30	29
6	43	35	35
6	43	40	51
6	43	45	31
6	43	50	13
6	43	55	10
6	43	60	8
6	43	65	6
6	43	70	9
6	43	75	5
6	43	80	6
6	43	90	20
6	44	20	22
6	44	25	26
6	44	30	29
6	44	35	41
6	44	40	28
6	44	45	17
6	44	50	10
6	44	55	7
6	44	60	12
6	44	65	7
6	44	70	3
6	44	75	7
6	44	80	4
6	44	85	5
6	44	90	10
6	45	20	18
6	45	25	22
6	45	30	21
6	45	35	41
6	45	40	35
6	45	45	13
6	45	50	12
6	45	55	10
6	45	60	4
6	45	65	7
6	45	70	4
6	45	75	2
6	45	80	2
6	45	85	3
6	45	90	5
6	46	20	16
6	46	25	20
6	46	30	20
6	46	35	19
6	46	40	20
6	46	45	14
6	46	50	10
6	46	55	5
6	46	60	5
6	46	65	3
6	46	70	3
6	46	75	3
6	46	80	4
6	46	85	4
6	46	90	5
6	47	20	14
6	47	25	21
6	47	30	19
6	47	35	23
6	47	40	12
6	47	45	10
6	47	50	8
6	47	55	5
6	47	60	4
6	47	65	3
6	47	70	6
6	47	75	3
6	47	80	2
6	47	85	2
6	47	90	4
6	48	20	4
6	48	25	15
6	48	30	17
6	48	35	20
6	48	40	18
6	48	45	7
6	48	50	7
6	48	55	7
6	48	60	5
6	48	65	4
6	48	70	2
6	48	75	4
6	48	80	3
6	48	85	1
6	48	90	4
6	49	20	9
6	49	25	8
6	49	30	14
6	49	35	15
6	49	40	14
6	49	45	8
6	49	50	5
6	49	55	3
6	49	60	4
6	49	65	1
6	49	75	4
6	49	80	1
6	49	90	4
6	50	20	11
6	50	25	16
6	50	30	13
6	50	35	11
6	50	40	15
6	50	45	11
6	50	50	2
6	50	55	2
6	50	60	4
6	50	65	3
6	50	90	3
6	51	20	6
6	51	25	14
6	51	30	8
6	51	35	9
6	51	40	12
6	51	45	5
6	51	50	1
6	51	55	5
6	51	60	2
6	51	65	2
6	51	70	2
6	51	75	1
6	51	85	1
6	51	90	2
6	52	20	12
6	52	25	7
6	52	30	7
6	52	35	10
6	52	40	12
6	52	45	4
6	52	55	1
6	52	60	3
6	52	65	2
6	52	85	2
6	52	90	1
6	53	20	8
6	53	25	4
6	53	30	4
6	53	35	4
6	53	40	3
6	53	45	2
6	53	50	3
6	53	55	1
6	53	75	1
6	53	85	1
6	54	20	3
6	54	25	5
6	54	30	1
6	54	35	6
6	54	40	2
6	54	45	1
6	54	60	1
6	55	30	1
6	55	35	1
6	55	40	4
6	55	45	1
6	55	60	1
6	55	75	1
6	56	20	3
6	56	25	2
6	56	30	1
6	56	40	4
6	56	85	1
6	57	20	1
6	57	25	1
6	57	30	1
6	57	35	2
6	57	40	3
6	57	60	1
6	57	65	1
6	57	85	1
6	58	25	3
6	58	35	1
6	58	45	1
6	59	20	2
6	59	35	1
6	59	40	1
6	59	45	1
6	59	50	1
6	60	20	2
6	60	25	2
6	60	30	2
6	60	35	2
6	60	45	2
6	60	75	1
6	61	20	3
6	61	25	2
6	61	30	4
6	61	35	1
6	61	40	3
6	61	45	2
6	61	50	2
6	62	20	4
6	62	30	4
6	62	35	3
6	62	50	1
6	63	25	3
6	63	30	4
6	63	45	1
6	63	50	1
6	64	20	1
6	64	30	1
6	64	35	1
6	64	40	1
6	64	45	1
6	64	50	1
6	65	25	1
7	29	25	1
7	30	20	1
7	30	60	1
7	31	25	2
7	31	35	1
7	31	40	2
7	31	70	1
7	32	20	3
7	32	25	1
7	32	30	6
7	32	35	1
7	32	40	2
7	32	45	1
7	32	50	1
7	32	60	1
7	32	65	1
7	32	80	1
7	33	20	11
7	33	25	8
7	33	30	6
7	33	35	6
7	33	40	6
7	33	50	2
7	33	55	2
7	33	70	1
7	33	85	1
7	33	90	1
7	34	20	3
7	34	25	6
7	34	30	5
7	34	35	10
7	34	40	4
7	34	45	4
7	34	55	1
7	34	60	2
7	34	65	2
7	34	70	1
7	34	85	2
7	34	90	1
7	35	20	9
7	35	25	7
7	35	30	12
7	35	35	9
7	35	40	10
7	35	45	7
7	35	50	4
7	35	55	5
7	35	60	2
7	35	65	2
7	35	70	1
7	35	75	1
7	35	85	1
7	35	90	2
7	36	20	18
7	36	25	9
7	36	30	11
7	36	35	15
7	36	40	30
7	36	45	14
7	36	50	5
7	36	55	3
7	36	60	2
7	36	65	2
7	36	70	1
7	36	75	4
7	36	80	3
7	36	90	2
7	37	20	20
7	37	25	22
7	37	30	21
7	37	35	36
7	37	40	24
7	37	45	14
7	37	50	9
7	37	55	7
7	37	60	7
7	37	65	1
7	37	70	5
7	37	75	4
7	37	80	2
7	37	85	3
7	37	90	8
7	38	20	25
7	38	25	32
7	38	30	23
7	38	35	38
7	38	40	44
7	38	45	18
7	38	50	14
7	38	55	9
7	38	60	5
7	38	65	3
7	38	70	7
7	38	75	2
7	38	85	3
7	38	90	2
7	39	20	25
7	39	25	34
7	39	30	34
7	39	35	36
7	39	40	40
7	39	45	21
7	39	50	16
7	39	55	12
7	39	60	9
7	39	65	8
7	39	70	6
7	39	75	5
7	39	80	5
7	39	85	5
7	39	90	4
7	40	20	39
7	40	25	31
7	40	30	44
7	40	35	48
7	40	40	50
7	40	45	23
7	40	50	19
7	40	55	16
7	40	60	8
7	40	65	7
7	40	70	11
7	40	75	6
7	40	80	6
7	40	85	4
7	40	90	7
7	41	20	34
7	41	25	34
7	41	30	56
7	41	35	50
7	41	40	65
7	41	45	26
7	41	50	18
7	41	55	11
7	41	60	12
7	41	65	9
7	41	70	7
7	41	75	4
7	41	80	4
7	41	85	1
7	41	90	7
7	42	20	41
7	42	25	37
7	42	30	49
7	42	35	51
7	42	40	51
7	42	45	31
7	42	50	8
7	42	55	15
7	42	60	15
7	42	65	8
7	42	70	16
7	42	75	3
7	42	80	9
7	42	85	5
7	42	90	9
7	43	20	36
7	43	25	37
7	43	30	39
7	43	35	51
7	43	40	34
7	43	45	30
7	43	50	16
7	43	55	13
7	43	60	10
7	43	65	9
7	43	70	10
7	43	75	10
7	43	80	8
7	43	85	1
7	43	90	3
7	44	20	43
7	44	25	36
7	44	30	46
7	44	35	60
7	44	40	44
7	44	45	12
7	44	50	13
7	44	55	13
7	44	60	12
7	44	65	8
7	44	70	4
7	44	80	3
7	44	85	4
7	44	90	2
7	45	20	18
7	45	25	27
7	45	30	34
7	45	35	40
7	45	40	35
7	45	45	22
7	45	50	10
7	45	55	10
7	45	60	6
7	45	65	3
7	45	70	5
7	45	75	4
7	45	80	3
7	45	85	2
7	45	90	6
7	46	20	20
7	46	25	20
7	46	30	23
7	46	35	38
7	46	40	29
7	46	45	23
7	46	50	7
7	46	55	9
7	46	60	5
7	46	65	4
7	46	70	3
7	46	80	2
7	46	85	1
7	46	90	1
7	47	20	24
7	47	25	24
7	47	30	18
7	47	35	25
7	47	40	24
7	47	45	9
7	47	50	8
7	47	55	4
7	47	60	9
7	47	65	3
7	47	70	3
7	47	75	4
7	47	80	3
7	47	90	9
7	48	20	17
7	48	25	16
7	48	30	17
7	48	35	22
7	48	40	30
7	48	45	13
7	48	50	8
7	48	55	7
7	48	60	5
7	48	65	4
7	48	70	1
7	48	75	2
7	48	80	3
7	48	85	2
7	48	90	1
7	49	20	9
7	49	25	14
7	49	30	11
7	49	35	18
7	49	40	16
7	49	45	10
7	49	50	5
7	49	55	9
7	49	60	4
7	49	65	3
7	49	70	1
7	49	75	2
7	49	80	1
7	49	85	1
7	49	90	2
7	50	20	12
7	50	25	8
7	50	30	19
7	50	35	18
7	50	40	15
7	50	45	7
7	50	50	4
7	50	55	1
7	50	65	2
7	50	70	1
7	50	75	1
7	51	20	10
7	51	25	13
7	51	30	17
7	51	35	3
7	51	40	9
7	51	45	2
7	51	55	6
7	51	60	1
7	51	75	3
7	52	20	10
7	52	25	5
7	52	30	7
7	52	35	11
7	52	40	7
7	52	45	3
7	52	50	6
7	52	55	2
7	52	85	1
7	52	90	2
7	53	20	4
7	53	25	11
7	53	30	7
7	53	35	5
7	53	40	5
7	53	45	1
7	53	50	2
7	53	70	2
7	53	75	1
7	54	20	4
7	54	25	8
7	54	30	4
7	54	35	4
7	54	40	8
7	54	45	2
7	54	50	1
7	54	55	1
7	54	65	1
7	55	20	2
7	55	25	2
7	55	30	2
7	55	35	4
7	55	40	1
7	55	65	1
7	56	20	3
7	56	25	1
7	56	30	4
7	56	35	1
7	56	40	1
7	56	45	1
7	56	50	1
7	56	80	1
7	57	20	1
7	57	25	1
7	57	30	1
7	57	35	3
7	58	20	1
7	58	25	1
7	58	30	1
7	58	40	3
7	59	20	1
7	59	30	1
7	59	35	1
7	59	40	2
7	59	60	1
7	60	20	2
7	60	30	1
7	60	35	2
7	60	40	3
7	60	55	1
7	61	20	5
7	61	25	8
7	61	30	4
7	61	35	6
7	61	40	10
7	61	45	2
7	61	50	4
7	61	55	2
7	61	80	1
7	62	20	4
7	62	25	5
7	62	30	3
7	62	35	3
7	62	40	2
7	62	50	1
7	62	60	1
7	63	25	1
7	63	30	2
7	63	35	3
7	63	40	1
7	64	20	1
7	64	25	1
7	64	35	2
7	64	40	1
7	65	20	1
7	65	35	1
8	28	35	1
8	30	20	1
8	30	40	1
8	31	20	1
8	31	25	1
8	31	50	1
8	31	60	1
8	32	25	1
8	32	30	1
8	32	40	1
8	32	50	1
8	32	85	1
8	32	90	1
8	33	20	6
8	33	25	10
8	33	30	8
8	33	35	7
8	33	40	6
8	33	45	3
8	33	55	1
8	33	60	1
8	33	65	2
8	33	70	1
8	34	20	5
8	34	25	8
8	34	30	8
8	34	35	13
8	34	40	10
8	34	45	2
8	34	50	1
8	34	55	4
8	34	60	1
8	35	20	11
8	35	25	10
8	35	30	12
8	35	35	12
8	35	40	13
8	35	45	9
8	35	50	6
8	35	55	3
8	35	60	2
8	35	65	3
8	35	70	1
8	35	75	3
8	35	80	1
8	35	90	1
8	36	20	12
8	36	25	16
8	36	30	25
8	36	35	24
8	36	40	28
8	36	45	11
8	36	50	4
8	36	55	9
8	36	60	6
8	36	65	2
8	36	70	1
8	36	75	1
8	37	20	31
8	37	25	23
8	37	30	38
8	37	35	29
8	37	40	42
8	37	45	22
8	37	50	7
8	37	55	7
8	37	60	8
8	37	65	5
8	37	70	6
8	37	75	3
8	37	80	1
8	37	85	2
8	37	90	1
8	38	20	29
8	38	25	46
8	38	30	36
8	38	35	47
8	38	40	40
8	38	45	18
8	38	50	21
8	38	55	16
8	38	60	8
8	38	65	16
8	38	70	1
8	38	75	3
8	38	80	1
8	38	85	3
8	38	90	2
8	39	20	45
8	39	25	42
8	39	30	54
8	39	35	54
8	39	40	66
8	39	45	30
8	39	50	15
8	39	55	13
8	39	60	10
8	39	65	4
8	39	70	5
8	39	75	5
8	39	80	1
8	39	85	1
8	39	90	1
8	40	20	41
8	40	25	52
8	40	30	71
8	40	35	67
8	40	40	75
8	40	45	30
8	40	50	14
8	40	55	13
8	40	60	9
8	40	65	9
8	40	70	9
8	40	75	4
8	40	80	5
8	40	85	7
8	40	90	1
8	41	20	50
8	41	25	66
8	41	30	70
8	41	35	72
8	41	40	88
8	41	45	39
8	41	50	21
8	41	55	14
8	41	60	17
8	41	65	15
8	41	70	11
8	41	75	7
8	41	80	7
8	41	85	4
8	41	90	4
8	42	20	55
8	42	25	54
8	42	30	67
8	42	35	76
8	42	40	75
8	42	45	38
8	42	50	20
8	42	55	18
8	42	60	9
8	42	65	11
8	42	70	7
8	42	75	6
8	42	80	3
8	42	85	1
8	42	90	4
8	43	20	50
8	43	25	52
8	43	30	66
8	43	35	64
8	43	40	67
8	43	45	33
8	43	50	18
8	43	55	23
8	43	60	13
8	43	65	1
8	43	70	7
8	43	75	5
8	43	80	9
8	43	85	1
8	43	90	3
8	44	20	34
8	44	25	56
8	44	30	54
8	44	35	63
8	44	40	50
8	44	45	44
8	44	50	22
8	44	55	8
8	44	60	12
8	44	65	5
8	44	70	6
8	44	75	5
8	44	80	5
8	44	85	3
8	44	90	1
8	45	20	43
8	45	25	37
8	45	30	35
8	45	35	46
8	45	40	50
8	45	45	25
8	45	50	18
8	45	55	11
8	45	60	4
8	45	65	7
8	45	70	4
8	45	75	3
8	45	80	2
8	45	85	4
8	45	90	2
8	46	20	33
8	46	25	33
8	46	30	51
8	46	35	47
8	46	40	42
8	46	45	21
8	46	50	14
8	46	55	9
8	46	60	7
8	46	65	5
8	46	70	2
8	46	75	4
8	46	80	2
8	47	20	25
8	47	25	28
8	47	30	32
8	47	35	36
8	47	40	42
8	47	45	19
8	47	50	11
8	47	55	11
8	47	60	7
8	47	65	4
8	47	70	5
8	47	75	1
8	47	80	2
8	47	85	1
8	48	20	22
8	48	25	28
8	48	30	27
8	48	35	23
8	48	40	28
8	48	45	14
8	48	50	9
8	48	55	4
8	48	60	1
8	48	65	1
8	48	70	4
8	48	75	2
8	48	80	1
8	48	85	1
8	48	90	1
8	49	20	13
8	49	25	19
8	49	30	18
8	49	35	25
8	49	40	24
8	49	45	18
8	49	50	5
8	49	55	4
8	49	60	5
8	49	65	1
8	49	70	4
8	49	75	5
8	49	85	1
8	50	20	10
8	50	25	21
8	50	30	16
8	50	35	18
8	50	40	25
8	50	45	7
8	50	50	3
8	50	55	3
8	50	60	2
8	50	65	3
8	50	70	1
8	50	80	1
8	51	20	14
8	51	25	18
8	51	30	11
8	51	35	11
8	51	40	18
8	51	45	4
8	51	50	4
8	51	55	4
8	51	65	1
8	51	75	1
8	51	85	1
8	52	20	9
8	52	25	8
8	52	30	11
8	52	35	12
8	52	40	14
8	52	45	3
8	52	50	4
8	52	55	3
8	52	65	1
8	52	70	1
8	53	20	7
8	53	25	8
8	53	30	8
8	53	35	7
8	53	40	6
8	53	45	3
8	53	50	3
8	53	60	1
8	53	70	1
8	53	80	1
8	53	90	1
8	54	20	5
8	54	25	1
8	54	30	4
8	54	35	2
8	54	40	5
8	54	45	3
8	54	60	2
8	54	80	1
8	55	25	4
8	55	30	2
8	55	35	4
8	55	40	3
8	55	50	1
8	56	25	1
8	56	30	1
8	56	35	4
8	56	40	2
8	56	45	2
8	56	50	1
8	56	55	1
8	56	60	1
8	57	20	2
8	57	35	3
8	57	40	2
8	57	50	1
8	58	20	1
8	58	25	1
8	58	30	2
8	58	40	3
8	59	20	1
8	59	25	1
8	59	30	2
8	59	40	1
8	59	50	1
8	60	25	3
8	60	30	4
8	60	35	3
8	60	40	3
8	60	50	1
8	61	20	3
8	61	25	6
8	61	30	6
8	61	35	4
8	61	40	7
8	61	45	1
8	61	50	1
8	61	55	1
8	61	60	1
8	62	25	3
8	62	30	2
8	62	35	3
8	62	40	2
8	62	45	4
8	62	50	3
8	62	60	3
8	63	30	1
8	64	20	1
8	64	25	2
8	65	20	1
8	65	30	1
8	65	35	1
9	30	65	1
9	31	25	1
9	31	40	1
9	32	20	1
9	32	25	2
9	32	30	4
9	32	35	3
9	32	40	2
9	32	45	2
9	32	65	1
9	33	20	3
9	33	25	4
9	33	30	1
9	33	35	3
9	33	40	2
9	33	45	2
9	33	50	1
9	34	20	8
9	34	25	4
9	34	30	12
9	34	35	9
9	34	40	5
9	34	50	3
9	34	65	2
9	34	70	1
9	35	20	14
9	35	25	18
9	35	30	20
9	35	35	14
9	35	40	16
9	35	45	8
9	35	50	5
9	35	55	4
9	35	60	3
9	35	65	2
9	35	85	1
9	36	20	23
9	36	25	19
9	36	30	27
9	36	35	24
9	36	40	34
9	36	45	22
9	36	50	9
9	36	55	8
9	36	60	1
9	36	65	2
9	36	75	3
9	37	20	22
9	37	25	36
9	37	30	36
9	37	35	60
9	37	40	40
9	37	45	18
9	37	50	10
9	37	55	7
9	37	60	7
9	37	65	5
9	37	70	4
9	37	75	2
9	37	80	1
9	37	85	1
9	37	90	1
9	38	20	40
9	38	25	57
9	38	30	50
9	38	35	49
9	38	40	78
9	38	45	37
9	38	50	32
9	38	55	14
9	38	60	14
9	38	65	5
9	38	70	6
9	38	75	2
9	38	80	2
9	38	85	1
9	38	90	1
9	39	20	62
9	39	25	55
9	39	30	62
9	39	35	100
9	39	40	88
9	39	45	48
9	39	50	26
9	39	55	19
9	39	60	9
9	39	65	9
9	39	70	2
9	39	75	6
9	39	80	2
9	39	85	3
9	40	20	83
9	40	25	73
9	40	30	79
9	40	35	88
9	40	40	103
9	40	45	56
9	40	50	33
9	40	55	27
9	40	60	18
9	40	65	10
9	40	70	10
9	40	80	2
9	40	85	3
9	41	20	75
9	41	25	78
9	41	30	89
9	41	35	120
9	41	40	133
9	41	45	70
9	41	50	28
9	41	55	24
9	41	60	15
9	41	65	13
9	41	70	7
9	41	75	12
9	41	80	3
9	41	90	1
9	42	20	86
9	42	25	83
9	42	30	104
9	42	35	110
9	42	40	112
9	42	45	59
9	42	50	42
9	42	55	20
9	42	60	26
9	42	65	10
9	42	70	8
9	42	75	2
9	42	80	3
9	42	85	3
9	42	90	1
9	43	20	90
9	43	25	78
9	43	30	102
9	43	35	98
9	43	40	99
9	43	45	54
9	43	50	30
9	43	55	23
9	43	60	16
9	43	65	7
9	43	70	3
9	43	75	2
9	43	85	2
9	43	90	2
9	44	20	67
9	44	25	72
9	44	30	83
9	44	35	92
9	44	40	93
9	44	45	43
9	44	50	33
9	44	55	20
9	44	60	16
9	44	65	7
9	44	70	10
9	44	75	5
9	44	80	2
9	44	90	1
9	45	20	70
9	45	25	48
9	45	30	69
9	45	35	63
9	45	40	64
9	45	45	39
9	45	50	15
9	45	55	9
9	45	60	8
9	45	65	5
9	45	70	4
9	45	85	1
9	46	20	50
9	46	25	48
9	46	30	57
9	46	35	58
9	46	40	60
9	46	45	27
9	46	50	11
9	46	55	12
9	46	60	8
9	46	65	4
9	46	70	1
9	46	75	2
9	46	85	1
9	46	90	1
9	47	20	32
9	47	25	45
9	47	30	20
9	47	35	56
9	47	40	45
9	47	45	26
9	47	50	11
9	47	55	4
9	47	60	7
9	47	65	2
9	47	70	2
9	47	75	2
9	48	20	34
9	48	25	25
9	48	30	47
9	48	35	42
9	48	40	42
9	48	45	19
9	48	50	9
9	48	55	8
9	48	60	2
9	48	65	3
9	48	70	2
9	48	75	2
9	48	80	4
9	49	20	21
9	49	25	24
9	49	30	28
9	49	35	40
9	49	40	28
9	49	45	14
9	49	50	9
9	49	55	7
9	49	60	2
9	49	65	2
9	49	70	1
9	49	75	1
9	50	20	21
9	50	25	20
9	50	30	27
9	50	35	22
9	50	40	27
9	50	45	13
9	50	50	3
9	50	55	2
9	50	60	2
9	50	65	2
9	50	75	2
9	51	20	20
9	51	25	21
9	51	30	22
9	51	35	16
9	51	40	24
9	51	45	3
9	51	50	3
9	51	55	5
9	51	60	2
9	51	75	1
9	52	20	18
9	52	25	11
9	52	30	17
9	52	35	15
9	52	40	10
9	52	45	2
9	52	50	4
9	52	65	3
9	52	70	1
9	53	20	10
9	53	25	12
9	53	30	10
9	53	35	13
9	53	40	10
9	53	45	5
9	53	50	3
9	53	65	1
9	53	70	1
9	54	20	5
9	54	25	5
9	54	30	6
9	54	35	11
9	54	40	6
9	54	45	1
9	54	50	2
9	54	55	1
9	55	20	3
9	55	25	6
9	55	30	5
9	55	35	3
9	55	40	1
9	56	20	3
9	56	25	3
9	56	30	2
9	56	35	2
9	56	40	3
9	56	45	2
9	56	50	1
9	57	20	2
9	57	30	3
9	57	35	3
9	57	55	1
9	58	20	2
9	58	25	2
9	58	30	2
9	58	35	3
9	58	40	2
9	58	45	1
9	58	50	1
9	58	55	1
9	59	20	2
9	59	30	1
9	59	35	5
9	59	40	1
9	59	50	1
9	60	20	3
9	60	25	4
9	60	30	5
9	60	35	7
9	60	40	1
9	60	45	3
9	60	70	1
9	61	20	8
9	61	25	3
9	61	30	4
9	61	35	10
9	61	40	7
9	61	45	2
9	61	55	1
9	62	20	6
9	62	25	5
9	62	30	6
9	62	35	5
9	62	40	3
9	62	45	5
9	62	50	1
9	63	20	2
9	63	25	3
9	63	30	2
9	63	35	6
9	63	40	1
10	29	35	1
10	29	40	1
10	30	20	2
10	30	25	1
10	30	30	1
10	30	35	1
10	31	20	1
10	31	25	2
10	31	40	1
10	31	45	1
10	32	20	2
10	32	25	4
10	32	30	1
10	32	35	4
10	32	40	2
10	32	45	2
10	32	50	1
10	32	55	1
10	32	70	1
10	33	20	2
10	33	25	2
10	33	30	11
10	33	35	3
10	33	40	9
10	33	45	4
10	33	50	2
10	33	60	1
10	34	20	8
10	34	25	8
10	34	30	10
10	34	35	9
10	34	40	10
10	34	45	5
10	34	50	1
10	34	55	2
10	34	60	2
10	34	65	1
10	34	70	1
10	35	20	17
10	35	25	17
10	35	30	21
10	35	35	27
10	35	40	22
10	35	45	15
10	35	50	5
10	35	55	2
10	35	60	5
10	35	65	3
10	35	70	1
10	35	75	2
10	35	80	1
10	36	20	32
10	36	25	42
10	36	30	47
10	36	35	47
10	36	40	66
10	36	45	33
10	36	50	16
10	36	55	7
10	36	60	4
10	36	65	3
10	36	70	2
10	36	85	1
10	37	20	68
10	37	25	71
10	37	30	83
10	37	35	87
10	37	40	90
10	37	45	41
10	37	50	22
10	37	55	18
10	37	60	7
10	37	65	4
10	37	70	1
10	37	75	2
10	38	20	90
10	38	25	96
10	38	30	96
10	38	35	134
10	38	40	143
10	38	45	67
10	38	50	33
10	38	55	20
10	38	60	10
10	38	65	11
10	38	70	1
10	38	75	1
10	39	20	119
10	39	25	131
10	39	30	163
10	39	35	161
10	39	40	184
10	39	45	75
10	39	50	40
10	39	55	26
10	39	60	12
10	39	65	6
10	39	70	2
10	39	75	4
10	39	85	1
10	40	20	161
10	40	25	143
10	40	30	181
10	40	35	199
10	40	40	187
10	40	45	112
10	40	50	47
10	40	55	29
10	40	60	12
10	40	65	9
10	40	70	4
10	40	75	2
10	40	80	1
10	40	85	2
10	41	20	174
10	41	25	178
10	41	30	207
10	41	35	231
10	41	40	239
10	41	45	123
10	41	50	62
10	41	55	40
10	41	60	23
10	41	65	14
10	41	70	8
10	41	75	4
10	41	80	1
10	41	85	1
10	42	20	142
10	42	25	178
10	42	30	203
10	42	35	243
10	42	40	209
10	42	45	130
10	42	50	61
10	42	55	25
10	42	60	18
10	42	65	11
10	42	70	7
10	42	75	6
10	43	20	145
10	43	25	158
10	43	30	200
10	43	35	207
10	43	40	240
10	43	45	111
10	43	50	51
10	43	55	36
10	43	60	19
10	43	65	10
10	43	70	6
10	43	75	3
10	43	80	2
10	43	85	1
10	44	20	140
10	44	25	169
10	44	30	189
10	44	35	198
10	44	40	207
10	44	45	82
10	44	50	43
10	44	55	24
10	44	60	12
10	44	65	12
10	44	70	4
10	44	75	4
10	44	80	1
10	44	85	2
10	45	20	115
10	45	25	140
10	45	30	134
10	45	35	158
10	45	40	157
10	45	45	64
10	45	50	35
10	45	55	31
10	45	60	7
10	45	65	8
10	45	70	3
10	45	75	1
10	45	80	2
10	45	85	2
10	46	20	96
10	46	25	108
10	46	30	107
10	46	35	130
10	46	40	124
10	46	45	52
10	46	50	23
10	46	55	11
10	46	60	10
10	46	65	6
10	46	70	2
10	46	75	1
10	47	20	79
10	47	25	78
10	47	30	103
10	47	35	127
10	47	40	103
10	47	45	45
10	47	50	21
10	47	55	13
10	47	60	8
10	47	65	6
10	47	70	4
10	47	75	3
10	48	20	59
10	48	25	68
10	48	30	76
10	48	35	104
10	48	40	83
10	48	45	40
10	48	50	15
10	48	55	3
10	48	60	4
10	48	65	2
10	48	70	3
10	49	20	52
10	49	25	40
10	49	30	58
10	49	35	71
10	49	40	64
10	49	45	23
10	49	50	8
10	49	55	6
10	49	65	1
10	49	70	1
10	49	75	2
10	50	20	49
10	50	25	48
10	50	30	47
10	50	35	43
10	50	40	50
10	50	45	13
10	50	50	5
10	50	55	3
10	50	60	2
10	50	70	1
10	50	75	1
10	51	20	30
10	51	25	28
10	51	30	28
10	51	35	39
10	51	40	33
10	51	45	13
10	51	50	9
10	51	55	4
10	52	20	25
10	52	25	16
10	52	30	30
10	52	35	34
10	52	40	19
10	52	45	9
10	52	50	4
10	52	55	2
10	52	60	1
10	53	20	19
10	53	25	19
10	53	30	23
10	53	35	18
10	53	40	15
10	53	45	6
10	53	50	2
10	53	75	1
10	54	20	10
10	54	25	10
10	54	30	15
10	54	35	10
10	54	40	11
10	54	45	2
10	54	55	1
10	55	20	5
10	55	25	8
10	55	30	8
10	55	35	10
10	55	40	8
10	55	45	1
10	55	55	1
10	56	20	8
10	56	25	9
10	56	30	8
10	56	35	9
10	56	40	6
10	56	45	2
10	56	55	1
10	57	20	3
10	57	25	3
10	57	30	5
10	57	35	9
10	57	40	4
10	57	45	1
10	58	20	4
10	58	25	2
10	58	30	1
10	58	35	5
10	58	40	2
10	58	45	1
10	58	65	2
10	59	20	6
10	59	25	4
10	59	30	5
10	59	35	8
10	59	40	2
10	60	20	7
10	60	25	7
10	60	30	9
10	60	35	6
10	60	40	4
10	60	50	1
10	61	20	13
10	61	25	14
10	61	30	17
10	61	35	22
10	61	40	17
10	61	45	5
10	61	50	4
10	62	20	11
10	62	25	10
10	62	30	10
10	62	35	19
10	62	40	7
10	62	45	4
10	62	50	1
10	63	20	2
10	63	25	5
10	63	30	7
10	63	35	5
10	63	40	3
10	64	20	2
10	64	30	1
10	64	40	2
10	64	45	1
10	65	25	1
11	28	25	1
11	28	40	1
11	29	20	2
11	29	30	1
11	30	20	1
11	30	30	2
11	30	40	1
11	30	45	1
11	31	20	3
11	31	25	2
11	31	30	3
11	31	35	2
11	31	40	1
11	31	45	1
11	32	20	8
11	32	25	10
11	32	30	9
11	32	35	18
11	32	40	18
11	32	45	4
11	32	50	2
11	32	65	2
11	32	80	1
11	33	20	12
11	33	25	20
11	33	30	18
11	33	35	31
11	33	40	32
11	33	45	11
11	33	50	7
11	33	55	1
11	33	60	2
11	34	20	21
11	34	25	36
11	34	30	43
11	34	35	30
11	34	40	29
11	34	45	12
11	34	50	7
11	34	55	3
11	34	60	1
11	35	20	68
11	35	25	81
11	35	30	96
11	35	35	94
11	35	40	109
11	35	45	48
11	35	50	8
11	35	55	13
11	35	60	1
11	35	65	6
11	35	70	2
11	35	75	1
11	35	80	1
11	36	20	179
11	36	25	202
11	36	30	214
11	36	35	251
11	36	40	251
11	36	45	109
11	36	50	48
11	36	55	31
11	36	60	15
11	36	65	7
11	36	70	2
11	36	80	1
11	37	20	315
11	37	25	358
11	37	30	421
11	37	35	471
11	37	40	470
11	37	45	209
11	37	50	96
11	37	55	43
11	37	60	26
11	37	65	8
11	37	70	10
11	37	75	1
11	37	80	1
11	38	20	448
11	38	25	488
11	38	30	538
11	38	35	618
11	38	40	689
11	38	45	266
11	38	50	138
11	38	55	74
11	38	60	32
11	38	65	14
11	38	70	7
11	39	20	626
11	39	25	679
11	39	30	710
11	39	35	884
11	39	40	909
11	39	45	362
11	39	50	148
11	39	55	88
11	39	60	45
11	39	65	18
11	39	70	12
11	39	75	4
11	40	20	797
11	40	25	839
11	40	30	934
11	40	35	1121
11	40	40	1090
11	40	45	474
11	40	50	223
11	40	55	110
11	40	60	53
11	40	65	32
11	40	70	11
11	40	75	4
11	40	80	3
11	41	20	873
11	41	25	1002
11	41	30	1074
11	41	35	1259
11	41	40	1258
11	41	45	558
11	41	50	236
11	41	55	115
11	41	60	58
11	41	65	26
11	41	70	9
11	41	75	6
11	41	80	2
11	41	85	1
11	42	20	990
11	42	25	1015
11	42	30	1118
11	42	35	1290
11	42	40	1304
11	42	45	527
11	42	50	236
11	42	55	107
11	42	60	54
11	42	65	28
11	42	70	15
11	42	75	4
11	42	85	1
11	43	20	819
11	43	25	1005
11	43	30	1093
11	43	35	1250
11	43	40	1192
11	43	45	483
11	43	50	214
11	43	55	127
11	43	60	47
11	43	65	28
11	43	70	10
11	43	75	7
11	43	80	2
11	43	90	1
11	44	20	744
11	44	25	882
11	44	30	985
11	44	35	1075
11	44	40	1087
11	44	45	405
11	44	50	201
11	44	55	86
11	44	60	57
11	44	65	17
11	44	70	13
11	44	75	4
11	44	80	1
11	45	20	650
11	45	25	688
11	45	30	825
11	45	35	900
11	45	40	849
11	45	45	302
11	45	50	128
11	45	55	72
11	45	60	22
11	45	65	13
11	45	70	10
11	45	75	3
11	46	20	496
11	46	25	609
11	46	30	600
11	46	35	645
11	46	40	627
11	46	45	246
11	46	50	98
11	46	55	43
11	46	60	20
11	46	65	11
11	46	70	4
11	46	75	1
11	47	20	425
11	47	25	434
11	47	30	471
11	47	35	594
11	47	40	494
11	47	45	180
11	47	50	69
11	47	55	30
11	47	60	16
11	47	65	7
11	47	70	4
11	47	75	1
11	48	20	306
11	48	25	365
11	48	30	376
11	48	35	439
11	48	40	376
11	48	45	158
11	48	50	57
11	48	55	28
11	48	60	9
11	48	65	9
11	48	70	1
11	48	80	1
11	49	20	254
11	49	25	280
11	49	30	283
11	49	35	327
11	49	40	282
11	49	45	78
11	49	50	35
11	49	55	13
11	49	60	9
11	49	65	2
11	50	20	190
11	50	25	201
11	50	30	222
11	50	35	250
11	50	40	188
11	50	45	74
11	50	50	24
11	50	55	5
11	50	60	10
11	50	65	1
11	50	70	1
11	50	80	1
11	51	20	150
11	51	25	166
11	51	30	191
11	51	35	174
11	51	40	146
11	51	45	52
11	51	50	17
11	51	55	5
11	51	60	4
11	51	65	1
11	51	70	1
11	51	75	1
11	52	20	108
11	52	25	118
11	52	30	122
11	52	35	137
11	52	40	95
11	52	45	27
11	52	50	13
11	52	55	5
11	52	60	2
11	52	65	2
11	53	20	84
11	53	25	77
11	53	30	84
11	53	35	92
11	53	40	55
11	53	45	13
11	53	50	10
11	53	55	3
11	53	60	3
11	54	20	55
11	54	25	55
11	54	30	60
11	54	35	73
11	54	40	37
11	54	45	10
11	54	50	3
11	54	60	1
11	55	20	31
11	55	25	36
11	55	30	38
11	55	35	38
11	55	40	15
11	55	45	6
11	55	50	1
11	55	60	2
11	56	20	28
11	56	25	34
11	56	30	34
11	56	35	35
11	56	40	14
11	56	45	4
11	56	50	1
11	57	20	21
11	57	25	19
11	57	30	20
11	57	35	18
11	57	40	13
11	57	45	1
11	57	50	1
11	58	20	14
11	58	25	27
11	58	30	17
11	58	35	27
11	58	40	11
11	58	45	1
11	58	50	1
11	58	55	1
11	59	20	13
11	59	25	18
11	59	30	17
11	59	35	24
11	59	40	9
11	60	20	15
11	60	25	24
11	60	30	24
11	60	35	22
11	60	40	10
11	60	45	5
11	60	50	1
11	61	20	92
11	61	25	87
11	61	30	110
11	61	35	105
11	61	40	58
11	61	45	10
11	61	50	8
11	61	60	1
11	62	20	65
11	62	25	59
11	62	30	69
11	62	35	72
11	62	40	42
11	62	45	8
11	62	55	1
11	63	20	7
11	63	25	8
11	63	30	14
11	63	35	13
11	63	40	3
11	63	45	1
11	64	20	2
11	64	25	8
11	64	30	3
11	64	35	4
11	65	20	1
11	65	25	1
11	65	30	1
12	25	45	1
12	29	20	2
12	29	30	1
12	29	35	4
12	29	40	2
12	29	45	1
12	30	20	2
12	30	25	1
12	30	30	2
12	30	35	6
12	30	40	2
12	30	45	1
12	30	50	1
12	31	20	3
12	31	25	5
12	31	30	3
12	31	35	5
12	31	40	6
12	31	45	4
12	31	50	2
12	31	55	1
12	32	20	18
12	32	25	13
12	32	30	11
12	32	35	17
12	32	40	26
12	32	45	2
12	32	50	5
12	32	55	1
12	32	60	1
12	33	20	50
12	33	25	45
12	33	30	43
12	33	35	57
12	33	40	45
12	33	45	22
12	33	50	5
12	33	55	3
12	33	60	1
12	33	65	1
12	34	20	51
12	34	25	64
12	34	30	71
12	34	35	90
12	34	40	91
12	34	45	25
12	34	50	12
12	34	55	4
12	34	60	2
12	34	65	1
12	34	70	1
12	35	20	138
12	35	25	159
12	35	30	170
12	35	35	208
12	35	40	217
12	35	45	67
12	35	50	29
12	35	55	13
12	35	60	4
12	35	75	1
12	36	20	383
12	36	25	479
12	36	30	468
12	36	35	582
12	36	40	548
12	36	45	206
12	36	50	56
12	36	55	32
12	36	60	20
12	36	65	3
12	37	20	687
12	37	25	789
12	37	30	845
12	37	35	1008
12	37	40	1010
12	37	45	360
12	37	50	143
12	37	55	53
12	37	60	19
12	37	65	8
12	37	70	1
12	37	75	1
12	38	20	959
12	38	25	1107
12	38	30	1214
12	38	35	1405
12	38	40	1373
12	38	45	512
12	38	50	189
12	38	55	98
12	38	60	49
12	38	65	17
12	38	70	3
12	39	20	1377
12	39	25	1520
12	39	30	1642
12	39	35	1936
12	39	40	1899
12	39	45	720
12	39	50	253
12	39	55	118
12	39	60	49
12	39	65	12
12	39	70	6
12	39	75	1
12	39	80	1
12	40	20	1843
12	40	25	1942
12	40	30	2028
12	40	35	2508
12	40	40	2339
12	40	45	878
12	40	50	321
12	40	55	147
12	40	60	63
12	40	65	19
12	40	70	8
12	40	75	1
12	41	20	2071
12	41	25	2214
12	41	30	2453
12	41	35	2918
12	41	40	2512
12	41	45	941
12	41	50	347
12	41	55	157
12	41	60	58
12	41	65	30
12	41	70	4
12	41	75	1
12	41	80	1
12	42	20	2185
12	42	25	2424
12	42	30	2507
12	42	35	3009
12	42	40	2718
12	42	45	1089
12	42	50	401
12	42	55	175
12	42	60	74
12	42	65	27
12	42	70	5
12	42	75	2
12	43	20	2012
12	43	25	2206
12	43	30	2339
12	43	35	2774
12	43	40	2481
12	43	45	962
12	43	50	368
12	43	55	179
12	43	60	70
12	43	65	24
12	43	70	8
12	44	20	1819
12	44	25	1908
12	44	30	2110
12	44	35	2496
12	44	40	2135
12	44	45	790
12	44	50	281
12	44	55	113
12	44	60	43
12	44	65	6
12	44	70	4
12	44	75	3
12	44	80	1
12	45	20	1417
12	45	25	1478
12	45	30	1673
12	45	35	1909
12	45	40	1697
12	45	45	558
12	45	50	223
12	45	55	119
12	45	60	41
12	45	65	9
12	45	70	3
12	46	20	1216
12	46	25	1247
12	46	30	1323
12	46	35	1540
12	46	40	1249
12	46	45	438
12	46	50	147
12	46	55	54
12	46	60	33
12	46	65	7
12	46	70	2
12	46	75	1
12	47	20	863
12	47	25	947
12	47	30	1101
12	47	35	1252
12	47	40	1000
12	47	45	367
12	47	50	93
12	47	55	38
12	47	60	18
12	47	65	7
12	47	70	1
12	48	20	667
12	48	25	756
12	48	30	775
12	48	35	927
12	48	40	651
12	48	45	212
12	48	50	77
12	48	55	21
12	48	60	12
12	48	65	5
12	49	20	497
12	49	25	504
12	49	30	570
12	49	35	701
12	49	40	477
12	49	45	138
12	49	50	58
12	49	55	20
12	49	60	6
12	49	65	3
12	49	70	1
12	50	20	373
12	50	25	410
12	50	30	464
12	50	35	525
12	50	40	338
12	50	45	99
12	50	50	41
12	50	55	11
12	50	60	4
12	51	20	272
12	51	25	317
12	51	30	311
12	51	35	365
12	51	40	247
12	51	45	78
12	51	50	18
12	51	55	2
12	51	60	2
12	52	20	219
12	52	25	249
12	52	30	258
12	52	35	280
12	52	40	155
12	52	45	42
12	52	50	11
12	52	55	5
12	52	60	1
12	53	20	150
12	53	25	151
12	53	30	160
12	53	35	182
12	53	40	84
12	53	45	31
12	53	50	8
12	53	55	4
12	53	60	2
12	54	20	90
12	54	25	101
12	54	30	127
12	54	35	113
12	54	40	47
12	54	45	14
12	54	50	3
12	54	60	1
12	55	20	53
12	55	25	62
12	55	30	76
12	55	35	88
12	55	40	40
12	55	45	8
12	56	20	60
12	56	25	45
12	56	30	55
12	56	35	67
12	56	40	22
12	56	45	4
12	57	20	33
12	57	25	40
12	57	30	44
12	57	35	48
12	57	40	13
12	57	45	3
12	57	50	1
12	58	20	35
12	58	25	47
12	58	30	43
12	58	35	38
12	58	40	14
12	58	45	2
12	59	20	35
12	59	25	36
12	59	30	38
12	59	35	36
12	59	40	12
12	59	45	1
12	60	20	72
12	60	25	74
12	60	30	69
12	60	35	82
12	60	40	39
12	60	45	6
12	61	20	150
12	61	25	168
12	61	30	147
12	61	35	144
12	61	40	69
12	61	45	13
12	61	50	1
12	61	60	1
12	62	20	165
12	62	25	147
12	62	30	157
12	62	35	156
12	62	40	41
12	62	45	9
12	62	50	4
12	63	20	15
12	63	25	13
12	63	30	9
12	63	35	15
12	63	40	6
12	64	20	5
12	64	25	6
12	64	30	5
12	64	35	2
12	65	20	2
12	65	25	4
12	65	40	1
13	29	20	1
13	29	25	1
13	29	30	1
13	29	35	4
13	29	40	3
13	29	60	1
13	30	20	2
13	30	30	3
13	30	35	4
13	30	40	3
13	30	45	1
13	30	50	1
13	31	20	5
13	31	25	4
13	31	30	7
13	31	35	8
13	31	40	7
13	32	20	9
13	32	25	16
13	32	30	23
13	32	35	21
13	32	40	20
13	32	45	6
13	32	55	1
13	33	20	49
13	33	25	40
13	33	30	36
13	33	35	51
13	33	40	53
13	33	45	12
13	33	50	5
13	33	55	1
13	33	60	2
13	34	20	60
13	34	25	66
13	34	30	79
13	34	35	88
13	34	40	72
13	34	45	25
13	34	50	8
13	34	55	2
13	35	20	144
13	35	25	171
13	35	30	191
13	35	35	240
13	35	40	198
13	35	45	49
13	35	50	19
13	35	55	5
13	35	60	1
13	36	20	452
13	36	25	495
13	36	30	531
13	36	35	654
13	36	40	592
13	36	45	170
13	36	50	48
13	36	55	15
13	36	60	2
13	36	65	1
13	37	20	794
13	37	25	875
13	37	30	922
13	37	35	1131
13	37	40	992
13	37	45	341
13	37	50	112
13	37	55	31
13	37	60	6
13	37	65	1
13	38	20	1105
13	38	25	1260
13	38	30	1363
13	38	35	1634
13	38	40	1414
13	38	45	451
13	38	50	140
13	38	55	43
13	38	60	13
13	38	65	3
13	38	70	1
13	39	20	1655
13	39	25	1782
13	39	30	1965
13	39	35	2277
13	39	40	2025
13	39	45	631
13	39	50	180
13	39	55	64
13	39	60	15
13	39	65	5
13	40	20	2074
13	40	25	2328
13	40	30	2498
13	40	35	2945
13	40	40	2613
13	40	45	764
13	40	50	241
13	40	55	87
13	40	60	25
13	40	65	8
13	40	70	1
13	40	75	1
13	41	20	2428
13	41	25	2708
13	41	30	2969
13	41	35	3435
13	41	40	2876
13	41	45	837
13	41	50	272
13	41	55	91
13	41	60	30
13	41	65	5
13	41	70	2
13	41	75	1
13	42	20	2662
13	42	25	2802
13	42	30	3052
13	42	35	3611
13	42	40	2954
13	42	45	933
13	42	50	304
13	42	55	85
13	42	60	27
13	42	65	6
13	42	70	3
13	43	20	2518
13	43	25	2554
13	43	30	2841
13	43	35	3433
13	43	40	2858
13	43	45	843
13	43	50	286
13	43	55	95
13	43	60	21
13	43	65	6
13	43	70	1
13	44	20	2197
13	44	25	2234
13	44	30	2512
13	44	35	2913
13	44	40	2369
13	44	45	707
13	44	50	206
13	44	55	67
13	44	60	18
13	44	65	2
13	45	20	1723
13	45	25	1833
13	45	30	1935
13	45	35	2298
13	45	40	1749
13	45	45	506
13	45	50	146
13	45	55	45
13	45	60	15
13	45	65	3
13	45	70	2
13	46	20	1341
13	46	25	1504
13	46	30	1614
13	46	35	1814
13	46	40	1378
13	46	45	365
13	46	50	86
13	46	55	26
13	46	60	10
13	46	65	4
13	47	20	1089
13	47	25	1183
13	47	30	1225
13	47	35	1399
13	47	40	1030
13	47	45	257
13	47	50	82
13	47	55	23
13	47	60	8
13	47	65	1
13	48	20	759
13	48	25	804
13	48	30	919
13	48	35	1005
13	48	40	711
13	48	45	178
13	48	50	40
13	48	55	12
13	48	60	2
13	48	65	1
13	49	20	606
13	49	25	579
13	49	30	655
13	49	35	759
13	49	40	483
13	49	45	122
13	49	50	30
13	49	55	8
13	49	60	3
13	50	20	442
13	50	25	456
13	50	30	495
13	50	35	547
13	50	40	319
13	50	45	59
13	50	50	17
13	50	55	11
13	50	60	1
13	51	20	311
13	51	25	348
13	51	30	349
13	51	35	403
13	51	40	207
13	51	45	49
13	51	50	11
13	51	55	3
13	51	60	1
13	51	65	1
13	52	20	244
13	52	25	265
13	52	30	283
13	52	35	278
13	52	40	143
13	52	45	24
13	52	50	10
13	52	55	2
13	53	20	154
13	53	25	153
13	53	30	172
13	53	35	159
13	53	40	82
13	53	45	9
13	53	50	2
13	54	20	101
13	54	25	83
13	54	30	126
13	54	35	121
13	54	40	44
13	54	45	5
13	54	50	2
13	55	20	87
13	55	25	79
13	55	30	67
13	55	35	86
13	55	40	26
13	55	45	4
13	56	20	59
13	56	25	56
13	56	30	74
13	56	35	63
13	56	40	18
13	56	45	1
13	57	20	47
13	57	25	56
13	57	30	68
13	57	35	57
13	57	40	8
13	57	45	1
13	58	20	45
13	58	25	58
13	58	30	43
13	58	35	52
13	58	40	13
13	58	45	1
13	59	20	35
13	59	25	49
13	59	30	43
13	59	35	57
13	59	40	10
13	59	45	1
13	60	20	71
13	60	25	69
13	60	30	72
13	60	35	74
13	60	40	22
13	60	45	5
13	60	50	2
13	61	20	146
13	61	25	139
13	61	30	173
13	61	35	172
13	61	40	56
13	61	45	6
13	61	50	1
13	62	20	160
13	62	25	152
13	62	30	186
13	62	35	131
13	62	40	24
13	62	45	11
13	63	20	19
13	63	25	11
13	63	30	20
13	63	35	15
13	63	40	3
13	64	20	1
13	64	25	2
13	64	30	1
14	29	20	1
14	29	40	1
14	30	20	3
14	30	25	3
14	30	30	3
14	30	35	1
14	30	40	2
14	30	45	2
14	31	20	3
14	31	25	1
14	31	30	7
14	31	35	2
14	31	40	6
14	31	50	1
14	32	20	11
14	32	25	14
14	32	30	15
14	32	35	22
14	32	40	18
14	32	45	4
14	33	20	30
14	33	25	36
14	33	30	33
14	33	35	49
14	33	40	45
14	33	45	8
14	33	50	1
14	34	20	51
14	34	25	61
14	34	30	69
14	34	35	77
14	34	40	59
14	34	45	13
14	34	50	3
14	34	55	1
14	35	20	120
14	35	25	153
14	35	30	165
14	35	35	212
14	35	40	138
14	35	45	37
14	35	50	12
14	35	55	1
14	35	60	1
14	36	20	429
14	36	25	453
14	36	30	500
14	36	35	664
14	36	40	495
14	36	45	104
14	36	50	20
14	36	55	7
14	37	20	770
14	37	25	894
14	37	30	986
14	37	35	1162
14	37	40	914
14	37	45	226
14	37	50	57
14	37	55	7
14	37	60	5
14	38	20	1235
14	38	25	1307
14	38	30	1441
14	38	35	1684
14	38	40	1290
14	38	45	332
14	38	50	83
14	38	55	25
14	38	60	3
14	39	20	1795
14	39	25	1871
14	39	30	2138
14	39	35	2576
14	39	40	1973
14	39	45	439
14	39	50	110
14	39	55	22
14	39	60	3
14	39	65	2
14	40	20	2345
14	40	25	2495
14	40	30	2865
14	40	35	3390
14	40	40	2508
14	40	45	560
14	40	50	122
14	40	55	43
14	40	60	7
14	41	20	2834
14	41	25	2765
14	41	30	3324
14	41	35	3804
14	41	40	2783
14	41	45	673
14	41	50	138
14	41	55	34
14	41	60	5
14	41	65	1
14	42	20	2930
14	42	25	3159
14	42	30	3499
14	42	35	3886
14	42	40	2948
14	42	45	642
14	42	50	161
14	42	55	31
14	42	60	13
14	42	65	1
14	43	20	2875
14	43	25	2903
14	43	30	3136
14	43	35	3776
14	43	40	2700
14	43	45	638
14	43	50	128
14	43	55	42
14	43	60	5
14	43	65	3
14	44	20	2398
14	44	25	2525
14	44	30	2823
14	44	35	3249
14	44	40	2303
14	44	45	490
14	44	50	120
14	44	55	24
14	44	60	4
14	44	65	1
14	45	20	2007
14	45	25	2047
14	45	30	2267
14	45	35	2504
14	45	40	1679
14	45	45	386
14	45	50	85
14	45	55	16
14	45	60	3
14	46	20	1492
14	46	25	1550
14	46	30	1721
14	46	35	1955
14	46	40	1237
14	46	45	243
14	46	50	62
14	46	55	12
14	46	60	1
14	46	65	1
14	47	20	1116
14	47	25	1199
14	47	30	1344
14	47	35	1466
14	47	40	854
14	47	45	178
14	47	50	25
14	47	55	5
14	47	65	1
14	47	70	1
14	48	20	876
14	48	25	890
14	48	30	973
14	48	35	1087
14	48	40	620
14	48	45	94
14	48	50	26
14	48	55	2
14	48	60	2
14	49	20	579
14	49	25	690
14	49	30	774
14	49	35	771
14	49	40	427
14	49	45	68
14	49	50	12
14	49	55	3
14	50	20	473
14	50	25	477
14	50	30	550
14	50	35	557
14	50	40	270
14	50	45	48
14	50	50	10
14	50	55	2
14	51	20	336
14	51	25	346
14	51	30	399
14	51	35	423
14	51	40	172
14	51	45	17
14	51	50	8
14	51	55	3
14	52	20	228
14	52	25	240
14	52	30	287
14	52	35	279
14	52	40	99
14	52	45	14
14	52	50	2
14	53	20	153
14	53	25	166
14	53	30	160
14	53	35	171
14	53	40	44
14	53	45	5
14	54	20	101
14	54	25	108
14	54	30	131
14	54	35	127
14	54	40	30
14	54	45	5
14	55	20	80
14	55	25	79
14	55	30	96
14	55	35	84
14	55	40	19
14	55	45	1
14	56	20	50
14	56	25	66
14	56	30	75
14	56	35	68
14	56	40	17
14	56	45	1
14	57	20	43
14	57	25	53
14	57	30	66
14	57	35	55
14	57	40	10
14	58	20	60
14	58	25	57
14	58	30	74
14	58	35	61
14	58	40	10
14	59	20	39
14	59	25	52
14	59	30	56
14	59	35	42
14	59	40	7
14	59	45	1
14	60	20	41
14	60	25	42
14	60	30	68
14	60	35	35
14	60	40	6
14	61	20	190
14	61	25	193
14	61	30	214
14	61	35	163
14	61	40	31
14	61	45	1
14	62	20	170
14	62	25	182
14	62	30	176
14	62	35	127
14	62	40	32
14	62	45	1
14	63	20	4
14	63	25	8
14	63	30	11
14	63	35	2
14	63	40	1
14	64	25	2
14	64	35	1
15	28	25	1
15	29	20	1
15	29	35	2
15	29	45	1
15	30	20	1
15	30	25	5
15	30	30	2
15	30	35	1
15	30	40	2
15	31	20	1
15	31	25	2
15	31	30	4
15	31	35	5
15	31	40	3
15	31	45	1
15	31	50	1
15	32	20	13
15	32	25	11
15	32	30	15
15	32	35	18
15	32	40	11
15	32	45	2
15	32	60	1
15	33	20	19
15	33	25	22
15	33	30	28
15	33	35	32
15	33	40	22
15	33	45	2
15	34	20	50
15	34	25	56
15	34	30	62
15	34	35	70
15	34	40	54
15	34	45	6
15	34	50	1
15	35	20	112
15	35	25	120
15	35	30	164
15	35	35	193
15	35	40	124
15	35	45	17
15	35	50	3
15	36	20	416
15	36	25	469
15	36	30	499
15	36	35	644
15	36	40	391
15	36	45	57
15	36	50	6
15	36	55	2
15	37	20	767
15	37	25	829
15	37	30	1023
15	37	35	1062
15	37	40	763
15	37	45	139
15	37	50	21
15	37	55	2
15	38	20	1278
15	38	25	1329
15	38	30	1524
15	38	35	1753
15	38	40	1208
15	38	45	206
15	38	50	35
15	38	55	2
15	39	20	1871
15	39	25	2052
15	39	30	2184
15	39	35	2675
15	39	40	1685
15	39	45	293
15	39	50	43
15	39	55	10
15	39	60	1
15	40	20	2553
15	40	25	2594
15	40	30	2966
15	40	35	3501
15	40	40	2261
15	40	45	358
15	40	50	52
15	40	55	7
15	41	20	3009
15	41	25	3261
15	41	30	3529
15	41	35	4112
15	41	40	2504
15	41	45	479
15	41	50	69
15	41	55	7
15	41	60	1
15	42	20	3255
15	42	25	3309
15	42	30	3773
15	42	35	4209
15	42	40	2539
15	42	45	477
15	42	50	81
15	42	55	17
15	42	60	1
15	43	20	3028
15	43	25	3182
15	43	30	3435
15	43	35	4066
15	43	40	2320
15	43	45	397
15	43	50	67
15	43	55	14
15	43	60	1
15	44	20	2563
15	44	25	2754
15	44	30	3075
15	44	35	3545
15	44	40	2013
15	44	45	306
15	44	50	49
15	44	55	7
15	44	60	2
15	45	20	2147
15	45	25	2149
15	45	30	2417
15	45	35	2704
15	45	40	1509
15	45	45	225
15	45	50	43
15	45	55	4
15	46	20	1556
15	46	25	1647
15	46	30	1889
15	46	35	2078
15	46	40	1052
15	46	45	159
15	46	50	19
15	46	55	3
15	46	65	1
15	47	20	1206
15	47	25	1255
15	47	30	1348
15	47	35	1478
15	47	40	714
15	47	45	90
15	47	50	12
15	48	20	868
15	48	25	901
15	48	30	1101
15	48	35	1103
15	48	40	474
15	48	45	62
15	48	50	13
15	49	20	622
15	49	25	704
15	49	30	785
15	49	35	771
15	49	40	324
15	49	45	44
15	49	50	3
15	49	55	1
15	50	20	426
15	50	25	494
15	50	30	560
15	50	35	562
15	50	40	176
15	50	45	24
15	50	50	2
15	50	55	1
15	51	20	350
15	51	25	353
15	51	30	377
15	51	35	333
15	51	40	113
15	51	45	10
15	51	50	1
15	52	20	248
15	52	25	246
15	52	30	264
15	52	35	284
15	52	40	68
15	52	45	2
15	52	50	1
15	53	20	170
15	53	25	176
15	53	30	190
15	53	35	150
15	53	40	25
15	53	45	1
15	54	20	133
15	54	25	106
15	54	30	116
15	54	35	106
15	54	40	16
15	55	20	97
15	55	25	95
15	55	30	88
15	55	35	72
15	55	40	10
15	56	20	66
15	56	25	93
15	56	30	77
15	56	35	64
15	56	40	7
15	57	20	71
15	57	25	87
15	57	30	76
15	57	35	54
15	57	40	3
15	58	20	60
15	58	25	56
15	58	30	79
15	58	35	45
15	58	40	3
15	58	45	1
15	59	20	37
15	59	25	37
15	59	30	49
15	59	35	27
15	59	40	3
15	60	20	38
15	60	25	24
15	60	30	30
15	60	35	18
15	61	20	241
15	61	25	297
15	61	30	329
15	61	35	190
15	61	40	19
15	61	45	1
15	62	20	167
15	62	25	137
15	62	30	129
15	62	35	94
15	62	40	12
15	63	20	1
15	63	25	1
15	63	35	2
16	30	30	2
16	30	40	1
16	31	20	3
16	31	25	6
16	31	30	3
16	31	35	4
16	31	40	4
16	31	45	1
16	32	20	12
16	32	25	8
16	32	30	13
16	32	35	11
16	32	40	10
16	32	45	2
16	33	20	25
16	33	25	18
16	33	30	19
16	33	35	24
16	33	40	13
16	33	45	1
16	34	20	48
16	34	25	52
16	34	30	46
16	34	35	60
16	34	40	30
16	34	45	2
16	35	20	112
16	35	25	105
16	35	30	148
16	35	35	171
16	35	40	71
16	35	45	9
16	36	20	369
16	36	25	463
16	36	30	474
16	36	35	556
16	36	40	277
16	36	45	27
16	36	50	4
16	37	20	801
16	37	25	785
16	37	30	912
16	37	35	1096
16	37	40	553
16	37	45	63
16	37	50	2
16	38	20	1221
16	38	25	1323
16	38	30	1525
16	38	35	1763
16	38	40	886
16	38	45	92
16	38	50	11
16	38	55	2
16	39	20	1857
16	39	25	2009
16	39	30	2267
16	39	35	2773
16	39	40	1282
16	39	45	139
16	39	50	14
16	39	55	3
16	40	20	2587
16	40	25	2760
16	40	30	2937
16	40	35	3668
16	40	40	1795
16	40	45	183
16	40	50	22
16	41	20	3180
16	41	25	3315
16	41	30	3629
16	41	35	4375
16	41	40	1993
16	41	45	227
16	41	50	15
16	41	55	1
16	42	20	3311
16	42	25	3569
16	42	30	3806
16	42	35	4544
16	42	40	1998
16	42	45	210
16	42	50	33
16	42	55	1
16	43	20	3202
16	43	25	3309
16	43	30	3683
16	43	35	4210
16	43	40	1909
16	43	45	212
16	43	50	23
16	43	55	4
16	44	20	2716
16	44	25	2841
16	44	30	3118
16	44	35	3625
16	44	40	1523
16	44	45	151
16	44	50	10
16	44	55	2
16	45	20	2094
16	45	25	2228
16	45	30	2622
16	45	35	2699
16	45	40	1097
16	45	45	115
16	45	50	16
16	46	20	1575
16	46	25	1749
16	46	30	1907
16	46	35	2065
16	46	40	727
16	46	45	58
16	46	50	2
16	47	20	1208
16	47	25	1213
16	47	30	1378
16	47	35	1436
16	47	40	508
16	47	45	47
16	47	50	3
16	48	20	878
16	48	25	972
16	48	30	1055
16	48	35	1055
16	48	40	342
16	48	45	29
16	49	20	579
16	49	25	662
16	49	30	733
16	49	35	642
16	49	40	178
16	49	45	13
16	49	50	4
16	50	20	494
16	50	25	528
16	50	30	578
16	50	35	506
16	50	40	117
16	50	45	5
16	50	50	1
16	51	20	303
16	51	25	335
16	51	30	359
16	51	35	328
16	51	40	77
16	51	45	7
16	52	20	213
16	52	25	223
16	52	30	268
16	52	35	207
16	52	40	33
16	53	20	156
16	53	25	172
16	53	30	202
16	53	35	136
16	53	40	14
16	54	20	100
16	54	25	111
16	54	30	114
16	54	35	95
16	54	40	11
16	55	20	88
16	55	25	134
16	55	30	107
16	55	35	73
16	55	40	6
16	56	20	103
16	56	25	95
16	56	30	93
16	56	35	64
16	56	40	1
16	57	20	87
16	57	25	82
16	57	30	94
16	57	35	51
16	57	40	3
16	58	20	47
16	58	25	60
16	58	30	68
16	58	35	28
16	58	40	1
16	59	20	39
16	59	25	37
16	59	30	37
16	59	35	14
16	60	20	19
16	60	25	18
16	60	30	24
16	60	35	8
16	61	20	283
16	61	25	279
16	61	30	307
16	61	35	147
16	61	40	8
16	62	20	127
16	62	25	115
16	62	30	116
16	62	35	54
16	62	40	2
16	63	20	2
16	63	25	1
16	63	30	1
17	30	35	1
17	31	25	3
17	31	30	3
17	31	35	4
17	31	40	1
17	31	45	1
17	32	20	12
17	32	25	10
17	32	30	8
17	32	35	12
17	32	40	7
17	33	20	9
17	33	25	18
17	33	30	19
17	33	35	24
17	33	40	9
17	33	45	1
17	34	20	24
17	34	25	30
17	34	30	40
17	34	35	52
17	34	40	22
17	34	55	1
17	35	20	115
17	35	25	91
17	35	30	116
17	35	35	150
17	35	40	48
17	35	45	6
17	36	20	375
17	36	25	367
17	36	30	418
17	36	35	498
17	36	40	191
17	36	45	7
17	36	50	1
17	37	20	697
17	37	25	768
17	37	30	834
17	37	35	998
17	37	40	367
17	37	45	15
17	37	50	1
17	38	20	1120
17	38	25	1265
17	38	30	1434
17	38	35	1706
17	38	40	606
17	38	45	50
17	38	50	1
17	39	20	1813
17	39	25	2075
17	39	30	2218
17	39	35	2598
17	39	40	947
17	39	45	68
17	39	50	3
17	39	55	1
17	40	20	2571
17	40	25	2789
17	40	30	3118
17	40	35	3511
17	40	40	1210
17	40	45	77
17	40	50	6
17	41	20	3094
17	41	25	3343
17	41	30	3734
17	41	35	4295
17	41	40	1437
17	41	45	99
17	41	50	2
17	41	55	1
17	42	20	3361
17	42	25	3623
17	42	30	3953
17	42	35	4518
17	42	40	1466
17	42	45	83
17	42	50	6
17	43	20	3205
17	43	25	3272
17	43	30	3717
17	43	35	4092
17	43	40	1302
17	43	45	84
17	43	50	10
17	44	20	2713
17	44	25	2862
17	44	30	3159
17	44	35	3480
17	44	40	1010
17	44	45	58
17	44	50	2
17	45	20	2035
17	45	25	2246
17	45	30	2484
17	45	35	2633
17	45	40	777
17	45	45	36
17	45	50	1
17	46	20	1610
17	46	25	1674
17	46	30	1871
17	46	35	1985
17	46	40	472
17	46	45	27
17	46	50	1
17	47	20	1214
17	47	25	1220
17	47	30	1338
17	47	35	1385
17	47	40	322
17	47	45	17
17	48	20	866
17	48	25	926
17	48	30	1059
17	48	35	973
17	48	40	200
17	48	45	5
17	48	50	1
17	49	20	650
17	49	25	642
17	49	30	706
17	49	35	632
17	49	40	103
17	49	45	3
17	50	20	399
17	50	25	496
17	50	30	541
17	50	35	392
17	50	40	55
17	50	45	3
17	51	20	298
17	51	25	311
17	51	30	347
17	51	35	285
17	51	40	32
17	51	45	1
17	52	20	224
17	52	25	231
17	52	30	250
17	52	35	126
17	52	40	10
17	53	20	178
17	53	25	157
17	53	30	186
17	53	35	111
17	53	40	5
17	54	20	133
17	54	25	102
17	54	30	152
17	54	35	64
17	54	40	4
17	55	20	112
17	55	25	123
17	55	30	119
17	55	35	66
17	55	40	2
17	56	20	86
17	56	25	96
17	56	30	96
17	56	35	39
17	57	20	68
17	57	25	77
17	57	30	81
17	57	35	34
17	57	40	1
17	58	20	47
17	58	25	50
17	58	30	50
17	58	35	13
17	59	20	22
17	59	25	25
17	59	30	21
17	59	35	8
17	60	20	25
17	60	25	18
17	60	30	35
17	60	35	7
17	61	20	230
17	61	25	241
17	61	30	260
17	61	35	103
17	61	40	2
17	62	20	138
17	62	25	183
17	62	30	166
17	62	35	42
17	62	40	3
18	29	25	1
18	30	35	1
18	31	20	1
18	31	30	2
18	31	40	2
18	32	20	6
18	32	25	8
18	32	30	9
18	32	35	6
18	32	40	3
18	32	45	1
18	33	20	10
18	33	25	10
18	33	30	17
18	33	35	19
18	33	40	3
18	34	20	29
18	34	25	34
18	34	30	50
18	34	35	36
18	34	40	7
18	35	20	80
18	35	25	88
18	35	30	115
18	35	35	115
18	35	40	18
18	36	20	288
18	36	25	301
18	36	30	366
18	36	35	415
18	36	40	95
18	36	45	3
18	37	20	638
18	37	25	661
18	37	30	761
18	37	35	899
18	37	40	183
18	37	45	8
18	38	20	1027
18	38	25	1154
18	38	30	1303
18	38	35	1551
18	38	40	366
18	38	45	16
18	39	20	1630
18	39	25	1869
18	39	30	2103
18	39	35	2380
18	39	40	538
18	39	45	28
18	40	20	2457
18	40	25	2666
18	40	30	3094
18	40	35	3282
18	40	40	641
18	40	45	22
18	40	50	2
18	41	20	3103
18	41	25	3294
18	41	30	3684
18	41	35	3978
18	41	40	850
18	41	45	35
18	41	50	2
18	42	20	3186
18	42	25	3513
18	42	30	3900
18	42	35	4004
18	42	40	839
18	42	45	32
18	43	20	3005
18	43	25	3174
18	43	30	3679
18	43	35	3737
18	43	40	750
18	43	45	28
18	44	20	2669
18	44	25	2932
18	44	30	3249
18	44	35	3260
18	44	40	618
18	44	45	16
18	45	20	2045
18	45	25	2167
18	45	30	2447
18	45	35	2320
18	45	40	474
18	45	45	8
18	45	50	1
18	46	20	1602
18	46	25	1573
18	46	30	1837
18	46	35	1610
18	46	40	245
18	46	45	3
18	47	20	1124
18	47	25	1188
18	47	30	1410
18	47	35	1147
18	47	40	148
18	47	45	3
18	48	20	805
18	48	25	910
18	48	30	1045
18	48	35	735
18	48	40	99
18	48	45	2
18	49	20	572
18	49	25	657
18	49	30	702
18	49	35	502
18	49	40	64
18	50	20	431
18	50	25	449
18	50	30	488
18	50	35	346
18	50	40	27
18	51	20	294
18	51	25	301
18	51	30	332
18	51	35	184
18	51	40	19
18	52	20	217
18	52	25	237
18	52	30	231
18	52	35	143
18	52	40	2
18	53	20	135
18	53	25	171
18	53	30	162
18	53	35	79
18	53	40	1
18	54	20	100
18	54	25	125
18	54	30	141
18	54	35	48
18	54	40	2
18	55	20	108
18	55	25	111
18	55	30	133
18	55	35	41
18	56	20	86
18	56	25	106
18	56	30	110
18	56	35	34
18	56	40	1
18	57	20	69
18	57	25	55
18	57	30	67
18	57	35	12
18	58	20	39
18	58	25	51
18	58	30	39
18	58	35	7
18	59	20	12
18	59	25	20
18	59	30	13
18	59	35	5
18	60	20	8
18	60	25	8
18	60	30	8
18	60	35	2
18	61	20	235
18	61	25	238
18	61	30	244
18	61	35	61
18	61	40	1
18	62	20	132
18	62	25	156
18	62	30	144
18	62	35	20
18	62	40	1
18	63	20	11
18	63	25	12
18	63	30	13
18	63	35	1
19	30	30	1
19	31	25	2
19	31	30	1
19	31	35	2
19	32	20	1
19	32	25	4
19	32	30	9
19	32	35	11
19	32	40	1
19	32	45	1
19	33	20	13
19	33	25	6
19	33	30	11
19	33	35	14
19	33	40	1
19	33	45	1
19	34	20	23
19	34	25	29
19	34	30	12
19	34	35	20
19	34	40	4
19	35	20	60
19	35	25	59
19	35	30	89
19	35	35	84
19	35	40	13
19	36	20	280
19	36	25	288
19	36	30	328
19	36	35	361
19	36	40	34
19	36	45	1
19	37	20	528
19	37	25	608
19	37	30	679
19	37	35	704
19	37	40	99
19	37	45	7
19	38	20	1001
19	38	25	1107
19	38	30	1178
19	38	35	1295
19	38	40	168
19	38	45	3
19	39	20	1677
19	39	25	1734
19	39	30	2037
19	39	35	2005
19	39	40	259
19	39	45	6
19	40	20	2283
19	40	25	2551
19	40	30	2893
19	40	35	2821
19	40	40	371
19	40	45	7
19	41	20	2964
19	41	25	3255
19	41	30	3489
19	41	35	3519
19	41	40	405
19	41	45	5
19	41	50	1
19	42	20	3123
19	42	25	3308
19	42	30	3737
19	42	35	3587
19	42	40	432
19	42	45	6
19	43	20	2951
19	43	25	3115
19	43	30	3517
19	43	35	3192
19	43	40	373
19	43	45	5
19	44	20	2519
19	44	25	2749
19	44	30	3106
19	44	35	2679
19	44	40	268
19	44	45	3
19	45	20	1912
19	45	25	1988
19	45	30	2347
19	45	35	1903
19	45	40	190
19	45	45	7
19	46	20	1439
19	46	25	1550
19	46	30	1824
19	46	35	1380
19	46	40	103
19	46	45	2
19	47	20	1068
19	47	25	1134
19	47	30	1358
19	47	35	931
19	47	40	74
19	47	45	2
19	48	20	726
19	48	25	786
19	48	30	910
19	48	35	603
19	48	40	35
19	49	20	514
19	49	25	606
19	49	30	660
19	49	35	392
19	49	40	18
19	50	20	383
19	50	25	400
19	50	30	452
19	50	35	252
19	50	40	6
19	51	20	293
19	51	25	306
19	51	30	323
19	51	35	148
19	51	40	5
19	52	20	174
19	52	25	205
19	52	30	183
19	52	35	73
19	53	20	147
19	53	25	164
19	53	30	171
19	53	35	37
19	54	20	123
19	54	25	144
19	54	30	128
19	54	35	31
19	55	20	110
19	55	25	125
19	55	30	111
19	55	35	18
19	56	20	87
19	56	25	87
19	56	30	80
19	56	35	16
19	57	20	51
19	57	25	59
19	57	30	44
19	57	35	3
19	58	20	21
19	58	25	23
19	58	30	23
19	58	35	1
19	59	20	15
19	59	25	8
19	59	30	8
19	59	35	2
19	60	20	7
19	60	25	4
19	60	30	5
19	61	20	208
19	61	25	256
19	61	30	238
19	61	35	36
19	62	20	130
19	62	25	153
19	62	30	104
19	62	35	15
19	63	30	2
20	31	30	1
20	31	35	1
20	32	20	4
20	32	25	5
20	32	30	8
20	32	35	3
20	33	20	10
20	33	25	14
20	33	30	6
20	33	35	16
20	33	40	4
20	34	20	19
20	34	25	12
20	34	30	21
20	34	35	23
20	34	40	1
20	35	20	47
20	35	25	41
20	35	30	79
20	35	35	67
20	35	40	4
20	36	20	224
20	36	25	243
20	36	30	289
20	36	35	251
20	36	40	19
20	37	20	460
20	37	25	570
20	37	30	596
20	37	35	571
20	37	40	44
20	38	20	840
20	38	25	918
20	38	30	1089
20	38	35	928
20	38	40	68
20	39	20	1426
20	39	25	1574
20	39	30	1772
20	39	35	1627
20	39	40	118
20	40	20	2118
20	40	25	2205
20	40	30	2573
20	40	35	2302
20	40	40	144
20	40	45	2
20	41	20	2693
20	41	25	2919
20	41	30	3466
20	41	35	2819
20	41	40	180
20	42	20	2934
20	42	25	3130
20	42	30	3753
20	42	35	2825
20	42	40	182
20	42	45	2
20	43	20	2764
20	43	25	2871
20	43	30	3385
20	43	35	2583
20	43	40	148
20	44	20	2396
20	44	25	2613
20	44	30	2873
20	44	35	2129
20	44	40	116
20	44	45	1
20	45	20	1859
20	45	25	1840
20	45	30	2137
20	45	35	1483
20	45	40	74
20	46	20	1330
20	46	25	1410
20	46	30	1690
20	46	35	1009
20	46	40	40
20	47	20	965
20	47	25	1101
20	47	30	1262
20	47	35	677
20	47	40	24
20	48	20	729
20	48	25	732
20	48	30	807
20	48	35	387
20	48	40	13
20	49	20	508
20	49	25	473
20	49	30	582
20	49	35	274
20	49	40	5
20	50	20	332
20	50	25	350
20	50	30	381
20	50	35	141
20	50	40	2
20	51	20	247
20	51	25	262
20	51	30	284
20	51	35	66
20	52	20	202
20	52	25	187
20	52	30	197
20	52	35	33
20	53	20	144
20	53	25	153
20	53	30	125
20	53	35	26
20	54	20	113
20	54	25	108
20	54	30	120
20	54	35	17
20	55	20	100
20	55	25	92
20	55	30	83
20	55	35	7
20	56	20	67
20	56	25	83
20	56	30	68
20	56	35	2
20	57	20	32
20	57	25	46
20	57	30	33
20	57	35	4
20	58	20	13
20	58	25	18
20	58	30	11
20	58	35	2
20	59	25	6
20	59	30	9
20	59	35	1
20	60	20	5
20	60	25	3
20	60	30	2
20	61	20	166
20	61	25	195
20	61	30	161
20	61	35	13
20	62	20	126
20	62	25	149
20	62	30	102
20	62	35	7
20	64	20	2
21	30	30	2
21	31	30	1
21	32	20	4
21	32	30	3
21	32	35	4
21	33	20	11
21	33	25	8
21	33	30	9
21	33	35	4
21	34	20	12
21	34	25	18
21	34	30	24
21	34	35	14
21	35	20	38
21	35	25	54
21	35	30	65
21	35	35	43
21	36	20	186
21	36	25	186
21	36	30	210
21	36	35	169
21	36	40	1
21	37	20	404
21	37	25	468
21	37	30	486
21	37	35	379
21	37	40	9
21	38	20	801
21	38	25	822
21	38	30	972
21	38	35	731
21	38	40	14
21	39	20	1316
21	39	25	1378
21	39	30	1649
21	39	35	1177
21	39	40	37
21	39	45	1
21	40	20	2025
21	40	25	2189
21	40	30	2470
21	40	35	1725
21	40	40	47
21	41	20	2463
21	41	25	2717
21	41	30	3225
21	41	35	2004
21	41	40	65
21	42	20	2666
21	42	25	2868
21	42	30	3422
21	42	35	2019
21	42	40	58
21	43	20	2435
21	43	25	2578
21	43	30	3101
21	43	35	1888
21	43	40	43
21	44	20	2264
21	44	25	2364
21	44	30	2740
21	44	35	1478
21	44	40	36
21	45	20	1678
21	45	25	1774
21	45	30	2131
21	45	35	1049
21	45	40	15
21	46	20	1185
21	46	25	1364
21	46	30	1566
21	46	35	702
21	46	40	10
21	47	20	897
21	47	25	942
21	47	30	1014
21	47	35	422
21	47	40	5
21	48	20	651
21	48	25	679
21	48	30	732
21	48	35	272
21	48	40	5
21	49	20	433
21	49	25	491
21	49	30	523
21	49	35	143
21	49	40	1
21	50	20	298
21	50	25	331
21	50	30	384
21	50	35	72
21	51	20	183
21	51	25	210
21	51	30	241
21	51	35	36
21	51	40	1
21	52	20	175
21	52	25	188
21	52	30	158
21	52	35	20
21	53	20	124
21	53	25	135
21	53	30	134
21	53	35	10
21	54	20	107
21	54	25	100
21	54	30	110
21	54	35	9
21	55	20	79
21	55	25	87
21	55	30	58
21	55	35	4
21	56	20	47
21	56	25	47
21	56	30	43
21	57	20	26
21	57	25	35
21	57	30	14
21	57	35	2
21	58	20	12
21	58	25	12
21	58	30	7
21	59	20	5
21	59	25	3
21	59	30	2
21	60	20	15
21	60	25	17
21	60	30	11
21	61	20	145
21	61	25	177
21	61	30	107
21	61	35	2
21	62	20	123
21	62	25	164
21	62	30	79
21	62	35	2
22	30	40	1
22	31	20	1
22	31	25	1
22	31	30	1
22	31	35	1
22	32	20	3
22	32	25	3
22	32	30	3
22	32	35	3
22	33	20	4
22	33	25	6
22	33	30	12
22	33	35	4
22	34	20	11
22	34	25	10
22	34	30	20
22	34	35	7
22	35	20	21
22	35	25	43
22	35	30	47
22	35	35	23
22	36	20	144
22	36	25	165
22	36	30	197
22	36	35	122
22	36	40	2
22	37	20	346
22	37	25	379
22	37	30	471
22	37	35	243
22	37	40	5
22	38	20	636
22	38	25	721
22	38	30	896
22	38	35	495
22	38	40	8
22	39	20	1165
22	39	25	1286
22	39	30	1453
22	39	35	798
22	39	40	10
22	40	20	1737
22	40	25	1849
22	40	30	2229
22	40	35	1179
22	40	40	8
22	41	20	2238
22	41	25	2403
22	41	30	2922
22	41	35	1430
22	41	40	12
22	42	20	2402
22	42	25	2597
22	42	30	3068
22	42	35	1481
22	42	40	10
22	43	20	2329
22	43	25	2500
22	43	30	2827
22	43	35	1216
22	43	40	8
22	44	20	1967
22	44	25	2132
22	44	30	2498
22	44	35	959
22	44	40	4
22	45	20	1495
22	45	25	1573
22	45	30	1875
22	45	35	689
22	45	40	3
22	46	20	1101
22	46	25	1171
22	46	30	1374
22	46	35	433
22	46	40	3
22	47	20	741
22	47	25	826
22	47	30	972
22	47	35	236
22	48	20	556
22	48	25	613
22	48	30	664
22	48	35	137
22	49	20	385
22	49	25	425
22	49	30	444
22	49	35	71
22	49	40	1
22	50	20	268
22	50	25	256
22	50	30	273
22	50	35	28
22	51	20	174
22	51	25	218
22	51	30	205
22	51	35	13
22	52	20	134
22	52	25	166
22	52	30	124
22	52	35	8
22	53	20	134
22	53	25	133
22	53	30	101
22	53	35	1
22	54	20	76
22	54	25	86
22	54	30	54
22	55	20	44
22	55	25	76
22	55	30	42
22	55	35	1
22	56	20	35
22	56	25	47
22	56	30	12
22	57	20	24
22	57	25	18
22	57	30	12
22	58	20	9
22	58	25	8
22	58	30	5
22	59	20	3
22	59	30	1
22	60	20	2
22	60	25	1
22	60	30	1
22	61	20	150
22	61	25	182
22	61	30	78
22	61	35	2
22	62	20	106
22	62	25	140
22	62	30	43
22	63	25	1
23	30	25	1
23	31	20	1
23	31	35	1
23	32	20	2
23	32	30	2
23	33	20	2
23	33	25	4
23	33	30	7
23	33	35	6
23	34	20	8
23	34	25	2
23	34	30	12
23	34	35	3
23	35	20	24
23	35	25	32
23	35	30	35
23	35	35	9
23	36	20	126
23	36	25	131
23	36	30	149
23	36	35	59
23	37	20	291
23	37	25	324
23	37	30	387
23	37	35	165
23	38	20	581
23	38	25	637
23	38	30	751
23	38	35	279
23	38	40	2
23	39	20	953
23	39	25	1095
23	39	30	1311
23	39	35	504
23	39	40	3
23	40	20	1474
23	40	25	1713
23	40	30	2082
23	40	35	693
23	40	40	2
23	41	20	2022
23	41	25	2312
23	41	30	2612
23	41	35	900
23	41	40	5
23	42	20	2261
23	42	25	2403
23	42	30	2841
23	42	35	856
23	42	40	1
23	43	20	2068
23	43	25	2114
23	43	30	2545
23	43	35	777
23	43	40	1
23	44	20	1795
23	44	25	1861
23	44	30	2197
23	44	35	624
23	45	20	1364
23	45	25	1416
23	45	30	1599
23	45	35	378
23	46	20	1004
23	46	25	1101
23	46	30	1144
23	46	35	236
23	46	40	1
23	47	20	679
23	47	25	706
23	47	30	749
23	47	35	122
23	48	20	462
23	48	25	545
23	48	30	534
23	48	35	64
23	49	20	323
23	49	25	368
23	49	30	338
23	49	35	38
23	50	20	222
23	50	25	256
23	50	30	216
23	50	35	18
23	51	20	168
23	51	25	199
23	51	30	125
23	51	35	7
23	52	20	155
23	52	25	144
23	52	30	94
23	52	35	1
23	53	20	101
23	53	25	109
23	53	30	66
23	54	20	76
23	54	25	91
23	54	30	54
23	54	35	1
23	55	20	50
23	55	25	54
23	55	30	29
23	56	20	24
23	56	25	28
23	56	30	11
23	57	20	10
23	57	25	18
23	57	30	3
23	58	20	4
23	58	25	4
23	58	30	1
23	59	25	2
23	60	25	1
23	61	20	172
23	61	25	191
23	61	30	60
23	62	20	79
23	62	25	71
23	62	30	14
23	63	25	1
24	31	25	1
24	32	20	2
24	32	30	3
24	33	20	4
24	33	25	4
24	33	30	2
24	34	20	5
24	34	25	7
24	34	30	9
24	35	20	25
24	35	25	20
24	35	30	29
24	35	35	3
24	36	20	79
24	36	25	88
24	36	30	129
24	36	35	25
24	37	20	251
24	37	25	264
24	37	30	345
24	37	35	65
24	38	20	439
24	38	25	495
24	38	30	655
24	38	35	135
24	39	20	845
24	39	25	995
24	39	30	1167
24	39	35	262
24	39	40	1
24	40	20	1347
24	40	25	1539
24	40	30	1870
24	40	35	390
24	41	20	1823
24	41	25	2037
24	41	30	2424
24	41	35	439
24	42	20	1997
24	42	25	2203
24	42	30	2427
24	42	35	472
24	43	20	1809
24	43	25	2013
24	43	30	2312
24	43	35	406
24	43	40	1
24	44	20	1609
24	44	25	1656
24	44	30	1913
24	44	35	287
24	44	40	1
24	45	20	1214
24	45	25	1338
24	45	30	1425
24	45	35	186
24	46	20	894
24	46	25	951
24	46	30	944
24	46	35	100
24	47	20	595
24	47	25	660
24	47	30	699
24	47	35	50
24	48	20	447
24	48	25	464
24	48	30	395
24	48	35	17
24	49	20	314
24	49	25	336
24	49	30	296
24	49	35	15
24	50	20	187
24	50	25	211
24	50	30	173
24	50	35	2
24	51	20	155
24	51	25	176
24	51	30	95
24	51	35	2
24	52	20	108
24	52	25	131
24	52	30	58
24	53	20	83
24	53	25	88
24	53	30	52
24	54	20	56
24	54	25	58
24	54	30	41
24	55	20	33
24	55	25	36
24	55	30	19
24	56	20	14
24	56	25	13
24	56	30	11
24	57	20	10
24	57	25	3
24	57	30	3
24	58	20	3
24	58	25	2
24	58	30	1
24	59	20	2
24	61	20	158
24	61	25	167
24	61	30	23
24	62	20	61
24	62	25	60
24	62	30	7
25	31	25	1
25	32	30	2
25	32	35	1
25	33	20	2
25	33	25	1
25	33	30	1
25	34	20	3
25	34	25	2
25	34	30	7
25	35	20	21
25	35	25	20
25	35	30	22
25	35	35	2
25	36	20	73
25	36	25	78
25	36	30	101
25	36	35	8
25	37	20	188
25	37	25	221
25	37	30	252
25	37	35	36
25	38	20	432
25	38	25	469
25	38	30	554
25	38	35	53
25	39	20	756
25	39	25	816
25	39	30	1038
25	39	35	125
25	40	20	1183
25	40	25	1446
25	40	30	1611
25	40	35	188
25	41	20	1676
25	41	25	1720
25	41	30	2016
25	41	35	209
25	42	20	1771
25	42	25	1952
25	42	30	2110
25	42	35	218
25	43	20	1600
25	43	25	1840
25	43	30	1902
25	43	35	172
25	44	20	1320
25	44	25	1451
25	44	30	1610
25	44	35	109
25	45	20	1037
25	45	25	1160
25	45	30	1140
25	45	35	75
25	46	20	756
25	46	25	814
25	46	30	845
25	46	35	29
25	47	20	529
25	47	25	618
25	47	30	499
25	47	35	22
25	48	20	380
25	48	25	412
25	48	30	300
25	48	35	10
25	49	20	259
25	49	25	250
25	49	30	214
25	49	35	3
25	50	20	181
25	50	25	200
25	50	30	115
25	50	35	1
25	51	20	144
25	51	25	160
25	51	30	77
25	51	35	1
25	52	20	103
25	52	25	102
25	52	30	47
25	53	20	75
25	53	25	78
25	53	30	27
25	54	20	36
25	54	25	50
25	54	30	23
25	55	20	34
25	55	25	35
25	55	30	14
25	56	20	19
25	56	25	16
25	57	20	6
25	57	25	7
25	57	30	2
25	58	20	2
25	58	25	1
25	59	25	1
25	61	20	128
25	61	25	126
25	61	30	19
25	62	20	72
25	62	25	53
25	62	30	3
26	31	25	2
26	33	20	4
26	33	25	1
26	33	30	2
26	34	20	3
26	34	25	2
26	34	30	3
26	35	20	9
26	35	25	16
26	35	30	19
26	35	35	3
26	36	20	65
26	36	25	68
26	36	30	75
26	36	35	3
26	37	20	166
26	37	25	212
26	37	30	201
26	37	35	11
26	38	20	352
26	38	25	405
26	38	30	463
26	38	35	26
26	39	20	670
26	39	25	769
26	39	30	826
26	39	35	51
26	40	20	1137
26	40	25	1211
26	40	30	1301
26	40	35	58
26	41	20	1366
26	41	25	1632
26	41	30	1650
26	41	35	80
26	42	20	1542
26	42	25	1690
26	42	30	1728
26	42	35	61
26	43	20	1395
26	43	25	1630
26	43	30	1527
26	43	35	69
26	44	20	1223
26	44	25	1433
26	44	30	1244
26	44	35	44
26	45	20	928
26	45	25	1076
26	45	30	938
26	45	35	30
26	46	20	670
26	46	25	733
26	46	30	587
26	46	35	13
26	47	20	466
26	47	25	565
26	47	30	404
26	47	35	6
26	48	20	324
26	48	25	370
26	48	30	210
26	48	35	2
26	49	20	216
26	49	25	254
26	49	30	128
26	49	35	1
26	50	20	153
26	50	25	150
26	50	30	82
26	50	35	1
26	51	20	137
26	51	25	144
26	51	30	48
26	51	35	2
26	52	20	80
26	52	25	107
26	52	30	29
26	53	20	52
26	53	25	79
26	53	30	17
26	54	20	46
26	54	25	50
26	54	30	5
26	55	20	17
26	55	25	24
26	55	30	5
26	56	20	16
26	56	25	7
26	56	30	1
26	57	20	6
26	57	25	4
26	58	25	1
26	59	20	1
26	59	25	1
26	60	20	1
26	61	20	106
26	61	25	99
26	61	30	5
26	62	20	72
26	62	25	43
26	62	30	4
27	31	20	1
27	31	30	1
27	32	30	2
27	33	20	2
27	33	25	2
27	33	30	2
27	34	20	2
27	34	30	1
27	35	20	9
27	35	25	15
27	35	30	13
27	36	20	32
27	36	25	44
27	36	30	43
27	36	35	1
27	37	20	144
27	37	25	179
27	37	30	191
27	37	35	2
27	38	20	279
27	38	25	358
27	38	30	317
27	38	35	5
27	39	20	551
27	39	25	649
27	39	30	640
27	39	35	10
27	40	20	955
27	40	25	1084
27	40	30	1022
27	40	35	21
27	41	20	1317
27	41	25	1471
27	41	30	1286
27	41	35	23
27	42	20	1341
27	42	25	1586
27	42	30	1404
27	42	35	18
27	43	20	1151
27	43	25	1466
27	43	30	1145
27	43	35	15
27	44	20	1102
27	44	25	1224
27	44	30	1033
27	44	35	9
27	45	20	834
27	45	25	934
27	45	30	702
27	45	35	8
27	46	20	595
27	46	25	613
27	46	30	432
27	46	35	2
27	47	20	392
27	47	25	453
27	47	30	256
27	47	35	1
27	48	20	276
27	48	25	331
27	48	30	142
27	49	20	169
27	49	25	190
27	49	30	95
27	50	20	115
27	50	25	153
27	50	30	59
27	51	20	119
27	51	25	108
27	51	30	37
27	52	20	79
27	52	25	100
27	52	30	19
27	53	20	59
27	53	25	47
27	53	30	10
27	54	20	28
27	54	25	32
27	54	30	4
27	55	20	18
27	55	25	16
27	56	20	8
27	56	25	11
27	57	20	1
27	57	25	2
27	58	20	1
27	58	25	1
27	60	20	4
27	60	25	1
27	61	20	96
27	61	25	73
27	61	30	7
27	62	20	43
27	62	25	40
28	32	30	1
28	33	25	2
28	34	20	1
28	34	25	3
28	34	30	2
28	35	20	10
28	35	25	13
28	35	30	11
28	36	20	45
28	36	25	38
28	36	30	47
28	36	35	1
28	37	20	118
28	37	25	146
28	37	30	111
28	37	35	2
28	38	20	241
28	38	25	294
28	38	30	270
28	38	35	1
28	39	20	527
28	39	25	586
28	39	30	492
28	39	35	5
28	40	20	877
28	40	25	951
28	40	30	738
28	40	35	2
28	41	20	1183
28	41	25	1333
28	41	30	960
28	41	35	9
28	42	20	1263
28	42	25	1402
28	42	30	1036
28	42	35	4
28	43	20	1090
28	43	25	1289
28	43	30	915
28	43	35	4
28	44	20	969
28	44	25	1124
28	44	30	672
28	44	35	1
28	45	20	701
28	45	25	820
28	45	30	485
28	46	20	522
28	46	25	544
28	46	30	334
28	47	20	369
28	47	25	417
28	47	30	203
28	47	35	1
28	48	20	215
28	48	25	297
28	48	30	120
28	49	20	161
28	49	25	174
28	49	30	43
28	50	20	100
28	50	25	135
28	50	30	21
28	51	20	72
28	51	25	101
28	51	30	10
28	52	20	69
28	52	25	69
28	52	30	10
28	53	20	40
28	53	25	51
28	53	30	2
28	54	20	30
28	54	25	24
28	54	30	5
28	55	20	11
28	55	25	16
28	56	20	7
28	56	25	6
28	56	30	1
28	57	20	2
28	57	25	1
28	58	20	1
28	60	20	1
28	61	20	77
28	61	25	55
28	61	30	2
28	62	20	45
28	62	25	37
28	62	30	1
29	32	20	1
29	33	20	2
29	33	25	1
29	34	20	1
29	34	30	3
29	35	20	7
29	35	25	6
29	35	30	4
29	36	20	18
29	36	25	45
29	36	30	26
29	37	20	97
29	37	25	112
29	37	30	80
29	38	20	193
29	38	25	237
29	38	30	143
29	38	35	1
29	39	20	460
29	39	25	495
29	39	30	302
29	39	35	1
29	40	20	737
29	40	25	816
29	40	30	522
29	41	20	980
29	41	25	1196
29	41	30	684
29	42	20	1108
29	42	25	1238
29	42	30	715
29	42	35	1
29	43	20	960
29	43	25	1083
29	43	30	670
29	43	35	1
29	44	20	864
29	44	25	1039
29	44	30	520
29	45	20	611
29	45	25	735
29	45	30	327
29	46	20	425
29	46	25	518
29	46	30	195
29	47	20	330
29	47	25	365
29	47	30	101
29	48	20	210
29	48	25	214
29	48	30	62
29	49	20	137
29	49	25	133
29	49	30	31
29	50	20	93
29	50	25	107
29	50	30	9
29	51	20	86
29	51	25	83
29	51	30	13
29	52	20	60
29	52	25	58
29	52	30	5
29	53	20	35
29	53	25	32
29	54	20	20
29	54	25	21
29	54	30	1
29	55	20	6
29	55	25	7
29	56	20	2
29	56	25	3
29	57	20	1
29	57	25	1
29	58	20	1
29	60	20	2
29	61	20	75
29	61	25	42
29	62	20	40
29	62	25	32
30	32	25	1
30	33	25	2
30	33	30	1
30	34	20	2
30	34	30	1
30	35	20	3
30	35	25	4
30	35	30	4
30	36	20	19
30	36	25	29
30	36	30	17
30	37	20	60
30	37	25	105
30	37	30	52
30	38	20	182
30	38	25	190
30	38	30	111
30	39	20	334
30	39	25	467
30	39	30	210
30	40	20	622
30	40	25	761
30	40	30	379
30	41	20	908
30	41	25	1001
30	41	30	488
30	42	20	920
30	42	25	1131
30	42	30	475
30	43	20	915
30	43	25	1093
30	43	30	433
30	44	20	723
30	44	25	848
30	44	30	308
30	45	20	570
30	45	25	645
30	45	30	241
30	46	20	421
30	46	25	452
30	46	30	127
30	47	20	261
30	47	25	299
30	47	30	76
30	48	20	182
30	48	25	188
30	48	30	31
30	49	20	105
30	49	25	125
30	49	30	18
30	50	20	91
30	50	25	75
30	50	30	7
30	51	20	81
30	51	25	60
30	51	30	7
30	52	20	38
30	52	25	41
30	53	20	29
30	53	25	26
30	54	20	15
30	54	25	7
30	55	20	10
30	55	25	6
30	56	20	2
30	56	25	5
30	57	20	2
30	57	25	1
30	58	20	1
30	61	20	56
30	61	25	26
30	62	20	32
30	62	25	25
31	33	20	2
31	33	30	1
31	35	20	5
31	35	25	4
31	35	30	1
31	36	20	32
31	36	25	20
31	36	30	9
31	37	20	61
31	37	25	88
31	37	30	37
31	38	20	155
31	38	25	158
31	38	30	100
31	39	20	321
31	39	25	364
31	39	30	144
31	40	20	483
31	40	25	649
31	40	30	248
31	41	20	756
31	41	25	870
31	41	30	311
31	42	20	798
31	42	25	952
31	42	30	311
31	43	20	686
31	43	25	890
31	43	30	283
31	44	20	567
31	44	25	738
31	44	30	233
31	45	20	493
31	45	25	535
31	45	30	133
31	46	20	357
31	46	25	364
31	46	30	74
31	47	20	236
31	47	25	235
31	47	30	27
31	48	20	138
31	48	25	162
31	48	30	15
31	49	20	81
31	49	25	85
31	49	30	5
31	50	20	84
31	50	25	66
31	50	30	1
31	51	20	58
31	51	25	53
31	52	20	37
31	52	25	28
31	53	20	22
31	53	25	12
31	53	30	2
31	54	20	9
31	54	25	8
31	55	20	4
31	55	25	1
31	56	20	2
31	56	25	1
31	57	20	1
31	58	20	1
31	59	20	1
31	61	20	72
31	61	25	30
31	62	20	14
31	62	25	7
32	33	25	1
32	35	20	4
32	35	25	4
32	35	30	2
32	36	20	21
32	36	25	24
32	36	30	6
32	37	20	52
32	37	25	57
32	37	30	28
32	38	20	119
32	38	25	149
32	38	30	44
32	39	20	217
32	39	25	279
32	39	30	86
32	40	20	420
32	40	25	531
32	40	30	148
32	41	20	637
32	41	25	731
32	41	30	189
32	42	20	706
32	42	25	843
32	42	30	213
32	43	20	655
32	43	25	744
32	43	30	177
32	44	20	565
32	44	25	608
32	44	30	127
32	45	20	425
32	45	25	441
32	45	30	71
32	46	20	265
32	46	25	289
32	46	30	36
32	47	20	184
32	47	25	221
32	47	30	23
32	48	20	144
32	48	25	123
32	48	30	8
32	49	20	77
32	49	25	68
32	50	20	62
32	50	25	53
32	50	30	1
32	51	20	51
32	51	25	36
32	52	20	33
32	52	25	12
32	53	20	22
32	53	25	10
32	54	20	9
32	54	25	5
32	55	20	1
32	55	25	1
32	56	25	1
32	60	25	1
32	61	20	59
32	61	25	18
32	62	20	10
32	62	25	2
33	35	20	2
33	35	25	1
33	36	20	17
33	36	25	12
33	36	30	5
33	37	20	41
33	37	25	39
33	37	30	13
33	38	20	89
33	38	25	109
33	38	30	15
33	39	20	206
33	39	25	246
33	39	30	59
33	40	20	391
33	40	25	440
33	40	30	69
33	41	20	500
33	41	25	631
33	41	30	86
33	42	20	593
33	42	25	682
33	42	30	88
33	43	20	553
33	43	25	594
33	43	30	93
33	44	20	454
33	44	25	494
33	44	30	61
33	45	20	318
33	45	25	321
33	45	30	42
33	46	20	238
33	46	25	268
33	46	30	16
33	47	20	186
33	47	25	145
33	47	30	6
33	48	20	102
33	48	25	109
33	48	30	5
33	49	20	64
33	49	25	54
33	49	30	2
33	50	20	50
33	50	25	48
33	51	20	28
33	51	25	30
33	51	30	1
33	52	20	29
33	52	25	17
33	53	20	8
33	53	25	6
33	54	20	7
33	54	25	5
33	55	20	1
33	56	25	1
33	57	20	1
33	60	20	1
33	61	20	37
33	61	25	11
33	62	20	17
33	62	25	3
34	31	30	1
34	35	20	2
34	35	25	3
34	36	20	9
34	36	25	13
34	36	30	1
34	37	20	37
34	37	25	26
34	37	30	8
34	38	20	84
34	38	25	94
34	38	30	18
34	39	20	168
34	39	25	171
34	39	30	29
34	40	20	301
34	40	25	377
34	40	30	46
34	41	20	426
34	41	25	494
34	41	30	42
34	42	20	477
34	42	25	485
34	42	30	38
34	43	20	451
34	43	25	493
34	43	30	34
34	44	20	376
34	44	25	387
34	44	30	28
34	45	20	291
34	45	25	291
34	45	30	10
34	46	20	171
34	46	25	163
34	46	30	9
34	47	20	118
34	47	25	109
34	47	30	1
34	48	20	88
34	48	25	60
34	48	30	1
34	49	20	66
34	49	25	48
34	50	20	44
34	50	25	23
34	51	20	23
34	51	25	13
34	52	20	14
34	52	25	13
34	53	20	7
34	53	25	4
34	54	20	12
34	54	25	2
34	55	20	1
34	55	25	1
34	56	20	1
34	57	20	1
34	61	20	35
34	61	25	7
34	62	20	12
34	62	25	3
35	32	20	1
35	32	25	1
35	35	25	3
35	36	20	12
35	36	25	6
35	37	20	21
35	37	25	40
35	37	30	2
35	38	20	62
35	38	25	70
35	38	30	6
35	39	20	115
35	39	25	153
35	39	30	9
35	40	20	234
35	40	25	283
35	40	30	19
35	41	20	332
35	41	25	353
35	41	30	18
35	42	20	371
35	42	25	397
35	42	30	18
35	43	20	375
35	43	25	330
35	43	30	21
35	44	20	272
35	44	25	276
35	44	30	7
35	45	20	220
35	45	25	178
35	45	30	3
35	46	20	144
35	46	25	133
35	46	30	2
35	47	20	92
35	47	25	61
35	48	20	57
35	48	25	53
35	49	20	52
35	49	25	26
35	50	20	40
35	50	25	22
35	51	20	25
35	51	25	11
35	52	20	8
35	52	25	3
35	53	20	8
35	53	25	2
35	54	20	4
35	55	20	2
35	57	20	1
35	61	20	30
35	61	25	4
35	62	20	6
35	62	25	3
36	35	25	2
36	36	20	2
36	36	25	7
36	37	20	17
36	37	25	11
36	38	20	42
36	38	25	39
36	38	30	2
36	39	20	85
36	39	25	112
36	39	30	3
36	40	20	187
36	40	25	173
36	41	20	267
36	41	25	278
36	41	30	4
36	42	20	269
36	42	25	266
36	42	30	7
36	43	20	297
36	43	25	264
36	43	30	5
36	44	20	228
36	44	25	200
36	44	30	2
36	45	20	173
36	45	25	129
36	46	20	113
36	46	25	87
36	46	30	2
36	47	20	85
36	47	25	57
36	48	20	47
36	48	25	34
36	49	20	30
36	49	25	29
36	50	20	26
36	50	25	9
36	51	20	21
36	51	25	6
36	52	20	8
36	52	25	1
36	53	20	2
36	56	20	1
36	60	25	1
36	61	20	22
36	61	25	1
36	62	20	9
37	32	25	1
37	33	20	1
37	35	20	1
37	35	25	1
37	36	20	1
37	36	25	3
37	37	20	11
37	37	25	15
37	38	20	25
37	38	25	25
37	39	20	65
37	39	25	79
37	39	30	1
37	40	20	146
37	40	25	118
37	41	20	182
37	41	25	166
37	42	20	220
37	42	25	183
37	43	20	208
37	43	25	178
37	43	30	1
37	44	20	190
37	44	25	107
37	45	20	130
37	45	25	83
37	46	20	79
37	46	25	56
37	47	20	64
37	47	25	27
37	48	20	42
37	48	25	27
37	49	20	25
37	49	25	17
37	50	20	14
37	50	25	6
37	51	20	12
37	51	25	4
37	52	20	2
37	52	25	1
37	53	20	4
37	53	25	1
37	54	20	2
37	54	25	1
37	55	20	1
37	61	20	13
37	61	25	1
37	62	20	11
38	35	20	1
38	36	20	4
38	36	25	2
38	37	20	8
38	37	25	6
38	38	20	12
38	38	25	29
38	38	30	1
38	39	20	50
38	39	25	32
38	40	20	123
38	40	25	81
38	40	30	1
38	41	20	138
38	41	25	89
38	42	20	148
38	42	25	115
38	43	20	186
38	43	25	118
38	44	20	134
38	44	25	80
38	45	20	87
38	45	25	44
38	46	20	64
38	46	25	27
38	47	20	50
38	47	25	26
38	48	20	31
38	48	25	15
38	49	20	27
38	49	25	12
38	50	20	14
38	50	25	1
38	51	20	15
38	51	25	5
38	52	20	3
38	52	25	2
38	53	20	3
38	54	20	1
38	57	20	1
38	61	20	12
38	62	20	2
38	62	25	1
39	36	20	2
39	36	25	1
39	37	20	3
39	37	25	3
39	38	20	14
39	38	25	7
39	39	20	37
39	39	25	35
39	40	20	73
39	40	25	52
39	41	20	95
39	41	25	68
39	42	20	102
39	42	25	68
39	43	20	120
39	43	25	77
39	44	20	74
39	44	25	60
39	45	20	60
39	45	25	39
39	46	20	47
39	46	25	14
39	47	20	36
39	47	25	9
39	48	20	20
39	48	25	7
39	49	20	16
39	49	25	6
39	50	20	11
39	50	25	2
39	51	20	3
39	52	20	2
39	53	20	2
39	61	20	5
39	62	20	1
40	36	25	1
40	37	20	4
40	37	25	1
40	38	20	11
40	38	25	4
40	39	20	13
40	39	25	15
40	40	20	49
40	40	25	31
40	41	20	80
40	41	25	40
40	42	20	91
40	42	25	53
40	43	20	72
40	43	25	37
40	44	20	56
40	44	25	28
40	45	20	51
40	45	25	20
40	46	20	26
40	46	25	12
40	47	20	21
40	47	25	6
40	48	20	17
40	48	25	5
40	49	20	9
40	49	25	2
40	50	20	11
40	50	25	2
40	51	20	6
40	52	25	1
40	61	20	6
40	62	20	1
41	36	20	3
41	36	25	1
41	37	25	2
41	38	20	6
41	38	25	7
41	39	20	8
41	39	25	7
41	40	20	32
41	40	25	11
41	41	20	34
41	41	25	29
41	42	20	54
41	42	25	23
41	43	20	48
41	43	25	8
41	44	20	48
41	44	25	16
41	45	20	24
41	45	25	8
41	46	20	22
41	46	25	9
41	47	20	14
41	47	25	2
41	48	20	9
41	49	20	2
41	49	25	2
41	50	20	4
41	51	20	3
41	61	20	3
41	62	20	1
42	36	20	1
42	37	20	2
42	37	25	1
42	38	20	1
42	38	25	4
42	39	20	11
42	39	25	5
42	40	20	25
42	40	25	7
42	41	20	37
42	41	25	16
42	42	20	42
42	42	25	9
42	43	20	33
42	43	25	7
42	44	20	18
42	44	25	7
42	45	20	23
42	45	25	5
42	46	20	12
42	46	25	5
42	47	20	16
42	48	20	8
42	48	25	2
42	49	20	2
42	49	25	1
42	51	20	1
42	52	20	1
42	61	20	2
43	38	20	4
43	39	20	8
43	39	25	3
43	40	20	13
43	40	25	5
43	41	20	27
43	41	25	7
43	42	20	32
43	42	25	13
43	43	20	25
43	43	25	7
43	44	20	16
43	44	25	10
43	45	20	16
43	45	25	2
43	46	20	14
43	46	25	1
43	47	20	7
43	48	20	5
43	49	20	6
43	50	20	2
44	37	25	1
44	38	20	2
44	39	20	5
44	39	25	1
44	40	20	9
44	40	25	3
44	41	20	13
44	41	25	2
44	42	20	21
44	42	25	2
44	43	20	16
44	43	25	4
44	44	20	10
44	44	25	2
44	45	20	11
44	45	25	2
44	46	20	8
44	47	20	4
44	48	20	1
44	49	20	2
44	52	20	1
44	62	20	1
45	38	20	1
45	38	25	1
45	39	20	2
45	40	20	5
45	40	25	3
45	41	20	10
45	41	25	2
45	42	20	11
45	42	25	2
45	43	20	6
45	43	25	1
45	44	20	4
45	44	25	1
45	45	20	4
45	46	20	5
45	46	25	1
45	47	20	1
45	48	20	2
45	50	20	1
45	61	20	1
46	39	20	2
46	40	20	4
46	40	25	1
46	41	20	5
46	41	25	2
46	42	20	3
46	42	25	1
46	43	20	7
46	43	25	1
46	44	20	4
46	45	20	5
46	46	20	2
46	49	20	1
46	54	20	1
47	38	20	2
47	39	20	3
47	40	20	5
47	41	20	9
47	42	20	7
47	42	25	1
47	43	20	3
47	44	20	4
47	45	20	1
47	46	20	2
47	47	20	1
47	50	20	1
48	39	20	1
48	40	20	4
48	41	20	6
48	42	20	6
48	43	20	3
48	44	20	2
48	45	20	1
48	46	20	1
49	41	20	1
49	41	25	1
49	42	20	2
49	43	20	1
49	44	20	4
50	39	20	1
50	41	20	2
50	42	20	3
50	43	20	3
50	44	20	1
50	46	20	1
50	48	20	1
51	41	20	2
51	44	20	2
52	39	20	1
52	41	20	1
52	42	20	1
52	44	20	1
53	39	20	1
53	47	20	1
54	41	20	1
54	43	20	1
54	46	20	1
57	43	20	1
