length_bp	read_count
528	1
589	1
596	1
678	1
869	1
878	1
1004	1
1012	1
1343	1
1373	1
1385	1
1399	2
1416	1
1432	1
1437	1
1489	1
1506	1
1576	1
1579	1
1581	1
1619	1
1623	1
1627	1
1650	1
1659	1
1689	1
1695	1
1713	1
1748	1
1760	1
1770	1
1775	1
1782	1
1848	1
1869	1
1874	1
1884	1
1915	1
1943	1
1954	1
1963	1
1972	1
1976	1
1987	1
2023	1
2048	1
2062	1
2070	1
2124	1
2172	1
2178	1
2185	1
2188	1
2189	1
2217	1
2242	1
2247	1
2255	1
2264	1
2265	1
2412	1
2479	1
2480	1
2565	1
2634	1
2636	1
2647	1
2649	1
2679	1
2711	1
2742	1
2745	1
2789	1
2851	1
2904	1
2913	1
2953	1
2974	1
3029	1
3048	1
3107	1
3151	1
3242	1
3244	1
3297	1
3308	1
3390	1
3402	1
3444	1
3498	1
3631	1
3800	1
3890	1
3899	1
3961	1
4115	1
4217	1
4233	1
4254	1
4270	1
4354	1
4408	1
4419	1
4447	1
4459	1
4465	1
4523	1
4611	1
4665	1
4673	1
4770	1
4797	1
4832	1
5233	1
5301	1
5355	1
5571	1
5593	2
5603	1
5658	1
5689	1
5759	1
5777	1
5804	1
5991	1
6062	1
6090	1
6362	1
6370	1
6450	1
6504	1
6647	1
6701	1
6711	1
6761	1
6849	1
6896	1
6947	1
6977	1
6993	1
7126	1
7181	1
7216	1
7220	1
7223	1
7303	1
7333	1
7443	1
7468	1
7470	1
7497	1
7499	1
7512	1
7566	1
7569	2
7619	1
7624	1
7637	1
7643	1
7644	1
7680	1
7690	1
7700	1
7706	1
7717	1
7723	1
7725	1
7741	1
7744	1
7751	1
7796	2
7797	1
7812	1
7818	1
7820	1
7824	1
7826	1
7838	1
7839	1
7848	2
7850	1
7854	1
7855	2
7859	2
7862	1
7864	1
7870	2
7874	1
7876	1
7878	1
7888	1
7893	2
7896	1
7908	1
7911	2
7913	2
7919	1
7921	1
7924	1
7926	1
7929	1
7930	1
7933	1
7935	1
7940	2
7945	1
7950	1
7952	2
7953	1
7957	1
7958	2
7962	1
7963	1
7972	2
7976	1
7982	1
7985	1
7987	1
7989	1
7991	2
7992	1
7998	1
8000	1
8007	1
8014	1
8020	1
8021	2
8023	1
8024	1
8026	1
8033	1
8034	1
8036	1
8037	1
8039	1
8041	1
8042	1
8044	1
8046	1
8051	1
8052	2
8054	1
8055	3
8062	1
8075	1
8076	1
8079	1
8080	3
8085	1
8096	2
8102	2
8103	1
8105	1
8107	1
8110	1
8111	2
8112	1
8114	1
8119	1
8122	1
8123	2
8124	1
8130	2
8131	1
8133	3
8135	1
8136	1
8138	1
8143	1
8148	1
8150	1
8152	1
8156	1
8164	3
8166	2
8171	1
8178	1
8179	2
8183	2
8188	2
8189	1
8195	1
8197	1
8198	1
8209	1
8210	1
8211	1
8212	1
8213	1
8215	1
8219	1
8220	1
8224	3
8228	2
8231	1
8233	1
8236	1
8238	1
8240	1
8248	2
8249	1
8251	1
8253	1
8255	1
8256	1
8257	1
8258	1
8262	1
8264	2
8266	2
8272	1
8274	1
8275	2
8282	1
8285	1
8289	2
8294	1
8295	3
8298	2
8300	1
8301	2
8303	1
8305	1
8307	1
8308	1
8310	1
8313	2
8317	1
8318	1
8319	1
8322	1
8323	2
8325	1
8330	1
8332	2
8338	3
8339	1
8340	1
8343	1
8344	1
8345	2
8348	1
8350	1
8352	1
8360	1
8364	1
8374	1
8375	1
8376	1
8380	1
8382	1
8383	1
8384	2
8391	2
8395	1
8400	1
8402	1
8403	2
8404	1
8411	2
8418	1
8420	1
8421	2
8423	2
8425	2
8426	2
8428	2
8429	1
8430	1
8431	4
8432	2
8433	2
8435	3
8436	1
8438	2
8439	1
8442	1
8447	2
8449	2
8451	1
8452	1
8454	1
8457	1
8458	1
8460	5
8475	1
8479	1
8483	1
8484	1
8485	1
8487	1
8491	1
8493	2
8494	1
8497	1
8498	2
8499	1
8503	2
8505	1
8512	1
8513	1
8516	2
8517	1
8521	1
8523	3
8525	1
8526	1
8530	2
8531	1
8532	1
8534	1
8537	1
8538	1
8540	1
8543	1
8544	1
8545	1
8550	1
8551	1
8554	1
8563	1
8565	1
8566	1
8568	2
8571	1
8576	1
8580	1
8582	2
8586	1
8587	2
8588	2
8589	1
8591	1
8594	2
8599	2
8601	1
8604	2
8605	2
8606	2
8607	1
8608	1
8609	1
8611	1
8614	1
8615	1
8616	3
8617	4
8619	1
8620	1
8621	1
8622	1
8625	1
8626	1
8627	1
8628	1
8629	1
8634	1
8635	1
8636	1
8638	1
8640	2
8641	1
8642	1
8644	1
8646	1
8649	2
8651	1
8652	2
8653	1
8656	1
8657	2
8658	1
8661	1
8662	1
8671	2
8673	1
8674	1
8678	1
8680	2
8681	1
8682	1
8684	2
8687	1
8688	1
8691	3
8693	1
8695	1
8698	2
8700	1
8701	1
8703	1
8704	1
8706	1
8707	2
8710	1
8713	1
8714	4
8715	2
8716	1
8717	1
8721	1
8722	1
8724	1
8725	3
8731	1
8735	1
8744	1
8746	1
8749	1
8752	1
8756	1
8757	2
8758	1
8761	1
8762	1
8765	2
8768	1
8769	1
8771	1
8772	1
8776	1
8780	1
8782	2
8787	1
8791	1
8792	1
8799	2
8800	1
8801	2
8803	1
8808	1
8811	1
8812	1
8815	1
8818	1
8819	1
8820	2
8821	1
8823	1
8824	1
8829	1
8832	2
8833	2
8838	1
8841	1
8845	2
8847	1
8852	1
8856	1
8857	3
8858	1
8862	1
8865	1
8868	2
8873	1
8874	1
8876	1
8879	1
8880	1
8888	1
8892	2
8893	2
8894	1
8896	1
8897	1
8902	1
8903	1
8904	1
8905	2
8909	1
8916	1
8917	1
8918	2
8920	2
8923	1
8924	1
8925	1
8926	2
8927	1
8932	1
8939	1
8943	1
8945	1
8947	1
8951	1
8952	1
8953	1
8955	1
8965	1
8966	1
8968	1
8969	1
8972	2
8974	2
8975	1
8978	1
8980	1
8982	2
8986	1
8989	1
8991	1
8992	1
8994	1
8996	2
8998	1
9001	1
9003	3
9004	1
9006	1
9009	1
9011	1
9012	1
9016	1
9018	1
9019	2
9025	1
9028	1
9029	1
9032	1
9033	1
9035	2
9037	1
9043	1
9051	1
9053	1
9054	1
9055	1
9058	1
9062	1
9067	2
9068	2
9072	1
9074	2
9081	2
9082	1
9087	1
9091	1
9092	1
9094	1
9095	1
9099	1
9100	1
9103	1
9104	1
9105	2
9106	2
9108	1
9111	1
9115	1
9116	1
9117	2
9119	2
9121	1
9123	2
9127	1
9130	2
9134	2
9135	1
9140	1
9141	1
9142	2
9143	1
9144	1
9148	2
9149	2
9151	1
9152	1
9153	1
9154	1
9155	1
9156	1
9157	1
9162	1
9163	1
9170	1
9174	1
9176	1
9177	1
9178	1
9181	1
9182	1
9184	3
9186	1
9189	1
9190	2
9191	1
9194	1
9195	1
9196	2
9197	1
9198	3
9200	1
9209	2
9213	2
9216	3
9218	2
9219	2
9220	1
9227	1
9228	2
9230	1
9232	1
9236	1
9239	1
9246	2
9250	1
9252	1
9253	1
9254	1
9255	1
9261	1
9263	1
9264	1
9265	1
9269	2
9270	1
9282	2
9285	3
9289	1
9292	1
9294	1
9305	1
9306	1
9308	2
9309	1
9310	3
9313	1
9316	3
9324	1
9332	1
9335	1
9338	1
9341	1
9342	1
9347	1
9349	1
9352	1
9356	1
9357	2
9358	1
9359	2
9361	1
9362	1
9363	2
9364	1
9367	1
9368	1
9370	1
9373	1
9374	1
9377	1
9382	1
9383	1
9386	2
9392	1
9393	1
9395	2
9398	1
9401	1
9403	1
9404	1
9405	1
9406	1
9408	1
9415	1
9419	1
9420	1
9427	1
9431	1
9437	1
9438	1
9440	1
9442	1
9444	1
9447	1
9449	1
9450	3
9453	1
9464	1
9465	1
9466	1
9471	1
9473	1
9474	1
9475	1
9476	1
9482	2
9484	1
9488	1
9489	1
9496	2
9497	1
9498	1
9500	1
9502	1
9505	1
9508	2
9509	1
9512	1
9514	1
9515	1
9521	3
9529	1
9534	2
9535	1
9536	2
9541	1
9546	1
9547	1
9548	2
9549	1
9550	1
9555	1
9556	1
9559	1
9560	3
9561	1
9562	1
9563	1
9564	1
9572	1
9573	1
9575	2
9576	1
9580	1
9582	3
9583	2
9586	1
9587	1
9588	1
9589	2
9593	1
9594	1
9595	3
9601	2
9602	1
9609	1
9610	1
9611	1
9612	2
9616	1
9617	1
9619	1
9630	2
9631	2
9634	1
9638	1
9639	1
9643	1
9644	1
9647	1
9653	1
9655	2
9656	1
9658	1
9659	1
9662	1
9664	1
9666	1
9668	1
9669	1
9670	3
9671	1
9673	1
9674	2
9675	2
9676	1
9677	4
9678	1
9683	4
9684	1
9685	1
9687	2
9688	4
9689	1
9690	2
9691	1
9692	3
9695	1
9697	2
9698	1
9700	1
9701	1
9702	1
9704	1
9705	1
9706	2
9708	1
9713	1
9715	1
9716	1
9717	1
9719	1
9722	3
9723	1
9725	2
9727	2
9728	1
9729	2
9730	2
9732	2
9734	2
9735	1
9738	1
9740	1
9742	1
9744	1
9745	1
9751	2
9753	2
9755	2
9756	1
9757	2
9758	3
9759	3
9761	3
9763	2
9764	1
9768	1
9769	1
9770	1
9771	1
9772	1
9773	1
9774	4
9776	1
9777	4
9778	2
9780	1
9781	2
9784	1
9785	1
9787	1
9788	1
9790	1
9792	1
9795	1
9797	2
9798	2
9799	2
9800	1
9801	3
9802	1
9805	2
9807	1
9811	1
9812	1
9813	1
9814	3
9815	1
9816	2
9817	5
9819	1
9820	2
9822	3
9824	2
9827	1
9830	1
9831	1
9832	3
9836	1
9839	1
9840	2
9843	2
9845	1
9847	1
9848	1
9851	4
9853	1
9854	4
9855	1
9856	1
9857	4
9858	1
9859	2
9860	1
9863	1
9864	3
9865	1
9866	1
9868	4
9871	1
9872	3
9873	1
9874	2
9875	2
9877	1
9878	2
9879	2
9882	1
9884	2
9885	1
9886	3
9887	3
9888	1
9889	2
9890	1
9891	3
9892	1
9893	1
9894	1
9895	2
9897	4
9901	3
9903	1
9904	3
9905	4
9906	3
9907	2
9908	1
9912	1
9913	2
9914	3
9916	1
9917	3
9919	3
9921	2
9923	1
9924	2
9925	4
9926	1
9927	1
9929	1
9930	1
9931	2
9932	1
9933	2
9934	4
9935	4
9936	3
9937	3
9938	1
9940	1
9941	1
9942	3
9943	4
9944	2
9945	3
9946	4
9947	3
9950	4
9951	4
9952	1
9953	1
9954	2
9956	1
9957	1
9959	3
9960	7
9961	6
9962	2
9963	3
9964	2
9965	1
9966	3
9967	1
9968	2
9969	2
9971	4
9972	2
9973	2
9974	1
9975	2
9976	4
9977	2
9979	1
9980	1
9981	2
9982	1
9983	3
9984	3
9985	1
9986	1
9989	2
9990	3
9992	2
9993	2
9994	3
9995	4
9996	3
9997	5
9998	3
9999	2
10000	1
10001	4
10002	2
10004	2
10005	4
10006	1
10007	4
10008	1
10009	2
10011	2
10012	3
10013	3
10014	5
10015	1
10016	2
10017	1
10018	2
10019	3
10020	4
10022	3
10025	2
10026	1
10027	2
10028	3
10029	4
10030	2
10031	4
10032	5
10033	2
10034	6
10035	4
10036	3
10038	3
10039	1
10041	1
10042	1
10043	4
10044	1
10045	2
10046	1
10047	2
10048	1
10049	3
10050	5
10051	5
10052	2
10053	2
10054	4
10055	2
10056	3
10057	1
10058	3
10060	1
10061	2
10062	3
10063	1
10064	1
10065	2
10066	4
10067	3
10068	1
10069	3
10070	2
10071	2
10072	1
10074	5
10075	5
10076	3
10077	1
10078	2
10079	3
10080	3
10081	2
10082	1
10083	4
10084	3
10085	4
10086	4
10087	5
10088	7
10090	7
10091	4
10092	5
10093	2
10094	2
10095	2
10096	1
10097	3
10098	6
10099	1
10100	1
10101	3
10102	3
10103	4
10104	2
10105	2
10106	1
10107	4
10108	1
10109	1
10110	1
10111	2
10112	2
10113	1
10114	3
10116	4
10117	2
10118	3
10119	1
10120	5
10121	5
10122	3
10123	3
10124	2
10126	1
10127	7
10128	2
10129	2
10130	4
10131	5
10132	3
10133	5
10134	3
10136	2
10137	1
10138	6
10139	3
10140	3
10141	4
10142	3
10143	3
10144	1
10146	2
10147	3
10148	2
10149	5
10150	2
10151	3
10152	1
10153	1
10154	4
10155	1
10156	5
10157	2
10158	3
10159	3
10160	4
10161	4
10162	4
10163	2
10164	5
10165	2
10166	1
10167	4
10168	4
10169	2
10170	4
10171	4
10172	4
10173	2
10174	4
10175	1
10176	3
10177	6
10179	2
10180	2
10181	4
10182	3
10183	5
10184	5
10185	2
10186	9
10187	6
10188	1
10189	2
10190	3
10191	5
10192	1
10193	8
10194	4
10195	3
10196	6
10197	5
10198	3
10199	3
10200	2
10201	2
10202	3
10203	7
10204	1
10205	3
10206	2
10207	6
10208	3
10209	5
10210	10
10211	2
10212	6
10213	3
10214	4
10215	5
10216	5
10217	2
10218	8
10219	4
10220	2
10221	4
10222	2
10223	3
10224	7
10225	4
10226	4
10227	3
10228	8
10229	2
10230	3
10231	4
10232	3
10233	2
10234	3
10235	3
10236	1
10237	7
10238	7
10239	5
10240	1
10241	4
10242	4
10243	4
10244	6
10245	6
10246	6
10247	3
10248	3
10249	7
10250	6
10251	6
10252	7
10253	5
10254	4
10255	7
10256	9
10257	2
10258	2
10259	4
10260	4
10261	5
10262	4
10263	5
10264	7
10265	7
10266	3
10267	4
10268	2
10269	6
10270	2
10271	2
10272	2
10273	4
10274	7
10275	6
10276	2
10277	6
10278	3
10279	3
10280	3
10281	2
10282	7
10283	9
10284	5
10285	5
10286	5
10287	5
10288	6
10289	5
10290	7
10291	4
10292	7
10293	6
10294	2
10295	6
10296	5
10297	12
10298	1
10299	8
10300	4
10301	2
10302	5
10303	4
10304	2
10305	6
10306	1
10307	7
10308	3
10309	4
10310	8
10311	5
10312	4
10313	7
10314	3
10315	5
10316	5
10318	5
10319	6
10320	6
10321	6
10322	3
10323	2
10324	5
10325	4
10326	10
10327	5
10328	4
10329	3
10330	9
10331	4
10332	6
10333	2
10334	3
10335	2
10336	10
10337	6
10338	2
10339	2
10340	4
10341	4
10342	8
10343	2
10344	6
10345	8
10346	7
10347	5
10348	12
10349	7
10350	5
10351	4
10352	10
10353	7
10354	3
10355	3
10356	8
10357	10
10358	8
10359	2
10360	4
10361	5
10362	3
10363	4
10364	5
10365	10
10366	4
10367	5
10368	3
10369	6
10370	7
10371	3
10372	3
10373	4
10374	7
10375	5
10376	8
10377	8
10378	4
10379	1
10380	6
10381	8
10382	3
10383	3
10384	4
10385	4
10386	10
10387	4
10388	8
10389	5
10390	8
10391	6
10392	5
10393	5
10394	8
10395	4
10396	3
10397	9
10398	4
10399	4
10400	5
10401	8
10402	7
10403	5
10404	4
10405	5
10406	7
10407	9
10408	5
10409	5
10410	3
10411	7
10412	3
10413	4
10414	4
10415	6
10416	5
10417	7
10418	7
10419	11
10420	7
10421	2
10422	10
10423	5
10424	7
10425	10
10426	6
10427	6
10428	8
10429	4
10430	6
10431	8
10432	8
10433	11
10434	7
10435	6
10436	3
10437	2
10438	3
10439	7
10440	9
10441	8
10442	5
10443	10
10444	7
10445	6
10446	2
10447	7
10448	1
10449	4
10450	5
10451	5
10452	3
10453	7
10454	9
10455	4
10456	4
10457	8
10458	9
10459	9
10460	3
10461	7
10462	7
10463	4
10464	5
10465	6
10466	13
10467	8
10468	3
10469	11
10470	7
10471	4
10472	8
10473	8
10474	6
10475	12
10476	7
10477	4
10478	7
10479	3
10480	5
10481	8
10482	9
10483	6
10484	1
10485	4
10486	5
10487	6
10488	7
10489	9
10490	4
10491	5
10492	8
10493	3
10494	7
10495	5
10496	9
10497	7
10498	10
10499	3
10500	8
10501	7
10502	8
10503	11
10504	4
10505	8
10506	6
10507	10
10508	11
10509	7
10510	5
10511	6
10512	8
10513	6
10514	6
10515	7
10516	9
10517	11
10518	11
10519	12
10520	7
10521	5
10522	11
10523	6
10524	7
10525	2
10526	9
10527	11
10528	8
10529	8
10530	11
10531	7
10532	8
10533	6
10534	10
10535	3
10536	15
10537	10
10538	10
10539	12
10540	11
10541	7
10542	11
10543	5
10544	11
10545	8
10546	9
10547	13
10548	14
10549	10
10550	16
10551	8
10552	9
10553	9
10554	8
10555	6
10556	6
10557	6
10558	6
10559	8
10560	7
10561	5
10562	7
10563	3
10564	6
10565	4
10566	10
10567	8
10568	5
10569	5
10570	12
10571	7
10572	7
10573	6
10574	8
10575	7
10576	13
10577	8
10578	9
10579	11
10580	14
10581	8
10582	9
10583	1
10584	7
10585	11
10586	8
10587	12
10588	10
10589	5
10590	6
10591	7
10592	9
10593	4
10594	11
10595	11
10596	11
10597	7
10598	7
10599	4
10600	12
10601	11
10602	6
10603	6
10604	5
10605	7
10606	7
10607	12
10608	5
10609	9
10610	7
10611	16
10612	5
10613	10
10614	7
10615	2
10616	6
10617	6
10618	9
10619	13
10620	6
10621	7
10622	9
10623	8
10624	9
10625	7
10626	4
10627	12
10628	6
10629	12
10630	11
10631	3
10632	11
10633	8
10634	12
10635	7
10636	10
10637	5
10638	7
10639	6
10640	13
10641	12
10642	8
10643	8
10644	10
10645	15
10646	5
10647	8
10648	14
10649	10
10650	12
10651	9
10652	7
10653	6
10654	11
10655	7
10656	10
10657	6
10658	11
10659	4
10660	6
10661	10
10662	9
10663	7
10664	11
10665	11
10666	8
10667	3
10668	9
10669	12
10670	10
10671	9
10672	12
10673	5
10674	8
10675	9
10676	5
10677	5
10678	13
10679	14
10680	14
10681	8
10682	10
10683	10
10684	9
10685	10
10686	11
10687	21
10688	10
10689	10
10690	9
10691	9
10692	11
10693	16
10694	8
10695	7
10696	14
10697	10
10698	11
10699	9
10700	15
10701	7
10702	14
10703	6
10704	9
10705	8
10706	5
10707	10
10708	5
10709	7
10710	6
10711	10
10712	10
10713	13
10714	6
10715	14
10716	12
10717	8
10718	6
10719	12
10720	9
10721	10
10722	14
10723	12
10724	5
10725	7
10726	9
10727	9
10728	12
10729	8
10730	10
10731	14
10732	13
10733	4
10734	10
10735	13
10736	13
10737	9
10738	14
10739	7
10740	8
10741	6
10742	9
10743	10
10744	2
10745	16
10746	7
10747	18
10748	13
10749	9
10750	13
10751	11
10752	6
10753	14
10754	9
10755	9
10756	12
10757	11
10758	12
10759	5
10760	12
10761	9
10762	6
10763	11
10764	8
10765	10
10766	13
10767	9
10768	18
10769	12
10770	14
10771	8
10772	16
10773	10
10774	18
10775	4
10776	10
10777	7
10778	10
10779	12
10780	13
10781	16
10782	6
10783	8
10784	7
10785	10
10786	11
10787	10
10788	9
10789	15
10790	14
10791	8
10792	5
10793	16
10794	8
10795	14
10796	14
10797	6
10798	7
10799	14
10800	10
10801	11
10802	11
10803	15
10804	7
10805	7
10806	13
10807	5
10808	16
10809	12
10810	11
10811	13
10812	15
10813	13
10814	8
10815	12
10816	7
10817	8
10818	14
10819	17
10820	4
10821	12
10822	16
10823	9
10824	11
10825	9
10826	20
10827	9
10828	17
10829	12
10830	14
10831	10
10832	15
10833	8
10834	10
10835	8
10836	12
10837	12
10838	6
10839	13
10840	14
10841	12
10842	9
10843	9
10844	14
10845	11
10846	12
10847	13
10848	14
10849	8
10850	14
10851	10
10852	9
10853	11
10854	10
10855	14
10856	9
10857	11
10858	7
10859	14
10860	16
10861	14
10862	18
10863	11
10864	12
10865	6
10866	13
10867	15
10868	10
10869	15
10870	13
10871	8
10872	8
10873	17
10874	11
10875	5
10876	12
10877	14
10878	7
10879	17
10880	18
10881	12
10882	19
10883	15
10884	14
10885	7
10886	16
10887	14
10888	12
10889	12
10890	10
10891	12
10892	12
10893	15
10894	12
10895	13
10896	8
10897	9
10898	9
10899	14
10900	13
10901	9
10902	15
10903	8
10904	9
10905	10
10906	9
10907	8
10908	9
10909	8
10910	15
10911	6
10912	10
10913	8
10914	12
10915	17
10916	14
10917	16
10918	13
10919	13
10920	8
10921	16
10922	11
10923	14
10924	14
10925	12
10926	15
10927	11
10928	13
10929	10
10930	14
10931	8
10932	10
10933	6
10934	11
10935	11
10936	10
10937	13
10938	13
10939	10
10940	12
10941	8
10942	23
10943	15
10944	14
10945	13
10946	12
10947	11
10948	13
10949	15
10950	10
10951	9
10952	11
10953	12
10954	8
10955	10
10956	15
10957	12
10958	15
10959	14
10960	15
10961	13
10962	12
10963	20
10964	9
10965	10
10966	17
10967	12
10968	14
10969	14
10970	7
10971	8
10972	17
10973	12
10974	13
10975	15
10976	14
10977	21
10978	12
10979	7
10980	12
10981	16
10982	13
10983	10
10984	15
10985	13
10986	14
10987	8
10988	20
10989	11
10990	16
10991	12
10992	8
10993	14
10994	13
10995	13
10996	14
10997	16
10998	11
10999	15
11000	11
11001	8
11002	14
11003	9
11004	12
11005	9
11006	13
11007	15
11008	7
11009	10
11010	22
11011	13
11012	10
11013	12
11014	18
11015	6
11016	12
11017	9
11018	10
11019	13
11020	14
11021	18
11022	6
11023	6
11024	10
11025	10
11026	9
11027	6
11028	19
11029	14
11030	13
11031	14
11032	6
11033	18
11034	15
11035	9
11036	13
11037	21
11038	8
11039	17
11040	13
11041	11
11042	16
11043	14
11044	12
11045	9
11046	16
11047	15
11048	14
11049	6
11050	13
11051	15
11052	10
11053	15
11054	8
11055	15
11056	12
11057	12
11058	7
11059	12
11060	8
11061	13
11062	13
11063	8
11064	5
11065	9
11066	9
11067	9
11068	12
11069	8
11070	15
11071	18
11072	10
11073	10
11074	18
11075	8
11076	8
11077	13
11078	16
11079	15
11080	14
11081	16
11082	14
11083	18
11084	22
11085	12
11086	17
11087	14
11088	12
11089	10
11090	11
11091	13
11092	15
11093	11
11094	18
11095	18
11096	12
11097	16
11098	11
11099	9
11100	16
11101	12
11102	9
11103	13
11104	14
11105	16
11106	12
11107	13
11108	11
11109	13
11110	11
11111	14
11112	13
11113	10
11114	14
11115	10
11116	10
11117	15
11118	18
11119	10
11120	18
11121	14
11122	9
11123	18
11124	12
11125	10
11126	13
11127	12
11128	14
11129	9
11130	11
11131	19
11132	6
11133	4
11134	21
11135	15
11136	22
11137	15
11138	9
11139	15
11140	15
11141	19
11142	17
11143	17
11144	16
11145	13
11146	14
11147	12
11148	10
11149	9
11150	18
11151	15
11152	8
11153	17
11154	15
11155	15
11156	21
11157	11
11158	10
11159	11
11160	13
11161	11
11162	17
11163	15
11164	9
11165	20
11166	12
11167	12
11168	11
11169	10
11170	17
11171	18
11172	10
11173	12
11174	11
11175	10
11176	16
11177	13
11178	16
11179	12
11180	13
11181	13
11182	15
11183	12
11184	15
11185	16
11186	12
11187	26
11188	10
11189	19
11190	14
11191	14
11192	12
11193	15
11194	15
11195	10
11196	9
11197	14
11198	15
11199	11
11200	15
11201	15
11202	14
11203	11
11204	12
11205	14
11206	18
11207	18
11208	17
11209	11
11210	16
11211	8
11212	11
11213	12
11214	12
11215	15
11216	14
11217	11
11218	10
11219	11
11220	9
11221	7
11222	17
11223	7
11224	8
11225	12
11226	10
11227	13
11228	19
11229	10
11230	15
11231	18
11232	17
11233	16
11234	9
11235	14
11236	16
11237	9
11238	15
11239	8
11240	15
11241	13
11242	20
11243	14
11244	15
11245	9
11246	20
11247	9
11248	12
11249	10
11250	17
11251	13
11252	11
11253	13
11254	8
11255	13
11256	12
11257	17
11258	14
11259	12
11260	14
11261	15
11262	8
11263	16
11264	14
11265	10
11266	14
11267	7
11268	12
11269	12
11270	9
11271	9
11272	12
11273	14
11274	16
11275	15
11276	14
11277	16
11278	12
11279	15
11280	12
11281	16
11282	10
11283	11
11284	14
11285	20
11286	18
11287	8
11288	10
11289	13
11290	14
11291	12
11292	7
11293	9
11294	13
11295	19
11296	19
11297	16
11298	17
11299	15
11300	14
11301	18
11302	14
11303	13
11304	13
11305	12
11306	14
11307	16
11308	15
11309	15
11310	16
11311	15
11312	11
11313	14
11314	16
11315	15
11316	10
11317	22
11318	16
11319	11
11320	13
11321	15
11322	11
11323	7
11324	14
11325	18
11326	10
11327	10
11328	7
11329	17
11330	13
11331	13
11332	12
11333	7
11334	16
11335	17
11336	11
11337	13
11338	10
11339	11
11340	20
11341	13
11342	17
11343	13
11344	16
11345	16
11346	16
11347	8
11348	8
11349	22
11350	9
11351	15
11352	12
11353	20
11354	14
11355	19
11356	16
11357	17
11358	13
11359	20
11360	13
11361	22
11362	14
11363	9
11364	13
11365	9
11366	16
11367	12
11368	8
11369	9
11370	10
11371	13
11372	13
11373	18
11374	8
11375	15
11376	13
11377	13
11378	13
11379	19
11380	11
11381	16
11382	13
11383	13
11384	12
11385	14
11386	13
11387	12
11388	12
11389	12
11390	19
11391	12
11392	11
11393	18
11394	19
11395	12
11396	17
11397	16
11398	16
11399	6
11400	13
11401	10
11402	17
11403	11
11404	14
11405	12
11406	19
11407	8
11408	18
11409	14
11410	14
11411	14
11412	10
11413	14
11414	16
11415	19
11416	15
11417	17
11418	9
11419	16
11420	9
11421	12
11422	11
11423	16
11424	14
11425	19
11426	16
11427	12
11428	12
11429	12
11430	13
11431	15
11432	20
11433	12
11434	16
11435	18
11436	15
11437	13
11438	9
11439	14
11440	11
11441	17
11442	15
11443	9
11444	13
11445	16
11446	17
11447	11
11448	12
11449	16
11450	19
11451	10
11452	27
11453	13
11454	9
11455	9
11456	17
11457	12
11458	11
11459	16
11460	13
11461	11
11462	14
11463	11
11464	11
11465	19
11466	15
11467	16
11468	8
11469	15
11470	15
11471	10
11472	19
11473	10
11474	11
11475	11
11476	11
11477	14
11478	11
11479	11
11480	17
11481	10
11482	12
11483	20
11484	14
11485	16
11486	13
11487	14
11488	13
11489	14
11490	15
11491	16
11492	11
11493	16
11494	14
11495	20
11496	11
11497	9
11498	14
11499	14
11500	13
11501	17
11502	20
11503	15
11504	6
11505	16
11506	23
11507	12
11508	8
11509	7
11510	7
11511	17
11512	12
11513	14
11514	13
11515	7
11516	12
11517	13
11518	11
11519	17
11520	17
11521	22
11522	20
11523	7
11524	11
11525	14
11526	17
11527	15
11528	17
11529	13
11530	13
11531	11
11532	14
11533	11
11534	11
11535	16
11536	16
11537	12
11538	17
11539	13
11540	9
11541	8
11542	14
11543	14
11544	12
11545	7
11546	7
11547	19
11548	12
11549	18
11550	14
11551	13
11552	19
11553	12
11554	10
11555	7
11556	13
11557	16
11558	18
11559	14
11560	10
11561	11
11562	6
11563	14
11564	12
11565	15
11566	17
11567	15
11568	22
11569	8
11570	17
11571	18
11572	14
11573	15
11574	7
11575	17
11576	16
11577	5
11578	16
11579	14
11580	22
11581	20
11582	16
11583	7
11584	20
11585	16
11586	12
11587	18
11588	12
11589	16
11590	19
11591	11
11592	18
11593	12
11594	7
11595	15
11596	18
11597	13
11598	7
11599	7
11600	12
11601	15
11602	14
11603	17
11604	24
11605	8
11606	20
11607	11
11608	16
11609	14
11610	16
11611	11
11612	14
11613	16
11614	15
11615	11
11616	12
11617	22
11618	23
11619	17
11620	17
11621	7
11622	11
11623	16
11624	16
11625	13
11626	22
11627	17
11628	19
11629	12
11630	8
11631	11
11632	10
11633	18
11634	16
11635	17
11636	8
11637	15
11638	14
11639	9
11640	5
11641	14
11642	21
11643	11
11644	20
11645	7
11646	11
11647	20
11648	13
11649	17
11650	13
11651	9
11652	8
11653	17
11654	16
11655	20
11656	18
11657	17
11658	14
11659	9
11660	12
11661	14
11662	16
11663	14
11664	9
11665	8
11666	16
11667	17
11668	16
11669	10
11670	8
11671	11
11672	15
11673	9
11674	21
11675	10
11676	16
11677	12
11678	18
11679	8
11680	19
11681	13
11682	14
11683	5
11684	16
11685	20
11686	11
11687	8
11688	11
11689	11
11690	18
11691	11
11692	14
11693	12
11694	14
11695	12
11696	12
11697	10
11698	18
11699	14
11700	11
11701	17
11702	6
11703	17
11704	18
11705	13
11706	12
11707	10
11708	11
11709	18
11710	6
11711	11
11712	16
11713	15
11714	8
11715	8
11716	14
11717	13
11718	20
11719	16
11720	10
11721	12
11722	8
11723	16
11724	11
11725	13
11726	13
11727	12
11728	18
11729	9
11730	14
11731	17
11732	18
11733	18
11734	9
11735	25
11736	8
11737	9
11738	8
11739	13
11740	11
11741	13
11742	21
11743	18
11744	10
11745	15
11746	10
11747	17
11748	16
11749	15
11750	11
11751	11
11752	11
11753	11
11754	12
11755	19
11756	15
11757	8
11758	19
11759	12
11760	16
11761	19
11762	13
11763	8
11764	13
11765	13
11766	13
11767	18
11768	10
11769	11
11770	17
11771	17
11772	17
11773	19
11774	10
11775	19
11776	10
11777	13
11778	9
11779	15
11780	21
11781	14
11782	11
11783	20
11784	13
11785	14
11786	5
11787	14
11788	8
11789	15
11790	14
11791	8
11792	10
11793	10
11794	9
11795	7
11796	12
11797	8
11798	16
11799	13
11800	11
11801	15
11802	18
11803	11
11804	12
11805	11
11806	18
11807	9
11808	13
11809	12
11810	13
11811	11
11812	17
11813	20
11814	16
11815	15
11816	10
11817	19
11818	18
11819	12
11820	15
11821	4
11822	13
11823	11
11824	10
11825	12
11826	15
11827	25
11828	11
11829	14
11830	11
11831	12
11832	15
11833	10
11834	14
11835	12
11836	7
11837	9
11838	20
11839	10
11840	23
11841	13
11842	14
11843	11
11844	12
11845	12
11846	15
11847	13
11848	12
11849	14
11850	14
11851	17
11852	11
11853	7
11854	15
11855	9
11856	21
11857	18
11858	14
11859	10
11860	11
11861	6
11862	15
11863	12
11864	10
11865	15
11866	16
11867	17
11868	11
11869	15
11870	13
11871	20
11872	12
11873	14
11874	17
11875	17
11876	11
11877	10
11878	14
11879	12
11880	15
11881	9
11882	20
11883	13
11884	12
11885	12
11886	16
11887	14
11888	7
11889	18
11890	10
11891	10
11892	15
11893	18
11894	17
11895	18
11896	14
11897	7
11898	8
11899	23
11900	14
11901	16
11902	10
11903	15
11904	15
11905	15
11906	14
11907	11
11908	13
11909	12
11910	15
11911	12
11912	11
11913	18
11914	12
11915	26
11916	9
11917	15
11918	10
11919	13
11920	15
11921	12
11922	12
11923	22
11924	18
11925	9
11926	12
11927	11
11928	13
11929	15
11930	14
11931	8
11932	10
11933	13
11934	12
11935	15
11936	15
11937	16
11938	16
11939	20
11940	11
11941	13
11942	14
11943	17
11944	9
11945	11
11946	19
11947	13
11948	10
11949	11
11950	15
11951	8
11952	11
11953	9
11954	9
11955	14
11956	12
11957	11
11958	11
11959	5
11960	13
11961	10
11962	13
11963	16
11964	5
11965	9
11966	10
11967	11
11968	12
11969	18
11970	9
11971	14
11972	18
11973	17
11974	12
11975	13
11976	14
11977	13
11978	8
11979	16
11980	17
11981	10
11982	11
11983	15
11984	13
11985	15
11986	14
11987	11
11988	19
11989	18
11990	18
11991	18
11992	14
11993	13
11994	14
11995	7
11996	10
11997	11
11998	12
11999	9
12000	11
12001	18
12002	12
12003	16
12004	13
12005	8
12006	23
12007	11
12008	13
12009	22
12010	14
12011	13
12012	18
12013	16
12014	14
12015	8
12016	11
12017	19
12018	13
12019	19
12020	13
12021	17
12022	14
12023	9
12024	19
12025	10
12026	15
12027	18
12028	16
12029	12
12030	10
12031	17
12032	16
12033	12
12034	14
12035	15
12036	15
12037	10
12038	9
12039	16
12040	9
12041	14
12042	9
12043	19
12044	17
12045	18
12046	12
12047	9
12048	13
12049	7
12050	13
12051	14
12052	15
12053	10
12054	13
12055	18
12056	9
12057	15
12058	13
12059	15
12060	9
12061	11
12062	17
12063	9
12064	13
12065	17
12066	15
12067	16
12068	9
12069	9
12070	12
12071	17
12072	7
12073	14
12074	14
12075	12
12076	13
12077	9
12078	14
12079	17
12080	9
12081	16
12082	14
12083	22
12084	11
12085	11
12086	19
12087	17
12088	13
12089	14
12090	15
12091	13
12092	17
12093	13
12094	9
12095	9
12096	12
12097	15
12098	11
12099	9
12100	7
12101	11
12102	9
12103	11
12104	11
12105	11
12106	10
12107	13
12108	12
12109	10
12110	15
12111	10
12112	10
12113	11
12114	12
12115	3
12116	8
12117	10
12118	20
12119	14
12120	9
12121	13
12122	13
12123	14
12124	14
12125	16
12126	18
12127	10
12128	14
12129	11
12130	13
12131	11
12132	13
12133	10
12134	14
12135	13
12136	13
12137	19
12138	13
12139	7
12140	7
12141	13
12142	17
12143	14
12144	12
12145	10
12146	12
12147	13
12148	4
12149	10
12150	11
12151	10
12152	11
12153	14
12154	18
12155	13
12156	7
12157	15
12158	16
12159	21
12160	10
12161	9
12162	8
12163	13
12164	16
12165	10
12166	18
12167	8
12168	12
12169	15
12170	10
12171	10
12172	15
12173	14
12174	15
12175	12
12176	13
12177	10
12178	12
12179	8
12180	15
12181	14
12182	13
12183	16
12184	11
12185	22
12186	11
12187	17
12188	12
12189	16
12190	20
12191	10
12192	11
12193	11
12194	8
12195	10
12196	11
12197	13
12198	13
12199	13
12200	10
12201	7
12202	11
12203	11
12204	12
12205	17
12206	11
12207	8
12208	5
12209	17
12210	11
12211	13
12212	11
12213	18
12214	19
12215	9
12216	13
12217	14
12218	9
12219	11
12220	12
12221	17
12222	12
12223	22
12224	13
12225	12
12226	14
12227	9
12228	13
12229	18
12230	16
12231	12
12232	22
12233	18
12234	14
12235	13
12236	16
12237	13
12238	13
12239	13
12240	18
12241	12
12242	17
12243	17
12244	15
12245	14
12246	11
12247	12
12248	12
12249	11
12250	13
12251	10
12252	15
12253	12
12254	17
12255	14
12256	12
12257	19
12258	15
12259	12
12260	10
12261	10
12262	11
12263	16
12264	17
12265	17
12266	12
12267	16
12268	10
12269	15
12270	15
12271	13
12272	14
12273	15
12274	13
12275	13
12276	15
12277	18
12278	10
12279	9
12280	15
12281	14
12282	14
12283	12
12284	12
12285	16
12286	12
12287	11
12288	16
12289	13
12290	15
12291	14
12292	11
12293	20
12294	14
12295	16
12296	14
12297	11
12298	11
12299	10
12300	17
12301	8
12302	13
12303	15
12304	16
12305	16
12306	9
12307	7
12308	12
12309	15
12310	11
12311	16
12312	17
12313	15
12314	13
12315	11
12316	14
12317	15
12318	7
12319	16
12320	12
12321	24
12322	19
12323	13
12324	22
12325	16
12326	15
12327	12
12328	20
12329	14
12330	12
12331	14
12332	13
12333	12
12334	11
12335	19
12336	10
12337	9
12338	21
12339	17
12340	8
12341	14
12342	17
12343	14
12344	19
12345	12
12346	7
12347	7
12348	22
12349	14
12350	23
12351	14
12352	14
12353	13
12354	15
12355	8
12356	15
12357	7
12358	17
12359	18
12360	8
12361	16
12362	15
12363	17
12364	16
12365	11
12366	14
12367	14
12368	12
12369	10
12370	17
12371	12
12372	9
12373	14
12374	12
12375	13
12376	10
12377	17
12378	15
12379	20
12380	13
12381	18
12382	8
12383	6
12384	17
12385	10
12386	16
12387	10
12388	10
12389	17
12390	17
12391	8
12392	12
12393	8
12394	5
12395	15
12396	9
12397	20
12398	9
12399	16
12400	15
12401	16
12402	19
12403	14
12404	18
12405	11
12406	12
12407	8
12408	15
12409	12
12410	10
12411	19
12412	17
12413	12
12414	15
12415	12
12416	9
12417	15
12418	10
12419	11
12420	9
12421	21
12422	15
12423	15
12424	9
12425	12
12426	14
12427	16
12428	15
12429	14
12430	11
12431	17
12432	18
12433	9
12434	9
12435	14
12436	13
12437	15
12438	14
12439	13
12440	10
12441	11
12442	15
12443	9
12444	9
12445	20
12446	15
12447	9
12448	21
12449	10
12450	10
12451	13
12452	8
12453	16
12454	16
12455	11
12456	15
12457	23
12458	10
12459	9
12460	13
12461	13
12462	11
12463	11
12464	13
12465	20
12466	10
12467	14
12468	9
12469	19
12470	11
12471	7
12472	14
12473	15
12474	10
12475	13
12476	10
12477	14
12478	15
12479	14
12480	22
12481	14
12482	12
12483	7
12484	18
12485	14
12486	12
12487	12
12488	10
12489	16
12490	19
12491	15
12492	14
12493	16
12494	13
12495	12
12496	14
12497	9
12498	9
12499	17
12500	13
12501	18
12502	15
12503	14
12504	16
12505	11
12506	14
12507	15
12508	12
12509	12
12510	16
12511	17
12512	13
12513	14
12514	8
12515	13
12516	10
12517	14
12518	11
12519	14
12520	10
12521	11
12522	6
12523	12
12524	14
12525	11
12526	12
12527	19
12528	18
12529	16
12530	12
12531	18
12532	12
12533	9
12534	13
12535	12
12536	13
12537	9
12538	10
12539	13
12540	11
12541	10
12542	11
12543	14
12544	16
12545	11
12546	12
12547	18
12548	14
12549	12
12550	7
12551	19
12552	20
12553	14
12554	19
12555	8
12556	13
12557	20
12558	15
12559	16
12560	15
12561	9
12562	15
12563	12
12564	16
12565	9
12566	11
12567	13
12568	12
12569	13
12570	13
12571	13
12572	14
12573	18
12574	13
12575	16
12576	12
12577	18
12578	14
12579	13
12580	13
12581	8
12582	6
12583	12
12584	14
12585	10
12586	14
12587	8
12588	19
12589	14
12590	11
12591	9
12592	11
12593	15
12594	14
12595	7
12596	22
12597	11
12598	16
12599	12
12600	18
12601	13
12602	12
12603	17
12604	14
12605	9
12606	6
12607	8
12608	18
12609	12
12610	8
12611	16
12612	16
12613	16
12614	9
12615	21
12616	7
12617	5
12618	10
12619	12
12620	10
12621	17
12622	6
12623	10
12624	15
12625	18
12626	11
12627	14
12628	14
12629	17
12630	16
12631	15
12632	10
12633	10
12634	20
12635	13
12636	16
12637	23
12638	11
12639	14
12640	21
12641	13
12642	13
12643	18
12644	10
12645	15
12646	5
12647	9
12648	15
12649	11
12650	9
12651	9
12652	14
12653	15
12654	13
12655	13
12656	17
12657	12
12658	15
12659	13
12660	15
12661	10
12662	8
12663	20
12664	17
12665	22
12666	11
12667	11
12668	13
12669	8
12670	15
12671	16
12672	3
12673	23
12674	4
12675	15
12676	16
12677	13
12678	14
12679	12
12680	11
12681	11
12682	13
12683	11
12684	9
12685	9
12686	18
12687	8
12688	9
12689	14
12690	14
12691	11
12692	10
12693	12
12694	9
12695	10
12696	12
12697	12
12698	15
12699	14
12700	9
12701	13
12702	11
12703	10
12704	12
12705	15
12706	10
12707	12
12708	12
12709	9
12710	15
12711	15
12712	10
12713	11
12714	13
12715	11
12716	7
12717	13
12718	14
12719	6
12720	19
12721	11
12722	7
12723	22
12724	10
12725	14
12726	11
12727	12
12728	15
12729	13
12730	8
12731	11
12732	15
12733	12
12734	8
12735	8
12736	12
12737	10
12738	18
12739	13
12740	16
12741	15
12742	9
12743	19
12744	18
12745	8
12746	12
12747	14
12748	18
12749	10
12750	10
12751	17
12752	11
12753	21
12754	19
12755	11
12756	17
12757	18
12758	15
12759	9
12760	12
12761	10
12762	15
12763	11
12764	22
12765	14
12766	22
12767	10
12768	11
12769	11
12770	15
12771	11
12772	11
12773	16
12774	15
12775	14
12776	13
12777	13
12778	13
12779	12
12780	13
12781	10
12782	15
12783	22
12784	10
12785	8
12786	16
12787	19
12788	11
12789	8
12790	18
12791	16
12792	13
12793	19
12794	7
12795	17
12796	14
12797	14
12798	11
12799	11
12800	14
12801	13
12802	9
12803	16
12804	17
12805	14
12806	13
12807	16
12808	12
12809	15
12810	13
12811	15
12812	15
12813	15
12814	16
12815	18
12816	17
12817	8
12818	12
12819	12
12820	11
12821	10
12822	17
12823	9
12824	11
12825	12
12826	7
12827	14
12828	11
12829	13
12830	15
12831	16
12832	17
12833	14
12834	16
12835	21
12836	11
12837	12
12838	16
12839	13
12840	14
12841	7
12842	9
12843	9
12844	5
12845	8
12846	12
12847	11
12848	14
12849	13
12850	11
12851	15
12852	15
12853	8
12854	10
12855	10
12856	14
12857	14
12858	17
12859	9
12860	24
12861	7
12862	15
12863	11
12864	19
12865	23
12866	6
12867	11
12868	15
12869	14
12870	16
12871	18
12872	14
12873	10
12874	3
12875	13
12876	9
12877	17
12878	12
12879	15
12880	18
12881	16
12882	17
12883	10
12884	15
12885	12
12886	11
12887	10
12888	15
12889	7
12890	9
12891	15
12892	15
12893	16
12894	16
12895	8
12896	20
12897	8
12898	10
12899	15
12900	9
12901	12
12902	10
12903	15
12904	15
12905	9
12906	9
12907	17
12908	16
12909	22
12910	9
12911	13
12912	14
12913	12
12914	20
12915	13
12916	13
12917	21
12918	9
12919	8
12920	10
12921	12
12922	19
12923	10
12924	18
12925	8
12926	18
12927	17
12928	8
12929	13
12930	10
12931	17
12932	10
12933	11
12934	15
12935	13
12936	20
12937	6
12938	18
12939	15
12940	10
12941	18
12942	8
12943	11
12944	14
12945	14
12946	21
12947	19
12948	13
12949	11
12950	11
12951	8
12952	13
12953	15
12954	9
12955	16
12956	18
12957	11
12958	14
12959	12
12960	8
12961	13
12962	8
12963	10
12964	18
12965	8
12966	18
12967	8
12968	15
12969	15
12970	9
12971	11
12972	8
12973	12
12974	12
12975	8
12976	15
12977	11
12978	10
12979	13
12980	10
12981	10
12982	10
12983	15
12984	15
12985	13
12986	12
12987	9
12988	12
12989	13
12990	8
12991	19
12992	13
12993	13
12994	9
12995	9
12996	11
12997	15
12998	6
12999	14
13000	12
13001	11
13002	18
13003	14
13004	13
13005	8
13006	15
13007	15
13008	10
13009	13
13010	14
13011	18
13012	13
13013	14
13014	18
13015	6
13016	16
13017	15
13018	9
13019	14
13020	14
13021	15
13022	18
13023	14
13024	9
13025	8
13026	17
13027	12
13028	13
13029	9
13030	11
13031	15
13032	12
13033	8
13034	15
13035	10
13036	10
13037	15
13038	11
13039	14
13040	14
13041	16
13042	15
13043	16
13044	11
13045	13
13046	15
13047	17
13048	9
13049	16
13050	14
13051	21
13052	12
13053	9
13054	16
13055	10
13056	11
13057	9
13058	7
13059	14
13060	14
13061	16
13062	11
13063	11
13064	13
13065	11
13066	14
13067	12
13068	13
13069	3
13070	8
13071	12
13072	17
13073	15
13074	5
13075	10
13076	12
13077	12
13078	11
13079	13
13080	8
13081	11
13082	10
13083	14
13084	14
13085	11
13086	14
13087	11
13088	14
13089	15
13090	11
13091	11
13092	15
13093	15
13094	10
13095	10
13096	16
13097	5
13098	12
13099	10
13100	14
13101	13
13102	13
13103	4
13104	11
13105	11
13106	10
13107	16
13108	7
13109	9
13110	9
13111	10
13112	16
13113	10
13114	13
13115	17
13116	14
13117	14
13118	12
13119	9
13120	14
13121	13
13122	15
13123	12
13124	13
13125	8
13126	9
13127	3
13128	14
13129	15
13130	8
13131	15
13132	9
13133	15
13134	9
13135	8
13136	14
13137	8
13138	5
13139	15
13140	9
13141	11
13142	6
13143	11
13144	17
13145	27
13146	15
13147	14
13148	11
13149	5
13150	16
13151	7
13152	9
13153	17
13154	10
13155	7
13156	8
13157	12
13158	14
13159	14
13160	15
13161	10
13162	6
13163	9
13164	12
13165	11
13166	13
13167	12
13168	15
13169	4
13170	17
13171	13
13172	17
13173	24
13174	12
13175	18
13176	13
13177	11
13178	21
13179	15
13180	9
13181	12
13182	14
13183	13
13184	16
13185	10
13186	16
13187	7
13188	10
13189	11
13190	12
13191	7
13192	12
13193	12
13194	12
13195	14
13196	10
13197	9
13198	9
13199	10
13200	13
13201	8
13202	17
13203	17
13204	12
13205	7
13206	8
13207	8
13208	15
13209	12
13210	10
13211	16
13212	11
13213	9
13214	13
13215	9
13216	8
13217	11
13218	13
13219	14
13220	9
13221	8
13222	8
13223	9
13224	8
13225	13
13226	8
13227	15
13228	9
13229	16
13230	10
13231	9
13232	16
13233	20
13234	13
13235	18
13236	10
13237	19
13238	6
13239	15
13240	15
13241	10
13242	12
13243	10
13244	11
13245	17
13246	15
13247	13
13248	7
13249	12
13250	15
13251	16
13252	19
13253	12
13254	21
13255	14
13256	19
13257	14
13258	13
13259	13
13260	10
13261	7
13262	9
13263	13
13264	9
13265	12
13266	14
13267	8
13268	13
13269	9
13270	7
13271	11
13272	13
13273	12
13274	10
13275	17
13276	16
13277	15
13278	14
13279	9
13280	11
13281	11
13282	10
13283	15
13284	13
13285	9
13286	24
13287	10
13288	14
13289	10
13290	14
13291	13
13292	11
13293	9
13294	11
13295	7
13296	16
13297	16
13298	14
13299	11
13300	13
13301	10
13302	11
13303	13
13304	9
13305	14
13306	14
13307	11
13308	8
13309	11
13310	12
13311	15
13312	17
13313	11
13314	7
13315	14
13316	14
13317	10
13318	8
13319	10
13320	12
13321	10
13322	18
13323	11
13324	13
13325	10
13326	8
13327	12
13328	8
13329	8
13330	8
13331	9
13332	13
13333	16
13334	7
13335	12
13336	11
13337	7
13338	6
13339	13
13340	6
13341	14
13342	16
13343	17
13344	7
13345	7
13346	15
13347	14
13348	10
13349	10
13350	17
13351	10
13352	11
13353	18
13354	14
13355	14
13356	21
13357	13
13358	17
13359	14
13360	13
13361	10
13362	20
13363	10
13364	11
13365	12
13366	14
13367	23
13368	16
13369	14
13370	11
13371	9
13372	12
13373	9
13374	15
13375	8
13376	9
13377	14
13378	16
13379	7
13380	17
13381	15
13382	11
13383	19
13384	20
13385	8
13386	20
13387	10
13388	13
13389	12
13390	12
13391	12
13392	10
13393	5
13394	13
13395	13
13396	10
13397	21
13398	14
13399	14
13400	19
13401	14
13402	15
13403	12
13404	13
13405	17
13406	18
13407	10
13408	12
13409	9
13410	7
13411	19
13412	11
13413	9
13414	15
13415	12
13416	9
13417	11
13418	15
13419	10
13420	13
13421	9
13422	12
13423	4
13424	17
13425	6
13426	14
13427	19
13428	19
13429	17
13430	14
13431	13
13432	9
13433	13
13434	10
13435	16
13436	14
13437	8
13438	8
13439	15
13440	17
13441	9
13442	10
13443	14
13444	9
13445	11
13446	9
13447	13
13448	11
13449	13
13450	21
13451	13
13452	11
13453	4
13454	13
13455	19
13456	4
13457	16
13458	16
13459	7
13460	13
13461	11
13462	16
13463	12
13464	9
13465	6
13466	8
13467	11
13468	6
13469	13
13470	15
13471	10
13472	10
13473	12
13474	14
13475	9
13476	14
13477	9
13478	16
13479	11
13480	13
13481	8
13482	20
13483	9
13484	7
13485	10
13486	9
13487	9
13488	12
13489	11
13490	19
13491	20
13492	9
13493	16
13494	18
13495	10
13496	18
13497	10
13498	11
13499	6
13500	17
13501	9
13502	13
13503	11
13504	6
13505	15
13506	13
13507	12
13508	7
13509	12
13510	11
13511	10
13512	14
13513	12
13514	14
13515	11
13516	11
13517	4
13518	14
13519	5
13520	9
13521	11
13522	9
13523	12
13524	14
13525	8
13526	7
13527	17
13528	15
13529	14
13530	10
13531	13
13532	10
13533	12
13534	16
13535	10
13536	12
13537	15
13538	19
13539	10
13540	14
13541	15
13542	11
13543	11
13544	5
13545	10
13546	14
13547	17
13548	16
13549	6
13550	16
13551	13
13552	12
13553	11
13554	6
13555	6
13556	10
13557	13
13558	8
13559	12
13560	17
13561	13
13562	14
13563	7
13564	7
13565	14
13566	9
13567	14
13568	9
13569	15
13570	13
13571	8
13572	10
13573	8
13574	11
13575	15
13576	12
13577	13
13578	12
13579	7
13580	7
13581	10
13582	16
13583	14
13584	15
13585	8
13586	14
13587	10
13588	14
13589	17
13590	11
13591	7
13592	12
13593	13
13594	11
13595	16
13596	14
13597	12
13598	13
13599	11
13600	7
13601	11
13602	9
13603	13
13604	17
13605	11
13606	6
13607	15
13608	12
13609	13
13610	16
13611	11
13612	10
13613	12
13614	13
13615	13
13616	8
13617	8
13618	15
13619	7
13620	14
13621	11
13622	14
13623	13
13624	11
13625	13
13626	18
13627	12
13628	22
13629	9
13630	11
13631	10
13632	13
13633	19
13634	12
13635	8
13636	12
13637	6
13638	11
13639	14
13640	9
13641	9
13642	13
13643	13
13644	18
13645	14
13646	12
13647	8
13648	11
13649	12
13650	11
13651	15
13652	11
13653	10
13654	11
13655	8
13656	15
13657	13
13658	14
13659	11
13660	12
13661	14
13662	11
13663	5
13664	10
13665	16
13666	11
13667	14
13668	5
13669	12
13670	7
13671	10
13672	14
13673	9
13674	8
13675	9
13676	8
13677	11
13678	12
13679	11
13680	12
13681	5
13682	12
13683	10
13684	11
13685	14
13686	15
13687	18
13688	8
13689	11
13690	11
13691	9
13692	7
13693	9
13694	17
13695	13
13696	6
13697	10
13698	17
13699	12
13700	12
13701	12
13702	8
13703	11
13704	8
13705	12
13706	7
13707	9
13708	11
13709	13
13710	9
13711	11
13712	8
13713	8
13714	9
13715	10
13716	13
13717	8
13718	9
13719	7
13720	17
13721	9
13722	11
13723	9
13724	13
13725	12
13726	10
13727	19
13728	9
13729	12
13730	8
13731	16
13732	10
13733	14
13734	11
13735	13
13736	12
13737	9
13738	15
13739	17
13740	10
13741	13
13742	15
13743	10
13744	14
13745	15
13746	16
13747	12
13748	10
13749	9
13750	15
13751	18
13752	12
13753	6
13754	17
13755	16
13756	9
13757	5
13758	7
13759	13
13760	9
13761	12
13762	10
13763	12
13764	19
13765	15
13766	11
13767	14
13768	10
13769	8
13770	9
13771	11
13772	8
13773	14
13774	10
13775	9
13776	11
13777	9
13778	9
13779	15
13780	9
13781	12
13782	10
13783	14
13784	10
13785	18
13786	16
13787	8
13788	9
13789	16
13790	17
13791	13
13792	16
13793	7
13794	14
13795	12
13796	14
13797	15
13798	11
13799	10
13800	12
13801	13
13802	10
13803	8
13804	14
13805	12
13806	7
13807	10
13808	18
13809	11
13810	16
13811	12
13812	8
13813	8
13814	13
13815	10
13816	11
13817	10
13818	12
13819	14
13820	9
13821	13
13822	12
13823	8
13824	12
13825	13
13826	11
13827	9
13828	12
13829	15
13830	9
13831	14
13832	19
13833	13
13834	13
13835	14
13836	12
13837	11
13838	7
13839	8
13840	11
13841	11
13842	12
13843	8
13844	11
13845	8
13846	15
13847	12
13848	12
13849	7
13850	10
13851	16
13852	13
13853	14
13854	9
13855	13
13856	16
13857	11
13858	9
13859	13
13860	7
13861	8
13862	9
13863	5
13864	9
13865	12
13866	12
13867	13
13868	8
13869	12
13870	15
13871	14
13872	12
13873	8
13874	13
13875	11
13876	8
13877	12
13878	10
13879	8
13880	13
13881	10
13882	8
13883	5
13884	14
13885	12
13886	13
13887	16
13888	13
13889	14
13890	13
13891	11
13892	10
13893	9
13894	9
13895	12
13896	11
13897	10
13898	5
13899	13
13900	7
13901	13
13902	10
13903	9
13904	15
13905	13
13906	16
13907	13
13908	11
13909	13
13910	15
13911	13
13912	5
13913	11
13914	8
13915	14
13916	6
13917	14
13918	6
13919	13
13920	12
13921	17
13922	8
13923	4
13924	11
13925	14
13926	5
13927	9
13928	13
13929	10
13930	10
13931	7
13932	12
13933	11
13934	10
13935	12
13936	13
13937	14
13938	10
13939	8
13940	16
13941	10
13942	14
13943	14
13944	8
13945	13
13946	11
13947	11
13948	15
13949	16
13950	15
13951	15
13952	14
13953	15
13954	10
13955	11
13956	16
13957	10
13958	12
13959	10
13960	11
13961	9
13962	11
13963	12
13964	17
13965	13
13966	12
13967	5
13968	12
13969	14
13970	8
13971	12
13972	5
13973	16
13974	10
13975	11
13976	11
13977	15
13978	12
13979	9
13980	14
13981	14
13982	14
13983	16
13984	10
13985	15
13986	17
13987	13
13988	15
13989	7
13990	13
13991	13
13992	6
13993	10
13994	12
13995	14
13996	11
13997	10
13998	10
13999	15
14000	14
14001	17
14002	19
14003	17
14004	10
14005	9
14006	7
14007	19
14008	16
14009	15
14010	14
14011	13
14012	7
14013	5
14014	13
14015	9
14016	14
14017	8
14018	15
14019	12
14020	10
14021	15
14022	15
14023	14
14024	10
14025	11
14026	10
14027	10
14028	11
14029	13
14030	13
14031	10
14032	10
14033	5
14034	11
14035	10
14036	13
14037	12
14038	12
14039	11
14040	14
14041	13
14042	16
14043	8
14044	11
14045	8
14046	8
14047	8
14048	14
14049	16
14050	13
14051	6
14052	12
14053	14
14054	12
14055	9
14056	8
14057	8
14058	10
14059	18
14060	9
14061	5
14062	6
14063	10
14064	15
14065	10
14066	16
14067	11
14068	10
14069	11
14070	11
14071	7
14072	7
14073	15
14074	6
14075	10
14076	10
14077	8
14078	10
14079	13
14080	9
14081	14
14082	10
14083	19
14084	12
14085	11
14086	10
14087	9
14088	9
14089	10
14090	14
14091	14
14092	11
14093	12
14094	9
14095	17
14096	9
14097	12
14098	9
14099	14
14100	21
14101	16
14102	10
14103	14
14104	6
14105	11
14106	14
14107	10
14108	15
14109	10
14110	10
14111	14
14112	12
14113	13
14114	15
14115	12
14116	7
14117	8
14118	12
14119	9
14120	17
14121	11
14122	14
14123	12
14124	11
14125	14
14126	14
14127	14
14128	4
14129	6
14130	13
14131	16
14132	9
14133	17
14134	11
14135	9
14136	11
14137	12
14138	12
14139	7
14140	13
14141	12
14142	10
14143	15
14144	10
14145	5
14146	12
14147	10
14148	12
14149	15
14150	8
14151	14
14152	12
14153	12
14154	7
14155	13
14156	8
14157	6
14158	10
14159	6
14160	12
14161	12
14162	7
14163	13
14164	12
14165	13
14166	9
14167	9
14168	8
14169	9
14170	9
14171	16
14172	12
14173	11
14174	13
14175	12
14176	18
14177	3
14178	12
14179	10
14180	15
14181	12
14182	21
14183	9
14184	10
14185	7
14186	12
14187	11
14188	10
14189	10
14190	6
14191	15
14192	7
14193	9
14194	6
14195	9
14196	11
14197	10
14198	7
14199	9
14200	7
14201	14
14202	9
14203	13
14204	12
14205	7
14206	9
14207	11
14208	17
14209	17
14210	9
14211	15
14212	4
14213	11
14214	11
14215	10
14216	11
14217	15
14218	10
14219	10
14220	6
14221	6
14222	8
14223	16
14224	11
14225	9
14226	4
14227	11
14228	8
14229	12
14230	10
14231	6
14232	9
14233	13
14234	17
14235	7
14236	5
14237	14
14238	8
14239	8
14240	6
14241	11
14242	3
14243	7
14244	10
14245	12
14246	11
14247	17
14248	8
14249	6
14250	5
14251	10
14252	11
14253	12
14254	11
14255	9
14256	10
14257	15
14258	13
14259	14
14260	11
14261	11
14262	7
14263	9
14264	14
14265	19
14266	8
14267	13
14268	13
14269	13
14270	15
14271	13
14272	13
14273	11
14274	10
14275	17
14276	13
14277	6
14278	4
14279	15
14280	9
14281	9
14282	8
14283	6
14284	11
14285	10
14286	8
14287	14
14288	13
14289	13
14290	13
14291	17
14292	6
14293	12
14294	9
14295	8
14296	10
14297	9
14298	14
14299	7
14300	7
14301	7
14302	9
14303	6
14304	8
14305	10
14306	11
14307	14
14308	13
14309	9
14310	9
14311	10
14312	6
14313	4
14314	13
14315	12
14316	14
14317	12
14318	8
14319	17
14320	4
14321	11
14322	10
14323	10
14324	8
14325	7
14326	8
14327	5
14328	7
14329	12
14330	6
14331	17
14332	10
14333	8
14334	7
14335	12
14336	12
14337	10
14338	6
14339	12
14340	11
14341	9
14342	10
14343	14
14344	11
14345	8
14346	9
14347	3
14348	10
14349	14
14350	14
14351	16
14352	12
14353	12
14354	7
14355	8
14356	13
14357	13
14358	5
14359	7
14360	8
14361	14
14362	11
14363	8
14364	9
14365	21
14366	5
14367	13
14368	14
14369	14
14370	11
14371	12
14372	11
14373	14
14374	6
14375	15
14376	8
14377	11
14378	9
14379	13
14380	10
14381	10
14382	6
14383	11
14384	6
14385	6
14386	14
14387	9
14388	11
14389	14
14390	12
14391	12
14392	13
14393	9
14394	9
14395	6
14396	6
14397	9
14398	18
14399	7
14400	9
14401	9
14402	11
14403	13
14404	11
14405	8
14406	12
14407	8
14408	10
14409	7
14410	11
14411	12
14412	8
14413	12
14414	4
14415	9
14416	15
14417	16
14418	12
14419	8
14420	8
14421	9
14422	12
14423	6
14424	10
14425	16
14426	13
14427	11
14428	12
14429	16
14430	13
14431	9
14432	13
14433	5
14434	13
14435	10
14436	14
14437	13
14438	11
14439	13
14440	10
14441	17
14442	10
14443	11
14444	10
14445	13
14446	7
14447	12
14448	12
14449	14
14450	12
14451	9
14452	4
14453	6
14454	7
14455	11
14456	13
14457	7
14458	9
14459	7
14460	6
14461	7
14462	16
14463	10
14464	14
14465	13
14466	11
14467	9
14468	12
14469	12
14470	8
14471	16
14472	13
14473	13
14474	12
14475	10
14476	12
14477	14
14478	11
14479	14
14480	16
14481	7
14482	13
14483	9
14484	18
14485	13
14486	9
14487	6
14488	9
14489	12
14490	7
14491	6
14492	7
14493	7
14494	4
14495	11
14496	11
14497	16
14498	12
14499	10
14500	7
14501	14
14502	11
14503	8
14504	7
14505	12
14506	16
14507	12
14508	11
14509	12
14510	9
14511	12
14512	10
14513	8
14514	11
14515	8
14516	10
14517	16
14518	10
14519	11
14520	14
14521	9
14522	11
14523	12
14524	11
14525	9
14526	11
14527	12
14528	11
14529	13
14530	5
14531	17
14532	13
14533	15
14534	8
14535	12
14536	10
14537	5
14538	12
14539	8
14540	13
14541	8
14542	11
14543	15
14544	7
14545	14
14546	7
14547	14
14548	9
14549	23
14550	10
14551	13
14552	8
14553	11
14554	8
14555	5
14556	9
14557	10
14558	7
14559	22
14560	13
14561	10
14562	9
14563	13
14564	10
14565	6
14566	20
14567	9
14568	15
14569	12
14570	12
14571	7
14572	9
14573	12
14574	10
14575	5
14576	13
14577	7
14578	6
14579	12
14580	11
14581	17
14582	9
14583	10
14584	8
14585	11
14586	13
14587	7
14588	10
14589	12
14590	11
14591	13
14592	10
14593	9
14594	11
14595	11
14596	10
14597	8
14598	7
14599	13
14600	11
14601	11
14602	19
14603	15
14604	10
14605	8
14606	8
14607	16
14608	13
14609	8
14610	11
14611	11
14612	14
14613	10
14614	12
14615	10
14616	8
14617	14
14618	8
14619	9
14620	7
14621	16
14622	6
14623	12
14624	5
14625	19
14626	11
14627	12
14628	9
14629	10
14630	14
14631	7
14632	12
14633	12
14634	12
14635	10
14636	8
14637	9
14638	7
14639	7
14640	15
14641	14
14642	7
14643	12
14644	10
14645	10
14646	11
14647	13
14648	7
14649	8
14650	13
14651	10
14652	9
14653	13
14654	10
14655	7
14656	9
14657	15
14658	10
14659	10
14660	16
14661	9
14662	8
14663	11
14664	8
14665	9
14666	6
14667	13
14668	17
14669	12
14670	6
14671	6
14672	10
14673	4
14674	8
14675	7
14676	11
14677	9
14678	8
14679	13
14680	8
14681	5
14682	14
14683	12
14684	13
14685	11
14686	14
14687	8
14688	8
14689	9
14690	10
14691	10
14692	21
14693	11
14694	11
14695	11
14696	9
14697	8
14698	9
14699	9
14700	7
14701	12
14702	15
14703	7
14704	12
14705	12
14706	10
14707	11
14708	10
14709	10
14710	10
14711	9
14712	16
14713	13
14714	6
14715	14
14716	8
14717	11
14718	10
14719	10
14720	14
14721	16
14722	15
14723	10
14724	7
14725	6
14726	13
14727	14
14728	9
14729	18
14730	15
14731	6
14732	9
14733	5
14734	12
14735	5
14736	11
14737	6
14738	12
14739	9
14740	15
14741	13
14742	11
14743	8
14744	13
14745	13
14746	7
14747	13
14748	6
14749	8
14750	16
14751	8
14752	11
14753	10
14754	11
14755	12
14756	5
14757	8
14758	13
14759	10
14760	10
14761	8
14762	13
14763	13
14764	17
14765	12
14766	11
14767	5
14768	8
14769	12
14770	8
14771	11
14772	5
14773	10
14774	6
14775	18
14776	11
14777	9
14778	11
14779	6
14780	7
14781	17
14782	11
14783	9
14784	10
14785	9
14786	12
14787	13
14788	10
14789	9
14790	8
14791	7
14792	5
14793	9
14794	11
14795	8
14796	11
14797	11
14798	11
14799	12
14800	5
14801	4
14802	9
14803	14
14804	13
14805	9
14806	10
14807	16
14808	10
14809	13
14810	15
14811	12
14812	7
14813	6
14814	9
14815	16
14816	12
14817	13
14818	13
14819	6
14820	9
14821	16
14822	13
14823	7
14824	10
14825	13
14826	6
14827	12
14828	8
14829	11
14830	10
14831	9
14832	9
14833	12
14834	10
14835	7
14836	7
14837	7
14838	14
14839	13
14840	11
14841	9
14842	1
14843	5
14844	13
14845	10
14846	14
14847	5
14848	15
14849	11
14850	13
14851	4
14852	9
14853	10
14854	10
14855	16
14856	12
14857	13
14858	5
14859	9
14860	7
14861	10
14862	7
14863	3
14864	12
14865	8
14866	13
14867	4
14868	12
14869	12
14870	7
14871	9
14872	7
14873	8
14874	12
14875	13
14876	5
14877	8
14878	16
14879	8
14880	9
14881	7
14882	8
14883	7
14884	13
14885	12
14886	11
14887	7
14888	8
14889	9
14890	12
14891	3
14892	7
14893	9
14894	15
14895	3
14896	11
14897	8
14898	9
14899	11
14900	9
14901	11
14902	13
14903	9
14904	12
14905	11
14906	4
14907	10
14908	9
14909	7
14910	4
14911	11
14912	13
14913	4
14914	13
14915	12
14916	6
14917	11
14918	16
14919	10
14920	10
14921	10
14922	9
14923	13
14924	7
14925	10
14926	9
14927	5
14928	11
14929	8
14930	14
14931	9
14932	8
14933	5
14934	10
14935	6
14936	10
14937	8
14938	8
14939	6
14940	7
14941	7
14942	7
14943	7
14944	14
14945	12
14946	14
14947	14
14948	13
14949	10
14950	10
14951	10
14952	3
14953	15
14954	10
14955	7
14956	17
14957	7
14958	14
14959	10
14960	11
14961	5
14962	14
14963	14
14964	9
14965	8
14966	14
14967	6
14968	9
14969	11
14970	8
14971	14
14972	11
14973	11
14974	5
14975	2
14976	13
14977	6
14978	10
14979	7
14980	7
14981	6
14982	7
14983	18
14984	11
14985	12
14986	4
14987	14
14988	8
14989	10
14990	11
14991	11
14992	9
14993	8
14994	6
14995	14
14996	14
14997	11
14998	7
14999	10
15000	8
15001	9
15002	9
15003	7
15004	7
15005	8
15006	7
15007	12
15008	13
15009	7
15010	8
15011	10
15012	11
15013	7
15014	8
15015	13
15016	9
15017	11
15018	14
15019	8
15020	7
15021	12
15022	10
15023	6
15024	8
15025	12
15026	11
15027	10
15028	13
15029	15
15030	11
15031	7
15032	8
15033	12
15034	11
15035	7
15036	12
15037	18
15038	9
15039	10
15040	8
15041	10
15042	8
15043	11
15044	5
15045	6
15046	9
15047	7
15048	12
15049	15
15050	17
15051	12
15052	10
15053	8
15054	13
15055	12
15056	8
15057	13
15058	17
15059	13
15060	12
15061	8
15062	8
15063	4
15064	10
15065	9
15066	10
15067	10
15068	8
15069	9
15070	13
15071	8
15072	8
15073	8
15074	7
15075	9
15076	6
15077	7
15078	5
15079	8
15080	9
15081	9
15082	12
15083	7
15084	9
15085	5
15086	12
15087	4
15088	8
15089	11
15090	12
15091	8
15092	9
15093	17
15094	8
15095	13
15096	12
15097	6
15098	10
15099	12
15100	11
15101	8
15102	9
15103	14
15104	11
15105	9
15106	7
15107	9
15108	10
15109	12
15110	6
15111	13
15112	17
15113	11
15114	7
15115	8
15116	12
15117	7
15118	9
15119	1
15120	10
15121	8
15122	6
15123	9
15124	11
15125	13
15126	7
15127	8
15128	10
15129	11
15130	9
15131	11
15132	8
15133	14
15134	7
15135	14
15136	5
15137	6
15138	6
15139	9
15140	8
15141	4
15142	12
15143	8
15144	12
15145	11
15146	7
15147	3
15148	6
15149	12
15150	6
15151	8
15152	14
15153	9
15154	11
15155	9
15156	11
15157	5
15158	9
15159	6
15160	13
15161	11
15162	10
15163	5
15164	15
15165	10
15166	6
15167	5
15168	4
15169	9
15170	10
15171	14
15172	10
15173	11
15174	7
15175	9
15176	8
15177	8
15178	11
15179	6
15180	8
15181	8
15182	8
15183	10
15184	12
15185	9
15186	7
15187	8
15188	9
15189	6
15190	11
15191	9
15192	10
15193	11
15194	8
15195	8
15196	12
15197	15
15198	11
15199	6
15200	6
15201	11
15202	4
15203	8
15204	12
15205	6
15206	7
15207	6
15208	13
15209	9
15210	11
15211	14
15212	4
15213	8
15214	6
15215	4
15216	10
15217	3
15218	13
15219	15
15220	7
15221	10
15222	14
15223	9
15224	6
15225	6
15226	8
15227	9
15228	12
15229	14
15230	6
15231	11
15232	12
15233	9
15234	7
15235	8
15236	9
15237	8
15238	10
15239	5
15240	9
15241	11
15242	10
15243	8
15244	12
15245	11
15246	8
15247	4
15248	9
15249	15
15250	17
15251	6
15252	7
15253	12
15254	10
15255	5
15256	8
15257	12
15258	13
15259	9
15260	10
15261	14
15262	7
15263	5
15264	8
15265	8
15266	12
15267	7
15268	6
15269	5
15270	8
15271	8
15272	13
15273	11
15274	5
15275	7
15276	10
15277	11
15278	5
15279	7
15280	14
15281	10
15282	9
15283	9
15284	8
15285	7
15286	7
15287	9
15288	4
15289	11
15290	14
15291	11
15292	11
15293	8
15294	7
15295	9
15296	6
15297	10
15298	7
15299	9
15300	6
15301	6
15302	6
15303	8
15304	8
15305	13
15306	9
15307	6
15308	10
15309	6
15310	9
15311	6
15312	11
15313	8
15314	12
15315	10
15316	8
15317	10
15318	12
15319	8
15320	6
15321	10
15322	14
15323	11
15324	9
15325	5
15326	13
15327	10
15328	11
15329	14
15330	8
15331	7
15332	12
15333	6
15334	6
15335	5
15336	11
15337	11
15338	9
15339	8
15340	8
15341	5
15342	8
15343	12
15344	9
15345	7
15346	9
15347	12
15348	11
15349	13
15350	13
15351	10
15352	12
15353	8
15354	9
15355	10
15356	9
15357	7
15358	6
15359	12
15360	12
15361	13
15362	12
15363	10
15364	7
15365	12
15366	10
15367	7
15368	7
15369	9
15370	15
15371	5
15372	3
15373	19
15374	8
15375	7
15376	7
15377	8
15378	6
15379	10
15380	10
15381	6
15382	7
15383	11
15384	12
15385	5
15386	16
15387	8
15388	5
15389	8
15390	8
15391	5
15392	12
15393	10
15394	12
15395	5
15396	10
15397	5
15398	8
15399	11
15400	4
15401	9
15402	7
15403	10
15404	9
15405	12
15406	8
15407	5
15408	5
15409	6
15410	6
15411	6
15412	13
15413	8
15414	9
15415	9
15416	8
15417	15
15418	10
15419	6
15420	13
15421	5
15422	7
15423	11
15424	9
15425	8
15426	12
15427	10
15428	7
15429	5
15430	7
15431	9
15432	2
15433	7
15434	8
15435	10
15436	12
15437	9
15438	12
15439	8
15440	12
15441	5
15442	12
15443	6
15444	11
15445	16
15446	10
15447	7
15448	9
15449	9
15450	9
15451	13
15452	8
15453	8
15454	6
15455	5
15456	12
15457	8
15458	5
15459	7
15460	8
15461	12
15462	10
15463	6
15464	10
15465	10
15466	6
15467	10
15468	14
15469	11
15470	15
15471	8
15472	6
15473	11
15474	5
15475	14
15476	13
15477	11
15478	11
15479	4
15480	8
15481	9
15482	7
15483	4
15484	9
15485	4
15486	15
15487	10
15488	9
15489	12
15490	8
15491	8
15492	10
15493	6
15494	3
15495	13
15496	9
15497	10
15498	9
15499	12
15500	6
15501	11
15502	12
15503	2
15504	6
15505	10
15506	7
15507	6
15508	13
15509	7
15510	6
15511	10
15512	9
15513	10
15514	6
15515	9
15516	6
15517	7
15518	6
15519	5
15520	5
15521	6
15522	7
15523	4
15524	10
15525	5
15526	11
15527	10
15528	5
15529	8
15530	10
15531	8
15532	9
15533	7
15534	11
15535	5
15536	6
15537	11
15538	7
15539	8
15540	10
15541	9
15542	9
15543	6
15544	6
15545	11
15546	10
15547	8
15548	6
15549	8
15550	2
15551	10
15552	12
15553	14
15554	9
15555	4
15556	13
15557	13
15558	4
15559	9
15560	11
15561	4
15562	7
15563	11
15564	4
15565	10
15566	6
15567	9
15568	4
15569	7
15570	6
15571	7
15572	16
15573	3
15574	13
15575	10
15576	9
15577	11
15578	14
15579	7
15580	9
15581	8
15582	7
15583	8
15584	4
15585	5
15586	7
15587	8
15588	11
15589	11
15590	9
15591	3
15592	9
15593	3
15594	9
15595	13
15596	8
15597	7
15598	12
15599	10
15600	7
15601	8
15602	10
15603	5
15604	9
15605	9
15606	1
15607	8
15608	10
15609	6
15610	13
15611	9
15612	10
15613	6
15614	13
15615	12
15616	9
15617	10
15618	9
15619	14
15620	11
15621	6
15622	10
15623	10
15624	8
15625	5
15626	7
15627	11
15628	8
15629	10
15630	11
15631	9
15632	5
15633	6
15634	7
15635	7
15636	8
15637	6
15638	5
15639	6
15640	7
15641	10
15642	6
15643	7
15644	11
15645	8
15646	8
15647	6
15648	1
15649	6
15650	7
15651	8
15652	7
15653	10
15654	9
15655	8
15656	8
15657	7
15658	7
15659	5
15660	2
15661	5
15662	4
15663	9
15664	11
15665	3
15666	7
15667	7
15668	16
15669	7
15670	7
15671	10
15672	9
15673	5
15674	10
15675	11
15676	12
15677	6
15678	12
15679	8
15680	9
15681	6
15682	3
15683	10
15684	4
15685	9
15686	7
15687	8
15688	15
15689	6
15690	6
15691	8
15692	10
15693	6
15694	10
15695	5
15696	6
15697	11
15698	11
15699	7
15700	10
15701	9
15702	9
15703	10
15704	10
15705	9
15706	10
15707	9
15708	15
15709	7
15710	12
15711	4
15712	9
15713	4
15714	10
15715	9
15716	10
15717	5
15718	7
15719	6
15720	8
15721	11
15722	12
15723	5
15724	10
15725	6
15726	5
15727	6
15728	7
15729	10
15730	10
15731	6
15732	12
15733	8
15734	7
15735	9
15736	6
15737	9
15738	12
15739	15
15740	8
15741	9
15742	11
15743	6
15744	9
15745	10
15746	8
15747	5
15748	10
15749	12
15750	8
15751	10
15752	12
15753	15
15754	7
15755	11
15756	11
15757	9
15758	6
15759	12
15760	7
15761	12
15762	10
15763	10
15764	6
15765	10
15766	11
15767	9
15768	4
15769	16
15770	6
15771	5
15772	8
15773	6
15774	7
15775	13
15776	9
15777	7
15778	14
15779	5
15780	3
15781	5
15782	9
15783	6
15784	3
15785	4
15786	8
15787	7
15788	4
15789	13
15790	10
15791	10
15792	12
15793	6
15794	8
15795	9
15796	10
15797	9
15798	7
15799	13
15800	6
15801	9
15802	5
15803	7
15804	11
15805	15
15806	4
15807	4
15808	11
15809	7
15810	6
15811	5
15812	8
15813	7
15814	7
15815	12
15816	11
15817	10
15818	7
15819	10
15820	13
15821	7
15822	10
15823	4
15824	4
15825	8
15826	15
15827	7
15828	6
15829	9
15830	3
15831	8
15832	9
15833	8
15834	14
15835	8
15836	6
15837	6
15838	13
15839	9
15840	7
15841	7
15842	4
15843	6
15844	5
15845	9
15846	14
15847	11
15848	5
15849	8
15850	11
15851	8
15852	15
15853	7
15854	5
15855	7
15856	7
15857	11
15858	8
15859	8
15860	11
15861	10
15862	7
15863	6
15864	6
15865	9
15866	7
15867	8
15868	9
15869	6
15870	6
15871	9
15872	6
15873	9
15874	8
15875	15
15876	14
15877	10
15878	8
15879	6
15880	9
15881	11
15882	7
15883	12
15884	6
15885	6
15886	5
15887	5
15888	8
15889	6
15890	7
15891	4
15892	7
15893	9
15894	6
15895	7
15896	9
15897	11
15898	8
15899	8
15900	3
15901	2
15902	6
15903	5
15904	1
15905	8
15906	12
15907	7
15908	8
15909	6
15910	7
15911	10
15912	8
15913	9
15914	13
15915	9
15916	6
15917	10
15918	9
15919	7
15920	6
15921	16
15922	8
15923	9
15924	8
15925	8
15926	9
15927	5
15928	11
15929	7
15930	9
15931	4
15932	6
15933	15
15934	1
15935	8
15936	11
15937	7
15938	9
15939	8
15940	6
15941	5
15942	8
15943	5
15944	8
15945	7
15946	8
15947	7
15948	7
15949	6
15950	6
15951	5
15952	14
15953	9
15954	4
15955	3
15956	5
15957	10
15958	5
15959	11
15960	6
15961	5
15962	8
15963	5
15964	5
15965	7
15966	5
15967	12
15968	12
15969	3
15970	10
15971	12
15972	8
15973	7
15974	6
15975	13
15976	9
15977	5
15978	7
15979	5
15980	5
15981	6
15982	5
15983	5
15984	9
15985	10
15986	11
15987	6
15988	8
15989	5
15990	8
15991	5
15992	9
15993	6
15994	8
15995	10
15996	5
15997	8
15998	5
15999	7
16000	4
16001	6
16002	9
16003	8
16004	7
16005	9
16006	5
16007	11
16008	6
16009	7
16010	9
16011	7
16012	10
16013	9
16014	7
16015	10
16016	9
16017	8
16018	14
16019	7
16020	14
16021	8
16022	6
16023	8
16024	6
16025	9
16026	5
16027	9
16028	7
16029	9
16030	8
16031	6
16032	6
16033	6
16034	12
16035	4
16036	6
16037	8
16038	4
16039	9
16040	9
16041	9
16042	11
16043	6
16044	9
16045	9
16046	5
16047	6
16048	7
16049	7
16050	7
16051	15
16052	6
16053	3
16054	5
16055	6
16056	10
16057	5
16058	10
16059	9
16060	5
16061	14
16062	7
16063	7
16064	12
16065	7
16066	5
16067	4
16068	10
16069	3
16070	7
16071	7
16072	6
16073	6
16074	4
16075	3
16076	6
16077	7
16078	8
16079	5
16080	2
16081	3
16082	8
16083	7
16084	2
16085	9
16086	3
16087	8
16088	8
16089	10
16090	8
16091	13
16092	6
16093	11
16094	9
16095	8
16096	10
16097	8
16098	8
16099	9
16100	7
16101	3
16102	5
16103	7
16104	10
16105	5
16106	9
16107	7
16108	7
16109	9
16110	7
16111	7
16112	11
16113	6
16114	11
16115	10
16116	7
16117	7
16118	9
16119	9
16120	9
16121	7
16122	8
16123	7
16124	8
16125	8
16126	8
16127	9
16128	9
16129	7
16130	6
16131	8
16132	7
16133	6
16134	7
16135	9
16136	3
16137	11
16138	9
16139	11
16140	2
16141	10
16142	6
16143	5
16144	9
16145	9
16146	11
16147	10
16148	8
16149	10
16150	4
16151	6
16152	8
16153	9
16154	2
16155	9
16156	10
16157	4
16158	4
16159	5
16160	5
16161	4
16162	7
16163	9
16164	10
16165	11
16166	11
16167	10
16168	9
16169	6
16170	9
16171	10
16172	5
16173	14
16174	6
16175	11
16176	5
16177	6
16178	9
16179	9
16180	3
16181	5
16182	6
16183	9
16184	9
16185	3
16186	4
16187	8
16188	5
16189	9
16190	4
16191	10
16192	12
16193	4
16194	9
16195	4
16196	5
16197	8
16198	1
16199	7
16200	5
16201	8
16202	9
16203	5
16204	9
16205	4
16206	11
16207	7
16208	6
16209	2
16210	9
16211	5
16212	9
16213	10
16214	6
16215	8
16216	5
16217	4
16218	4
16219	8
16220	11
16221	6
16222	6
16223	4
16224	5
16225	6
16226	8
16227	11
16228	8
16229	8
16230	4
16231	5
16232	7
16233	4
16234	11
16235	5
16236	3
16237	2
16238	7
16239	5
16240	5
16241	7
16242	10
16243	9
16244	9
16245	7
16246	2
16247	7
16248	12
16249	10
16250	12
16251	4
16252	6
16253	5
16254	2
16255	4
16256	4
16257	10
16258	7
16259	8
16260	4
16261	4
16262	10
16263	7
16264	6
16265	7
16266	5
16267	10
16268	6
16269	7
16270	9
16271	7
16272	11
16273	6
16274	5
16275	7
16276	5
16277	6
16278	8
16279	13
16280	3
16281	3
16282	4
16283	4
16284	4
16285	9
16286	5
16287	5
16288	3
16289	6
16290	8
16291	4
16292	7
16293	5
16294	5
16295	6
16296	9
16297	3
16298	9
16299	6
16300	5
16301	5
16302	4
16303	6
16304	5
16305	3
16306	6
16307	9
16308	5
16309	7
16310	5
16311	8
16312	9
16313	3
16314	9
16315	8
16316	11
16317	4
16318	13
16319	9
16320	8
16321	11
16322	4
16323	3
16324	7
16325	15
16326	9
16327	3
16328	7
16329	9
16330	7
16331	4
16332	6
16333	4
16334	4
16335	7
16336	6
16337	3
16338	7
16339	6
16340	4
16341	10
16342	8
16343	9
16344	11
16345	4
16346	7
16347	4
16348	4
16349	7
16350	4
16351	6
16352	2
16353	8
16354	5
16355	9
16356	8
16357	10
16358	4
16359	6
16360	7
16361	5
16362	9
16363	8
16364	6
16365	8
16366	9
16367	13
16368	8
16369	9
16370	7
16371	7
16372	8
16373	5
16374	3
16375	4
16376	5
16377	3
16378	8
16379	8
16380	4
16381	7
16382	9
16383	8
16384	3
16385	7
16386	9
16387	2
16388	9
16389	4
16390	7
16391	13
16392	4
16393	10
16394	6
16395	1
16396	8
16397	5
16398	13
16399	7
16400	6
16401	2
16402	8
16403	3
16404	10
16405	5
16406	8
16407	4
16408	7
16409	10
16410	7
16411	9
16412	4
16413	4
16414	6
16415	4
16416	5
16417	8
16418	6
16419	6
16420	6
16421	6
16422	3
16423	11
16424	6
16425	5
16426	5
16427	5
16428	10
16429	4
16430	9
16431	1
16432	11
16433	1
16434	7
16435	6
16436	6
16437	5
16438	4
16439	5
16440	7
16441	3
16442	12
16443	7
16444	6
16445	4
16446	2
16447	7
16448	10
16449	8
16450	6
16451	6
16452	6
16453	5
16454	4
16455	7
16456	6
16457	5
16458	2
16459	10
16460	13
16461	6
16462	5
16463	10
16464	12
16465	8
16466	11
16467	5
16468	3
16469	6
16470	9
16471	4
16472	6
16473	12
16474	7
16475	5
16476	6
16477	8
16478	5
16479	7
16480	7
16481	7
16482	3
16483	4
16484	5
16485	4
16486	8
16487	8
16488	7
16489	2
16490	7
16491	3
16492	5
16493	13
16494	6
16495	8
16496	11
16497	7
16498	9
16499	6
16500	7
16501	6
16502	10
16503	9
16504	8
16505	10
16506	6
16507	4
16508	5
16509	8
16510	5
16511	7
16512	5
16513	7
16514	4
16515	6
16516	5
16517	8
16518	4
16519	7
16520	6
16521	3
16522	6
16523	4
16524	7
16525	8
16526	10
16527	3
16528	8
16529	7
16530	6
16531	10
16532	5
16533	7
16534	5
16535	4
16536	6
16537	5
16538	3
16539	5
16540	7
16541	6
16542	4
16543	7
16544	4
16545	9
16546	6
16547	10
16548	3
16549	5
16550	6
16551	3
16552	8
16553	1
16554	6
16555	5
16556	13
16557	4
16558	5
16559	4
16560	3
16561	9
16562	8
16563	6
16564	6
16565	2
16566	8
16567	8
16568	8
16569	6
16570	4
16571	10
16572	8
16573	2
16574	5
16575	5
16576	6
16577	3
16578	8
16579	9
16580	8
16581	7
16582	5
16583	14
16584	5
16585	6
16586	5
16587	3
16588	4
16589	2
16590	8
16591	5
16592	8
16593	10
16594	9
16595	9
16596	7
16597	1
16598	6
16599	3
16600	5
16601	4
16602	5
16603	14
16604	3
16605	8
16607	7
16608	5
16609	6
16610	6
16611	8
16612	4
16613	6
16614	8
16615	4
16616	8
16617	2
16618	9
16619	11
16620	11
16621	4
16622	8
16623	1
16624	7
16625	4
16626	5
16627	4
16628	8
16629	7
16630	6
16631	3
16632	3
16633	10
16634	7
16635	4
16636	5
16637	2
16638	4
16639	9
16640	5
16641	7
16642	5
16643	6
16644	8
16645	6
16646	11
16647	5
16648	2
16649	6
16650	8
16651	3
16652	4
16653	5
16654	3
16655	6
16656	4
16657	7
16658	2
16659	6
16660	4
16661	6
16662	6
16663	4
16664	7
16665	6
16666	4
16667	7
16668	2
16669	4
16670	3
16671	5
16672	6
16673	8
16674	4
16675	11
16676	4
16677	9
16678	6
16679	8
16680	6
16681	6
16682	2
16683	3
16684	4
16685	7
16686	6
16687	2
16688	5
16689	4
16690	7
16691	5
16692	4
16693	2
16694	6
16695	6
16696	9
16697	5
16698	6
16699	10
16700	7
16701	6
16702	8
16703	3
16704	7
16705	11
16706	7
16707	3
16708	7
16709	5
16710	9
16711	7
16712	9
16713	4
16714	7
16715	7
16716	8
16717	7
16718	5
16719	9
16720	6
16721	8
16722	7
16723	10
16724	4
16725	10
16726	5
16727	9
16728	6
16729	7
16730	2
16731	7
16732	9
16733	6
16734	4
16735	9
16736	4
16737	4
16738	5
16739	4
16740	7
16741	4
16742	7
16743	5
16744	5
16745	4
16746	5
16747	6
16748	5
16749	8
16750	7
16751	6
16752	4
16753	1
16754	9
16755	6
16756	3
16757	7
16758	4
16759	5
16760	5
16761	6
16762	2
16763	3
16764	4
16765	3
16766	6
16767	4
16768	8
16769	1
16770	8
16771	3
16772	5
16773	5
16774	8
16775	5
16776	6
16777	11
16778	11
16779	6
16780	2
16781	9
16782	7
16783	4
16784	7
16785	1
16786	9
16787	8
16788	10
16789	1
16790	9
16791	6
16792	4
16793	4
16794	7
16795	4
16796	11
16797	1
16798	5
16799	9
16800	6
16801	5
16802	6
16803	3
16804	5
16805	6
16806	5
16807	9
16808	6
16809	7
16810	6
16811	4
16812	11
16813	7
16814	10
16815	5
16816	7
16817	6
16818	7
16819	4
16820	4
16821	4
16822	8
16823	5
16824	1
16825	7
16826	6
16827	4
16828	1
16829	6
16830	6
16831	5
16832	6
16833	4
16834	11
16835	3
16836	4
16837	4
16838	4
16839	7
16840	9
16841	5
16842	5
16843	8
16844	5
16845	7
16846	5
16847	10
16848	7
16849	1
16850	8
16851	4
16852	7
16853	4
16854	2
16855	6
16856	3
16857	5
16858	8
16859	4
16860	8
16861	8
16862	3
16863	4
16864	2
16865	9
16866	4
16867	5
16868	8
16869	6
16870	6
16871	9
16872	7
16873	9
16874	7
16875	7
16876	2
16877	9
16878	8
16879	8
16880	8
16881	8
16882	5
16883	5
16884	9
16885	9
16886	5
16887	3
16888	11
16889	8
16890	2
16891	4
16892	5
16893	8
16894	6
16895	6
16896	6
16897	6
16898	6
16899	2
16900	5
16901	8
16902	1
16903	3
16904	4
16905	2
16906	5
16907	10
16908	3
16909	3
16910	9
16911	3
16912	6
16913	5
16914	6
16915	2
16916	9
16917	4
16918	8
16919	3
16920	3
16921	5
16922	4
16923	6
16924	3
16925	2
16926	2
16927	6
16928	5
16929	3
16930	3
16931	2
16932	3
16933	6
16934	3
16935	4
16936	9
16937	3
16938	5
16939	3
16940	3
16941	7
16942	9
16943	7
16944	6
16945	11
16946	6
16947	4
16948	6
16949	7
16950	3
16951	8
16952	5
16953	4
16954	7
16955	7
16956	2
16958	8
16959	6
16960	2
16961	3
16962	5
16963	4
16964	7
16965	1
16966	7
16967	2
16968	6
16969	3
16970	8
16971	5
16972	10
16973	5
16974	5
16975	5
16976	5
16977	3
16978	5
16979	3
16980	4
16981	6
16982	3
16983	6
16984	5
16985	7
16986	3
16987	8
16988	9
16989	7
16990	5
16991	6
16992	1
16993	6
16994	8
16995	9
16996	2
16997	7
16998	4
16999	6
17000	4
17001	9
17002	5
17003	7
17004	4
17005	5
17006	8
17007	6
17008	4
17009	4
17010	7
17011	7
17012	6
17013	6
17014	5
17015	2
17016	6
17017	2
17018	9
17019	4
17020	6
17021	2
17022	4
17023	11
17024	9
17025	8
17026	2
17027	3
17028	6
17029	6
17030	5
17031	6
17032	4
17033	2
17034	3
17035	5
17036	6
17037	10
17038	3
17039	4
17040	3
17041	2
17042	4
17043	8
17044	4
17045	1
17046	6
17047	3
17048	4
17049	5
17050	7
17051	1
17052	8
17053	9
17054	6
17055	7
17056	2
17057	4
17058	7
17059	2
17060	10
17061	8
17062	6
17063	4
17064	1
17065	4
17066	5
17067	6
17068	3
17069	4
17070	7
17071	4
17072	5
17073	4
17074	9
17075	10
17076	5
17077	7
17078	6
17079	5
17080	6
17081	7
17082	5
17083	7
17084	5
17085	6
17086	4
17087	3
17088	6
17089	2
17090	3
17091	5
17092	1
17093	6
17094	8
17095	4
17096	4
17097	4
17098	4
17099	6
17100	5
17101	6
17102	2
17103	5
17104	8
17105	5
17106	5
17107	5
17108	11
17109	6
17110	5
17111	6
17112	6
17113	14
17114	9
17115	5
17116	2
17117	6
17118	4
17119	6
17120	7
17121	4
17122	3
17123	9
17124	6
17125	4
17126	5
17127	6
17128	4
17129	3
17130	6
17131	1
17132	8
17133	3
17134	2
17135	3
17136	5
17137	3
17138	3
17139	4
17140	5
17141	8
17142	9
17143	10
17144	3
17145	6
17146	5
17147	1
17148	9
17149	10
17150	4
17151	5
17152	3
17153	6
17154	1
17155	10
17156	2
17157	6
17158	3
17159	7
17160	2
17161	4
17162	9
17163	6
17164	7
17165	8
17166	5
17167	5
17168	4
17169	3
17170	3
17171	6
17172	9
17174	4
17175	2
17176	6
17177	2
17178	5
17179	7
17180	5
17181	6
17182	4
17183	6
17184	6
17185	4
17186	4
17187	9
17188	5
17189	3
17190	6
17191	5
17192	7
17193	4
17194	5
17195	7
17196	14
17197	5
17198	4
17200	3
17201	4
17202	5
17203	10
17204	6
17205	6
17206	6
17207	9
17208	7
17209	4
17210	10
17211	7
17212	6
17213	3
17214	4
17215	3
17216	6
17217	6
17218	5
17219	7
17220	7
17221	9
17222	5
17223	3
17224	2
17225	4
17226	4
17227	6
17228	5
17229	6
17230	2
17231	4
17232	4
17233	3
17234	3
17235	5
17236	6
17237	3
17238	7
17239	5
17240	7
17241	7
17242	6
17243	7
17244	8
17245	5
17246	3
17247	9
17248	5
17249	3
17250	2
17251	7
17252	9
17253	5
17254	6
17255	5
17256	4
17257	2
17258	6
17259	4
17260	6
17261	4
17262	9
17263	2
17264	5
17265	3
17266	8
17267	8
17268	4
17269	2
17270	4
17271	3
17272	4
17273	5
17274	6
17275	3
17276	6
17277	3
17278	6
17279	2
17280	4
17281	3
17282	6
17283	3
17284	5
17285	3
17286	2
17287	7
17288	4
17289	6
17290	7
17291	6
17292	4
17293	4
17294	6
17295	6
17296	7
17297	1
17298	2
17299	2
17300	4
17301	2
17302	4
17303	4
17304	4
17305	2
17306	3
17307	2
17308	3
17309	3
17310	7
17311	8
17312	7
17313	5
17314	6
17315	3
17316	3
17317	5
17318	5
17319	6
17320	7
17321	3
17322	6
17323	4
17324	8
17325	6
17326	1
17327	5
17328	6
17329	5
17330	4
17331	3
17332	6
17333	7
17334	5
17335	4
17336	6
17337	5
17338	6
17339	5
17340	3
17341	6
17342	11
17343	3
17344	7
17345	2
17346	5
17347	9
17348	5
17349	6
17350	3
17351	5
17352	5
17353	3
17354	3
17355	4
17356	4
17357	2
17358	5
17359	1
17360	6
17361	7
17362	7
17363	2
17364	4
17365	4
17366	4
17367	8
17368	6
17369	5
17370	6
17371	5
17372	2
17373	3
17374	4
17375	4
17376	1
17377	3
17378	4
17379	7
17380	3
17381	4
17382	7
17383	4
17384	6
17385	4
17386	4
17387	6
17388	8
17389	4
17390	5
17391	7
17392	5
17393	4
17394	4
17395	1
17396	3
17397	5
17398	6
17399	3
17400	4
17401	4
17402	5
17403	9
17404	3
17405	8
17406	4
17407	7
17408	5
17409	3
17410	5
17411	5
17412	5
17413	10
17414	5
17415	7
17416	4
17417	6
17418	5
17419	2
17420	5
17421	5
17422	6
17423	4
17424	2
17425	2
17426	5
17427	5
17428	3
17429	4
17430	4
17431	2
17432	5
17433	4
17434	3
17435	1
17436	1
17437	4
17438	5
17439	5
17440	4
17441	7
17442	6
17443	5
17444	8
17445	8
17446	5
17447	6
17448	5
17449	3
17450	2
17451	4
17452	3
17453	9
17454	2
17455	3
17456	2
17457	2
17458	3
17459	4
17460	6
17461	3
17462	4
17463	3
17464	6
17465	6
17466	5
17467	4
17468	3
17469	3
17470	3
17471	1
17472	3
17473	8
17474	5
17475	6
17476	4
17477	5
17478	3
17479	5
17480	2
17481	4
17482	6
17483	5
17484	2
17485	3
17486	5
17487	2
17488	5
17489	9
17490	4
17491	4
17492	5
17493	2
17494	5
17495	6
17496	5
17497	2
17498	3
17499	6
17500	4
17501	1
17502	4
17503	3
17504	2
17506	5
17507	4
17508	7
17509	6
17510	2
17511	3
17512	5
17513	4
17514	5
17515	2
17516	4
17517	6
17518	7
17519	6
17520	6
17521	2
17522	4
17523	3
17524	10
17525	2
17526	1
17527	3
17528	7
17529	3
17530	4
17531	5
17532	5
17533	6
17534	5
17535	1
17536	1
17537	3
17538	1
17539	4
17540	4
17541	3
17542	4
17543	2
17544	6
17545	3
17546	4
17547	2
17548	4
17549	8
17550	2
17551	3
17552	5
17553	7
17554	1
17555	5
17556	5
17557	5
17558	8
17559	3
17560	2
17561	3
17562	3
17563	4
17564	7
17565	4
17566	1
17567	5
17568	2
17569	6
17570	1
17572	5
17573	5
17574	3
17575	1
17576	2
17577	3
17578	5
17579	4
17580	1
17581	3
17582	3
17583	1
17584	3
17585	4
17586	2
17587	4
17588	6
17589	4
17590	2
17591	8
17592	7
17594	3
17595	5
17596	2
17597	6
17598	2
17599	3
17600	4
17601	5
17602	5
17603	4
17604	2
17605	3
17606	7
17607	6
17608	6
17609	6
17610	4
17611	3
17612	1
17613	3
17614	6
17615	3
17616	5
17617	3
17618	2
17619	3
17620	3
17621	2
17622	3
17623	1
17624	3
17625	2
17626	5
17627	3
17628	3
17629	5
17630	3
17631	11
17632	3
17633	3
17634	8
17635	2
17636	1
17637	4
17638	1
17639	1
17640	4
17641	6
17642	2
17643	5
17644	4
17645	4
17646	2
17647	5
17648	4
17649	1
17650	4
17651	1
17652	3
17653	2
17654	4
17655	2
17656	4
17657	1
17658	3
17659	5
17660	4
17661	3
17662	6
17663	5
17664	5
17665	3
17666	3
17667	3
17668	3
17669	3
17670	9
17671	4
17672	3
17673	1
17674	9
17675	3
17676	5
17678	3
17679	2
17680	1
17681	5
17682	3
17683	5
17684	3
17685	8
17686	5
17687	4
17688	4
17689	8
17690	3
17691	4
17692	5
17693	4
17694	1
17695	2
17696	5
17698	4
17699	2
17700	4
17701	3
17702	3
17703	6
17704	2
17705	8
17706	6
17707	5
17708	3
17709	6
17710	4
17711	4
17712	2
17713	3
17714	1
17715	6
17716	3
17717	2
17718	4
17719	7
17720	2
17721	3
17722	3
17723	4
17724	4
17725	5
17726	7
17727	5
17728	3
17729	6
17730	3
17731	4
17732	4
17733	2
17734	2
17735	6
17736	6
17737	6
17738	2
17739	3
17740	3
17741	3
17742	5
17743	3
17744	1
17745	5
17746	2
17747	8
17748	4
17749	1
17750	6
17751	3
17752	4
17753	5
17754	6
17755	2
17757	6
17758	3
17759	3
17760	5
17761	5
17762	3
17763	1
17764	3
17765	4
17767	1
17768	5
17769	4
17770	4
17771	4
17772	5
17773	2
17774	5
17776	4
17777	2
17778	4
17779	4
17780	6
17781	1
17782	1
17783	2
17784	4
17785	3
17786	1
17787	3
17788	4
17789	2
17790	3
17791	4
17792	1
17793	4
17794	4
17795	1
17796	3
17797	5
17798	3
17799	4
17800	6
17801	6
17802	7
17803	2
17804	3
17805	1
17806	5
17807	5
17808	3
17809	4
17810	3
17811	2
17812	4
17813	4
17814	7
17815	2
17816	2
17817	4
17818	3
17819	2
17820	3
17821	1
17822	4
17823	2
17824	5
17825	4
17826	7
17828	2
17829	4
17830	3
17831	3
17832	2
17833	5
17834	5
17835	6
17836	3
17837	10
17838	4
17839	2
17840	5
17841	2
17842	3
17843	4
17844	2
17845	7
17846	7
17847	3
17848	3
17849	5
17850	5
17851	2
17852	5
17853	4
17854	4
17855	4
17856	5
17857	1
17858	4
17859	3
17860	8
17861	2
17862	6
17863	2
17864	3
17865	3
17866	4
17867	4
17868	2
17869	5
17870	5
17871	3
17872	6
17873	1
17874	4
17875	1
17876	3
17877	5
17878	1
17879	7
17880	1
17881	2
17882	5
17883	4
17884	4
17885	5
17886	5
17887	6
17888	4
17889	6
17890	4
17891	5
17892	3
17893	6
17894	3
17895	3
17896	4
17897	4
17898	2
17899	5
17900	6
17901	2
17902	2
17903	3
17904	2
17905	4
17906	2
17907	5
17908	6
17909	4
17910	2
17912	2
17913	4
17914	3
17915	5
17916	1
17917	2
17918	6
17919	1
17920	1
17921	3
17922	5
17923	5
17924	3
17925	2
17926	4
17927	3
17928	2
17929	3
17930	2
17931	2
17932	2
17933	3
17934	4
17935	3
17936	1
17937	7
17938	5
17939	3
17940	7
17941	2
17942	3
17943	3
17944	7
17945	4
17946	4
17947	5
17948	5
17949	3
17950	6
17951	4
17952	1
17953	3
17954	3
17955	5
17956	4
17957	2
17958	6
17959	3
17960	1
17961	4
17962	3
17963	4
17964	3
17965	2
17966	8
17967	5
17968	4
17969	2
17970	2
17971	3
17972	5
17973	1
17974	3
17975	8
17977	1
17979	1
17980	1
17981	1
17982	8
17983	4
17984	4
17985	1
17986	2
17987	3
17988	5
17989	3
17990	6
17991	3
17992	7
17993	9
17994	8
17995	8
17996	4
17997	3
17998	2
17999	5
18000	6
18001	2
18002	1
18003	1
18004	3
18005	4
18006	3
18007	4
18008	5
18009	3
18010	3
18011	2
18012	3
18014	8
18016	3
18017	2
18018	2
18019	6
18020	3
18021	3
18022	4
18023	5
18024	2
18025	4
18026	4
18027	2
18028	7
18029	1
18030	3
18032	4
18033	5
18034	2
18035	2
18036	3
18037	2
18038	2
18039	5
18040	1
18041	3
18042	6
18043	1
18044	5
18045	3
18046	2
18047	1
18048	2
18049	2
18050	1
18051	1
18052	3
18054	4
18055	4
18056	4
18057	3
18058	3
18059	1
18060	2
18061	3
18062	1
18063	2
18064	5
18065	4
18067	4
18068	2
18069	5
18070	4
18071	4
18072	4
18073	4
18074	5
18075	2
18076	3
18077	4
18078	2
18079	2
18080	3
18081	5
18082	2
18083	4
18084	3
18085	5
18086	2
18087	5
18088	7
18089	3
18090	5
18091	6
18092	2
18093	1
18094	3
18096	2
18097	7
18098	3
18099	2
18100	5
18101	2
18102	3
18103	2
18104	6
18105	3
18106	9
18107	1
18108	5
18109	3
18110	4
18111	1
18112	8
18113	3
18114	5
18115	3
18116	1
18117	9
18118	1
18119	4
18120	1
18121	5
18122	2
18123	2
18125	3
18126	2
18127	1
18128	1
18129	4
18130	5
18131	1
18132	4
18133	6
18134	3
18135	6
18136	2
18137	2
18138	4
18139	2
18140	2
18141	2
18142	3
18143	4
18144	4
18145	2
18146	4
18147	3
18148	5
18149	5
18150	2
18151	3
18152	5
18153	1
18154	1
18156	1
18157	3
18158	3
18159	1
18160	3
18161	1
18162	3
18163	3
18164	3
18165	2
18166	3
18167	1
18168	2
18169	3
18170	3
18171	6
18172	2
18173	5
18174	4
18175	3
18176	3
18177	5
18178	1
18179	4
18180	2
18182	4
18183	2
18184	3
18185	4
18186	2
18187	5
18188	5
18189	2
18190	3
18191	5
18192	2
18193	3
18194	3
18195	1
18196	3
18197	3
18198	2
18199	3
18200	2
18201	1
18202	2
18203	4
18204	1
18205	8
18206	3
18207	4
18208	1
18209	3
18210	2
18212	2
18213	1
18214	2
18215	3
18216	4
18217	1
18218	2
18219	2
18220	2
18222	3
18223	2
18224	2
18225	1
18226	4
18227	4
18228	3
18229	2
18230	4
18232	3
18233	3
18234	2
18235	1
18236	3
18237	1
18238	1
18239	6
18240	1
18241	8
18242	4
18243	4
18244	4
18245	2
18246	4
18247	3
18248	1
18249	4
18250	4
18252	4
18253	5
18254	7
18255	4
18256	4
18257	1
18258	4
18259	1
18260	2
18261	6
18262	4
18263	5
18264	3
18265	2
18266	6
18267	2
18268	4
18269	3
18270	5
18271	2
18272	2
18273	4
18274	1
18275	2
18276	3
18277	2
18278	2
18279	1
18280	4
18281	5
18282	2
18283	3
18284	1
18285	3
18286	1
18287	2
18288	7
18289	7
18291	6
18292	1
18293	4
18295	2
18296	3
18297	1
18298	3
18299	1
18300	2
18301	2
18302	1
18303	3
18304	3
18305	4
18306	3
18307	2
18308	1
18309	4
18310	1
18311	2
18312	4
18313	2
18314	2
18315	3
18316	2
18317	5
18318	5
18319	4
18320	4
18321	1
18322	3
18323	1
18324	1
18325	8
18327	3
18328	4
18329	7
18330	2
18331	3
18332	2
18333	1
18334	3
18335	2
18336	2
18337	1
18338	1
18339	2
18340	1
18341	1
18342	1
18344	4
18345	3
18346	2
18347	3
18348	8
18349	1
18350	4
18351	2
18352	2
18355	5
18356	4
18357	1
18358	3
18359	2
18360	1
18361	6
18364	1
18366	2
18367	5
18369	5
18372	1
18373	2
18374	3
18375	7
18376	2
18377	1
18379	4
18380	1
18381	5
18382	1
18383	3
18384	2
18385	1
18386	3
18387	3
18388	3
18389	1
18390	6
18391	1
18392	1
18393	4
18394	4
18395	4
18396	2
18397	4
18398	4
18399	1
18400	1
18401	3
18402	4
18403	1
18404	3
18405	6
18406	1
18408	3
18409	3
18410	3
18411	6
18412	4
18413	1
18414	2
18415	4
18416	6
18417	3
18418	4
18419	4
18421	3
18422	2
18423	2
18424	1
18425	5
18426	2
18427	4
18428	2
18429	2
18430	6
18431	2
18432	4
18433	2
18434	5
18435	1
18437	2
18438	2
18439	2
18440	3
18441	2
18442	1
18443	2
18444	3
18445	2
18446	4
18447	5
18448	3
18449	5
18450	2
18451	6
18452	4
18453	5
18454	2
18455	3
18456	2
18457	4
18458	1
18459	1
18460	5
18462	1
18463	1
18464	3
18465	2
18466	5
18467	3
18468	5
18469	2
18470	4
18471	1
18472	1
18473	1
18474	3
18476	1
18477	2
18478	2
18479	2
18480	4
18481	5
18482	3
18483	4
18485	2
18486	2
18487	1
18488	3
18489	7
18491	3
18492	3
18493	4
18494	5
18495	1
18496	3
18497	4
18498	4
18499	3
18500	1
18502	3
18503	2
18504	4
18505	1
18506	5
18507	1
18508	3
18509	1
18510	3
18511	1
18512	3
18513	1
18514	3
18515	1
18517	2
18520	1
18521	1
18522	2
18523	4
18525	2
18526	2
18527	4
18528	1
18529	1
18530	3
18531	1
18532	3
18533	2
18534	2
18535	1
18536	7
18537	2
18538	1
18539	1
18540	1
18541	2
18542	2
18543	1
18544	6
18545	1
18546	4
18547	4
18548	2
18549	2
18550	2
18551	1
18552	1
18553	1
18554	5
18555	1
18556	1
18557	2
18558	3
18559	1
18561	3
18562	3
18563	2
18564	1
18565	1
18566	3
18567	4
18568	3
18569	3
18570	2
18571	3
18573	1
18574	2
18575	3
18576	2
18577	1
18578	3
18579	5
18580	4
18581	4
18582	1
18583	2
18585	3
18586	2
18587	1
18588	2
18589	1
18590	4
18591	5
18592	5
18593	2
18594	3
18595	3
18596	2
18597	1
18598	2
18600	7
18601	1
18602	3
18603	2
18605	2
18606	1
18607	1
18608	4
18609	1
18610	4
18611	2
18612	1
18613	4
18614	6
18615	2
18616	4
18617	3
18618	2
18619	3
18620	3
18621	1
18622	2
18623	2
18624	1
18625	3
18626	3
18628	4
18629	3
18630	7
18631	2
18632	3
18633	2
18634	1
18635	1
18636	2
18637	1
18638	1
18639	1
18640	1
18642	2
18643	1
18644	4
18645	2
18646	2
18648	1
18649	4
18650	4
18652	4
18653	2
18655	3
18656	1
18657	3
18658	3
18659	3
18660	3
18661	3
18663	1
18664	3
18665	2
18666	3
18667	1
18668	1
18669	3
18671	3
18672	4
18673	2
18674	2
18675	2
18676	4
18677	2
18678	4
18679	5
18680	3
18681	1
18682	5
18683	2
18684	1
18685	3
18686	1
18687	8
18688	2
18689	1
18690	3
18691	3
18692	3
18693	2
18694	1
18695	1
18696	1
18697	5
18698	5
18699	2
18700	2
18701	2
18702	1
18703	3
18704	4
18705	5
18706	2
18707	3
18708	1
18709	4
18710	2
18711	4
18712	4
18713	2
18714	2
18715	2
18716	3
18717	1
18718	1
18719	1
18721	4
18722	2
18723	1
18724	4
18725	5
18726	2
18728	3
18729	2
18730	1
18731	3
18733	4
18734	2
18735	4
18737	4
18738	2
18739	2
18740	1
18741	1
18742	3
18743	2
18744	2
18746	1
18747	2
18748	2
18749	2
18750	5
18751	2
18752	2
18753	1
18754	1
18755	3
18756	2
18757	1
18758	7
18760	2
18761	1
18762	2
18763	2
18764	2
18765	2
18766	1
18768	4
18769	4
18770	2
18771	1
18772	1
18774	2
18775	4
18778	1
18780	1
18781	1
18782	4
18784	1
18785	1
18786	2
18787	1
18788	2
18789	1
18790	1
18791	2
18792	2
18793	1
18794	1
18795	2
18796	3
18797	2
18798	3
18799	4
18800	1
18801	2
18802	2
18804	2
18805	3
18806	6
18808	2
18810	4
18811	2
18812	2
18814	3
18815	1
18816	1
18817	3
18818	4
18819	3
18820	1
18821	4
18822	6
18823	2
18824	1
18825	5
18826	1
18827	1
18828	2
18829	2
18830	2
18831	2
18832	2
18833	1
18834	1
18835	4
18836	2
18837	2
18838	1
18839	1
18840	3
18841	1
18842	1
18843	2
18844	2
18845	2
18846	1
18847	1
18848	6
18849	3
18850	2
18851	2
18852	1
18856	1
18857	4
18858	2
18860	2
18861	1
18862	1
18863	1
18864	2
18865	3
18867	5
18868	1
18869	1
18870	3
18871	1
18872	2
18873	5
18874	2
18875	2
18876	1
18878	1
18880	4
18881	3
18882	4
18883	3
18886	4
18887	2
18888	2
18889	1
18890	4
18891	1
18892	1
18893	2
18894	1
18895	2
18897	1
18898	4
18899	2
18900	1
18902	3
18903	1
18904	7
18905	1
18906	2
18907	1
18908	2
18909	1
18910	1
18911	3
18912	3
18914	3
18915	2
18916	2
18917	2
18919	2
18920	2
18921	2
18922	1
18923	2
18924	1
18925	2
18926	1
18927	1
18928	3
18929	2
18930	1
18931	2
18932	3
18933	1
18934	1
18935	1
18936	1
18937	2
18938	2
18939	4
18940	2
18941	1
18943	1
18944	2
18945	2
18946	1
18947	2
18948	2
18950	1
18951	1
18953	3
18954	2
18955	2
18956	3
18957	2
18959	2
18960	3
18961	1
18962	3
18963	2
18964	2
18966	1
18969	1
18970	2
18971	1
18972	2
18973	1
18974	3
18975	2
18976	1
18977	1
18979	1
18980	3
18981	2
18982	1
18983	1
18984	1
18985	2
18986	2
18987	2
18988	2
18989	3
18990	1
18991	2
18993	2
18994	1
18995	2
18996	4
18997	1
18998	4
18999	4
19000	1
19001	1
19002	1
19003	2
19004	2
19006	2
19008	1
19009	3
19010	1
19012	2
19013	2
19014	1
19016	2
19017	2
19018	1
19019	1
19020	2
19022	1
19023	5
19024	1
19026	1
19027	1
19028	6
19029	3
19030	1
19031	3
19032	2
19033	4
19034	1
19035	5
19037	3
19038	2
19039	4
19040	2
19041	1
19042	3
19043	2
19044	1
19046	1
19047	1
19050	2
19051	2
19052	2
19053	3
19055	1
19056	1
19057	2
19058	2
19059	1
19060	3
19062	2
19063	4
19064	1
19065	3
19066	3
19067	1
19068	2
19070	2
19072	3
19073	5
19074	3
19075	4
19078	1
19079	1
19080	2
19082	4
19083	1
19084	4
19085	1
19086	2
19087	1
19089	3
19090	1
19091	1
19093	1
19094	2
19095	2
19096	1
19097	2
19099	1
19100	5
19102	3
19103	1
19104	1
19105	2
19107	1
19109	2
19110	2
19112	2
19113	1
19115	1
19116	1
19117	1
19118	1
19119	1
19120	4
19121	2
19122	2
19123	3
19124	3
19125	5
19126	1
19127	1
19129	3
19130	3
19131	1
19133	1
19134	2
19135	4
19136	1
19137	1
19138	3
19139	2
19140	1
19141	2
19142	3
19144	1
19147	2
19148	1
19150	1
19151	2
19152	2
19153	2
19154	1
19155	1
19156	2
19158	1
19160	2
19161	1
19163	3
19164	1
19165	1
19166	1
19167	1
19168	3
19169	2
19170	2
19171	2
19173	1
19175	2
19176	3
19177	2
19178	2
19179	1
19180	3
19181	2
19182	1
19183	2
19184	4
19186	1
19187	1
19188	3
19189	3
19190	1
19191	2
19192	3
19193	1
19194	1
19195	3
19197	1
19198	1
19199	1
19201	1
19203	1
19205	1
19207	3
19209	1
19210	2
19211	2
19212	2
19213	2
19214	1
19216	3
19217	4
19218	1
19219	1
19220	2
19221	2
19222	3
19223	2
19224	2
19225	4
19226	1
19227	1
19231	1
19233	1
19235	3
19236	1
19237	4
19239	1
19240	2
19241	1
19242	1
19243	4
19244	3
19245	1
19246	3
19249	2
19250	2
19251	1
19252	1
19253	1
19254	2
19255	2
19257	4
19259	4
19260	2
19262	2
19263	2
19264	2
19265	1
19266	4
19267	1
19272	1
19273	1
19274	1
19275	1
19277	2
19281	4
19283	4
19284	1
19285	2
19286	2
19288	1
19291	4
19292	4
19293	1
19294	2
19296	2
19297	1
19298	1
19300	4
19302	1
19303	2
19304	3
19305	1
19306	2
19307	2
19308	2
19309	1
19310	2
19311	1
19312	1
19313	1
19315	1
19316	1
19317	1
19318	3
19320	1
19322	1
19323	3
19324	3
19325	2
19326	3
19331	2
19332	4
19333	1
19334	2
19335	2
19336	1
19337	1
19339	1
19340	1
19341	1
19342	3
19343	4
19344	2
19345	2
19346	1
19347	2
19348	1
19349	1
19350	1
19351	1
19352	1
19353	1
19354	2
19355	1
19356	1
19357	1
19359	4
19361	2
19362	1
19363	1
19365	2
19366	2
19367	2
19368	2
19369	2
19370	1
19372	2
19373	3
19377	2
19378	3
19379	1
19381	2
19383	2
19384	5
19385	4
19386	2
19387	5
19388	3
19389	1
19391	1
19392	2
19393	4
19394	1
19395	2
19396	2
19398	2
19399	1
19400	1
19401	1
19403	2
19405	4
19406	2
19408	3
19410	2
19411	5
19413	2
19415	2
19416	1
19417	1
19418	2
19419	3
19420	2
19421	1
19422	1
19424	2
19425	3
19426	1
19427	1
19429	3
19433	1
19434	1
19435	1
19436	2
19437	2
19438	2
19441	3
19443	2
19444	3
19445	1
19446	1
19447	4
19449	2
19450	1
19453	1
19454	1
19455	1
19456	1
19458	3
19459	3
19460	1
19462	3
19463	1
19464	3
19466	2
19467	2
19468	2
19469	1
19470	2
19471	3
19472	2
19473	3
19474	4
19475	2
19476	4
19477	2
19478	2
19479	2
19480	2
19483	3
19484	3
19486	3
19488	4
19489	1
19490	1
19492	2
19494	2
19496	2
19497	2
19498	1
19499	2
19500	1
19501	1
19502	2
19503	1
19504	1
19507	3
19508	1
19509	1
19510	2
19511	1
19512	2
19513	3
19515	1
19517	1
19518	1
19520	1
19522	2
19523	1
19524	1
19527	1
19528	1
19530	2
19531	2
19532	4
19533	2
19535	2
19536	2
19537	2
19538	1
19540	2
19541	2
19542	2
19543	1
19545	4
19548	1
19549	3
19550	2
19551	2
19552	3
19553	2
19554	4
19555	1
19556	2
19558	1
19559	2
19560	3
19561	2
19562	2
19563	1
19564	1
19565	1
19570	1
19571	3
19572	2
19573	2
19574	2
19575	4
19576	2
19577	2
19578	2
19579	1
19580	1
19581	1
19582	2
19583	1
19584	1
19588	1
19590	2
19591	2
19594	1
19595	5
19598	2
19600	1
19601	1
19603	2
19604	1
19606	2
19610	4
19612	1
19614	2
19618	1
19619	1
19621	1
19622	2
19623	2
19625	1
19626	2
19627	2
19628	1
19629	1
19630	2
19631	3
19632	1
19633	1
19635	1
19636	1
19637	1
19638	1
19639	2
19640	3
19641	2
19642	3
19643	1
19645	2
19646	3
19647	1
19648	1
19651	2
19652	1
19653	2
19654	2
19655	3
19656	2
19657	2
19658	1
19659	1
19662	3
19663	2
19664	1
19666	3
19669	2
19670	3
19671	4
19672	2
19673	1
19674	1
19675	1
19676	1
19677	1
19679	1
19682	1
19683	2
19685	2
19686	2
19687	3
19689	4
19691	1
19694	1
19695	1
19696	1
19700	1
19701	1
19702	1
19703	1
19704	1
19706	1
19708	1
19709	1
19710	1
19711	1
19712	3
19713	1
19718	2
19720	2
19721	5
19722	2
19726	2
19728	1
19729	1
19730	3
19732	1
19733	2
19734	1
19735	3
19736	2
19737	1
19738	1
19739	2
19740	3
19741	4
19742	1
19743	1
19744	2
19747	2
19750	1
19753	2
19756	1
19757	5
19758	4
19761	3
19762	5
19764	1
19765	1
19766	1
19767	5
19769	2
19771	1
19772	1
19773	2
19774	1
19775	1
19776	1
19779	1
19780	1
19784	2
19786	2
19787	1
19788	1
19790	3
19792	1
19793	1
19795	1
19796	1
19797	2
19798	1
19799	1
19800	2
19801	2
19802	2
19804	1
19808	2
19809	1
19810	3
19812	2
19814	2
19815	1
19816	2
19818	1
19819	2
19821	1
19824	1
19830	2
19833	1
19834	1
19837	1
19839	1
19840	1
19841	1
19844	1
19846	1
19848	1
19849	2
19850	1
19851	1
19852	3
19856	1
19857	1
19858	2
19859	1
19862	3
19866	3
19868	1
19869	1
19870	2
19871	2
19872	1
19873	1
19874	1
19875	4
19877	1
19878	1
19879	6
19880	2
19881	1
19884	1
19885	1
19886	4
19887	2
19890	2
19891	1
19892	1
19894	1
19895	1
19899	3
19901	2
19903	1
19904	1
19905	1
19907	2
19908	1
19910	1
19911	1
19912	1
19913	1
19915	2
19917	1
19919	2
19920	3
19922	1
19923	3
19927	1
19928	1
19929	1
19930	3
19931	3
19936	1
19937	2
19939	1
19940	1
19941	1
19944	1
19945	1
19947	1
19950	1
19953	1
19954	2
19955	2
19956	2
19957	1
19958	5
19959	4
19962	4
19963	1
19964	1
19965	1
19966	1
19967	3
19968	2
19970	2
19971	3
19972	1
19974	1
19976	2
19977	1
19979	2
19983	3
19985	2
19986	1
19987	1
19988	1
19990	3
19992	3
19993	2
19994	5
19996	1
19998	2
19999	1
20003	1
20006	2
20009	2
20011	1
20012	1
20013	1
20015	1
20017	1
20018	3
20020	1
20021	3
20022	1
20025	1
20026	2
20028	1
20029	2
20030	1
20031	2
20034	2
20035	2
20036	1
20038	1
20039	2
20041	2
20043	1
20046	1
20047	2
20048	1
20051	1
20052	1
20053	2
20054	1
20055	3
20056	1
20057	1
20058	1
20062	3
20063	1
20064	1
20065	2
20066	1
20068	1
20070	2
20072	2
20074	2
20076	1
20077	1
20078	1
20079	1
20082	2
20083	1
20084	2
20085	1
20091	1
20092	1
20093	1
20095	1
20096	2
20102	2
20105	1
20106	1
20108	1
20109	2
20110	2
20113	1
20115	1
20117	1
20120	1
20123	2
20126	2
20127	1
20128	1
20129	1
20130	2
20131	2
20132	1
20137	2
20139	2
20142	1
20143	1
20144	1
20145	2
20146	1
20148	2
20149	2
20150	2
20152	1
20155	2
20159	1
20160	1
20161	1
20162	1
20163	1
20164	1
20165	1
20166	1
20167	1
20170	2
20172	2
20174	1
20176	1
20177	1
20179	1
20182	2
20183	1
20185	1
20187	2
20188	2
20191	1
20192	1
20193	1
20196	2
20197	1
20203	1
20204	2
20206	1
20208	2
20212	2
20213	1
20215	2
20216	2
20217	3
20218	1
20220	2
20222	1
20223	2
20224	1
20228	1
20231	1
20234	1
20237	1
20239	1
20242	1
20244	2
20247	3
20248	1
20249	1
20256	1
20257	2
20259	1
20260	3
20262	2
20263	1
20265	1
20266	1
20268	1
20269	1
20271	2
20274	3
20276	1
20277	2
20278	1
20279	2
20281	1
20283	1
20285	1
20286	2
20288	2
20289	1
20290	1
20292	1
20294	1
20295	2
20296	2
20299	2
20302	2
20303	1
20306	3
20308	1
20311	1
20312	2
20313	3
20315	2
20317	1
20318	1
20319	1
20323	1
20324	2
20325	1
20326	1
20328	1
20329	1
20330	2
20331	1
20338	1
20340	1
20341	1
20343	1
20346	1
20347	1
20348	2
20351	1
20352	1
20357	1
20361	1
20362	2
20365	3
20366	2
20370	1
20373	1
20374	1
20375	1
20376	1
20378	1
20379	1
20380	2
20381	2
20384	1
20385	1
20387	1
20388	1
20389	2
20393	1
20395	1
20396	1
20397	3
20400	1
20401	1
20402	1
20404	2
20406	4
20409	1
20416	1
20421	1
20424	1
20426	1
20427	1
20428	1
20429	1
20432	1
20434	1
20435	1
20437	2
20441	1
20446	1
20447	1
20448	1
20452	1
20453	2
20454	1
20456	1
20460	1
20461	1
20464	3
20465	1
20468	3
20469	2
20471	1
20473	1
20475	1
20476	2
20477	1
20481	2
20482	1
20483	3
20486	1
20491	1
20492	2
20495	1
20500	1
20502	1
20505	2
20507	1
20512	1
20513	1
20518	1
20519	3
20521	2
20523	1
20524	1
20525	1
20526	1
20527	1
20533	1
20535	1
20536	2
20540	1
20542	1
20545	3
20549	3
20553	1
20554	1
20555	1
20557	2
20558	1
20563	3
20565	1
20567	2
20568	1
20570	1
20571	2
20573	3
20575	3
20576	2
20579	1
20581	1
20582	1
20583	2
20593	1
20595	1
20598	1
20601	1
20604	1
20608	1
20609	1
20611	1
20613	1
20614	2
20615	1
20618	1
20620	1
20623	2
20624	1
20626	1
20629	1
20630	2
20636	1
20637	1
20640	1
20642	1
20643	2
20647	1
20648	1
20649	1
20651	1
20655	1
20656	1
20657	1
20658	1
20659	1
20661	1
20662	1
20665	2
20666	1
20667	1
20677	1
20680	1
20683	1
20689	1
20690	2
20691	2
20693	1
20704	1
20705	2
20706	3
20707	1
20709	1
20711	1
20713	1
20716	1
20717	1
20722	1
20723	2
20724	1
20727	1
20734	1
20736	1
20737	1
20739	1
20740	1
20747	2
20749	2
20750	1
20751	1
20753	1
20755	1
20760	1
20768	1
20769	1
20773	1
20775	1
20776	2
20778	3
20785	1
20786	1
20789	1
20791	1
20793	3
20794	2
20796	1
20798	2
20800	1
20802	1
20806	1
20807	1
20810	2
20811	2
20812	2
20813	1
20817	1
20820	2
20821	1
20823	1
20826	2
20827	1
20828	2
20829	1
20830	1
20836	2
20837	1
20838	1
20839	1
20840	1
20846	1
20852	1
20856	2
20858	1
20860	1
20862	1
20863	2
20864	2
20865	1
20868	1
20870	2
20873	1
20875	1
20879	1
20880	1
20881	1
20884	2
20886	1
20887	1
20897	2
20901	1
20903	1
20906	1
20914	2
20917	1
20920	1
20921	1
20924	1
20925	1
20926	1
20927	1
20929	1
20933	1
20935	1
20938	2
20939	2
20940	1
20941	1
20944	1
20946	3
20949	1
20950	1
20954	1
20955	1
20958	3
20959	1
20961	1
20962	1
20967	2
20969	1
20971	1
20972	2
20973	1
20976	1
20977	1
20981	1
20982	1
20985	2
20992	1
20995	1
20997	3
21002	1
21009	1
21010	1
21013	1
21017	1
21022	1
21025	1
21026	1
21027	2
21032	1
21034	1
21036	1
21038	1
21041	1
21045	1
21047	1
21055	1
21070	1
21074	1
21075	1
21092	1
21096	1
21100	1
21102	1
21111	1
21112	1
21114	1
21116	2
21122	1
21123	2
21126	1
21129	1
21131	1
21132	2
21133	1
21136	2
21142	1
21144	1
21147	1
21150	1
21151	1
21155	1
21157	1
21161	1
21166	1
21169	1
21172	1
21173	2
21174	1
21175	1
21179	2
21187	1
21189	1
21193	1
21196	1
21202	1
21203	1
21205	1
21208	1
21209	1
21214	1
21217	1
21218	1
21221	1
21222	1
21225	1
21226	1
21229	2
21232	1
21233	1
21235	1
21236	2
21238	2
21239	1
21240	1
21242	2
21243	1
21244	1
21245	1
21251	1
21254	1
21256	1
21257	1
21266	2
21274	1
21278	3
21282	2
21288	1
21289	1
21292	2
21293	1
21299	2
21300	1
21315	1
21316	1
21319	2
21322	1
21323	1
21325	1
21332	2
21336	1
21342	2
21344	1
21349	1
21350	1
21362	1
21368	1
21373	2
21376	1
21382	2
21384	1
21385	1
21397	1
21402	3
21406	1
21408	1
21411	1
21422	2
21424	1
21431	1
21433	1
21434	1
21436	2
21447	1
21451	1
21454	1
21458	1
21460	1
21463	1
21467	1
21469	2
21475	1
21479	1
21485	1
21496	1
21507	1
21514	1
21519	1
21522	3
21523	3
21525	1
21548	1
21549	1
21551	1
21554	1
21565	1
21569	2
21578	1
21580	1
21581	1
21583	1
21588	1
21592	1
21593	1
21603	1
21609	1
21612	1
21613	1
21615	1
21620	1
21621	2
21623	1
21626	1
21629	1
21634	1
21636	1
21639	1
21640	1
21644	1
21646	1
21661	1
21667	1
21668	1
21678	1
21683	1
21686	1
21687	1
21693	1
21694	1
21696	1
21700	1
21703	1
21705	1
21713	1
21716	2
21730	1
21735	1
21752	1
21754	1
21755	2
21759	1
21769	1
21772	2
21775	1
21776	2
21780	1
21781	1
21782	1
21785	1
21787	1
21798	1
21801	1
21806	1
21810	1
21813	1
21815	1
21826	1
21829	1
21836	4
21838	1
21840	1
21843	1
21853	1
21857	2
21859	1
21861	1
21863	1
21868	1
21869	2
21870	1
21880	1
21883	1
21886	1
21889	2
21895	1
21896	1
21898	1
21906	1
21911	1
21912	1
21913	1
21914	1
21917	1
21935	1
21938	1
21942	1
21949	1
21958	1
21959	2
21967	1
21982	1
21986	1
21992	1
21994	1
21999	1
22001	1
22007	1
22008	1
22011	2
22022	1
22023	1
22025	1
22037	1
22054	1
22055	1
22065	1
22066	3
22074	1
22077	2
22081	1
22085	1
22089	1
22095	1
22097	1
22103	1
22107	1
22121	1
22122	1
22123	1
22124	1
22133	1
22136	1
22139	1
22142	1
22143	1
22148	1
22150	1
22153	1
22171	1
22176	1
22184	1
22186	1
22210	1
22219	1
22220	1
22221	1
22224	1
22226	1
22230	1
22231	1
22233	1
22236	1
22246	1
22250	1
22251	1
22254	1
22260	1
22267	1
22268	1
22269	1
22272	1
22283	1
22285	1
22298	1
22315	1
22318	1
22320	2
22321	1
22325	1
22326	1
22331	1
22335	2
22336	2
22341	1
22344	1
22351	1
22358	1
22361	1
22367	1
22389	1
22395	1
22396	1
22414	1
22427	1
22428	1
22430	1
22437	1
22440	1
22445	1
22450	1
22454	1
22473	1
22481	1
22485	1
22487	1
22489	1
22491	1
22493	1
22503	1
22520	1
22545	1
22547	1
22550	1
22561	1
22569	1
22594	1
22603	1
22610	1
22614	1
22620	1
22623	1
22640	1
22660	1
22670	1
22671	1
22674	1
22688	1
22696	1
22701	1
22710	1
22713	1
22714	1
22717	1
22730	1
22746	1
22749	1
22757	1
22760	1
22770	1
22779	1
22780	1
22787	1
22792	1
22793	1
22826	1
22830	1
22835	1
22839	1
22841	1
22848	1
22877	1
22878	1
22880	2
22884	1
22885	1
22890	1
22903	1
22913	1
22918	1
22934	1
22958	1
22962	1
22981	1
22987	2
22991	1
23008	1
23030	1
23039	1
23041	1
23049	1
23054	1
23071	1
23072	1
23100	1
23107	1
23119	1
23130	1
23166	1
23176	1
23181	1
23198	1
23203	1
23214	1
23219	1
23229	1
23237	1
23238	1
23262	1
23276	1
23289	1
23301	1
23311	1
23315	1
23326	1
23341	1
23346	1
23383	1
23402	1
23423	1
23430	1
23457	1
23465	1
23478	1
23483	1
23497	1
23521	1
23525	1
23594	1
23595	1
23596	1
23622	1
23632	1
23643	1
23686	1
23693	1
23694	1
23707	1
23716	1
23720	1
23749	1
23782	1
23796	1
23800	1
23807	1
23820	1
23837	1
23841	1
23846	1
23917	1
23928	1
23940	1
23983	1
23993	1
23995	1
24025	1
24049	1
24056	1
24059	1
24080	1
24111	1
24131	1
24142	1
24168	1
24210	1
24237	1
24253	1
24266	1
24291	1
24309	1
24310	1
24324	1
24333	1
24360	1
24393	1
24395	1
24409	1
24431	1
24460	1
24465	1
24488	1
24494	1
24495	1
24521	1
24535	1
24555	1
24635	1
24691	1
24697	1
24710	1
24713	1
24738	1
24761	1
24790	1
24799	1
24825	1
24838	1
24842	1
24872	1
24890	1
24892	1
24931	1
24957	1
25002	1
25022	1
25044	1
25058	1
25070	1
25076	1
25099	1
25140	1
25208	1
25342	1
25343	1
25477	1
25518	1
25562	1
25581	1
25586	1
25648	1
25652	1
25673	1
25683	1
25860	1
25947	1
26042	1
26045	1
26060	1
26152	1
26166	1
26196	1
26223	1
26309	1
26364	1
26536	1
26558	1
26604	1
26815	1
26908	1
27020	1
27029	1
27167	1
27270	1
27503	1
27562	1
27686	1
27915	1
27936	1
27937	1
28118	1
28135	1
28263	1
29332	1
29731	1
30223	1
