length_bp	read_count
46	3
48	3
49	5
50	4
51	4
52	3
53	4
54	2
55	4
56	2
57	1
58	1
59	1
67	3
70	1
71	1
72	1
73	1
81	1
84	3
85	1
87	3
88	7
89	6
90	38
91	9
92	9
93	2
283	1
585	1
607	1
630	2
633	1
683	1
688	1
716	1
734	1
760	1
763	1
769	1
771	1
846	2
867	1
874	1
887	1
901	1
905	1
911	1
957	1
964	1
981	1
1040	1
1048	1
1060	2
1093	1
1098	1
1101	1
1115	1
1117	1
1122	2
1130	1
1137	1
1142	1
1143	1
1144	1
1160	1
1170	2
1172	1
1197	1
1200	1
1201	1
1207	2
1216	1
1224	1
1226	1
1227	2
1236	1
1238	1
1240	1
1241	1
1246	1
1247	2
1249	2
1254	1
1255	1
1264	1
1269	1
1271	1
1281	1
1283	1
1288	1
1289	1
1291	1
1294	1
1299	2
1300	1
1306	1
1307	1
1324	1
1326	1
1327	1
1334	2
1336	2
1343	1
1344	1
1346	1
1347	1
1348	1
1353	2
1355	1
1357	1
1361	1
1364	1
1366	1
1367	2
1370	1
1373	1
1374	1
1375	2
1376	2
1378	1
1380	1
1383	1
1384	1
1387	1
1391	3
1393	1
1399	1
1400	1
1403	1
1406	2
1407	2
1408	1
1414	1
1416	2
1421	1
1425	1
1426	1
1430	2
1432	1
1435	1
1436	2
1437	1
1439	2
1440	1
1441	2
1443	1
1444	1
1445	1
1447	2
1450	2
1452	1
1453	1
1455	2
1457	1
1458	3
1460	1
1461	1
1465	1
1467	1
1472	2
1473	2
1477	1
1478	1
1482	1
1483	2
1484	1
1487	1
1488	2
1491	1
1492	3
1495	1
1496	1
1497	1
1498	1
1499	1
1500	1
1501	2
1507	1
1510	1
1511	1
1512	2
1517	2
1518	2
1520	1
1522	2
1523	2
1527	1
1529	1
1531	2
1532	1
1533	2
1534	1
1535	1
1536	1
1537	3
1538	1
1539	1
1540	1
1541	2
1542	1
1547	1
1548	4
1549	2
1550	1
1551	1
1553	1
1554	1
1555	1
1556	3
1559	2
1560	2
1561	2
1562	1
1564	2
1565	2
1567	1
1571	1
1572	2
1573	1
1575	1
1576	2
1578	1
1579	1
1580	3
1581	1
1582	1
1583	1
1584	1
1586	1
1587	2
1588	1
1589	2
1590	3
1591	1
1592	1
1594	2
1595	1
1596	1
1597	6
1599	2
1600	3
1601	1
1602	1
1604	1
1608	1
1610	1
1611	1
1612	2
1613	1
1614	2
1616	3
1617	2
1618	2
1619	2
1620	1
1621	3
1622	1
1623	3
1624	1
1625	1
1627	1
1628	1
1630	2
1631	1
1632	1
1633	1
1635	1
1636	1
1638	1
1641	3
1642	2
1643	2
1644	4
1645	3
1647	1
1648	1
1649	1
1651	6
1652	1
1653	1
1654	2
1655	3
1656	1
1657	2
1658	2
1659	2
1660	1
1661	1
1664	1
1665	1
1666	1
1668	2
1670	3
1672	1
1674	2
1675	1
1676	2
1677	2
1678	3
1679	1
1683	3
1684	1
1685	1
1686	1
1688	1
1689	1
1691	1
1692	1
1693	1
1694	1
1695	1
1696	3
1697	1
1698	1
1699	1
1700	2
1701	2
1702	2
1703	4
1704	2
1705	2
1706	2
1707	2
1708	2
1710	1
1711	2
1712	2
1713	1
1714	2
1715	2
1717	1
1718	2
1719	2
1721	3
1722	1
1723	2
1724	2
1725	4
1726	1
1727	2
1728	2
1729	1
1730	2
1731	2
1732	1
1733	1
1735	2
1736	1
1737	1
1739	2
1740	4
1741	5
1742	1
1744	3
1745	1
1746	1
1747	3
1748	1
1749	1
1750	1
1751	3
1752	2
1753	1
1755	1
1756	2
1757	2
1758	3
1760	6
1761	2
1763	1
1764	1
1765	1
1766	1
1767	4
1768	1
1770	1
1771	1
1772	1
1774	2
1775	1
1776	2
1777	3
1779	1
1780	2
1781	3
1783	1
1784	1
1785	2
1786	1
1787	2
1788	3
1789	2
1790	2
1791	3
1792	1
1793	1
1794	3
1795	1
1796	4
1797	2
1800	1
1803	4
1804	1
1806	1
1808	2
1809	1
1810	1
1811	2
1812	1
1813	2
1814	3
1815	2
1816	1
1818	3
1819	2
1820	2
1821	2
1823	3
1824	2
1825	4
1826	1
1827	4
1828	1
1829	2
1830	1
1831	3
1833	1
1834	3
1835	3
1836	3
1837	2
1838	1
1839	3
1840	2
1841	3
1842	2
1843	2
1844	2
1846	1
1847	2
1848	3
1849	1
1850	1
1851	3
1852	1
1853	2
1854	1
1855	1
1856	1
1857	1
1859	1
1860	1
1861	2
1862	3
1865	1
1867	3
1868	3
1869	1
1870	4
1871	1
1873	1
1874	1
1876	3
1877	2
1878	1
1880	3
1881	4
1883	3
1884	1
1885	2
1886	1
1888	3
1889	4
1891	3
1892	1
1893	3
1894	1
1895	2
1896	1
1897	1
1898	1
1899	2
1900	1
1901	3
1902	1
1903	1
1906	4
1907	3
1908	2
1909	1
1910	1
1911	1
1912	1
1913	3
1914	2
1915	1
1916	2
1917	1
1918	2
1920	2
1921	1
1922	2
1923	4
1924	3
1926	2
1927	2
1929	2
1930	2
1931	3
1932	3
1933	1
1935	2
1936	3
1937	1
1938	2
1939	1
1940	1
1942	2
1943	4
1944	1
1946	4
1947	3
1948	1
1949	1
1950	3
1951	1
1952	3
1953	1
1954	1
1955	1
1956	2
1957	3
1959	1
1960	4
1961	1
1962	1
1963	1
1965	3
1966	2
1967	2
1968	1
1969	1
1970	2
1971	1
1972	1
1973	2
1975	1
1976	3
1978	1
1980	2
1981	1
1982	1
1983	1
1984	1
1985	1
1986	2
1988	6
1989	3
1991	1
1992	5
1993	1
1994	1
1995	3
1997	1
1998	1
1999	3
2000	5
2001	2
2002	1
2003	1
2004	4
2005	3
2006	1
2007	1
2008	1
2009	7
2010	4
2011	5
2012	6
2013	2
2014	3
2015	2
2016	1
2017	2
2018	3
2020	1
2021	2
2022	3
2023	2
2024	1
2025	1
2026	4
2027	1
2028	3
2029	2
2030	2
2031	2
2033	1
2034	2
2036	1
2037	1
2038	2
2039	4
2040	1
2041	1
2042	1
2043	1
2044	1
2047	1
2048	2
2049	2
2050	3
2051	3
2054	2
2056	3
2057	2
2058	2
2059	2
2061	2
2062	2
2063	2
2064	3
2066	4
2067	2
2069	1
2070	4
2071	1
2072	2
2073	1
2074	2
2075	2
2076	1
2077	1
2078	6
2079	3
2081	3
2082	1
2083	4
2085	3
2087	1
2088	3
2089	2
2090	1
2091	2
2092	3
2093	1
2094	3
2095	2
2096	1
2097	2
2099	2
2100	1
2101	1
2103	3
2104	1
2105	2
2106	4
2107	1
2110	3
2112	4
2113	4
2115	1
2116	2
2117	2
2119	3
2121	1
2122	2
2124	4
2125	2
2126	1
2127	1
2129	3
2130	2
2131	3
2132	2
2133	2
2134	1
2135	2
2136	3
2137	1
2138	3
2139	1
2140	3
2141	4
2142	2
2143	1
2144	4
2145	2
2146	2
2147	4
2149	4
2150	1
2151	2
2152	1
2153	1
2154	3
2155	2
2156	2
2157	1
2158	3
2159	2
2160	3
2161	1
2162	1
2163	2
2164	2
2165	4
2166	2
2167	2
2168	1
2169	1
2170	2
2173	4
2175	2
2176	3
2177	5
2178	4
2179	1
2180	3
2181	3
2182	5
2183	4
2184	2
2185	1
2186	3
2187	1
2189	3
2190	3
2191	1
2192	1
2193	2
2194	1
2195	2
2196	3
2197	1
2198	1
2199	1
2200	2
2201	2
2202	2
2203	3
2205	1
2206	3
2207	2
2208	1
2211	1
2212	1
2213	2
2215	1
2216	1
2217	1
2219	1
2220	2
2221	2
2222	1
2223	2
2226	2
2227	2
2228	4
2229	7
2230	2
2231	1
2232	4
2233	1
2234	3
2235	3
2236	2
2237	1
2238	2
2239	1
2240	1
2241	2
2242	1
2243	1
2244	2
2245	3
2246	1
2247	2
2248	3
2249	3
2251	2
2252	1
2253	2
2254	1
2255	1
2256	2
2257	4
2258	2
2259	2
2261	2
2262	2
2264	4
2265	3
2266	1
2267	2
2269	2
2270	5
2271	1
2272	3
2273	2
2274	3
2276	6
2277	2
2278	1
2279	1
2280	2
2281	2
2282	1
2283	4
2286	2
2287	6
2288	1
2289	1
2290	2
2291	2
2292	1
2293	3
2294	1
2295	5
2296	1
2298	2
2299	3
2300	1
2301	2
2302	2
2304	3
2305	1
2306	1
2307	4
2308	2
2309	2
2310	1
2311	2
2313	2
2315	1
2316	2
2317	2
2318	1
2320	2
2321	3
2322	3
2323	4
2324	2
2325	1
2326	4
2327	1
2328	6
2329	2
2330	3
2331	1
2332	4
2333	1
2334	3
2335	2
2337	2
2338	1
2339	2
2340	1
2342	2
2343	2
2345	1
2346	2
2347	1
2348	4
2350	2
2351	2
2352	1
2353	2
2354	2
2355	2
2356	1
2357	5
2358	4
2359	1
2360	1
2361	3
2363	2
2364	2
2365	1
2366	2
2368	3
2369	1
2370	2
2371	3
2372	1
2373	1
2376	3
2377	2
2378	3
2379	3
2380	1
2381	4
2382	1
2383	4
2384	5
2385	2
2387	3
2388	1
2389	2
2390	1
2391	4
2392	2
2393	1
2395	3
2396	4
2397	1
2398	1
2399	2
2400	3
2401	2
2402	1
2403	1
2404	1
2405	3
2406	4
2407	2
2408	1
2411	1
2413	3
2414	2
2415	1
2417	1
2418	1
2419	3
2420	3
2422	2
2423	4
2424	2
2425	3
2426	2
2427	1
2428	1
2429	1
2430	2
2431	2
2432	1
2433	3
2434	1
2436	2
2437	2
2438	2
2440	1
2441	2
2444	2
2445	1
2447	3
2449	4
2450	1
2451	1
2452	2
2455	1
2456	3
2457	4
2459	1
2460	2
2462	3
2463	2
2464	3
2467	3
2469	2
2470	1
2471	1
2472	1
2475	1
2477	2
2478	1
2479	1
2480	1
2483	3
2484	2
2485	1
2486	2
2487	2
2488	4
2491	2
2492	2
2493	4
2494	1
2496	3
2497	1
2499	1
2500	2
2501	1
2503	2
2505	2
2506	2
2507	3
2508	2
2509	3
2510	1
2512	3
2514	3
2515	2
2516	1
2517	2
2518	1
2519	3
2520	1
2521	1
2523	1
2524	4
2525	1
2526	3
2527	3
2528	2
2529	2
2531	2
2532	1
2533	1
2534	3
2535	2
2536	1
2538	1
2539	1
2540	3
2541	2
2542	2
2543	1
2544	1
2545	1
2547	2
2548	1
2549	3
2551	2
2552	2
2553	3
2554	1
2555	3
2556	2
2557	2
2558	2
2560	3
2561	4
2564	4
2565	1
2568	5
2569	4
2570	2
2571	2
2573	1
2574	2
2575	2
2576	3
2578	2
2579	4
2580	1
2581	1
2582	1
2584	1
2585	1
2586	1
2587	2
2588	1
2589	2
2590	1
2591	2
2592	1
2593	2
2595	2
2596	1
2598	1
2599	4
2600	2
2601	3
2604	1
2605	1
2606	1
2607	1
2608	3
2609	1
2610	4
2611	2
2613	4
2614	3
2618	4
2619	1
2620	2
2621	1
2622	1
2623	1
2624	2
2626	1
2628	3
2629	1
2630	2
2631	3
2632	2
2633	3
2634	1
2635	1
2636	2
2637	1
2638	4
2639	2
2640	1
2641	1
2642	1
2643	5
2644	1
2645	4
2647	1
2648	2
2649	3
2650	2
2651	5
2652	1
2653	4
2654	1
2655	1
2656	3
2657	1
2658	1
2659	1
2660	1
2661	2
2662	1
2663	3
2664	4
2665	1
2666	1
2668	2
2669	3
2671	1
2672	1
2673	2
2674	2
2675	2
2676	1
2677	2
2678	1
2680	1
2681	3
2682	5
2683	1
2684	2
2685	1
2686	1
2687	2
2688	2
2689	1
2690	2
2692	2
2693	2
2694	1
2695	3
2696	2
2697	3
2699	3
2701	1
2702	1
2703	1
2706	1
2707	3
2708	3
2709	4
2710	4
2711	4
2713	2
2714	2
2715	1
2716	1
2717	3
2720	2
2723	1
2724	2
2725	2
2726	1
2727	2
2728	4
2729	1
2730	1
2732	2
2733	2
2734	4
2735	2
2736	1
2737	4
2738	3
2739	3
2743	4
2746	4
2747	1
2748	1
2749	4
2751	2
2752	3
2754	1
2755	2
2756	2
2757	1
2758	1
2759	2
2761	1
2763	1
2764	2
2765	3
2767	1
2769	2
2771	1
2772	2
2773	1
2775	2
2776	1
2778	1
2779	2
2780	2
2781	1
2783	2
2784	2
2785	1
2786	1
2787	2
2788	2
2789	1
2790	2
2791	1
2792	3
2793	1
2795	2
2800	3
2801	1
2803	3
2804	3
2806	2
2807	1
2808	1
2809	1
2811	1
2812	2
2813	1
2814	1
2815	1
2816	2
2817	2
2819	2
2820	3
2821	1
2823	2
2824	2
2828	2
2829	4
2830	2
2831	1
2833	1
2834	1
2835	3
2836	3
2838	1
2839	2
2840	2
2841	1
2843	2
2844	1
2845	2
2846	1
2847	3
2848	2
2850	2
2852	1
2854	1
2856	1
2857	1
2858	1
2859	1
2860	2
2861	1
2862	3
2863	1
2865	2
2867	1
2869	2
2872	1
2873	1
2874	3
2875	1
2876	2
2877	2
2879	2
2880	1
2881	4
2882	1
2884	1
2885	1
2886	1
2887	1
2888	1
2889	5
2890	1
2891	1
2892	2
2893	2
2894	1
2896	2
2897	1
2898	1
2899	2
2901	2
2902	1
2903	1
2905	3
2906	1
2907	1
2908	1
2909	1
2910	2
2912	1
2913	2
2914	2
2917	2
2918	1
2919	1
2920	2
2921	3
2922	4
2924	2
2926	3
2928	1
2929	1
2930	1
2933	1
2934	1
2935	2
2936	2
2937	2
2938	5
2940	2
2941	1
2942	1
2943	3
2949	2
2952	1
2953	1
2954	1
2955	1
2956	2
2957	1
2958	1
2960	3
2961	1
2964	1
2965	2
2967	1
2968	3
2969	2
2970	2
2971	1
2973	1
2974	1
2976	2
2977	2
2978	3
2979	1
2980	1
2982	1
2984	2
2985	2
2987	1
2988	2
2990	1
2992	2
2993	2
2995	1
2996	2
2997	1
2998	1
2999	3
3000	2
3001	2
3002	2
3004	2
3006	2
3007	2
3008	2
3010	1
3011	2
3012	3
3017	1
3018	1
3019	2
3020	1
3022	5
3023	1
3024	5
3025	3
3026	1
3027	1
3028	2
3030	1
3031	2
3032	4
3034	2
3035	1
3038	5
3039	5
3040	4
3041	2
3043	1
3044	1
3045	3
3046	2
3047	1
3050	1
3053	5
3054	2
3055	1
3057	1
3058	1
3059	1
3060	3
3061	2
3062	6
3063	6
3064	3
3065	1
3066	2
3067	2
3068	1
3069	1
3070	2
3072	1
3073	1
3074	3
3077	1
3078	1
3079	3
3080	2
3081	1
3082	2
3083	1
3086	2
3089	1
3092	1
3093	1
3094	2
3095	2
3096	1
3097	1
3101	1
3102	3
3104	2
3105	1
3106	4
3107	3
3108	1
3112	2
3113	1
3114	2
3115	2
3116	3
3117	1
3118	2
3120	5
3121	2
3123	2
3125	1
3126	2
3127	2
3129	3
3130	2
3132	2
3133	1
3134	3
3135	2
3136	2
3139	1
3140	1
3143	2
3144	2
3145	2
3146	1
3147	1
3148	2
3149	2
3151	1
3152	1
3154	5
3155	2
3156	1
3157	2
3158	1
3164	1
3165	1
3166	1
3167	1
3168	2
3169	1
3170	1
3171	1
3173	1
3174	1
3175	3
3176	2
3177	2
3178	3
3179	2
3180	1
3181	2
3182	2
3183	1
3184	1
3186	1
3187	1
3188	1
3190	1
3191	1
3192	2
3193	2
3194	4
3195	2
3199	4
3202	1
3203	2
3205	4
3208	3
3209	2
3210	2
3211	3
3212	2
3214	4
3217	1
3219	1
3221	3
3222	1
3223	1
3224	3
3225	1
3226	1
3227	3
3229	2
3230	3
3231	2
3235	1
3236	1
3237	2
3238	1
3239	2
3240	3
3242	2
3243	1
3244	1
3245	1
3246	4
3247	1
3248	3
3250	1
3251	2
3252	4
3253	1
3254	1
3255	1
3257	1
3258	1
3260	1
3262	1
3264	2
3265	2
3267	4
3268	2
3269	1
3271	2
3272	3
3274	1
3275	1
3276	1
3277	2
3280	2
3281	2
3282	1
3283	1
3285	1
3287	1
3288	1
3289	1
3290	1
3291	1
3292	1
3293	2
3295	4
3296	4
3297	1
3298	1
3299	1
3300	1
3302	1
3303	1
3304	3
3305	1
3306	1
3307	1
3309	1
3311	1
3312	1
3314	1
3315	1
3316	3
3317	1
3318	1
3319	2
3320	3
3323	1
3325	1
3326	2
3327	2
3328	4
3330	1
3333	3
3334	1
3335	1
3337	3
3338	1
3341	2
3342	1
3343	2
3344	1
3345	1
3347	4
3348	1
3349	4
3350	1
3352	3
3354	2
3355	3
3357	1
3359	1
3361	2
3362	2
3365	2
3368	2
3370	1
3371	2
3372	1
3375	3
3376	2
3377	1
3379	1
3380	1
3381	1
3382	2
3385	2
3386	2
3388	1
3389	2
3390	2
3391	2
3393	2
3394	1
3395	3
3396	5
3398	3
3399	2
3400	1
3401	1
3402	2
3403	1
3404	3
3405	1
3406	1
3408	1
3409	2
3410	1
3411	1
3412	1
3414	1
3417	2
3418	1
3420	2
3423	3
3424	2
3425	3
3428	1
3429	1
3430	1
3431	2
3434	2
3436	1
3437	2
3438	1
3439	1
3440	5
3441	2
3442	1
3443	3
3444	1
3446	2
3447	1
3448	2
3449	1
3450	1
3451	2
3454	1
3455	2
3456	1
3458	2
3459	2
3460	1
3461	1
3464	1
3467	1
3469	1
3472	1
3476	2
3477	3
3480	3
3481	4
3483	2
3484	2
3485	1
3487	1
3488	3
3489	2
3490	2
3491	1
3492	2
3494	2
3495	2
3496	3
3497	1
3498	1
3499	1
3503	3
3505	1
3506	1
3507	1
3508	2
3509	4
3510	1
3511	1
3512	1
3513	1
3514	3
3516	1
3520	1
3521	1
3522	1
3524	1
3525	3
3527	1
3528	2
3529	1
3530	3
3532	1
3533	1
3535	3
3536	1
3538	1
3539	1
3540	1
3541	1
3542	2
3543	1
3545	1
3546	2
3547	2
3548	1
3549	1
3550	1
3551	2
3553	2
3554	1
3556	1
3557	2
3558	2
3559	2
3561	1
3563	2
3564	2
3565	1
3566	1
3567	2
3570	2
3572	3
3573	1
3575	1
3576	1
3577	3
3578	1
3580	2
3581	3
3583	2
3584	1
3589	1
3590	4
3591	1
3592	2
3593	1
3594	3
3595	1
3596	4
3597	2
3600	3
3601	1
3602	2
3603	3
3604	1
3605	3
3606	1
3607	2
3608	2
3609	2
3610	1
3611	2
3613	1
3614	1
3615	1
3616	1
3618	1
3619	1
3620	3
3622	1
3623	3
3625	2
3626	1
3627	1
3628	1
3629	3
3630	1
3631	2
3632	2
3633	1
3634	1
3635	1
3636	3
3637	2
3638	1
3639	1
3640	2
3641	1
3643	2
3645	1
3646	1
3647	1
3649	1
3652	1
3653	1
3654	1
3655	1
3656	1
3657	1
3658	3
3659	4
3661	1
3662	2
3665	1
3667	2
3669	2
3670	1
3672	1
3673	2
3675	3
3676	2
3677	2
3679	3
3680	1
3681	1
3682	3
3683	2
3684	1
3685	1
3686	1
3688	1
3689	3
3690	2
3692	3
3693	4
3695	1
3696	1
3702	1
3703	1
3704	1
3705	2
3707	1
3708	2
3709	2
3711	3
3712	2
3713	1
3715	2
3716	1
3717	1
3720	1
3722	3
3723	1
3724	1
3726	2
3727	2
3728	2
3729	1
3730	1
3731	1
3732	1
3734	3
3737	2
3738	1
3741	2
3743	2
3744	1
3745	2
3747	2
3748	4
3749	2
3752	1
3754	2
3757	2
3758	1
3759	2
3760	1
3761	3
3762	1
3763	3
3765	2
3767	1
3768	2
3769	2
3770	3
3771	1
3774	3
3775	2
3776	1
3777	2
3779	1
3780	1
3782	3
3783	3
3784	1
3786	1
3788	1
3789	3
3790	1
3791	1
3792	2
3793	3
3794	3
3795	2
3796	2
3797	1
3799	1
3801	1
3802	4
3803	2
3804	1
3806	2
3807	2
3809	2
3810	1
3811	2
3812	2
3813	3
3814	3
3815	2
3816	2
3818	1
3823	2
3825	2
3827	1
3829	2
3830	1
3831	2
3832	3
3834	1
3835	1
3837	4
3839	1
3840	1
3842	4
3843	2
3844	1
3845	2
3846	3
3847	2
3848	3
3851	3
3852	2
3853	4
3854	3
3855	2
3857	1
3859	1
3860	2
3862	1
3863	1
3865	1
3867	4
3869	3
3871	1
3872	2
3873	3
3874	1
3875	4
3876	3
3877	1
3879	2
3881	1
3882	1
3884	1
3885	3
3886	1
3888	2
3891	1
3892	1
3893	2
3894	2
3895	3
3897	1
3900	1
3901	1
3902	1
3903	4
3904	2
3905	1
3906	1
3907	2
3908	2
3910	3
3913	1
3914	2
3915	3
3916	1
3917	1
3918	1
3919	3
3920	2
3921	2
3923	3
3925	1
3926	5
3927	2
3928	3
3929	3
3932	2
3933	1
3934	3
3937	2
3938	2
3939	3
3940	1
3941	1
3942	2
3943	1
3944	1
3945	1
3946	3
3947	3
3948	2
3949	1
3950	1
3951	1
3952	2
3953	2
3955	1
3956	1
3959	2
3962	1
3963	1
3965	3
3968	1
3970	2
3971	2
3973	2
3974	1
3975	3
3976	2
3977	1
3978	1
3980	3
3982	1
3984	2
3986	3
3987	2
3989	1
3990	3
3991	1
3993	1
3994	2
3995	3
3997	2
3998	1
3999	3
4002	1
4003	1
4004	1
4005	1
4007	1
4011	2
4013	1
4014	1
4015	1
4018	3
4019	2
4020	1
4022	3
4023	1
4026	1
4027	2
4029	1
4030	1
4031	2
4032	2
4033	3
4034	1
4035	1
4036	3
4037	1
4038	1
4039	1
4040	1
4041	1
4042	2
4044	4
4045	1
4046	2
4048	2
4052	1
4053	1
4055	2
4056	3
4057	3
4058	2
4059	2
4060	2
4061	3
4063	1
4064	3
4065	1
4066	1
4067	1
4068	1
4069	4
4070	1
4071	1
4072	4
4073	2
4075	1
4076	2
4077	1
4078	2
4079	1
4081	1
4083	2
4084	1
4085	2
4086	2
4087	3
4089	2
4090	1
4091	2
4094	1
4095	6
4096	1
4097	2
4099	2
4101	1
4102	2
4104	3
4105	3
4107	5
4108	1
4109	3
4111	1
4112	1
4114	2
4118	1
4119	3
4121	2
4123	2
4124	3
4125	2
4126	2
4127	1
4128	1
4131	2
4132	2
4133	2
4135	1
4136	1
4137	2
4139	1
4140	1
4141	2
4142	2
4143	1
4144	1
4145	3
4146	1
4147	2
4148	3
4150	2
4153	1
4154	1
4156	2
4157	1
4159	3
4160	1
4161	2
4162	1
4163	3
4164	2
4165	3
4166	3
4167	2
4168	2
4169	3
4171	2
4173	1
4174	3
4175	2
4176	1
4177	1
4178	1
4181	2
4182	2
4183	2
4184	2
4186	1
4187	1
4188	2
4190	2
4192	2
4193	1
4194	1
4195	5
4197	1
4198	2
4199	5
4200	2
4201	1
4202	1
4204	1
4206	1
4209	4
4210	1
4211	1
4212	1
4213	2
4215	1
4216	1
4217	2
4218	1
4219	2
4221	1
4222	1
4223	4
4224	4
4225	2
4226	1
4228	1
4229	1
4230	1
4231	1
4232	2
4233	2
4234	2
4236	2
4237	2
4238	3
4239	4
4240	3
4241	1
4243	3
4244	2
4246	1
4247	1
4248	1
4252	1
4254	2
4255	2
4256	1
4258	1
4261	2
4262	1
4263	1
4266	1
4267	1
4268	1
4269	1
4270	2
4272	1
4273	1
4274	2
4275	2
4277	4
4278	2
4279	1
4281	2
4282	2
4283	1
4284	2
4287	1
4288	3
4290	2
4292	2
4294	2
4296	1
4297	2
4298	1
4299	3
4301	3
4302	3
4305	2
4307	1
4309	2
4310	2
4312	3
4313	4
4314	1
4316	1
4317	2
4318	1
4321	1
4322	1
4323	3
4325	4
4326	1
4327	1
4328	4
4329	3
4331	2
4332	2
4333	1
4334	2
4335	3
4336	4
4338	1
4339	2
4340	2
4341	3
4342	2
4343	4
4344	5
4345	1
4346	2
4348	1
4349	1
4350	1
4352	1
4354	1
4355	1
4356	2
4357	2
4358	1
4360	2
4362	2
4363	1
4364	2
4365	4
4366	3
4367	1
4368	3
4369	1
4370	1
4371	2
4373	2
4374	1
4375	3
4376	2
4377	3
4378	1
4379	1
4381	2
4382	1
4383	3
4384	1
4385	1
4386	2
4387	1
4388	2
4389	1
4390	1
4391	3
4392	1
4393	3
4394	1
4395	1
4396	1
4397	3
4398	4
4401	2
4402	4
4403	1
4405	3
4406	1
4407	1
4408	1
4409	1
4410	2
4411	2
4412	3
4413	1
4414	2
4415	2
4416	1
4418	3
4419	2
4420	2
4421	1
4422	2
4423	3
4424	1
4425	1
4426	2
4427	4
4428	2
4430	2
4431	1
4432	2
4434	1
4435	2
4438	2
4439	1
4440	2
4441	2
4442	1
4443	1
4444	3
4445	3
4447	2
4448	1
4449	1
4450	2
4452	1
4454	2
4455	1
4456	2
4457	1
4458	1
4462	2
4463	3
4464	4
4465	2
4466	3
4467	2
4468	3
4470	2
4472	1
4473	2
4475	2
4476	1
4477	1
4478	3
4479	1
4480	1
4482	2
4483	1
4484	1
4487	5
4488	1
4489	1
4490	1
4491	2
4492	1
4493	3
4494	1
4495	2
4496	3
4498	3
4499	1
4500	1
4501	3
4502	1
4503	2
4504	2
4505	1
4506	4
4508	4
4509	1
4512	5
4513	1
4514	1
4516	3
4517	2
4518	2
4519	2
4520	1
4521	1
4522	1
4523	3
4525	4
4527	1
4528	5
4529	2
4530	6
4531	2
4534	2
4536	1
4537	3
4538	2
4539	3
4541	3
4542	1
4543	1
4544	2
4545	1
4546	1
4548	3
4549	1
4551	4
4552	1
4554	3
4555	1
4556	4
4558	2
4559	1
4560	2
4561	2
4562	2
4564	3
4565	1
4566	1
4567	2
4568	1
4569	1
4570	2
4571	3
4572	1
4573	3
4575	1
4576	4
4577	1
4579	3
4580	1
4581	3
4582	2
4583	5
4586	3
4587	1
4588	3
4589	1
4590	5
4591	1
4592	3
4593	7
4595	1
4597	1
4598	2
4599	1
4601	1
4602	2
4603	1
4604	1
4605	3
4606	2
4607	4
4608	1
4609	2
4611	5
4612	5
4613	3
4614	2
4615	3
4616	1
4619	2
4620	1
4621	1
4622	2
4623	5
4624	5
4626	3
4627	2
4628	1
4629	3
4630	1
4631	2
4632	3
4633	1
4634	2
4635	3
4637	1
4638	2
4640	1
4641	2
4644	3
4645	2
4646	1
4647	1
4648	1
4649	1
4650	1
4651	6
4652	4
4653	1
4654	2
4655	1
4656	3
4657	3
4659	2
4660	2
4661	1
4662	1
4663	2
4664	2
4665	3
4668	2
4669	2
4670	2
4671	2
4672	5
4675	2
4676	3
4677	2
4678	2
4679	2
4680	1
4682	4
4683	1
4684	2
4685	2
4686	3
4687	2
4688	1
4689	2
4690	3
4691	1
4692	1
4693	1
4695	2
4696	2
4697	1
4698	1
4699	2
4700	2
4701	1
4702	1
4703	2
4704	3
4705	3
4707	2
4708	2
4709	2
4710	3
4712	2
4713	2
4714	2
4715	2
4716	4
4717	1
4718	2
4719	2
4720	3
4722	3
4723	1
4724	5
4726	1
4727	2
4728	3
4729	1
4730	1
4731	4
4733	3
4734	3
4735	2
4736	1
4737	1
4738	2
4739	2
4741	2
4742	1
4743	4
4744	3
4746	1
4747	1
4748	2
4749	2
4750	2
4751	3
4752	5
4753	1
4754	3
4755	2
4756	4
4757	4
4758	3
4760	2
4761	1
4762	2
4763	2
4764	1
4765	5
4766	2
4767	2
4768	5
4769	3
4770	4
4771	4
4772	2
4773	1
4774	1
4777	3
4779	4
4780	2
4781	3
4782	1
4783	2
4785	4
4786	1
4788	4
4789	1
4790	2
4791	1
4792	2
4793	1
4794	1
4795	2
4796	1
4798	2
4799	2
4800	1
4801	1
4802	5
4803	2
4804	1
4805	1
4806	1
4807	1
4808	3
4809	2
4811	1
4812	4
4813	1
4815	2
4816	4
4817	1
4818	1
4819	3
4820	2
4822	2
4823	3
4824	1
4825	1
4826	2
4827	2
4828	2
4830	3
4831	2
4833	4
4834	1
4835	3
4836	1
4837	5
4839	1
4840	4
4841	2
4842	3
4843	4
4844	3
4845	2
4846	2
4847	4
4848	2
4849	4
4850	4
4851	1
4852	1
4853	1
4854	5
4855	2
4856	1
4858	1
4859	5
4860	4
4861	3
4862	3
4864	3
4865	3
4866	1
4867	3
4868	3
4869	2
4870	2
4871	2
4873	1
4875	2
4876	2
4878	3
4879	2
4880	2
4881	2
4882	1
4883	1
4884	1
4885	2
4886	3
4887	3
4888	1
4889	1
4890	1
4891	1
4892	2
4893	1
4894	1
4896	2
4897	7
4898	2
4900	3
4901	2
4902	1
4903	2
4904	1
4905	2
4906	1
4907	2
4908	2
4909	1
4910	2
4911	4
4912	3
4913	1
4914	3
4915	1
4916	3
4917	2
4918	3
4921	2
4922	1
4924	4
4925	1
4926	3
4927	2
4928	1
4930	1
4931	1
4932	4
4933	5
4934	6
4935	2
4936	1
4938	1
4939	3
4940	3
4941	1
4942	4
4944	3
4945	3
4947	3
4949	2
4950	3
4951	1
4953	1
4954	2
4955	2
4956	1
4957	1
4958	4
4960	2
4961	3
4962	3
4963	2
4964	4
4965	2
4966	2
4969	1
4970	2
4971	1
4972	2
4974	5
4975	3
4976	4
4977	1
4978	4
4979	1
4980	1
4981	2
4983	2
4984	3
4985	1
4986	1
4987	1
4988	4
4989	3
4990	2
4991	2
4992	2
4993	6
4995	1
4996	2
4997	3
4998	2
4999	1
5000	2
5001	4
5002	4
5003	2
5005	2
5006	1
5007	2
5008	2
5009	5
5010	3
5011	3
5012	1
5014	2
5015	1
5017	2
5020	4
5021	4
5022	2
5023	3
5024	3
5025	4
5026	2
5028	2
5029	4
5030	2
5031	2
5032	2
5033	3
5035	3
5036	3
5037	1
5038	1
5039	2
5040	3
5041	3
5042	2
5044	4
5045	2
5046	1
5047	1
5048	3
5050	3
5052	4
5053	2
5054	1
5055	4
5057	4
5058	3
5059	1
5061	1
5062	3
5063	4
5064	1
5065	3
5067	4
5068	2
5070	2
5071	2
5073	1
5074	2
5075	7
5076	1
5077	6
5078	2
5079	2
5080	4
5081	5
5082	3
5083	2
5084	4
5085	1
5086	2
5087	1
5088	4
5089	2
5090	5
5091	2
5092	3
5093	3
5094	3
5095	3
5096	4
5097	3
5098	2
5099	1
5100	4
5101	3
5103	1
5104	2
5105	4
5106	1
5107	4
5108	1
5109	1
5110	2
5111	2
5112	4
5113	6
5114	4
5115	2
5116	2
5117	1
5118	3
5119	1
5120	2
5121	1
5122	3
5123	1
5124	1
5125	6
5126	1
5127	2
5128	1
5129	2
5130	2
5131	2
5133	2
5134	1
5135	2
5136	1
5137	5
5139	4
5140	1
5141	2
5142	2
5143	2
5144	2
5145	2
5146	2
5147	1
5148	4
5149	6
5150	5
5151	3
5152	2
5153	2
5154	2
5155	2
5156	1
5157	1
5158	3
5159	5
5160	7
5161	3
5162	1
5163	2
5165	3
5166	4
5167	4
5168	3
5169	2
5170	4
5171	2
5172	3
5173	1
5174	4
5175	1
5177	1
5178	2
5179	1
5180	1
5181	1
5182	2
5183	5
5184	1
5185	2
5186	1
5188	1
5189	2
5190	2
5191	2
5192	2
5193	1
5194	2
5195	2
5197	2
5198	1
5199	3
5200	3
5201	1
5202	1
5203	3
5204	1
5205	1
5206	2
5207	1
5208	2
5209	4
5210	3
5211	3
5212	3
5213	1
5214	4
5215	2
5216	2
5217	4
5218	3
5219	5
5220	3
5221	5
5222	2
5223	1
5224	3
5225	2
5227	2
5228	5
5229	4
5230	4
5231	5
5232	2
5234	3
5235	2
5236	4
5237	1
5238	2
5241	1
5242	4
5243	4
5244	1
5245	4
5246	1
5248	1
5249	2
5250	1
5251	1
5252	4
5253	1
5255	2
5256	5
5258	2
5259	4
5260	2
5261	2
5262	3
5264	3
5266	2
5267	2
5268	4
5269	1
5271	5
5272	5
5277	1
5278	1
5279	3
5281	4
5282	5
5283	2
5284	3
5285	2
5286	3
5287	2
5288	2
5289	2
5290	5
5291	2
5292	2
5293	3
5294	2
5295	2
5296	3
5297	4
5298	4
5299	3
5300	3
5302	1
5303	4
5304	1
5305	4
5306	2
5307	3
5308	1
5309	2
5310	2
5311	1
5312	2
5313	2
5314	1
5315	1
5316	2
5317	2
5318	1
5320	2
5321	2
5322	2
5324	4
5325	4
5326	6
5327	1
5328	2
5329	4
5330	4
5331	1
5332	1
5334	3
5335	3
5336	5
5337	1
5338	3
5339	1
5340	3
5341	1
5342	3
5343	3
5344	1
5345	1
5347	3
5348	1
5349	2
5352	4
5353	3
5354	4
5355	3
5356	4
5357	3
5359	1
5360	6
5362	2
5363	5
5364	4
5365	2
5366	3
5367	2
5369	5
5370	1
5371	4
5372	1
5373	3
5374	2
5375	2
5376	6
5377	6
5378	5
5379	2
5380	2
5381	3
5382	1
5383	3
5384	4
5386	4
5387	1
5388	4
5389	1
5390	2
5391	2
5393	4
5394	3
5396	1
5398	5
5399	5
5400	2
5401	2
5402	1
5403	1
5404	3
5405	1
5406	5
5407	2
5408	3
5409	4
5411	1
5412	7
5413	2
5415	2
5416	3
5417	3
5419	3
5420	5
5421	2
5422	5
5423	2
5424	5
5425	5
5426	2
5427	3
5429	1
5430	4
5431	3
5432	4
5433	3
5434	2
5435	1
5436	5
5437	1
5438	4
5439	4
5440	3
5442	4
5443	1
5444	6
5445	2
5446	1
5447	3
5448	3
5449	3
5450	1
5451	2
5452	2
5453	2
5455	1
5456	1
5457	3
5458	1
5459	4
5460	5
5461	3
5462	2
5463	3
5464	2
5465	4
5466	4
5467	2
5468	3
5469	3
5470	2
5471	1
5472	3
5473	3
5475	1
5476	4
5477	6
5478	4
5480	2
5481	3
5482	5
5483	1
5484	1
5485	2
5486	4
5487	9
5488	1
5489	2
5490	5
5492	4
5493	1
5494	3
5495	2
5496	1
5497	6
5498	2
5499	1
5500	2
5501	3
5502	2
5503	3
5504	4
5505	2
5506	4
5507	1
5508	1
5509	2
5510	4
5511	4
5512	3
5513	6
5514	4
5515	3
5516	2
5517	2
5518	4
5519	8
5520	2
5521	3
5523	2
5524	1
5525	1
5526	3
5527	3
5528	2
5529	3
5530	3
5531	3
5532	2
5533	1
5534	1
5535	1
5536	1
5537	3
5538	1
5539	4
5540	3
5541	3
5543	3
5544	2
5545	3
5546	3
5547	2
5548	3
5550	4
5551	1
5552	1
5553	2
5554	1
5556	2
5557	1
5558	8
5559	3
5560	2
5561	4
5562	4
5563	3
5564	3
5565	5
5567	3
5568	2
5569	1
5570	2
5571	4
5572	2
5574	2
5575	1
5576	2
5577	2
5578	2
5579	3
5580	1
5582	1
5583	4
5584	3
5585	5
5586	2
5587	1
5588	3
5589	4
5590	6
5591	3
5592	4
5593	1
5595	1
5596	4
5597	2
5598	2
5599	3
5600	4
5601	2
5602	1
5603	4
5604	2
5605	3
5606	1
5607	3
5608	3
5609	3
5610	4
5611	3
5612	3
5613	1
5614	2
5615	2
5616	1
5617	2
5618	4
5619	3
5621	3
5622	3
5623	2
5624	1
5625	3
5626	2
5627	1
5629	4
5630	3
5631	5
5633	4
5635	1
5636	2
5637	2
5638	2
5639	4
5640	3
5641	1
5642	2
5643	7
5644	3
5646	3
5648	6
5649	1
5650	2
5651	4
5652	6
5653	2
5654	4
5655	3
5656	2
5657	5
5659	2
5660	4
5661	5
5662	4
5663	3
5664	3
5665	2
5666	1
5667	2
5668	1
5669	2
5670	1
5671	4
5672	4
5673	3
5674	1
5675	3
5677	3
5678	4
5679	4
5680	3
5681	1
5682	1
5683	4
5685	1
5686	1
5687	1
5688	1
5689	2
5690	6
5691	1
5692	6
5693	2
5694	2
5695	3
5696	3
5697	4
5699	5
5700	3
5701	1
5703	6
5704	2
5705	2
5706	1
5707	1
5708	2
5709	4
5710	3
5711	2
5712	1
5713	5
5714	4
5716	5
5717	3
5718	2
5719	5
5720	2
5721	1
5722	2
5723	4
5724	4
5725	2
5726	4
5727	2
5728	6
5729	4
5730	5
5731	5
5732	5
5733	6
5734	4
5735	3
5736	3
5737	1
5738	2
5739	4
5740	3
5741	1
5742	5
5743	1
5744	2
5745	2
5746	4
5747	5
5748	1
5749	2
5750	3
5752	1
5753	2
5754	1
5755	8
5756	2
5757	2
5758	2
5759	3
5760	4
5761	4
5762	4
5763	4
5764	3
5765	3
5766	3
5767	4
5768	5
5769	2
5770	5
5771	4
5772	4
5775	2
5776	2
5777	7
5778	1
5779	3
5780	2
5781	4
5782	2
5783	2
5784	4
5785	2
5786	1
5787	5
5790	2
5791	4
5793	1
5794	2
5795	3
5796	2
5797	1
5798	3
5799	3
5800	2
5801	2
5803	2
5804	4
5805	3
5806	3
5807	3
5808	4
5809	2
5810	3
5811	2
5812	4
5813	9
5814	3
5815	2
5816	3
5817	1
5818	4
5819	2
5820	1
5821	3
5822	5
5823	3
5824	2
5825	4
5826	3
5828	3
5829	6
5830	3
5831	5
5832	2
5833	1
5834	3
5835	4
5836	4
5837	1
5838	3
5839	6
5841	1
5842	2
5843	2
5844	2
5845	2
5846	7
5847	2
5848	1
5850	4
5851	3
5852	5
5853	1
5854	4
5855	2
5856	3
5857	5
5858	2
5859	6
5860	4
5861	4
5862	2
5863	8
5864	2
5866	1
5867	3
5868	1
5869	5
5870	2
5871	1
5872	5
5873	1
5875	3
5876	2
5877	1
5878	4
5879	2
5880	4
5881	2
5882	2
5883	3
5884	5
5885	6
5886	3
5887	4
5888	2
5889	3
5890	4
5891	1
5892	2
5893	2
5894	4
5895	1
5896	4
5897	1
5898	1
5899	3
5901	4
5902	2
5903	4
5904	1
5905	2
5906	5
5907	1
5908	3
5909	3
5911	2
5912	7
5913	5
5914	5
5915	1
5916	5
5917	3
5918	1
5919	4
5920	2
5921	4
5922	3
5923	1
5924	2
5925	4
5926	3
5927	5
5928	3
5929	2
5930	2
5931	3
5933	3
5934	5
5936	3
5937	2
5938	3
5939	4
5940	3
5941	4
5942	2
5943	2
5944	3
5945	5
5946	1
5947	1
5948	2
5949	1
5950	2
5951	1
5952	3
5953	2
5954	3
5955	5
5956	1
5957	2
5958	2
5959	3
5960	3
5961	1
5962	3
5963	1
5965	3
5966	2
5967	3
5968	5
5969	2
5970	5
5971	6
5972	4
5973	5
5974	4
5975	4
5976	1
5977	5
5978	1
5979	3
5980	1
5981	1
5982	7
5983	3
5984	2
5985	1
5986	6
5987	1
5988	1
5989	6
5990	2
5991	4
5992	4
5993	3
5994	3
5995	6
5996	1
5997	4
5999	1
6000	2
6001	3
6002	2
6003	1
6004	2
6005	3
6006	2
6007	2
6008	1
6010	6
6011	7
6012	2
6013	5
6014	1
6015	4
6016	4
6017	3
6018	1
6019	5
6020	2
6021	1
6022	1
6023	3
6024	3
6025	4
6026	3
6027	2
6028	3
6029	2
6030	1
6031	2
6032	7
6033	5
6034	4
6035	5
6036	3
6037	2
6038	4
6039	3
6040	1
6041	2
6042	4
6043	4
6044	3
6045	3
6046	1
6047	4
6048	3
6050	4
6051	3
6052	4
6053	1
6054	6
6055	1
6056	2
6057	5
6058	5
6059	4
6060	3
6062	2
6063	3
6064	1
6065	2
6066	4
6067	2
6068	8
6069	5
6070	4
6071	5
6072	2
6073	2
6074	2
6075	5
6076	3
6077	2
6078	4
6079	6
6080	3
6081	2
6082	3
6083	1
6084	2
6086	3
6087	2
6088	3
6089	4
6090	2
6091	1
6092	3
6093	5
6094	3
6095	2
6096	3
6097	2
6100	4
6101	4
6102	2
6103	2
6104	5
6105	4
6106	3
6107	2
6108	1
6109	2
6110	3
6111	3
6112	2
6114	5
6115	2
6116	3
6117	3
6118	5
6119	3
6120	4
6121	5
6122	5
6123	4
6124	3
6125	3
6126	1
6127	4
6128	2
6129	3
6130	2
6131	5
6132	2
6133	4
6134	1
6135	2
6136	5
6137	2
6138	4
6139	6
6140	4
6141	4
6142	2
6143	2
6144	2
6145	1
6147	2
6148	2
6149	3
6150	4
6151	9
6152	2
6153	2
6154	4
6155	7
6156	6
6157	4
6158	3
6159	3
6160	4
6161	1
6162	1
6163	1
6164	1
6165	4
6166	4
6167	2
6168	4
6169	2
6170	4
6171	3
6172	2
6173	5
6174	4
6175	2
6176	3
6177	2
6178	4
6179	2
6180	3
6181	4
6182	4
6183	5
6184	2
6185	2
6186	1
6187	4
6188	3
6189	6
6190	1
6191	1
6192	5
6193	4
6194	1
6195	1
6196	2
6197	3
6198	2
6199	1
6200	1
6201	5
6202	3
6203	5
6204	3
6205	2
6206	3
6207	5
6208	1
6209	4
6210	5
6211	3
6212	6
6213	1
6214	2
6215	5
6216	2
6217	2
6218	1
6219	3
6220	4
6221	2
6222	4
6223	4
6224	4
6225	3
6226	4
6227	1
6228	5
6229	3
6230	2
6231	4
6232	2
6233	3
6234	4
6235	1
6236	1
6237	6
6238	5
6239	2
6240	5
6241	6
6242	2
6243	4
6244	2
6245	6
6246	4
6247	1
6248	4
6249	2
6250	4
6251	2
6252	2
6253	2
6254	7
6255	4
6256	1
6257	5
6258	5
6259	5
6260	3
6261	5
6262	2
6263	3
6264	1
6265	2
6266	1
6267	7
6268	3
6269	3
6270	4
6271	1
6272	7
6273	1
6274	3
6275	3
6276	3
6277	6
6278	5
6279	3
6280	3
6281	3
6282	5
6283	3
6284	3
6285	2
6286	4
6287	7
6288	2
6289	5
6290	3
6291	2
6292	6
6293	5
6294	4
6296	4
6297	5
6298	3
6299	1
6300	4
6301	7
6303	4
6304	5
6305	2
6306	3
6307	5
6308	2
6309	2
6310	4
6311	2
6312	6
6313	2
6314	3
6315	5
6317	3
6318	4
6319	1
6320	1
6321	4
6322	3
6323	4
6324	2
6325	5
6326	3
6327	5
6328	6
6329	4
6330	3
6331	1
6332	2
6333	1
6334	4
6335	2
6336	2
6337	1
6338	4
6339	6
6340	4
6341	4
6342	4
6343	3
6344	3
6345	4
6346	4
6347	1
6348	3
6349	3
6350	4
6351	4
6352	4
6353	4
6354	3
6355	5
6356	5
6357	4
6358	2
6359	2
6360	4
6361	1
6362	4
6363	3
6364	4
6365	2
6366	2
6367	2
6368	9
6369	5
6370	3
6371	2
6372	6
6373	1
6374	1
6375	1
6376	1
6377	6
6378	1
6379	7
6380	2
6381	4
6382	1
6383	4
6384	5
6385	2
6386	2
6387	4
6389	3
6390	4
6391	2
6392	9
6393	2
6394	4
6395	1
6396	4
6397	4
6398	4
6399	4
6400	3
6401	4
6402	4
6403	10
6404	4
6405	5
6406	9
6407	3
6408	5
6409	2
6410	3
6411	5
6412	3
6413	4
6414	4
6415	4
6416	5
6417	3
6418	2
6419	6
6420	4
6421	1
6422	3
6423	3
6424	2
6425	2
6426	5
6427	3
6428	3
6429	5
6430	6
6431	8
6432	3
6433	7
6435	3
6436	6
6437	5
6438	2
6439	2
6440	3
6441	6
6442	3
6443	2
6444	1
6445	2
6446	1
6447	3
6448	4
6449	2
6450	5
6451	2
6452	5
6453	2
6454	5
6455	2
6456	3
6457	6
6458	4
6459	4
6460	6
6461	6
6462	5
6463	1
6464	2
6466	2
6467	5
6468	3
6469	5
6470	3
6471	3
6472	2
6473	3
6474	2
6475	4
6477	9
6478	1
6479	2
6480	2
6481	2
6482	5
6483	3
6484	5
6485	2
6486	4
6487	3
6488	7
6489	3
6490	3
6491	2
6492	1
6493	3
6494	2
6495	10
6496	5
6497	2
6498	2
6499	3
6500	3
6501	8
6502	5
6503	3
6504	5
6505	2
6506	4
6507	2
6508	2
6509	4
6510	3
6511	2
6512	2
6513	2
6514	4
6515	4
6516	3
6517	4
6518	4
6519	4
6520	3
6521	4
6523	4
6524	1
6525	5
6526	8
6527	3
6528	1
6529	2
6530	3
6531	4
6532	3
6533	2
6534	2
6535	3
6536	1
6537	2
6538	3
6539	2
6540	9
6541	3
6542	2
6543	2
6544	4
6545	4
6546	5
6547	2
6548	2
6549	4
6550	3
6551	3
6552	5
6553	4
6554	2
6555	3
6556	7
6557	4
6558	2
6559	3
6560	4
6561	1
6562	5
6563	3
6564	3
6565	3
6566	8
6567	3
6568	1
6569	6
6570	4
6571	1
6572	1
6573	2
6574	5
6575	5
6576	4
6577	4
6578	4
6579	4
6580	4
6581	7
6582	4
6583	6
6584	4
6585	3
6586	2
6587	3
6588	6
6589	2
6590	1
6591	1
6592	3
6593	5
6594	1
6595	1
6596	3
6597	4
6598	5
6600	1
6601	3
6602	3
6603	3
6604	5
6605	2
6606	7
6607	2
6608	3
6609	1
6611	7
6612	2
6613	1
6614	5
6615	1
6616	1
6617	5
6618	1
6619	4
6620	5
6621	3
6622	4
6623	2
6624	5
6625	7
6626	1
6627	2
6628	1
6629	3
6630	6
6632	8
6633	3
6634	1
6635	3
6636	6
6637	4
6638	2
6639	4
6640	3
6641	4
6642	2
6643	7
6644	6
6645	3
6646	2
6647	6
6648	4
6649	3
6650	5
6651	1
6652	1
6653	2
6654	3
6655	3
6656	4
6657	6
6658	2
6659	2
6660	2
6661	2
6662	8
6663	4
6664	3
6665	1
6666	3
6667	4
6668	4
6669	3
6670	4
6671	4
6672	3
6673	5
6674	4
6675	6
6676	5
6677	5
6678	3
6679	5
6680	3
6681	4
6682	3
6683	2
6684	5
6685	2
6686	5
6687	4
6688	5
6689	7
6690	4
6691	4
6692	5
6693	4
6694	5
6695	6
6696	5
6697	4
6698	2
6699	2
6700	7
6701	1
6703	3
6704	5
6706	6
6707	3
6708	2
6709	7
6710	3
6711	2
6712	4
6713	4
6714	4
6716	1
6717	4
6718	4
6719	4
6720	3
6721	3
6722	4
6723	3
6724	2
6725	2
6726	5
6727	5
6728	1
6729	4
6730	3
6731	2
6732	2
6733	3
6734	4
6735	1
6736	1
6737	1
6738	1
6739	3
6740	3
6741	4
6742	2
6743	1
6744	4
6745	5
6746	2
6747	6
6748	4
6749	2
6750	6
6751	5
6752	3
6753	2
6754	4
6755	3
6756	9
6757	3
6758	2
6759	6
6760	1
6761	3
6762	5
6763	3
6765	6
6766	6
6767	3
6768	2
6769	4
6770	4
6771	4
6772	7
6773	3
6774	5
6775	6
6776	2
6777	5
6778	4
6779	9
6780	8
6782	4
6783	3
6784	2
6785	5
6786	7
6787	3
6788	3
6789	2
6790	5
6791	2
6792	2
6793	4
6794	3
6795	3
6796	3
6797	4
6798	4
6799	4
6800	2
6801	5
6802	5
6803	5
6804	1
6805	4
6806	3
6807	2
6808	3
6809	5
6810	3
6811	3
6812	5
6813	4
6814	4
6815	4
6816	5
6817	3
6818	3
6819	4
6820	8
6821	3
6822	3
6823	2
6824	4
6825	5
6826	3
6827	3
6828	5
6829	4
6830	10
6831	5
6832	5
6833	5
6834	2
6835	1
6836	4
6837	1
6838	4
6839	3
6840	1
6841	5
6842	2
6843	2
6844	2
6845	4
6846	3
6847	1
6848	2
6849	4
6850	4
6851	6
6852	3
6853	5
6854	9
6855	4
6856	7
6857	3
6858	3
6859	2
6860	4
6861	1
6862	3
6863	3
6864	4
6865	3
6866	3
6867	5
6868	4
6869	5
6871	3
6872	5
6873	5
6874	5
6875	4
6876	3
6877	3
6878	4
6879	2
6880	2
6881	2
6882	2
6883	5
6884	3
6885	1
6886	2
6887	2
6888	4
6889	2
6890	5
6891	1
6892	4
6893	4
6894	1
6895	6
6896	1
6897	5
6898	4
6899	6
6900	1
6901	3
6902	4
6903	2
6904	3
6905	5
6906	2
6907	5
6908	3
6909	6
6910	2
6911	4
6912	1
6913	1
6914	1
6915	3
6916	2
6917	4
6918	4
6919	6
6920	2
6921	3
6922	2
6923	4
6925	4
6926	4
6927	9
6928	5
6929	6
6930	2
6931	3
6932	5
6933	2
6934	6
6935	3
6936	2
6937	5
6938	1
6939	1
6940	5
6941	3
6942	3
6943	5
6944	3
6945	2
6946	4
6947	4
6948	4
6949	3
6950	4
6951	1
6952	1
6953	3
6954	2
6955	3
6956	4
6957	3
6958	5
6959	6
6960	4
6961	2
6962	3
6963	4
6964	3
6965	2
6966	2
6968	5
6969	4
6970	3
6971	2
6972	6
6973	4
6974	2
6976	3
6977	3
6978	2
6979	6
6980	4
6981	8
6982	6
6983	2
6984	5
6985	5
6986	7
6987	1
6988	5
6989	3
6990	6
6991	2
6992	4
6993	5
6994	4
6996	4
6997	4
6998	3
6999	4
7000	4
7001	4
7002	4
7003	6
7004	3
7005	2
7006	3
7007	1
7008	1
7009	1
7010	2
7011	5
7012	2
7013	4
7014	2
7015	1
7016	4
7017	4
7018	5
7019	7
7020	2
7021	6
7022	5
7023	7
7024	6
7025	2
7026	5
7027	1
7028	9
7029	5
7030	3
7031	5
7032	3
7033	4
7034	7
7035	10
7036	5
7037	4
7038	2
7039	6
7040	1
7041	2
7042	5
7043	7
7044	2
7045	3
7046	5
7047	6
7048	6
7049	2
7050	5
7051	4
7052	3
7053	5
7054	5
7055	2
7056	1
7057	6
7058	2
7059	3
7060	1
7061	5
7062	3
7063	4
7064	7
7065	5
7066	3
7067	1
7068	4
7069	2
7070	7
7071	3
7072	7
7073	9
7074	2
7075	1
7076	4
7077	3
7078	7
7079	3
7080	3
7081	6
7082	6
7083	2
7084	2
7085	3
7086	4
7087	3
7088	3
7089	6
7090	4
7091	1
7092	4
7093	4
7094	4
7095	3
7096	5
7097	3
7098	4
7099	3
7100	4
7101	3
7103	4
7104	4
7105	1
7106	5
7107	6
7108	11
7109	4
7110	3
7111	6
7112	4
7113	4
7114	2
7115	2
7116	3
7117	2
7118	1
7119	3
7120	5
7121	3
7122	2
7123	1
7124	1
7125	2
7126	4
7127	6
7128	5
7129	5
7130	2
7131	2
7132	3
7133	3
7134	3
7135	1
7136	5
7137	3
7138	3
7139	3
7140	2
7141	5
7142	3
7143	2
7144	5
7145	2
7146	4
7147	5
7148	7
7149	4
7150	2
7151	4
7152	3
7153	8
7154	3
7155	1
7156	3
7157	6
7158	4
7159	2
7160	5
7161	3
7162	4
7163	2
7164	5
7165	4
7166	2
7167	2
7168	3
7169	4
7170	5
7171	2
7172	6
7173	6
7174	4
7175	1
7176	7
7177	3
7178	3
7179	5
7180	4
7181	4
7182	5
7183	3
7184	3
7185	4
7186	7
7187	1
7188	4
7189	2
7191	2
7192	4
7194	3
7195	5
7196	5
7197	4
7198	1
7199	4
7200	3
7201	6
7202	2
7203	5
7204	2
7205	5
7206	2
7207	5
7208	3
7209	5
7210	3
7211	4
7212	4
7213	2
7214	6
7216	4
7217	4
7218	1
7219	3
7220	5
7221	3
7222	2
7223	5
7224	5
7225	6
7226	6
7227	2
7228	4
7229	3
7230	2
7231	1
7232	4
7233	1
7234	6
7235	7
7236	4
7237	4
7238	5
7239	4
7240	5
7241	4
7242	3
7243	3
7244	4
7245	4
7246	2
7247	1
7248	3
7249	3
7250	4
7251	6
7252	8
7253	6
7254	5
7255	5
7256	3
7257	2
7258	3
7259	2
7260	4
7261	4
7262	4
7263	6
7264	7
7265	2
7266	6
7267	2
7268	1
7269	3
7270	7
7271	4
7272	1
7273	3
7274	3
7275	3
7276	2
7277	3
7278	2
7279	3
7280	1
7281	4
7282	3
7283	3
7284	2
7285	3
7287	2
7288	5
7289	5
7290	4
7291	2
7292	2
7293	1
7294	3
7295	2
7296	3
7297	9
7298	4
7299	2
7300	4
7301	5
7302	2
7303	2
7304	1
7305	2
7306	3
7307	6
7308	5
7309	2
7310	9
7311	3
7312	6
7313	2
7314	5
7315	1
7316	3
7317	5
7318	4
7319	8
7320	3
7321	2
7322	4
7323	3
7324	2
7325	5
7326	5
7327	1
7328	4
7329	1
7330	3
7331	5
7332	1
7333	5
7334	6
7335	2
7336	2
7337	2
7338	4
7339	2
7340	7
7341	1
7342	1
7343	3
7344	8
7345	3
7346	3
7347	5
7348	4
7349	4
7350	1
7351	4
7352	4
7353	3
7354	6
7355	3
7356	3
7357	2
7358	6
7359	5
7360	1
7361	2
7362	6
7363	2
7364	6
7365	2
7366	4
7367	5
7368	1
7369	2
7370	6
7371	5
7372	2
7373	2
7374	1
7375	2
7376	7
7377	5
7378	4
7379	1
7380	4
7381	5
7382	4
7383	3
7384	6
7385	5
7386	5
7387	2
7389	2
7390	5
7391	4
7392	3
7393	4
7394	5
7395	4
7396	2
7397	2
7398	1
7399	1
7400	2
7401	2
7402	2
7403	3
7404	2
7405	3
7406	3
7407	5
7408	5
7409	4
7410	5
7411	2
7412	4
7413	7
7414	2
7415	1
7416	2
7417	2
7418	5
7419	3
7420	4
7421	1
7422	4
7423	4
7424	3
7425	3
7426	4
7427	3
7428	3
7429	2
7430	4
7431	2
7432	2
7433	3
7434	3
7435	2
7436	2
7437	4
7438	4
7439	7
7440	2
7441	1
7442	6
7443	2
7444	4
7445	3
7446	5
7447	5
7448	2
7449	4
7450	3
7451	6
7452	2
7453	6
7454	3
7455	1
7456	3
7457	3
7458	2
7459	2
7460	6
7461	5
7462	3
7463	1
7464	3
7465	2
7466	4
7467	4
7468	4
7469	7
7471	1
7473	1
7474	3
7475	1
7476	6
7478	3
7479	6
7480	3
7481	1
7482	4
7483	3
7484	1
7485	3
7486	3
7487	2
7488	1
7489	2
7490	3
7491	4
7493	5
7494	5
7495	5
7496	4
7497	1
7499	4
7500	7
7501	3
7502	1
7503	3
7504	4
7505	5
7506	5
7507	5
7508	2
7509	6
7510	1
7511	4
7512	3
7514	2
7515	2
7516	1
7517	1
7518	2
7519	4
7520	1
7521	4
7522	1
7523	6
7524	1
7525	1
7526	4
7527	1
7528	1
7529	2
7530	6
7531	3
7532	4
7533	5
7534	4
7535	1
7536	1
7537	4
7538	5
7539	2
7540	1
7541	2
7542	3
7543	5
7545	1
7546	1
7547	3
7548	4
7550	4
7551	3
7552	2
7553	1
7554	1
7555	2
7556	1
7557	3
7558	3
7559	5
7560	3
7561	6
7562	1
7563	7
7564	2
7565	4
7567	4
7568	4
7569	8
7570	2
7571	2
7572	4
7573	2
7574	1
7575	3
7576	1
7578	2
7579	3
7580	7
7581	4
7582	1
7583	3
7584	3
7585	5
7586	4
7587	5
7588	5
7589	1
7590	4
7591	4
7592	1
7593	3
7594	3
7595	6
7596	3
7597	1
7599	5
7600	6
7601	2
7602	1
7603	6
7604	2
7605	4
7606	4
7607	3
7608	9
7610	4
7611	4
7612	6
7613	1
7614	2
7615	1
7616	5
7617	1
7618	3
7619	3
7620	6
7621	3
7622	2
7623	4
7624	3
7625	5
7626	1
7627	2
7628	3
7629	3
7630	4
7631	2
7632	2
7633	2
7634	2
7635	5
7636	4
7637	3
7638	4
7639	2
7640	3
7641	3
7642	3
7643	3
7644	1
7646	3
7648	6
7649	2
7650	4
7651	3
7652	2
7653	2
7655	7
7656	2
7657	4
7658	3
7659	6
7660	1
7661	2
7662	1
7663	5
7664	2
7665	2
7666	1
7667	2
7668	4
7669	2
7670	1
7671	3
7672	4
7673	5
7674	2
7675	2
7676	1
7678	1
7679	2
7680	2
7681	1
7682	3
7683	3
7684	1
7685	1
7686	2
7687	1
7688	5
7691	3
7692	5
7693	5
7694	3
7695	4
7696	4
7697	3
7698	3
7699	2
7700	2
7701	4
7702	2
7704	1
7705	3
7706	1
7707	3
7708	1
7709	6
7710	2
7711	5
7712	4
7713	4
7714	3
7715	2
7716	1
7717	2
7718	2
7720	2
7722	1
7723	2
7724	1
7725	4
7726	3
7727	6
7728	2
7729	4
7730	3
7731	4
7732	2
7733	2
7734	3
7735	3
7736	5
7737	5
7738	2
7739	2
7740	3
7741	2
7742	2
7743	3
7744	6
7745	3
7746	2
7747	3
7748	1
7749	2
7750	4
7751	2
7752	5
7753	3
7754	1
7755	5
7756	1
7758	3
7759	4
7760	5
7761	2
7762	2
7763	4
7764	2
7765	3
7767	2
7768	2
7769	3
7770	2
7771	2
7772	1
7773	3
7774	1
7775	6
7777	6
7778	2
7780	3
7781	2
7782	4
7783	3
7784	2
7785	1
7786	2
7787	1
7788	1
7789	2
7790	4
7791	2
7792	1
7794	2
7795	4
7796	5
7797	6
7798	1
7799	2
7800	1
7801	2
7802	3
7803	3
7804	2
7805	3
7806	1
7807	3
7808	2
7809	3
7810	7
7811	3
7812	1
7813	1
7814	3
7815	2
7816	6
7817	6
7818	4
7819	2
7820	1
7821	1
7822	2
7823	4
7824	1
7825	1
7827	1
7828	2
7829	7
7830	3
7831	3
7832	2
7833	2
7834	2
7835	4
7836	4
7837	4
7838	3
7839	1
7840	3
7841	3
7842	4
7843	1
7844	5
7845	3
7846	2
7847	1
7848	2
7850	2
7851	5
7852	2
7853	4
7854	5
7855	1
7856	1
7857	2
7858	1
7859	2
7860	2
7861	1
7862	2
7863	2
7864	1
7865	5
7866	2
7867	2
7868	4
7870	3
7871	2
7872	4
7874	5
7875	1
7876	2
7877	4
7878	5
7880	1
7881	4
7882	2
7883	3
7884	3
7886	4
7887	4
7888	4
7889	4
7890	1
7891	4
7892	5
7893	2
7894	1
7895	4
7897	6
7898	4
7899	3
7900	2
7901	2
7902	1
7904	2
7905	3
7906	4
7907	1
7908	3
7910	3
7911	2
7912	4
7913	4
7914	3
7915	7
7916	1
7917	1
7918	2
7920	4
7922	2
7923	3
7924	3
7925	2
7926	5
7927	4
7928	4
7929	2
7930	3
7931	3
7932	2
7933	1
7934	1
7935	3
7936	4
7937	2
7938	2
7939	3
7940	5
7941	3
7942	1
7943	2
7944	4
7945	3
7946	1
7947	1
7948	3
7949	4
7950	2
7951	1
7952	1
7953	1
7954	3
7956	4
7957	4
7958	2
7959	1
7960	1
7961	4
7962	2
7963	3
7964	4
7965	1
7966	5
7967	2
7968	1
7969	2
7970	1
7971	5
7972	2
7973	3
7974	2
7975	3
7976	3
7977	2
7978	2
7979	3
7980	1
7981	2
7982	4
7983	2
7985	4
7986	5
7987	1
7988	4
7989	1
7990	2
7992	1
7993	1
7995	3
7996	5
7997	1
7998	2
7999	3
8000	3
8001	4
8002	1
8004	3
8005	2
8008	1
8009	3
8010	4
8011	1
8012	2
8013	3
8014	1
8015	5
8016	1
8017	3
8020	3
8021	3
8022	1
8023	1
8024	1
8025	1
8027	1
8028	3
8029	3
8030	2
8031	2
8032	1
8033	1
8034	1
8035	2
8036	2
8037	5
8038	4
8042	1
8043	3
8044	3
8045	2
8046	3
8047	1
8048	2
8049	6
8050	3
8051	6
8052	2
8053	1
8054	1
8055	2
8056	4
8057	3
8058	1
8059	5
8060	2
8061	4
8062	1
8063	3
8064	4
8065	2
8066	2
8067	1
8068	1
8070	1
8071	4
8072	1
8073	2
8074	1
8075	2
8076	1
8079	1
8080	2
8081	2
8082	1
8083	3
8084	1
8085	1
8086	2
8087	3
8088	1
8089	2
8090	4
8091	1
8092	1
8093	1
8094	3
8095	3
8096	1
8097	1
8098	4
8100	1
8101	2
8102	1
8103	1
8104	1
8105	1
8106	4
8107	4
8108	1
8109	2
8110	5
8111	2
8112	3
8113	1
8114	3
8115	1
8116	1
8117	1
8118	5
8119	1
8120	1
8121	2
8122	1
8123	1
8126	1
8127	2
8128	2
8129	1
8130	1
8132	2
8133	6
8134	2
8135	1
8136	1
8137	1
8139	2
8140	2
8141	1
8142	2
8143	3
8145	3
8146	1
8147	1
8148	3
8149	2
8150	2
8151	2
8152	1
8153	4
8154	1
8155	3
8156	1
8157	2
8158	4
8159	2
8161	1
8162	1
8166	1
8167	2
8168	1
8170	2
8171	2
8172	3
8173	1
8174	2
8175	3
8176	2
8177	2
8178	1
8181	3
8184	3
8185	3
8186	2
8187	1
8188	2
8189	1
8191	2
8192	2
8193	1
8194	1
8195	2
8196	3
8197	2
8199	3
8200	1
8201	2
8202	4
8203	3
8204	1
8206	2
8207	1
8208	3
8209	4
8210	2
8214	1
8215	3
8216	2
8217	1
8218	1
8219	1
8220	2
8221	2
8222	2
8223	1
8224	1
8225	1
8227	1
8228	2
8229	3
8230	5
8231	1
8232	1
8233	1
8234	3
8235	1
8236	3
8237	1
8239	2
8240	3
8242	2
8243	1
8244	2
8245	2
8246	2
8247	2
8248	3
8249	5
8250	2
8251	3
8253	2
8255	2
8256	1
8257	2
8260	3
8261	1
8262	1
8264	3
8265	1
8266	4
8267	2
8268	2
8269	1
8270	2
8271	3
8272	1
8273	2
8274	1
8275	2
8276	3
8277	4
8278	2
8279	2
8280	1
8281	2
8282	1
8283	2
8284	3
8285	2
8286	2
8287	1
8288	1
8289	1
8290	1
8291	1
8292	1
8293	3
8294	4
8295	2
8296	1
8297	1
8298	2
8299	2
8301	1
8302	2
8306	2
8307	1
8310	1
8312	1
8313	1
8314	2
8316	1
8317	1
8318	2
8319	2
8320	1
8321	1
8322	2
8323	1
8324	2
8326	3
8327	3
8329	1
8330	1
8331	4
8332	1
8333	1
8335	1
8337	2
8338	5
8339	2
8340	3
8342	2
8344	2
8345	5
8346	2
8347	1
8348	1
8349	1
8350	5
8351	1
8352	4
8353	1
8354	2
8355	2
8356	1
8357	1
8358	2
8359	1
8361	1
8362	2
8363	1
8365	1
8366	2
8367	1
8368	1
8369	2
8370	2
8371	3
8372	1
8374	1
8375	2
8376	1
8377	2
8378	5
8379	2
8382	1
8383	1
8384	1
8385	1
8386	2
8388	2
8389	1
8391	1
8392	2
8393	3
8394	1
8395	1
8397	2
8399	1
8400	2
8401	1
8402	1
8403	1
8405	1
8406	1
8407	2
8409	3
8411	2
8412	2
8413	3
8414	4
8415	1
8416	1
8417	1
8418	1
8419	1
8423	1
8425	4
8426	1
8427	1
8428	2
8429	1
8430	2
8432	1
8433	2
8434	2
8435	1
8436	3
8437	2
8438	6
8439	3
8440	3
8442	1
8445	2
8446	1
8447	1
8448	2
8450	2
8451	1
8452	1
8453	3
8455	5
8456	1
8457	2
8459	3
8460	1
8462	4
8464	2
8465	4
8466	2
8467	1
8468	1
8469	1
8470	1
8471	1
8472	1
8473	1
8474	1
8476	2
8477	2
8478	2
8479	3
8480	1
8481	2
8482	3
8483	1
8484	1
8486	1
8488	1
8489	1
8490	1
8491	2
8492	2
8493	2
8497	2
8500	1
8501	2
8502	1
8505	2
8506	2
8507	2
8508	1
8510	2
8511	1
8512	1
8513	2
8514	2
8515	2
8516	1
8517	1
8518	4
8519	3
8520	1
8521	2
8522	2
8523	1
8524	1
8525	1
8526	3
8528	2
8529	3
8530	1
8532	3
8533	1
8535	1
8536	1
8537	3
8539	3
8540	1
8542	1
8544	2
8546	1
8547	2
8548	4
8550	1
8551	2
8552	1
8553	6
8554	4
8556	4
8557	1
8558	1
8560	1
8561	1
8564	3
8567	3
8568	1
8569	1
8571	1
8572	1
8574	2
8577	1
8578	1
8581	2
8582	2
8583	2
8584	3
8585	2
8586	1
8587	1
8588	1
8589	2
8591	3
8593	2
8594	3
8595	1
8596	1
8597	1
8598	4
8600	1
8604	2
8605	1
8606	5
8607	1
8610	1
8611	1
8612	1
8613	1
8614	4
8615	2
8617	1
8618	3
8620	1
8621	1
8622	5
8623	2
8624	1
8625	4
8626	1
8627	2
8629	2
8631	3
8632	3
8633	1
8634	3
8635	1
8636	1
8637	2
8638	1
8639	1
8641	2
8642	2
8643	1
8644	3
8645	1
8646	2
8649	1
8650	1
8652	2
8653	1
8654	2
8656	3
8657	3
8660	1
8662	1
8664	1
8665	1
8667	2
8668	2
8669	4
8671	2
8672	1
8673	1
8674	1
8675	2
8677	2
8678	2
8679	1
8680	1
8681	2
8682	2
8683	1
8684	2
8685	1
8686	3
8687	1
8688	3
8689	1
8690	1
8691	1
8692	2
8693	1
8695	6
8700	2
8701	2
8703	2
8705	2
8706	1
8707	2
8708	1
8709	1
8710	1
8711	3
8712	2
8713	1
8714	2
8715	3
8717	1
8718	2
8719	1
8721	2
8722	4
8724	1
8725	3
8726	1
8728	1
8729	1
8731	2
8732	2
8735	2
8739	3
8740	1
8741	3
8742	1
8743	1
8744	1
8745	1
8746	1
8747	1
8749	1
8750	2
8751	3
8752	1
8753	1
8754	1
8755	1
8756	3
8757	3
8758	3
8760	1
8762	2
8763	2
8764	1
8765	2
8766	1
8768	2
8770	1
8771	1
8772	1
8775	1
8777	3
8779	1
8780	2
8781	3
8782	1
8783	2
8784	2
8785	2
8786	2
8787	1
8788	2
8789	1
8790	1
8791	1
8792	1
8793	1
8795	4
8796	1
8797	1
8799	1
8800	1
8801	3
8804	1
8806	2
8808	1
8809	1
8810	3
8811	2
8812	1
8813	1
8814	1
8815	3
8816	5
8817	1
8818	2
8819	1
8820	1
8821	2
8822	2
8823	1
8824	1
8827	1
8829	1
8830	1
8831	1
8832	2
8833	1
8836	2
8837	3
8839	4
8840	2
8841	2
8842	3
8844	2
8845	1
8847	1
8848	4
8850	1
8851	3
8852	1
8854	1
8857	3
8858	1
8859	1
8860	1
8862	1
8863	3
8864	1
8865	2
8867	1
8868	2
8869	3
8870	1
8871	2
8872	2
8873	2
8876	2
8877	1
8878	2
8880	2
8882	3
8887	1
8888	1
8889	2
8890	2
8891	2
8892	1
8894	2
8895	2
8896	1
8897	2
8898	2
8899	3
8902	1
8904	2
8905	1
8906	2
8907	1
8908	1
8910	2
8912	1
8913	1
8915	2
8918	4
8919	1
8921	2
8922	1
8923	2
8925	3
8926	2
8927	3
8928	1
8932	1
8933	1
8935	1
8937	1
8938	1
8939	1
8941	2
8943	1
8944	2
8945	2
8946	4
8948	2
8949	3
8950	2
8951	1
8953	2
8954	2
8955	1
8956	2
8957	2
8958	3
8961	1
8962	2
8964	2
8966	1
8968	1
8969	1
8972	1
8974	1
8975	3
8977	3
8978	1
8979	1
8980	1
8981	1
8983	1
8984	2
8985	2
8989	2
8991	1
8993	3
8994	1
8995	4
8996	2
8997	2
8998	1
9000	1
9001	2
9002	1
9003	1
9004	1
9005	2
9007	1
9008	3
9009	2
9010	1
9011	1
9013	1
9017	2
9020	2
9021	1
9022	2
9023	1
9025	2
9029	2
9030	1
9031	1
9032	1
9033	1
9034	1
9036	1
9038	3
9039	1
9042	2
9043	3
9046	3
9047	1
9049	1
9050	2
9052	2
9053	1
9054	1
9055	1
9056	1
9057	4
9058	1
9059	2
9060	1
9061	4
9062	2
9063	2
9065	1
9067	2
9069	1
9071	1
9074	1
9075	2
9076	1
9077	2
9078	1
9080	1
9081	2
9084	1
9085	2
9087	2
9089	2
9090	2
9091	1
9095	3
9097	1
9098	1
9099	1
9100	1
9102	2
9103	1
9105	1
9106	2
9107	1
9108	1
9111	1
9112	2
9116	1
9117	3
9118	1
9119	2
9120	3
9124	1
9126	3
9128	1
9129	1
9131	1
9133	2
9134	2
9135	2
9137	3
9139	1
9140	1
9141	3
9142	2
9143	2
9144	1
9145	1
9146	1
9147	1
9148	1
9149	1
9153	1
9154	4
9155	1
9156	1
9157	3
9158	1
9159	1
9160	1
9163	1
9164	1
9165	4
9167	1
9168	1
9169	2
9172	3
9174	2
9175	4
9176	1
9177	1
9178	1
9179	1
9180	2
9182	2
9183	1
9184	1
9185	3
9186	4
9188	2
9190	2
9191	1
9193	3
9196	1
9197	2
9198	2
9199	1
9200	1
9202	1
9203	1
9204	3
9205	2
9206	2
9207	1
9209	3
9210	1
9211	1
9213	1
9214	1
9215	1
9217	1
9218	1
9221	3
9222	3
9223	1
9224	2
9225	2
9227	3
9228	2
9229	1
9230	1
9233	2
9234	1
9235	1
9238	3
9240	1
9241	1
9242	1
9244	2
9246	2
9247	3
9248	4
9249	1
9250	1
9251	2
9253	1
9255	1
9256	2
9257	1
9259	1
9260	1
9261	3
9264	1
9265	1
9266	2
9267	2
9268	2
9269	4
9270	1
9271	1
9272	1
9273	1
9274	3
9275	2
9277	1
9278	2
9280	1
9281	1
9282	2
9284	1
9285	1
9286	2
9288	1
9289	2
9290	2
9291	1
9293	1
9295	1
9298	1
9299	2
9300	1
9302	1
9304	1
9306	1
9307	2
9308	1
9309	4
9310	4
9312	1
9314	1
9315	2
9316	1
9317	1
9318	2
9319	3
9320	2
9321	1
9322	1
9323	3
9324	1
9326	2
9327	2
9328	2
9330	1
9331	1
9333	2
9334	2
9335	2
9336	1
9337	1
9338	1
9340	3
9342	2
9343	1
9344	1
9345	1
9346	1
9347	1
9348	3
9349	1
9350	1
9353	2
9354	4
9355	2
9356	2
9359	2
9360	3
9361	1
9362	1
9363	1
9364	1
9367	1
9369	1
9370	3
9372	1
9378	2
9379	2
9380	4
9381	1
9382	1
9383	1
9384	2
9385	1
9386	2
9387	1
9388	2
9389	1
9390	2
9391	2
9392	2
9393	2
9394	2
9395	2
9396	1
9397	3
9399	1
9400	2
9402	1
9403	1
9404	1
9406	1
9407	1
9409	1
9410	3
9411	2
9413	1
9414	3
9415	1
9416	2
9418	1
9419	3
9420	1
9421	2
9422	1
9423	1
9424	2
9427	1
9428	4
9430	1
9431	1
9432	1
9433	1
9434	1
9435	1
9437	1
9438	1
9440	4
9441	1
9442	1
9443	2
9445	1
9446	1
9448	1
9450	1
9453	4
9454	1
9456	3
9457	1
9458	2
9459	3
9460	1
9462	2
9464	2
9466	4
9469	1
9471	1
9472	1
9473	1
9474	1
9475	1
9476	1
9478	1
9479	1
9480	1
9481	2
9482	1
9483	1
9484	2
9485	1
9486	1
9487	4
9488	4
9489	1
9490	2
9491	2
9492	1
9493	2
9495	3
9496	2
9497	1
9498	1
9499	2
9500	3
9501	1
9503	2
9504	1
9508	2
9513	3
9514	1
9515	2
9516	4
9518	1
9519	2
9520	2
9521	2
9523	1
9524	1
9526	2
9527	1
9528	3
9529	1
9533	2
9534	2
9535	1
9537	1
9538	1
9539	2
9540	3
9541	1
9545	3
9547	1
9548	2
9549	1
9551	2
9552	1
9554	2
9557	2
9558	1
9559	1
9560	1
9561	1
9563	1
9564	1
9565	1
9566	1
9567	1
9568	2
9569	2
9570	1
9571	2
9574	1
9575	1
9577	1
9578	1
9580	1
9581	2
9582	3
9583	3
9584	2
9586	3
9587	2
9588	2
9590	1
9591	2
9593	1
9594	4
9595	2
9596	2
9597	2
9598	3
9600	2
9601	2
9603	1
9604	3
9605	1
9606	2
9607	1
9608	2
9609	1
9610	1
9612	1
9613	3
9614	1
9617	2
9618	1
9619	1
9620	2
9621	1
9622	3
9624	2
9625	1
9626	1
9627	2
9629	2
9630	2
9631	3
9632	3
9633	1
9634	1
9636	1
9639	1
9640	1
9641	1
9643	3
9646	1
9647	4
9649	4
9650	3
9651	1
9654	1
9655	3
9656	2
9657	2
9660	1
9661	1
9664	1
9665	2
9666	2
9667	2
9669	2
9670	1
9671	2
9672	1
9674	1
9676	4
9677	2
9678	1
9679	1
9680	1
9681	2
9682	1
9684	1
9685	1
9686	2
9687	4
9688	1
9689	2
9690	2
9692	1
9694	2
9698	2
9699	2
9700	1
9702	1
9704	2
9705	3
9706	2
9707	3
9708	1
9710	1
9711	1
9714	1
9715	2
9720	1
9721	1
9722	1
9724	2
9726	3
9728	1
9729	1
9730	1
9731	1
9732	1
9733	1
9735	3
9737	1
9738	1
9739	1
9740	2
9741	2
9742	1
9744	3
9745	1
9747	1
9748	1
9749	1
9750	3
9751	1
9752	1
9754	1
9755	2
9757	1
9764	2
9765	2
9766	2
9767	1
9770	1
9773	1
9774	2
9775	3
9776	2
9779	2
9781	1
9782	1
9785	1
9786	6
9787	1
9789	2
9791	2
9792	2
9794	1
9796	2
9797	1
9798	1
9799	1
9800	1
9801	1
9802	2
9803	1
9805	2
9806	1
9807	2
9808	1
9810	2
9811	2
9814	2
9815	1
9818	2
9819	1
9820	1
9822	3
9823	4
9824	1
9825	1
9826	3
9827	2
9828	2
9829	1
9830	2
9831	1
9832	1
9835	1
9841	2
9842	1
9845	1
9846	1
9847	1
9848	1
9850	1
9853	1
9855	2
9856	1
9858	1
9859	1
9863	1
9864	1
9865	1
9866	1
9867	2
9869	1
9870	1
9871	1
9873	2
9875	1
9877	1
9878	5
9882	2
9883	1
9884	1
9886	1
9887	1
9890	2
9891	1
9892	1
9895	2
9897	1
9898	2
9901	2
9902	1
9905	2
9906	1
9907	2
9910	2
9911	1
9912	2
9913	1
9916	3
9917	1
9918	1
9919	2
9920	1
9922	1
9926	1
9927	1
9930	2
9932	1
9933	4
9934	1
9936	1
9937	1
9941	2
9942	1
9944	1
9946	1
9947	1
9948	1
9950	1
9952	2
9955	1
9956	2
9957	1
9958	2
9959	1
9960	1
9961	1
9962	1
9964	1
9966	2
9967	2
9968	1
9969	1
9970	1
9971	2
9972	1
9974	1
9977	1
9979	2
9981	1
9982	2
9987	1
9988	1
9989	4
9990	1
9991	2
9993	1
9994	1
9995	2
9996	1
9999	7
10000	2
10001	1
10005	1
10006	2
10007	3
10008	1
10009	1
10011	1
10014	2
10015	3
10016	2
10017	1
10018	1
10019	1
10021	1
10023	1
10024	2
10026	1
10027	1
10030	1
10034	1
10035	1
10036	2
10037	3
10038	2
10040	1
10041	2
10044	1
10046	1
10048	1
10049	2
10051	1
10052	2
10053	1
10054	5
10057	1
10058	1
10061	1
10063	1
10065	1
10066	1
10067	1
10068	1
10069	1
10070	4
10071	2
10073	1
10076	1
10077	1
10081	1
10082	1
10083	2
10084	2
10085	1
10086	1
10088	1
10089	2
10090	3
10093	2
10095	1
10096	1
10097	1
10098	1
10099	2
10102	1
10103	2
10107	1
10108	3
10109	2
10111	1
10113	3
10116	2
10118	1
10119	2
10120	2
10124	1
10127	2
10128	1
10129	2
10130	1
10131	1
10133	1
10134	2
10135	3
10138	2
10139	1
10140	1
10141	3
10142	1
10143	2
10144	2
10149	2
10150	3
10152	1
10153	1
10155	1
10156	2
10157	2
10158	1
10159	2
10160	2
10161	1
10166	1
10167	1
10169	2
10170	2
10171	1
10172	1
10173	2
10175	1
10177	1
10178	2
10179	4
10182	1
10183	2
10185	1
10186	1
10187	1
10188	1
10189	3
10192	1
10194	2
10195	1
10196	1
10198	1
10199	1
10201	2
10202	1
10203	3
10204	1
10205	1
10206	1
10207	1
10208	1
10211	1
10212	3
10213	1
10215	1
10216	2
10218	1
10219	2
10220	3
10221	2
10222	1
10224	1
10226	2
10227	2
10228	1
10229	1
10232	1
10238	1
10239	1
10240	1
10241	1
10243	2
10245	3
10248	3
10249	2
10250	1
10251	2
10253	1
10254	2
10256	1
10257	1
10259	3
10262	1
10265	3
10268	1
10270	2
10272	1
10273	3
10274	1
10276	2
10277	1
10278	1
10279	1
10280	1
10281	1
10282	2
10283	1
10286	3
10288	3
10289	1
10290	1
10293	2
10294	2
10297	2
10299	1
10301	1
10303	2
10304	2
10306	1
10309	1
10311	2
10312	1
10313	1
10315	1
10318	5
10319	1
10320	1
10321	1
10324	1
10326	1
10327	3
10328	1
10329	1
10330	1
10331	1
10332	1
10333	3
10334	1
10335	1
10339	1
10340	2
10341	2
10342	1
10343	1
10344	1
10345	1
10346	2
10348	1
10349	3
10351	1
10353	3
10357	2
10359	2
10360	1
10362	1
10364	3
10365	1
10366	2
10368	1
10369	3
10370	1
10371	2
10376	2
10377	3
10378	2
10382	2
10383	3
10384	1
10387	2
10392	3
10394	1
10396	1
10397	2
10398	1
10399	2
10400	1
10401	2
10405	2
10409	2
10410	2
10415	1
10417	2
10418	2
10420	2
10421	2
10423	2
10424	1
10426	2
10428	1
10429	1
10430	1
10431	1
10432	1
10433	2
10436	3
10440	1
10441	1
10442	1
10443	1
10444	2
10445	1
10446	1
10447	1
10450	1
10451	1
10452	1
10453	3
10455	1
10456	3
10457	1
10458	1
10459	1
10460	2
10461	2
10463	1
10465	2
10466	3
10468	1
10470	1
10471	1
10472	1
10474	1
10475	4
10477	1
10481	1
10482	1
10483	1
10484	1
10485	1
10486	1
10487	2
10488	3
10490	1
10491	1
10492	2
10493	1
10494	1
10498	1
10499	1
10500	3
10502	1
10503	1
10504	2
10505	2
10507	1
10508	1
10509	2
10513	2
10514	1
10515	3
10516	2
10517	4
10518	1
10520	1
10521	2
10524	2
10525	1
10528	1
10529	1
10534	1
10535	1
10536	1
10537	4
10538	1
10540	1
10542	3
10543	1
10544	1
10545	1
10546	1
10549	1
10550	1
10553	2
10555	2
10560	1
10562	1
10563	2
10565	2
10566	2
10567	1
10570	2
10573	1
10576	2
10577	3
10580	2
10582	2
10584	1
10585	2
10586	3
10588	3
10589	1
10591	2
10593	2
10596	2
10597	1
10599	2
10601	3
10604	1
10605	1
10606	1
10607	1
10609	2
10610	1
10612	2
10615	1
10616	1
10617	2
10618	1
10619	1
10621	2
10622	1
10623	1
10624	3
10625	1
10626	1
10628	2
10629	2
10630	1
10631	1
10632	3
10633	1
10638	1
10640	3
10642	1
10643	2
10645	3
10648	1
10649	1
10650	1
10651	1
10655	1
10657	2
10659	1
10660	1
10662	1
10663	2
10666	3
10667	1
10669	1
10670	1
10673	1
10676	1
10677	1
10678	2
10680	1
10682	2
10683	2
10687	2
10689	2
10690	4
10692	2
10693	2
10695	3
10696	1
10698	2
10699	2
10703	1
10704	3
10705	1
10706	1
10709	4
10711	3
10712	1
10714	1
10715	2
10716	1
10717	1
10718	1
10719	1
10724	3
10725	1
10728	2
10729	2
10730	2
10731	1
10733	1
10737	1
10738	1
10739	1
10740	1
10741	1
10743	1
10744	2
10746	1
10747	2
10749	2
10751	2
10753	2
10754	1
10756	2
10758	1
10759	1
10761	1
10764	1
10765	2
10769	1
10770	1
10773	1
10774	1
10776	1
10777	1
10780	1
10782	4
10783	1
10784	4
10785	2
10787	2
10788	1
10789	3
10790	1
10792	2
10793	1
10797	1
10799	2
10800	3
10802	1
10803	1
10804	1
10805	1
10807	2
10808	2
10810	1
10813	2
10814	1
10815	2
10817	2
10818	1
10819	1
10820	1
10821	2
10822	1
10823	1
10824	2
10826	1
10827	3
10828	2
10829	2
10830	1
10832	4
10838	1
10839	1
10840	3
10841	2
10842	2
10844	2
10848	2
10851	2
10852	1
10854	1
10855	1
10858	1
10859	2
10861	1
10863	2
10865	1
10866	2
10867	1
10868	1
10870	1
10873	1
10876	1
10878	2
10881	1
10884	1
10887	3
10890	2
10891	1
10892	2
10893	1
10894	1
10895	1
10897	2
10898	2
10900	1
10901	1
10903	1
10904	1
10905	1
10906	1
10908	1
10910	1
10911	1
10912	1
10913	1
10914	1
10916	2
10920	1
10921	1
10922	1
10923	1
10925	1
10929	1
10930	3
10931	1
10933	1
10934	3
10935	1
10938	1
10940	2
10943	1
10944	2
10945	1
10946	1
10948	4
10950	1
10952	1
10953	1
10955	1
10956	1
10959	1
10960	1
10961	1
10969	1
10972	1
10974	1
10976	3
10978	2
10980	1
10983	3
10985	1
10986	1
10987	2
10988	1
10989	2
10991	3
10993	1
10995	3
10996	2
10997	3
10998	2
11002	1
11008	2
11010	3
11012	1
11013	1
11015	2
11020	1
11021	1
11022	1
11023	1
11024	1
11025	2
11026	1
11028	2
11030	2
11033	1
11034	1
11036	2
11037	1
11041	1
11043	1
11045	1
11046	1
11047	1
11050	1
11051	1
11053	1
11055	1
11057	2
11058	3
11060	1
11063	1
11064	1
11065	1
11066	1
11067	1
11068	1
11072	1
11073	1
11074	2
11076	1
11079	2
11080	3
11083	2
11084	1
11085	2
11087	2
11089	2
11092	1
11094	1
11095	1
11099	2
11100	1
11101	2
11103	1
11104	1
11105	1
11107	2
11108	1
11113	1
11115	2
11116	1
11117	1
11118	3
11119	1
11120	2
11123	2
11124	2
11125	2
11127	2
11128	1
11129	1
11130	3
11131	2
11137	1
11139	1
11140	1
11141	2
11142	2
11145	3
11146	2
11147	3
11149	1
11151	1
11154	1
11155	4
11156	3
11158	2
11162	2
11164	1
11166	1
11169	2
11171	3
11172	2
11174	1
11176	1
11177	1
11181	1
11182	2
11183	1
11184	2
11185	1
11187	1
11191	1
11194	1
11196	2
11198	1
11200	1
11205	1
11210	3
11212	1
11213	3
11214	1
11215	1
11216	1
11219	1
11221	1
11225	2
11226	1
11227	2
11228	1
11229	1
11230	1
11231	1
11232	1
11233	1
11234	2
11239	2
11240	1
11242	2
11243	1
11245	3
11246	1
11247	1
11249	1
11251	1
11252	3
11255	1
11256	1
11257	2
11258	2
11260	1
11266	1
11267	1
11269	1
11271	1
11273	1
11274	2
11275	1
11277	1
11279	1
11281	1
11282	1
11284	1
11285	1
11288	2
11289	2
11292	1
11294	1
11295	1
11299	2
11300	1
11303	1
11306	2
11307	2
11308	2
11309	1
11312	1
11315	2
11316	2
11318	1
11319	1
11320	1
11321	1
11324	2
11329	1
11331	2
11332	1
11333	2
11334	1
11340	1
11342	1
11343	1
11344	1
11345	1
11346	5
11348	1
11351	1
11356	1
11359	2
11360	3
11364	1
11366	1
11367	2
11368	1
11369	1
11373	1
11374	1
11378	1
11379	1
11380	1
11381	2
11382	2
11383	3
11384	4
11385	1
11388	1
11389	2
11392	1
11396	1
11398	2
11399	1
11400	2
11402	1
11403	2
11405	1
11407	1
11409	2
11411	1
11413	1
11415	1
11416	1
11417	1
11418	2
11419	1
11420	1
11421	1
11422	1
11424	1
11425	2
11426	2
11427	2
11428	1
11431	1
11432	2
11434	1
11435	2
11436	1
11438	1
11440	2
11441	2
11442	1
11443	1
11444	2
11445	1
11446	1
11447	1
11448	3
11449	1
11450	2
11453	2
11454	1
11456	1
11457	1
11458	2
11459	2
11460	1
11462	2
11463	1
11464	2
11465	1
11466	3
11470	1
11471	2
11473	1
11477	1
11479	1
11480	1
11483	2
11486	1
11488	2
11490	2
11491	1
11492	2
11493	2
11494	2
11495	1
11496	1
11497	1
11499	3
11500	1
11504	3
11505	1
11506	1
11508	3
11509	1
11511	1
11513	1
11514	1
11517	2
11518	1
11520	1
11522	2
11525	1
11526	1
11527	1
11530	1
11531	1
11532	1
11533	3
11535	1
11536	1
11538	1
11540	1
11544	1
11545	1
11546	1
11547	2
11550	1
11552	1
11553	3
11554	1
11556	1
11558	2
11559	1
11560	2
11561	1
11563	1
11564	1
11566	1
11567	1
11569	3
11571	3
11574	3
11575	2
11577	2
11579	2
11580	1
11582	1
11583	1
11586	1
11589	1
11591	1
11592	1
11594	2
11595	1
11596	1
11598	1
11601	1
11603	1
11605	2
11607	1
11610	1
11612	1
11613	1
11614	1
11615	1
11622	1
11624	1
11628	2
11631	1
11633	1
11634	1
11637	1
11638	2
11639	1
11644	1
11645	1
11647	2
11650	2
11652	1
11655	1
11657	1
11658	2
11659	1
11660	3
11661	1
11662	1
11667	1
11670	1
11672	1
11673	2
11674	2
11678	1
11679	1
11681	3
11682	1
11683	1
11685	1
11688	1
11691	2
11692	1
11693	2
11694	2
11700	1
11701	2
11702	1
11706	2
11708	2
11712	3
11713	1
11714	1
11715	1
11716	1
11721	2
11722	1
11724	1
11726	2
11728	1
11729	1
11733	1
11734	2
11735	1
11738	1
11742	1
11743	1
11744	1
11745	1
11747	1
11749	1
11753	2
11755	1
11756	2
11759	2
11762	1
11764	1
11767	1
11768	1
11769	1
11771	4
11773	1
11774	1
11775	1
11776	1
11777	2
11779	2
11780	1
11781	2
11782	1
11784	2
11786	1
11787	1
11788	1
11789	1
11793	1
11795	1
11797	1
11798	1
11799	1
11800	2
11802	2
11803	3
11804	1
11808	1
11810	2
11811	3
11813	1
11815	2
11819	2
11821	1
11822	1
11828	1
11829	1
11830	1
11832	1
11833	1
11835	1
11836	1
11837	1
11839	1
11840	1
11841	1
11842	1
11845	1
11849	3
11850	3
11854	2
11856	2
11857	1
11859	3
11860	1
11862	1
11863	1
11864	2
11870	2
11871	1
11872	1
11874	2
11875	2
11876	1
11878	1
11879	1
11881	1
11882	1
11886	1
11887	3
11888	2
11889	1
11890	1
11892	1
11893	2
11895	2
11899	1
11901	2
11902	3
11903	1
11907	3
11910	1
11911	2
11914	1
11915	2
11918	1
11921	2
11922	2
11923	2
11924	1
11925	1
11926	1
11927	1
11929	1
11931	1
11934	5
11936	1
11937	2
11938	1
11939	3
11940	1
11941	1
11943	1
11944	1
11946	1
11948	1
11949	1
11950	1
11951	1
11953	4
11954	3
11958	2
11959	1
11961	2
11963	1
11964	2
11966	2
11967	3
11968	1
11969	3
11970	1
11971	1
11973	1
11974	1
11975	1
11977	1
11981	1
11984	1
11985	1
11988	1
11989	3
11991	1
11993	1
11995	2
11997	2
11999	1
12000	1
12001	1
12005	2
12007	1
12009	5
12011	1
12013	2
12015	2
12017	2
12020	1
12021	2
12023	1
12024	1
12026	1
12028	1
12031	3
12033	1
12037	2
12038	1
12040	1
12042	2
12044	1
12046	1
12058	1
12062	1
12066	1
12067	1
12068	1
12069	1
12071	1
12076	1
12078	1
12080	3
12081	1
12082	1
12083	1
12085	3
12088	2
12089	1
12090	2
12092	1
12094	1
12096	2
12097	2
12098	1
12099	1
12100	1
12102	1
12104	1
12106	1
12110	2
12112	1
12114	1
12117	1
12118	4
12119	1
12120	1
12121	2
12126	2
12127	2
12128	2
12129	1
12131	3
12133	2
12135	3
12136	2
12137	1
12140	3
12141	1
12142	1
12144	2
12145	2
12146	1
12148	1
12153	1
12154	2
12155	1
12156	1
12158	2
12159	1
12161	1
12162	2
12163	1
12164	1
12166	2
12167	1
12170	1
12172	1
12174	1
12178	1
12180	1
12181	4
12182	2
12183	1
12185	1
12187	1
12190	1
12191	1
12193	1
12197	3
12199	1
12200	1
12203	2
12204	1
12206	2
12209	2
12210	1
12211	2
12216	1
12217	2
12222	1
12223	1
12224	3
12225	2
12226	1
12227	1
12229	1
12230	1
12231	2
12232	2
12236	2
12238	2
12247	2
12248	1
12250	1
12251	1
12253	1
12254	2
12255	2
12257	1
12259	1
12260	1
12262	1
12264	1
12265	1
12268	2
12269	1
12270	1
12271	2
12272	1
12274	1
12275	1
12277	1
12280	1
12281	1
12288	1
12289	2
12291	1
12293	1
12294	1
12296	1
12297	1
12298	1
12300	1
12302	2
12303	4
12304	1
12305	1
12310	1
12313	1
12315	1
12316	1
12317	1
12320	2
12326	2
12328	1
12329	1
12332	1
12333	1
12334	1
12339	3
12341	1
12345	1
12346	2
12347	1
12349	2
12351	1
12357	1
12360	1
12361	1
12362	2
12363	1
12366	1
12367	2
12368	1
12372	2
12375	1
12376	2
12379	1
12380	1
12383	1
12385	1
12391	1
12392	1
12393	1
12394	1
12397	1
12398	2
12400	1
12402	1
12407	3
12409	1
12413	1
12415	1
12416	1
12423	1
12425	1
12426	2
12427	1
12430	1
12432	2
12433	3
12434	1
12435	3
12437	1
12438	1
12440	3
12443	2
12447	1
12451	1
12452	2
12453	1
12454	1
12455	1
12456	1
12459	2
12460	3
12461	1
12462	1
12466	1
12467	1
12468	1
12471	1
12472	1
12473	1
12475	2
12476	1
12477	1
12478	1
12481	2
12482	1
12483	2
12487	2
12489	1
12492	1
12494	1
12495	1
12496	1
12497	1
12498	1
12502	1
12503	1
12506	1
12510	1
12511	1
12513	2
12514	1
12515	1
12518	2
12519	2
12520	1
12521	1
12522	1
12525	1
12526	1
12527	3
12528	1
12531	1
12534	2
12541	1
12542	1
12545	1
12547	1
12548	3
12549	1
12552	1
12555	1
12556	2
12557	1
12558	2
12559	3
12560	2
12565	1
12566	2
12568	2
12570	1
12571	1
12574	1
12575	2
12576	3
12577	2
12579	1
12584	1
12586	2
12588	2
12589	1
12590	1
12591	1
12592	2
12594	3
12595	2
12597	1
12598	1
12599	2
12600	1
12601	1
12602	1
12603	1
12604	1
12605	1
12606	1
12607	1
12609	1
12610	2
12611	1
12612	3
12614	2
12615	1
12617	1
12618	1
12619	1
12621	1
12623	1
12626	1
12627	1
12629	1
12630	1
12632	3
12635	1
12636	1
12637	1
12638	2
12639	2
12640	2
12642	2
12646	1
12647	1
12649	2
12651	1
12652	1
12655	1
12665	2
12666	1
12667	1
12668	1
12671	1
12672	1
12673	2
12676	2
12677	1
12678	2
12681	1
12682	1
12684	1
12687	1
12688	1
12689	1
12690	2
12693	1
12695	1
12699	1
12700	1
12701	2
12703	1
12704	2
12705	1
12706	1
12708	5
12711	1
12712	1
12714	2
12716	1
12718	1
12721	1
12726	4
12728	1
12732	1
12735	1
12736	2
12737	3
12742	1
12743	1
12745	2
12747	2
12748	1
12749	1
12751	3
12755	2
12758	1
12759	1
12762	1
12766	1
12767	2
12768	1
12772	1
12774	1
12777	1
12782	2
12784	1
12785	1
12787	1
12788	2
12789	3
12791	2
12792	2
12794	2
12795	1
12796	1
12803	1
12804	1
12805	1
12807	2
12810	1
12813	1
12814	1
12815	1
12816	2
12817	1
12819	3
12820	1
12826	1
12828	1
12830	1
12838	1
12839	2
12841	2
12842	1
12844	2
12845	1
12846	2
12850	1
12851	2
12852	2
12853	1
12854	2
12856	3
12858	1
12860	1
12863	2
12864	1
12866	2
12867	4
12869	1
12871	1
12872	1
12873	1
12877	1
12878	1
12879	1
12880	1
12881	1
12882	2
12885	2
12886	1
12888	2
12890	1
12891	1
12895	1
12896	2
12897	1
12898	1
12901	2
12902	1
12904	2
12906	2
12909	1
12910	1
12914	1
12916	2
12917	2
12918	3
12919	1
12920	1
12921	1
12922	1
12923	2
12924	2
12926	1
12931	2
12932	2
12933	2
12935	1
12936	2
12939	1
12940	1
12942	1
12946	1
12947	1
12948	1
12949	2
12952	1
12953	1
12954	2
12955	1
12956	1
12958	2
12960	1
12964	1
12967	1
12968	1
12970	1
12972	1
12977	1
12979	1
12981	2
12982	1
12983	4
12985	1
12986	2
12987	1
12988	1
12989	1
12991	1
12993	1
12994	3
12997	1
12998	1
12999	1
13001	2
13002	1
13003	1
13004	1
13007	1
13008	2
13009	1
13010	2
13013	1
13014	1
13019	1
13020	1
13021	1
13022	1
13024	1
13025	1
13026	2
13027	1
13029	1
13030	2
13031	1
13033	1
13034	4
13038	1
13039	1
13041	1
13042	3
13047	1
13048	1
13049	2
13051	1
13053	1
13055	2
13057	2
13060	1
13061	2
13062	1
13064	1
13067	2
13072	1
13073	2
13074	3
13075	1
13078	1
13079	2
13080	1
13081	1
13082	1
13083	1
13084	1
13086	1
13088	1
13089	1
13090	1
13092	2
13094	1
13095	1
13096	1
13097	1
13098	1
13099	1
13102	1
13103	1
13107	3
13109	3
13110	1
13111	1
13112	1
13115	2
13116	1
13117	3
13118	1
13119	1
13120	1
13121	1
13122	3
13124	1
13126	1
13130	1
13131	1
13132	2
13135	2
13136	1
13137	1
13138	1
13139	1
13141	2
13143	1
13144	2
13148	1
13149	2
13152	1
13155	2
13156	1
13157	1
13158	1
13159	2
13161	1
13164	1
13165	1
13166	1
13168	1
13171	1
13172	3
13173	1
13174	1
13176	2
13177	2
13178	2
13180	2
13182	2
13188	1
13189	2
13190	1
13191	1
13194	2
13195	1
13196	2
13197	2
13199	1
13201	1
13202	1
13208	2
13212	1
13213	2
13214	1
13215	1
13217	1
13219	1
13220	1
13221	1
13224	2
13225	1
13226	1
13228	1
13230	1
13231	1
13232	1
13234	2
13239	2
13242	1
13243	1
13244	2
13246	1
13248	1
13253	1
13255	1
13256	1
13257	1
13259	1
13261	1
13263	1
13264	1
13265	1
13267	3
13269	2
13276	1
13281	2
13282	1
13283	1
13284	2
13287	1
13288	2
13289	1
13290	3
13291	2
13292	1
13295	3
13296	2
13297	2
13299	2
13300	1
13301	1
13304	4
13305	3
13306	1
13307	1
13309	1
13310	1
13311	1
13315	2
13316	1
13317	1
13318	3
13319	1
13320	3
13321	2
13324	1
13328	1
13330	1
13331	1
13338	1
13339	2
13342	1
13343	1
13344	1
13347	3
13353	3
13354	3
13356	2
13358	2
13363	3
13367	1
13368	1
13369	1
13371	1
13372	1
13373	1
13375	1
13376	1
13377	1
13380	2
13381	1
13383	2
13384	1
13386	1
13387	5
13390	2
13391	2
13392	2
13393	1
13396	1
13398	2
13399	1
13400	1
13406	1
13407	1
13408	2
13409	2
13413	1
13416	1
13417	1
13418	1
13419	1
13420	2
13421	1
13423	1
13424	2
13425	2
13431	1
13433	1
13435	1
13439	3
13440	1
13441	1
13442	1
13444	1
13446	2
13447	1
13452	1
13453	2
13457	1
13458	3
13459	1
13460	2
13461	1
13462	1
13463	2
13464	1
13466	1
13470	1
13472	1
13473	2
13474	2
13475	2
13476	3
13478	1
13480	1
13481	1
13483	1
13484	1
13485	1
13487	4
13489	1
13490	1
13493	1
13494	1
13497	1
13498	1
13499	1
13500	2
13502	1
13505	1
13506	4
13508	1
13509	2
13510	1
13511	2
13514	2
13515	1
13518	1
13519	2
13520	1
13521	2
13522	1
13523	1
13524	1
13525	1
13527	2
13528	1
13529	2
13530	1
13531	2
13535	1
13536	1
13537	2
13538	4
13544	2
13546	1
13547	1
13552	3
13553	2
13554	1
13555	2
13556	1
13557	2
13558	1
13560	2
13562	1
13563	7
13564	1
13565	1
13567	2
13568	1
13571	1
13573	1
13574	1
13577	2
13580	3
13581	1
13583	1
13585	2
13586	1
13592	1
13593	2
13594	1
13598	1
13599	2
13600	1
13601	1
13603	1
13604	1
13605	2
13607	1
13608	1
13609	1
13610	2
13611	1
13612	1
13613	1
13614	2
13615	3
13620	1
13621	1
13622	2
13623	2
13624	2
13625	2
13626	3
13627	1
13628	1
13632	2
13636	1
13637	2
13639	1
13641	1
13644	1
13645	1
13649	1
13650	2
13651	1
13652	1
13653	2
13655	2
13657	3
13658	1
13659	1
13660	2
13661	1
13665	2
13666	2
13668	1
13674	1
13679	1
13680	2
13681	1
13682	1
13683	1
13685	1
13686	1
13687	1
13688	2
13689	1
13690	1
13693	1
13694	1
13695	1
13696	2
13699	2
13700	1
13702	3
13704	1
13705	2
13708	1
13713	1
13714	2
13715	1
13716	1
13717	1
13720	2
13721	2
13722	1
13727	1
13728	1
13731	1
13733	1
13734	2
13735	2
13736	1
13737	2
13738	1
13741	1
13743	1
13744	1
13745	1
13748	1
13749	1
13750	2
13754	2
13755	1
13761	1
13762	1
13765	1
13766	1
13767	2
13768	2
13771	1
13772	1
13774	1
13775	1
13777	1
13778	2
13783	1
13784	1
13786	1
13788	2
13789	1
13790	1
13791	4
13792	2
13793	1
13799	2
13803	1
13804	3
13805	2
13806	2
13807	1
13808	2
13809	3
13810	1
13812	1
13816	1
13817	1
13818	1
13819	1
13820	1
13821	1
13823	1
13824	1
13825	1
13826	1
13827	1
13828	1
13829	2
13832	1
13834	1
13835	1
13837	1
13839	3
13840	1
13841	2
13842	2
13845	3
13846	1
13849	2
13850	1
13855	1
13856	1
13857	1
13858	2
13863	2
13864	1
13865	1
13866	1
13868	3
13869	2
13870	1
13872	1
13875	1
13876	1
13877	2
13882	1
13883	1
13884	1
13885	1
13888	1
13891	1
13892	1
13893	1
13894	1
13898	2
13899	1
13902	3
13906	1
13908	1
13910	2
13911	2
13912	1
13914	2
13915	1
13923	2
13924	1
13927	1
13929	2
13930	2
13934	1
13935	2
13936	1
13937	1
13938	1
13939	1
13940	3
13942	1
13943	2
13944	1
13945	2
13946	1
13947	4
13948	1
13949	2
13950	2
13951	1
13954	3
13958	2
13959	1
13960	3
13961	2
13962	2
13964	2
13965	1
13966	1
13967	1
13968	2
13969	1
13971	1
13973	1
13974	2
13977	2
13978	1
13979	2
13980	1
13983	2
13984	1
13985	1
13989	1
13990	3
13991	1
13993	1
13994	1
13995	2
13996	2
14000	2
14002	1
14004	2
14006	1
14007	1
14009	2
14010	1
14012	1
14013	1
14014	1
14015	1
14019	1
14020	2
14021	1
14022	1
14023	3
14024	2
14025	1
14026	1
14027	3
14028	1
14030	1
14031	1
14034	3
14038	1
14040	1
14042	3
14044	2
14045	1
14048	1
14049	3
14050	1
14053	1
14054	2
14055	1
14057	1
14058	2
14060	1
14061	1
14062	1
14063	1
14064	1
14067	2
14068	2
14070	1
14072	2
14073	2
14075	1
14076	2
14077	1
14079	2
14082	2
14083	1
14084	2
14086	1
14089	1
14092	1
14094	1
14095	1
14096	1
14097	1
14098	1
14099	1
14101	2
14102	1
14103	1
14104	2
14105	1
14106	1
14107	1
14108	3
14110	1
14111	2
14113	2
14115	2
14116	3
14117	1
14121	1
14122	1
14126	1
14128	1
14130	2
14131	2
14134	4
14137	1
14138	4
14139	1
14141	1
14143	1
14144	1
14145	1
14146	2
14147	3
14148	1
14149	1
14150	1
14151	1
14155	1
14156	2
14157	1
14159	3
14160	1
14161	2
14162	1
14164	2
14167	2
14168	2
14170	1
14171	2
14172	1
14173	1
14174	1
14177	1
14178	1
14179	2
14182	2
14184	2
14186	1
14187	1
14189	1
14191	1
14192	1
14193	2
14195	3
14196	3
14197	1
14199	1
14201	1
14202	1
14204	1
14205	2
14206	1
14208	1
14209	1
14211	1
14212	1
14214	3
14215	2
14220	2
14222	1
14225	6
14227	1
14228	1
14233	1
14235	2
14236	1
14237	2
14238	1
14239	1
14240	2
14244	1
14245	4
14246	1
14247	2
14248	1
14250	1
14251	1
14254	1
14257	1
14258	1
14273	1
14275	1
14276	1
14278	1
14280	1
14281	1
14282	2
14283	1
14284	1
14285	1
14287	1
14291	2
14293	1
14296	1
14297	1
14298	1
14299	1
14301	1
14302	1
14305	2
14306	1
14307	2
14308	2
14310	1
14313	1
14314	4
14315	2
14316	3
14317	1
14319	2
14321	2
14323	2
14328	1
14331	4
14333	1
14334	1
14336	1
14337	2
14338	4
14339	1
14340	2
14341	2
14343	1
14347	1
14351	3
14353	3
14354	1
14356	3
14357	1
14358	3
14361	1
14363	1
14364	2
14366	1
14368	1
14371	3
14372	1
14373	1
14376	2
14378	1
14379	2
14380	2
14381	1
14384	2
14386	1
14387	1
14388	2
14389	1
14392	3
14393	1
14394	1
14395	1
14397	2
14398	2
14400	1
14401	3
14403	1
14404	1
14405	2
14406	3
14408	1
14409	2
14410	1
14412	1
14415	3
14416	2
14418	3
14420	3
14422	1
14423	1
14424	1
14426	1
14427	1
14428	1
14430	1
14431	1
14433	2
14437	1
14438	1
14440	1
14441	1
14444	3
14445	2
14446	1
14447	2
14448	2
14451	2
14452	1
14454	1
14455	2
14456	1
14458	1
14460	2
14461	1
14463	1
14464	1
14465	5
14469	1
14470	2
14472	1
14473	1
14474	1
14476	1
14478	1
14480	1
14481	1
14482	1
14486	1
14487	2
14488	1
14490	2
14493	1
14494	1
14496	2
14497	2
14498	3
14499	2
14500	1
14502	2
14505	1
14508	2
14510	1
14511	2
14512	1
14513	1
14514	1
14517	1
14519	3
14521	1
14522	3
14526	3
14527	1
14529	2
14530	2
14531	3
14533	3
14534	2
14535	1
14536	2
14537	1
14538	2
14540	1
14542	1
14543	2
14547	1
14549	2
14553	3
14554	1
14555	1
14556	1
14560	1
14561	1
14562	2
14563	3
14565	2
14569	1
14570	1
14572	1
14573	3
14575	1
14578	2
14581	1
14585	1
14588	1
14589	1
14590	1
14593	5
14594	2
14595	1
14603	2
14604	2
14605	1
14606	1
14607	2
14608	2
14609	1
14610	3
14613	3
14615	1
14616	3
14617	2
14618	1
14619	1
14620	3
14621	1
14622	1
14623	1
14625	4
14626	1
14627	1
14631	2
14634	1
14635	1
14639	1
14642	1
14644	4
14645	4
14647	2
14648	2
14649	1
14651	1
14652	1
14653	2
14654	4
14656	1
14660	1
14661	1
14662	1
14665	1
14668	5
14669	2
14671	2
14673	1
14674	1
14681	1
14683	3
14685	5
14686	2
14688	2
14689	3
14691	1
14692	2
14694	3
14696	1
14700	1
14701	1
14703	1
14705	2
14710	1
14711	1
14712	2
14713	2
14714	1
14717	1
14718	4
14723	1
14725	1
14727	1
14728	1
14729	1
14730	1
14732	1
14733	2
14734	1
14735	1
14737	2
14738	1
14739	1
14740	1
14741	2
14746	1
14747	1
14748	1
14753	1
14754	2
14757	1
14759	3
14761	1
14762	1
14763	2
14764	2
14765	2
14766	2
14769	1
14771	1
14772	1
14773	2
14774	1
14775	1
14776	1
14777	1
14778	1
14779	2
14781	1
14782	3
14784	2
14786	1
14787	2
14789	1
14790	1
14791	1
14792	3
14793	1
14794	1
14796	2
14797	1
14799	2
14801	1
14803	3
14804	1
14806	1
14810	3
14811	1
14812	4
14815	1
14816	1
14817	1
14818	2
14820	4
14822	2
14825	3
14827	1
14829	1
14831	3
14832	2
14833	4
14835	3
14836	2
14837	1
14839	1
14840	1
14841	2
14843	3
14844	1
14845	1
14846	2
14850	2
14851	1
14857	1
14858	2
14861	1
14862	1
14863	1
14864	2
14867	3
14868	1
14869	1
14870	1
14873	2
14879	3
14880	1
14881	2
14882	3
14885	1
14886	1
14887	2
14888	1
14889	1
14891	1
14892	2
14896	1
14897	2
14898	3
14902	1
14903	2
14904	3
14905	1
14906	1
14907	1
14910	1
14914	2
14916	1
14917	1
14922	1
14923	1
14924	3
14925	1
14926	2
14927	3
14928	1
14929	1
14930	1
14931	1
14932	3
14933	2
14934	2
14936	1
14937	1
14939	1
14940	2
14942	1
14944	1
14945	1
14948	2
14949	1
14950	1
14952	1
14953	2
14956	1
14957	1
14958	1
14962	2
14963	2
14964	1
14965	1
14966	1
14969	2
14972	1
14973	1
14974	1
14975	2
14977	1
14979	3
14980	3
14981	1
14984	1
14986	2
14987	3
14988	1
14993	2
14994	3
14996	1
14997	3
14998	3
14999	1
15000	1
15001	1
15002	1
15003	3
15008	1
15009	2
15010	2
15011	1
15013	1
15015	1
15016	1
15017	2
15018	1
15019	2
15020	2
15021	1
15024	2
15025	1
15026	1
15028	1
15030	1
15032	1
15033	2
15034	2
15035	1
15036	1
15038	1
15039	3
15042	1
15044	1
15046	3
15047	3
15048	2
15049	1
15051	1
15052	1
15053	2
15056	2
15057	1
15059	1
15063	2
15064	3
15065	3
15066	1
15067	2
15068	1
15071	3
15072	3
15073	2
15074	1
15075	1
15077	2
15080	1
15081	1
15083	1
15085	1
15090	2
15091	2
15094	1
15095	1
15096	2
15098	1
15099	1
15100	2
15101	1
15102	1
15103	1
15106	1
15107	2
15108	1
15112	1
15114	2
15116	5
15118	3
15120	1
15122	2
15123	1
15124	3
15126	2
15127	1
15128	1
15129	2
15130	3
15132	1
15133	2
15134	3
15136	1
15137	1
15139	1
15141	1
15142	3
15144	1
15145	2
15146	3
15147	3
15149	1
15152	1
15153	1
15155	4
15157	1
15158	1
15159	2
15160	1
15161	1
15162	3
15163	1
15164	2
15165	3
15167	3
15169	1
15170	2
15171	2
15175	2
15177	1
15178	1
15179	1
15180	1
15181	3
15182	5
15183	1
15184	3
15185	1
15186	2
15187	2
15191	1
15197	1
15202	3
15203	2
15204	1
15205	1
15206	1
15207	2
15208	1
15210	1
15211	2
15215	2
15216	1
15217	1
15219	2
15220	1
15221	1
15222	2
15223	1
15226	1
15227	1
15228	1
15229	2
15231	1
15232	3
15233	3
15234	2
15236	1
15237	4
15238	1
15239	3
15240	2
15241	1
15242	1
15243	2
15244	3
15245	1
15247	1
15248	1
15250	1
15252	1
15253	2
15254	2
15255	2
15256	3
15257	2
15258	1
15259	3
15261	1
15262	2
15265	1
15266	2
15267	2
15269	1
15271	1
15273	3
15274	1
15275	2
15276	1
15277	1
15279	1
15280	2
15281	2
15283	1
15284	3
15286	2
15287	1
15288	1
15290	1
15291	1
15292	3
15293	1
15294	1
15295	1
15296	1
15299	2
15300	1
15301	3
15302	2
15303	1
15305	2
15308	2
15311	3
15312	2
15313	2
15315	5
15316	2
15317	1
15318	1
15319	1
15320	1
15321	1
15322	1
15323	1
15328	1
15329	2
15330	2
15331	2
15332	1
15333	2
15334	3
15337	2
15338	1
15339	2
15340	1
15341	2
15344	1
15347	1
15350	3
15353	2
15355	1
15356	2
15357	1
15358	1
15359	3
15360	1
15362	3
15363	2
15364	1
15365	4
15366	2
15367	1
15369	1
15370	1
15371	2
15372	1
15374	1
15375	4
15376	1
15377	1
15380	2
15381	1
15382	3
15383	2
15384	1
15385	1
15386	1
15387	2
15388	4
15389	1
15390	3
15392	1
15393	4
15396	3
15398	1
15399	2
15400	1
15401	1
15402	1
15404	1
15407	2
15408	1
15411	2
15412	1
15413	1
15414	1
15417	2
15419	1
15421	2
15422	1
15425	1
15426	1
15427	1
15430	2
15431	2
15432	2
15433	1
15434	1
15435	1
15436	2
15437	1
15438	3
15439	1
15440	1
15441	2
15445	3
15446	2
15448	1
15449	1
15450	1
15451	3
15452	4
15453	3
15455	2
15456	2
15458	1
15459	1
15460	2
15463	1
15464	2
15465	3
15468	2
15469	1
15470	1
15472	2
15474	2
15475	1
15476	3
15477	2
15478	1
15481	1
15482	3
15483	1
15484	4
15486	1
15487	4
15489	1
15491	1
15492	1
15493	2
15494	2
15495	1
15496	2
15497	1
15499	2
15501	1
15502	2
15503	5
15504	1
15506	1
15508	2
15513	4
15514	1
15515	5
15516	2
15518	3
15519	3
15520	1
15521	1
15522	1
15523	2
15525	3
15527	2
15528	1
15529	2
15530	2
15531	2
15532	2
15533	2
15534	3
15535	1
15536	2
15538	3
15539	2
15543	3
15544	1
15546	1
15547	3
15552	2
15553	1
15554	1
15555	1
15556	1
15558	1
15559	4
15560	2
15561	2
15563	2
15568	1
15569	2
15571	3
15572	1
15573	1
15575	1
15577	2
15582	1
15583	2
15585	5
15587	1
15588	1
15589	3
15590	1
15591	1
15592	3
15594	1
15596	2
15597	1
15598	1
15600	2
15601	2
15604	2
15605	2
15606	2
15607	2
15608	2
15609	1
15610	2
15612	1
15614	4
15615	1
15616	1
15617	1
15618	1
15619	2
15622	2
15624	1
15625	2
15627	1
15628	3
15630	1
15631	1
15632	2
15634	2
15635	2
15636	2
15637	2
15640	1
15641	2
15642	4
15643	2
15644	1
15646	2
15648	1
15650	3
15651	2
15652	3
15653	4
15655	2
15656	1
15657	4
15658	1
15660	1
15662	2
15663	1
15664	2
15665	3
15666	2
15667	2
15668	2
15670	1
15672	2
15675	2
15676	1
15677	1
15678	1
15679	2
15680	1
15681	1
15682	3
15683	1
15684	2
15685	1
15686	3
15687	5
15688	2
15689	2
15691	1
15693	3
15696	1
15697	2
15698	1
15699	2
15700	1
15701	2
15703	1
15704	2
15705	2
15706	3
15708	3
15710	1
15711	1
15712	2
15713	1
15715	1
15716	5
15717	1
15718	1
15719	3
15720	1
15721	1
15722	4
15723	2
15724	4
15725	1
15726	1
15728	2
15730	2
15731	2
15732	1
15733	1
15734	1
15737	1
15738	1
15741	1
15742	1
15746	2
15747	2
15748	1
15749	2
15750	1
15751	2
15752	1
15753	1
15755	1
15758	1
15759	3
15760	2
15761	1
15762	5
15763	2
15764	1
15765	2
15767	2
15768	1
15769	1
15770	3
15771	1
15772	2
15774	3
15775	1
15778	2
15779	1
15780	3
15781	2
15782	1
15783	3
15784	2
15785	2
15786	1
15787	6
15789	1
15790	1
15791	1
15792	5
15794	1
15795	1
15796	3
15797	4
15800	1
15801	4
15802	4
15803	1
15804	2
15805	4
15806	1
15807	4
15808	2
15809	1
15810	3
15811	1
15812	1
15814	1
15815	2
15816	3
15817	2
15818	2
15819	2
15820	1
15821	1
15822	2
15823	1
15824	3
15825	2
15826	4
15828	1
15829	1
15830	1
15831	3
15832	3
15833	3
15834	1
15835	1
15836	1
15838	2
15840	1
15842	3
15843	3
15844	3
15848	1
15850	2
15851	3
15852	2
15853	2
15854	4
15855	2
15857	1
15858	1
15860	4
15861	1
15864	3
15865	1
15866	2
15867	2
15868	4
15869	5
15871	1
15872	1
15873	2
15874	1
15876	1
15877	2
15878	1
15879	2
15880	3
15881	1
15882	1
15883	1
15885	1
15886	1
15887	2
15888	3
15889	3
15890	1
15891	3
15892	2
15893	1
15894	1
15895	5
15897	1
15898	4
15899	3
15900	1
15901	1
15902	1
15905	2
15906	1
15907	2
15908	1
15910	2
15911	2
15914	1
15915	4
15916	9
15917	3
15918	3
15919	2
15920	1
15921	1
15922	1
15923	3
15924	5
15925	2
15926	4
15927	2
15929	3
15931	3
15932	1
15933	1
15934	3
15935	2
15936	3
15937	1
15938	1
15939	1
15940	1
15941	1
15943	2
15944	1
15945	3
15946	2
15947	3
15948	3
15950	1
15951	2
15952	2
15953	3
15955	1
15956	3
15957	4
15958	2
15960	5
15961	1
15962	1
15963	3
15964	2
15965	1
15967	2
15968	4
15970	3
15971	1
15972	2
15973	1
15974	4
15975	5
15976	3
15977	2
15980	3
15981	1
15982	2
15984	1
15985	3
15986	2
15987	2
15988	2
15989	1
15991	2
15992	2
15993	3
15996	1
15997	1
15998	5
15999	5
16000	2
16001	2
16002	3
16003	3
16004	2
16005	4
16006	3
16007	1
16008	1
16009	2
16011	1
16012	3
16013	1
16014	3
16015	2
16016	3
16017	2
16019	2
16020	2
16021	3
16022	3
16023	1
16024	1
16025	4
16026	6
16027	2
16028	4
16031	2
16033	2
16034	4
16035	2
16036	2
16039	3
16040	3
16041	3
16042	1
16043	2
16044	4
16045	1
16046	3
16047	2
16048	3
16049	1
16050	3
16052	3
16053	5
16054	1
16055	1
16056	4
16057	2
16058	1
16059	1
16060	3
16061	1
16063	1
16064	2
16065	1
16066	2
16067	1
16068	1
16069	2
16070	2
16071	1
16072	2
16073	1
16074	1
16076	2
16078	1
16079	1
16080	1
16081	3
16082	1
16084	2
16085	2
16086	1
16087	1
16088	1
16089	1
16090	3
16091	2
16094	2
16096	4
16097	2
16098	1
16099	1
16100	2
16101	3
16102	1
16103	1
16104	4
16105	2
16106	3
16107	4
16108	1
16109	3
16110	1
16111	2
16112	4
16113	3
16114	1
16116	1
16117	2
16119	2
16120	5
16121	4
16122	5
16123	6
16124	1
16125	4
16126	1
16127	3
16128	1
16129	1
16130	3
16132	7
16133	4
16136	1
16137	2
16138	4
16139	2
16140	1
16141	2
16143	1
16144	1
16145	1
16146	5
16147	2
16148	4
16149	1
16151	2
16153	2
16154	3
16155	2
16156	2
16157	7
16158	1
16159	1
16160	3
16161	2
16162	3
16163	1
16164	2
16166	1
16167	1
16168	2
16169	3
16170	5
16171	1
16172	2
16173	1
16174	1
16175	2
16177	1
16178	3
16179	3
16180	4
16181	2
16183	4
16184	2
16185	1
16186	3
16187	3
16188	2
16190	2
16191	2
16192	1
16194	1
16195	3
16196	1
16198	2
16199	2
16200	1
16201	1
16202	3
16203	3
16204	1
16205	6
16207	2
16208	2
16209	3
16210	1
16211	5
16213	3
16214	3
16216	3
16218	2
16219	2
16220	2
16221	4
16222	2
16224	2
16225	1
16226	2
16228	2
16229	3
16230	4
16231	2
16232	1
16233	2
16234	2
16235	2
16236	4
16237	2
16238	1
16239	2
16240	3
16241	5
16243	4
16244	1
16245	4
16246	2
16247	1
16249	4
16250	1
16251	2
16252	2
16253	4
16254	3
16255	3
16256	2
16257	3
16258	2
16259	2
16261	1
16262	3
16263	3
16264	4
16265	1
16266	3
16267	2
16268	2
16269	2
16270	1
16272	1
16273	2
16274	8
16276	2
16277	4
16278	3
16279	1
16280	3
16281	1
16282	4
16283	5
16284	4
16285	3
16287	4
16288	2
16289	4
16290	4
16291	2
16292	2
16293	1
16294	3
16295	4
16296	3
16297	2
16298	3
16299	3
16300	1
16301	1
16303	1
16304	3
16305	2
16306	7
16307	2
16308	3
16309	3
16310	2
16311	4
16312	3
16313	3
16314	2
16315	4
16316	1
16317	1
16318	6
16320	2
16321	2
16322	4
16323	2
16324	3
16325	3
16326	2
16327	2
16328	1
16330	4
16331	1
16332	3
16333	2
16334	5
16335	1
16336	2
16337	3
16338	2
16339	1
16340	2
16341	2
16342	1
16343	3
16344	3
16345	1
16346	1
16347	3
16348	4
16349	4
16350	2
16351	5
16352	4
16355	1
16356	1
16357	4
16359	4
16360	2
16361	1
16362	2
16364	1
16365	1
16366	2
16368	4
16369	6
16370	1
16371	2
16372	1
16373	1
16374	1
16375	1
16376	4
16377	4
16378	2
16379	4
16380	3
16381	4
16382	3
16383	3
16384	1
16385	2
16386	4
16387	4
16388	3
16390	3
16391	3
16393	3
16394	2
16395	3
16396	1
16397	2
16398	3
16399	3
16400	2
16402	2
16403	3
16404	2
16405	4
16406	2
16407	4
16408	5
16409	4
16411	2
16412	2
16413	4
16415	3
16416	1
16417	3
16418	4
16419	2
16420	2
16421	3
16422	6
16424	2
16425	2
16426	4
16427	5
16428	1
16429	3
16430	3
16431	1
16432	4
16433	5
16434	2
16436	2
16437	5
16438	1
16439	1
16440	4
16442	3
16443	5
16444	2
16445	2
16446	4
16448	2
16449	3
16450	7
16451	2
16452	9
16453	3
16454	3
16455	3
16456	2
16457	2
16458	1
16459	7
16461	7
16462	1
16463	3
16464	1
16465	2
16466	2
16467	3
16468	2
16470	2
16471	2
16472	1
16473	1
16474	6
16475	2
16476	3
16477	2
16478	5
16479	4
16480	3
16481	5
16482	2
16483	2
16484	2
16485	5
16486	1
16487	2
16488	2
16489	2
16490	2
16491	2
16492	3
16493	2
16495	3
16496	3
16497	1
16498	2
16499	2
16500	4
16501	3
16502	3
16503	3
16504	4
16505	4
16506	2
16507	2
16508	4
16509	2
16510	1
16511	1
16513	3
16514	4
16515	5
16516	2
16517	3
16518	1
16519	4
16520	2
16521	6
16522	3
16523	2
16524	3
16525	3
16526	4
16527	4
16528	1
16529	5
16530	1
16531	1
16532	4
16533	1
16534	2
16535	4
16536	3
16537	2
16538	5
16539	2
16540	5
16541	5
16542	2
16543	1
16544	1
16545	5
16546	4
16547	2
16548	1
16549	4
16550	3
16552	2
16553	5
16554	4
16555	2
16556	5
16557	4
16558	2
16559	3
16560	3
16561	1
16562	1
16563	2
16564	6
16565	1
16566	3
16568	2
16569	3
16570	2
16571	4
16572	2
16573	6
16574	5
16575	3
16576	4
16577	3
16578	5
16579	3
16580	2
16581	2
16582	2
16583	4
16584	4
16586	3
16587	3
16588	5
16589	1
16590	4
16591	8
16592	3
16593	5
16595	4
16596	2
16597	3
16598	3
16599	3
16600	6
16601	5
16602	3
16603	4
16604	3
16605	5
16606	3
16607	4
16609	1
16610	2
16611	5
16612	4
16613	1
16614	4
16615	6
16616	3
16617	2
16618	2
16619	3
16620	5
16621	5
16622	1
16623	1
16624	4
16625	1
16626	1
16627	5
16628	1
16629	5
16630	1
16631	4
16632	2
16633	5
16634	1
16635	3
16636	1
16637	4
16638	7
16639	3
16640	4
16641	7
16642	5
16643	6
16644	2
16645	3
16646	5
16647	4
16648	5
16649	3
16650	5
16651	2
16652	2
16653	4
16654	3
16655	4
16656	3
16657	3
16658	2
16659	4
16660	4
16661	4
16662	6
16663	4
16665	3
16666	3
16668	5
16669	1
16670	2
16671	5
16672	4
16674	3
16675	2
16676	1
16677	4
16678	4
16679	4
16680	3
16681	5
16682	3
16683	5
16684	5
16685	5
16686	5
16687	4
16688	4
16689	3
16690	5
16691	5
16692	3
16693	4
16694	5
16695	3
16696	1
16697	7
16698	3
16699	6
16700	2
16701	7
16703	7
16704	3
16705	5
16706	3
16707	2
16708	4
16709	2
16710	3
16711	4
16712	2
16713	3
16714	4
16715	4
16717	2
16718	5
16719	5
16720	1
16721	3
16722	4
16723	3
16724	3
16725	2
16726	4
16727	3
16728	3
16729	5
16730	2
16731	3
16732	3
16733	4
16735	1
16736	7
16737	4
16738	2
16739	5
16740	1
16741	7
16742	5
16743	3
16744	2
16745	2
16746	7
16748	1
16749	4
16750	2
16751	4
16752	2
16753	8
16754	2
16755	3
16756	5
16757	1
16758	4
16759	6
16760	5
16761	8
16762	7
16763	4
16764	2
16765	6
16766	4
16767	7
16768	3
16769	6
16771	3
16772	2
16773	6
16774	4
16775	6
16776	3
16777	4
16778	3
16779	6
16780	2
16781	1
16782	5
16783	4
16784	4
16785	4
16786	5
16787	3
16788	6
16789	6
16790	4
16791	5
16792	1
16793	6
16794	4
16795	1
16796	4
16797	2
16798	5
16799	6
16800	3
16801	2
16803	4
16804	8
16805	4
16806	7
16807	2
16808	4
16809	5
16810	4
16811	2
16812	4
16813	2
16814	6
16815	4
16816	3
16817	2
16819	3
16820	6
16821	4
16822	5
16823	5
16824	3
16825	4
16827	5
16828	5
16829	2
16830	3
16831	3
16832	4
16833	3
16834	3
16835	6
16836	1
16837	8
16838	3
16839	7
16840	1
16841	3
16842	2
16843	3
16844	6
16845	7
16846	3
16847	3
16848	5
16849	3
16850	4
16851	8
16852	5
16853	7
16854	3
16855	4
16856	3
16857	2
16858	3
16859	5
16860	2
16861	3
16862	5
16863	7
16864	2
16865	2
16866	4
16867	2
16868	4
16869	4
16870	4
16871	5
16872	4
16873	10
16874	1
16875	5
16876	5
16877	4
16878	3
16879	4
16880	6
16881	3
16882	9
16883	7
16884	6
16885	3
16886	2
16887	5
16888	5
16889	8
16890	10
16891	3
16892	5
16893	4
16894	2
16895	5
16896	4
16897	3
16898	3
16899	6
16900	3
16901	2
16902	8
16903	3
16904	7
16905	1
16906	3
16907	4
16908	2
16909	6
16910	5
16911	3
16912	5
16913	3
16914	3
16915	5
16916	7
16917	2
16918	4
16919	5
16920	4
16921	11
16922	4
16923	5
16924	1
16925	5
16926	4
16927	7
16928	4
16929	6
16930	5
16931	4
16932	2
16933	3
16934	2
16935	6
16936	4
16937	5
16938	5
16939	6
16940	5
16941	5
16942	5
16943	7
16944	5
16945	5
16946	7
16947	6
16948	3
16949	3
16950	3
16951	4
16952	7
16953	5
16954	4
16955	5
16956	2
16958	4
16959	5
16960	7
16961	5
16962	6
16963	3
16964	2
16965	2
16966	12
16967	5
16968	5
16969	5
16970	1
16971	4
16972	2
16973	2
16974	3
16975	6
16976	3
16977	5
16978	2
16979	7
16980	5
16982	4
16983	9
16984	4
16985	8
16986	7
16987	7
16988	9
16989	7
16990	6
16992	2
16993	2
16994	6
16995	6
16996	9
16997	2
16998	4
16999	3
17000	3
17001	4
17002	2
17003	2
17004	2
17005	2
17006	3
17007	5
17008	7
17009	4
17010	3
17011	7
17012	6
17013	4
17014	5
17015	2
17016	2
17017	10
17018	3
17019	2
17020	1
17021	3
17022	5
17023	7
17024	2
17025	7
17026	8
17027	7
17028	12
17029	7
17030	5
17031	6
17032	9
17033	8
17034	3
17035	6
17036	4
17037	5
17038	7
17039	6
17040	2
17041	5
17042	10
17043	5
17044	4
17045	4
17046	4
17047	4
17048	3
17049	11
17050	3
17051	6
17052	5
17053	9
17054	5
17055	10
17056	4
17057	4
17058	5
17059	5
17060	5
17061	5
17062	4
17063	7
17064	6
17065	2
17066	10
17067	5
17068	6
17069	8
17070	5
17071	3
17072	4
17073	2
17074	3
17076	4
17077	9
17078	5
17079	1
17080	2
17081	4
17082	9
17083	4
17085	3
17086	4
17087	6
17088	8
17089	7
17090	3
17091	3
17092	2
17093	5
17094	2
17095	5
17096	7
17097	10
17098	5
17099	6
17100	4
17101	4
17102	4
17103	3
17104	6
17105	6
17106	3
17107	5
17108	4
17109	6
17110	6
17111	5
17112	8
17113	7
17114	5
17115	4
17116	7
17117	8
17118	4
17119	6
17120	4
17121	7
17122	5
17123	8
17124	8
17125	5
17126	6
17127	8
17128	7
17129	5
17130	6
17131	7
17132	4
17133	4
17134	8
17135	6
17136	7
17137	5
17138	3
17139	4
17140	3
17141	7
17142	7
17143	5
17144	7
17145	12
17146	7
17147	6
17148	6
17149	9
17150	3
17151	11
17152	5
17153	3
17154	4
17155	6
17156	8
17157	7
17158	7
17159	6
17160	5
17161	7
17162	4
17163	7
17164	6
17165	10
17166	5
17167	2
17168	7
17169	6
17170	10
17171	7
17172	8
17173	12
17174	10
17175	3
17176	5
17177	10
17178	7
17179	3
17180	7
17181	4
17182	6
17183	5
17184	3
17185	3
17186	4
17187	7
17188	9
17189	5
17190	5
17191	4
17192	6
17193	8
17194	6
17195	4
17196	6
17197	12
17198	5
17199	9
17200	6
17201	3
17202	7
17203	4
17204	5
17205	4
17206	10
17207	6
17208	10
17209	4
17210	7
17211	7
17212	11
17213	7
17214	7
17215	6
17216	9
17217	8
17218	11
17219	6
17220	7
17221	5
17222	8
17223	4
17224	16
17225	9
17226	9
17227	5
17228	5
17229	4
17230	7
17231	11
17232	8
17233	6
17234	6
17235	7
17236	8
17237	6
17238	4
17239	4
17240	11
17241	7
17242	5
17243	6
17244	4
17245	10
17246	7
17247	5
17248	5
17249	7
17250	2
17251	5
17252	13
17253	9
17254	6
17255	8
17256	9
17257	9
17258	9
17259	3
17260	6
17261	4
17262	14
17263	6
17264	5
17265	9
17266	9
17267	7
17268	4
17269	11
17270	6
17271	7
17272	4
17273	4
17274	5
17275	5
17276	8
17277	7
17278	5
17279	6
17280	3
17281	5
17282	5
17283	9
17284	8
17285	8
17286	6
17287	6
17288	5
17289	6
17290	4
17291	11
17292	5
17293	5
17294	10
17295	5
17296	5
17297	10
17298	7
17299	15
17300	5
17301	8
17302	11
17303	7
17304	7
17305	13
17306	6
17307	9
17308	6
17309	6
17310	9
17311	8
17312	10
17313	5
17314	5
17315	5
17316	8
17317	10
17318	10
17319	5
17320	8
17321	9
17322	8
17323	8
17324	13
17325	6
17326	7
17327	7
17328	5
17329	8
17330	1
17331	12
17332	11
17333	7
17334	5
17335	3
17336	8
17337	4
17338	13
17339	11
17340	6
17341	6
17342	9
17343	10
17344	8
17345	8
17346	9
17347	7
17348	8
17349	13
17350	4
17351	3
17352	10
17353	9
17354	5
17355	8
17356	12
17357	9
17358	11
17359	3
17360	7
17361	9
17362	10
17363	6
17364	13
17365	10
17366	7
17367	9
17368	4
17369	12
17370	7
17371	4
17372	8
17373	8
17374	9
17375	4
17376	9
17377	8
17378	4
17379	8
17380	7
17381	9
17382	10
17383	8
17384	5
17385	7
17386	9
17387	6
17388	13
17389	5
17390	7
17391	9
17392	8
17393	11
17394	4
17395	9
17396	13
17397	7
17398	13
17399	10
17400	8
17401	10
17402	6
17403	12
17404	10
17405	10
17406	7
17407	11
17408	9
17409	8
17410	13
17411	12
17412	8
17413	2
17414	7
17415	9
17416	10
17417	7
17418	9
17419	10
17420	5
17421	7
17422	7
17423	9
17424	8
17425	16
17426	9
17427	15
17428	7
17429	9
17430	11
17431	18
17432	11
17433	5
17434	11
17435	8
17436	8
17437	9
17438	9
17439	9
17440	11
17441	11
17442	6
17443	6
17444	3
17445	9
17446	13
17447	6
17448	11
17449	11
17450	11
17451	16
17452	9
17453	7
17454	5
17455	7
17456	8
17457	8
17458	9
17459	10
17460	10
17461	8
17462	9
17463	10
17464	6
17465	7
17466	12
17467	10
17468	8
17469	17
17470	5
17471	10
17472	11
17473	8
17474	5
17475	7
17476	6
17477	9
17478	13
17479	11
17480	10
17481	15
17482	14
17483	10
17484	6
17485	11
17486	6
17487	6
17488	8
17489	14
17490	11
17491	7
17492	9
17493	5
17494	11
17495	7
17496	10
17497	14
17498	7
17499	9
17500	8
17501	9
17502	8
17503	10
17504	15
17505	11
17506	5
17507	12
17508	11
17509	15
17510	15
17511	6
17512	11
17513	6
17514	6
17515	7
17516	8
17517	10
17518	6
17519	3
17520	10
17521	13
17522	10
17523	8
17524	10
17525	7
17526	11
17527	8
17528	12
17529	5
17530	10
17531	13
17532	9
17533	12
17534	9
17535	9
17536	9
17537	8
17538	10
17539	12
17540	11
17541	6
17542	9
17543	16
17544	10
17545	11
17546	12
17547	12
17548	19
17549	10
17550	12
17551	14
17552	11
17553	11
17554	10
17555	7
17556	15
17557	9
17558	12
17559	14
17560	9
17561	9
17562	9
17563	7
17564	16
17565	11
17566	7
17567	11
17568	13
17569	9
17570	12
17571	14
17572	10
17573	17
17574	9
17575	15
17576	12
17577	15
17578	7
17579	7
17580	10
17581	9
17582	14
17583	7
17584	12
17585	7
17586	16
17587	13
17588	14
17589	11
17590	13
17591	11
17592	17
17593	12
17594	12
17595	7
17596	9
17597	11
17598	11
17599	13
17600	9
17601	3
17602	13
17603	10
17604	6
17605	18
17606	16
17607	14
17608	17
17609	11
17610	14
17611	10
17612	21
17613	9
17614	14
17615	10
17616	16
17617	16
17618	10
17619	19
17620	11
17621	8
17622	14
17623	15
17624	5
17625	15
17626	14
17627	9
17628	12
17629	11
17630	12
17631	10
17632	9
17633	11
17634	12
17635	12
17636	7
17637	11
17638	14
17639	10
17640	13
17641	12
17642	25
17643	17
17644	15
17645	14
17646	16
17647	12
17648	13
17649	10
17650	7
17651	21
17652	11
17653	18
17654	13
17655	8
17656	13
17657	12
17658	17
17659	13
17660	10
17661	17
17662	13
17663	10
17664	11
17665	13
17666	9
17667	14
17668	5
17669	12
17670	16
17671	6
17672	20
17673	13
17674	9
17675	11
17676	14
17677	15
17678	11
17679	18
17680	15
17681	9
17682	9
17683	13
17684	12
17685	10
17686	14
17687	10
17688	16
17689	15
17690	18
17691	12
17692	19
17693	13
17694	10
17695	18
17696	12
17697	11
17698	13
17699	13
17700	20
17701	15
17702	14
17703	13
17704	15
17705	20
17706	8
17707	21
17708	19
17709	14
17710	16
17711	17
17712	19
17713	16
17714	12
17715	16
17716	13
17717	15
17718	12
17719	17
17720	12
17721	16
17722	14
17723	14
17724	11
17725	12
17726	18
17727	13
17728	14
17729	16
17730	16
17731	5
17732	16
17733	17
17734	16
17735	16
17736	21
17737	10
17738	14
17739	14
17740	13
17741	26
17742	15
17743	12
17744	9
17745	21
17746	12
17747	8
17748	12
17749	16
17750	19
17751	19
17752	11
17753	15
17754	18
17755	17
17756	9
17757	15
17758	16
17759	16
17760	10
17761	16
17762	20
17763	19
17764	18
17765	11
17766	13
17767	15
17768	15
17769	13
17770	19
17771	21
17772	17
17773	8
17774	16
17775	11
17776	13
17777	12
17778	23
17779	13
17780	13
17781	17
17782	19
17783	16
17784	11
17785	9
17786	16
17787	18
17788	14
17789	25
17790	15
17791	15
17792	11
17793	25
17794	19
17795	20
17796	17
17797	10
17798	13
17799	20
17800	24
17801	15
17802	12
17803	13
17804	21
17805	15
17806	18
17807	15
17808	17
17809	18
17810	16
17811	11
17812	17
17813	15
17814	16
17815	21
17816	17
17817	15
17818	16
17819	20
17820	12
17821	19
17822	18
17823	16
17824	19
17825	17
17826	19
17827	20
17828	17
17829	22
17830	13
17831	21
17832	17
17833	23
17834	25
17835	20
17836	17
17837	16
17838	13
17839	18
17840	20
17841	18
17842	15
17843	16
17844	15
17845	17
17846	21
17847	15
17848	13
17849	13
17850	17
17851	17
17852	15
17853	14
17854	26
17855	21
17856	18
17857	16
17858	14
17859	15
17860	22
17861	15
17862	20
17863	16
17864	18
17865	14
17866	30
17867	19
17868	29
17869	17
17870	19
17871	20
17872	21
17873	18
17874	17
17875	16
17876	15
17877	19
17878	22
17879	19
17880	20
17881	14
17882	16
17883	18
17884	21
17885	26
17886	20
17887	18
17888	21
17889	19
17890	12
17891	19
17892	24
17893	21
17894	14
17895	16
17896	19
17897	20
17898	17
17899	16
17900	25
17901	19
17902	19
17903	18
17904	23
17905	21
17906	20
17907	16
17908	27
17909	19
17910	13
17911	25
17912	18
17913	17
17914	14
17915	21
17916	24
17917	23
17918	14
17919	21
17920	9
17921	23
17922	18
17923	27
17924	19
17925	17
17926	21
17927	15
17928	21
17929	22
17930	27
17931	23
17932	13
17933	17
17934	18
17935	18
17936	22
17937	15
17938	21
17939	35
17940	20
17941	22
17942	17
17943	26
17944	23
17945	22
17946	22
17947	20
17948	21
17949	25
17950	25
17951	23
17952	13
17953	21
17954	18
17955	22
17956	19
17957	27
17958	21
17959	16
17960	16
17961	26
17962	24
17963	24
17964	15
17965	15
17966	13
17967	17
17968	28
17969	23
17970	24
17971	15
17972	23
17973	17
17974	23
17975	19
17976	23
17977	16
17978	20
17979	29
17980	19
17981	26
17982	19
17983	17
17984	16
17985	21
17986	15
17987	18
17988	26
17989	22
17990	14
17991	18
17992	30
17993	21
17994	19
17995	17
17996	25
17997	25
17998	20
17999	15
18000	23
18001	20
18002	20
18003	19
18004	20
18005	20
18006	26
18007	10
18008	24
18009	26
18010	20
18011	25
18012	26
18013	20
18014	20
18015	17
18016	18
18017	23
18018	22
18019	22
18020	24
18021	25
18022	22
18023	20
18024	20
18025	17
18026	38
18027	17
18028	24
18029	13
18030	27
18031	28
18032	21
18033	27
18034	22
18035	24
18036	25
18037	27
18038	18
18039	29
18040	21
18041	32
18042	24
18043	32
18044	31
18045	19
18046	26
18047	25
18048	20
18049	26
18050	36
18051	35
18052	27
18053	15
18054	15
18055	27
18056	19
18057	28
18058	22
18059	30
18060	34
18061	21
18062	34
18063	21
18064	28
18065	17
18066	12
18067	21
18068	23
18069	21
18070	24
18071	25
18072	18
18073	21
18074	22
18075	24
18076	22
18077	28
18078	27
18079	27
18080	13
18081	26
18082	19
18083	22
18084	23
18085	30
18086	41
18087	20
18088	26
18089	19
18090	35
18091	26
18092	27
18093	22
18094	29
18095	27
18096	29
18097	20
18098	26
18099	16
18100	23
18101	26
18102	22
18103	28
18104	31
18105	31
18106	23
18107	40
18108	27
18109	24
18110	21
18111	22
18112	26
18113	20
18114	24
18115	27
18116	31
18117	22
18118	34
18119	17
18120	25
18121	26
18122	29
18123	30
18124	24
18125	24
18126	34
18127	25
18128	25
18129	26
18130	29
18131	28
18132	26
18133	30
18134	24
18135	22
18136	30
18137	25
18138	31
18139	29
18140	29
18141	28
18142	25
18143	26
18144	16
18145	31
18146	27
18147	37
18148	15
18149	26
18150	26
18151	23
18152	20
18153	32
18154	27
18155	29
18156	22
18157	17
18158	40
18159	25
18160	29
18161	32
18162	26
18163	17
18164	34
18165	31
18166	26
18167	34
18168	35
18169	30
18170	31
18171	25
18172	32
18173	28
18174	27
18175	24
18176	30
18177	29
18178	29
18179	36
18180	21
18181	36
18182	26
18183	27
18184	29
18185	28
18186	25
18187	41
18188	27
18189	31
18190	29
18191	24
18192	26
18193	23
18194	38
18195	31
18196	31
18197	36
18198	25
18199	27
18200	32
18201	31
18202	31
18203	25
18204	23
18205	31
18206	26
18207	23
18208	25
18209	44
18210	39
18211	28
18212	28
18213	39
18214	23
18215	35
18216	34
18217	21
18218	30
18219	36
18220	31
18221	26
18222	29
18223	25
18224	31
18225	35
18226	36
18227	30
18228	28
18229	35
18230	33
18231	33
18232	34
18233	37
18234	27
18235	26
18236	31
18237	41
18238	30
18239	32
18240	37
18241	26
18242	35
18243	41
18244	34
18245	35
18246	42
18247	24
18248	36
18249	47
18250	34
18251	39
18252	40
18253	36
18254	30
18255	29
18256	35
18257	32
18258	31
18259	33
18260	31
18261	42
18262	34
18263	24
18264	33
18265	38
18266	43
18267	36
18268	27
18269	33
18270	37
18271	38
18272	34
18273	44
18274	46
18275	40
18276	34
18277	32
18278	34
18279	38
18280	42
18281	40
18282	32
18283	29
18284	39
18285	29
18286	36
18287	40
18288	34
18289	42
18290	29
18291	29
18292	36
18293	26
18294	34
18295	41
18296	26
18297	29
18298	32
18299	34
18300	36
18301	43
18302	28
18303	39
18304	38
18305	32
18306	32
18307	41
18308	40
18309	30
18310	25
18311	41
18312	37
18313	48
18314	34
18315	37
18316	33
18317	38
18318	44
18319	36
18320	42
18321	34
18322	31
18323	34
18324	28
18325	33
18326	37
18327	42
18328	37
18329	36
18330	44
18331	37
18332	45
18333	24
18334	44
18335	36
18336	39
18337	33
18338	42
18339	43
18340	44
18341	35
18342	46
18343	32
18344	35
18345	28
18346	45
18347	45
18348	48
18349	42
18350	37
18351	30
18352	29
18353	40
18354	43
18355	39
18356	39
18357	41
18358	37
18359	33
18360	46
18361	55
18362	36
18363	45
18364	35
18365	29
18366	41
18367	42
18368	30
18369	49
18370	32
18371	32
18372	39
18373	42
18374	43
18375	32
18376	26
18377	47
18378	38
18379	37
18380	33
18381	42
18382	35
18383	30
18384	46
18385	36
18386	31
18387	49
18388	54
18389	36
18390	40
18391	55
18392	39
18393	31
18394	45
18395	36
18396	37
18397	55
18398	39
18399	43
18400	37
18401	38
18402	39
18403	47
18404	40
18405	39
18406	45
18407	51
18408	52
18409	35
18410	54
18411	28
18412	44
18413	51
18414	36
18415	38
18416	45
18417	37
18418	49
18419	33
18420	34
18421	37
18422	51
18423	38
18424	43
18425	46
18426	43
18427	32
18428	33
18429	38
18430	39
18431	46
18432	37
18433	41
18434	39
18435	52
18436	41
18437	47
18438	37
18439	43
18440	40
18441	37
18442	30
18443	50
18444	43
18445	54
18446	42
18447	38
18448	46
18449	57
18450	36
18451	40
18452	41
18453	30
18454	40
18455	42
18456	32
18457	46
18458	39
18459	54
18460	39
18461	40
18462	44
18463	44
18464	40
18465	35
18466	41
18467	41
18468	64
18469	45
18470	48
18471	43
18472	44
18473	43
18474	50
18475	49
18476	52
18477	48
18478	51
18479	33
18480	49
18481	45
18482	47
18483	51
18484	53
18485	46
18486	36
18487	47
18488	41
18489	45
18490	49
18491	51
18492	47
18493	34
18494	49
18495	56
18496	43
18497	45
18498	47
18499	55
18500	65
18501	41
18502	47
18503	39
18504	50
18505	48
18506	45
18507	58
18508	45
18509	46
18510	43
18511	44
18512	52
18513	54
18514	63
18515	45
18516	52
18517	45
18518	45
18519	46
18520	46
18521	51
18522	50
18523	47
18524	44
18525	51
18526	43
18527	53
18528	51
18529	45
18530	43
18531	44
18532	55
18533	54
18534	63
18535	61
18536	50
18537	44
18538	41
18539	55
18540	43
18541	53
18542	50
18543	42
18544	62
18545	49
18546	65
18547	61
18548	61
18549	62
18550	45
18551	51
18552	46
18553	56
18554	47
18555	42
18556	41
18557	67
18558	41
18559	69
18560	60
18561	57
18562	51
18563	71
18564	52
18565	56
18566	34
18567	52
18568	52
18569	69
18570	59
18571	61
18572	53
18573	54
18574	39
18575	48
18576	55
18577	55
18578	50
18579	48
18580	60
18581	45
18582	54
18583	55
18584	51
18585	58
18586	43
18587	39
18588	63
18589	42
18590	52
18591	51
18592	43
18593	57
18594	55
18595	65
18596	51
18597	53
18598	48
18599	61
18600	56
18601	55
18602	59
18603	71
18604	52
18605	58
18606	71
18607	72
18608	49
18609	62
18610	46
18611	55
18612	66
18613	49
18614	52
18615	52
18616	62
18617	56
18618	52
18619	53
18620	69
18621	58
18622	58
18623	66
18624	58
18625	53
18626	68
18627	57
18628	53
18629	63
18630	56
18631	60
18632	61
18633	63
18634	61
18635	64
18636	61
18637	55
18638	71
18639	55
18640	64
18641	58
18642	60
18643	65
18644	51
18645	61
18646	68
18647	59
18648	57
18649	59
18650	56
18651	60
18652	54
18653	56
18654	50
18655	66
18656	65
18657	52
18658	56
18659	50
18660	46
18661	66
18662	56
18663	64
18664	59
18665	64
18666	41
18667	60
18668	71
18669	58
18670	62
18671	64
18672	56
18673	68
18674	64
18675	59
18676	62
18677	61
18678	64
18679	58
18680	62
18681	61
18682	57
18683	57
18684	57
18685	66
18686	66
18687	57
18688	64
18689	50
18690	49
18691	63
18692	64
18693	73
18694	70
18695	59
18696	59
18697	60
18698	56
18699	60
18700	65
18701	70
18702	61
18703	68
18704	72
18705	54
18706	61
18707	65
18708	62
18709	56
18710	67
18711	56
18712	73
18713	72
18714	65
18715	58
18716	57
18717	57
18718	54
18719	69
18720	59
18721	73
18722	63
18723	66
18724	61
18725	65
18726	80
18727	64
18728	64
18729	72
18730	74
18731	57
18732	68
18733	75
18734	64
18735	73
18736	62
18737	69
18738	67
18739	55
18740	56
18741	64
18742	84
18743	61
18744	66
18745	60
18746	55
18747	61
18748	53
18749	64
18750	80
18751	80
18752	60
18753	75
18754	78
18755	72
18756	69
18757	76
18758	57
18759	69
18760	60
18761	61
18762	54
18763	59
18764	72
18765	75
18766	65
18767	63
18768	62
18769	60
18770	68
18771	53
18772	70
18773	68
18774	58
18775	64
18776	66
18777	67
18778	77
18779	69
18780	63
18781	52
18782	74
18783	63
18784	66
18785	64
18786	77
18787	69
18788	60
18789	73
18790	51
18791	63
18792	75
18793	69
18794	75
18795	77
18796	61
18797	74
18798	73
18799	71
18800	71
18801	65
18802	77
18803	69
18804	65
18805	74
18806	73
18807	73
18808	66
18809	71
18810	61
18811	73
18812	68
18813	85
18814	66
18815	77
18816	62
18817	78
18818	81
18819	76
18820	70
18821	67
18822	80
18823	77
18824	66
18825	76
18826	71
18827	77
18828	74
18829	62
18830	76
18831	85
18832	95
18833	86
18834	78
18835	64
18836	82
18837	68
18838	69
18839	76
18840	70
18841	57
18842	79
18843	63
18844	71
18845	76
18846	93
18847	74
18848	66
18849	76
18850	84
18851	85
18852	96
18853	90
18854	79
18855	89
18856	82
18857	69
18858	79
18859	81
18860	71
18861	89
18862	78
18863	81
18864	88
18865	79
18866	65
18867	98
18868	80
18869	59
18870	99
18871	83
18872	98
18873	66
18874	72
18875	82
18876	64
18877	76
18878	69
18879	76
18880	88
18881	94
18882	86
18883	74
18884	88
18885	74
18886	86
18887	82
18888	76
18889	68
18890	90
18891	82
18892	81
18893	66
18894	86
18895	69
18896	79
18897	73
18898	65
18899	92
18900	87
18901	94
18902	82
18903	84
18904	69
18905	79
18906	87
18907	70
18908	83
18909	73
18910	77
18911	85
18912	96
18913	74
18914	74
18915	86
18916	82
18917	59
18918	78
18919	80
18920	82
18921	57
18922	89
18923	97
18924	88
18925	77
18926	89
18927	64
18928	84
18929	83
18930	85
18931	84
18932	85
18933	75
18934	99
18935	77
18936	106
18937	87
18938	84
18939	94
18940	92
18941	70
18942	95
18943	71
18944	92
18945	77
18946	85
18947	82
18948	80
18949	79
18950	69
18951	71
18952	75
18953	88
18954	87
18955	82
18956	76
18957	85
18958	78
18959	88
18960	83
18961	78
18962	108
18963	74
18964	83
18965	101
18966	93
18967	79
18968	93
18969	81
18970	102
18971	96
18972	81
18973	93
18974	96
18975	93
18976	79
18977	86
18978	99
18979	84
18980	90
18981	106
18982	78
18983	89
18984	90
18985	85
18986	87
18987	95
18988	80
18989	97
18990	83
18991	89
18992	87
18993	92
18994	82
18995	88
18996	95
18997	91
18998	91
18999	122
19000	67
19001	79
19002	86
19003	93
19004	79
19005	88
19006	84
19007	90
19008	90
19009	77
19010	100
19011	88
19012	85
19013	95
19014	81
19015	84
19016	95
19017	97
19018	99
19019	111
19020	68
19021	99
19022	86
19023	93
19024	96
19025	78
19026	106
19027	89
19028	92
19029	88
19030	104
19031	78
19032	90
19033	97
19034	85
19035	85
19036	93
19037	108
19038	103
19039	85
19040	94
19041	101
19042	73
19043	80
19044	100
19045	110
19046	98
19047	86
19048	93
19049	113
19050	97
19051	86
19052	90
19053	89
19054	88
19055	106
19056	102
19057	98
19058	81
19059	97
19060	101
19061	86
19062	103
19063	93
19064	97
19065	95
19066	91
19067	86
19068	93
19069	75
19070	101
19071	94
19072	88
19073	86
19074	102
19075	100
19076	79
19077	102
19078	84
19079	102
19080	116
19081	106
19082	86
19083	109
19084	93
19085	108
19086	105
19087	113
19088	106
19089	116
19090	96
19091	91
19092	97
19093	101
19094	104
19095	100
19096	95
19097	112
19098	103
19099	100
19100	113
19101	102
19102	100
19103	92
19104	117
19105	115
19106	101
19107	92
19108	101
19109	101
19110	89
19111	89
19112	113
19113	101
19114	86
19115	125
19116	85
19117	113
19118	103
19119	94
19120	88
19121	94
19122	99
19123	81
19124	96
19125	102
19126	110
19127	120
19128	96
19129	114
19130	102
19131	107
19132	93
19133	98
19134	114
19135	103
19136	97
19137	98
19138	112
19139	85
19140	114
19141	97
19142	94
19143	113
19144	109
19145	102
19146	108
19147	114
19148	94
19149	97
19150	92
19151	102
19152	108
19153	102
19154	123
19155	107
19156	102
19157	95
19158	110
19159	93
19160	113
19161	107
19162	102
19163	90
19164	99
19165	100
19166	111
19167	117
19168	110
19169	108
19170	90
19171	116
19172	113
19173	112
19174	98
19175	100
19176	102
19177	112
19178	101
19179	101
19180	117
19181	126
19182	126
19183	119
19184	89
19185	117
19186	115
19187	97
19188	97
19189	107
19190	111
19191	99
19192	113
19193	100
19194	114
19195	101
19196	102
19197	106
19198	106
19199	97
19200	119
19201	101
19202	114
19203	99
19204	87
19205	93
19206	125
19207	100
19208	109
19209	109
19210	95
19211	119
19212	117
19213	116
19214	115
19215	123
19216	118
19217	108
19218	89
19219	135
19220	117
19221	103
19222	125
19223	99
19224	103
19225	117
19226	100
19227	109
19228	114
19229	103
19230	104
19231	106
19232	118
19233	102
19234	105
19235	116
19236	112
19237	94
19238	126
19239	100
19240	111
19241	117
19242	102
19243	113
19244	105
19245	108
19246	134
19247	107
19248	104
19249	127
19250	132
19251	101
19252	112
19253	122
19254	112
19255	108
19256	110
19257	120
19258	120
19259	128
19260	103
19261	128
19262	128
19263	98
19264	120
19265	148
19266	105
19267	108
19268	116
19269	107
19270	133
19271	84
19272	116
19273	98
19274	116
19275	123
19276	119
19277	119
19278	109
19279	124
19280	114
19281	119
19282	117
19283	99
19284	114
19285	124
19286	101
19287	112
19288	88
19289	126
19290	112
19291	101
19292	136
19293	113
19294	114
19295	115
19296	119
19297	103
19298	122
19299	129
19300	102
19301	118
19302	112
19303	110
19304	110
19305	126
19306	101
19307	112
19308	119
19309	126
19310	133
19311	111
19312	119
19313	117
19314	127
19315	114
19316	114
19317	117
19318	122
19319	121
19320	124
19321	116
19322	129
19323	128
19324	114
19325	127
19326	102
19327	130
19328	113
19329	129
19330	131
19331	104
19332	125
19333	106
19334	107
19335	142
19336	129
19337	126
19338	136
19339	127
19340	127
19341	120
19342	130
19343	119
19344	124
19345	133
19346	128
19347	132
19348	109
19349	128
19350	119
19351	127
19352	101
19353	120
19354	140
19355	123
19356	125
19357	120
19358	124
19359	115
19360	116
19361	126
19362	127
19363	147
19364	104
19365	122
19366	137
19367	141
19368	124
19369	130
19370	108
19371	134
19372	119
19373	119
19374	121
19375	127
19376	128
19377	127
19378	120
19379	127
19380	129
19381	131
19382	122
19383	120
19384	126
19385	121
19386	124
19387	128
19388	127
19389	122
19390	135
19391	107
19392	132
19393	123
19394	147
19395	139
19396	115
19397	121
19398	120
19399	127
19400	152
19401	113
19402	134
19403	107
19404	134
19405	107
19406	129
19407	127
19408	135
19409	138
19410	133
19411	137
19412	118
19413	125
19414	146
19415	125
19416	136
19417	111
19418	126
19419	106
19420	140
19421	113
19422	134
19423	130
19424	116
19425	144
19426	120
19427	121
19428	133
19429	127
19430	106
19431	112
19432	122
19433	137
19434	111
19435	129
19436	149
19437	121
19438	137
19439	125
19440	134
19441	123
19442	129
19443	107
19444	157
19445	154
19446	108
19447	129
19448	142
19449	138
19450	128
19451	129
19452	122
19453	135
19454	145
19455	145
19456	125
19457	141
19458	139
19459	122
19460	140
19461	131
19462	152
19463	138
19464	130
19465	133
19466	127
19467	132
19468	133
19469	120
19470	138
19471	121
19472	148
19473	147
19474	137
19475	146
19476	136
19477	138
19478	133
19479	124
19480	116
19481	141
19482	131
19483	138
19484	145
19485	124
19486	151
19487	117
19488	140
19489	122
19490	125
19491	114
19492	116
19493	125
19494	141
19495	151
19496	134
19497	109
19498	146
19499	137
19500	140
19501	133
19502	141
19503	130
19504	147
19505	121
19506	115
19507	148
19508	141
19509	165
19510	153
19511	144
19512	136
19513	131
19514	120
19515	116
19516	132
19517	126
19518	146
19519	132
19520	138
19521	131
19522	132
19523	135
19524	125
19525	141
19526	144
19527	123
19528	147
19529	148
19530	133
19531	125
19532	143
19533	152
19534	133
19535	143
19536	151
19537	139
19538	122
19539	150
19540	131
19541	140
19542	132
19543	120
19544	142
19545	128
19546	145
19547	138
19548	123
19549	130
19550	146
19551	156
19552	140
19553	144
19554	131
19555	139
19556	144
19557	138
19558	134
19559	135
19560	126
19561	137
19562	118
19563	117
19564	122
19565	144
19566	143
19567	123
19568	135
19569	129
19570	154
19571	137
19572	137
19573	136
19574	131
19575	131
19576	120
19577	142
19578	136
19579	144
19580	125
19581	133
19582	118
19583	136
19584	166
19585	160
19586	141
19587	130
19588	133
19589	153
19590	162
19591	135
19592	130
19593	128
19594	140
19595	133
19596	134
19597	150
19598	142
19599	119
19600	127
19601	146
19602	133
19603	150
19604	138
19605	164
19606	157
19607	148
19608	131
19609	142
19610	136
19611	130
19612	126
19613	139
19614	145
19615	126
19616	147
19617	136
19618	149
19619	156
19620	124
19621	134
19622	149
19623	121
19624	143
19625	152
19626	146
19627	164
19628	166
19629	136
19630	147
19631	140
19632	136
19633	139
19634	134
19635	140
19636	146
19637	159
19638	121
19639	138
19640	140
19641	139
19642	139
19643	144
19644	142
19645	135
19646	140
19647	149
19648	146
19649	126
19650	141
19651	148
19652	136
19653	169
19654	161
19655	112
19656	142
19657	149
19658	130
19659	126
19660	155
19661	143
19662	131
19663	160
19664	149
19665	153
19666	140
19667	135
19668	148
19669	132
19670	160
19671	134
19672	154
19673	153
19674	141
19675	146
19676	155
19677	169
19678	167
19679	165
19680	163
19681	140
19682	158
19683	147
19684	140
19685	142
19686	154
19687	157
19688	147
19689	151
19690	164
19691	137
19692	131
19693	152
19694	143
19695	143
19696	133
19697	156
19698	156
19699	147
19700	133
19701	160
19702	145
19703	155
19704	163
19705	159
19706	150
19707	135
19708	151
19709	154
19710	151
19711	167
19712	150
19713	133
19714	161
19715	114
19716	154
19717	165
19718	142
19719	147
19720	155
19721	143
19722	182
19723	157
19724	150
19725	149
19726	154
19727	146
19728	134
19729	146
19730	145
19731	160
19732	135
19733	148
19734	145
19735	133
19736	164
19737	136
19738	141
19739	128
19740	170
19741	149
19742	145
19743	152
19744	155
19745	155
19746	122
19747	140
19748	148
19749	129
19750	156
19751	161
19752	146
19753	192
19754	146
19755	157
19756	131
19757	140
19758	152
19759	139
19760	137
19761	156
19762	142
19763	148
19764	142
19765	137
19766	150
19767	170
19768	162
19769	156
19770	155
19771	147
19772	165
19773	138
19774	162
19775	140
19776	147
19777	149
19778	179
19779	168
19780	146
19781	134
19782	130
19783	149
19784	143
19785	142
19786	131
19787	161
19788	155
19789	148
19790	144
19791	149
19792	154
19793	149
19794	153
19795	140
19796	148
19797	129
19798	144
19799	149
19800	163
19801	176
19802	175
19803	143
19804	163
19805	180
19806	156
19807	151
19808	198
19809	147
19810	181
19811	130
19812	157
19813	136
19814	146
19815	174
19816	135
19817	146
19818	159
19819	147
19820	140
19821	150
19822	162
19823	141
19824	138
19825	164
19826	162
19827	160
19828	159
19829	153
19830	145
19831	159
19832	134
19833	156
19834	168
19835	169
19836	167
19837	164
19838	165
19839	178
19840	180
19841	161
19842	156
19843	151
19844	175
19845	177
19846	157
19847	150
19848	152
19849	159
19850	139
19851	169
19852	134
19853	151
19854	162
19855	167
19856	163
19857	156
19858	160
19859	163
19860	163
19861	154
19862	163
19863	173
19864	175
19865	168
19866	157
19867	148
19868	158
19869	162
19870	141
19871	160
19872	156
19873	154
19874	138
19875	161
19876	159
19877	169
19878	157
19879	155
19880	151
19881	174
19882	161
19883	149
19884	165
19885	164
19886	168
19887	151
19888	138
19889	158
19890	182
19891	185
19892	148
19893	136
19894	148
19895	175
19896	144
19897	136
19898	155
19899	147
19900	177
19901	165
19902	147
19903	154
19904	156
19905	161
19906	162
19907	158
19908	170
19909	148
19910	173
19911	144
19912	158
19913	141
19914	169
19915	173
19916	171
19917	128
19918	174
19919	166
19920	168
19921	157
19922	155
19923	176
19924	157
19925	144
19926	173
19927	169
19928	161
19929	116
19930	160
19931	149
19932	170
19933	157
19934	164
19935	165
19936	155
19937	141
19938	152
19939	161
19940	165
19941	164
19942	145
19943	155
19944	148
19945	165
19946	143
19947	130
19948	163
19949	158
19950	176
19951	152
19952	170
19953	156
19954	136
19955	185
19956	168
19957	153
19958	185
19959	166
19960	136
19961	145
19962	158
19963	161
19964	168
19965	154
19966	174
19967	150
19968	151
19969	150
19970	179
19971	165
19972	178
19973	169
19974	149
19975	147
19976	187
19977	176
19978	180
19979	160
19980	157
19981	146
19982	160
19983	132
19984	155
19985	161
19986	165
19987	148
19988	135
19989	147
19990	149
19991	162
19992	165
19993	150
19994	147
19995	159
19996	161
19997	140
19998	185
19999	173
20000	156
20001	142
20002	144
20003	151
20004	172
20005	168
20006	155
20007	156
20008	144
20009	154
20010	155
20011	163
20012	148
20013	182
20014	161
20015	180
20016	193
20017	169
20018	180
20019	152
20020	151
20021	157
20022	164
20023	157
20024	183
20025	168
20026	158
20027	153
20028	166
20029	153
20030	141
20031	173
20032	164
20033	145
20034	168
20035	164
20036	160
20037	177
20038	165
20039	134
20040	144
20041	170
20042	156
20043	154
20044	187
20045	183
20046	150
20047	151
20048	140
20049	161
20050	154
20051	173
20052	150
20053	146
20054	146
20055	156
20056	171
20057	180
20058	133
20059	158
20060	150
20061	172
20062	164
20063	167
20064	173
20065	174
20066	185
20067	161
20068	159
20069	154
20070	169
20071	159
20072	151
20073	143
20074	163
20075	146
20076	133
20077	163
20078	153
20079	170
20080	148
20081	162
20082	163
20083	170
20084	146
20085	173
20086	149
20087	157
20088	131
20089	170
20090	159
20091	158
20092	171
20093	158
20094	152
20095	166
20096	173
20097	159
20098	159
20099	172
20100	166
20101	144
20102	131
20103	146
20104	150
20105	164
20106	170
20107	174
20108	189
20109	149
20110	153
20111	175
20112	168
20113	151
20114	168
20115	173
20116	182
20117	164
20118	171
20119	158
20120	166
20121	145
20122	150
20123	153
20124	184
20125	174
20126	162
20127	168
20128	143
20129	170
20130	152
20131	156
20132	152
20133	158
20134	175
20135	147
20136	169
20137	148
20138	177
20139	164
20140	151
20141	164
20142	166
20143	159
20144	185
20145	168
20146	152
20147	177
20148	177
20149	151
20150	150
20151	164
20152	146
20153	155
20154	153
20155	146
20156	146
20157	158
20158	153
20159	183
20160	166
20161	174
20162	168
20163	149
20164	171
20165	164
20166	159
20167	142
20168	160
20169	169
20170	154
20171	161
20172	161
20173	177
20174	173
20175	163
20176	171
20177	158
20178	164
20179	156
20180	170
20181	144
20182	149
20183	153
20184	178
20185	170
20186	174
20187	149
20188	174
20189	160
20190	153
20191	185
20192	181
20193	178
20194	159
20195	158
20196	177
20197	156
20198	168
20199	167
20200	153
20201	181
20202	154
20203	144
20204	137
20205	146
20206	152
20207	153
20208	159
20209	165
20210	152
20211	178
20212	159
20213	182
20214	156
20215	150
20216	156
20217	169
20218	190
20219	166
20220	162
20221	160
20222	162
20223	165
20224	151
20225	151
20226	167
20227	166
20228	134
20229	170
20230	158
20231	148
20232	155
20233	161
20234	167
20235	162
20236	170
20237	154
20238	160
20239	179
20240	169
20241	171
20242	166
20243	141
20244	140
20245	158
20246	182
20247	165
20248	159
20249	127
20250	184
20251	155
20252	171
20253	149
20254	147
20255	167
20256	166
20257	155
20258	164
20259	171
20260	172
20261	166
20262	161
20263	138
20264	151
20265	150
20266	147
20267	162
20268	141
20269	142
20270	145
20271	145
20272	176
20273	157
20274	166
20275	172
20276	159
20277	167
20278	167
20279	152
20280	179
20281	168
20282	171
20283	145
20284	159
20285	174
20286	171
20287	146
20288	164
20289	147
20290	167
20291	174
20292	150
20293	168
20294	167
20295	179
20296	147
20297	152
20298	172
20299	155
20300	156
20301	148
20302	192
20303	145
20304	169
20305	162
20306	153
20307	149
20308	151
20309	148
20310	154
20311	158
20312	159
20313	173
20314	144
20315	158
20316	158
20317	176
20318	170
20319	146
20320	152
20321	158
20322	145
20323	169
20324	169
20325	165
20326	151
20327	176
20328	142
20329	147
20330	170
20331	143
20332	160
20333	147
20334	167
20335	166
20336	164
20337	187
20338	147
20339	155
20340	151
20341	154
20342	152
20343	183
20344	144
20345	169
20346	171
20347	175
20348	169
20349	161
20350	189
20351	154
20352	177
20353	163
20354	168
20355	172
20356	158
20357	159
20358	174
20359	149
20360	167
20361	159
20362	166
20363	155
20364	167
20365	177
20366	170
20367	178
20368	169
20369	185
20370	169
20371	161
20372	190
20373	175
20374	184
20375	169
20376	172
20377	155
20378	191
20379	173
20380	163
20381	166
20382	178
20383	128
20384	164
20385	168
20386	158
20387	147
20388	156
20389	197
20390	154
20391	145
20392	157
20393	182
20394	153
20395	188
20396	156
20397	166
20398	154
20399	159
20400	155
20401	163
20402	139
20403	179
20404	182
20405	141
20406	146
20407	165
20408	154
20409	147
20410	156
20411	172
20412	156
20413	147
20414	161
20415	157
20416	173
20417	154
20418	154
20419	173
20420	162
20421	155
20422	170
20423	142
20424	172
20425	181
20426	167
20427	155
20428	163
20429	171
20430	150
20431	144
20432	176
20433	147
20434	155
20435	175
20436	140
20437	161
20438	154
20439	155
20440	177
20441	163
20442	176
20443	155
20444	160
20445	174
20446	192
20447	154
20448	146
20449	153
20450	156
20451	166
20452	178
20453	164
20454	167
20455	162
20456	160
20457	157
20458	153
20459	146
20460	158
20461	163
20462	161
20463	162
20464	146
20465	156
20466	155
20467	181
20468	138
20469	157
20470	151
20471	167
20472	150
20473	161
20474	156
20475	153
20476	147
20477	174
20478	158
20479	151
20480	147
20481	154
20482	171
20483	171
20484	151
20485	164
20486	170
20487	143
20488	184
20489	159
20490	153
20491	166
20492	163
20493	157
20494	179
20495	173
20496	162
20497	158
20498	137
20499	163
20500	167
20501	158
20502	162
20503	171
20504	153
20505	149
20506	157
20507	163
20508	146
20509	153
20510	144
20511	153
20512	146
20513	186
20514	158
20515	186
20516	137
20517	152
20518	141
20519	177
20520	143
20521	155
20522	167
20523	169
20524	128
20525	142
20526	169
20527	158
20528	152
20529	184
20530	164
20531	146
20532	154
20533	143
20534	158
20535	143
20536	194
20537	167
20538	162
20539	171
20540	174
20541	154
20542	154
20543	172
20544	167
20545	163
20546	162
20547	153
20548	156
20549	172
20550	167
20551	145
20552	163
20553	157
20554	154
20555	150
20556	149
20557	173
20558	159
20559	161
20560	154
20561	156
20562	183
20563	157
20564	153
20565	177
20566	154
20567	142
20568	162
20569	163
20570	158
20571	179
20572	169
20573	167
20574	148
20575	160
20576	153
20577	133
20578	134
20579	157
20580	145
20581	161
20582	163
20583	134
20584	140
20585	164
20586	142
20587	129
20588	182
20589	180
20590	170
20591	164
20592	153
20593	169
20594	159
20595	168
20596	163
20597	155
20598	158
20599	159
20600	166
20601	151
20602	155
20603	161
20604	147
20605	165
20606	158
20607	150
20608	134
20609	153
20610	153
20611	152
20612	177
20613	132
20614	146
20615	166
20616	165
20617	142
20618	159
20619	145
20620	171
20621	168
20622	160
20623	171
20624	160
20625	169
20626	155
20627	154
20628	150
20629	180
20630	170
20631	168
20632	169
20633	128
20634	155
20635	150
20636	141
20637	172
20638	151
20639	147
20640	162
20641	180
20642	150
20643	157
20644	159
20645	139
20646	186
20647	176
20648	169
20649	143
20650	165
20651	139
20652	168
20653	156
20654	143
20655	139
20656	159
20657	148
20658	160
20659	145
20660	143
20661	163
20662	160
20663	161
20664	157
20665	180
20666	161
20667	159
20668	157
20669	154
20670	167
20671	153
20672	168
20673	146
20674	143
20675	165
20676	176
20677	178
20678	189
20679	156
20680	166
20681	165
20682	174
20683	171
20684	153
20685	136
20686	155
20687	157
20688	166
20689	161
20690	174
20691	161
20692	148
20693	161
20694	150
20695	176
20696	152
20697	162
20698	146
20699	154
20700	164
20701	153
20702	159
20703	163
20704	163
20705	152
20706	157
20707	150
20708	161
20709	174
20710	140
20711	135
20712	162
20713	147
20714	151
20715	152
20716	176
20717	181
20718	134
20719	164
20720	136
20721	147
20722	197
20723	137
20724	145
20725	160
20726	155
20727	171
20728	171
20729	161
20730	159
20731	173
20732	173
20733	168
20734	162
20735	166
20736	149
20737	157
20738	148
20739	144
20740	160
20741	153
20742	179
20743	160
20744	140
20745	166
20746	181
20747	134
20748	177
20749	177
20750	157
20751	165
20752	178
20753	189
20754	140
20755	149
20756	157
20757	153
20758	152
20759	145
20760	178
20761	153
20762	156
20763	162
20764	160
20765	152
20766	158
20767	175
20768	145
20769	176
20770	144
20771	162
20772	153
20773	168
20774	155
20775	139
20776	159
20777	166
20778	171
20779	162
20780	149
20781	155
20782	141
20783	154
20784	159
20785	159
20786	174
20787	167
20788	146
20789	159
20790	148
20791	131
20792	170
20793	169
20794	148
20795	162
20796	177
20797	144
20798	164
20799	141
20800	149
20801	171
20802	133
20803	166
20804	177
20805	156
20806	167
20807	162
20808	177
20809	147
20810	177
20811	148
20812	139
20813	161
20814	141
20815	160
20816	156
20817	177
20818	154
20819	159
20820	151
20821	151
20822	159
20823	145
20824	158
20825	152
20826	155
20827	134
20828	147
20829	173
20830	160
20831	157
20832	129
20833	175
20834	159
20835	166
20836	163
20837	167
20838	168
20839	140
20840	171
20841	150
20842	159
20843	166
20844	143
20845	161
20846	162
20847	148
20848	180
20849	156
20850	149
20851	151
20852	142
20853	171
20854	134
20855	174
20856	174
20857	166
20858	147
20859	157
20860	165
20861	143
20862	176
20863	142
20864	165
20865	159
20866	143
20867	138
20868	155
20869	154
20870	145
20871	156
20872	172
20873	140
20874	176
20875	143
20876	151
20877	158
20878	141
20879	143
20880	142
20881	140
20882	164
20883	135
20884	158
20885	150
20886	160
20887	176
20888	164
20889	159
20890	150
20891	153
20892	153
20893	152
20894	158
20895	177
20896	155
20897	140
20898	161
20899	157
20900	172
20901	130
20902	146
20903	152
20904	173
20905	156
20906	154
20907	137
20908	138
20909	150
20910	139
20911	167
20912	168
20913	141
20914	152
20915	159
20916	160
20917	137
20918	156
20919	120
20920	156
20921	153
20922	162
20923	156
20924	143
20925	132
20926	138
20927	145
20928	166
20929	137
20930	151
20931	157
20932	145
20933	161
20934	150
20935	134
20936	161
20937	171
20938	153
20939	139
20940	147
20941	157
20942	138
20943	152
20944	161
20945	155
20946	160
20947	129
20948	147
20949	138
20950	144
20951	143
20952	178
20953	156
20954	152
20955	150
20956	179
20957	175
20958	141
20959	153
20960	149
20961	146
20962	167
20963	152
20964	150
20965	152
20966	158
20967	130
20968	141
20969	141
20970	145
20971	133
20972	145
20973	151
20974	147
20975	149
20976	126
20977	158
20978	162
20979	157
20980	157
20981	151
20982	156
20983	145
20984	141
20985	158
20986	155
20987	147
20988	127
20989	162
20990	158
20991	138
20992	134
20993	162
20994	150
20995	144
20996	145
20997	156
20998	133
20999	139
21000	168
21001	141
21002	152
21003	132
21004	149
21005	148
21006	162
21007	143
21008	159
21009	137
21010	124
21011	148
21012	119
21013	138
21014	163
21015	138
21016	131
21017	165
21018	158
21019	160
21020	150
21021	154
21022	129
21023	160
21024	152
21025	186
21026	159
21027	154
21028	145
21029	167
21030	175
21031	151
21032	163
21033	165
21034	155
21035	158
21036	146
21037	143
21038	145
21039	167
21040	149
21041	138
21042	145
21043	140
21044	141
21045	141
21046	159
21047	132
21048	173
21049	150
21050	143
21051	145
21052	156
21053	154
21054	148
21055	150
21056	168
21057	154
21058	162
21059	160
21060	125
21061	146
21062	155
21063	161
21064	159
21065	156
21066	164
21067	159
21068	138
21069	140
21070	138
21071	154
21072	139
21073	150
21074	142
21075	147
21076	127
21077	139
21078	149
21079	140
21080	170
21081	184
21082	176
21083	143
21084	136
21085	135
21086	129
21087	167
21088	138
21089	147
21090	136
21091	168
21092	162
21093	142
21094	142
21095	155
21096	155
21097	169
21098	139
21099	152
21100	145
21101	148
21102	172
21103	125
21104	160
21105	165
21106	150
21107	141
21108	157
21109	138
21110	150
21111	135
21112	144
21113	133
21114	169
21115	143
21116	139
21117	154
21118	148
21119	144
21120	155
21121	140
21122	171
21123	149
21124	153
21125	155
21126	156
21127	156
21128	144
21129	188
21130	139
21131	142
21132	135
21133	129
21134	145
21135	161
21136	143
21137	150
21138	140
21139	157
21140	134
21141	145
21142	155
21143	157
21144	142
21145	154
21146	155
21147	140
21148	162
21149	136
21150	149
21151	144
21152	147
21153	167
21154	144
21155	160
21156	149
21157	157
21158	139
21159	144
21160	129
21161	145
21162	151
21163	158
21164	138
21165	148
21166	140
21167	149
21168	134
21169	141
21170	149
21171	139
21172	140
21173	136
21174	137
21175	143
21176	156
21177	123
21178	133
21179	136
21180	141
21181	142
21182	151
21183	139
21184	169
21185	158
21186	152
21187	150
21188	121
21189	159
21190	170
21191	159
21192	138
21193	160
21194	140
21195	158
21196	148
21197	132
21198	131
21199	140
21200	134
21201	142
21202	151
21203	160
21204	136
21205	171
21206	157
21207	133
21208	135
21209	151
21210	138
21211	143
21212	134
21213	142
21214	156
21215	138
21216	144
21217	160
21218	159
21219	135
21220	139
21221	158
21222	123
21223	142
21224	132
21225	150
21226	144
21227	132
21228	144
21229	136
21230	155
21231	139
21232	160
21233	140
21234	135
21235	162
21236	144
21237	150
21238	170
21239	167
21240	143
21241	157
21242	129
21243	130
21244	132
21245	151
21246	144
21247	154
21248	144
21249	129
21250	143
21251	145
21252	161
21253	143
21254	149
21255	144
21256	141
21257	137
21258	135
21259	149
21260	139
21261	132
21262	153
21263	132
21264	123
21265	147
21266	148
21267	140
21268	143
21269	149
21270	145
21271	136
21272	178
21273	148
21274	128
21275	145
21276	137
21277	123
21278	133
21279	148
21280	137
21281	152
21282	140
21283	133
21284	148
21285	131
21286	124
21287	143
21288	146
21289	147
21290	172
21291	153
21292	137
21293	142
21294	135
21295	135
21296	138
21297	147
21298	124
21299	167
21300	128
21301	164
21302	135
21303	154
21304	127
21305	143
21306	129
21307	155
21308	149
21309	148
21310	140
21311	107
21312	164
21313	133
21314	150
21315	141
21316	158
21317	126
21318	136
21319	123
21320	142
21321	133
21322	128
21323	130
21324	131
21325	146
21326	125
21327	140
21328	150
21329	128
21330	144
21331	151
21332	141
21333	141
21334	144
21335	139
21336	137
21337	148
21338	164
21339	152
21340	132
21341	133
21342	145
21343	161
21344	113
21345	134
21346	164
21347	137
21348	134
21349	136
21350	137
21351	141
21352	126
21353	129
21354	139
21355	140
21356	144
21357	136
21358	160
21359	139
21360	154
21361	118
21362	140
21363	138
21364	146
21365	134
21366	135
21367	139
21368	139
21369	147
21370	141
21371	132
21372	133
21373	157
21374	152
21375	121
21376	160
21377	125
21378	150
21379	124
21380	139
21381	129
21382	149
21383	144
21384	137
21385	128
21386	132
21387	156
21388	133
21389	148
21390	140
21391	126
21392	143
21393	158
21394	128
21395	125
21396	137
21397	157
21398	141
21399	143
21400	130
21401	130
21402	143
21403	138
21404	144
21405	136
21406	137
21407	143
21408	135
21409	125
21410	143
21411	127
21412	137
21413	147
21414	148
21415	130
21416	158
21417	131
21418	117
21419	130
21420	148
21421	147
21422	145
21423	145
21424	157
21425	138
21426	137
21427	123
21428	135
21429	122
21430	139
21431	141
21432	130
21433	145
21434	147
21435	140
21436	119
21437	141
21438	140
21439	130
21440	148
21441	132
21442	134
21443	125
21444	136
21445	152
21446	150
21447	149
21448	130
21449	109
21450	138
21451	153
21452	147
21453	152
21454	150
21455	139
21456	132
21457	121
21458	133
21459	157
21460	123
21461	163
21462	134
21463	123
21464	136
21465	119
21466	160
21467	123
21468	136
21469	121
21470	132
21471	127
21472	122
21473	138
21474	142
21475	175
21476	145
21477	149
21478	131
21479	133
21480	154
21481	122
21482	129
21483	136
21484	123
21485	121
21486	133
21487	135
21488	128
21489	131
21490	134
21491	123
21492	139
21493	162
21494	128
21495	115
21496	142
21497	138
21498	137
21499	156
21500	119
21501	163
21502	141
21503	144
21504	131
21505	144
21506	147
21507	142
21508	145
21509	148
21510	157
21511	147
21512	130
21513	146
21514	137
21515	126
21516	147
21517	148
21518	136
21519	126
21520	145
21521	163
21522	117
21523	135
21524	132
21525	122
21526	127
21527	161
21528	137
21529	138
21530	127
21531	130
21532	130
21533	136
21534	117
21535	154
21536	152
21537	118
21538	140
21539	151
21540	147
21541	130
21542	144
21543	147
21544	139
21545	133
21546	124
21547	135
21548	141
21549	139
21550	126
21551	127
21552	130
21553	123
21554	118
21555	150
21556	139
21557	126
21558	117
21559	161
21560	136
21561	136
21562	118
21563	116
21564	160
21565	159
21566	140
21567	154
21568	133
21569	126
21570	133
21571	138
21572	141
21573	133
21574	143
21575	152
21576	127
21577	139
21578	136
21579	130
21580	136
21581	147
21582	146
21583	127
21584	134
21585	139
21586	124
21587	119
21588	136
21589	129
21590	144
21591	141
21592	135
21593	122
21594	125
21595	131
21596	159
21597	124
21598	119
21599	131
21600	125
21601	134
21602	108
21603	127
21604	133
21605	151
21606	153
21607	129
21608	128
21609	129
21610	116
21611	130
21612	114
21613	120
21614	133
21615	127
21616	138
21617	156
21618	128
21619	122
21620	135
21621	118
21622	141
21623	136
21624	147
21625	129
21626	127
21627	130
21628	134
21629	114
21630	134
21631	132
21632	136
21633	144
21634	137
21635	130
21636	141
21637	123
21638	140
21639	128
21640	134
21641	140
21642	165
21643	118
21644	120
21645	132
21646	122
21647	126
21648	119
21649	132
21650	134
21651	145
21652	115
21653	113
21654	148
21655	141
21656	143
21657	133
21658	150
21659	134
21660	136
21661	126
21662	136
21663	122
21664	121
21665	101
21666	125
21667	147
21668	148
21669	152
21670	129
21671	117
21672	138
21673	145
21674	113
21675	140
21676	132
21677	142
21678	140
21679	122
21680	131
21681	136
21682	137
21683	117
21684	114
21685	126
21686	138
21687	159
21688	141
21689	133
21690	117
21691	125
21692	139
21693	137
21694	136
21695	126
21696	124
21697	127
21698	127
21699	139
21700	115
21701	158
21702	131
21703	131
21704	142
21705	135
21706	125
21707	142
21708	110
21709	124
21710	124
21711	131
21712	144
21713	128
21714	122
21715	131
21716	114
21717	122
21718	137
21719	140
21720	130
21721	141
21722	131
21723	131
21724	110
21725	126
21726	141
21727	122
21728	136
21729	134
21730	105
21731	110
21732	124
21733	132
21734	143
21735	134
21736	124
21737	132
21738	113
21739	141
21740	119
21741	140
21742	126
21743	127
21744	124
21745	121
21746	136
21747	125
21748	151
21749	133
21750	125
21751	135
21752	117
21753	151
21754	135
21755	126
21756	134
21757	123
21758	138
21759	120
21760	138
21761	120
21762	142
21763	132
21764	129
21765	109
21766	134
21767	122
21768	132
21769	131
21770	127
21771	117
21772	126
21773	141
21774	121
21775	147
21776	132
21777	130
21778	146
21779	110
21780	130
21781	104
21782	127
21783	117
21784	128
21785	123
21786	121
21787	126
21788	127
21789	135
21790	116
21791	120
21792	139
21793	108
21794	135
21795	121
21796	130
21797	147
21798	144
21799	124
21800	150
21801	135
21802	128
21803	133
21804	132
21805	128
21806	134
21807	127
21808	122
21809	134
21810	114
21811	134
21812	120
21813	121
21814	152
21815	107
21816	126
21817	133
21818	134
21819	128
21820	119
21821	138
21822	123
21823	120
21824	117
21825	125
21826	118
21827	142
21828	129
21829	122
21830	120
21831	146
21832	124
21833	157
21834	126
21835	132
21836	118
21837	108
21838	123
21839	113
21840	123
21841	153
21842	133
21843	119
21844	132
21845	130
21846	119
21847	124
21848	126
21849	131
21850	108
21851	134
21852	119
21853	140
21854	120
21855	135
21856	130
21857	131
21858	131
21859	120
21860	125
21861	120
21862	120
21863	132
21864	111
21865	146
21866	108
21867	113
21868	123
21869	108
21870	136
21871	123
21872	113
21873	149
21874	126
21875	130
21876	122
21877	133
21878	127
21879	138
21880	131
21881	112
21882	128
21883	121
21884	129
21885	118
21886	132
21887	125
21888	127
21889	106
21890	135
21891	117
21892	112
21893	124
21894	133
21895	135
21896	127
21897	110
21898	133
21899	127
21900	115
21901	140
21902	121
21903	124
21904	125
21905	128
21906	110
21907	108
21908	123
21909	137
21910	114
21911	130
21912	115
21913	109
21914	129
21915	132
21916	134
21917	150
21918	109
21919	123
21920	137
21921	128
21922	126
21923	122
21924	123
21925	134
21926	162
21927	96
21928	126
21929	142
21930	116
21931	103
21932	133
21933	133
21934	133
21935	135
21936	128
21937	111
21938	106
21939	122
21940	133
21941	118
21942	124
21943	136
21944	128
21945	109
21946	121
21947	123
21948	125
21949	122
21950	120
21951	135
21952	107
21953	115
21954	116
21955	125
21956	129
21957	125
21958	126
21959	121
21960	112
21961	115
21962	116
21963	107
21964	126
21965	133
21966	122
21967	118
21968	114
21969	127
21970	140
21971	113
21972	110
21973	120
21974	136
21975	127
21976	137
21977	119
21978	127
21979	140
21980	133
21981	112
21982	128
21983	150
21984	113
21985	137
21986	140
21987	132
21988	139
21989	142
21990	110
21991	115
21992	130
21993	139
21994	136
21995	106
21996	130
21997	142
21998	116
21999	121
22000	126
22001	118
22002	102
22003	126
22004	121
22005	115
22006	121
22007	118
22008	140
22009	121
22010	114
22011	110
22012	137
22013	115
22014	114
22015	119
22016	98
22017	123
22018	116
22019	127
22020	121
22021	109
22022	140
22023	125
22024	136
22025	125
22026	113
22027	115
22028	128
22029	121
22030	113
22031	113
22032	108
22033	127
22034	119
22035	128
22036	111
22037	120
22038	107
22039	132
22040	122
22041	95
22042	137
22043	114
22044	138
22045	123
22046	118
22047	112
22048	130
22049	119
22050	121
22051	130
22052	110
22053	119
22054	101
22055	116
22056	102
22057	103
22058	111
22059	118
22060	103
22061	126
22062	132
22063	143
22064	126
22065	138
22066	121
22067	129
22068	114
22069	116
22070	126
22071	119
22072	136
22073	111
22074	119
22075	123
22076	112
22077	124
22078	129
22079	143
22080	112
22081	135
22082	117
22083	95
22084	120
22085	100
22086	109
22087	112
22088	103
22089	114
22090	118
22091	111
22092	138
22093	121
22094	134
22095	121
22096	124
22097	108
22098	119
22099	115
22100	117
22101	111
22102	122
22103	118
22104	110
22105	124
22106	118
22107	119
22108	120
22109	132
22110	126
22111	116
22112	117
22113	124
22114	113
22115	133
22116	121
22117	134
22118	112
22119	119
22120	143
22121	104
22122	118
22123	131
22124	108
22125	127
22126	94
22127	94
22128	126
22129	126
22130	132
22131	133
22132	94
22133	112
22134	112
22135	129
22136	106
22137	123
22138	117
22139	120
22140	115
22141	104
22142	120
22143	108
22144	136
22145	138
22146	107
22147	113
22148	122
22149	111
22150	119
22151	132
22152	145
22153	99
22154	109
22155	122
22156	135
22157	127
22158	130
22159	115
22160	137
22161	132
22162	126
22163	129
22164	134
22165	128
22166	128
22167	125
22168	113
22169	116
22170	117
22171	131
22172	119
22173	122
22174	123
22175	98
22176	125
22177	134
22178	115
22179	110
22180	102
22181	117
22182	112
22183	119
22184	141
22185	107
22186	118
22187	116
22188	93
22189	117
22190	104
22191	106
22192	121
22193	122
22194	130
22195	124
22196	118
22197	107
22198	123
22199	119
22200	141
22201	120
22202	112
22203	118
22204	139
22205	98
22206	117
22207	137
22208	110
22209	109
22210	116
22211	113
22212	115
22213	109
22214	99
22215	128
22216	105
22217	135
22218	108
22219	107
22220	109
22221	99
22222	115
22223	116
22224	112
22225	105
22226	107
22227	109
22228	116
22229	143
22230	143
22231	112
22232	119
22233	112
22234	111
22235	124
22236	115
22237	116
22238	107
22239	141
22240	114
22241	114
22242	132
22243	106
22244	125
22245	127
22246	106
22247	112
22248	121
22249	103
22250	141
22251	91
22252	111
22253	145
22254	114
22255	112
22256	116
22257	95
22258	115
22259	135
22260	98
22261	121
22262	110
22263	106
22264	111
22265	115
22266	109
22267	102
22268	102
22269	93
22270	111
22271	113
22272	112
22273	113
22274	105
22275	121
22276	131
22277	117
22278	120
22279	122
22280	112
22281	126
22282	113
22283	128
22284	127
22285	117
22286	116
22287	127
22288	115
22289	105
22290	107
22291	142
22292	147
22293	137
22294	120
22295	138
22296	107
22297	121
22298	127
22299	107
22300	112
22301	125
22302	100
22303	111
22304	106
22305	121
22306	102
22307	122
22308	108
22309	115
22310	103
22311	116
22312	111
22313	117
22314	103
22315	123
22316	104
22317	108
22318	113
22319	133
22320	116
22321	116
22322	138
22323	110
22324	100
22325	95
22326	114
22327	117
22328	101
22329	120
22330	126
22331	118
22332	131
22333	109
22334	118
22335	121
22336	99
22337	129
22338	111
22339	130
22340	122
22341	83
22342	102
22343	112
22344	122
22345	123
22346	122
22347	125
22348	100
22349	131
22350	119
22351	106
22352	103
22353	114
22354	130
22355	109
22356	108
22357	105
22358	118
22359	126
22360	113
22361	123
22362	102
22363	104
22364	110
22365	101
22366	101
22367	111
22368	106
22369	96
22370	97
22371	95
22372	114
22373	91
22374	102
22375	128
22376	122
22377	94
22378	116
22379	97
22380	109
22381	103
22382	98
22383	131
22384	109
22385	106
22386	106
22387	98
22388	107
22389	94
22390	107
22391	114
22392	98
22393	110
22394	92
22395	117
22396	140
22397	106
22398	112
22399	115
22400	125
22401	105
22402	111
22403	111
22404	126
22405	136
22406	129
22407	101
22408	114
22409	127
22410	114
22411	126
22412	108
22413	116
22414	109
22415	125
22416	120
22417	103
22418	128
22419	106
22420	115
22421	103
22422	118
22423	104
22424	96
22425	100
22426	109
22427	101
22428	111
22429	115
22430	118
22431	119
22432	115
22433	102
22434	128
22435	110
22436	110
22437	117
22438	110
22439	92
22440	99
22441	121
22442	90
22443	105
22444	95
22445	96
22446	121
22447	110
22448	112
22449	108
22450	117
22451	126
22452	99
22453	121
22454	102
22455	108
22456	90
22457	127
22458	114
22459	127
22460	99
22461	130
22462	101
22463	110
22464	112
22465	107
22466	100
22467	112
22468	108
22469	103
22470	99
22471	125
22472	110
22473	117
22474	100
22475	130
22476	102
22477	119
22478	110
22479	123
22480	95
22481	97
22482	100
22483	96
22484	110
22485	114
22486	103
22487	100
22488	99
22489	91
22490	119
22491	116
22492	110
22493	97
22494	104
22495	117
22496	96
22497	115
22498	85
22499	127
22500	116
22501	104
22502	108
22503	115
22504	117
22505	114
22506	93
22507	119
22508	125
22509	105
22510	98
22511	113
22512	107
22513	127
22514	126
22515	118
22516	103
22517	102
22518	106
22519	114
22520	101
22521	102
22522	114
22523	105
22524	117
22525	102
22526	96
22527	114
22528	93
22529	103
22530	98
22531	94
22532	106
22533	97
22534	87
22535	93
22536	113
22537	119
22538	108
22539	119
22540	105
22541	105
22542	103
22543	108
22544	128
22545	114
22546	108
22547	121
22548	124
22549	121
22550	105
22551	101
22552	88
22553	115
22554	94
22555	101
22556	101
22557	104
22558	116
22559	106
22560	102
22561	88
22562	117
22563	105
22564	136
22565	130
22566	109
22567	104
22568	109
22569	111
22570	117
22571	110
22572	106
22573	108
22574	99
22575	101
22576	82
22577	100
22578	108
22579	106
22580	114
22581	118
22582	114
22583	140
22584	115
22585	105
22586	109
22587	99
22588	115
22589	108
22590	116
22591	103
22592	88
22593	87
22594	105
22595	99
22596	125
22597	111
22598	104
22599	102
22600	95
22601	109
22602	133
22603	108
22604	87
22605	102
22606	108
22607	95
22608	110
22609	102
22610	91
22611	101
22612	100
22613	118
22614	104
22615	110
22616	100
22617	70
22618	105
22619	85
22620	113
22621	96
22622	104
22623	98
22624	98
22625	97
22626	106
22627	101
22628	105
22629	109
22630	138
22631	113
22632	106
22633	108
22634	114
22635	105
22636	99
22637	115
22638	110
22639	113
22640	96
22641	100
22642	100
22643	105
22644	115
22645	108
22646	114
22647	95
22648	114
22649	116
22650	108
22651	117
22652	111
22653	106
22654	130
22655	112
22656	100
22657	94
22658	112
22659	90
22660	120
22661	102
22662	112
22663	111
22664	113
22665	103
22666	106
22667	97
22668	98
22669	107
22670	92
22671	86
22672	98
22673	114
22674	93
22675	111
22676	115
22677	109
22678	82
22679	110
22680	93
22681	108
22682	108
22683	103
22684	105
22685	113
22686	100
22687	109
22688	104
22689	100
22690	104
22691	107
22692	98
22693	109
22694	107
22695	111
22696	120
22697	104
22698	98
22699	116
22700	119
22701	115
22702	112
22703	91
22704	101
22705	113
22706	106
22707	101
22708	101
22709	100
22710	111
22711	95
22712	90
22713	96
22714	92
22715	107
22716	106
22717	109
22718	103
22719	105
22720	115
22721	118
22722	119
22723	103
22724	93
22725	104
22726	104
22727	97
22728	93
22729	117
22730	95
22731	100
22732	103
22733	94
22734	127
22735	101
22736	102
22737	104
22738	93
22739	109
22740	90
22741	104
22742	115
22743	91
22744	100
22745	96
22746	113
22747	90
22748	92
22749	95
22750	115
22751	83
22752	104
22753	109
22754	110
22755	105
22756	125
22757	108
22758	87
22759	96
22760	94
22761	104
22762	120
22763	105
22764	99
22765	93
22766	87
22767	89
22768	100
22769	101
22770	103
22771	101
22772	93
22773	97
22774	86
22775	99
22776	93
22777	102
22778	95
22779	92
22780	120
22781	108
22782	115
22783	87
22784	100
22785	94
22786	94
22787	115
22788	103
22789	106
22790	85
22791	89
22792	110
22793	99
22794	108
22795	125
22796	112
22797	107
22798	94
22799	108
22800	81
22801	105
22802	97
22803	106
22804	107
22805	97
22806	114
22807	103
22808	100
22809	109
22810	107
22811	101
22812	119
22813	101
22814	83
22815	100
22816	100
22817	104
22818	93
22819	97
22820	95
22821	77
22822	107
22823	85
22824	98
22825	99
22826	100
22827	78
22828	99
22829	104
22830	77
22831	90
22832	101
22833	108
22834	99
22835	92
22836	91
22837	99
22838	104
22839	84
22840	103
22841	96
22842	112
22843	77
22844	110
22845	100
22846	97
22847	80
22848	99
22849	101
22850	111
22851	112
22852	91
22853	116
22854	101
22855	95
22856	95
22857	81
22858	108
22859	91
22860	109
22861	99
22862	89
22863	97
22864	97
22865	94
22866	110
22867	100
22868	102
22869	107
22870	103
22871	109
22872	99
22873	122
22874	99
22875	93
22876	91
22877	106
22878	94
22879	136
22880	96
22881	124
22882	91
22883	104
22884	93
22885	97
22886	102
22887	94
22888	116
22889	84
22890	107
22891	101
22892	78
22893	104
22894	86
22895	114
22896	90
22897	95
22898	84
22899	84
22900	83
22901	94
22902	89
22903	115
22904	112
22905	81
22906	123
22907	90
22908	111
22909	101
22910	112
22911	106
22912	104
22913	87
22914	109
22915	91
22916	104
22917	88
22918	104
22919	109
22920	115
22921	94
22922	97
22923	104
22924	98
22925	96
22926	90
22927	101
22928	85
22929	99
22930	100
22931	114
22932	83
22933	81
22934	104
22935	101
22936	85
22937	100
22938	84
22939	114
22940	115
22941	114
22942	105
22943	111
22944	97
22945	121
22946	95
22947	104
22948	108
22949	95
22950	90
22951	84
22952	100
22953	96
22954	91
22955	116
22956	104
22957	114
22958	102
22959	82
22960	105
22961	87
22962	90
22963	90
22964	111
22965	96
22966	87
22967	117
22968	93
22969	105
22970	103
22971	87
22972	94
22973	91
22974	89
22975	116
22976	97
22977	107
22978	99
22979	93
22980	106
22981	90
22982	108
22983	101
22984	90
22985	93
22986	101
22987	100
22988	99
22989	98
22990	98
22991	105
22992	84
22993	87
22994	107
22995	91
22996	96
22997	109
22998	85
22999	97
23000	94
23001	106
23002	92
23003	91
23004	105
23005	87
23006	93
23007	101
23008	96
23009	95
23010	96
23011	77
23012	89
23013	75
23014	108
23015	92
23016	88
23017	91
23018	98
23019	89
23020	94
23021	82
23022	96
23023	102
23024	94
23025	110
23026	89
23027	95
23028	96
23029	101
23030	87
23031	92
23032	75
23033	93
23034	101
23035	73
23036	98
23037	116
23038	99
23039	92
23040	99
23041	78
23042	88
23043	100
23044	95
23045	100
23046	100
23047	90
23048	99
23049	86
23050	95
23051	92
23052	82
23053	91
23054	72
23055	102
23056	89
23057	80
23058	86
23059	71
23060	96
23061	86
23062	77
23063	99
23064	92
23065	91
23066	110
23067	102
23068	91
23069	69
23070	67
23071	107
23072	87
23073	87
23074	85
23075	91
23076	97
23077	87
23078	116
23079	95
23080	83
23081	91
23082	94
23083	90
23084	63
23085	87
23086	91
23087	87
23088	92
23089	105
23090	97
23091	98
23092	72
23093	101
23094	106
23095	97
23096	83
23097	104
23098	101
23099	105
23100	90
23101	104
23102	90
23103	100
23104	85
23105	93
23106	91
23107	96
23108	91
23109	74
23110	100
23111	98
23112	89
23113	105
23114	88
23115	75
23116	93
23117	75
23118	101
23119	90
23120	85
23121	97
23122	93
23123	87
23124	96
23125	105
23126	70
23127	97
23128	89
23129	113
23130	85
23131	86
23132	94
23133	77
23134	96
23135	97
23136	72
23137	91
23138	79
23139	81
23140	85
23141	90
23142	87
23143	86
23144	106
23145	92
23146	96
23147	87
23148	99
23149	99
23150	105
23151	87
23152	85
23153	81
23154	83
23155	90
23156	81
23157	96
23158	100
23159	97
23160	101
23161	79
23162	91
23163	96
23164	95
23165	84
23166	86
23167	96
23168	94
23169	100
23170	87
23171	83
23172	80
23173	104
23174	82
23175	101
23176	98
23177	96
23178	93
23179	97
23180	99
23181	88
23182	92
23183	95
23184	96
23185	78
23186	91
23187	89
23188	76
23189	84
23190	89
23191	86
23192	84
23193	100
23194	99
23195	104
23196	113
23197	80
23198	83
23199	79
23200	85
23201	85
23202	108
23203	98
23204	98
23205	86
23206	87
23207	103
23208	84
23209	95
23210	92
23211	92
23212	87
23213	88
23214	87
23215	89
23216	94
23217	96
23218	83
23219	89
23220	97
23221	87
23222	86
23223	92
23224	95
23225	92
23226	94
23227	99
23228	74
23229	80
23230	86
23231	86
23232	92
23233	87
23234	83
23235	101
23236	84
23237	82
23238	78
23239	98
23240	92
23241	85
23242	95
23243	95
23244	97
23245	97
23246	86
23247	87
23248	90
23249	83
23250	108
23251	95
23252	92
23253	97
23254	76
23255	96
23256	88
23257	79
23258	76
23259	94
23260	105
23261	87
23262	87
23263	90
23264	87
23265	90
23266	96
23267	79
23268	94
23269	90
23270	76
23271	82
23272	86
23273	84
23274	81
23275	77
23276	105
23277	93
23278	86
23279	93
23280	80
23281	108
23282	85
23283	93
23284	93
23285	76
23286	105
23287	102
23288	94
23289	90
23290	92
23291	96
23292	85
23293	95
23294	85
23295	75
23296	76
23297	87
23298	93
23299	82
23300	86
23301	93
23302	88
23303	85
23304	83
23305	99
23306	85
23307	91
23308	88
23309	84
23310	87
23311	77
23312	111
23313	95
23314	92
23315	87
23316	96
23317	75
23318	75
23319	87
23320	75
23321	89
23322	76
23323	88
23324	83
23325	90
23326	78
23327	87
23328	79
23329	92
23330	88
23331	93
23332	97
23333	104
23334	89
23335	97
23336	80
23337	90
23338	94
23339	96
23340	93
23341	106
23342	75
23343	93
23344	88
23345	76
23346	95
23347	73
23348	75
23349	86
23350	76
23351	80
23352	96
23353	81
23354	105
23355	90
23356	96
23357	81
23358	80
23359	93
23360	89
23361	84
23362	83
23363	83
23364	90
23365	81
23366	81
23367	94
23368	71
23369	77
23370	95
23371	88
23372	84
23373	79
23374	71
23375	98
23376	80
23377	91
23378	83
23379	68
23380	63
23381	86
23382	81
23383	83
23384	85
23385	83
23386	73
23387	67
23388	66
23389	60
23390	82
23391	85
23392	79
23393	92
23394	85
23395	79
23396	85
23397	94
23398	83
23399	87
23400	79
23401	83
23402	83
23403	99
23404	82
23405	84
23406	83
23407	89
23408	88
23409	77
23410	75
23411	87
23412	85
23413	90
23414	111
23415	94
23416	76
23417	96
23418	104
23419	97
23420	83
23421	70
23422	64
23423	72
23424	86
23425	83
23426	68
23427	78
23428	98
23429	104
23430	94
23431	76
23432	67
23433	95
23434	85
23435	86
23436	76
23437	92
23438	70
23439	82
23440	76
23441	77
23442	77
23443	73
23444	70
23445	62
23446	76
23447	77
23448	74
23449	84
23450	88
23451	94
23452	77
23453	81
23454	62
23455	82
23456	91
23457	72
23458	94
23459	87
23460	88
23461	59
23462	83
23463	95
23464	95
23465	79
23466	97
23467	77
23468	98
23469	84
23470	78
23471	80
23472	77
23473	87
23474	87
23475	80
23476	79
23477	81
23478	85
23479	97
23480	87
23481	76
23482	91
23483	95
23484	81
23485	80
23486	75
23487	88
23488	93
23489	91
23490	66
23491	93
23492	87
23493	100
23494	70
23495	85
23496	72
23497	97
23498	70
23499	66
23500	77
23501	80
23502	78
23503	64
23504	89
23505	80
23506	93
23507	70
23508	84
23509	83
23510	82
23511	103
23512	73
23513	72
23514	91
23515	81
23516	82
23517	81
23518	75
23519	99
23520	90
23521	78
23522	90
23523	75
23524	69
23525	85
23526	82
23527	82
23528	83
23529	91
23530	90
23531	96
23532	96
23533	86
23534	80
23535	71
23536	80
23537	73
23538	75
23539	77
23540	59
23541	68
23542	86
23543	79
23544	85
23545	86
23546	70
23547	79
23548	76
23549	84
23550	83
23551	94
23552	59
23553	76
23554	80
23555	81
23556	78
23557	82
23558	71
23559	67
23560	74
23561	85
23562	79
23563	69
23564	80
23565	87
23566	69
23567	94
23568	77
23569	74
23570	85
23571	96
23572	84
23573	71
23574	80
23575	71
23576	78
23577	66
23578	81
23579	76
23580	83
23581	90
23582	84
23583	81
23584	82
23585	71
23586	89
23587	85
23588	73
23589	70
23590	87
23591	96
23592	65
23593	89
23594	77
23595	90
23596	74
23597	59
23598	92
23599	83
23600	68
23601	79
23602	82
23603	91
23604	80
23605	62
23606	86
23607	72
23608	82
23609	76
23610	74
23611	65
23612	76
23613	80
23614	92
23615	70
23616	69
23617	94
23618	83
23619	94
23620	78
23621	86
23622	78
23623	80
23624	69
23625	83
23626	67
23627	87
23628	91
23629	93
23630	82
23631	80
23632	68
23633	81
23634	67
23635	62
23636	83
23637	69
23638	75
23639	73
23640	68
23641	77
23642	73
23643	82
23644	93
23645	72
23646	62
23647	71
23648	74
23649	63
23650	72
23651	63
23652	76
23653	98
23654	69
23655	84
23656	78
23657	85
23658	83
23659	96
23660	97
23661	75
23662	86
23663	73
23664	73
23665	99
23666	84
23667	65
23668	77
23669	80
23670	79
23671	71
23672	75
23673	81
23674	73
23675	76
23676	61
23677	71
23678	77
23679	78
23680	63
23681	75
23682	89
23683	74
23684	63
23685	80
23686	79
23687	79
23688	80
23689	87
23690	79
23691	80
23692	89
23693	67
23694	57
23695	85
23696	72
23697	77
23698	70
23699	74
23700	79
23701	76
23702	69
23703	85
23704	71
23705	78
23706	82
23707	83
23708	82
23709	61
23710	94
23711	64
23712	87
23713	60
23714	65
23715	66
23716	80
23717	95
23718	79
23719	79
23720	78
23721	78
23722	90
23723	71
23724	73
23725	69
23726	73
23727	82
23728	91
23729	81
23730	77
23731	75
23732	83
23733	73
23734	76
23735	81
23736	62
23737	89
23738	64
23739	100
23740	80
23741	67
23742	83
23743	75
23744	76
23745	83
23746	78
23747	83
23748	75
23749	85
23750	72
23751	84
23752	85
23753	76
23754	97
23755	77
23756	63
23757	67
23758	77
23759	70
23760	69
23761	82
23762	73
23763	81
23764	60
23765	87
23766	82
23767	64
23768	62
23769	72
23770	75
23771	57
23772	92
23773	76
23774	69
23775	82
23776	81
23777	92
23778	68
23779	68
23780	69
23781	82
23782	87
23783	82
23784	67
23785	78
23786	71
23787	85
23788	90
23789	66
23790	72
23791	80
23792	72
23793	80
23794	72
23795	70
23796	69
23797	68
23798	72
23799	74
23800	64
23801	77
23802	66
23803	80
23804	76
23805	64
23806	87
23807	82
23808	73
23809	86
23810	61
23811	63
23812	61
23813	60
23814	67
23815	70
23816	74
23817	85
23818	82
23819	72
23820	60
23821	79
23822	80
23823	93
23824	71
23825	72
23826	63
23827	82
23828	82
23829	82
23830	64
23831	69
23832	59
23833	91
23834	70
23835	74
23836	96
23837	69
23838	81
23839	67
23840	80
23841	70
23842	87
23843	87
23844	76
23845	74
23846	71
23847	70
23848	77
23849	73
23850	66
23851	80
23852	65
23853	71
23854	75
23855	51
23856	63
23857	73
23858	76
23859	79
23860	78
23861	77
23862	77
23863	74
23864	74
23865	67
23866	79
23867	93
23868	70
23869	58
23870	94
23871	89
23872	70
23873	64
23874	77
23875	89
23876	81
23877	83
23878	70
23879	66
23880	57
23881	91
23882	80
23883	68
23884	79
23885	82
23886	77
23887	63
23888	66
23889	79
23890	75
23891	66
23892	97
23893	81
23894	90
23895	66
23896	73
23897	70
23898	71
23899	77
23900	68
23901	82
23902	90
23903	69
23904	67
23905	76
23906	59
23907	73
23908	85
23909	84
23910	77
23911	84
23912	73
23913	70
23914	84
23915	70
23916	77
23917	61
23918	62
23919	75
23920	73
23921	63
23922	67
23923	76
23924	62
23925	75
23926	73
23927	68
23928	72
23929	80
23930	59
23931	85
23932	67
23933	72
23934	78
23935	75
23936	64
23937	73
23938	76
23939	64
23940	69
23941	74
23942	64
23943	74
23944	66
23945	75
23946	66
23947	81
23948	58
23949	78
23950	76
23951	80
23952	83
23953	78
23954	69
23955	55
23956	64
23957	81
23958	68
23959	53
23960	76
23961	86
23962	70
23963	75
23964	81
23965	70
23966	74
23967	71
23968	54
23969	78
23970	63
23971	64
23972	70
23973	72
23974	82
23975	55
23976	87
23977	71
23978	59
23979	90
23980	69
23981	64
23982	74
23983	71
23984	76
23985	61
23986	83
23987	59
23988	67
23989	73
23990	62
23991	80
23992	71
23993	82
23994	54
23995	76
23996	57
23997	67
23998	56
23999	84
24000	70
24001	75
24002	83
24003	65
24004	73
24005	67
24006	60
24007	88
24008	81
24009	77
24010	78
24011	78
24012	62
24013	75
24014	69
24015	64
24016	81
24017	66
24018	69
24019	72
24020	62
24021	77
24022	76
24023	53
24024	66
24025	63
24026	72
24027	61
24028	88
24029	66
24030	51
24031	69
24032	64
24033	70
24034	69
24035	66
24036	64
24037	88
24038	70
24039	62
24040	74
24041	74
24042	74
24043	54
24044	60
24045	59
24046	74
24047	73
24048	70
24049	62
24050	68
24051	72
24052	79
24053	51
24054	65
24055	76
24056	64
24057	75
24058	67
24059	83
24060	58
24061	79
24062	66
24063	68
24064	76
24065	80
24066	68
24067	65
24068	80
24069	71
24070	67
24071	66
24072	65
24073	81
24074	74
24075	62
24076	83
24077	73
24078	66
24079	57
24080	57
24081	78
24082	60
24083	84
24084	81
24085	62
24086	71
24087	68
24088	74
24089	71
24090	59
24091	43
24092	77
24093	63
24094	64
24095	68
24096	64
24097	78
24098	60
24099	66
24100	81
24101	76
24102	73
24103	70
24104	59
24105	80
24106	67
24107	79
24108	72
24109	75
24110	70
24111	70
24112	70
24113	46
24114	68
24115	47
24116	68
24117	61
24118	79
24119	74
24120	77
24121	65
24122	90
24123	76
24124	57
24125	72
24126	65
24127	68
24128	80
24129	58
24130	59
24131	75
24132	73
24133	61
24134	62
24135	68
24136	76
24137	71
24138	80
24139	66
24140	73
24141	69
24142	60
24143	65
24144	67
24145	71
24146	74
24147	77
24148	64
24149	71
24150	65
24151	64
24152	65
24153	82
24154	70
24155	63
24156	65
24157	62
24158	74
24159	55
24160	59
24161	61
24162	76
24163	67
24164	71
24165	61
24166	76
24167	80
24168	74
24169	75
24170	63
24171	79
24172	75
24173	67
24174	70
24175	68
24176	79
24177	77
24178	76
24179	73
24180	70
24181	66
24182	63
24183	59
24184	90
24185	77
24186	58
24187	68
24188	75
24189	57
24190	78
24191	69
24192	63
24193	63
24194	70
24195	53
24196	79
24197	61
24198	63
24199	59
24200	71
24201	53
24202	72
24203	71
24204	57
24205	67
24206	59
24207	66
24208	78
24209	76
24210	57
24211	66
24212	70
24213	63
24214	72
24215	77
24216	72
24217	71
24218	60
24219	67
24220	62
24221	61
24222	60
24223	78
24224	62
24225	63
24226	73
24227	77
24228	65
24229	59
24230	66
24231	57
24232	45
24233	61
24234	63
24235	81
24236	64
24237	65
24238	72
24239	62
24240	64
24241	67
24242	64
24243	62
24244	72
24245	70
24246	71
24247	68
24248	59
24249	76
24250	67
24251	64
24252	62
24253	64
24254	78
24255	66
24256	55
24257	55
24258	67
24259	69
24260	71
24261	65
24262	62
24263	57
24264	69
24265	57
24266	69
24267	79
24268	61
24269	56
24270	58
24271	57
24272	83
24273	63
24274	75
24275	70
24276	59
24277	57
24278	67
24279	52
24280	58
24281	58
24282	58
24283	56
24284	69
24285	69
24286	60
24287	63
24288	70
24289	66
24290	79
24291	61
24292	69
24293	58
24294	74
24295	55
24296	56
24297	60
24298	55
24299	69
24300	64
24301	54
24302	55
24303	57
24304	58
24305	55
24306	63
24307	62
24308	78
24309	56
24310	59
24311	74
24312	59
24313	67
24314	79
24315	78
24316	69
24317	63
24318	67
24319	57
24320	67
24321	46
24322	60
24323	66
24324	66
24325	54
24326	58
24327	66
24328	56
24329	65
24330	73
24331	64
24332	64
24333	61
24334	64
24335	83
24336	68
24337	63
24338	65
24339	80
24340	66
24341	61
24342	65
24343	71
24344	63
24345	64
24346	77
24347	61
24348	63
24349	58
24350	65
24351	57
24352	58
24353	67
24354	55
24355	53
24356	63
24357	65
24358	68
24359	78
24360	60
24361	64
24362	70
24363	69
24364	33
24365	68
24366	67
24367	69
24368	54
24369	70
24370	50
24371	67
24372	71
24373	70
24374	62
24375	63
24376	65
24377	67
24378	56
24379	63
24380	75
24381	57
24382	63
24383	65
24384	56
24385	53
24386	59
24387	60
24388	51
24389	61
24390	56
24391	67
24392	77
24393	59
24394	59
24395	69
24396	88
24397	59
24398	77
24399	60
24400	73
24401	57
24402	64
24403	62
24404	68
24405	56
24406	70
24407	64
24408	59
24409	59
24410	64
24411	78
24412	61
24413	44
24414	61
24415	54
24416	72
24417	68
24418	57
24419	62
24420	54
24421	67
24422	62
24423	53
24424	61
24425	57
24426	58
24427	58
24428	81
24429	71
24430	79
24431	66
24432	53
24433	72
24434	59
24435	54
24436	77
24437	52
24438	63
24439	55
24440	57
24441	55
24442	65
24443	62
24444	46
24445	55
24446	46
24447	67
24448	65
24449	66
24450	69
24451	75
24452	51
24453	56
24454	78
24455	54
24456	71
24457	72
24458	57
24459	72
24460	72
24461	68
24462	65
24463	79
24464	60
24465	61
24466	82
24467	50
24468	52
24469	61
24470	78
24471	58
24472	55
24473	67
24474	59
24475	69
24476	67
24477	57
24478	55
24479	64
24480	54
24481	59
24482	51
24483	57
24484	52
24485	69
24486	76
24487	64
24488	62
24489	51
24490	58
24491	47
24492	68
24493	65
24494	70
24495	56
24496	52
24497	52
24498	60
24499	76
24500	66
24501	67
24502	57
24503	70
24504	68
24505	57
24506	55
24507	47
24508	38
24509	56
24510	74
24511	63
24512	56
24513	69
24514	55
24515	72
24516	68
24517	72
24518	73
24519	69
24520	57
24521	50
24522	54
24523	50
24524	70
24525	61
24526	68
24527	50
24528	71
24529	82
24530	72
24531	46
24532	65
24533	59
24534	59
24535	57
24536	64
24537	64
24538	56
24539	59
24540	60
24541	57
24542	60
24543	64
24544	50
24545	59
24546	58
24547	54
24548	58
24549	56
24550	73
24551	71
24552	54
24553	50
24554	61
24555	53
24556	58
24557	62
24558	57
24559	54
24560	64
24561	43
24562	56
24563	51
24564	62
24565	51
24566	77
24567	64
24568	55
24569	60
24570	62
24571	56
24572	59
24573	51
24574	51
24575	51
24576	54
24577	59
24578	61
24579	63
24580	70
24581	57
24582	68
24583	54
24584	81
24585	63
24586	62
24587	53
24588	53
24589	58
24590	57
24591	58
24592	64
24593	59
24594	63
24595	56
24596	64
24597	60
24598	64
24599	51
24600	50
24601	74
24602	51
24603	55
24604	69
24605	62
24606	61
24607	50
24608	57
24609	56
24610	49
24611	47
24612	58
24613	52
24614	48
24615	60
24616	60
24617	54
24618	62
24619	46
24620	47
24621	55
24622	48
24623	59
24624	62
24625	55
24626	44
24627	55
24628	43
24629	59
24630	67
24631	57
24632	62
24633	56
24634	58
24635	48
24636	60
24637	69
24638	55
24639	54
24640	65
24641	65
24642	56
24643	58
24644	61
24645	59
24646	59
24647	49
24648	51
24649	60
24650	56
24651	55
24652	59
24653	52
24654	68
24655	54
24656	46
24657	59
24658	69
24659	61
24660	65
24661	68
24662	72
24663	63
24664	65
24665	58
24666	54
24667	60
24668	68
24669	61
24670	62
24671	64
24672	52
24673	56
24674	48
24675	56
24676	55
24677	43
24678	64
24679	43
24680	42
24681	56
24682	48
24683	59
24684	55
24685	53
24686	56
24687	56
24688	64
24689	61
24690	59
24691	47
24692	53
24693	58
24694	58
24695	61
24696	65
24697	44
24698	54
24699	45
24700	49
24701	55
24702	59
24703	66
24704	47
24705	46
24706	54
24707	62
24708	30
24709	47
24710	54
24711	50
24712	59
24713	53
24714	61
24715	57
24716	65
24717	76
24718	48
24719	60
24720	54
24721	62
24722	57
24723	47
24724	53
24725	65
24726	53
24727	52
24728	68
24729	43
24730	51
24731	52
24732	52
24733	56
24734	48
24735	71
24736	56
24737	40
24738	54
24739	63
24740	74
24741	56
24742	51
24743	47
24744	44
24745	61
24746	50
24747	51
24748	55
24749	57
24750	62
24751	34
24752	62
24753	54
24754	61
24755	48
24756	59
24757	83
24758	67
24759	60
24760	60
24761	50
24762	59
24763	64
24764	59
24765	56
24766	64
24767	46
24768	58
24769	50
24770	54
24771	50
24772	67
24773	50
24774	62
24775	49
24776	60
24777	59
24778	58
24779	53
24780	49
24781	49
24782	58
24783	50
24784	60
24785	52
24786	61
24787	60
24788	44
24789	72
24790	57
24791	57
24792	57
24793	55
24794	43
24795	49
24796	55
24797	53
24798	57
24799	52
24800	56
24801	60
24802	59
24803	39
24804	51
24805	52
24806	62
24807	64
24808	55
24809	68
24810	51
24811	42
24812	74
24813	56
24814	48
24815	50
24816	66
24817	64
24818	60
24819	55
24820	60
24821	56
24822	59
24823	62
24824	45
24825	53
24826	45
24827	49
24828	45
24829	46
24830	53
24831	65
24832	49
24833	55
24834	55
24835	61
24836	63
24837	65
24838	41
24839	63
24840	47
24841	46
24842	65
24843	53
24844	53
24845	58
24846	51
24847	49
24848	53
24849	59
24850	46
24851	62
24852	59
24853	64
24854	61
24855	55
24856	61
24857	68
24858	53
24859	56
24860	57
24861	51
24862	59
24863	58
24864	61
24865	59
24866	68
24867	63
24868	48
24869	48
24870	57
24871	50
24872	54
24873	61
24874	45
24875	56
24876	53
24877	52
24878	56
24879	60
24880	50
24881	42
24882	60
24883	39
24884	64
24885	52
24886	66
24887	60
24888	55
24889	55
24890	52
24891	56
24892	52
24893	52
24894	47
24895	60
24896	50
24897	43
24898	64
24899	46
24900	61
24901	62
24902	54
24903	42
24904	54
24905	43
24906	53
24907	43
24908	51
24909	58
24910	57
24911	45
24912	60
24913	59
24914	57
24915	46
24916	48
24917	29
24918	59
24919	47
24920	55
24921	49
24922	49
24923	43
24924	59
24925	53
24926	63
24927	62
24928	59
24929	54
24930	45
24931	49
24932	42
24933	48
24934	58
24935	45
24936	43
24937	57
24938	36
24939	42
24940	53
24941	51
24942	38
24943	55
24944	56
24945	62
24946	55
24947	54
24948	59
24949	49
24950	41
24951	57
24952	44
24953	51
24954	56
24955	57
24956	44
24957	50
24958	48
24959	64
24960	70
24961	62
24962	64
24963	40
24964	49
24965	54
24966	50
24967	59
24968	53
24969	47
24970	52
24971	43
24972	45
24973	52
24974	44
24975	51
24976	70
24977	50
24978	44
24979	46
24980	36
24981	53
24982	44
24983	50
24984	49
24985	36
24986	39
24987	40
24988	57
24989	69
24990	54
24991	60
24992	44
24993	48
24994	49
24995	49
24996	57
24997	51
24998	44
24999	54
25000	58
25001	40
25002	48
25003	74
25004	48
25005	48
25006	54
25007	50
25008	58
25009	48
25010	34
25011	54
25012	38
25013	57
25014	54
25015	43
25016	55
25017	44
25018	50
25019	43
25020	48
25021	46
25022	48
25023	40
25024	53
25025	68
25026	53
25027	62
25028	41
25029	52
25030	59
25031	45
25032	58
25033	58
25034	47
25035	49
25036	39
25037	66
25038	56
25039	38
25040	48
25041	56
25042	45
25043	48
25044	57
25045	37
25046	55
25047	64
25048	46
25049	48
25050	58
25051	45
25052	46
25053	42
25054	61
25055	48
25056	41
25057	55
25058	52
25059	50
25060	50
25061	46
25062	51
25063	55
25064	62
25065	49
25066	56
25067	44
25068	55
25069	58
25070	52
25071	52
25072	52
25073	43
25074	54
25075	44
25076	61
25077	52
25078	42
25079	49
25080	62
25081	50
25082	51
25083	47
25084	55
25085	56
25086	59
25087	61
25088	38
25089	39
25090	40
25091	44
25092	57
25093	31
25094	66
25095	53
25096	56
25097	59
25098	47
25099	48
25100	51
25101	48
25102	42
25103	49
25104	47
25105	45
25106	37
25107	61
25108	33
25109	47
25110	49
25111	67
25112	40
25113	46
25114	47
25115	58
25116	41
25117	56
25118	63
25119	44
25120	45
25121	38
25122	50
25123	47
25124	53
25125	47
25126	51
25127	45
25128	42
25129	51
25130	58
25131	47
25132	61
25133	35
25134	44
25135	41
25136	46
25137	47
25138	62
25139	41
25140	57
25141	53
25142	39
25143	44
25144	38
25145	49
25146	56
25147	54
25148	45
25149	47
25150	40
25151	61
25152	38
25153	48
25154	58
25155	50
25156	43
25157	43
25158	65
25159	45
25160	40
25161	52
25162	42
25163	50
25164	51
25165	47
25166	46
25167	49
25168	42
25169	55
25170	45
25171	39
25172	40
25173	50
25174	45
25175	56
25176	45
25177	41
25178	39
25179	66
25180	51
25181	48
25182	54
25183	54
25184	53
25185	46
25186	54
25187	38
25188	52
25189	63
25190	40
25191	48
25192	48
25193	49
25194	45
25195	33
25196	60
25197	49
25198	46
25199	47
25200	45
25201	48
25202	42
25203	41
25204	57
25205	51
25206	53
25207	56
25208	53
25209	42
25210	47
25211	61
25212	58
25213	53
25214	45
25215	47
25216	49
25217	35
25218	54
25219	48
25220	54
25221	49
25222	46
25223	73
25224	47
25225	46
25226	50
25227	44
25228	40
25229	55
25230	55
25231	43
25232	35
25233	42
25234	45
25235	48
25236	41
25237	42
25238	55
25239	51
25240	45
25241	46
25242	49
25243	59
25244	46
25245	50
25246	48
25247	46
25248	45
25249	55
25250	58
25251	54
25252	41
25253	54
25254	43
25255	41
25256	36
25257	47
25258	63
25259	50
25260	53
25261	35
25262	52
25263	41
25264	50
25265	46
25266	43
25267	39
25268	46
25269	55
25270	58
25271	51
25272	45
25273	40
25274	44
25275	51
25276	36
25277	54
25278	47
25279	54
25280	53
25281	38
25282	45
25283	46
25284	55
25285	47
25286	58
25287	35
25288	38
25289	45
25290	48
25291	44
25292	46
25293	46
25294	46
25295	47
25296	44
25297	48
25298	50
25299	36
25300	41
25301	49
25302	39
25303	57
25304	39
25305	50
25306	34
25307	50
25308	51
25309	53
25310	42
25311	55
25312	41
25313	52
25314	52
25315	45
25316	34
25317	52
25318	37
25319	34
25320	41
25321	51
25322	37
25323	49
25324	49
25325	42
25326	43
25327	63
25328	48
25329	45
25330	33
25331	42
25332	43
25333	52
25334	53
25335	48
25336	52
25337	53
25338	41
25339	45
25340	46
25341	55
25342	41
25343	40
25344	49
25345	44
25346	32
25347	48
25348	55
25349	41
25350	39
25351	50
25352	40
25353	46
25354	47
25355	47
25356	37
25357	44
25358	46
25359	48
25360	47
25361	42
25362	53
25363	50
25364	36
25365	49
25366	52
25367	37
25368	50
25369	44
25370	38
25371	46
25372	43
25373	45
25374	47
25375	44
25376	30
25377	37
25378	54
25379	57
25380	45
25381	50
25382	55
25383	44
25384	52
25385	44
25386	51
25387	37
25388	39
25389	44
25390	41
25391	43
25392	58
25393	34
25394	46
25395	38
25396	56
25397	41
25398	55
25399	53
25400	46
25401	46
25402	51
25403	41
25404	57
25405	43
25406	42
25407	49
25408	37
25409	38
25410	44
25411	55
25412	33
25413	41
25414	43
25415	43
25416	42
25417	45
25418	43
25419	51
25420	41
25421	42
25422	50
25423	49
25424	44
25425	48
25426	36
25427	51
25428	56
25429	50
25430	46
25431	46
25432	39
25433	42
25434	54
25435	41
25436	40
25437	41
25438	52
25439	45
25440	48
25441	48
25442	38
25443	43
25444	36
25445	45
25446	40
25447	42
25448	50
25449	54
25450	51
25451	39
25452	41
25453	43
25454	34
25455	28
25456	55
25457	47
25458	42
25459	44
25460	41
25461	57
25462	40
25463	41
25464	44
25465	49
25466	43
25467	39
25468	48
25469	43
25470	52
25471	46
25472	42
25473	44
25474	47
25475	39
25476	40
25477	42
25478	51
25479	50
25480	50
25481	34
25482	37
25483	38
25484	44
25485	40
25486	48
25487	53
25488	54
25489	47
25490	47
25491	58
25492	35
25493	43
25494	38
25495	35
25496	42
25497	46
25498	35
25499	47
25500	49
25501	50
25502	42
25503	43
25504	52
25505	31
25506	44
25507	49
25508	44
25509	44
25510	45
25511	44
25512	35
25513	47
25514	47
25515	54
25516	48
25517	38
25518	40
25519	42
25520	46
25521	38
25522	39
25523	40
25524	44
25525	41
25526	44
25527	46
25528	43
25529	46
25530	43
25531	51
25532	42
25533	47
25534	38
25535	29
25536	44
25537	48
25538	48
25539	44
25540	43
25541	47
25542	45
25543	42
25544	48
25545	55
25546	53
25547	48
25548	33
25549	42
25550	41
25551	36
25552	45
25553	30
25554	37
25555	45
25556	39
25557	34
25558	39
25559	48
25560	56
25561	44
25562	41
25563	41
25564	38
25565	45
25566	36
25567	40
25568	35
25569	45
25570	37
25571	35
25572	58
25573	62
25574	50
25575	45
25576	51
25577	44
25578	44
25579	47
25580	41
25581	37
25582	43
25583	26
25584	44
25585	39
25586	43
25587	40
25588	50
25589	51
25590	51
25591	44
25592	44
25593	51
25594	46
25595	52
25596	34
25597	46
25598	44
25599	50
25600	51
25601	46
25602	51
25603	43
25604	43
25605	55
25606	49
25607	50
25608	32
25609	46
25610	41
25611	29
25612	47
25613	47
25614	35
25615	37
25616	45
25617	38
25618	41
25619	29
25620	47
25621	36
25622	41
25623	46
25624	46
25625	55
25626	50
25627	47
25628	50
25629	47
25630	37
25631	34
25632	46
25633	37
25634	40
25635	35
25636	35
25637	38
25638	42
25639	31
25640	50
25641	44
25642	35
25643	35
25644	39
25645	43
25646	48
25647	51
25648	38
25649	34
25650	46
25651	39
25652	45
25653	46
25654	42
25655	45
25656	32
25657	41
25658	38
25659	42
25660	45
25661	35
25662	49
25663	47
25664	31
25665	41
25666	45
25667	45
25668	55
25669	37
25670	40
25671	43
25672	45
25673	45
25674	29
25675	38
25676	40
25677	43
25678	29
25679	43
25680	37
25681	40
25682	40
25683	40
25684	45
25685	48
25686	30
25687	40
25688	34
25689	38
25690	50
25691	56
25692	29
25693	34
25694	41
25695	39
25696	35
25697	33
25698	41
25699	45
25700	37
25701	47
25702	45
25703	34
25704	46
25705	45
25706	34
25707	42
25708	42
25709	42
25710	44
25711	44
25712	49
25713	56
25714	42
25715	50
25716	28
25717	36
25718	36
25719	43
25720	35
25721	45
25722	39
25723	46
25724	54
25725	46
25726	35
25727	43
25728	32
25729	48
25730	28
25731	52
25732	30
25733	30
25734	35
25735	41
25736	48
25737	47
25738	41
25739	33
25740	39
25741	51
25742	38
25743	47
25744	40
25745	34
25746	53
25747	32
25748	51
25749	35
25750	37
25751	36
25752	37
25753	42
25754	57
25755	36
25756	37
25757	28
25758	52
25759	36
25760	40
25761	51
25762	45
25763	41
25764	35
25765	38
25766	43
25767	38
25768	41
25769	44
25770	42
25771	39
25772	34
25773	47
25774	27
25775	41
25776	44
25777	41
25778	36
25779	48
25780	46
25781	38
25782	51
25783	42
25784	48
25785	38
25786	35
25787	30
25788	47
25789	41
25790	43
25791	44
25792	55
25793	38
25794	43
25795	29
25796	31
25797	47
25798	31
25799	38
25800	33
25801	38
25802	29
25803	35
25804	29
25805	44
25806	37
25807	42
25808	39
25809	39
25810	42
25811	43
25812	36
25813	49
25814	40
25815	47
25816	49
25817	27
25818	41
25819	37
25820	36
25821	43
25822	46
25823	41
25824	40
25825	35
25826	36
25827	41
25828	38
25829	36
25830	40
25831	38
25832	41
25833	27
25834	38
25835	41
25836	36
25837	37
25838	33
25839	42
25840	33
25841	38
25842	24
25843	34
25844	31
25845	52
25846	40
25847	50
25848	39
25849	36
25850	40
25851	43
25852	37
25853	37
25854	38
25855	40
25856	38
25857	36
25858	45
25859	39
25860	48
25861	35
25862	29
25863	33
25864	49
25865	43
25866	41
25867	43
25868	51
25869	43
25870	42
25871	35
25872	30
25873	36
25874	36
25875	35
25876	31
25877	36
25878	32
25879	34
25880	33
25881	36
25882	38
25883	38
25884	47
25885	36
25886	33
25887	32
25888	34
25889	35
25890	38
25891	39
25892	37
25893	50
25894	49
25895	39
25896	37
25897	35
25898	46
25899	50
25900	40
25901	45
25902	53
25903	43
25904	26
25905	38
25906	38
25907	47
25908	39
25909	51
25910	33
25911	36
25912	35
25913	44
25914	28
25915	34
25916	47
25917	42
25918	43
25919	40
25920	31
25921	30
25922	37
25923	33
25924	33
25925	39
25926	33
25927	35
25928	33
25929	46
25930	42
25931	39
25932	32
25933	39
25934	36
25935	33
25936	46
25937	30
25938	40
25939	38
25940	47
25941	32
25942	38
25943	38
25944	29
25945	34
25946	42
25947	53
25948	26
25949	36
25950	27
25951	40
25952	34
25953	45
25954	38
25955	28
25956	26
25957	37
25958	36
25959	50
25960	36
25961	49
25962	33
25963	34
25964	35
25965	45
25966	33
25967	31
25968	32
25969	33
25970	32
25971	46
25972	28
25973	33
25974	41
25975	42
25976	37
25977	45
25978	38
25979	41
25980	35
25981	28
25982	44
25983	34
25984	28
25985	37
25986	34
25987	28
25988	37
25989	32
25990	40
25991	44
25992	31
25993	40
25994	45
25995	36
25996	28
25997	50
25998	39
25999	33
26000	30
26001	35
26002	38
26003	43
26004	42
26005	41
26006	37
26007	39
26008	39
26009	37
26010	34
26011	39
26012	39
26013	34
26014	28
26015	41
26016	25
26017	30
26018	30
26019	38
26020	47
26021	42
26022	32
26023	29
26024	42
26025	39
26026	32
26027	32
26028	29
26029	34
26030	31
26031	31
26032	36
26033	32
26034	52
26035	37
26036	40
26037	38
26038	37
26039	29
26040	32
26041	37
26042	36
26043	34
26044	37
26045	35
26046	33
26047	40
26048	37
26049	39
26050	36
26051	43
26052	38
26053	37
26054	55
26055	43
26056	45
26057	29
26058	29
26059	28
26060	36
26061	38
26062	25
26063	38
26064	32
26065	38
26066	57
26067	32
26068	25
26069	44
26070	35
26071	27
26072	31
26073	25
26074	44
26075	25
26076	41
26077	30
26078	49
26079	33
26080	45
26081	37
26082	30
26083	28
26084	47
26085	41
26086	34
26087	43
26088	30
26089	38
26090	41
26091	30
26092	43
26093	32
26094	38
26095	36
26096	35
26097	32
26098	39
26099	33
26100	26
26101	40
26102	32
26103	35
26104	26
26105	35
26106	34
26107	40
26108	38
26109	35
26110	37
26111	32
26112	38
26113	43
26114	36
26115	28
26116	35
26117	46
26118	34
26119	26
26120	28
26121	30
26122	38
26123	36
26124	48
26125	21
26126	40
26127	45
26128	38
26129	33
26130	43
26131	40
26132	31
26133	31
26134	27
26135	31
26136	32
26137	34
26138	42
26139	30
26140	36
26141	21
26142	30
26143	33
26144	23
26145	26
26146	32
26147	37
26148	32
26149	42
26150	45
26151	29
26152	37
26153	32
26154	34
26155	42
26156	38
26157	37
26158	32
26159	43
26160	31
26161	34
26162	40
26163	35
26164	36
26165	35
26166	32
26167	35
26168	37
26169	42
26170	37
26171	38
26172	27
26173	36
26174	41
26175	33
26176	37
26177	32
26178	32
26179	44
26180	38
26181	39
26182	34
26183	36
26184	37
26185	25
26186	37
26187	33
26188	39
26189	36
26190	44
26191	40
26192	33
26193	26
26194	36
26195	26
26196	43
26197	30
26198	28
26199	34
26200	27
26201	33
26202	33
26203	34
26204	41
26205	34
26206	35
26207	46
26208	42
26209	37
26210	41
26211	29
26212	38
26213	44
26214	36
26215	39
26216	36
26217	23
26218	29
26219	26
26220	39
26221	33
26222	25
26223	20
26224	37
26225	36
26226	32
26227	42
26228	29
26229	34
26230	30
26231	28
26232	35
26233	35
26234	33
26235	32
26236	36
26237	30
26238	34
26239	29
26240	34
26241	47
26242	26
26243	28
26244	31
26245	34
26246	29
26247	34
26248	33
26249	31
26250	41
26251	29
26252	38
26253	31
26254	41
26255	46
26256	47
26257	34
26258	32
26259	39
26260	32
26261	35
26262	25
26263	24
26264	24
26265	29
26266	21
26267	33
26268	37
26269	29
26270	40
26271	40
26272	38
26273	35
26274	29
26275	30
26276	31
26277	33
26278	32
26279	37
26280	38
26281	40
26282	22
26283	41
26284	31
26285	25
26286	24
26287	33
26288	45
26289	26
26290	23
26291	29
26292	26
26293	27
26294	36
26295	27
26296	26
26297	33
26298	25
26299	32
26300	29
26301	41
26302	46
26303	33
26304	30
26305	40
26306	36
26307	22
26308	37
26309	27
26310	39
26311	22
26312	33
26313	39
26314	33
26315	28
26316	40
26317	42
26318	50
26319	20
26320	36
26321	30
26322	37
26323	27
26324	33
26325	30
26326	30
26327	31
26328	35
26329	24
26330	29
26331	38
26332	30
26333	33
26334	29
26335	33
26336	39
26337	39
26338	30
26339	15
26340	44
26341	25
26342	34
26343	31
26344	32
26345	31
26346	31
26347	35
26348	27
26349	27
26350	25
26351	43
26352	44
26353	26
26354	37
26355	22
26356	38
26357	25
26358	32
26359	32
26360	32
26361	35
26362	28
26363	30
26364	31
26365	35
26366	35
26367	25
26368	29
26369	31
26370	41
26371	43
26372	39
26373	23
26374	32
26375	34
26376	34
26377	28
26378	28
26379	30
26380	26
26381	36
26382	32
26383	42
26384	22
26385	38
26386	41
26387	28
26388	27
26389	41
26390	39
26391	33
26392	30
26393	30
26394	38
26395	36
26396	25
26397	29
26398	38
26399	31
26400	29
26401	32
26402	31
26403	30
26404	44
26405	21
26406	27
26407	30
26408	38
26409	40
26410	35
26411	28
26412	43
26413	35
26414	33
26415	27
26416	29
26417	25
26418	28
26419	29
26420	23
26421	23
26422	37
26423	34
26424	43
26425	28
26426	34
26427	42
26428	37
26429	33
26430	30
26431	33
26432	27
26433	34
26434	34
26435	31
26436	31
26437	39
26438	30
26439	32
26440	28
26441	33
26442	32
26443	27
26444	32
26445	20
26446	30
26447	22
26448	35
26449	36
26450	33
26451	28
26452	30
26453	28
26454	36
26455	34
26456	29
26457	31
26458	38
26459	33
26460	48
26461	25
26462	37
26463	30
26464	21
26465	25
26466	34
26467	30
26468	30
26469	39
26470	24
26471	32
26472	26
26473	29
26474	27
26475	25
26476	29
26477	22
26478	20
26479	32
26480	24
26481	30
26482	34
26483	33
26484	26
26485	23
26486	32
26487	31
26488	19
26489	37
26490	39
26491	31
26492	29
26493	29
26494	26
26495	33
26496	33
26497	36
26498	46
26499	35
26500	39
26501	28
26502	33
26503	31
26504	31
26505	35
26506	28
26507	27
26508	28
26509	24
26510	44
26511	27
26512	36
26513	33
26514	28
26515	38
26516	25
26517	33
26518	33
26519	32
26520	34
26521	22
26522	33
26523	32
26524	38
26525	35
26526	31
26527	36
26528	28
26529	15
26530	22
26531	31
26532	21
26533	35
26534	26
26535	29
26536	34
26537	23
26538	39
26539	24
26540	36
26541	35
26542	31
26543	27
26544	31
26545	32
26546	45
26547	24
26548	39
26549	30
26550	42
26551	34
26552	35
26553	30
26554	27
26555	26
26556	34
26557	37
26558	26
26559	26
26560	30
26561	35
26562	26
26563	32
26564	32
26565	32
26566	31
26567	24
26568	35
26569	34
26570	35
26571	37
26572	29
26573	28
26574	38
26575	30
26576	29
26577	32
26578	26
26579	28
26580	33
26581	28
26582	22
26583	31
26584	27
26585	20
26586	27
26587	38
26588	33
26589	36
26590	30
26591	28
26592	35
26593	28
26594	28
26595	29
26596	29
26597	33
26598	18
26599	34
26600	24
26601	30
26602	20
26603	27
26604	21
26605	28
26606	27
26607	34
26608	32
26609	20
26610	29
26611	30
26612	36
26613	23
26614	34
26615	36
26616	26
26617	29
26618	25
26619	35
26620	29
26621	41
26622	23
26623	35
26624	27
26625	33
26626	41
26627	26
26628	28
26629	27
26630	24
26631	44
26632	30
26633	41
26634	32
26635	23
26636	32
26637	31
26638	33
26639	31
26640	34
26641	31
26642	29
26643	35
26644	31
26645	22
26646	35
26647	26
26648	22
26649	26
26650	33
26651	42
26652	16
26653	46
26654	21
26655	28
26656	27
26657	31
26658	36
26659	31
26660	36
26661	27
26662	19
26663	31
26664	31
26665	34
26666	27
26667	19
26668	22
26669	26
26670	28
26671	27
26672	26
26673	32
26674	30
26675	28
26676	34
26677	41
26678	36
26679	30
26680	28
26681	37
26682	25
26683	23
26684	35
26685	34
26686	19
26687	25
26688	29
26689	23
26690	28
26691	39
26692	29
26693	25
26694	30
26695	32
26696	24
26697	18
26698	35
26699	26
26700	24
26701	26
26702	24
26703	28
26704	22
26705	24
26706	32
26707	28
26708	35
26709	31
26710	25
26711	27
26712	30
26713	22
26714	23
26715	35
26716	30
26717	24
26718	33
26719	30
26720	18
26721	25
26722	14
26723	29
26724	28
26725	47
26726	26
26727	45
26728	24
26729	33
26730	26
26731	35
26732	36
26733	23
26734	33
26735	25
26736	34
26737	26
26738	18
26739	35
26740	26
26741	24
26742	21
26743	20
26744	32
26745	26
26746	34
26747	31
26748	31
26749	32
26750	27
26751	31
26752	30
26753	24
26754	33
26755	21
26756	32
26757	36
26758	27
26759	28
26760	28
26761	25
26762	23
26763	23
26764	21
26765	27
26766	33
26767	25
26768	19
26769	27
26770	24
26771	27
26772	28
26773	29
26774	30
26775	26
26776	25
26777	28
26778	25
26779	28
26780	20
26781	22
26782	26
26783	27
26784	31
26785	28
26786	24
26787	21
26788	33
26789	27
26790	31
26791	32
26792	27
26793	34
26794	28
26795	39
26796	28
26797	23
26798	25
26799	25
26800	29
26801	24
26802	33
26803	31
26804	32
26805	35
26806	26
26807	21
26808	20
26809	23
26810	23
26811	41
26812	34
26813	23
26814	23
26815	31
26816	32
26817	21
26818	23
26819	27
26820	31
26821	24
26822	31
26823	37
26824	29
26825	28
26826	23
26827	34
26828	31
26829	24
26830	24
26831	32
26832	27
26833	23
26834	43
26835	23
26836	23
26837	28
26838	35
26839	21
26840	27
26841	24
26842	39
26843	30
26844	26
26845	18
26846	40
26847	33
26848	24
26849	22
26850	32
26851	25
26852	24
26853	29
26854	23
26855	24
26856	19
26857	34
26858	31
26859	24
26860	33
26861	28
26862	24
26863	29
26864	29
26865	29
26866	26
26867	30
26868	26
26869	34
26870	22
26871	34
26872	30
26873	32
26874	18
26875	28
26876	20
26877	23
26878	25
26879	22
26880	32
26881	29
26882	29
26883	31
26884	25
26885	21
26886	32
26887	27
26888	25
26889	40
26890	25
26891	23
26892	22
26893	25
26894	24
26895	31
26896	34
26897	23
26898	32
26899	34
26900	23
26901	34
26902	25
26903	31
26904	21
26905	30
26906	28
26907	34
26908	25
26909	26
26910	28
26911	23
26912	27
26913	24
26914	24
26915	28
26916	21
26917	22
26918	25
26919	30
26920	21
26921	30
26922	31
26923	22
26924	28
26925	27
26926	27
26927	27
26928	35
26929	20
26930	20
26931	26
26932	29
26933	36
26934	24
26935	27
26936	22
26937	23
26938	21
26939	31
26940	28
26941	23
26942	25
26943	18
26944	28
26945	27
26946	29
26947	31
26948	30
26949	34
26950	31
26951	29
26952	21
26953	27
26954	26
26955	27
26956	27
26957	23
26958	29
26959	18
26960	27
26961	23
26962	25
26963	25
26964	25
26965	23
26966	30
26967	22
26968	27
26969	22
26970	21
26971	27
26972	28
26973	26
26974	19
26975	27
26976	19
26977	23
26978	29
26979	24
26980	19
26981	40
26982	31
26983	23
26984	23
26985	33
26986	28
26987	26
26988	20
26989	23
26990	31
26991	27
26992	31
26993	25
26994	27
26995	31
26996	33
26997	27
26998	20
26999	19
27000	25
27001	35
27002	22
27003	32
27004	17
27005	34
27006	21
27007	23
27008	22
27009	28
27010	21
27011	30
27012	25
27013	24
27014	23
27015	22
27016	25
27017	27
27018	31
27019	28
27020	22
27021	22
27022	34
27023	29
27024	21
27025	22
27026	21
27027	31
27028	19
27029	20
27030	23
27031	22
27032	37
27033	24
27034	26
27035	37
27036	31
27037	23
27038	30
27039	30
27040	26
27041	26
27042	28
27043	25
27044	18
27045	24
27046	27
27047	27
27048	25
27049	20
27050	27
27051	30
27052	28
27053	23
27054	22
27055	31
27056	19
27057	28
27058	37
27059	28
27060	27
27061	21
27062	28
27063	26
27064	33
27065	32
27066	27
27067	32
27068	23
27069	19
27070	31
27071	22
27072	31
27073	28
27074	28
27075	34
27076	25
27077	25
27078	21
27079	20
27080	38
27081	24
27082	25
27083	19
27084	28
27085	20
27086	23
27087	28
27088	19
27089	19
27090	24
27091	19
27092	21
27093	30
27094	23
27095	33
27096	23
27097	28
27098	31
27099	21
27100	26
27101	25
27102	28
27103	28
27104	22
27105	24
27106	19
27107	25
27108	29
27109	38
27110	34
27111	33
27112	20
27113	28
27114	24
27115	28
27116	37
27117	25
27118	23
27119	26
27120	24
27121	25
27122	19
27123	15
27124	18
27125	25
27126	21
27127	19
27128	28
27129	23
27130	31
27131	20
27132	31
27133	24
27134	25
27135	24
27136	18
27137	29
27138	31
27139	22
27140	30
27141	26
27142	17
27143	21
27144	23
27145	29
27146	25
27147	21
27148	27
27149	23
27150	21
27151	13
27152	31
27153	25
27154	21
27155	31
27156	25
27157	23
27158	19
27159	19
27160	27
27161	21
27162	27
27163	24
27164	27
27165	26
27166	23
27167	19
27168	19
27169	18
27170	26
27171	30
27172	18
27173	24
27174	24
27175	20
27176	21
27177	26
27178	22
27179	21
27180	29
27181	34
27182	30
27183	30
27184	26
27185	34
27186	19
27187	23
27188	28
27189	34
27190	22
27191	23
27192	33
27193	25
27194	31
27195	21
27196	22
27197	24
27198	24
27199	19
27200	34
27201	31
27202	23
27203	23
27204	21
27205	27
27206	31
27207	18
27208	28
27209	20
27210	13
27211	23
27212	25
27213	24
27214	20
27215	22
27216	25
27217	24
27218	25
27219	18
27220	30
27221	25
27222	30
27223	47
27224	29
27225	16
27226	27
27227	24
27228	20
27229	30
27230	25
27231	22
27232	27
27233	16
27234	29
27235	22
27236	35
27237	27
27238	22
27239	16
27240	37
27241	36
27242	26
27243	30
27244	23
27245	16
27246	31
27247	30
27248	24
27249	27
27250	12
27251	23
27252	29
27253	33
27254	31
27255	17
27256	18
27257	20
27258	24
27259	21
27260	34
27261	21
27262	20
27263	36
27264	21
27265	18
27266	23
27267	32
27268	21
27269	21
27270	21
27271	20
27272	21
27273	22
27274	18
27275	20
27276	20
27277	26
27278	19
27279	21
27280	22
27281	34
27282	29
27283	21
27284	22
27285	22
27286	25
27287	21
27288	24
27289	26
27290	28
27291	23
27292	29
27293	19
27294	27
27295	26
27296	22
27297	15
27298	21
27299	24
27300	22
27301	19
27302	27
27303	32
27304	24
27305	19
27306	30
27307	30
27308	25
27309	29
27310	24
27311	24
27312	29
27313	17
27314	27
27315	31
27316	11
27317	20
27318	23
27319	18
27320	24
27321	32
27322	29
27323	29
27324	17
27325	17
27326	22
27327	22
27328	26
27329	20
27330	26
27331	26
27332	24
27333	18
27334	25
27335	11
27336	26
27337	19
27338	17
27339	17
27340	16
27341	21
27342	23
27343	30
27344	19
27345	17
27346	23
27347	21
27348	21
27349	25
27350	23
27351	29
27352	18
27353	23
27354	18
27355	23
27356	16
27357	27
27358	17
27359	25
27360	22
27361	21
27362	30
27363	17
27364	22
27365	26
27366	30
27367	28
27368	18
27369	13
27370	21
27371	19
27372	24
27373	24
27374	22
27375	24
27376	24
27377	25
27378	28
27379	20
27380	19
27381	18
27382	26
27383	17
27384	27
27385	18
27386	20
27387	21
27388	15
27389	15
27390	25
27391	26
27392	25
27393	24
27394	26
27395	21
27396	20
27397	33
27398	18
27399	19
27400	26
27401	21
27402	29
27403	23
27404	18
27405	21
27406	26
27407	22
27408	22
27409	19
27410	20
27411	23
27412	29
27413	11
27414	25
27415	24
27416	21
27417	21
27418	15
27419	20
27420	25
27421	23
27422	19
27423	24
27424	15
27425	18
27426	27
27427	12
27428	38
27429	23
27430	28
27431	22
27432	20
27433	22
27434	28
27435	22
27436	33
27437	18
27438	19
27439	25
27440	12
27441	18
27442	17
27443	18
27444	23
27445	17
27446	19
27447	22
27448	19
27449	18
27450	19
27451	19
27452	33
27453	25
27454	19
27455	21
27456	23
27457	18
27458	24
27459	11
27460	18
27461	16
27462	25
27463	16
27464	17
27465	19
27466	20
27467	29
27468	21
27469	25
27470	24
27471	18
27472	31
27473	19
27474	17
27475	17
27476	13
27477	23
27478	26
27479	22
27480	29
27481	18
27482	20
27483	20
27484	23
27485	20
27486	18
27487	12
27488	19
27489	12
27490	30
27491	17
27492	18
27493	15
27494	19
27495	24
27496	14
27497	32
27498	18
27499	31
27500	23
27501	19
27502	18
27503	17
27504	19
27505	35
27506	25
27507	25
27508	26
27509	20
27510	27
27511	25
27512	11
27513	25
27514	18
27515	17
27516	26
27517	25
27518	28
27519	13
27520	21
27521	25
27522	24
27523	20
27524	22
27525	16
27526	27
27527	13
27528	21
27529	16
27530	19
27531	20
27532	26
27533	25
27534	22
27535	16
27536	23
27537	25
27538	27
27539	25
27540	17
27541	15
27542	23
27543	13
27544	20
27545	21
27546	22
27547	20
27548	25
27549	26
27550	21
27551	20
27552	26
27553	16
27554	22
27555	16
27556	24
27557	19
27558	21
27559	8
27560	20
27561	21
27562	17
27563	22
27564	28
27565	24
27566	20
27567	20
27568	19
27569	16
27570	19
27571	17
27572	23
27573	17
27574	20
27575	20
27576	32
27577	18
27578	24
27579	16
27580	27
27581	20
27582	16
27583	12
27584	17
27585	24
27586	29
27587	18
27588	20
27589	26
27590	23
27591	21
27592	20
27593	20
27594	25
27595	21
27596	27
27597	29
27598	25
27599	24
27600	24
27601	19
27602	20
27603	13
27604	24
27605	27
27606	22
27607	22
27608	24
27609	15
27610	26
27611	26
27612	27
27613	19
27614	16
27615	25
27616	24
27617	16
27618	22
27619	21
27620	23
27621	25
27622	19
27623	16
27624	20
27625	18
27626	20
27627	15
27628	27
27629	29
27630	21
27631	20
27632	11
27633	16
27634	17
27635	19
27636	23
27637	19
27638	22
27639	18
27640	17
27641	21
27642	23
27643	16
27644	22
27645	24
27646	17
27647	21
27648	23
27649	23
27650	17
27651	22
27652	20
27653	21
27654	16
27655	27
27656	25
27657	21
27658	30
27659	24
27660	19
27661	32
27662	21
27663	13
27664	17
27665	26
27666	13
27667	19
27668	15
27669	23
27670	18
27671	13
27672	24
27673	14
27674	21
27675	17
27676	22
27677	16
27678	19
27679	21
27680	16
27681	20
27682	27
27683	27
27684	16
27685	23
27686	17
27687	18
27688	20
27689	12
27690	19
27691	20
27692	13
27693	23
27694	19
27695	21
27696	16
27697	13
27698	20
27699	18
27700	20
27701	20
27702	9
27703	28
27704	25
27705	23
27706	18
27707	17
27708	19
27709	17
27710	27
27711	12
27712	18
27713	22
27714	20
27715	6
27716	16
27717	19
27718	16
27719	20
27720	25
27721	17
27722	26
27723	21
27724	18
27725	20
27726	23
27727	18
27728	29
27729	30
27730	21
27731	21
27732	22
27733	19
27734	20
27735	21
27736	24
27737	19
27738	13
27739	25
27740	22
27741	19
27742	18
27743	15
27744	18
27745	16
27746	20
27747	16
27748	26
27749	22
27750	19
27751	22
27752	17
27753	27
27754	16
27755	24
27756	14
27757	21
27758	19
27759	22
27760	25
27761	22
27762	24
27763	12
27764	17
27765	19
27766	23
27767	14
27768	25
27769	21
27770	34
27771	19
27772	28
27773	20
27774	23
27775	20
27776	12
27777	17
27778	22
27779	15
27780	15
27781	21
27782	18
27783	24
27784	21
27785	28
27786	21
27787	18
27788	17
27789	20
27790	22
27791	22
27792	17
27793	21
27794	19
27795	7
27796	15
27797	18
27798	21
27799	24
27800	18
27801	20
27802	30
27803	25
27804	26
27805	15
27806	22
27807	18
27808	22
27809	21
27810	18
27811	22
27812	17
27813	21
27814	10
27815	22
27816	18
27817	13
27818	17
27819	14
27820	22
27821	19
27822	16
27823	17
27824	17
27825	15
27826	13
27827	16
27828	15
27829	16
27830	17
27831	16
27832	13
27833	18
27834	23
27835	20
27836	19
27837	17
27838	18
27839	19
27840	23
27841	23
27842	18
27843	20
27844	18
27845	30
27846	14
27847	14
27848	18
27849	23
27850	17
27851	12
27852	18
27853	14
27854	27
27855	20
27856	14
27857	16
27858	19
27859	22
27860	25
27861	24
27862	22
27863	12
27864	24
27865	20
27866	13
27867	26
27868	23
27869	13
27870	14
27871	13
27872	14
27873	19
27874	23
27875	22
27876	19
27877	15
27878	14
27879	20
27880	11
27881	23
27882	9
27883	13
27884	16
27885	15
27886	14
27887	17
27888	19
27889	19
27890	16
27891	16
27892	18
27893	16
27894	21
27895	17
27896	23
27897	20
27898	15
27899	19
27900	21
27901	20
27902	20
27903	19
27904	15
27905	27
27906	17
27907	26
27908	16
27909	20
27910	25
27911	24
27912	11
27913	23
27914	24
27915	20
27916	21
27917	16
27918	15
27919	17
27920	18
27921	23
27922	17
27923	27
27924	19
27925	13
27926	20
27927	19
27928	17
27929	18
27930	18
27931	16
27932	18
27933	25
27934	18
27935	15
27936	18
27937	23
27938	19
27939	13
27940	42
27941	17
27942	17
27943	18
27944	19
27945	10
27946	16
27947	15
27948	16
27949	18
27950	23
27951	20
27952	18
27953	19
27954	24
27955	18
27956	14
27957	14
27958	16
27959	22
27960	19
27961	21
27962	23
27963	23
27964	20
27965	16
27966	15
27967	24
27968	10
27969	25
27970	19
27971	12
27972	21
27973	30
27974	15
27975	27
27976	21
27977	27
27978	17
27979	20
27980	21
27981	14
27982	16
27983	18
27984	19
27985	23
27986	17
27987	22
27988	21
27989	18
27990	17
27991	16
27992	15
27993	20
27994	19
27995	18
27996	20
27997	21
27998	22
27999	19
28000	24
28001	19
28002	14
28003	15
28004	22
28005	16
28006	21
28007	21
28008	13
28009	19
28010	14
28011	21
28012	17
28013	11
28014	12
28015	14
28016	22
28017	16
28018	18
28019	19
28020	17
28021	16
28022	14
28023	19
28024	19
28025	21
28026	16
28027	22
28028	9
28029	17
28030	25
28031	15
28032	8
28033	18
28034	15
28035	10
28036	18
28037	13
28038	13
28039	21
28040	21
28041	19
28042	13
28043	17
28044	24
28045	13
28046	21
28047	12
28048	15
28049	17
28050	18
28051	11
28052	17
28053	13
28054	20
28055	11
28056	25
28057	32
28058	19
28059	27
28060	22
28061	12
28062	21
28063	16
28064	11
28065	15
28066	19
28067	24
28068	21
28069	16
28070	18
28071	22
28072	16
28073	16
28074	15
28075	17
28076	14
28077	11
28078	22
28079	16
28080	24
28081	11
28082	14
28083	18
28084	19
28085	16
28086	15
28087	19
28088	18
28089	16
28090	18
28091	20
28092	13
28093	27
28094	15
28095	20
28096	22
28097	19
28098	17
28099	25
28100	14
28101	26
28102	19
28103	19
28104	27
28105	11
28106	21
28107	16
28108	15
28109	15
28110	37
28111	17
28112	19
28113	19
28114	16
28115	24
28116	13
28117	13
28118	21
28119	30
28120	20
28121	10
28122	19
28123	25
28124	12
28125	13
28126	31
28127	11
28128	16
28129	16
28130	17
28131	15
28132	16
28133	20
28134	21
28135	16
28136	15
28137	18
28138	16
28139	14
28140	22
28141	17
28142	24
28143	25
28144	17
28145	22
28146	18
28147	21
28148	18
28149	18
28150	16
28151	20
28152	15
28153	21
28154	10
28155	23
28156	17
28157	18
28158	25
28159	13
28160	19
28161	11
28162	15
28163	12
28164	10
28165	27
28166	13
28167	17
28168	15
28169	14
28170	21
28171	15
28172	12
28173	20
28174	16
28175	17
28176	22
28177	12
28178	18
28179	10
28180	19
28181	18
28182	18
28183	23
28184	12
28185	18
28186	12
28187	23
28188	27
28189	17
28190	20
28191	21
28192	10
28193	24
28194	18
28195	15
28196	21
28197	17
28198	19
28199	7
28200	14
28201	19
28202	18
28203	22
28204	15
28205	16
28206	9
28207	18
28208	18
28209	12
28210	22
28211	14
28212	12
28213	21
28214	17
28215	23
28216	22
28217	11
28218	22
28219	18
28220	20
28221	18
28222	19
28223	14
28224	17
28225	18
28226	13
28227	18
28228	16
28229	23
28230	14
28231	14
28232	13
28233	12
28234	17
28235	15
28236	18
28237	24
28238	12
28239	20
28240	14
28241	13
28242	12
28243	15
28244	20
28245	20
28246	13
28247	18
28248	13
28249	20
28250	23
28251	10
28252	24
28253	20
28254	13
28255	26
28256	19
28257	11
28258	18
28259	12
28260	18
28261	21
28262	12
28263	21
28264	11
28265	14
28266	21
28267	15
28268	15
28269	16
28270	16
28271	15
28272	12
28273	19
28274	12
28275	17
28276	16
28277	23
28278	17
28279	14
28280	12
28281	10
28282	13
28283	11
28284	19
28285	19
28286	19
28287	12
28288	15
28289	16
28290	17
28291	22
28292	14
28293	11
28294	15
28295	16
28296	7
28297	17
28298	16
28299	15
28300	10
28301	11
28302	18
28303	11
28304	8
28305	15
28306	16
28307	13
28308	14
28309	12
28310	13
28311	13
28312	16
28313	23
28314	24
28315	12
28316	12
28317	19
28318	25
28319	22
28320	13
28321	9
28322	12
28323	20
28324	21
28325	12
28326	11
28327	12
28328	21
28329	12
28330	11
28331	14
28332	18
28333	9
28334	15
28335	20
28336	18
28337	16
28338	13
28339	20
28340	21
28341	13
28342	14
28343	17
28344	10
28345	16
28346	14
28347	8
28348	16
28349	17
28350	17
28351	12
28352	24
28353	14
28354	13
28355	13
28356	19
28357	17
28358	21
28359	14
28360	19
28361	11
28362	24
28363	13
28364	8
28365	15
28366	13
28367	13
28368	13
28369	14
28370	20
28371	13
28372	16
28373	21
28374	12
28375	18
28376	17
28377	13
28378	11
28379	16
28380	22
28381	11
28382	16
28383	20
28384	20
28385	15
28386	16
28387	12
28388	16
28389	10
28390	17
28391	21
28392	15
28393	12
28394	8
28395	18
28396	12
28397	30
28398	16
28399	13
28400	14
28401	8
28402	21
28403	23
28404	15
28405	14
28406	18
28407	20
28408	11
28409	16
28410	13
28411	9
28412	14
28413	15
28414	12
28415	19
28416	19
28417	11
28418	14
28419	19
28420	17
28421	13
28422	15
28423	14
28424	14
28425	16
28426	19
28427	11
28428	20
28429	21
28430	21
28431	17
28432	18
28433	18
28434	16
28435	9
28436	17
28437	23
28438	13
28439	24
28440	13
28441	15
28442	17
28443	27
28444	14
28445	14
28446	17
28447	12
28448	18
28449	11
28450	17
28451	8
28452	12
28453	8
28454	17
28455	19
28456	12
28457	5
28458	15
28459	11
28460	19
28461	15
28462	13
28463	16
28464	14
28465	18
28466	9
28467	10
28468	18
28469	16
28470	17
28471	19
28472	16
28473	19
28474	15
28475	20
28476	17
28477	15
28478	10
28479	14
28480	17
28481	15
28482	7
28483	15
28484	21
28485	18
28486	19
28487	15
28488	16
28489	13
28490	15
28491	14
28492	14
28493	29
28494	10
28495	19
28496	12
28497	13
28498	17
28499	16
28500	15
28501	16
28502	14
28503	16
28504	14
28505	14
28506	21
28507	13
28508	19
28509	13
28510	16
28511	10
28512	10
28513	7
28514	12
28515	12
28516	11
28517	16
28518	16
28519	19
28520	9
28521	17
28522	17
28523	12
28524	19
28525	21
28526	19
28527	15
28528	12
28529	13
28530	13
28531	17
28532	12
28533	16
28534	19
28535	11
28536	11
28537	10
28538	15
28539	16
28540	16
28541	14
28542	15
28543	15
28544	17
28545	18
28546	18
28547	21
28548	13
28549	14
28550	16
28551	9
28552	13
28553	21
28554	10
28555	12
28556	11
28557	10
28558	10
28559	20
28560	18
28561	9
28562	15
28563	17
28564	16
28565	12
28566	14
28567	9
28568	18
28569	18
28570	12
28571	22
28572	11
28573	10
28574	7
28575	14
28576	15
28577	12
28578	10
28579	11
28580	16
28581	24
28582	19
28583	10
28584	15
28585	14
28586	17
28587	16
28588	14
28589	16
28590	11
28591	18
28592	12
28593	13
28594	6
28595	11
28596	14
28597	9
28598	13
28599	17
28600	12
28601	14
28602	20
28603	19
28604	15
28605	12
28606	14
28607	16
28608	15
28609	15
28610	7
28611	13
28612	18
28613	18
28614	21
28615	21
28616	17
28617	16
28618	8
28619	18
28620	11
28621	19
28622	13
28623	14
28624	15
28625	21
28626	22
28627	12
28628	18
28629	17
28630	11
28631	12
28632	13
28633	13
28634	14
28635	13
28636	12
28637	19
28638	17
28639	10
28640	15
28641	20
28642	11
28643	17
28644	16
28645	12
28646	12
28647	13
28648	17
28649	9
28650	15
28651	21
28652	13
28653	11
28654	12
28655	11
28656	10
28657	11
28658	14
28659	14
28660	18
28661	13
28662	11
28663	12
28664	13
28665	8
28666	11
28667	16
28668	19
28669	20
28670	18
28671	17
28672	9
28673	17
28674	15
28675	17
28676	19
28677	26
28678	14
28679	20
28680	9
28681	16
28682	14
28683	11
28684	11
28685	12
28686	15
28687	15
28688	14
28689	16
28690	11
28691	10
28692	18
28693	14
28694	14
28695	10
28696	17
28697	13
28698	11
28699	12
28700	14
28701	15
28702	15
28703	9
28704	8
28705	15
28706	13
28707	14
28708	15
28709	11
28710	8
28711	13
28712	15
28713	13
28714	13
28715	14
28716	7
28717	11
28718	9
28719	15
28720	17
28721	11
28722	11
28723	19
28724	15
28725	15
28726	18
28727	15
28728	14
28729	11
28730	18
28731	24
28732	17
28733	19
28734	17
28735	16
28736	9
28737	10
28738	19
28739	16
28740	18
28741	15
28742	12
28743	14
28744	19
28745	21
28746	17
28747	20
28748	19
28749	13
28750	15
28751	14
28752	14
28753	14
28754	6
28755	7
28756	12
28757	14
28758	12
28759	16
28760	13
28761	20
28762	7
28763	13
28764	13
28765	11
28766	14
28767	14
28768	12
28769	20
28770	16
28771	15
28772	14
28773	14
28774	17
28775	13
28776	8
28777	10
28778	8
28779	15
28780	14
28781	12
28782	16
28783	10
28784	18
28785	14
28786	13
28787	14
28788	16
28789	17
28790	8
28791	15
28792	14
28793	11
28794	12
28795	16
28796	10
28797	13
28798	10
28799	19
28800	12
28801	13
28802	8
28803	23
28804	16
28805	15
28806	10
28807	6
28808	8
28809	11
28810	16
28811	11
28812	14
28813	11
28814	15
28815	16
28816	15
28817	15
28818	16
28819	19
28820	15
28821	13
28822	14
28823	14
28824	13
28825	15
28826	12
28827	13
28828	12
28829	16
28830	10
28831	13
28832	9
28833	18
28834	16
28835	11
28836	10
28837	12
28838	12
28839	8
28840	15
28841	11
28842	8
28843	12
28844	16
28845	18
28846	22
28847	10
28848	17
28849	10
28850	11
28851	15
28852	20
28853	10
28854	9
28855	15
28856	16
28857	14
28858	14
28859	19
28860	13
28861	11
28862	11
28863	12
28864	17
28865	19
28866	11
28867	10
28868	13
28869	18
28870	17
28871	14
28872	12
28873	13
28874	14
28875	10
28876	10
28877	10
28878	12
28879	12
28880	12
28881	17
28882	14
28883	14
28884	9
28885	10
28886	10
28887	11
28888	11
28889	19
28890	8
28891	10
28892	8
28893	11
28894	11
28895	12
28896	10
28897	7
28898	6
28899	17
28900	18
28901	7
28902	16
28903	16
28904	9
28905	14
28906	13
28907	12
28908	9
28909	14
28910	19
28911	8
28912	8
28913	13
28914	15
28915	15
28916	17
28917	13
28918	11
28919	19
28920	6
28921	5
28922	11
28923	16
28924	16
28925	21
28926	13
28927	3
28928	14
28929	9
28930	18
28931	9
28932	11
28933	19
28934	4
28935	10
28936	10
28937	12
28938	13
28939	16
28940	17
28941	9
28942	17
28943	16
28944	15
28945	14
28946	10
28947	17
28948	13
28949	16
28950	10
28951	16
28952	13
28953	9
28954	14
28955	13
28956	12
28957	18
28958	11
28959	13
28960	11
28961	15
28962	7
28963	14
28964	11
28965	14
28966	15
28967	16
28968	10
28969	10
28970	14
28971	20
28972	8
28973	11
28974	12
28975	11
28976	9
28977	14
28978	10
28979	12
28980	14
28981	14
28982	12
28983	16
28984	7
28985	14
28986	19
28987	13
28988	7
28989	12
28990	8
28991	15
28992	9
28993	19
28994	7
28995	7
28996	14
28997	21
28998	9
28999	17
29000	10
29001	16
29002	14
29003	5
29004	11
29005	4
29006	17
29007	8
29008	6
29009	11
29010	12
29011	11
29012	9
29013	18
29014	16
29015	9
29016	9
29017	8
29018	13
29019	20
29020	14
29021	12
29022	16
29023	11
29024	12
29025	12
29026	8
29027	11
29028	4
29029	14
29030	10
29031	14
29032	14
29033	19
29034	12
29035	13
29036	19
29037	14
29038	15
29039	11
29040	9
29041	6
29042	12
29043	11
29044	20
29045	9
29046	14
29047	20
29048	10
29049	12
29050	15
29051	14
29052	16
29053	14
29054	9
29055	13
29056	8
29057	7
29058	21
29059	10
29060	9
29061	13
29062	19
29063	18
29064	11
29065	12
29066	10
29067	15
29068	15
29069	14
29070	18
29071	7
29072	12
29073	16
29074	9
29075	15
29076	13
29077	10
29078	17
29079	10
29080	17
29081	16
29082	13
29083	13
29084	13
29085	10
29086	8
29087	13
29088	8
29089	5
29090	11
29091	6
29092	8
29093	7
29094	13
29095	11
29096	9
29097	13
29098	12
29099	7
29100	14
29101	13
29102	8
29103	9
29104	12
29105	10
29106	16
29107	9
29108	13
29109	12
29110	18
29111	16
29112	5
29113	13
29114	13
29115	13
29116	11
29117	7
29118	13
29119	12
29120	13
29121	13
29122	15
29123	12
29124	8
29125	9
29126	23
29127	14
29128	16
29129	5
29130	10
29131	11
29132	5
29133	13
29134	14
29135	4
29136	10
29137	13
29138	9
29139	19
29140	11
29141	15
29142	11
29143	8
29144	15
29145	15
29146	10
29147	19
29148	14
29149	14
29150	16
29151	14
29152	13
29153	12
29154	5
29155	9
29156	15
29157	13
29158	9
29159	10
29160	9
29161	15
29162	10
29163	15
29164	15
29165	12
29166	20
29167	14
29168	12
29169	12
29170	14
29171	16
29172	15
29173	15
29174	19
29175	8
29176	15
29177	10
29178	10
29179	14
29180	9
29181	11
29182	13
29183	12
29184	13
29185	8
29186	13
29187	13
29188	21
29189	9
29190	15
29191	12
29192	15
29193	18
29194	10
29195	12
29196	7
29197	19
29198	15
29199	12
29200	14
29201	12
29202	19
29203	11
29204	9
29205	7
29206	11
29207	14
29208	11
29209	10
29210	12
29211	11
29212	14
29213	16
29214	8
29215	10
29216	10
29217	11
29218	13
29219	13
29220	10
29221	11
29222	8
29223	13
29224	21
29225	12
29226	13
29227	13
29228	10
29229	11
29230	9
29231	15
29232	15
29233	9
29234	9
29235	11
29236	11
29237	7
29238	6
29239	15
29240	8
29241	9
29242	13
29243	13
29244	13
29245	12
29246	3
29247	5
29248	12
29249	10
29250	6
29251	10
29252	8
29253	17
29254	17
29255	10
29256	15
29257	10
29258	13
29259	6
29260	15
29261	7
29262	7
29263	5
29264	16
29265	5
29266	9
29267	11
29268	9
29269	16
29270	10
29271	7
29272	7
29273	18
29274	11
29275	10
29276	6
29277	7
29278	14
29279	14
29280	12
29281	11
29282	18
29283	11
29284	13
29285	16
29286	14
29287	17
29288	19
29289	15
29290	11
29291	11
29292	7
29293	9
29294	12
29295	17
29296	7
29297	9
29298	8
29299	8
29300	6
29301	10
29302	10
29303	10
29304	11
29305	16
29306	10
29307	15
29308	10
29309	17
29310	10
29311	13
29312	9
29313	9
29314	21
29315	13
29316	11
29317	18
29318	10
29319	10
29320	15
29321	7
29322	15
29323	12
29324	15
29325	11
29326	12
29327	14
29328	9
29329	12
29330	17
29331	9
29332	7
29333	9
29334	14
29335	12
29336	17
29337	13
29338	9
29339	8
29340	16
29341	6
29342	13
29343	10
29344	11
29345	10
29346	10
29347	13
29348	22
29349	19
29350	11
29351	12
29352	8
29353	11
29354	6
29355	9
29356	8
29357	5
29358	7
29359	10
29360	10
29361	7
29362	7
29363	6
29364	12
29365	11
29366	10
29367	13
29368	7
29369	20
29370	14
29371	12
29372	13
29373	6
29374	10
29375	8
29376	11
29377	8
29378	8
29379	17
29380	20
29381	13
29382	7
29383	13
29384	8
29385	17
29386	9
29387	9
29388	7
29389	13
29390	12
29391	9
29392	12
29393	11
29394	14
29395	10
29396	11
29397	15
29398	11
29399	7
29400	17
29401	13
29402	6
29403	10
29404	8
29405	9
29406	15
29407	11
29408	11
29409	13
29410	11
29411	9
29412	10
29413	12
29414	15
29415	7
29416	14
29417	7
29418	11
29419	14
29420	11
29421	8
29422	17
29423	13
29424	11
29425	13
29426	8
29427	9
29428	9
29429	11
29430	10
29431	12
29432	10
29433	12
29434	7
29435	13
29436	9
29437	12
29438	7
29439	7
29440	11
29441	9
29442	13
29443	16
29444	13
29445	8
29446	13
29447	15
29448	8
29449	15
29450	12
29451	10
29452	9
29453	11
29454	13
29455	11
29456	12
29457	12
29458	13
29459	13
29460	7
29461	19
29462	10
29463	11
29464	8
29465	13
29466	14
29467	4
29468	10
29469	10
29470	14
29471	11
29472	11
29473	6
29474	13
29475	12
29476	9
29477	12
29478	14
29479	13
29480	13
29481	10
29482	4
29483	11
29484	10
29485	10
29486	9
29487	13
29488	12
29489	9
29490	7
29491	13
29492	16
29493	16
29494	10
29495	13
29496	8
29497	12
29498	13
29499	12
29500	9
29501	14
29502	17
29503	12
29504	11
29505	10
29506	15
29507	14
29508	8
29509	7
29510	8
29511	9
29512	10
29513	14
29514	12
29515	6
29516	3
29517	11
29518	11
29519	16
29520	7
29521	11
29522	8
29523	9
29524	11
29525	10
29526	8
29527	15
29528	9
29529	3
29530	11
29531	6
29532	21
29533	20
29534	13
29535	9
29536	11
29537	11
29538	10
29539	9
29540	13
29541	13
29542	10
29543	12
29544	6
29545	12
29546	11
29547	11
29548	8
29549	15
29550	16
29551	13
29552	15
29553	11
29554	15
29555	7
29556	9
29557	8
29558	15
29559	13
29560	10
29561	10
29562	11
29563	8
29564	11
29565	11
29566	8
29567	10
29568	16
29569	14
29570	9
29571	15
29572	13
29573	8
29574	7
29575	8
29576	10
29577	6
29578	8
29579	15
29580	16
29581	5
29582	12
29583	6
29584	10
29585	11
29586	12
29587	13
29588	6
29589	7
29590	8
29591	9
29592	9
29593	9
29594	10
29595	15
29596	3
29597	10
29598	11
29599	9
29600	9
29601	12
29602	9
29603	9
29604	7
29605	9
29606	4
29607	10
29608	12
29609	7
29610	4
29611	9
29612	10
29613	12
29614	10
29615	11
29616	11
29617	9
29618	10
29619	10
29620	11
29621	11
29622	12
29623	11
29624	16
29625	9
29626	11
29627	10
29628	9
29629	11
29630	9
29631	13
29632	3
29633	17
29634	12
29635	9
29636	8
29637	9
29638	18
29639	9
29640	8
29641	13
29642	5
29643	4
29644	10
29645	12
29646	18
29647	5
29648	10
29649	9
29650	11
29651	7
29652	6
29653	14
29654	15
29655	11
29656	6
29657	13
29658	10
29659	7
29660	9
29661	9
29662	13
29663	14
29664	9
29665	14
29666	10
29667	10
29668	13
29669	9
29670	9
29671	10
29672	6
29673	14
29674	10
29675	10
29676	15
29677	5
29678	9
29679	15
29680	9
29681	5
29682	15
29683	10
29684	10
29685	17
29686	18
29687	8
29688	12
29689	13
29690	13
29691	10
29692	11
29693	12
29694	10
29695	19
29696	17
29697	16
29698	10
29699	13
29700	6
29701	13
29702	9
29703	6
29704	4
29705	14
29706	6
29707	10
29708	11
29709	9
29710	10
29711	7
29712	6
29713	6
29714	10
29715	11
29716	10
29717	6
29718	12
29719	3
29720	8
29721	14
29722	15
29723	12
29724	14
29725	7
29726	11
29727	8
29728	17
29729	16
29730	10
29731	14
29732	10
29733	9
29734	6
29735	8
29736	12
29737	7
29738	6
29739	9
29740	8
29741	11
29742	8
29743	8
29744	11
29745	11
29746	7
29747	7
29748	4
29749	4
29750	7
29751	17
29752	13
29753	14
29754	11
29755	9
29756	8
29757	6
29758	6
29759	15
29760	15
29761	6
29762	15
29763	10
29764	6
29765	9
29766	9
29767	8
29768	12
29769	15
29770	15
29771	7
29772	8
29773	12
29774	9
29775	10
29776	9
29777	8
29778	8
29779	9
29780	11
29781	5
29782	11
29783	2
29784	5
29785	9
29786	8
29787	7
29788	5
29789	10
29790	4
29791	9
29792	7
29793	6
29794	11
29795	9
29796	4
29797	7
29798	9
29799	17
29800	11
29801	18
29802	9
29803	8
29804	7
29805	11
29806	10
29807	13
29808	11
29809	9
29810	11
29811	6
29812	9
29813	10
29814	10
29815	4
29816	10
29817	9
29818	11
29819	9
29820	10
29821	8
29822	8
29823	12
29824	4
29825	11
29826	11
29827	10
29828	5
29829	5
29830	6
29831	11
29832	12
29833	13
29834	8
29835	9
29836	6
29837	6
29838	11
29839	8
29840	15
29841	13
29842	12
29843	8
29844	9
29845	7
29846	10
29847	9
29848	8
29849	9
29850	10
29851	11
29852	7
29853	17
29854	10
29855	8
29856	9
29857	8
29858	8
29859	9
29860	8
29861	4
29862	9
29863	13
29864	5
29865	9
29866	9
29867	12
29868	10
29869	14
29870	8
29871	9
29872	7
29873	7
29874	9
29875	12
29876	4
29877	10
29878	9
29879	7
29880	7
29881	12
29882	3
29883	8
29884	9
29885	7
29886	5
29887	12
29888	10
29889	16
29890	14
29891	7
29892	12
29893	10
29894	7
29895	10
29896	4
29897	12
29898	10
29899	7
29900	6
29901	10
29902	14
29903	7
29904	7
29905	9
29906	10
29907	16
29908	8
29909	10
29910	9
29911	12
29912	14
29913	16
29914	10
29915	6
29916	5
29917	9
29918	12
29919	6
29920	16
29921	10
29922	6
29923	7
29924	12
29925	8
29926	10
29927	15
29928	19
29929	8
29930	14
29931	4
29932	11
29933	12
29934	5
29935	13
29936	9
29937	8
29938	10
29939	11
29940	8
29941	9
29942	4
29943	5
29944	11
29945	15
29946	13
29947	11
29948	7
29949	9
29950	6
29951	10
29952	13
29953	11
29954	9
29955	11
29956	9
29957	14
29958	12
29959	11
29960	9
29961	8
29962	12
29963	5
29964	14
29965	12
29966	5
29967	6
29968	11
29969	7
29970	7
29971	7
29972	12
29973	11
29974	7
29975	16
29976	3
29977	11
29978	10
29979	11
29980	10
29981	11
29982	16
29983	4
29984	8
29985	7
29986	5
29987	11
29988	9
29989	4
29990	4
29991	6
29992	10
29993	13
29994	12
29995	7
29996	7
29997	9
29998	9
29999	6
30000	8
30001	10
30002	9
30003	10
30004	12
30005	6
30006	14
30007	7
30008	7
30009	6
30010	5
30011	13
30012	3
30013	12
30014	17
30015	14
30016	7
30017	7
30018	4
30019	9
30020	10
30021	3
30022	9
30023	9
30024	6
30025	7
30026	10
30027	5
30028	10
30029	4
30030	10
30031	7
30032	6
30033	11
30034	6
30035	8
30036	7
30037	9
30038	12
30039	9
30040	12
30041	12
30042	12
30043	8
30044	4
30045	6
30046	9
30047	11
30048	9
30049	6
30050	7
30051	12
30052	14
30053	6
30054	10
30055	11
30056	15
30057	7
30058	5
30059	6
30060	5
30061	10
30062	10
30063	8
30064	9
30065	13
30066	3
30067	6
30068	6
30069	5
30070	11
30071	10
30072	8
30073	7
30074	4
30075	4
30076	7
30077	7
30078	9
30079	9
30080	12
30081	7
30082	5
30083	14
30084	5
30085	9
30086	9
30087	11
30088	8
30089	12
30090	8
30091	12
30092	8
30093	5
30094	6
30095	5
30096	9
30097	10
30098	7
30099	6
30100	8
30101	8
30102	10
30103	10
30104	9
30105	7
30106	6
30107	5
30108	7
30109	14
30110	8
30111	7
30112	5
30113	7
30114	10
30115	3
30116	8
30117	7
30118	13
30119	9
30120	7
30121	6
30122	12
30123	9
30124	9
30125	12
30126	14
30127	10
30128	10
30129	10
30130	12
30131	11
30132	7
30133	3
30134	9
30135	4
30136	11
30137	7
30138	7
30139	8
30140	14
30141	9
30142	11
30143	8
30144	12
30145	9
30146	7
30147	7
30148	4
30149	10
30150	9
30151	6
30152	10
30153	12
30154	9
30155	13
30156	8
30157	9
30158	8
30159	9
30160	6
30161	9
30162	14
30163	4
30164	9
30165	10
30166	7
30167	11
30168	12
30169	7
30170	8
30171	12
30172	2
30173	7
30174	7
30175	7
30176	8
30177	8
30178	10
30179	9
30180	15
30181	11
30182	8
30183	8
30184	6
30185	10
30186	12
30187	12
30188	6
30189	13
30190	12
30191	11
30192	9
30193	5
30194	11
30195	6
30196	8
30197	13
30198	10
30199	14
30200	6
30201	9
30202	9
30203	5
30204	10
30205	4
30206	8
30207	9
30208	6
30209	7
30210	15
30211	5
30212	7
30213	5
30214	10
30215	10
30216	14
30217	11
30218	8
30219	8
30220	4
30221	8
30222	13
30223	8
30224	10
30225	7
30226	10
30227	11
30228	11
30229	7
30230	8
30231	8
30232	10
30233	9
30234	7
30235	8
30236	9
30237	11
30238	5
30239	6
30240	6
30241	8
30242	14
30243	6
30244	13
30245	8
30246	12
30247	6
30248	13
30249	8
30250	10
30251	14
30252	3
30253	9
30254	15
30255	6
30256	4
30257	12
30258	5
30259	9
30260	9
30261	4
30262	11
30263	6
30264	7
30265	7
30266	13
30267	4
30268	5
30269	19
30270	7
30271	10
30272	8
30273	7
30274	4
30275	11
30276	6
30277	10
30278	10
30279	6
30280	4
30281	8
30282	7
30283	3
30284	9
30285	5
30286	10
30287	7
30288	8
30289	6
30290	10
30291	4
30292	9
30293	8
30294	4
30295	7
30296	8
30297	8
30298	9
30299	4
30300	8
30301	10
30302	3
30303	6
30304	7
30305	9
30306	5
30307	7
30308	5
30309	8
30310	7
30311	5
30312	6
30313	13
30314	5
30315	7
30316	8
30317	8
30318	5
30319	11
30320	12
30321	9
30322	2
30323	6
30324	4
30325	12
30326	7
30327	6
30328	11
30329	9
30330	6
30331	6
30332	11
30333	11
30334	9
30335	10
30336	4
30337	13
30338	18
30339	10
30340	16
30341	5
30342	7
30343	6
30344	5
30345	12
30346	11
30347	9
30348	7
30349	2
30350	10
30351	4
30352	9
30353	10
30354	11
30355	7
30356	9
30357	9
30358	9
30359	4
30360	5
30361	8
30362	7
30363	6
30364	7
30365	8
30366	8
30367	6
30368	7
30369	6
30370	8
30371	6
30372	9
30373	7
30374	8
30375	5
30376	12
30377	10
30378	14
30379	7
30380	7
30381	6
30382	3
30383	5
30384	8
30385	6
30386	6
30387	8
30388	8
30389	11
30390	1
30391	9
30392	5
30393	7
30394	5
30395	2
30396	8
30397	8
30398	8
30399	5
30400	5
30401	11
30402	12
30403	8
30404	1
30405	9
30406	9
30407	5
30408	7
30409	15
30410	5
30411	7
30412	5
30413	10
30414	8
30415	8
30416	6
30417	6
30418	10
30419	6
30420	8
30421	8
30422	11
30423	7
30424	8
30425	8
30426	8
30427	6
30428	8
30429	3
30430	10
30431	9
30432	8
30433	12
30434	7
30435	10
30436	8
30437	9
30438	6
30439	8
30440	8
30441	10
30442	7
30443	8
30444	8
30445	9
30446	5
30447	13
30448	11
30449	8
30450	7
30451	4
30452	11
30453	8
30454	6
30455	6
30456	4
30457	8
30458	6
30459	4
30460	9
30461	5
30462	6
30463	5
30464	7
30465	8
30466	6
30467	11
30468	11
30469	4
30470	7
30471	9
30472	8
30473	6
30474	10
30475	7
30476	13
30477	9
30478	12
30479	7
30480	5
30481	12
30482	5
30483	5
30484	11
30485	8
30486	14
30487	5
30488	7
30489	9
30490	7
30491	4
30492	4
30493	5
30494	7
30495	10
30496	7
30497	8
30498	5
30499	10
30500	8
30501	10
30502	8
30503	7
30504	4
30505	6
30506	12
30507	7
30508	3
30509	9
30510	12
30511	8
30512	9
30513	7
30514	6
30515	7
30516	6
30517	7
30518	6
30519	7
30520	8
30521	8
30522	11
30523	8
30524	6
30525	5
30526	4
30527	10
30528	7
30529	12
30530	6
30531	6
30532	11
30533	8
30534	7
30535	14
30536	9
30537	6
30538	7
30539	3
30540	11
30541	9
30542	7
30543	7
30544	9
30545	7
30546	14
30547	4
30548	7
30549	3
30550	4
30551	4
30552	2
30553	8
30554	10
30555	11
30556	3
30557	5
30558	9
30559	9
30560	4
30561	5
30562	6
30563	3
30564	8
30565	11
30566	10
30567	8
30568	4
30569	6
30570	5
30571	3
30572	7
30573	13
30574	8
30575	4
30576	6
30577	7
30578	9
30579	6
30580	4
30581	4
30582	11
30583	4
30584	7
30585	8
30586	6
30587	5
30588	11
30589	6
30590	8
30591	9
30592	5
30593	6
30594	8
30595	7
30596	11
30597	10
30598	8
30599	12
30600	6
30601	12
30602	7
30603	15
30604	6
30605	4
30606	2
30607	4
30608	8
30609	10
30610	6
30611	10
30612	7
30613	9
30614	7
30615	8
30616	8
30617	8
30618	10
30619	6
30620	8
30621	7
30622	4
30623	7
30624	5
30625	9
30626	7
30627	8
30628	9
30629	6
30630	6
30631	10
30632	7
30633	6
30634	7
30635	7
30636	5
30637	7
30638	7
30639	6
30640	7
30641	7
30642	5
30643	8
30644	6
30645	9
30646	10
30647	9
30648	5
30649	4
30650	11
30651	8
30652	5
30653	6
30654	10
30655	9
30656	10
30657	8
30658	4
30659	4
30660	5
30661	7
30662	13
30663	3
30664	8
30665	7
30666	9
30667	9
30668	4
30669	11
30670	10
30671	4
30672	10
30673	6
30674	5
30675	7
30676	6
30677	3
30678	4
30679	5
30680	3
30681	7
30682	5
30683	7
30684	6
30685	6
30686	12
30687	7
30688	7
30689	7
30690	6
30691	10
30692	9
30693	11
30694	7
30695	6
30696	7
30697	8
30698	8
30699	1
30700	5
30701	12
30702	9
30703	4
30704	5
30705	9
30706	5
30707	5
30708	7
30709	8
30710	5
30711	7
30712	11
30713	11
30714	9
30715	18
30716	8
30717	7
30718	4
30719	8
30720	2
30721	7
30722	5
30723	6
30724	12
30725	9
30726	10
30727	7
30728	2
30729	8
30730	5
30731	11
30732	6
30733	8
30734	6
30735	11
30736	7
30737	3
30738	4
30739	7
30740	7
30741	9
30742	7
30743	6
30744	4
30745	7
30746	5
30747	6
30748	12
30749	9
30750	7
30751	5
30752	7
30753	9
30754	4
30755	7
30756	8
30757	2
30758	5
30759	15
30760	7
30761	8
30762	4
30763	8
30764	8
30765	7
30766	7
30767	7
30768	4
30769	7
30770	6
30771	3
30772	7
30773	3
30774	9
30775	5
30776	4
30777	6
30778	12
30779	12
30780	5
30781	7
30782	9
30783	10
30784	7
30785	6
30786	8
30787	5
30788	11
30789	7
30790	8
30791	7
30792	5
30793	9
30794	7
30795	8
30796	9
30797	10
30798	3
30799	13
30800	5
30801	8
30802	11
30803	7
30804	6
30805	5
30806	6
30807	7
30808	10
30809	7
30810	9
30811	10
30812	4
30813	9
30814	5
30815	5
30816	10
30817	4
30818	4
30819	7
30820	7
30821	6
30822	10
30823	8
30824	14
30825	4
30826	5
30827	9
30828	1
30829	6
30830	4
30831	4
30832	9
30833	7
30834	9
30835	6
30836	10
30837	9
30838	3
30839	6
30840	10
30841	10
30842	10
30843	9
30844	9
30845	3
30846	13
30847	4
30848	4
30849	6
30850	8
30851	8
30852	4
30853	5
30854	11
30855	9
30856	4
30857	8
30858	5
30859	6
30860	8
30861	5
30862	9
30863	6
30864	4
30865	10
30866	5
30867	10
30868	3
30869	8
30870	7
30871	8
30872	5
30873	4
30874	6
30875	5
30876	11
30877	8
30878	9
30879	13
30880	7
30881	8
30882	11
30883	7
30884	10
30885	9
30886	7
30887	7
30888	9
30889	3
30890	6
30891	10
30892	10
30893	4
30894	6
30895	5
30896	5
30897	8
30898	6
30899	6
30900	3
30901	11
30902	9
30903	6
30904	9
30905	7
30906	5
30907	11
30908	10
30909	6
30910	9
30911	5
30912	6
30913	5
30914	9
30915	10
30916	6
30917	7
30918	4
30919	8
30920	8
30921	4
30922	5
30923	7
30924	8
30925	8
30926	5
30927	8
30928	9
30929	3
30930	8
30931	3
30932	7
30933	2
30934	6
30936	9
30937	6
30938	7
30939	6
30940	7
30941	7
30942	12
30943	9
30944	6
30945	7
30946	4
30947	5
30948	9
30949	4
30950	8
30951	6
30952	2
30953	4
30954	3
30955	5
30956	5
30957	6
30958	8
30959	8
30960	4
30961	5
30962	2
30963	4
30964	7
30965	7
30966	7
30967	7
30968	6
30969	3
30970	4
30971	2
30972	13
30973	3
30974	5
30975	7
30976	3
30977	11
30978	7
30979	6
30980	4
30981	7
30982	7
30983	7
30984	12
30985	8
30986	14
30987	5
30988	5
30989	8
30990	8
30991	2
30992	7
30993	5
30994	5
30995	6
30996	7
30997	8
30998	3
30999	5
31000	6
31001	4
31002	5
31003	6
31004	9
31005	9
31006	12
31007	4
31008	11
31009	7
31010	9
31011	4
31012	6
31013	5
31014	5
31015	4
31016	7
31017	5
31018	6
31019	5
31020	12
31021	5
31022	10
31023	4
31024	6
31025	4
31026	5
31027	10
31028	5
31029	5
31030	5
31031	6
31032	4
31033	10
31034	3
31035	1
31036	13
31037	12
31038	4
31039	2
31040	5
31041	8
31042	2
31043	7
31044	2
31045	3
31046	3
31047	11
31048	7
31049	8
31050	2
31051	3
31052	8
31053	6
31054	4
31055	5
31056	5
31057	7
31058	10
31059	5
31060	10
31061	4
31062	2
31063	6
31064	7
31065	5
31066	9
31067	6
31068	5
31069	5
31070	6
31072	5
31073	8
31074	2
31075	2
31076	3
31077	7
31078	6
31079	8
31080	3
31081	2
31082	11
31083	3
31084	6
31085	4
31086	6
31087	5
31088	4
31089	5
31090	3
31091	1
31092	3
31093	10
31094	9
31095	5
31096	6
31097	4
31098	8
31099	5
31100	11
31101	1
31102	3
31103	4
31104	5
31105	7
31106	6
31107	1
31108	1
31109	4
31110	2
31111	2
31112	4
31113	5
31114	10
31115	4
31116	3
31117	1
31118	4
31119	2
31120	2
31121	3
31122	2
31123	6
31124	2
31125	5
31126	3
31127	6
31128	2
31129	3
31130	2
31131	6
31132	4
31133	1
31134	5
31135	3
31137	5
31138	1
31139	4
31140	4
31141	4
31142	8
31143	3
31144	4
31145	5
31146	4
31147	5
31148	3
31149	2
31150	6
31151	2
31153	2
31154	3
31155	4
31156	4
31157	3
31158	2
31159	7
31160	2
31161	2
31162	1
31163	4
31164	3
31165	2
31166	3
31167	3
31168	5
31169	4
31171	1
31172	1
31173	5
31175	2
31177	2
31178	1
31180	1
31181	3
31182	4
31183	2
31184	3
31185	1
31186	1
31187	4
31188	1
31189	1
31190	2
31192	3
31194	1
31195	2
31196	1
31197	3
31198	3
31200	5
31201	1
31202	3
31203	1
31204	2
31205	1
31206	2
31208	1
31209	2
31210	1
31211	2
31212	4
31213	3
31214	4
31215	2
31216	1
31217	2
31218	2
31219	3
31220	4
31221	2
31222	1
31226	1
31227	4
31228	1
31229	3
31230	4
31231	2
31232	2
31233	3
31235	2
31236	2
31237	1
31238	1
31239	6
31241	2
31242	1
31243	2
31244	2
31245	3
31246	2
31247	2
31249	2
31250	1
31251	2
31252	2
31253	1
31254	2
31255	1
31256	4
31257	1
31258	2
31259	1
31260	1
31261	2
31263	1
31264	2
31265	3
31266	1
31268	1
31269	3
31271	4
31272	1
31273	1
31274	2
31275	1
31276	2
31277	1
31278	1
31279	2
31280	4
31282	2
31283	1
31284	3
31285	1
31286	3
31287	2
31288	1
31289	3
31290	2
31293	2
31294	2
31295	1
31298	1
31299	1
31300	2
31301	1
31303	3
31304	3
31306	1
31307	2
31308	2
31311	2
31312	1
31313	1
31314	1
31315	1
31316	1
31317	1
31318	1
31319	1
31320	2
31321	1
31322	1
31325	1
31327	1
31328	1
31332	3
31334	1
31335	1
31336	1
31338	1
31339	2
31340	2
31341	2
31342	1
31343	1
31344	2
31345	1
31347	2
31349	1
31350	3
31351	2
31353	1
31354	2
31355	1
31358	2
31359	2
31360	4
31361	2
31363	1
31366	1
31367	1
31368	2
31369	1
31370	1
31372	1
31375	1
31377	3
31378	1
31382	1
31383	1
31384	1
31386	1
31389	1
31390	3
31393	2
31395	1
31397	1
31401	1
31404	1
31405	1
31409	1
31410	1
31411	1
31416	3
31417	2
31418	1
31419	1
31420	1
31421	1
31422	2
31424	2
31425	1
31427	1
31429	1
31430	1
31432	1
31433	2
31434	1
31436	1
31437	1
31439	1
31442	1
31445	1
31448	1
31449	1
31451	1
31452	1
31453	1
31460	1
31462	2
31465	1
31470	1
31471	1
31473	1
31477	2
31481	1
31483	2
31484	1
31485	1
31490	1
31493	1
31498	2
31500	1
31501	1
31503	1
31507	1
31509	1
31511	1
31513	1
31520	1
31524	1
31528	1
31533	1
31543	1
31544	1
31545	2
31546	1
31549	1
31550	1
31553	2
31561	1
31568	1
31572	1
31573	1
31576	1
31577	1
31580	1
31593	1
31596	1
31597	2
31600	1
31603	1
31605	1
31613	1
31617	1
31618	1
31620	2
31623	1
31625	1
31631	1
31632	1
31636	1
31638	1
31651	1
31652	1
31655	1
31656	1
31657	1
31670	1
31672	1
31674	1
31681	1
31692	1
31697	1
31715	1
31719	1
31722	1
31724	1
31725	1
31727	1
31729	1
31734	1
31738	1
31742	1
31760	1
31762	1
31763	1
31766	1
31767	1
31771	1
31787	1
31793	1
31797	1
31802	1
31808	2
31825	2
31840	1
31842	1
31866	2
31879	1
31905	1
31923	1
31925	1
31930	2
31942	1
31955	1
31961	1
31964	1
31992	1
31999	2
32001	1
32002	1
32015	1
32021	1
32023	1
32034	1
32056	1
32066	2
32095	1
32098	1
32106	1
32124	1
32126	1
32127	1
32133	1
32134	1
32143	1
32153	1
32154	1
32156	1
32157	1
32158	1
32172	1
32217	1
32248	1
32253	1
32288	1
32337	1
32516	1
32527	1
32579	1
32641	1
32655	1
32716	1
32979	1
33110	1
33252	1
