dataset_id	scenario	seed	read_id	read_length	truth_array_count	screen_status	candidate_period_count	best_period	periodicity_score	repeat_start	repeat_end	repeat_span	repeat_span_fraction	unit_span_residual_fraction	shifted_identity	valid_pair_fraction	composition_adjusted_identity	maximum_truth_iou	minimum_truth_period_error_bp
at_rich_control_s1201	at_rich_control	1201	r0000001	5000	0	rejected_score	5	49	0.5384615384615385	4726	4827	101	0.0202	0.061224489795918366	0.6730769230769231	1.0	0.43456386780394923	0.0	NA
at_rich_control_s1201	at_rich_control	1201	r0000002	5000	0	rejected_score	5	50	0.7027501799856012	1251	1361	110	0.022	0.2	0.7666666666666667	1.0	0.5562192182751756	0.0	NA
at_rich_control_s1201	at_rich_control	1201	r0000003	5000	0	rejected_score	5	48	0.5283018867924528	4837	4938	101	0.0202	0.10416666666666667	0.660377358490566	1.0	0.3926208685067082	0.0	NA
at_rich_control_s1201	at_rich_control	1201	r0000004	5000	0	rejected_score	5	45	0.6676086188625927	1133	1235	102	0.0204	0.26666666666666666	0.7192982456140351	1.0	0.4983818185105499	0.0	NA
at_rich_control_s1201	at_rich_control	1201	r0000005	5000	0	rejected_score	5	50	0.512	2927	3027	100	0.02	0.0	0.64	1.0	0.3721660272061389	0.0	NA
at_rich_control_s1201	at_rich_control	1201	r0000006	5000	0	rejected_score	5	35	0.5415384615384616	4218	4318	100	0.02	0.14285714285714285	0.676923076923077	1.0	0.4341910278862995	0.0	NA
at_rich_control_s1201	at_rich_control	1201	r0000007	5000	0	rejected_score	5	57	0.6484614825052739	4405	4521	116	0.0232	0.03508771929824561	0.711864406779661	1.0	0.494240471905442	0.0	NA
at_rich_control_s1201	at_rich_control	1201	r0000008	5000	0	rejected_score	5	47	0.5283018867924528	4121	4221	100	0.02	0.1276595744680851	0.660377358490566	1.0	0.4164559424236529	0.0	NA
at_rich_control_s1201	at_rich_control	1201	r0000009	5000	0	rejected_score	5	47	0.6446656812451091	1246	1346	100	0.02	0.1276595744680851	0.6981132075471698	1.0	0.4653085503846436	0.0	NA
at_rich_control_s1201	at_rich_control	1201	r0000010	5000	0	rejected_score	5	49	0.6350083317904092	2549	2653	104	0.0208	0.12244897959183673	0.6909090909090909	1.0	0.4650996363636364	0.0	NA
at_rich_control_s1201	at_rich_control	1201	r0000011	5000	0	rejected_score	5	61	0.5333333333333333	1638	1762	124	0.0248	0.03278688524590164	0.6666666666666666	1.0	0.42515328248841033	0.0	NA
at_rich_control_s1201	at_rich_control	1201	r0000012	5000	0	rejected_score	5	46	0.5333333333333333	186	286	100	0.02	0.17391304347826086	0.6666666666666666	1.0	0.409611524383044	0.0	NA
at_rich_control_s1201	at_rich_control	1201	r0000013	5000	0	rejected_score	5	41	0.5288135593220339	1845	1945	100	0.02	0.43902439024390244	0.6610169491525424	1.0	0.403408921422989	0.0	NA
at_rich_control_s1201	at_rich_control	1201	r0000014	5000	0	rejected_score	5	42	0.5241379310344828	2716	2816	100	0.02	0.38095238095238093	0.6551724137931034	1.0	0.3870821432511614	0.0	NA
at_rich_control_s1201	at_rich_control	1201	r0000015	5000	0	rejected_score	5	46	0.5185185185185185	4113	4213	100	0.02	0.17391304347826086	0.6481481481481481	1.0	0.36050190503116714	0.0	NA
at_rich_control_s1201	at_rich_control	1201	r0000016	5000	0	rejected_score	5	49	0.5283018867924528	2089	2191	102	0.0204	0.08163265306122448	0.660377358490566	1.0	0.41884309831181726	0.0	NA
at_rich_control_s1201	at_rich_control	1201	r0000017	5000	0	rejected_score	5	46	0.6392876371919652	309	410	101	0.0202	0.1956521739130435	0.6909090909090909	1.0	0.45656043370624544	0.0	NA
at_rich_control_s1201	at_rich_control	1201	r0000018	5000	0	rejected_score	5	55	0.5473684210526316	2957	3069	112	0.0224	0.03636363636363636	0.6842105263157895	1.0	0.40450042725575214	0.0	NA
at_rich_control_s1201	at_rich_control	1201	r0000019	5000	0	rejected_score	5	58	0.5377049180327869	1102	1221	119	0.0238	0.05172413793103448	0.6721311475409836	1.0	0.390528902642146	0.0	NA
at_rich_control_s1201	at_rich_control	1201	r0000020	5000	0	rejected_score	5	48	0.5230769230769231	439	539	100	0.02	0.08333333333333333	0.6538461538461539	1.0	0.38733832539142277	0.0	NA
at_rich_control_s1201	at_rich_control	1201	r0000021	5000	0	rejected_score	5	52	0.5384615384615385	4038	4142	104	0.0208	0.0	0.6730769230769231	1.0	0.42653259811871563	0.0	NA
at_rich_control_s1201	at_rich_control	1201	r0000022	5000	0	rejected_score	5	36	0.5212121212121212	923	1025	102	0.0204	0.16666666666666666	0.6515151515151515	1.0	0.3906493506493506	0.0	NA
at_rich_control_s1201	at_rich_control	1201	r0000023	5000	0	rejected_score	5	31	0.5485714285714286	2438	2539	101	0.0202	0.25806451612903225	0.6857142857142857	1.0	0.4319580844385947	0.0	NA
at_rich_control_s1201	at_rich_control	1201	r0000024	5000	0	rejected_score	5	49	0.5283018867924528	3920	4022	102	0.0204	0.08163265306122448	0.660377358490566	1.0	0.35615270366906854	0.0	NA
at_rich_control_s1201	at_rich_control	1201	r0000025	5000	0	rejected_score	5	45	0.6420435120435121	728	828	100	0.02	0.2222222222222222	0.6909090909090909	1.0	0.4586849227829964	0.0	NA
at_rich_control_s1201	at_rich_control	1201	r0000026	5000	0	rejected_score	5	57	0.5473684210526316	4730	4844	114	0.0228	0.0	0.6842105263157895	1.0	0.42359550561797754	0.0	NA
at_rich_control_s1201	at_rich_control	1201	r0000027	5000	0	rejected_score	5	57	0.5241379310344828	1092	1207	115	0.023	0.017543859649122806	0.6551724137931034	1.0	0.39324842634563495	0.0	NA
at_rich_control_s1201	at_rich_control	1201	r0000028	5000	0	rejected_score	5	38	0.6479417769874202	594	695	101	0.0202	0.34210526315789475	0.6984126984126984	1.0	0.4562580304892075	0.0	NA
at_rich_control_s1201	at_rich_control	1201	r0000029	5000	0	rejected_score	5	52	0.5103448275862069	1809	1919	110	0.022	0.11538461538461539	0.6379310344827587	1.0	0.3513422441873527	0.0	NA
at_rich_control_s1201	at_rich_control	1201	r0000030	5000	0	rejected_score	5	54	0.5290322580645161	2404	2520	116	0.0232	0.14814814814814814	0.6612903225806451	1.0	0.38921503358954185	0.0	NA
at_rich_control_s1201	at_rich_control	1201	r0000031	5000	0	rejected_score	5	50	0.5283018867924528	286	389	103	0.0206	0.06	0.660377358490566	1.0	0.39687703318152234	0.0	NA
at_rich_control_s1201	at_rich_control	1201	r0000032	5000	0	rejected_score	5	46	0.5236363636363637	877	978	101	0.0202	0.1956521739130435	0.6545454545454545	1.0	0.35077711529443284	0.0	NA
at_rich_control_s1201	at_rich_control	1201	r0000033	5000	0	rejected_score	5	54	0.5333333333333333	712	820	108	0.0216	0.0	0.6666666666666666	1.0	0.4020301445709011	0.0	NA
at_rich_control_s1201	at_rich_control	1201	r0000034	5000	0	rejected_score	5	51	0.6388399110159018	3439	3543	104	0.0208	0.0392156862745098	0.6981132075471698	1.0	0.44863094441576973	0.0	NA
at_rich_control_s1201	at_rich_control	1201	r0000035	5000	0	rejected_score	5	55	0.5375	2005	2124	119	0.0238	0.16363636363636364	0.671875	1.0	0.37428250403986	0.0	NA
at_rich_control_s1201	at_rich_control	1201	r0000036	5000	0	rejected_score	5	50	0.646624203821656	594	694	100	0.02	0.0	0.7	1.0	0.4551398474391572	0.0	NA
at_rich_control_s1201	at_rich_control	1201	r0000037	5000	0	rejected_score	5	42	0.5066666666666667	4536	4638	102	0.0204	0.42857142857142855	0.6333333333333333	1.0	0.35560810810810806	0.0	NA
at_rich_control_s1201	at_rich_control	1201	r0000038	5000	0	rejected_score	5	53	0.5283018867924528	3486	3592	106	0.0212	0.0	0.660377358490566	1.0	0.3762667538411245	0.0	NA
at_rich_control_s1201	at_rich_control	1201	r0000039	5000	0	rejected_score	5	48	0.5230769230769231	4600	4700	100	0.02	0.08333333333333333	0.6538461538461539	1.0	0.3558730067848044	0.0	NA
at_rich_control_s1201	at_rich_control	1201	r0000040	5000	0	rejected_score	5	60	0.5217391304347826	632	761	129	0.0258	0.15	0.6521739130434783	1.0	0.36407669599610204	0.0	NA
at_rich_control_s1201	at_rich_control	1201	r0000041	5000	0	rejected_score	5	31	0.5217391304347826	997	1097	100	0.02	0.22580645161290322	0.6521739130434783	1.0	0.36666772222046295	0.0	NA
at_rich_control_s1201	at_rich_control	1201	r0000042	5000	0	rejected_score	5	52	0.5283018867924528	1559	1664	105	0.021	0.019230769230769232	0.660377358490566	1.0	0.3638566730136748	0.0	NA
at_rich_control_s1201	at_rich_control	1201	r0000043	5000	0	rejected_score	5	52	0.5333333333333333	3785	3891	106	0.0212	0.038461538461538464	0.6666666666666666	1.0	0.4288909220290738	0.0	NA
at_rich_control_s1201	at_rich_control	1201	r0000044	5000	0	rejected_score	5	50	0.5176470588235295	2883	2984	101	0.0202	0.02	0.6470588235294118	1.0	0.37406937740325613	0.0	NA
at_rich_control_s1201	at_rich_control	1201	r0000045	5000	0	rejected_score	5	57	0.5473684210526316	2092	2206	114	0.0228	0.0	0.6842105263157895	1.0	0.42793420685809874	0.0	NA
at_rich_control_s1201	at_rich_control	1201	r0000046	5000	0	rejected_score	5	40	0.5375	136	240	104	0.0208	0.4	0.671875	1.0	0.3793284365162644	0.0	NA
at_rich_control_s1201	at_rich_control	1201	r0000047	5000	0	rejected_score	5	51	0.67466958344727	4846	4950	104	0.0208	0.0392156862745098	0.7358490566037735	1.0	0.5419915672052604	0.0	NA
at_rich_control_s1201	at_rich_control	1201	r0000048	5000	0	rejected_score	5	50	0.5333333333333333	2312	2413	101	0.0202	0.02	0.6666666666666666	1.0	0.34407150205761305	0.0	NA
at_rich_control_s1201	at_rich_control	1201	r0000049	5000	0	rejected_score	5	48	0.6449602824360106	3888	3991	103	0.0206	0.14583333333333334	0.6909090909090909	1.0	0.44041886441203854	0.0	NA
at_rich_control_s1201	at_rich_control	1201	r0000050	5000	0	rejected_score	5	61	0.5161290322580645	1431	1554	123	0.0246	0.01639344262295082	0.6451612903225806	1.0	0.38843075430511753	0.0	NA
at_rich_control_s1201	at_rich_control	1201	r0000051	5000	0	rejected_score	5	39	0.5114754098360657	2165	2265	100	0.02	0.4358974358974359	0.639344262295082	1.0	0.36167126069926026	0.0	NA
at_rich_control_s1201	at_rich_control	1201	r0000052	5000	0	rejected_score	5	55	0.659569938258463	817	927	110	0.022	0.0	0.7272727272727273	1.0	0.5100950118764846	0.0	NA
at_rich_control_s1201	at_rich_control	1201	r0000053	5000	0	rejected_score	5	42	0.5288135593220339	4205	4306	101	0.0202	0.40476190476190477	0.6610169491525424	1.0	0.3733298112187541	0.0	NA
at_rich_control_s1201	at_rich_control	1201	r0000054	5000	0	rejected_score	5	43	0.5333333333333333	4653	4753	100	0.02	0.32558139534883723	0.6666666666666666	1.0	0.32414165990808314	0.0	NA
at_rich_control_s1201	at_rich_control	1201	r0000055	5000	0	rejected_score	5	33	0.5492537313432836	3332	3432	100	0.02	0.030303030303030304	0.6865671641791045	1.0	0.4590389440440188	0.0	NA
at_rich_control_s1201	at_rich_control	1201	r0000056	5000	0	rejected_score	5	47	0.5132075471698113	3193	3293	100	0.02	0.1276595744680851	0.6415094339622641	1.0	0.3228361049532756	0.0	NA
at_rich_control_s1201	at_rich_control	1201	r0000057	5000	0	rejected_score	5	48	0.6433123079411289	4585	4687	102	0.0204	0.125	0.7037037037037037	1.0	0.4493271406454687	0.0	NA
at_rich_control_s1201	at_rich_control	1201	r0000058	5000	0	rejected_score	5	45	0.6395114136964357	1800	1900	100	0.02	0.2222222222222222	0.6909090909090909	1.0	0.46836788942052104	0.0	NA
at_rich_control_s1201	at_rich_control	1201	r0000059	5000	0	rejected_score	5	32	0.5176470588235295	1083	1183	100	0.02	0.125	0.6470588235294118	1.0	0.37488279052322315	0.0	NA
at_rich_control_s1201	at_rich_control	1201	r0000060	5000	0	rejected_score	5	44	0.5241379310344828	1304	1406	102	0.0204	0.3181818181818182	0.6551724137931034	1.0	0.3734568272971442	0.0	NA
at_rich_control_s1201	at_rich_control	1201	r0000061	5000	0	rejected_score	5	42	0.642211376910153	3578	3678	100	0.02	0.38095238095238093	0.6896551724137931	1.0	0.46344255258262984	0.0	NA
at_rich_control_s1201	at_rich_control	1201	r0000062	5000	0	rejected_score	5	50	0.6414339758602055	501	603	102	0.0204	0.04	0.6923076923076923	1.0	0.43260709513811235	0.0	NA
at_rich_control_s1201	at_rich_control	1201	r0000063	5000	0	rejected_score	5	49	0.5333333333333333	1609	1709	100	0.02	0.04081632653061224	0.6666666666666666	1.0	0.4331065759637188	0.0	NA
at_rich_control_s1201	at_rich_control	1201	r0000064	5000	0	rejected_score	5	60	0.5419354838709677	4581	4703	122	0.0244	0.03333333333333333	0.6774193548387096	1.0	0.38460775152773063	0.0	NA
at_rich_control_s1201	at_rich_control	1201	r0000065	5000	0	rejected_score	5	45	0.5192982456140351	532	634	102	0.0204	0.26666666666666666	0.6491228070175439	1.0	0.40987288784521936	0.0	NA
at_rich_control_s1201	at_rich_control	1201	r0000066	5000	0	rejected_score	5	49	0.5490196078431373	1332	1432	100	0.02	0.04081632653061224	0.6862745098039216	1.0	0.43513595571465896	0.0	NA
at_rich_control_s1201	at_rich_control	1201	r0000067	5000	0	rejected_score	5	43	0.6335294117647059	1317	1424	107	0.0214	0.4883720930232558	0.6875	1.0	0.44305533935242836	0.0	NA
at_rich_control_s1201	at_rich_control	1201	r0000068	5000	0	rejected_score	5	40	0.6453862839979977	2209	2314	105	0.021	0.375	0.6923076923076923	1.0	0.4366808880259561	0.0	NA
at_rich_control_s1201	at_rich_control	1201	r0000069	5000	0	rejected_score	5	40	0.5466666666666667	3325	3425	100	0.02	0.5	0.6833333333333333	1.0	0.44889198282863446	0.0	NA
at_rich_control_s1201	at_rich_control	1201	r0000070	5000	0	rejected_score	5	30	0.6461720819969321	4122	4223	101	0.0202	0.36666666666666664	0.6901408450704225	1.0	0.41767257932265656	0.0	NA
at_rich_control_s1201	at_rich_control	1201	r0000071	5000	0	rejected_score	5	57	0.5152542372881356	957	1073	116	0.0232	0.03508771929824561	0.6440677966101694	1.0	0.3402997618714105	0.0	NA
at_rich_control_s1201	at_rich_control	1201	r0000072	5000	0	rejected_score	5	44	0.537313432835821	2272	2383	111	0.0222	0.4772727272727273	0.6716417910447762	1.0	0.4267920809666601	0.0	NA
at_rich_control_s1201	at_rich_control	1201	r0000073	5000	0	rejected_score	5	57	0.5379310344827587	3759	3874	115	0.023	0.017543859649122806	0.6724137931034483	1.0	0.41988114807084936	0.0	NA
at_rich_control_s1201	at_rich_control	1201	r0000074	5000	0	rejected_score	5	57	0.5103448275862069	312	427	115	0.023	0.017543859649122806	0.6379310344827587	1.0	0.3671210588203123	0.0	NA
at_rich_control_s1201	at_rich_control	1201	r0000075	5000	0	rejected_score	5	48	0.5076923076923077	2910	3010	100	0.02	0.08333333333333333	0.6346153846153846	1.0	0.35284340172756745	0.0	NA
at_rich_control_s1201	at_rich_control	1201	r0000076	5000	0	rejected_score	5	53	0.5381818181818182	701	809	108	0.0216	0.03773584905660377	0.6727272727272727	1.0	0.38707304256437197	0.0	NA
at_rich_control_s1201	at_rich_control	1201	r0000077	5000	0	rejected_score	5	49	0.5490196078431373	3777	3877	100	0.02	0.04081632653061224	0.6862745098039216	1.0	0.40514696587774285	0.0	NA
at_rich_control_s1201	at_rich_control	1201	r0000078	5000	0	rejected_score	5	56	0.5052631578947369	2341	2454	113	0.0226	0.017857142857142856	0.631578947368421	1.0	0.3557424786287822	0.0	NA
at_rich_control_s1201	at_rich_control	1201	r0000079	5000	0	rejected_score	5	45	0.6381438910174544	2605	2708	103	0.0206	0.28888888888888886	0.6896551724137931	1.0	0.4440310240016771	0.0	NA
at_rich_control_s1201	at_rich_control	1201	r0000080	5000	0	rejected_score	5	39	0.5245901639344263	1256	1356	100	0.02	0.4358974358974359	0.6557377049180327	1.0	0.3919775784493689	0.0	NA
at_rich_control_s1201	at_rich_control	1201	r0000081	5000	0	rejected_score	5	69	0.6277355601948504	48	192	144	0.0288	0.08695652173913043	0.6933333333333334	1.0	0.462464919695689	0.0	NA
at_rich_control_s1201	at_rich_control	1201	r0000082	5000	0	rejected_score	5	37	0.5079365079365079	4676	4776	100	0.02	0.2972972972972973	0.6349206349206349	1.0	0.36130272029502253	0.0	NA
at_rich_control_s1201	at_rich_control	1201	r0000083	5000	0	rejected_score	5	50	0.5230769230769231	4319	4421	102	0.0204	0.04	0.6538461538461539	1.0	0.36483516483516476	0.0	NA
at_rich_control_s1201	at_rich_control	1201	r0000084	5000	0	rejected_score	5	41	0.5419354838709677	3443	3546	103	0.0206	0.4878048780487805	0.6774193548387096	1.0	0.3875701387766412	0.0	NA
at_rich_control_s1201	at_rich_control	1201	r0000085	5000	0	rejected_score	5	41	0.6483853311439518	3440	3544	104	0.0208	0.4634146341463415	0.6984126984126984	1.0	0.4541552453199039	0.0	NA
at_rich_control_s1201	at_rich_control	1201	r0000086	5000	0	rejected_score	5	72	0.5157894736842106	996	1144	148	0.0296	0.05555555555555555	0.6447368421052632	1.0	0.3311256480551559	0.0	NA
at_rich_control_s1201	at_rich_control	1201	r0000087	5000	0	rejected_score	5	44	0.6584975369458129	2675	2775	100	0.02	0.2727272727272727	0.7142857142857143	1.0	0.48575542528026333	0.0	NA
at_rich_control_s1201	at_rich_control	1201	r0000088	5000	0	rejected_score	5	47	0.5185185185185185	3994	4095	101	0.0202	0.14893617021276595	0.6481481481481481	1.0	0.40099453592444245	0.0	NA
at_rich_control_s1201	at_rich_control	1201	r0000089	5000	0	rejected_score	5	41	0.5245901639344263	2770	2872	102	0.0204	0.4878048780487805	0.6557377049180327	1.0	0.29962750918404635	0.0	NA
at_rich_control_s1201	at_rich_control	1201	r0000090	5000	0	rejected_score	5	63	0.5415384615384616	60	188	128	0.0256	0.031746031746031744	0.676923076923077	1.0	0.4214981084489282	0.0	NA
at_rich_control_s1201	at_rich_control	1201	r0000091	5000	0	rejected_score	5	43	0.5473684210526316	2518	2618	100	0.02	0.32558139534883723	0.6842105263157895	1.0	0.4776885979420931	0.0	NA
at_rich_control_s1201	at_rich_control	1201	r0000092	5000	0	rejected_score	5	53	0.5132075471698113	841	947	106	0.0212	0.0	0.6415094339622641	1.0	0.37935285053929113	0.0	NA
at_rich_control_s1201	at_rich_control	1201	r0000093	5000	0	rejected_score	5	49	0.5384615384615385	2415	2516	101	0.0202	0.061224489795918366	0.6730769230769231	1.0	0.3997584039430693	0.0	NA
at_rich_control_s1201	at_rich_control	1201	r0000094	5000	0	rejected_score	5	52	0.5333333333333333	1375	1481	106	0.0212	0.038461538461538464	0.6666666666666666	1.0	0.4354336247613304	0.0	NA
at_rich_control_s1201	at_rich_control	1201	r0000095	5000	0	rejected_score	5	47	0.5433962264150943	2787	2887	100	0.02	0.1276595744680851	0.6792452830188679	1.0	0.4261990751679211	0.0	NA
at_rich_control_s1201	at_rich_control	1201	r0000096	5000	0	rejected_score	5	39	0.49836065573770494	2291	2391	100	0.02	0.4358974358974359	0.6229508196721312	1.0	0.3587598974015837	0.0	NA
at_rich_control_s1201	at_rich_control	1201	r0000097	5000	0	rejected_score	5	42	0.5333333333333333	868	973	105	0.021	0.5	0.6666666666666666	1.0	0.3975409836065573	0.0	NA
at_rich_control_s1201	at_rich_control	1201	r0000098	5000	0	rejected_score	5	43	0.5333333333333333	3845	3945	100	0.02	0.32558139534883723	0.6666666666666666	1.0	0.3989662219016708	0.0	NA
at_rich_control_s1201	at_rich_control	1201	r0000099	5000	0	rejected_score	5	53	0.5185185185185185	1282	1389	107	0.0214	0.018867924528301886	0.6481481481481481	1.0	0.3905670420799014	0.0	NA
at_rich_control_s1201	at_rich_control	1201	r0000100	5000	0	rejected_score	5	83	0.5238095238095238	359	526	167	0.0334	0.012048192771084338	0.6547619047619048	1.0	0.38750984490488316	0.0	NA
clean_171_s1201	clean_171	1201	r0000001	5000	1	accepted	5	171	1.0	1474	3526	2052	0.4104	0.0	1.0	1.0	1.0	1.0	0
clean_171_s1201	clean_171	1201	r0000002	5000	0	no_spacing_peak	0	0	0.0	0	0	0	0.0	1.0	0.0	0.0	0.0	0.0	NA
clean_171_s1201	clean_171	1201	r0000003	5000	1	accepted	5	171	0.9998698763825635	1473	3526	2053	0.4106	0.005847953216374269	1.0	1.0	1.0	0.9995129079396006	0
clean_171_s1201	clean_171	1201	r0000004	5000	1	accepted	5	171	1.0	1474	3526	2052	0.4104	0.0	1.0	1.0	1.0	1.0	0
clean_171_s1201	clean_171	1201	r0000005	5000	0	rejected_score	1	48	0.3703703703703704	161	263	102	0.0204	0.125	0.46296296296296297	1.0	0.28053910206884713	0.0	NA
clean_171_s1201	clean_171	1201	r0000006	5000	1	accepted	5	171	1.0	1474	3527	2053	0.4106	0.005847953216374269	1.0	1.0	1.0	0.9995129079396006	0
clean_171_s1201	clean_171	1201	r0000007	5000	1	accepted	5	171	0.999739921976593	1474	3526	2052	0.4104	0.0	1.0	1.0	1.0	1.0	0
clean_171_s1201	clean_171	1201	r0000008	5000	1	accepted	5	171	1.0	1474	3527	2053	0.4106	0.005847953216374269	1.0	1.0	1.0	0.9995129079396006	0
clean_171_s1201	clean_171	1201	r0000009	5000	1	accepted	5	171	0.9998698763825635	1474	3526	2052	0.4104	0.0	1.0	1.0	1.0	1.0	0
clean_171_s1201	clean_171	1201	r0000010	5000	1	accepted	5	171	1.0	1472	3526	2054	0.4108	0.011695906432748537	1.0	1.0	1.0	0.9990262901655307	0
clean_171_s1201	clean_171	1201	r0000011	5000	0	no_spacing_peak	0	0	0.0	0	0	0	0.0	1.0	0.0	0.0	0.0	0.0	NA
clean_171_s1201	clean_171	1201	r0000012	5000	0	no_spacing_peak	0	0	0.0	0	0	0	0.0	1.0	0.0	0.0	0.0	0.0	NA
clean_171_s1201	clean_171	1201	r0000013	5000	1	accepted	5	171	1.0	1474	3526	2052	0.4104	0.0	1.0	1.0	1.0	1.0	0
clean_171_s1201	clean_171	1201	r0000014	5000	1	accepted	5	171	1.0	1474	3526	2052	0.4104	0.0	1.0	1.0	1.0	1.0	0
clean_171_s1201	clean_171	1201	r0000015	5000	1	accepted	5	171	1.0	1474	3528	2054	0.4108	0.011695906432748537	1.0	1.0	1.0	0.9990262901655307	0
clean_171_s1201	clean_171	1201	r0000016	5000	1	accepted	5	171	1.0	1473	3526	2053	0.4106	0.005847953216374269	1.0	1.0	1.0	0.9995129079396006	0
clean_171_s1201	clean_171	1201	r0000017	5000	0	no_spacing_peak	0	0	0.0	0	0	0	0.0	1.0	0.0	0.0	0.0	0.0	NA
clean_171_s1201	clean_171	1201	r0000018	5000	1	accepted	5	171	1.0	1474	3526	2052	0.4104	0.0	1.0	1.0	1.0	1.0	0
clean_171_s1201	clean_171	1201	r0000019	5000	1	accepted	5	171	1.0	1474	3526	2052	0.4104	0.0	1.0	1.0	1.0	1.0	0
clean_171_s1201	clean_171	1201	r0000020	5000	1	accepted	5	171	1.0	1474	3526	2052	0.4104	0.0	1.0	1.0	1.0	1.0	0
clean_171_s1201	clean_171	1201	r0000021	5000	1	accepted	5	171	1.0	1474	3529	2055	0.411	0.017543859649122806	1.0	1.0	1.0	0.9985401459854014	0
clean_171_s1201	clean_171	1201	r0000022	5000	1	accepted	5	171	1.0	1474	3528	2054	0.4108	0.011695906432748537	1.0	1.0	1.0	0.9990262901655307	0
clean_171_s1201	clean_171	1201	r0000023	5000	1	accepted	5	171	1.0	1474	3526	2052	0.4104	0.0	1.0	1.0	1.0	1.0	0
clean_171_s1201	clean_171	1201	r0000024	5000	1	accepted	5	171	1.0	1474	3526	2052	0.4104	0.0	1.0	1.0	1.0	1.0	0
clean_171_s1201	clean_171	1201	r0000025	5000	1	accepted	5	171	1.0	1474	3526	2052	0.4104	0.0	1.0	1.0	1.0	1.0	0
clean_171_s1201	clean_171	1201	r0000026	5000	1	accepted	5	171	1.0	1474	3526	2052	0.4104	0.0	1.0	1.0	1.0	1.0	0
clean_171_s1201	clean_171	1201	r0000027	5000	1	accepted	5	171	1.0	1474	3529	2055	0.411	0.017543859649122806	1.0	1.0	1.0	0.9985401459854014	0
clean_171_s1201	clean_171	1201	r0000028	5000	0	no_spacing_peak	0	0	0.0	0	0	0	0.0	1.0	0.0	0.0	0.0	0.0	NA
clean_171_s1201	clean_171	1201	r0000029	5000	1	accepted	5	171	1.0	1474	3526	2052	0.4104	0.0	1.0	1.0	1.0	1.0	0
clean_171_s1201	clean_171	1201	r0000030	5000	0	rejected_score	2	47	0.35555555555555557	1792	1893	101	0.0202	0.14893617021276595	0.4444444444444444	1.0	0.2586051514622943	0.0	NA
clean_171_s1201	clean_171	1201	r0000031	5000	1	accepted	5	171	0.9998698763825635	1474	3526	2052	0.4104	0.0	1.0	1.0	1.0	1.0	0
clean_171_s1201	clean_171	1201	r0000032	5000	1	accepted	5	171	1.0	1474	3527	2053	0.4106	0.005847953216374269	1.0	1.0	1.0	0.9995129079396006	0
clean_171_s1201	clean_171	1201	r0000033	5000	1	accepted	5	171	1.0	1474	3526	2052	0.4104	0.0	1.0	1.0	1.0	1.0	0
clean_171_s1201	clean_171	1201	r0000034	5000	0	no_spacing_peak	0	0	0.0	0	0	0	0.0	1.0	0.0	0.0	0.0	0.0	NA
clean_171_s1201	clean_171	1201	r0000035	5000	0	no_spacing_peak	0	0	0.0	0	0	0	0.0	1.0	0.0	0.0	0.0	0.0	NA
clean_171_s1201	clean_171	1201	r0000036	5000	0	no_spacing_peak	0	0	0.0	0	0	0	0.0	1.0	0.0	0.0	0.0	0.0	NA
clean_171_s1201	clean_171	1201	r0000037	5000	1	accepted	5	171	1.0	1474	3527	2053	0.4106	0.005847953216374269	1.0	1.0	1.0	0.9995129079396006	0
clean_171_s1201	clean_171	1201	r0000038	5000	0	rejected_score	1	43	0.42105263157894735	4578	4678	100	0.02	0.32558139534883723	0.5263157894736842	1.0	0.36281381419650816	0.0	NA
clean_171_s1201	clean_171	1201	r0000039	5000	1	accepted	5	171	1.0	1474	3528	2054	0.4108	0.011695906432748537	1.0	1.0	1.0	0.9990262901655307	0
clean_171_s1201	clean_171	1201	r0000040	5000	1	accepted	5	171	1.0	1474	3526	2052	0.4104	0.0	1.0	1.0	1.0	1.0	0
clean_171_s1201	clean_171	1201	r0000041	5000	0	no_spacing_peak	0	0	0.0	0	0	0	0.0	1.0	0.0	0.0	0.0	0.0	NA
clean_171_s1201	clean_171	1201	r0000042	5000	1	accepted	5	171	1.0	1472	3526	2054	0.4108	0.011695906432748537	1.0	1.0	1.0	0.9990262901655307	0
clean_171_s1201	clean_171	1201	r0000043	5000	1	accepted	5	171	1.0	1473	3526	2053	0.4106	0.005847953216374269	1.0	1.0	1.0	0.9995129079396006	0
clean_171_s1201	clean_171	1201	r0000044	5000	1	accepted	5	171	1.0	1474	3527	2053	0.4106	0.005847953216374269	1.0	1.0	1.0	0.9995129079396006	0
clean_171_s1201	clean_171	1201	r0000045	5000	1	accepted	5	171	0.9995758218451749	1474	3531	2057	0.4114	0.029239766081871343	0.9994697773064687	1.0	0.9992923967434915	0.997569275644142	0
clean_171_s1201	clean_171	1201	r0000046	5000	1	accepted	5	171	1.0	1473	3526	2053	0.4106	0.005847953216374269	1.0	1.0	1.0	0.9995129079396006	0
clean_171_s1201	clean_171	1201	r0000047	5000	1	accepted	5	171	1.0	1474	3527	2053	0.4106	0.005847953216374269	1.0	1.0	1.0	0.9995129079396006	0
clean_171_s1201	clean_171	1201	r0000048	5000	1	accepted	5	171	0.9998699609882965	1474	3526	2052	0.4104	0.0	1.0	1.0	1.0	1.0	0
clean_171_s1201	clean_171	1201	r0000049	5000	1	accepted	5	171	0.999739921976593	1474	3526	2052	0.4104	0.0	1.0	1.0	1.0	1.0	0
clean_171_s1201	clean_171	1201	r0000050	5000	0	no_spacing_peak	0	0	0.0	0	0	0	0.0	1.0	0.0	0.0	0.0	0.0	NA
clean_171_s1201	clean_171	1201	r0000051	5000	1	accepted	5	171	1.0	1474	3526	2052	0.4104	0.0	1.0	1.0	1.0	1.0	0
clean_171_s1201	clean_171	1201	r0000052	5000	0	rejected_score	1	37	0.33015873015873015	3226	3326	100	0.02	0.2972972972972973	0.4126984126984127	1.0	0.2099790324164819	0.0	NA
clean_171_s1201	clean_171	1201	r0000053	5000	1	accepted	5	171	1.0	1474	3526	2052	0.4104	0.0	1.0	1.0	1.0	1.0	0
clean_171_s1201	clean_171	1201	r0000054	5000	0	no_spacing_peak	0	0	0.0	0	0	0	0.0	1.0	0.0	0.0	0.0	0.0	NA
clean_171_s1201	clean_171	1201	r0000055	5000	0	no_spacing_peak	0	0	0.0	0	0	0	0.0	1.0	0.0	0.0	0.0	0.0	NA
clean_171_s1201	clean_171	1201	r0000056	5000	1	accepted	5	171	1.0	1474	3526	2052	0.4104	0.0	1.0	1.0	1.0	1.0	0
clean_171_s1201	clean_171	1201	r0000057	5000	1	accepted	5	171	1.0	1472	3526	2054	0.4108	0.011695906432748537	1.0	1.0	1.0	0.9990262901655307	0
clean_171_s1201	clean_171	1201	r0000058	5000	1	accepted	5	171	1.0	1474	3526	2052	0.4104	0.0	1.0	1.0	1.0	1.0	0
clean_171_s1201	clean_171	1201	r0000059	5000	1	accepted	5	171	1.0	1474	3528	2054	0.4108	0.011695906432748537	1.0	1.0	1.0	0.9990262901655307	0
clean_171_s1201	clean_171	1201	r0000060	5000	1	accepted	5	171	1.0	1474	3526	2052	0.4104	0.0	1.0	1.0	1.0	1.0	0
clean_171_s1201	clean_171	1201	r0000061	5000	1	accepted	5	171	1.0	1473	3526	2053	0.4106	0.005847953216374269	1.0	1.0	1.0	0.9995129079396006	0
clean_171_s1201	clean_171	1201	r0000062	5000	0	no_spacing_peak	0	0	0.0	0	0	0	0.0	1.0	0.0	0.0	0.0	0.0	NA
clean_171_s1201	clean_171	1201	r0000063	5000	1	accepted	5	171	1.0	1474	3526	2052	0.4104	0.0	1.0	1.0	1.0	1.0	0
clean_171_s1201	clean_171	1201	r0000064	5000	1	accepted	5	171	0.9998698763825635	1473	3527	2054	0.4108	0.011695906432748537	1.0	1.0	1.0	0.9990262901655307	0
clean_171_s1201	clean_171	1201	r0000065	5000	1	accepted	5	171	1.0	1474	3526	2052	0.4104	0.0	1.0	1.0	1.0	1.0	0
clean_171_s1201	clean_171	1201	r0000066	5000	1	accepted	5	171	1.0	1474	3527	2053	0.4106	0.005847953216374269	1.0	1.0	1.0	0.9995129079396006	0
clean_171_s1201	clean_171	1201	r0000067	5000	1	accepted	5	171	1.0	1473	3526	2053	0.4106	0.005847953216374269	1.0	1.0	1.0	0.9995129079396006	0
clean_171_s1201	clean_171	1201	r0000068	5000	1	accepted	5	171	0.9995755968169762	1470	3526	2056	0.4112	0.023391812865497075	0.9994694960212201	1.0	0.9992910105164312	0.9980544747081712	0
clean_171_s1201	clean_171	1201	r0000069	5000	1	accepted	5	171	1.0	1474	3526	2052	0.4104	0.0	1.0	1.0	1.0	1.0	0
clean_171_s1201	clean_171	1201	r0000070	5000	1	accepted	5	171	1.0	1474	3526	2052	0.4104	0.0	1.0	1.0	1.0	1.0	0
clean_171_s1201	clean_171	1201	r0000071	5000	1	accepted	5	171	1.0	1474	3526	2052	0.4104	0.0	1.0	1.0	1.0	1.0	0
clean_171_s1201	clean_171	1201	r0000072	5000	0	no_spacing_peak	0	0	0.0	0	0	0	0.0	1.0	0.0	0.0	0.0	0.0	NA
clean_171_s1201	clean_171	1201	r0000073	5000	1	accepted	5	171	1.0	1472	3526	2054	0.4108	0.011695906432748537	1.0	1.0	1.0	0.9990262901655307	0
clean_171_s1201	clean_171	1201	r0000074	5000	1	accepted	5	171	1.0	1474	3526	2052	0.4104	0.0	1.0	1.0	1.0	1.0	0
clean_171_s1201	clean_171	1201	r0000075	5000	1	accepted	5	171	1.0	1474	3526	2052	0.4104	0.0	1.0	1.0	1.0	1.0	0
clean_171_s1201	clean_171	1201	r0000076	5000	1	accepted	5	171	1.0	1474	3526	2052	0.4104	0.0	1.0	1.0	1.0	1.0	0
clean_171_s1201	clean_171	1201	r0000077	5000	0	no_spacing_peak	0	0	0.0	0	0	0	0.0	1.0	0.0	0.0	0.0	0.0	NA
clean_171_s1201	clean_171	1201	r0000078	5000	1	accepted	5	171	1.0	1474	3526	2052	0.4104	0.0	1.0	1.0	1.0	1.0	0
clean_171_s1201	clean_171	1201	r0000079	5000	0	no_spacing_peak	0	0	0.0	0	0	0	0.0	1.0	0.0	0.0	0.0	0.0	NA
clean_171_s1201	clean_171	1201	r0000080	5000	0	no_spacing_peak	0	0	0.0	0	0	0	0.0	1.0	0.0	0.0	0.0	0.0	NA
clean_171_s1201	clean_171	1201	r0000081	5000	1	accepted	5	171	0.9994454731995397	1470	3526	2056	0.4112	0.023391812865497075	0.9994694960212201	1.0	0.9992859009231352	0.9980544747081712	0
clean_171_s1201	clean_171	1201	r0000082	5000	0	no_spacing_peak	0	0	0.0	0	0	0	0.0	1.0	0.0	0.0	0.0	0.0	NA
clean_171_s1201	clean_171	1201	r0000083	5000	1	accepted	5	171	1.0	1474	3526	2052	0.4104	0.0	1.0	1.0	1.0	1.0	0
clean_171_s1201	clean_171	1201	r0000084	5000	1	accepted	5	171	1.0	1474	3526	2052	0.4104	0.0	1.0	1.0	1.0	1.0	0
clean_171_s1201	clean_171	1201	r0000085	5000	0	no_spacing_peak	0	0	0.0	0	0	0	0.0	1.0	0.0	0.0	0.0	0.0	NA
clean_171_s1201	clean_171	1201	r0000086	5000	1	accepted	5	171	1.0	1474	3526	2052	0.4104	0.0	1.0	1.0	1.0	1.0	0
clean_171_s1201	clean_171	1201	r0000087	5000	1	accepted	5	171	1.0	1474	3526	2052	0.4104	0.0	1.0	1.0	1.0	1.0	0
clean_171_s1201	clean_171	1201	r0000088	5000	0	rejected_score	1	101	0.3643564356435644	1399	1601	202	0.0404	0.0	0.45544554455445546	1.0	0.27094953737121863	0.0	NA
clean_171_s1201	clean_171	1201	r0000089	5000	0	rejected_score	1	30	0.4	3740	3842	102	0.0204	0.4	0.5	1.0	0.31172267795713154	0.0	NA
clean_171_s1201	clean_171	1201	r0000090	5000	0	no_spacing_peak	0	0	0.0	0	0	0	0.0	1.0	0.0	0.0	0.0	0.0	NA
clean_171_s1201	clean_171	1201	r0000091	5000	1	accepted	5	171	1.0	1474	3527	2053	0.4106	0.005847953216374269	1.0	1.0	1.0	0.9995129079396006	0
clean_171_s1201	clean_171	1201	r0000092	5000	1	accepted	5	171	1.0	1474	3526	2052	0.4104	0.0	1.0	1.0	1.0	1.0	0
clean_171_s1201	clean_171	1201	r0000093	5000	0	no_spacing_peak	0	0	0.0	0	0	0	0.0	1.0	0.0	0.0	0.0	0.0	NA
clean_171_s1201	clean_171	1201	r0000094	5000	0	rejected_score	1	61	0.4	4596	4719	123	0.0246	0.01639344262295082	0.5	1.0	0.3311671087533156	0.0	NA
clean_171_s1201	clean_171	1201	r0000095	5000	1	accepted	5	171	1.0	1473	3526	2053	0.4106	0.005847953216374269	1.0	1.0	1.0	0.9995129079396006	0
clean_171_s1201	clean_171	1201	r0000096	5000	1	accepted	5	171	1.0	1474	3527	2053	0.4106	0.005847953216374269	1.0	1.0	1.0	0.9995129079396006	0
clean_171_s1201	clean_171	1201	r0000097	5000	1	accepted	5	171	1.0	1474	3527	2053	0.4106	0.005847953216374269	1.0	1.0	1.0	0.9995129079396006	0
clean_171_s1201	clean_171	1201	r0000098	5000	0	rejected_score	1	55	0.3781818181818182	4166	4276	110	0.022	0.0	0.4727272727272727	1.0	0.29126860697622753	0.0	NA
clean_171_s1201	clean_171	1201	r0000099	5000	0	no_spacing_peak	0	0	0.0	0	0	0	0.0	1.0	0.0	0.0	0.0	0.0	NA
clean_171_s1201	clean_171	1201	r0000100	5000	1	accepted	5	171	1.0	1474	3526	2052	0.4104	0.0	1.0	1.0	1.0	1.0	0
clean_421_s1201	clean_421	1201	r0000001	5000	0	no_spacing_peak	0	0	0.0	0	0	0	0.0	1.0	0.0	0.0	0.0	0.0	NA
clean_421_s1201	clean_421	1201	r0000002	5000	1	accepted	2	421	1.0	816	4185	3369	0.6738	0.0023752969121140144	1.0	1.0	1.0	0.9997031760166222	0
clean_421_s1201	clean_421	1201	r0000003	5000	1	accepted	2	421	1.0	816	4184	3368	0.6736	0.0	1.0	1.0	1.0	1.0	0
clean_421_s1201	clean_421	1201	r0000004	5000	1	accepted	2	421	1.0	815	4184	3369	0.6738	0.0023752969121140144	1.0	1.0	1.0	0.9997031760166222	0
clean_421_s1201	clean_421	1201	r0000005	5000	1	accepted	2	421	1.0	816	4184	3368	0.6736	0.0	1.0	1.0	1.0	1.0	0
clean_421_s1201	clean_421	1201	r0000006	5000	1	accepted	2	421	1.0	815	4184	3369	0.6738	0.0023752969121140144	1.0	1.0	1.0	0.9997031760166222	0
clean_421_s1201	clean_421	1201	r0000007	5000	0	rejected_score	1	44	0.37894736842105264	4244	4345	101	0.0202	0.29545454545454547	0.47368421052631576	1.0	0.29244236051383066	0.0	NA
clean_421_s1201	clean_421	1201	r0000008	5000	1	accepted	4	421	0.9996101364522417	814	4184	3370	0.674	0.004750593824228029	1.0	1.0	1.0	0.9994065281899109	0
clean_421_s1201	clean_421	1201	r0000009	5000	0	no_spacing_peak	0	0	0.0	0	0	0	0.0	1.0	0.0	0.0	0.0	0.0	NA
clean_421_s1201	clean_421	1201	r0000010	5000	1	accepted	3	421	0.9994157740993185	816	4185	3369	0.6738	0.0023752969121140144	1.0	1.0	1.0	0.9997031760166222	0
clean_421_s1201	clean_421	1201	r0000011	5000	1	accepted	2	421	1.0	815	4184	3369	0.6738	0.0023752969121140144	1.0	1.0	1.0	0.9997031760166222	0
clean_421_s1201	clean_421	1201	r0000012	5000	0	rejected_score	1	55	0.41428571428571437	3954	4065	111	0.0222	0.01818181818181818	0.5178571428571429	1.0	0.34905959425190203	0.0	NA
clean_421_s1201	clean_421	1201	r0000013	5000	1	accepted	2	421	1.0	816	4185	3369	0.6738	0.0023752969121140144	1.0	1.0	1.0	0.9997031760166222	0
clean_421_s1201	clean_421	1201	r0000014	5000	1	accepted	2	421	0.9998048780487805	816	4184	3368	0.6736	0.0	1.0	1.0	1.0	1.0	0
clean_421_s1201	clean_421	1201	r0000015	5000	0	rejected_score	1	45	0.3490909090909091	1741	1841	100	0.02	0.2222222222222222	0.43636363636363634	1.0	0.24058695279390505	0.0	NA
clean_421_s1201	clean_421	1201	r0000016	5000	1	accepted	2	421	0.999729089061971	814	4188	3374	0.6748	0.014251781472684086	0.9996613613274636	1.0	0.9995471804165732	0.998221695317131	0
clean_421_s1201	clean_421	1201	r0000017	5000	0	no_spacing_peak	0	0	0.0	0	0	0	0.0	1.0	0.0	0.0	0.0	0.0	NA
clean_421_s1201	clean_421	1201	r0000018	5000	0	no_spacing_peak	0	0	0.0	0	0	0	0.0	1.0	0.0	0.0	0.0	0.0	NA
clean_421_s1201	clean_421	1201	r0000019	5000	1	accepted	2	421	1.0	816	4185	3369	0.6738	0.0023752969121140144	1.0	1.0	1.0	0.9997031760166222	0
clean_421_s1201	clean_421	1201	r0000020	5000	0	no_spacing_peak	0	0	0.0	0	0	0	0.0	1.0	0.0	0.0	0.0	0.0	NA
clean_421_s1201	clean_421	1201	r0000021	5000	1	accepted	2	421	1.0	814	4184	3370	0.674	0.004750593824228029	1.0	1.0	1.0	0.9994065281899109	0
clean_421_s1201	clean_421	1201	r0000022	5000	1	accepted	3	421	1.0	815	4184	3369	0.6738	0.0023752969121140144	1.0	1.0	1.0	0.9997031760166222	0
clean_421_s1201	clean_421	1201	r0000023	5000	0	rejected_score	1	45	0.36363636363636365	553	653	100	0.02	0.2222222222222222	0.45454545454545453	1.0	0.2709776190129036	0.0	NA
clean_421_s1201	clean_421	1201	r0000024	5000	1	accepted	2	421	0.9998048780487805	816	4188	3372	0.6744	0.009501187648456057	1.0	1.0	1.0	0.9988137603795967	0
clean_421_s1201	clean_421	1201	r0000025	5000	1	accepted	2	421	1.0	816	4184	3368	0.6736	0.0	1.0	1.0	1.0	1.0	0
clean_421_s1201	clean_421	1201	r0000026	5000	0	no_spacing_peak	0	0	0.0	0	0	0	0.0	1.0	0.0	0.0	0.0	0.0	NA
clean_421_s1201	clean_421	1201	r0000027	5000	1	accepted	2	421	1.0	815	4184	3369	0.6738	0.0023752969121140144	1.0	1.0	1.0	0.9997031760166222	0
clean_421_s1201	clean_421	1201	r0000028	5000	1	accepted	2	421	1.0	816	4184	3368	0.6736	0.0	1.0	1.0	1.0	1.0	0
clean_421_s1201	clean_421	1201	r0000029	5000	1	accepted	2	421	1.0	816	4184	3368	0.6736	0.0	1.0	1.0	1.0	1.0	0
clean_421_s1201	clean_421	1201	r0000030	5000	1	accepted	2	421	1.0	816	4184	3368	0.6736	0.0	1.0	1.0	1.0	1.0	0
clean_421_s1201	clean_421	1201	r0000031	5000	1	accepted	2	421	1.0	816	4186	3370	0.674	0.004750593824228029	1.0	1.0	1.0	0.9994065281899109	0
clean_421_s1201	clean_421	1201	r0000032	5000	0	rejected_score	1	53	0.4075471698113208	2595	2701	106	0.0212	0.0	0.5094339622641509	1.0	0.3276408880214687	0.0	NA
clean_421_s1201	clean_421	1201	r0000033	5000	1	accepted	2	421	1.0	816	4184	3368	0.6736	0.0	1.0	1.0	1.0	1.0	0
clean_421_s1201	clean_421	1201	r0000034	5000	1	accepted	2	421	1.0	814	4184	3370	0.674	0.004750593824228029	1.0	1.0	1.0	0.9994065281899109	0
clean_421_s1201	clean_421	1201	r0000035	5000	1	accepted	2	421	1.0	816	4186	3370	0.674	0.004750593824228029	1.0	1.0	1.0	0.9994065281899109	0
clean_421_s1201	clean_421	1201	r0000036	5000	1	accepted	2	421	1.0	816	4184	3368	0.6736	0.0	1.0	1.0	1.0	1.0	0
clean_421_s1201	clean_421	1201	r0000037	5000	1	accepted	2	421	1.0	815	4185	3370	0.674	0.004750593824228029	1.0	1.0	1.0	0.9994065281899109	0
clean_421_s1201	clean_421	1201	r0000038	5000	1	accepted	3	421	1.0	816	4184	3368	0.6736	0.0	1.0	1.0	1.0	1.0	0
clean_421_s1201	clean_421	1201	r0000039	5000	0	rejected_score	4	56	0.4285714285714286	4204	4316	112	0.0224	0.0	0.5357142857142857	1.0	0.3792368364954167	0.0	NA
clean_421_s1201	clean_421	1201	r0000040	5000	1	accepted	2	421	0.9998048780487805	816	4184	3368	0.6736	0.0	1.0	1.0	1.0	1.0	0
clean_421_s1201	clean_421	1201	r0000041	5000	0	rejected_score	1	69	0.35942028985507246	2827	2965	138	0.0276	0.0	0.4492753623188406	1.0	0.24350836699365264	0.0	NA
clean_421_s1201	clean_421	1201	r0000042	5000	0	no_spacing_peak	0	0	0.0	0	0	0	0.0	1.0	0.0	0.0	0.0	0.0	NA
clean_421_s1201	clean_421	1201	r0000043	5000	1	accepted	2	421	1.0	816	4185	3369	0.6738	0.0023752969121140144	1.0	1.0	1.0	0.9997031760166222	0
clean_421_s1201	clean_421	1201	r0000044	5000	1	accepted	2	421	0.9998048780487805	815	4185	3370	0.674	0.004750593824228029	1.0	1.0	1.0	0.9994065281899109	0
clean_421_s1201	clean_421	1201	r0000045	5000	1	accepted	2	421	1.0	816	4184	3368	0.6736	0.0	1.0	1.0	1.0	1.0	0
clean_421_s1201	clean_421	1201	r0000046	5000	0	no_spacing_peak	0	0	0.0	0	0	0	0.0	1.0	0.0	0.0	0.0	0.0	NA
clean_421_s1201	clean_421	1201	r0000047	5000	1	accepted	2	421	1.0	816	4185	3369	0.6738	0.0023752969121140144	1.0	1.0	1.0	0.9997031760166222	0
clean_421_s1201	clean_421	1201	r0000048	5000	1	accepted	2	421	1.0	816	4184	3368	0.6736	0.0	1.0	1.0	1.0	1.0	0
clean_421_s1201	clean_421	1201	r0000049	5000	1	accepted	2	421	1.0	816	4184	3368	0.6736	0.0	1.0	1.0	1.0	1.0	0
clean_421_s1201	clean_421	1201	r0000050	5000	1	accepted	2	421	1.0	815	4184	3369	0.6738	0.0023752969121140144	1.0	1.0	1.0	0.9997031760166222	0
clean_421_s1201	clean_421	1201	r0000051	5000	1	accepted	3	421	0.9998048780487805	816	4184	3368	0.6736	0.0	1.0	1.0	1.0	1.0	0
clean_421_s1201	clean_421	1201	r0000052	5000	1	accepted	2	421	0.9998048780487805	815	4184	3369	0.6738	0.0023752969121140144	1.0	1.0	1.0	0.9997031760166222	0
clean_421_s1201	clean_421	1201	r0000053	5000	1	accepted	2	421	1.0	816	4184	3368	0.6736	0.0	1.0	1.0	1.0	1.0	0
clean_421_s1201	clean_421	1201	r0000054	5000	1	accepted	2	421	1.0	816	4184	3368	0.6736	0.0	1.0	1.0	1.0	1.0	0
clean_421_s1201	clean_421	1201	r0000055	5000	1	accepted	2	421	1.0	816	4184	3368	0.6736	0.0	1.0	1.0	1.0	1.0	0
clean_421_s1201	clean_421	1201	r0000056	5000	1	accepted	2	421	1.0	814	4186	3372	0.6744	0.009501187648456057	1.0	1.0	1.0	0.9988137603795967	0
clean_421_s1201	clean_421	1201	r0000057	5000	1	accepted	2	421	1.0	816	4184	3368	0.6736	0.0	1.0	1.0	1.0	1.0	0
clean_421_s1201	clean_421	1201	r0000058	5000	1	accepted	2	421	1.0	816	4184	3368	0.6736	0.0	1.0	1.0	1.0	1.0	0
clean_421_s1201	clean_421	1201	r0000059	5000	0	rejected_score	1	33	0.35820895522388063	547	647	100	0.02	0.030303030303030304	0.44776119402985076	1.0	0.2599319137360637	0.0	NA
clean_421_s1201	clean_421	1201	r0000060	5000	1	accepted	2	421	1.0	816	4184	3368	0.6736	0.0	1.0	1.0	1.0	1.0	0
clean_421_s1201	clean_421	1201	r0000061	5000	1	accepted	2	421	1.0	816	4184	3368	0.6736	0.0	1.0	1.0	1.0	1.0	0
clean_421_s1201	clean_421	1201	r0000062	5000	1	accepted	2	421	1.0	816	4184	3368	0.6736	0.0	1.0	1.0	1.0	1.0	0
clean_421_s1201	clean_421	1201	r0000063	5000	1	accepted	2	421	1.0	816	4184	3368	0.6736	0.0	1.0	1.0	1.0	1.0	0
clean_421_s1201	clean_421	1201	r0000064	5000	1	accepted	3	421	0.9996101364522417	816	4184	3368	0.6736	0.0	1.0	1.0	1.0	1.0	0
clean_421_s1201	clean_421	1201	r0000065	5000	1	accepted	2	421	1.0	815	4185	3370	0.674	0.004750593824228029	1.0	1.0	1.0	0.9994065281899109	0
clean_421_s1201	clean_421	1201	r0000066	5000	1	accepted	2	421	1.0	816	4185	3369	0.6738	0.0023752969121140144	1.0	1.0	1.0	0.9997031760166222	0
clean_421_s1201	clean_421	1201	r0000067	5000	0	no_spacing_peak	0	0	0.0	0	0	0	0.0	1.0	0.0	0.0	0.0	0.0	NA
clean_421_s1201	clean_421	1201	r0000068	5000	0	no_spacing_peak	0	0	0.0	0	0	0	0.0	1.0	0.0	0.0	0.0	0.0	NA
clean_421_s1201	clean_421	1201	r0000069	5000	1	accepted	2	421	1.0	815	4184	3369	0.6738	0.0023752969121140144	1.0	1.0	1.0	0.9997031760166222	0
clean_421_s1201	clean_421	1201	r0000070	5000	0	no_spacing_peak	0	0	0.0	0	0	0	0.0	1.0	0.0	0.0	0.0	0.0	NA
clean_421_s1201	clean_421	1201	r0000071	5000	0	no_spacing_peak	0	0	0.0	0	0	0	0.0	1.0	0.0	0.0	0.0	0.0	NA
clean_421_s1201	clean_421	1201	r0000072	5000	1	accepted	3	421	0.9990281827016522	816	4184	3368	0.6736	0.0	1.0	1.0	1.0	1.0	0
clean_421_s1201	clean_421	1201	r0000073	5000	1	accepted	2	421	1.0	816	4184	3368	0.6736	0.0	1.0	1.0	1.0	1.0	0
clean_421_s1201	clean_421	1201	r0000074	5000	0	no_spacing_peak	0	0	0.0	0	0	0	0.0	1.0	0.0	0.0	0.0	0.0	NA
clean_421_s1201	clean_421	1201	r0000075	5000	1	accepted	2	421	0.9998048780487805	816	4186	3370	0.674	0.004750593824228029	1.0	1.0	1.0	0.9994065281899109	0
clean_421_s1201	clean_421	1201	r0000076	5000	1	accepted	2	421	0.9998048780487805	815	4185	3370	0.674	0.004750593824228029	1.0	1.0	1.0	0.9994065281899109	0
clean_421_s1201	clean_421	1201	r0000077	5000	1	accepted	2	421	1.0	816	4185	3369	0.6738	0.0023752969121140144	1.0	1.0	1.0	0.9997031760166222	0
clean_421_s1201	clean_421	1201	r0000078	5000	1	accepted	2	421	1.0	816	4184	3368	0.6736	0.0	1.0	1.0	1.0	1.0	0
clean_421_s1201	clean_421	1201	r0000079	5000	1	accepted	2	421	1.0	815	4184	3369	0.6738	0.0023752969121140144	1.0	1.0	1.0	0.9997031760166222	0
clean_421_s1201	clean_421	1201	r0000080	5000	0	no_spacing_peak	0	0	0.0	0	0	0	0.0	1.0	0.0	0.0	0.0	0.0	NA
clean_421_s1201	clean_421	1201	r0000081	5000	0	no_spacing_peak	0	0	0.0	0	0	0	0.0	1.0	0.0	0.0	0.0	0.0	NA
clean_421_s1201	clean_421	1201	r0000082	5000	1	accepted	2	421	1.0	816	4186	3370	0.674	0.004750593824228029	1.0	1.0	1.0	0.9994065281899109	0
clean_421_s1201	clean_421	1201	r0000083	5000	1	accepted	2	421	1.0	816	4184	3368	0.6736	0.0	1.0	1.0	1.0	1.0	0
clean_421_s1201	clean_421	1201	r0000084	5000	0	rejected_score	1	81	0.345679012345679	875	1037	162	0.0324	0.0	0.43209876543209874	1.0	0.23111844820470487	0.0	NA
clean_421_s1201	clean_421	1201	r0000085	5000	1	accepted	2	421	1.0	816	4184	3368	0.6736	0.0	1.0	1.0	1.0	1.0	0
clean_421_s1201	clean_421	1201	r0000086	5000	1	accepted	2	421	1.0	816	4187	3371	0.6742	0.007125890736342043	1.0	1.0	1.0	0.999110056363097	0
clean_421_s1201	clean_421	1201	r0000087	5000	0	no_spacing_peak	0	0	0.0	0	0	0	0.0	1.0	0.0	0.0	0.0	0.0	NA
clean_421_s1201	clean_421	1201	r0000088	5000	0	no_spacing_peak	0	0	0.0	0	0	0	0.0	1.0	0.0	0.0	0.0	0.0	NA
clean_421_s1201	clean_421	1201	r0000089	5000	1	accepted	2	421	1.0	816	4184	3368	0.6736	0.0	1.0	1.0	1.0	1.0	0
clean_421_s1201	clean_421	1201	r0000090	5000	0	no_spacing_peak	0	0	0.0	0	0	0	0.0	1.0	0.0	0.0	0.0	0.0	NA
clean_421_s1201	clean_421	1201	r0000091	5000	1	accepted	2	421	1.0	816	4184	3368	0.6736	0.0	1.0	1.0	1.0	1.0	0
clean_421_s1201	clean_421	1201	r0000092	5000	1	accepted	2	421	1.0	814	4185	3371	0.6742	0.007125890736342043	1.0	1.0	1.0	0.999110056363097	0
clean_421_s1201	clean_421	1201	r0000093	5000	0	no_spacing_peak	0	0	0.0	0	0	0	0.0	1.0	0.0	0.0	0.0	0.0	NA
clean_421_s1201	clean_421	1201	r0000094	5000	1	accepted	2	421	1.0	816	4184	3368	0.6736	0.0	1.0	1.0	1.0	1.0	0
clean_421_s1201	clean_421	1201	r0000095	5000	1	accepted	2	421	1.0	815	4184	3369	0.6738	0.0023752969121140144	1.0	1.0	1.0	0.9997031760166222	0
clean_421_s1201	clean_421	1201	r0000096	5000	0	no_spacing_peak	0	0	0.0	0	0	0	0.0	1.0	0.0	0.0	0.0	0.0	NA
clean_421_s1201	clean_421	1201	r0000097	5000	1	accepted	2	421	1.0	816	4184	3368	0.6736	0.0	1.0	1.0	1.0	1.0	0
clean_421_s1201	clean_421	1201	r0000098	5000	0	no_spacing_peak	0	0	0.0	0	0	0	0.0	1.0	0.0	0.0	0.0	0.0	NA
clean_421_s1201	clean_421	1201	r0000099	5000	1	accepted	2	421	1.0	816	4184	3368	0.6736	0.0	1.0	1.0	1.0	1.0	0
clean_421_s1201	clean_421	1201	r0000100	5000	1	accepted	2	421	1.0	816	4185	3369	0.6738	0.0023752969121140144	1.0	1.0	1.0	0.9997031760166222	0
clean_60_s1201	clean_60	1201	r0000001	5000	1	accepted	4	60	1.0	1600	3400	1800	0.36	0.0	1.0	1.0	1.0	1.0	0
clean_60_s1201	clean_60	1201	r0000002	5000	1	accepted	4	60	0.9998885793871867	1600	3403	1803	0.3606	0.05	1.0	1.0	1.0	0.9983361064891847	0
clean_60_s1201	clean_60	1201	r0000003	5000	0	no_spacing_peak	0	0	0.0	0	0	0	0.0	1.0	0.0	0.0	0.0	0.0	NA
clean_60_s1201	clean_60	1201	r0000004	5000	1	accepted	4	60	0.9996670366259712	1600	3400	1800	0.36	0.0	1.0	1.0	1.0	1.0	0
clean_60_s1201	clean_60	1201	r0000005	5000	1	accepted	5	60	0.999224376731302	1600	3400	1800	0.36	0.0	1.0	1.0	1.0	1.0	0
clean_60_s1201	clean_60	1201	r0000006	5000	1	accepted	4	60	0.9995565410199557	1600	3400	1800	0.36	0.0	1.0	1.0	1.0	1.0	0
clean_60_s1201	clean_60	1201	r0000007	5000	1	accepted	5	60	0.9995565410199557	1600	3400	1800	0.36	0.0	1.0	1.0	1.0	1.0	0
clean_60_s1201	clean_60	1201	r0000008	5000	0	rejected_score	1	82	0.3523809523809524	281	447	166	0.0332	0.024390243902439025	0.44047619047619047	1.0	0.24412991002852755	0.0	NA
clean_60_s1201	clean_60	1201	r0000009	5000	1	accepted	4	60	0.9996664813785436	1600	3401	1801	0.3602	0.016666666666666666	1.0	1.0	1.0	0.9994447529150472	0
clean_60_s1201	clean_60	1201	r0000010	5000	1	accepted	5	60	0.9994450610432852	1599	3401	1802	0.3604	0.03333333333333333	1.0	1.0	1.0	0.9988901220865705	0
clean_60_s1201	clean_60	1201	r0000011	5000	1	accepted	4	60	1.0	1600	3400	1800	0.36	0.0	1.0	1.0	1.0	1.0	0
clean_60_s1201	clean_60	1201	r0000012	5000	0	no_spacing_peak	0	0	0.0	0	0	0	0.0	1.0	0.0	0.0	0.0	0.0	NA
clean_60_s1201	clean_60	1201	r0000013	5000	1	accepted	4	60	0.9997771587743733	1600	3401	1801	0.3602	0.016666666666666666	1.0	1.0	1.0	0.9994447529150472	0
clean_60_s1201	clean_60	1201	r0000014	5000	1	accepted	5	60	0.9996661101836395	1599	3400	1801	0.3602	0.016666666666666666	1.0	1.0	1.0	0.9994447529150472	0
clean_60_s1201	clean_60	1201	r0000015	5000	1	accepted	4	60	0.9997770345596433	1600	3400	1800	0.36	0.0	1.0	1.0	1.0	1.0	0
clean_60_s1201	clean_60	1201	r0000016	5000	0	no_spacing_peak	0	0	0.0	0	0	0	0.0	1.0	0.0	0.0	0.0	0.0	NA
clean_60_s1201	clean_60	1201	r0000017	5000	0	no_spacing_peak	0	0	0.0	0	0	0	0.0	1.0	0.0	0.0	0.0	0.0	NA
clean_60_s1201	clean_60	1201	r0000018	5000	1	accepted	4	60	1.0	1600	3400	1800	0.36	0.0	1.0	1.0	1.0	1.0	0
clean_60_s1201	clean_60	1201	r0000019	5000	1	accepted	4	60	0.9998888271261812	1598	3401	1803	0.3606	0.05	1.0	1.0	1.0	0.9983361064891847	0
clean_60_s1201	clean_60	1201	r0000020	5000	1	accepted	4	60	0.999667221297837	1599	3404	1805	0.361	0.08333333333333333	1.0	1.0	1.0	0.997229916897507	0
clean_60_s1201	clean_60	1201	r0000021	5000	1	accepted	4	60	0.9996664813785436	1600	3401	1801	0.3602	0.016666666666666666	1.0	1.0	1.0	0.9994447529150472	0
clean_60_s1201	clean_60	1201	r0000022	5000	1	accepted	4	60	0.999555061179088	1600	3400	1800	0.36	0.0	1.0	1.0	1.0	1.0	0
clean_60_s1201	clean_60	1201	r0000023	5000	1	accepted	5	60	0.9996661101836395	1599	3400	1801	0.3602	0.016666666666666666	1.0	1.0	1.0	0.9994447529150472	0
clean_60_s1201	clean_60	1201	r0000024	5000	0	rejected_score	1	52	0.4075471698113208	3759	3864	105	0.021	0.019230769230769232	0.5094339622641509	1.0	0.33507615367128896	0.0	NA
clean_60_s1201	clean_60	1201	r0000025	5000	0	no_spacing_peak	0	0	0.0	0	0	0	0.0	1.0	0.0	0.0	0.0	0.0	NA
clean_60_s1201	clean_60	1201	r0000026	5000	1	accepted	4	60	0.999777530589544	1600	3400	1800	0.36	0.0	1.0	1.0	1.0	1.0	0
clean_60_s1201	clean_60	1201	r0000027	5000	1	accepted	4	60	1.0	1600	3400	1800	0.36	0.0	1.0	1.0	1.0	1.0	0
clean_60_s1201	clean_60	1201	r0000028	5000	1	accepted	4	60	0.9998885172798216	1600	3400	1800	0.36	0.0	1.0	1.0	1.0	1.0	0
clean_60_s1201	clean_60	1201	r0000029	5000	1	accepted	4	60	0.999777530589544	1600	3400	1800	0.36	0.0	1.0	1.0	1.0	1.0	0
clean_60_s1201	clean_60	1201	r0000030	5000	1	accepted	4	60	0.9998883928571429	1600	3400	1800	0.36	0.0	1.0	1.0	1.0	1.0	0
clean_60_s1201	clean_60	1201	r0000031	5000	1	accepted	4	60	0.9998887033945465	1599	3400	1801	0.3602	0.016666666666666666	1.0	1.0	1.0	0.9994447529150472	0
clean_60_s1201	clean_60	1201	r0000032	5000	1	accepted	4	60	0.9997772828507796	1600	3400	1800	0.36	0.0	1.0	1.0	1.0	1.0	0
clean_60_s1201	clean_60	1201	r0000033	5000	1	accepted	4	60	0.9998883928571429	1600	3400	1800	0.36	0.0	1.0	1.0	1.0	1.0	0
clean_60_s1201	clean_60	1201	r0000034	5000	0	no_spacing_peak	0	0	0.0	0	0	0	0.0	1.0	0.0	0.0	0.0	0.0	NA
clean_60_s1201	clean_60	1201	r0000035	5000	1	accepted	4	60	0.999666295884316	1600	3402	1802	0.3604	0.03333333333333333	1.0	1.0	1.0	0.9988901220865705	0
clean_60_s1201	clean_60	1201	r0000036	5000	1	accepted	4	60	0.999888765294772	1600	3400	1800	0.36	0.0	1.0	1.0	1.0	1.0	0
clean_60_s1201	clean_60	1201	r0000037	5000	1	accepted	4	60	0.999666295884316	1600	3400	1800	0.36	0.0	1.0	1.0	1.0	1.0	0
clean_60_s1201	clean_60	1201	r0000038	5000	1	accepted	4	60	1.0	1596	3400	1804	0.3608	0.06666666666666667	1.0	1.0	1.0	0.9977827050997783	0
clean_60_s1201	clean_60	1201	r0000039	5000	0	rejected_score	1	35	0.36363636363636365	1489	1590	101	0.0202	0.11428571428571428	0.45454545454545453	1.0	0.2602789393536535	0.0	NA
clean_60_s1201	clean_60	1201	r0000040	5000	0	rejected_score	1	38	0.39365079365079364	666	767	101	0.0202	0.34210526315789475	0.49206349206349204	1.0	0.3106093244464718	0.0	NA
clean_60_s1201	clean_60	1201	r0000041	5000	1	accepted	4	60	0.9997770345596433	1600	3400	1800	0.36	0.0	1.0	1.0	1.0	1.0	0
clean_60_s1201	clean_60	1201	r0000042	5000	1	accepted	4	60	1.0	1599	3400	1801	0.3602	0.016666666666666666	1.0	1.0	1.0	0.9994447529150472	0
clean_60_s1201	clean_60	1201	r0000043	5000	0	no_spacing_peak	0	0	0.0	0	0	0	0.0	1.0	0.0	0.0	0.0	0.0	NA
clean_60_s1201	clean_60	1201	r0000044	5000	1	accepted	4	60	0.9992269464384318	1600	3401	1801	0.3602	0.016666666666666666	1.0	1.0	1.0	0.9994447529150472	0
clean_60_s1201	clean_60	1201	r0000045	5000	1	accepted	4	60	0.9998883928571429	1600	3400	1800	0.36	0.0	1.0	1.0	1.0	1.0	0
clean_60_s1201	clean_60	1201	r0000046	5000	1	accepted	4	60	0.999777901166019	1600	3401	1801	0.3602	0.016666666666666666	1.0	1.0	1.0	0.9994447529150472	0
clean_60_s1201	clean_60	1201	r0000047	5000	0	no_spacing_peak	0	0	0.0	0	0	0	0.0	1.0	0.0	0.0	0.0	0.0	NA
clean_60_s1201	clean_60	1201	r0000048	5000	1	accepted	5	60	0.9995558023320378	1600	3401	1801	0.3602	0.016666666666666666	1.0	1.0	1.0	0.9994447529150472	0
clean_60_s1201	clean_60	1201	r0000049	5000	0	no_spacing_peak	0	0	0.0	0	0	0	0.0	1.0	0.0	0.0	0.0	0.0	NA
clean_60_s1201	clean_60	1201	r0000050	5000	0	no_spacing_peak	0	0	0.0	0	0	0	0.0	1.0	0.0	0.0	0.0	0.0	NA
clean_60_s1201	clean_60	1201	r0000051	5000	1	accepted	4	60	0.9998886414253898	1600	3400	1800	0.36	0.0	1.0	1.0	1.0	1.0	0
clean_60_s1201	clean_60	1201	r0000052	5000	1	accepted	4	60	0.9992260917634053	1596	3401	1805	0.361	0.08333333333333333	1.0	1.0	1.0	0.997229916897507	0
clean_60_s1201	clean_60	1201	r0000053	5000	1	accepted	5	60	0.9992248062015504	1600	3400	1800	0.36	0.0	1.0	1.0	1.0	1.0	0
clean_60_s1201	clean_60	1201	r0000054	5000	1	accepted	4	60	0.9998887033945465	1599	3400	1801	0.3602	0.016666666666666666	1.0	1.0	1.0	0.9994447529150472	0
clean_60_s1201	clean_60	1201	r0000055	5000	0	no_spacing_peak	0	0	0.0	0	0	0	0.0	1.0	0.0	0.0	0.0	0.0	NA
clean_60_s1201	clean_60	1201	r0000056	5000	1	accepted	5	60	0.9986805937328203	1599	3400	1801	0.3602	0.016666666666666666	1.0	1.0	1.0	0.9994447529150472	0
clean_60_s1201	clean_60	1201	r0000057	5000	1	accepted	5	60	0.9996668517490284	1599	3400	1801	0.3602	0.016666666666666666	1.0	1.0	1.0	0.9994447529150472	0
clean_60_s1201	clean_60	1201	r0000058	5000	0	no_spacing_peak	0	0	0.0	0	0	0	0.0	1.0	0.0	0.0	0.0	0.0	NA
clean_60_s1201	clean_60	1201	r0000059	5000	0	no_spacing_peak	0	0	0.0	0	0	0	0.0	1.0	0.0	0.0	0.0	0.0	NA
clean_60_s1201	clean_60	1201	r0000060	5000	1	accepted	4	60	0.999888455103179	1600	3401	1801	0.3602	0.016666666666666666	1.0	1.0	1.0	0.9994447529150472	0
clean_60_s1201	clean_60	1201	r0000061	5000	0	rejected_score	1	41	0.4067796610169492	2123	2223	100	0.02	0.43902439024390244	0.5084745762711864	1.0	0.3405883770743043	0.0	NA
clean_60_s1201	clean_60	1201	r0000062	5000	1	accepted	4	60	0.9997771587743733	1599	3400	1801	0.3602	0.016666666666666666	1.0	1.0	1.0	0.9994447529150472	0
clean_60_s1201	clean_60	1201	r0000063	5000	0	no_spacing_peak	0	0	0.0	0	0	0	0.0	1.0	0.0	0.0	0.0	0.0	NA
clean_60_s1201	clean_60	1201	r0000064	5000	1	accepted	4	60	0.9995553085047248	1599	3400	1801	0.3602	0.016666666666666666	1.0	1.0	1.0	0.9994447529150472	0
clean_60_s1201	clean_60	1201	r0000065	5000	0	no_spacing_peak	0	0	0.0	0	0	0	0.0	1.0	0.0	0.0	0.0	0.0	NA
clean_60_s1201	clean_60	1201	r0000066	5000	0	rejected_score	1	52	0.4075471698113208	4567	4672	105	0.021	0.019230769230769232	0.5094339622641509	1.0	0.33719478357380683	0.0	NA
clean_60_s1201	clean_60	1201	r0000067	5000	1	accepted	4	60	0.9996668517490284	1599	3400	1801	0.3602	0.016666666666666666	1.0	1.0	1.0	0.9994447529150472	0
clean_60_s1201	clean_60	1201	r0000068	5000	1	accepted	4	60	1.0	1600	3400	1800	0.36	0.0	1.0	1.0	1.0	1.0	0
clean_60_s1201	clean_60	1201	r0000069	5000	0	no_spacing_peak	0	0	0.0	0	0	0	0.0	1.0	0.0	0.0	0.0	0.0	NA
clean_60_s1201	clean_60	1201	r0000070	5000	1	accepted	4	60	0.9998885172798216	1599	3401	1802	0.3604	0.03333333333333333	1.0	1.0	1.0	0.9988901220865705	0
clean_60_s1201	clean_60	1201	r0000071	5000	1	accepted	5	60	0.9995555555555556	1600	3400	1800	0.36	0.0	1.0	1.0	1.0	1.0	0
clean_60_s1201	clean_60	1201	r0000072	5000	1	accepted	4	60	0.9993337034980567	1600	3400	1800	0.36	0.0	1.0	1.0	1.0	1.0	0
clean_60_s1201	clean_60	1201	r0000073	5000	1	accepted	5	60	0.9997776542523624	1598	3401	1803	0.3606	0.05	1.0	1.0	1.0	0.9983361064891847	0
clean_60_s1201	clean_60	1201	r0000074	5000	1	accepted	5	60	0.9993366500829188	1600	3403	1803	0.3606	0.05	1.0	1.0	1.0	0.9983361064891847	0
clean_60_s1201	clean_60	1201	r0000075	5000	1	accepted	4	60	0.9998883928571429	1600	3400	1800	0.36	0.0	1.0	1.0	1.0	1.0	0
clean_60_s1201	clean_60	1201	r0000076	5000	1	accepted	5	60	0.999666295884316	1600	3402	1802	0.3604	0.03333333333333333	1.0	1.0	1.0	0.9988901220865705	0
clean_60_s1201	clean_60	1201	r0000077	5000	0	no_spacing_peak	0	0	0.0	0	0	0	0.0	1.0	0.0	0.0	0.0	0.0	NA
clean_60_s1201	clean_60	1201	r0000078	5000	1	accepted	4	60	1.0	1600	3401	1801	0.3602	0.016666666666666666	1.0	1.0	1.0	0.9994447529150472	0
clean_60_s1201	clean_60	1201	r0000079	5000	0	no_spacing_peak	0	0	0.0	0	0	0	0.0	1.0	0.0	0.0	0.0	0.0	NA
clean_60_s1201	clean_60	1201	r0000080	5000	1	accepted	4	60	0.999666295884316	1600	3400	1800	0.36	0.0	1.0	1.0	1.0	1.0	0
clean_60_s1201	clean_60	1201	r0000081	5000	0	rejected_score	1	50	0.35200000000000004	3073	3173	100	0.02	0.0	0.44	1.0	0.2458928090492863	0.0	NA
clean_60_s1201	clean_60	1201	r0000082	5000	0	no_spacing_peak	0	0	0.0	0	0	0	0.0	1.0	0.0	0.0	0.0	0.0	NA
clean_60_s1201	clean_60	1201	r0000083	5000	1	accepted	4	60	0.9997772828507796	1600	3400	1800	0.36	0.0	1.0	1.0	1.0	1.0	0
clean_60_s1201	clean_60	1201	r0000084	5000	1	accepted	4	60	0.9991140642303433	1600	3400	1800	0.36	0.0	1.0	1.0	1.0	1.0	0
clean_60_s1201	clean_60	1201	r0000085	5000	0	rejected_score	1	37	0.34285714285714286	3405	3505	100	0.02	0.2972972972972973	0.42857142857142855	1.0	0.2354447799992354	0.0	NA
clean_60_s1201	clean_60	1201	r0000086	5000	1	accepted	4	60	0.9998883928571429	1600	3400	1800	0.36	0.0	1.0	1.0	1.0	1.0	0
clean_60_s1201	clean_60	1201	r0000087	5000	1	accepted	4	60	1.0	1600	3400	1800	0.36	0.0	1.0	1.0	1.0	1.0	0
clean_60_s1201	clean_60	1201	r0000088	5000	1	accepted	4	60	0.9990049751243781	1600	3401	1801	0.3602	0.016666666666666666	1.0	1.0	1.0	0.9994447529150472	0
clean_60_s1201	clean_60	1201	r0000089	5000	1	accepted	5	60	0.999224376731302	1599	3400	1801	0.3602	0.016666666666666666	1.0	1.0	1.0	0.9994447529150472	0
clean_60_s1201	clean_60	1201	r0000090	5000	0	no_spacing_peak	0	0	0.0	0	0	0	0.0	1.0	0.0	0.0	0.0	0.0	NA
clean_60_s1201	clean_60	1201	r0000091	5000	0	no_spacing_peak	0	0	0.0	0	0	0	0.0	1.0	0.0	0.0	0.0	0.0	NA
clean_60_s1201	clean_60	1201	r0000092	5000	1	accepted	4	60	1.0	1600	3400	1800	0.36	0.0	1.0	1.0	1.0	1.0	0
clean_60_s1201	clean_60	1201	r0000093	5000	1	accepted	4	60	0.9997772828507796	1600	3400	1800	0.36	0.0	1.0	1.0	1.0	1.0	0
clean_60_s1201	clean_60	1201	r0000094	5000	0	no_spacing_peak	0	0	0.0	0	0	0	0.0	1.0	0.0	0.0	0.0	0.0	NA
clean_60_s1201	clean_60	1201	r0000095	5000	1	accepted	4	60	0.9995562950637826	1600	3401	1801	0.3602	0.016666666666666666	1.0	1.0	1.0	0.9994447529150472	0
clean_60_s1201	clean_60	1201	r0000096	5000	1	accepted	5	60	0.9997772828507796	1598	3400	1802	0.3604	0.03333333333333333	1.0	1.0	1.0	0.9988901220865705	0
clean_60_s1201	clean_60	1201	r0000097	5000	1	accepted	4	60	0.999777406789093	1599	3400	1801	0.3602	0.016666666666666666	1.0	1.0	1.0	0.9994447529150472	0
clean_60_s1201	clean_60	1201	r0000098	5000	1	accepted	4	60	0.9998885793871867	1599	3400	1801	0.3602	0.016666666666666666	1.0	1.0	1.0	0.9994447529150472	0
clean_60_s1201	clean_60	1201	r0000099	5000	1	accepted	4	60	0.999777530589544	1600	3400	1800	0.36	0.0	1.0	1.0	1.0	1.0	0
clean_60_s1201	clean_60	1201	r0000100	5000	1	accepted	4	60	0.9998885793871867	1599	3400	1801	0.3602	0.016666666666666666	1.0	1.0	1.0	0.9994447529150472	0
clean_729_s1201	clean_729	1201	r0000001	5000	1	accepted	1	729	1.0	313	4687	4374	0.8748	0.0	1.0	1.0	1.0	1.0	0
clean_729_s1201	clean_729	1201	r0000002	5000	0	no_spacing_peak	0	0	0.0	0	0	0	0.0	1.0	0.0	0.0	0.0	0.0	NA
clean_729_s1201	clean_729	1201	r0000003	5000	0	rejected_score	1	56	0.38571428571428573	4704	4816	112	0.0224	0.0	0.48214285714285715	1.0	0.30315382965028964	0.0	NA
clean_729_s1201	clean_729	1201	r0000004	5000	1	accepted	1	729	1.0	312	4687	4375	0.875	0.0013717421124828531	1.0	1.0	1.0	0.9997714285714285	0
clean_729_s1201	clean_729	1201	r0000005	5000	1	accepted	1	729	0.999739921976593	313	4687	4374	0.8748	0.0	1.0	1.0	1.0	1.0	0
clean_729_s1201	clean_729	1201	r0000006	5000	0	no_spacing_peak	0	0	0.0	0	0	0	0.0	1.0	0.0	0.0	0.0	0.0	NA
clean_729_s1201	clean_729	1201	r0000007	5000	1	accepted	1	729	1.0	312	4687	4375	0.875	0.0013717421124828531	1.0	1.0	1.0	0.9997714285714285	0
clean_729_s1201	clean_729	1201	r0000008	5000	1	accepted	1	729	0.999739921976593	313	4688	4375	0.875	0.0013717421124828531	1.0	1.0	1.0	0.9997714285714285	0
clean_729_s1201	clean_729	1201	r0000009	5000	0	no_spacing_peak	0	0	0.0	0	0	0	0.0	1.0	0.0	0.0	0.0	0.0	NA
clean_729_s1201	clean_729	1201	r0000010	5000	1	accepted	1	729	1.0	313	4687	4374	0.8748	0.0	1.0	1.0	1.0	1.0	0
clean_729_s1201	clean_729	1201	r0000011	5000	0	no_spacing_peak	0	0	0.0	0	0	0	0.0	1.0	0.0	0.0	0.0	0.0	NA
clean_729_s1201	clean_729	1201	r0000012	5000	0	rejected_score	1	58	0.36610169491525424	4258	4375	117	0.0234	0.017241379310344827	0.4576271186440678	1.0	0.27367028244165953	0.0	NA
clean_729_s1201	clean_729	1201	r0000013	5000	1	accepted	1	729	1.0	313	4687	4374	0.8748	0.0	1.0	1.0	1.0	1.0	0
clean_729_s1201	clean_729	1201	r0000014	5000	1	accepted	1	729	1.0	312	4687	4375	0.875	0.0013717421124828531	1.0	1.0	1.0	0.9997714285714285	0
clean_729_s1201	clean_729	1201	r0000015	5000	1	accepted	1	729	1.0	312	4687	4375	0.875	0.0013717421124828531	1.0	1.0	1.0	0.9997714285714285	0
clean_729_s1201	clean_729	1201	r0000016	5000	1	accepted	1	729	1.0	312	4687	4375	0.875	0.0013717421124828531	1.0	1.0	1.0	0.9997714285714285	0
clean_729_s1201	clean_729	1201	r0000017	5000	1	accepted	1	729	1.0	313	4688	4375	0.875	0.0013717421124828531	1.0	1.0	1.0	0.9997714285714285	0
clean_729_s1201	clean_729	1201	r0000018	5000	0	no_spacing_peak	0	0	0.0	0	0	0	0.0	1.0	0.0	0.0	0.0	0.0	NA
clean_729_s1201	clean_729	1201	r0000019	5000	1	accepted	1	729	1.0	313	4687	4374	0.8748	0.0	1.0	1.0	1.0	1.0	0
clean_729_s1201	clean_729	1201	r0000020	5000	1	accepted	1	729	1.0	312	4687	4375	0.875	0.0013717421124828531	1.0	1.0	1.0	0.9997714285714285	0
clean_729_s1201	clean_729	1201	r0000021	5000	1	accepted	1	729	1.0	313	4687	4374	0.8748	0.0	1.0	1.0	1.0	1.0	0
clean_729_s1201	clean_729	1201	r0000022	5000	1	accepted	1	729	1.0	313	4688	4375	0.875	0.0013717421124828531	1.0	1.0	1.0	0.9997714285714285	0
clean_729_s1201	clean_729	1201	r0000023	5000	1	accepted	1	729	1.0	313	4687	4374	0.8748	0.0	1.0	1.0	1.0	1.0	0
clean_729_s1201	clean_729	1201	r0000024	5000	1	accepted	1	729	1.0	312	4688	4376	0.8752	0.0027434842249657062	1.0	1.0	1.0	0.9995429616087751	0
clean_729_s1201	clean_729	1201	r0000025	5000	0	no_spacing_peak	0	0	0.0	0	0	0	0.0	1.0	0.0	0.0	0.0	0.0	NA
clean_729_s1201	clean_729	1201	r0000026	5000	0	no_spacing_peak	0	0	0.0	0	0	0	0.0	1.0	0.0	0.0	0.0	0.0	NA
clean_729_s1201	clean_729	1201	r0000027	5000	1	accepted	1	729	1.0	313	4687	4374	0.8748	0.0	1.0	1.0	1.0	1.0	0
clean_729_s1201	clean_729	1201	r0000028	5000	0	no_spacing_peak	0	0	0.0	0	0	0	0.0	1.0	0.0	0.0	0.0	0.0	NA
clean_729_s1201	clean_729	1201	r0000029	5000	1	accepted	1	729	1.0	313	4687	4374	0.8748	0.0	1.0	1.0	1.0	1.0	0
clean_729_s1201	clean_729	1201	r0000030	5000	1	accepted	1	729	1.0	313	4687	4374	0.8748	0.0	1.0	1.0	1.0	1.0	0
clean_729_s1201	clean_729	1201	r0000031	5000	1	accepted	1	729	1.0	313	4688	4375	0.875	0.0013717421124828531	1.0	1.0	1.0	0.9997714285714285	0
clean_729_s1201	clean_729	1201	r0000032	5000	0	rejected_score	1	40	0.3866666666666667	1080	1180	100	0.02	0.5	0.48333333333333334	1.0	0.2847914359542267	0.0	NA
clean_729_s1201	clean_729	1201	r0000033	5000	1	accepted	1	729	1.0	313	4687	4374	0.8748	0.0	1.0	1.0	1.0	1.0	0
clean_729_s1201	clean_729	1201	r0000034	5000	0	rejected_score	3	56	0.4285714285714286	3374	3486	112	0.0224	0.0	0.5357142857142857	1.0	0.3792368364954167	0.0	NA
clean_729_s1201	clean_729	1201	r0000035	5000	1	accepted	1	729	1.0	313	4687	4374	0.8748	0.0	1.0	1.0	1.0	1.0	0
clean_729_s1201	clean_729	1201	r0000036	5000	1	accepted	1	729	1.0	313	4688	4375	0.875	0.0013717421124828531	1.0	1.0	1.0	0.9997714285714285	0
clean_729_s1201	clean_729	1201	r0000037	5000	1	accepted	2	729	0.9989717223650386	312	4688	4376	0.8752	0.0027434842249657062	1.0	1.0	1.0	0.9995429616087751	0
clean_729_s1201	clean_729	1201	r0000038	5000	1	accepted	1	729	0.999741935483871	311	4688	4377	0.8754	0.00411522633744856	1.0	1.0	1.0	0.9993145990404386	0
clean_729_s1201	clean_729	1201	r0000039	5000	1	accepted	1	729	1.0	311	4687	4376	0.8752	0.0027434842249657062	1.0	1.0	1.0	0.9995429616087751	0
clean_729_s1201	clean_729	1201	r0000040	5000	0	no_spacing_peak	0	0	0.0	0	0	0	0.0	1.0	0.0	0.0	0.0	0.0	NA
clean_729_s1201	clean_729	1201	r0000041	5000	0	no_spacing_peak	0	0	0.0	0	0	0	0.0	1.0	0.0	0.0	0.0	0.0	NA
clean_729_s1201	clean_729	1201	r0000042	5000	1	accepted	1	729	1.0	313	4689	4376	0.8752	0.0027434842249657062	1.0	1.0	1.0	0.9995429616087751	0
clean_729_s1201	clean_729	1201	r0000043	5000	1	accepted	1	729	0.999739921976593	313	4688	4375	0.875	0.0013717421124828531	1.0	1.0	1.0	0.9997714285714285	0
clean_729_s1201	clean_729	1201	r0000044	5000	1	accepted	1	729	1.0	313	4687	4374	0.8748	0.0	1.0	1.0	1.0	1.0	0
clean_729_s1201	clean_729	1201	r0000045	5000	0	no_spacing_peak	0	0	0.0	0	0	0	0.0	1.0	0.0	0.0	0.0	0.0	NA
clean_729_s1201	clean_729	1201	r0000046	5000	1	accepted	1	729	1.0	311	4688	4377	0.8754	0.00411522633744856	1.0	1.0	1.0	0.9993145990404386	0
clean_729_s1201	clean_729	1201	r0000047	5000	1	accepted	1	729	1.0	312	4687	4375	0.875	0.0013717421124828531	1.0	1.0	1.0	0.9997714285714285	0
clean_729_s1201	clean_729	1201	r0000048	5000	1	accepted	1	729	0.999739921976593	312	4687	4375	0.875	0.0013717421124828531	1.0	1.0	1.0	0.9997714285714285	0
clean_729_s1201	clean_729	1201	r0000049	5000	1	accepted	1	729	1.0	312	4687	4375	0.875	0.0013717421124828531	1.0	1.0	1.0	0.9997714285714285	0
clean_729_s1201	clean_729	1201	r0000050	5000	1	accepted	1	729	0.999739921976593	311	4687	4376	0.8752	0.0027434842249657062	1.0	1.0	1.0	0.9995429616087751	0
clean_729_s1201	clean_729	1201	r0000051	5000	1	accepted	1	729	1.0	313	4687	4374	0.8748	0.0	1.0	1.0	1.0	1.0	0
clean_729_s1201	clean_729	1201	r0000052	5000	1	accepted	1	729	1.0	311	4687	4376	0.8752	0.0027434842249657062	1.0	1.0	1.0	0.9995429616087751	0
clean_729_s1201	clean_729	1201	r0000053	5000	1	accepted	1	729	1.0	312	4687	4375	0.875	0.0013717421124828531	1.0	1.0	1.0	0.9997714285714285	0
clean_729_s1201	clean_729	1201	r0000054	5000	1	accepted	1	729	1.0	313	4687	4374	0.8748	0.0	1.0	1.0	1.0	1.0	0
clean_729_s1201	clean_729	1201	r0000055	5000	1	accepted	1	729	1.0	313	4687	4374	0.8748	0.0	1.0	1.0	1.0	1.0	0
clean_729_s1201	clean_729	1201	r0000056	5000	1	accepted	1	729	1.0	312	4688	4376	0.8752	0.0027434842249657062	1.0	1.0	1.0	0.9995429616087751	0
clean_729_s1201	clean_729	1201	r0000057	5000	0	no_spacing_peak	0	0	0.0	0	0	0	0.0	1.0	0.0	0.0	0.0	0.0	NA
clean_729_s1201	clean_729	1201	r0000058	5000	1	accepted	1	729	0.9997808219178081	312	4691	4379	0.8758	0.006858710562414266	0.9997260273972602	1.0	0.9996343442777643	0.9988581868006394	0
clean_729_s1201	clean_729	1201	r0000059	5000	1	accepted	1	729	1.0	313	4687	4374	0.8748	0.0	1.0	1.0	1.0	1.0	0
clean_729_s1201	clean_729	1201	r0000060	5000	0	no_spacing_peak	0	0	0.0	0	0	0	0.0	1.0	0.0	0.0	0.0	0.0	NA
clean_729_s1201	clean_729	1201	r0000061	5000	1	accepted	1	729	1.0	313	4687	4374	0.8748	0.0	1.0	1.0	1.0	1.0	0
clean_729_s1201	clean_729	1201	r0000062	5000	1	accepted	1	729	1.0	312	4687	4375	0.875	0.0013717421124828531	1.0	1.0	1.0	0.9997714285714285	0
clean_729_s1201	clean_729	1201	r0000063	5000	0	no_spacing_peak	0	0	0.0	0	0	0	0.0	1.0	0.0	0.0	0.0	0.0	NA
clean_729_s1201	clean_729	1201	r0000064	5000	1	accepted	1	729	1.0	313	4687	4374	0.8748	0.0	1.0	1.0	1.0	1.0	0
clean_729_s1201	clean_729	1201	r0000065	5000	0	rejected_score	1	50	0.41600000000000004	2566	2666	100	0.02	0.0	0.52	1.0	0.35811714362128916	0.0	NA
clean_729_s1201	clean_729	1201	r0000066	5000	1	accepted	1	729	1.0	313	4689	4376	0.8752	0.0027434842249657062	1.0	1.0	1.0	0.9995429616087751	0
clean_729_s1201	clean_729	1201	r0000067	5000	1	accepted	1	729	1.0	313	4687	4374	0.8748	0.0	1.0	1.0	1.0	1.0	0
clean_729_s1201	clean_729	1201	r0000068	5000	1	accepted	1	729	1.0	311	4687	4376	0.8752	0.0027434842249657062	1.0	1.0	1.0	0.9995429616087751	0
clean_729_s1201	clean_729	1201	r0000069	5000	1	accepted	1	729	1.0	313	4687	4374	0.8748	0.0	1.0	1.0	1.0	1.0	0
clean_729_s1201	clean_729	1201	r0000070	5000	0	no_spacing_peak	0	0	0.0	0	0	0	0.0	1.0	0.0	0.0	0.0	0.0	NA
clean_729_s1201	clean_729	1201	r0000071	5000	0	no_spacing_peak	0	0	0.0	0	0	0	0.0	1.0	0.0	0.0	0.0	0.0	NA
clean_729_s1201	clean_729	1201	r0000072	5000	1	accepted	1	729	0.999739921976593	313	4687	4374	0.8748	0.0	1.0	1.0	1.0	1.0	0
clean_729_s1201	clean_729	1201	r0000073	5000	1	accepted	1	729	1.0	313	4687	4374	0.8748	0.0	1.0	1.0	1.0	1.0	0
clean_729_s1201	clean_729	1201	r0000074	5000	1	accepted	1	729	1.0	313	4687	4374	0.8748	0.0	1.0	1.0	1.0	1.0	0
clean_729_s1201	clean_729	1201	r0000075	5000	1	accepted	1	729	0.999739921976593	312	4687	4375	0.875	0.0013717421124828531	1.0	1.0	1.0	0.9997714285714285	0
clean_729_s1201	clean_729	1201	r0000076	5000	1	accepted	1	729	1.0	312	4688	4376	0.8752	0.0027434842249657062	1.0	1.0	1.0	0.9995429616087751	0
clean_729_s1201	clean_729	1201	r0000077	5000	1	accepted	1	729	1.0	313	4687	4374	0.8748	0.0	1.0	1.0	1.0	1.0	0
clean_729_s1201	clean_729	1201	r0000078	5000	1	accepted	1	729	1.0	313	4687	4374	0.8748	0.0	1.0	1.0	1.0	1.0	0
clean_729_s1201	clean_729	1201	r0000079	5000	0	no_spacing_peak	0	0	0.0	0	0	0	0.0	1.0	0.0	0.0	0.0	0.0	NA
clean_729_s1201	clean_729	1201	r0000080	5000	1	accepted	1	729	1.0	313	4689	4376	0.8752	0.0027434842249657062	1.0	1.0	1.0	0.9995429616087751	0
clean_729_s1201	clean_729	1201	r0000081	5000	1	accepted	1	729	1.0	313	4687	4374	0.8748	0.0	1.0	1.0	1.0	1.0	0
clean_729_s1201	clean_729	1201	r0000082	5000	0	no_spacing_peak	0	0	0.0	0	0	0	0.0	1.0	0.0	0.0	0.0	0.0	NA
clean_729_s1201	clean_729	1201	r0000083	5000	1	accepted	1	729	1.0	312	4688	4376	0.8752	0.0027434842249657062	1.0	1.0	1.0	0.9995429616087751	0
clean_729_s1201	clean_729	1201	r0000084	5000	0	no_spacing_peak	0	0	0.0	0	0	0	0.0	1.0	0.0	0.0	0.0	0.0	NA
clean_729_s1201	clean_729	1201	r0000085	5000	1	accepted	1	729	1.0	313	4687	4374	0.8748	0.0	1.0	1.0	1.0	1.0	0
clean_729_s1201	clean_729	1201	r0000086	5000	1	accepted	1	729	1.0	313	4687	4374	0.8748	0.0	1.0	1.0	1.0	1.0	0
clean_729_s1201	clean_729	1201	r0000087	5000	0	no_spacing_peak	0	0	0.0	0	0	0	0.0	1.0	0.0	0.0	0.0	0.0	NA
clean_729_s1201	clean_729	1201	r0000088	5000	1	accepted	1	729	1.0	313	4689	4376	0.8752	0.0027434842249657062	1.0	1.0	1.0	0.9995429616087751	0
clean_729_s1201	clean_729	1201	r0000089	5000	0	no_spacing_peak	0	0	0.0	0	0	0	0.0	1.0	0.0	0.0	0.0	0.0	NA
clean_729_s1201	clean_729	1201	r0000090	5000	1	accepted	1	729	1.0	313	4687	4374	0.8748	0.0	1.0	1.0	1.0	1.0	0
clean_729_s1201	clean_729	1201	r0000091	5000	1	accepted	1	729	1.0	313	4687	4374	0.8748	0.0	1.0	1.0	1.0	1.0	0
clean_729_s1201	clean_729	1201	r0000092	5000	0	no_spacing_peak	0	0	0.0	0	0	0	0.0	1.0	0.0	0.0	0.0	0.0	NA
clean_729_s1201	clean_729	1201	r0000093	5000	1	accepted	1	729	1.0	313	4687	4374	0.8748	0.0	1.0	1.0	1.0	1.0	0
clean_729_s1201	clean_729	1201	r0000094	5000	0	no_spacing_peak	0	0	0.0	0	0	0	0.0	1.0	0.0	0.0	0.0	0.0	NA
clean_729_s1201	clean_729	1201	r0000095	5000	1	accepted	2	729	1.0	313	4688	4375	0.875	0.0013717421124828531	1.0	1.0	1.0	0.9997714285714285	0
clean_729_s1201	clean_729	1201	r0000096	5000	0	no_spacing_peak	0	0	0.0	0	0	0	0.0	1.0	0.0	0.0	0.0	0.0	NA
clean_729_s1201	clean_729	1201	r0000097	5000	0	no_spacing_peak	0	0	0.0	0	0	0	0.0	1.0	0.0	0.0	0.0	0.0	NA
clean_729_s1201	clean_729	1201	r0000098	5000	1	accepted	1	729	0.999739921976593	313	4687	4374	0.8748	0.0	1.0	1.0	1.0	1.0	0
clean_729_s1201	clean_729	1201	r0000099	5000	1	accepted	1	729	1.0	312	4688	4376	0.8752	0.0027434842249657062	1.0	1.0	1.0	0.9995429616087751	0
clean_729_s1201	clean_729	1201	r0000100	5000	1	accepted	2	729	0.9994845360824742	313	4689	4376	0.8752	0.0027434842249657062	1.0	1.0	1.0	0.9995429616087751	0
dispersed_control_s1201	dispersed_control	1201	r0000001	5000	0	rejected_score	5	602	0.39468438538205985	3144	4348	1204	0.2408	0.0	0.49335548172757476	1.0	0.3231628983712191	0.0	NA
dispersed_control_s1201	dispersed_control	1201	r0000002	5000	0	rejected_score	5	533	0.4239700374531835	269	1336	1067	0.2134	0.001876172607879925	0.5299625468164794	1.0	0.37313307838763676	0.0	NA
dispersed_control_s1201	dispersed_control	1201	r0000003	5000	0	rejected_score	5	517	0.39922630560928435	3297	4331	1034	0.2068	0.0	0.4990328820116054	1.0	0.331834693918285	0.0	NA
dispersed_control_s1201	dispersed_control	1201	r0000004	5000	0	rejected_score	5	548	0.39854014598540144	849	1945	1096	0.2192	0.0	0.4981751824817518	1.0	0.33017607879653926	0.0	NA
dispersed_control_s1201	dispersed_control	1201	r0000005	5000	0	rejected_score	5	533	0.4172607879924954	1831	2897	1066	0.2132	0.0	0.5215759849906192	1.0	0.36173509999084275	0.0	NA
dispersed_control_s1201	dispersed_control	1201	r0000006	5000	0	rejected_score	5	544	0.41323529411764715	1293	2381	1088	0.2176	0.0	0.5165441176470589	1.0	0.3549954804781452	0.0	NA
dispersed_control_s1201	dispersed_control	1201	r0000007	5000	0	rejected_score	5	541	0.4014760147601476	3040	4123	1083	0.2166	0.0018484288354898336	0.5018450184501845	1.0	0.33576107728417875	0.0	NA
dispersed_control_s1201	dispersed_control	1201	r0000008	5000	0	rejected_score	5	58	0.4275862068965517	4338	4454	116	0.0232	0.0	0.5344827586206896	1.0	0.3632852205732872	0.0	NA
dispersed_control_s1201	dispersed_control	1201	r0000009	5000	0	rejected_score	5	538	0.3985130111524164	3626	4702	1076	0.2152	0.0	0.49814126394052044	1.0	0.33059136625998	0.0	NA
dispersed_control_s1201	dispersed_control	1201	r0000010	5000	0	rejected_score	5	531	0.41280602636534836	595	1657	1062	0.2124	0.0	0.5160075329566854	1.0	0.3543003820721796	0.0	NA
dispersed_control_s1201	dispersed_control	1201	r0000011	5000	0	rejected_score	5	525	0.40990476190476194	1509	2559	1050	0.21	0.0	0.5123809523809524	1.0	0.34972723863897526	0.0	NA
dispersed_control_s1201	dispersed_control	1201	r0000012	5000	0	rejected_score	5	50	0.4	3690	3790	100	0.02	0.0	0.5	1.0	0.33208656158161903	0.0	NA
dispersed_control_s1201	dispersed_control	1201	r0000013	5000	0	rejected_score	5	51	0.40784313725490196	1884	1986	102	0.0204	0.0	0.5098039215686274	1.0	0.3414256198347107	0.0	NA
dispersed_control_s1201	dispersed_control	1201	r0000014	5000	0	rejected_score	5	39	0.4065573770491804	4632	4732	100	0.02	0.4358974358974359	0.5081967213114754	1.0	0.33558054757021805	0.0	NA
dispersed_control_s1201	dispersed_control	1201	r0000015	5000	0	rejected_score	5	518	0.41926782273603086	2487	3524	1037	0.2074	0.0019305019305019305	0.5240847784200385	1.0	0.36514194071101597	0.0	NA
dispersed_control_s1201	dispersed_control	1201	r0000016	5000	0	rejected_score	5	37	0.41250000000000003	1804	1905	101	0.0202	0.2702702702702703	0.515625	1.0	0.347449897649234	0.0	NA
dispersed_control_s1201	dispersed_control	1201	r0000017	5000	0	rejected_score	5	530	0.4075471698113208	1941	3001	1060	0.212	0.0	0.5094339622641509	1.0	0.34482192992257205	0.0	NA
dispersed_control_s1201	dispersed_control	1201	r0000018	5000	0	rejected_score	5	546	0.4234432234432235	2524	3616	1092	0.2184	0.0	0.5293040293040293	1.0	0.37201356023226934	0.0	NA
dispersed_control_s1201	dispersed_control	1201	r0000019	5000	0	rejected_score	4	576	0.40555555555555556	1253	2405	1152	0.2304	0.0	0.5069444444444444	1.0	0.3423772012518567	0.0	NA
dispersed_control_s1201	dispersed_control	1201	r0000020	5000	0	rejected_score	5	547	0.4109689213893967	1823	2917	1094	0.2188	0.0	0.5137111517367459	1.0	0.3512426542059408	0.0	NA
dispersed_control_s1201	dispersed_control	1201	r0000021	5000	0	rejected_score	5	541	0.4036968576709796	247	1329	1082	0.2164	0.0	0.5046210720887245	1.0	0.3383516290446603	0.0	NA
dispersed_control_s1201	dispersed_control	1201	r0000022	5000	0	rejected_score	5	542	0.3911439114391144	3290	4374	1084	0.2168	0.0	0.488929889298893	1.0	0.3176719749854567	0.0	NA
dispersed_control_s1201	dispersed_control	1201	r0000023	5000	0	rejected_score	5	542	0.4309963099630997	1815	2899	1084	0.2168	0.0	0.5387453874538746	1.0	0.3841370988084985	0.0	NA
dispersed_control_s1201	dispersed_control	1201	r0000024	5000	0	rejected_score	5	561	0.39786096256684494	261	1383	1122	0.2244	0.0	0.49732620320855614	1.0	0.3293811690747739	0.0	NA
dispersed_control_s1201	dispersed_control	1201	r0000025	5000	0	rejected_score	5	522	0.4122605363984675	134	1178	1044	0.2088	0.0	0.5153256704980843	1.0	0.3537153804934266	0.0	NA
dispersed_control_s1201	dispersed_control	1201	r0000026	5000	0	rejected_score	5	529	0.4158790170132325	3064	4122	1058	0.2116	0.0	0.5198487712665406	1.0	0.3585108338366128	0.0	NA
dispersed_control_s1201	dispersed_control	1201	r0000027	5000	0	rejected_score	5	540	0.40888888888888886	3741	4821	1080	0.216	0.0	0.5111111111111111	1.0	0.348087040623378	0.0	NA
dispersed_control_s1201	dispersed_control	1201	r0000028	5000	0	rejected_score	5	552	0.39855072463768115	2464	3568	1104	0.2208	0.0	0.49818840579710144	1.0	0.3300339794020414	0.0	NA
dispersed_control_s1201	dispersed_control	1201	r0000029	5000	0	rejected_score	5	569	0.41195079086115993	2637	3775	1138	0.2276	0.0	0.5149384885764499	1.0	0.35185597900106474	0.0	NA
dispersed_control_s1201	dispersed_control	1201	r0000030	5000	0	rejected_score	5	519	0.41001926782273607	3736	4774	1038	0.2076	0.0	0.51252408477842	1.0	0.3493968740012932	0.0	NA
dispersed_control_s1201	dispersed_control	1201	r0000031	5000	0	rejected_score	5	45	0.4218181818181818	521	621	100	0.02	0.2222222222222222	0.5272727272727272	1.0	0.3582306913830128	0.0	NA
dispersed_control_s1201	dispersed_control	1201	r0000032	5000	0	rejected_score	5	562	0.4185053380782918	3145	4269	1124	0.2248	0.0	0.5231316725978647	1.0	0.3627214741318214	0.0	NA
dispersed_control_s1201	dispersed_control	1201	r0000033	5000	0	rejected_score	5	532	0.40675422138836775	1886	2951	1065	0.213	0.0018796992481203006	0.5084427767354597	1.0	0.3445558889036481	0.0	NA
dispersed_control_s1201	dispersed_control	1201	r0000034	5000	0	rejected_score	5	556	0.4115107913669065	1640	2752	1112	0.2224	0.0	0.5143884892086331	1.0	0.3522427924497365	0.0	NA
dispersed_control_s1201	dispersed_control	1201	r0000035	5000	0	rejected_score	5	534	0.4119850187265918	2442	3510	1068	0.2136	0.0	0.5149812734082397	1.0	0.35312839820866904	0.0	NA
dispersed_control_s1201	dispersed_control	1201	r0000036	5000	0	rejected_score	5	552	0.4057971014492754	2746	3850	1104	0.2208	0.0	0.5072463768115942	1.0	0.3426615064007145	0.0	NA
dispersed_control_s1201	dispersed_control	1201	r0000037	5000	0	rejected_score	5	564	0.4113475177304965	1359	2487	1128	0.2256	0.0	0.5141843971631206	1.0	0.35167926297440677	0.0	NA
dispersed_control_s1201	dispersed_control	1201	r0000038	5000	0	rejected_score	5	611	0.4019639934533552	582	1804	1222	0.2444	0.0	0.502454991816694	1.0	0.3359491050664341	0.0	NA
dispersed_control_s1201	dispersed_control	1201	r0000039	5000	0	rejected_score	5	528	0.41515151515151516	3047	4103	1056	0.2112	0.0	0.5189393939393939	1.0	0.35822520403597635	0.0	NA
dispersed_control_s1201	dispersed_control	1201	r0000040	5000	0	rejected_score	5	518	0.42316602316602325	943	1979	1036	0.2072	0.0	0.528957528957529	1.0	0.3709102221116158	0.0	NA
dispersed_control_s1201	dispersed_control	1201	r0000041	5000	0	rejected_score	5	531	0.4188323917137477	2805	3867	1062	0.2124	0.0	0.5235404896421846	1.0	0.36435018157300186	0.0	NA
dispersed_control_s1201	dispersed_control	1201	r0000042	5000	0	rejected_score	5	48	0.41538461538461546	1980	2080	100	0.02	0.08333333333333333	0.5192307692307693	1.0	0.3317080473043776	0.0	NA
dispersed_control_s1201	dispersed_control	1201	r0000043	5000	0	rejected_score	5	523	0.40688336520076485	2412	3458	1046	0.2092	0.0	0.5086042065009561	1.0	0.34468182615987675	0.0	NA
dispersed_control_s1201	dispersed_control	1201	r0000044	5000	0	rejected_score	5	530	0.40905660377358494	2656	3716	1060	0.212	0.0	0.5113207547169811	1.0	0.347951035763653	0.0	NA
dispersed_control_s1201	dispersed_control	1201	r0000045	5000	0	rejected_score	4	541	0.40221811460258783	3054	4136	1082	0.2164	0.0	0.5027726432532348	1.0	0.3364732487866264	0.0	NA
dispersed_control_s1201	dispersed_control	1201	r0000046	5000	0	rejected_score	5	66	0.4298507462686567	520	653	133	0.0266	0.015151515151515152	0.5373134328358209	1.0	0.38211817253758384	0.0	NA
dispersed_control_s1201	dispersed_control	1201	r0000047	5000	0	rejected_score	5	551	0.4254083484573503	639	1741	1102	0.2204	0.0	0.5317604355716878	1.0	0.3754851633905096	0.0	NA
dispersed_control_s1201	dispersed_control	1201	r0000048	5000	0	rejected_score	5	582	0.39794168096054894	4	1169	1165	0.233	0.001718213058419244	0.4974271012006861	1.0	0.3297521813392106	0.0	NA
dispersed_control_s1201	dispersed_control	1201	r0000049	5000	0	rejected_score	5	526	0.38783269961977185	78	1130	1052	0.2104	0.0	0.4847908745247148	1.0	0.3128773435974809	0.0	NA
dispersed_control_s1201	dispersed_control	1201	r0000050	5000	0	rejected_score	5	549	0.4167577413479053	2837	3935	1098	0.2196	0.0	0.5209471766848816	1.0	0.3608833352145593	0.0	NA
dispersed_control_s1201	dispersed_control	1201	r0000051	5000	0	rejected_score	5	543	0.4088235294117647	1415	2502	1087	0.2174	0.001841620626151013	0.5110294117647058	1.0	0.3476750244776474	0.0	NA
dispersed_control_s1201	dispersed_control	1201	r0000052	5000	0	rejected_score	5	544	0.42647058823529416	71	1159	1088	0.2176	0.0	0.5330882352941176	1.0	0.3768304837844054	0.0	NA
dispersed_control_s1201	dispersed_control	1201	r0000053	5000	0	rejected_score	5	521	0.4268714011516315	1278	2320	1042	0.2084	0.0	0.5335892514395394	1.0	0.3776520439664157	0.0	NA
dispersed_control_s1201	dispersed_control	1201	r0000054	5000	0	rejected_score	5	594	0.3966386554621849	1708	2897	1189	0.2378	0.0016835016835016834	0.4957983193277311	1.0	0.32721029929900736	0.0	NA
dispersed_control_s1201	dispersed_control	1201	r0000055	5000	0	rejected_score	5	571	0.3992994746059545	839	1981	1142	0.2284	0.0	0.4991243432574431	1.0	0.33190282059201953	0.0	NA
dispersed_control_s1201	dispersed_control	1201	r0000056	5000	0	rejected_score	5	523	0.39847328244274816	277	1324	1047	0.2094	0.0019120458891013384	0.49809160305343514	1.0	0.3307328389316023	0.0	NA
dispersed_control_s1201	dispersed_control	1201	r0000057	5000	0	rejected_score	5	38	0.39365079365079364	512	613	101	0.0202	0.34210526315789475	0.49206349206349204	1.0	0.3106093244464718	0.0	NA
dispersed_control_s1201	dispersed_control	1201	r0000058	5000	0	rejected_score	5	558	0.40716845878136204	3594	4710	1116	0.2232	0.0	0.5089605734767025	1.0	0.34515317321797606	0.0	NA
dispersed_control_s1201	dispersed_control	1201	r0000059	5000	0	rejected_score	4	536	0.3940298507462687	3628	4700	1072	0.2144	0.0	0.4925373134328358	1.0	0.32316320182728103	0.0	NA
dispersed_control_s1201	dispersed_control	1201	r0000060	5000	0	rejected_score	5	517	0.425531914893617	2870	3904	1034	0.2068	0.0	0.5319148936170213	1.0	0.37532328769859097	0.0	NA
dispersed_control_s1201	dispersed_control	1201	r0000061	5000	0	rejected_score	5	532	0.40075046904315204	3766	4831	1065	0.213	0.0018796992481203006	0.50093808630394	1.0	0.3343315555527824	0.0	NA
dispersed_control_s1201	dispersed_control	1201	r0000062	5000	0	rejected_score	5	572	0.3958041958041958	3214	4358	1144	0.2288	0.0	0.49475524475524474	1.0	0.3259227845830139	0.0	NA
dispersed_control_s1201	dispersed_control	1201	r0000063	5000	0	rejected_score	5	546	0.41243144424131634	1002	2095	1093	0.2186	0.0018315018315018315	0.5155393053016454	1.0	0.35361757138758937	0.0	NA
dispersed_control_s1201	dispersed_control	1201	r0000064	5000	0	rejected_score	5	594	0.39260504201680674	1290	2479	1189	0.2378	0.0016835016835016834	0.4907563025210084	1.0	0.32086444688944127	0.0	NA
dispersed_control_s1201	dispersed_control	1201	r0000065	5000	0	rejected_score	5	523	0.4267686424474188	2379	3425	1046	0.2092	0.0	0.5334608030592735	1.0	0.3777392016696086	0.0	NA
dispersed_control_s1201	dispersed_control	1201	r0000066	5000	0	rejected_score	5	515	0.42252427184466024	576	1606	1030	0.206	0.0	0.5281553398058253	1.0	0.370382389120739	0.0	NA
dispersed_control_s1201	dispersed_control	1201	r0000067	5000	0	rejected_score	5	530	0.4060377358490566	2728	3788	1060	0.212	0.0	0.5075471698113208	1.0	0.34325126941510764	0.0	NA
dispersed_control_s1201	dispersed_control	1201	r0000068	5000	0	rejected_score	5	548	0.42773722627737226	2512	3608	1096	0.2192	0.0	0.5346715328467153	1.0	0.37887950289025046	0.0	NA
dispersed_control_s1201	dispersed_control	1201	r0000069	5000	0	rejected_score	5	537	0.42309124767225326	1954	3028	1074	0.2148	0.0	0.5288640595903166	1.0	0.37136749467313523	0.0	NA
dispersed_control_s1201	dispersed_control	1201	r0000070	5000	0	rejected_score	5	521	0.41765834932821494	2846	3888	1042	0.2084	0.0	0.5220729366602687	1.0	0.3620047359452341	0.0	NA
dispersed_control_s1201	dispersed_control	1201	r0000071	5000	0	rejected_score	5	521	0.4268714011516315	1900	2942	1042	0.2084	0.0	0.5335892514395394	1.0	0.37763215785942	0.0	NA
dispersed_control_s1201	dispersed_control	1201	r0000072	5000	0	rejected_score	4	564	0.4823848238482385	297	1599	1302	0.2604	0.30851063829787234	0.6029810298102981	1.0	0.47045686226044614	0.0	NA
dispersed_control_s1201	dispersed_control	1201	r0000073	5000	0	rejected_score	5	559	0.42218246869409665	1811	2929	1118	0.2236	0.0	0.5277280858676208	1.0	0.3697736837722361	0.0	NA
dispersed_control_s1201	dispersed_control	1201	r0000074	5000	0	rejected_score	5	522	0.4137931034482759	2112	3156	1044	0.2088	0.0	0.5172413793103449	1.0	0.35622575948515295	0.0	NA
dispersed_control_s1201	dispersed_control	1201	r0000075	5000	0	rejected_score	5	525	0.41447619047619044	3856	4906	1050	0.21	0.0	0.518095238095238	1.0	0.3568964473763844	0.0	NA
dispersed_control_s1201	dispersed_control	1201	r0000076	5000	0	rejected_score	4	583	0.3869639794168096	2365	3531	1166	0.2332	0.0	0.483704974271012	1.0	0.3108963534835502	0.0	NA
dispersed_control_s1201	dispersed_control	1201	r0000077	5000	0	rejected_score	5	47	0.4075471698113208	2490	2590	100	0.02	0.1276595744680851	0.5094339622641509	1.0	0.3292780452066597	0.0	NA
dispersed_control_s1201	dispersed_control	1201	r0000078	5000	0	rejected_score	5	554	0.4072202166064982	2644	3752	1108	0.2216	0.0	0.5090252707581228	1.0	0.3452688977960266	0.0	NA
dispersed_control_s1201	dispersed_control	1201	r0000079	5000	0	rejected_score	5	516	0.4248062015503877	187	1219	1032	0.2064	0.0	0.5310077519379846	1.0	0.37392926170761615	0.0	NA
dispersed_control_s1201	dispersed_control	1201	r0000080	5000	0	rejected_score	5	539	0.39777365491651206	3502	4580	1078	0.2156	0.0	0.4972170686456401	1.0	0.32936036968763416	0.0	NA
dispersed_control_s1201	dispersed_control	1201	r0000081	5000	0	rejected_score	5	38	0.4129032258064516	4771	4871	100	0.02	0.3684210526315789	0.5161290322580645	1.0	0.3395154685477266	0.0	NA
dispersed_control_s1201	dispersed_control	1201	r0000082	5000	0	rejected_score	5	650	0.43751522533495735	2012	3483	1471	0.2942	0.2630769230769231	0.5468940316686967	1.0	0.39549264403804935	0.0	NA
dispersed_control_s1201	dispersed_control	1201	r0000083	5000	0	rejected_score	5	565	0.3992920353982301	3711	4841	1130	0.226	0.0	0.49911504424778763	1.0	0.3309790647221636	0.0	NA
dispersed_control_s1201	dispersed_control	1201	r0000084	5000	0	rejected_score	5	41	0.39322033898305087	2103	2203	100	0.02	0.43902439024390244	0.4915254237288136	1.0	0.32076599482876517	0.0	NA
dispersed_control_s1201	dispersed_control	1201	r0000085	5000	0	rejected_score	5	617	0.40194489465153976	299	1533	1234	0.2468	0.0	0.5024311183144247	1.0	0.33630692200286266	0.0	NA
dispersed_control_s1201	dispersed_control	1201	r0000086	5000	0	rejected_score	5	518	0.41544401544401544	1562	2598	1036	0.2072	0.0	0.5193050193050193	1.0	0.3588089083316763	0.0	NA
dispersed_control_s1201	dispersed_control	1201	r0000087	5000	0	rejected_score	4	545	0.4271559633027523	2519	3609	1090	0.218	0.0	0.5339449541284403	1.0	0.3783805022620878	0.0	NA
dispersed_control_s1201	dispersed_control	1201	r0000088	5000	0	rejected_score	5	571	0.4063047285464098	502	1644	1142	0.2284	0.0	0.5078809106830122	1.0	0.34321607217414796	0.0	NA
dispersed_control_s1201	dispersed_control	1201	r0000089	5000	0	rejected_score	5	545	0.41541284403669726	1407	2497	1090	0.218	0.0	0.5192660550458715	1.0	0.3586161668792784	0.0	NA
dispersed_control_s1201	dispersed_control	1201	r0000090	5000	0	rejected_score	5	517	0.4085106382978723	87	1121	1034	0.2068	0.0	0.5106382978723404	1.0	0.3472759709070948	0.0	NA
dispersed_control_s1201	dispersed_control	1201	r0000091	5000	0	rejected_score	5	60	0.4065573770491804	4359	4480	121	0.0242	0.016666666666666666	0.5081967213114754	1.0	0.3331643079015847	0.0	NA
dispersed_control_s1201	dispersed_control	1201	r0000092	5000	0	rejected_score	5	523	0.4267686424474188	2933	3979	1046	0.2092	0.0	0.5334608030592735	1.0	0.37768609751756194	0.0	NA
dispersed_control_s1201	dispersed_control	1201	r0000093	5000	0	rejected_score	5	523	0.43747609942638627	3365	4411	1046	0.2092	0.0	0.5468451242829828	1.0	0.39544797212108507	0.0	NA
dispersed_control_s1201	dispersed_control	1201	r0000094	5000	0	rejected_score	5	515	0.4325581395348837	3113	4144	1031	0.2062	0.001941747572815534	0.5406976744186046	1.0	0.38719815024648413	0.0	NA
dispersed_control_s1201	dispersed_control	1201	r0000095	5000	0	rejected_score	5	599	0.4006677796327212	2321	3519	1198	0.2396	0.0	0.5008347245409015	1.0	0.3333209254540819	0.0	NA
dispersed_control_s1201	dispersed_control	1201	r0000096	5000	0	rejected_score	5	613	0.46224489795918366	1467	2864	1397	0.2794	0.27895595432300163	0.5778061224489796	1.0	0.4366542565752348	0.0	NA
dispersed_control_s1201	dispersed_control	1201	r0000097	5000	0	rejected_score	5	543	0.4855944055944056	1114	2372	1258	0.2516	0.31675874769797424	0.606993006993007	1.0	0.47574642069411827	0.0	NA
dispersed_control_s1201	dispersed_control	1201	r0000098	5000	0	rejected_score	5	604	0.40397350993377484	724	1932	1208	0.2416	0.0	0.5049668874172185	1.0	0.3399353443943517	0.0	NA
dispersed_control_s1201	dispersed_control	1201	r0000099	5000	0	rejected_score	5	530	0.40905660377358494	3154	4214	1060	0.212	0.0	0.5113207547169811	1.0	0.3483395166784162	0.0	NA
dispersed_control_s1201	dispersed_control	1201	r0000100	5000	0	rejected_score	5	601	0.39800332778702163	1398	2600	1202	0.2404	0.0	0.49750415973377704	1.0	0.3291381830748788	0.0	NA
divergent_units_s1201	divergent_units	1201	r0000001	5000	1	accepted	5	171	0.8699946893255444	1475	3529	2054	0.4108	0.011695906432748537	0.8374933616569304	1.0	0.7831329184701582	0.9980535279805353	0
divergent_units_s1201	divergent_units	1201	r0000002	5000	0	no_spacing_peak	0	0	0.0	0	0	0	0.0	1.0	0.0	0.0	0.0	0.0	NA
divergent_units_s1201	divergent_units	1201	r0000003	5000	1	accepted	5	171	0.85037672599569	1474	3515	2041	0.4082	0.06432748538011696	0.813903743315508	1.0	0.7515113036571397	0.9946393762183235	0
divergent_units_s1201	divergent_units	1201	r0000004	5000	1	accepted	5	171	0.8411520056725509	1475	3523	2048	0.4096	0.023391812865497075	0.8023441662226958	1.0	0.7360082340180698	0.9980506822612085	0
divergent_units_s1201	divergent_units	1201	r0000005	5000	0	no_spacing_peak	0	0	0.0	0	0	0	0.0	1.0	0.0	0.0	0.0	0.0	NA
divergent_units_s1201	divergent_units	1201	r0000006	5000	1	accepted	5	171	0.8410489510489512	1474	3517	2043	0.4086	0.05263157894736842	0.8018162393162394	1.0	0.7352523868739034	0.9956140350877193	0
divergent_units_s1201	divergent_units	1201	r0000007	5000	1	accepted	5	171	0.8519895483389325	1474	3525	2051	0.4102	0.005847953216374269	0.8154255319148936	1.0	0.7535846404646804	0.9995126705653021	0
divergent_units_s1201	divergent_units	1201	r0000008	5000	1	accepted	5	171	0.8581740976645436	1473	3528	2055	0.411	0.017543859649122806	0.8227176220806794	1.0	0.7616261461466797	0.9985401459854014	0
divergent_units_s1201	divergent_units	1201	r0000009	5000	1	accepted	5	171	0.8484328271113252	1477	3526	2049	0.4098	0.017543859649122806	0.8109691160809371	1.0	0.7474259881022286	0.9985380116959064	0
divergent_units_s1201	divergent_units	1201	r0000010	5000	1	accepted	5	171	0.8639021796916535	1474	3526	2052	0.4104	0.0	0.8298777246145668	1.0	0.7716831442988097	1.0	0
divergent_units_s1201	divergent_units	1201	r0000011	5000	0	no_spacing_peak	0	0	0.0	0	0	0	0.0	1.0	0.0	0.0	0.0	0.0	NA
divergent_units_s1201	divergent_units	1201	r0000012	5000	0	no_spacing_peak	0	0	0.0	0	0	0	0.0	1.0	0.0	0.0	0.0	0.0	NA
divergent_units_s1201	divergent_units	1201	r0000013	5000	1	accepted	5	171	0.8524189261031367	1474	3526	2052	0.4104	0.0	0.8155236576289208	1.0	0.7520471531670623	1.0	0
divergent_units_s1201	divergent_units	1201	r0000014	5000	1	accepted	5	171	0.85113314223271	1473	3508	2035	0.407	0.09941520467836257	0.8143776824034334	1.0	0.7521902757360943	0.990745250852411	0
divergent_units_s1201	divergent_units	1201	r0000015	5000	1	accepted	5	171	0.8349165235011674	1474	3525	2051	0.4102	0.005847953216374269	0.7946808510638298	1.0	0.724011431602607	0.9995126705653021	0
divergent_units_s1201	divergent_units	1201	r0000016	5000	1	accepted	5	171	0.8602975369319086	1479	3527	2048	0.4096	0.023391812865497075	0.8257858284496538	1.0	0.7659680485347113	0.9970774476376035	0
divergent_units_s1201	divergent_units	1201	r0000017	5000	0	no_spacing_peak	0	0	0.0	0	0	0	0.0	1.0	0.0	0.0	0.0	0.0	NA
divergent_units_s1201	divergent_units	1201	r0000018	5000	1	accepted	5	171	0.8604554656390055	1474	3524	2050	0.41	0.011695906432748537	0.8259712613092071	1.0	0.7674631685208451	0.9990253411306043	0
divergent_units_s1201	divergent_units	1201	r0000019	5000	1	accepted	5	171	0.8404312668463612	1493	3519	2026	0.4052	0.15204678362573099	0.8005390835579514	1.0	0.7321642587111516	0.9873294346978557	0
divergent_units_s1201	divergent_units	1201	r0000020	5000	1	accepted	5	171	0.8561745976399774	1473	3523	2050	0.41	0.011695906432748537	0.8206492815327302	1.0	0.7602241764413973	0.9980516317584024	0
divergent_units_s1201	divergent_units	1201	r0000021	5000	1	accepted	5	171	0.8437566702241195	1481	3526	2045	0.409	0.04093567251461988	0.8046958377801494	1.0	0.7389735540193021	0.996588693957115	0
divergent_units_s1201	divergent_units	1201	r0000022	5000	1	accepted	5	171	0.8324540628306054	1472	3524	2052	0.4104	0.0	0.7910685805422647	1.0	0.7210670576534258	0.9980525803310614	0
divergent_units_s1201	divergent_units	1201	r0000023	5000	1	accepted	5	171	0.8401990825425709	1478	3526	2048	0.4096	0.023391812865497075	0.8007458710708577	1.0	0.7321701898470198	0.9980506822612085	0
divergent_units_s1201	divergent_units	1201	r0000024	5000	1	accepted	5	171	0.8714893617021278	1476	3527	2051	0.4102	0.005847953216374269	0.8393617021276596	1.0	0.7852433576431523	0.9985387238188017	0
divergent_units_s1201	divergent_units	1201	r0000025	5000	1	accepted	5	171	0.8526091586794462	1474	3523	2049	0.4098	0.017543859649122806	0.8157614483493077	1.0	0.7541472535985005	0.9985380116959064	0
divergent_units_s1201	divergent_units	1201	r0000026	5000	1	accepted	5	171	0.827659574468085	1474	3525	2051	0.4102	0.005847953216374269	0.7845744680851063	1.0	0.7101158187821011	0.9995126705653021	0
divergent_units_s1201	divergent_units	1201	r0000027	5000	1	accepted	5	171	0.8459574468085107	1474	3525	2051	0.4102	0.005847953216374269	0.8074468085106383	1.0	0.7415608022670249	0.9995126705653021	0
divergent_units_s1201	divergent_units	1201	r0000028	5000	0	no_spacing_peak	0	0	0.0	0	0	0	0.0	1.0	0.0	0.0	0.0	0.0	NA
divergent_units_s1201	divergent_units	1201	r0000029	5000	1	accepted	5	171	0.8579399141630901	1488	3523	2035	0.407	0.09941520467836257	0.8224248927038627	1.0	0.7615940295897746	0.9917153996101364	0
divergent_units_s1201	divergent_units	1201	r0000030	5000	0	rejected_score	1	40	0.35409836065573774	918	1019	101	0.0202	0.475	0.4426229508196721	1.0	0.2459146845240683	0.0	NA
divergent_units_s1201	divergent_units	1201	r0000031	5000	1	accepted	5	171	0.8673751328374071	1474	3527	2053	0.4106	0.005847953216374269	0.8342189160467588	1.0	0.7787925147619659	0.9995129079396006	0
divergent_units_s1201	divergent_units	1201	r0000032	5000	1	accepted	5	171	0.8311536416799574	1474	3526	2052	0.4104	0.0	0.7889420520999468	1.0	0.71712956063871	1.0	0
divergent_units_s1201	divergent_units	1201	r0000033	5000	1	accepted	5	171	0.8607565000082751	1491	3493	2002	0.4004	0.29239766081871343	0.8263244128891316	1.0	0.7666598346043402	0.9756335282651072	0
divergent_units_s1201	divergent_units	1201	r0000034	5000	0	no_spacing_peak	0	0	0.0	0	0	0	0.0	1.0	0.0	0.0	0.0	0.0	NA
divergent_units_s1201	divergent_units	1201	r0000035	5000	0	no_spacing_peak	0	0	0.0	0	0	0	0.0	1.0	0.0	0.0	0.0	0.0	NA
divergent_units_s1201	divergent_units	1201	r0000036	5000	0	rejected_score	1	52	0.36923076923076925	2686	2790	104	0.0208	0.0	0.46153846153846156	1.0	0.27544165215227673	0.0	NA
divergent_units_s1201	divergent_units	1201	r0000037	5000	1	accepted	5	171	0.8436537440254912	1474	3528	2054	0.4108	0.011695906432748537	0.804567180031864	1.0	0.7371734805618015	0.9990262901655307	0
divergent_units_s1201	divergent_units	1201	r0000038	5000	0	no_spacing_peak	0	0	0.0	0	0	0	0.0	1.0	0.0	0.0	0.0	0.0	NA
divergent_units_s1201	divergent_units	1201	r0000039	5000	1	accepted	5	171	0.8573848157622994	1479	3521	2042	0.4084	0.05847953216374269	0.8241582041688936	1.0	0.7634685010339447	0.9951267056530214	0
divergent_units_s1201	divergent_units	1201	r0000040	5000	1	accepted	5	171	0.85055880787653	1474	3524	2050	0.41	0.011695906432748537	0.8131985098456626	1.0	0.7506293523265446	0.9990253411306043	0
divergent_units_s1201	divergent_units	1201	r0000041	5000	0	no_spacing_peak	0	0	0.0	0	0	0	0.0	1.0	0.0	0.0	0.0	0.0	NA
divergent_units_s1201	divergent_units	1201	r0000042	5000	1	accepted	5	171	0.8506382978723404	1475	3526	2051	0.4102	0.005847953216374269	0.8132978723404255	1.0	0.7486411266307529	0.9995126705653021	0
divergent_units_s1201	divergent_units	1201	r0000043	5000	1	accepted	5	171	0.8399710965711228	1477	3526	2049	0.4098	0.017543859649122806	0.8008519701810437	1.0	0.7340193405321832	0.9985380116959064	0
divergent_units_s1201	divergent_units	1201	r0000044	5000	1	accepted	5	171	0.8609066666666667	1467	3513	2046	0.4092	0.03508771929824561	0.8261333333333334	1.0	0.7680435356319935	0.9902865468674114	0
divergent_units_s1201	divergent_units	1201	r0000045	5000	1	accepted	5	171	0.8582441113490364	1474	3513	2039	0.4078	0.07602339181286549	0.8228051391862955	1.0	0.7632554239712067	0.9936647173489279	0
divergent_units_s1201	divergent_units	1201	r0000046	5000	1	accepted	5	171	0.85712499953771	1484	3523	2039	0.4078	0.07602339181286549	0.8222698072805139	1.0	0.7625049228503283	0.9936647173489279	0
divergent_units_s1201	divergent_units	1201	r0000047	5000	1	accepted	5	171	0.8520722635494156	1474	3527	2053	0.4106	0.005847953216374269	0.8150903294367694	1.0	0.7516751993881917	0.9995129079396006	0
divergent_units_s1201	divergent_units	1201	r0000048	5000	1	accepted	5	171	0.8500532481363152	1477	3526	2049	0.4098	0.017543859649122806	0.8125665601703941	1.0	0.7481245903126523	0.9985380116959064	0
divergent_units_s1201	divergent_units	1201	r0000049	5000	1	accepted	5	171	0.8718467269824375	1474	3524	2050	0.41	0.011695906432748537	0.8398084087280469	1.0	0.7845104942071208	0.9990253411306043	0
divergent_units_s1201	divergent_units	1201	r0000050	5000	0	no_spacing_peak	0	0	0.0	0	0	0	0.0	1.0	0.0	0.0	0.0	0.0	NA
divergent_units_s1201	divergent_units	1201	r0000051	5000	1	accepted	5	171	0.85792	1480	3526	2046	0.4092	0.03508771929824561	0.8224	1.0	0.7614517584350529	0.9970760233918129	0
divergent_units_s1201	divergent_units	1201	r0000052	5000	0	rejected_score	1	48	0.4075471698113208	1655	1756	101	0.0202	0.10416666666666667	0.5094339622641509	1.0	0.3448200902142712	0.0	NA
divergent_units_s1201	divergent_units	1201	r0000053	5000	1	accepted	5	171	0.8624531333690413	1479	3517	2038	0.4076	0.08187134502923976	0.8280664167113015	1.0	0.7705959324656769	0.99317738791423	0
divergent_units_s1201	divergent_units	1201	r0000054	5000	0	rejected_score	1	69	0.35942028985507246	780	918	138	0.0276	0.0	0.4492753623188406	1.0	0.24350836699365264	0.0	NA
divergent_units_s1201	divergent_units	1201	r0000055	5000	0	no_spacing_peak	0	0	0.0	0	0	0	0.0	1.0	0.0	0.0	0.0	0.0	NA
divergent_units_s1201	divergent_units	1201	r0000056	5000	1	accepted	5	171	0.8461211477151966	1473	3526	2053	0.4106	0.005847953216374269	0.8076514346439958	1.0	0.7430390014334144	0.9995129079396006	0
divergent_units_s1201	divergent_units	1201	r0000057	5000	1	accepted	5	171	0.8435801811401171	1474	3522	2048	0.4096	0.023391812865497075	0.8044752264251465	1.0	0.7390057660946953	0.9980506822612085	0
divergent_units_s1201	divergent_units	1201	r0000058	5000	1	accepted	5	171	0.8521939682484655	1474	3506	2032	0.4064	0.11695906432748537	0.815690488984417	1.0	0.7524930939073772	0.9902534113060428	0
divergent_units_s1201	divergent_units	1201	r0000059	5000	1	accepted	5	171	0.8484300159659395	1477	3527	2050	0.41	0.011695906432748537	0.8105375199574242	1.0	0.7471120883892665	0.9980516317584024	0
divergent_units_s1201	divergent_units	1201	r0000060	5000	1	accepted	5	171	0.8579479000531631	1474	3526	2052	0.4104	0.0	0.822434875066454	1.0	0.7630326460763284	1.0	0
divergent_units_s1201	divergent_units	1201	r0000061	5000	1	accepted	5	171	0.8458960953577492	1477	3522	2045	0.409	0.04093567251461988	0.807897545357524	1.0	0.7423297246897058	0.996588693957115	0
divergent_units_s1201	divergent_units	1201	r0000062	5000	0	no_spacing_peak	0	0	0.0	0	0	0	0.0	1.0	0.0	0.0	0.0	0.0	NA
divergent_units_s1201	divergent_units	1201	r0000063	5000	1	accepted	5	171	0.838809144072302	1474	3526	2052	0.4104	0.0	0.7985114300903775	1.0	0.7310042824309534	1.0	0
divergent_units_s1201	divergent_units	1201	r0000064	5000	1	accepted	5	171	0.8482353030208434	1474	3526	2052	0.4104	0.0	0.8107389686337054	1.0	0.7470976280016661	1.0	0
divergent_units_s1201	divergent_units	1201	r0000065	5000	1	accepted	5	171	0.8567512679149905	1474	3526	2052	0.4104	0.0	0.8213716108452951	1.0	0.7598996656741304	1.0	0
divergent_units_s1201	divergent_units	1201	r0000066	5000	1	accepted	5	171	0.861597691087633	1474	3515	2041	0.4082	0.06432748538011696	0.827807486631016	1.0	0.7699020450343873	0.9946393762183235	0
divergent_units_s1201	divergent_units	1201	r0000067	5000	1	accepted	5	171	0.8419647624132409	1476	3520	2044	0.4088	0.04678362573099415	0.802455953016551	1.0	0.7365337772251401	0.9961013645224172	0
divergent_units_s1201	divergent_units	1201	r0000068	5000	1	accepted	5	171	0.8539648749334752	1476	3526	2050	0.41	0.011695906432748537	0.817456093666844	1.0	0.7547521192737494	0.9990253411306043	0
divergent_units_s1201	divergent_units	1201	r0000069	5000	1	accepted	5	171	0.8537207840448026	1479	3492	2013	0.4026	0.22807017543859648	0.8175895765472313	1.0	0.7564653492930825	0.9809941520467836	0
divergent_units_s1201	divergent_units	1201	r0000070	5000	1	accepted	5	171	0.8604055496264675	1481	3526	2045	0.409	0.04093567251461988	0.8255069370330843	1.0	0.7671917017162573	0.996588693957115	0
divergent_units_s1201	divergent_units	1201	r0000071	5000	1	accepted	5	171	0.8614072494669511	1474	3521	2047	0.4094	0.029239766081871343	0.8267590618336887	1.0	0.767516066545227	0.9975633528265108	0
divergent_units_s1201	divergent_units	1201	r0000072	5000	0	no_spacing_peak	0	0	0.0	0	0	0	0.0	1.0	0.0	0.0	0.0	0.0	NA
divergent_units_s1201	divergent_units	1201	r0000073	5000	1	accepted	5	171	0.8610548748002131	1477	3525	2048	0.4096	0.023391812865497075	0.8263185935002664	1.0	0.7663358942703283	0.9980506822612085	0
divergent_units_s1201	divergent_units	1201	r0000074	5000	1	accepted	5	171	0.8522945570971185	1477	3522	2045	0.409	0.04093567251461988	0.8153681963713981	1.0	0.7536455940986395	0.996588693957115	0
divergent_units_s1201	divergent_units	1201	r0000075	5000	1	accepted	5	171	0.8544680851063831	1474	3525	2051	0.4102	0.005847953216374269	0.8180851063829787	1.0	0.757251779776446	0.9995126705653021	0
divergent_units_s1201	divergent_units	1201	r0000076	5000	1	accepted	5	171	0.856963868847372	1477	3526	2049	0.4098	0.017543859649122806	0.821618743343983	1.0	0.7617796936169273	0.9985380116959064	0
divergent_units_s1201	divergent_units	1201	r0000077	5000	0	rejected_score	1	35	0.36923076923076925	3395	3495	100	0.02	0.14285714285714285	0.46153846153846156	1.0	0.2791679538667491	0.0	NA
divergent_units_s1201	divergent_units	1201	r0000078	5000	1	accepted	5	171	0.8570212765957448	1476	3527	2051	0.4102	0.005847953216374269	0.8212765957446808	1.0	0.7616360382362917	0.9985387238188017	0
divergent_units_s1201	divergent_units	1201	r0000079	5000	0	no_spacing_peak	0	0	0.0	0	0	0	0.0	1.0	0.0	0.0	0.0	0.0	NA
divergent_units_s1201	divergent_units	1201	r0000080	5000	0	no_spacing_peak	0	0	0.0	0	0	0	0.0	1.0	0.0	0.0	0.0	0.0	NA
divergent_units_s1201	divergent_units	1201	r0000081	5000	1	accepted	5	171	0.8481454755375957	1475	3505	2030	0.406	0.1286549707602339	0.8106508875739645	1.0	0.747205956281373	0.9892787524366472	0
divergent_units_s1201	divergent_units	1201	r0000082	5000	0	no_spacing_peak	0	0	0.0	0	0	0	0.0	1.0	0.0	0.0	0.0	0.0	NA
divergent_units_s1201	divergent_units	1201	r0000083	5000	1	accepted	5	171	0.8454194124306906	1474	3507	2033	0.4066	0.1111111111111111	0.8071965628356605	1.0	0.7428558540680316	0.9907407407407407	0
divergent_units_s1201	divergent_units	1201	r0000084	5000	1	accepted	5	171	0.8663937579188201	1473	3529	2056	0.4112	0.023391812865497075	0.83342175066313	1.0	0.7777351217909058	0.9980544747081712	0
divergent_units_s1201	divergent_units	1201	r0000085	5000	0	no_spacing_peak	0	0	0.0	0	0	0	0.0	1.0	0.0	0.0	0.0	0.0	NA
divergent_units_s1201	divergent_units	1201	r0000086	5000	1	accepted	5	171	0.8427871529667936	1502	3510	2008	0.4016	0.2573099415204678	0.8034839412084921	1.0	0.7377154405523699	0.9785575048732943	0
divergent_units_s1201	divergent_units	1201	r0000087	5000	1	accepted	5	171	0.8612419700214133	1474	3513	2039	0.4078	0.07602339181286549	0.8265524625267666	1.0	0.7685636224791451	0.9936647173489279	0
divergent_units_s1201	divergent_units	1201	r0000088	5000	0	no_spacing_peak	0	0	0.0	0	0	0	0.0	1.0	0.0	0.0	0.0	0.0	NA
divergent_units_s1201	divergent_units	1201	r0000089	5000	0	no_spacing_peak	0	0	0.0	0	0	0	0.0	1.0	0.0	0.0	0.0	0.0	NA
divergent_units_s1201	divergent_units	1201	r0000090	5000	0	rejected_score	1	52	0.38461538461538464	4001	4105	104	0.0208	0.0	0.4807692307692308	1.0	0.3033986603820392	0.0	NA
divergent_units_s1201	divergent_units	1201	r0000091	5000	1	accepted	5	171	0.842811501597444	1476	3525	2049	0.4098	0.017543859649122806	0.8035143769968051	1.0	0.7360034165518621	0.9985380116959064	0
divergent_units_s1201	divergent_units	1201	r0000092	5000	1	accepted	5	171	0.8502923976608188	1477	3529	2052	0.4104	0.0	0.8128654970760234	1.0	0.7500084074190874	0.997080291970803	0
divergent_units_s1201	divergent_units	1201	r0000093	5000	0	no_spacing_peak	0	0	0.0	0	0	0	0.0	1.0	0.0	0.0	0.0	0.0	NA
divergent_units_s1201	divergent_units	1201	r0000094	5000	0	rejected_score	1	49	0.39215686274509803	3131	3231	100	0.02	0.04081632653061224	0.49019607843137253	1.0	0.3160666466747686	0.0	NA
divergent_units_s1201	divergent_units	1201	r0000095	5000	1	accepted	5	171	0.8408000604674893	1479	3520	2041	0.4082	0.06432748538011696	0.8032085561497326	1.0	0.7374784148062574	0.9946393762183235	0
divergent_units_s1201	divergent_units	1201	r0000096	5000	1	accepted	5	171	0.8442429100678122	1527	3526	1999	0.3998	0.30994152046783624	0.8057986870897156	1.0	0.7394443114362235	0.9741715399610137	0
divergent_units_s1201	divergent_units	1201	r0000097	5000	1	accepted	5	171	0.8673751328374071	1473	3526	2053	0.4106	0.005847953216374269	0.8342189160467588	1.0	0.7770654913957865	0.9995129079396006	0
divergent_units_s1201	divergent_units	1201	r0000098	5000	0	no_spacing_peak	0	0	0.0	0	0	0	0.0	1.0	0.0	0.0	0.0	0.0	NA
divergent_units_s1201	divergent_units	1201	r0000099	5000	0	no_spacing_peak	0	0	0.0	0	0	0	0.0	1.0	0.0	0.0	0.0	0.0	NA
divergent_units_s1201	divergent_units	1201	r0000100	5000	1	accepted	5	171	0.8403406067056947	1474	3524	2050	0.41	0.011695906432748537	0.8004257583821182	1.0	0.7322091550283342	0.9990253411306043	0
indel_01pct_s1201	indel_01pct	1201	r0000001	4999	1	accepted	5	342	0.9	1474	2418	944	0.1888377675535107	0.23976608187134502	1.0	1.0	1.0	0.46026328620185275	171
indel_01pct_s1201	indel_01pct	1201	r0000002	5000	0	no_spacing_peak	0	0	0.0	0	0	0	0.0	1.0	0.0	0.0	0.0	0.0	NA
indel_01pct_s1201	indel_01pct	1201	r0000003	5001	1	accepted	5	171	1.0	1540	3527	1987	0.39732053589282146	0.38011695906432746	1.0	1.0	1.0	0.9678519240136386	0
indel_01pct_s1201	indel_01pct	1201	r0000004	5001	1	accepted	5	171	0.9998684210526316	2568	3527	959	0.1917616476704659	0.391812865497076	1.0	1.0	1.0	0.4671212859230395	0
indel_01pct_s1201	indel_01pct	1201	r0000005	5000	0	no_spacing_peak	0	0	0.0	0	0	0	0.0	1.0	0.0	0.0	0.0	0.0	NA
indel_01pct_s1201	indel_01pct	1201	r0000006	5001	1	accepted	5	171	0.9283983849259758	1630	3287	1657	0.3313337332533493	0.30994152046783624	0.9104979811574697	1.0	0.8794917587860304	0.8071115440818315	0
indel_01pct_s1201	indel_01pct	1201	r0000007	4998	1	accepted	5	170	0.9166666666666667	2473	2814	341	0.06822729091636655	0.0058823529411764705	1.0	1.0	1.0	0.16634146341463416	1
indel_01pct_s1201	indel_01pct	1201	r0000008	4999	1	accepted	5	171	0.9476595744680851	1474	3525	2051	0.41028205641128224	0.005847953216374269	0.9345744680851064	1.0	0.9126920489364132	1.0	0
indel_01pct_s1201	indel_01pct	1201	r0000009	5001	1	accepted	5	171	0.9998698763825635	1594	3527	1933	0.38652269546090784	0.30409356725146197	1.0	1.0	1.0	0.9415489527520702	0
indel_01pct_s1201	indel_01pct	1201	r0000010	5001	1	accepted	5	171	0.9307216494845361	1853	3479	1626	0.3251349730053989	0.49122807017543857	0.9134020618556701	1.0	0.8842717568082142	0.7920116902094496	0
indel_01pct_s1201	indel_01pct	1201	r0000011	5000	0	no_spacing_peak	0	0	0.0	0	0	0	0.0	1.0	0.0	0.0	0.0	0.0	NA
indel_01pct_s1201	indel_01pct	1201	r0000012	5000	0	no_spacing_peak	0	0	0.0	0	0	0	0.0	1.0	0.0	0.0	0.0	0.0	NA
indel_01pct_s1201	indel_01pct	1201	r0000013	5005	1	accepted	5	171	0.9597911227154048	1474	2357	883	0.17642357642357642	0.16374269005847952	1.0	1.0	1.0	0.4292659212445309	0
indel_01pct_s1201	indel_01pct	1201	r0000014	5001	1	accepted	5	171	1.0	1474	3326	1852	0.3703259348130374	0.1695906432748538	1.0	1.0	1.0	0.9020944958597175	0
indel_01pct_s1201	indel_01pct	1201	r0000015	5003	1	accepted	5	172	0.9333333333333333	2372	2717	345	0.06895862482510494	0.005813953488372093	1.0	1.0	1.0	0.1678832116788321	1
indel_01pct_s1201	indel_01pct	1201	r0000016	4999	1	accepted	5	171	1.0	1603	3527	1924	0.38487697539507904	0.25146198830409355	1.0	1.0	1.0	0.9361909400876766	0
indel_01pct_s1201	indel_01pct	1201	r0000017	5000	0	no_spacing_peak	0	0	0.0	0	0	0	0.0	1.0	0.0	0.0	0.0	0.0	NA
indel_01pct_s1201	indel_01pct	1201	r0000018	4998	1	accepted	5	170	0.9123697916666668	1909	2249	340	0.06802721088435375	0.0	1.0	1.0	1.0	0.16585365853658537	1
indel_01pct_s1201	indel_01pct	1201	r0000019	4999	1	accepted	5	171	0.9460721868365181	1474	3529	2055	0.4110822164432887	0.017543859649122806	0.9325902335456475	1.0	0.9098966866638016	0.9980535279805353	0
indel_01pct_s1201	indel_01pct	1201	r0000020	4998	1	accepted	5	171	0.9462113127001068	1480	3525	2045	0.4091636654661865	0.04093567251461988	0.9327641408751334	1.0	0.9101370006862654	0.9965870307167235	0
indel_01pct_s1201	indel_01pct	1201	r0000021	5001	1	accepted	5	171	1.0	1588	3527	1939	0.3877224555088982	0.3391812865497076	1.0	1.0	1.0	0.9444715051144666	0
indel_01pct_s1201	indel_01pct	1201	r0000022	5000	1	accepted	5	171	0.9998698763825635	1474	3527	2053	0.4106	0.005847953216374269	1.0	1.0	1.0	0.9995129079396006	0
indel_01pct_s1201	indel_01pct	1201	r0000023	4999	1	accepted	5	171	1.0	1649	3525	1876	0.3752750550110022	0.029239766081871343	1.0	1.0	1.0	0.9146757679180887	0
indel_01pct_s1201	indel_01pct	1201	r0000024	4998	1	accepted	5	171	0.9359422034918723	1473	3305	1832	0.36654661864745897	0.28654970760233917	0.9199277543648404	1.0	0.8921311344820151	0.8927352510970259	0
indel_01pct_s1201	indel_01pct	1201	r0000025	5002	1	accepted	5	172	0.9006873788759691	1930	2274	344	0.06877249100359856	0.0	0.9941860465116279	1.0	0.9921745262631088	0.16747809152872445	1
indel_01pct_s1201	indel_01pct	1201	r0000026	4999	1	accepted	5	171	0.9998698763825635	1474	3268	1794	0.358871774354871	0.49122807017543857	1.0	1.0	1.0	0.8746952705997074	0
indel_01pct_s1201	indel_01pct	1201	r0000027	5001	1	accepted	5	171	0.9477429633563463	1473	3527	2054	0.4107178564287143	0.011695906432748537	0.9346787041954329	1.0	0.912832183997759	0.9995131450827653	0
indel_01pct_s1201	indel_01pct	1201	r0000028	5000	0	no_spacing_peak	0	0	0.0	0	0	0	0.0	1.0	0.0	0.0	0.0	0.0	NA
indel_01pct_s1201	indel_01pct	1201	r0000029	5001	1	accepted	5	171	0.9463381931536556	1473	3527	2054	0.4107178564287143	0.011695906432748537	0.9330855018587361	1.0	0.9105628839828174	0.9995131450827653	0
indel_01pct_s1201	indel_01pct	1201	r0000030	5000	0	rejected_score	2	47	0.35555555555555557	3116	3217	101	0.0202	0.14893617021276595	0.4444444444444444	1.0	0.2586051514622943	0.0	NA
indel_01pct_s1201	indel_01pct	1201	r0000031	5002	1	accepted	5	172	0.9166666666666667	1745	2090	345	0.06897241103558577	0.005813953488372093	1.0	1.0	1.0	0.1679649464459591	1
indel_01pct_s1201	indel_01pct	1201	r0000032	4999	1	accepted	5	171	0.9463829787234044	1474	3525	2051	0.41028205641128224	0.005847953216374269	0.9329787234042554	1.0	0.9104268750257551	1.0	0
indel_01pct_s1201	indel_01pct	1201	r0000033	4999	1	accepted	5	171	0.9434042553191491	1474	3525	2051	0.41028205641128224	0.005847953216374269	0.9292553191489362	1.0	0.9047511819218697	1.0	0
indel_01pct_s1201	indel_01pct	1201	r0000034	5000	0	no_spacing_peak	0	0	0.0	0	0	0	0.0	1.0	0.0	0.0	0.0	0.0	NA
indel_01pct_s1201	indel_01pct	1201	r0000035	5000	0	no_spacing_peak	0	0	0.0	0	0	0	0.0	1.0	0.0	0.0	0.0	0.0	NA
indel_01pct_s1201	indel_01pct	1201	r0000036	5000	0	no_spacing_peak	0	0	0.0	0	0	0	0.0	1.0	0.0	0.0	0.0	0.0	NA
indel_01pct_s1201	indel_01pct	1201	r0000037	5001	1	accepted	5	171	0.9477151965993624	1474	3527	2053	0.41051789642071584	0.005847953216374269	0.934643995749203	1.0	0.9127866317005633	1.0	0
indel_01pct_s1201	indel_01pct	1201	r0000038	5000	0	rejected_score	1	43	0.42105263157894735	326	426	100	0.02	0.32558139534883723	0.5263157894736842	1.0	0.36452346320590845	0.0	NA
indel_01pct_s1201	indel_01pct	1201	r0000039	4999	1	accepted	5	342	0.8999349381912818	1474	2308	834	0.16683336667333468	0.43859649122807015	1.0	1.0	1.0	0.4066309117503657	171
indel_01pct_s1201	indel_01pct	1201	r0000040	4999	1	accepted	5	171	0.9272727272727272	1843	3477	1634	0.32686537307461494	0.4444444444444444	0.9090909090909091	1.0	0.8776487870258286	0.7966845441248172	0
indel_01pct_s1201	indel_01pct	1201	r0000041	5000	0	no_spacing_peak	0	0	0.0	0	0	0	0.0	1.0	0.0	0.0	0.0	0.0	NA
indel_01pct_s1201	indel_01pct	1201	r0000042	5000	1	accepted	5	171	0.9428247305728872	1592	3526	1934	0.3868	0.30994152046783624	0.9285309132161089	1.0	0.904460458724959	0.942495126705653	0
indel_01pct_s1201	indel_01pct	1201	r0000043	4999	1	accepted	5	170	0.9154947916666667	1997	2337	340	0.0680136027205441	0.0	1.0	1.0	1.0	0.1657727937591419	1
indel_01pct_s1201	indel_01pct	1201	r0000044	4999	1	accepted	5	171	0.9158227848101266	1474	2909	1435	0.28705741148229647	0.391812865497076	0.8947784810126582	1.0	0.8583174878691342	0.6996587030716723	0
indel_01pct_s1201	indel_01pct	1201	r0000045	5000	1	accepted	5	171	0.9376318874560374	1649	3526	1877	0.3754	0.023391812865497075	0.9220398593200468	1.0	0.8950454140681373	0.9147173489278753	0
indel_01pct_s1201	indel_01pct	1201	r0000046	5001	1	accepted	5	171	0.9473740053050399	1474	3530	2056	0.41111777644471104	0.023391812865497075	0.9342175066312998	1.0	0.9122151923701817	0.9985408560311284	0
indel_01pct_s1201	indel_01pct	1201	r0000047	5003	1	accepted	5	171	1.0	2110	3288	1178	0.2354587247651409	0.1111111111111111	1.0	1.0	1.0	0.5732360097323601	0
indel_01pct_s1201	indel_01pct	1201	r0000048	4999	1	accepted	5	171	0.9434343434343435	1474	3526	2052	0.41048209641928385	0.0	0.9292929292929293	1.0	0.904809141135108	0.9995126705653021	0
indel_01pct_s1201	indel_01pct	1201	r0000049	4999	1	accepted	5	170	0.9165907612231621	2114	2455	341	0.06821364272854571	0.0058823529411764705	1.0	1.0	1.0	0.16626036079960996	1
indel_01pct_s1201	indel_01pct	1201	r0000050	5000	0	no_spacing_peak	0	0	0.0	0	0	0	0.0	1.0	0.0	0.0	0.0	0.0	NA
indel_01pct_s1201	indel_01pct	1201	r0000051	5000	1	accepted	5	171	1.0	1473	3526	2053	0.4106	0.005847953216374269	1.0	1.0	1.0	0.9995129079396006	0
indel_01pct_s1201	indel_01pct	1201	r0000052	5000	0	rejected_score	2	34	0.417910447761194	2541	2642	101	0.0202	0.029411764705882353	0.5223880597014925	1.0	0.3528002918457658	0.0	NA
indel_01pct_s1201	indel_01pct	1201	r0000053	4999	1	accepted	5	171	1.0	1474	3127	1653	0.33066613322664534	0.3333333333333333	1.0	1.0	1.0	0.8059483178937104	0
indel_01pct_s1201	indel_01pct	1201	r0000054	5000	0	no_spacing_peak	0	0	0.0	0	0	0	0.0	1.0	0.0	0.0	0.0	0.0	NA
indel_01pct_s1201	indel_01pct	1201	r0000055	5000	0	rejected_score	1	69	0.35942028985507246	4361	4499	138	0.0276	0.0	0.4492753623188406	1.0	0.24448926667627147	0.0	NA
indel_01pct_s1201	indel_01pct	1201	r0000056	5001	1	accepted	5	171	0.9435244161358811	1473	3528	2055	0.41091781643671266	0.017543859649122806	0.9294055201698513	1.0	0.9049671432135751	0.9990267639902677	0
indel_01pct_s1201	indel_01pct	1201	r0000057	5000	1	accepted	5	171	0.999739921976593	1474	3526	2052	0.4104	0.0	1.0	1.0	1.0	1.0	0
indel_01pct_s1201	indel_01pct	1201	r0000058	4999	1	accepted	5	171	0.9477151965993624	1474	3527	2053	0.41068213642728546	0.005847953216374269	0.934643995749203	1.0	0.9127833180975611	0.9990258158792011	0
indel_01pct_s1201	indel_01pct	1201	r0000059	4999	1	accepted	5	342	0.9	1598	2341	743	0.14862972594518903	0.17251461988304093	1.0	1.0	1.0	0.3622623110677718	171
indel_01pct_s1201	indel_01pct	1201	r0000060	4998	1	accepted	5	170	0.9061011904761905	1649	2155	506	0.10124049619847938	0.023529411764705882	0.9880952380952381	1.0	0.9840929378598468	0.24682926829268292	1
indel_01pct_s1201	indel_01pct	1201	r0000061	4999	1	accepted	5	171	0.9475572767015428	1474	3526	2052	0.41048209641928385	0.0	0.9346092503987241	1.0	0.9127343536653103	0.9995126705653021	0
indel_01pct_s1201	indel_01pct	1201	r0000062	5000	0	no_spacing_peak	0	0	0.0	0	0	0	0.0	1.0	0.0	0.0	0.0	0.0	NA
indel_01pct_s1201	indel_01pct	1201	r0000063	5000	1	accepted	5	171	0.9166942148760331	1474	2855	1381	0.2762	0.07602339181286549	0.8958677685950414	1.0	0.8607789136531923	0.6730019493177388	0
indel_01pct_s1201	indel_01pct	1201	r0000064	4999	1	accepted	5	171	0.9259178082191781	1473	3469	1996	0.39927985597119425	0.32748538011695905	0.9073972602739726	1.0	0.8764260407742176	0.9722222222222222	0
indel_01pct_s1201	indel_01pct	1201	r0000065	4998	1	accepted	5	171	0.9458937198067634	1474	3508	2034	0.4069627851140456	0.10526315789473684	0.9323671497584541	1.0	0.9096140346461727	0.9921951219512195	0
indel_01pct_s1201	indel_01pct	1201	r0000066	5000	1	accepted	5	342	0.9	1474	2524	1050	0.21	0.07017543859649122	1.0	1.0	1.0	0.5116959064327485	171
indel_01pct_s1201	indel_01pct	1201	r0000067	4999	1	accepted	5	171	0.9434042553191491	1474	3525	2051	0.41028205641128224	0.005847953216374269	0.9292553191489362	1.0	0.9047658127396048	1.0	0
indel_01pct_s1201	indel_01pct	1201	r0000068	5001	1	accepted	5	171	0.9388349514563108	1708	3527	1819	0.36372725454909016	0.36257309941520466	0.9235436893203883	1.0	0.8978249322346171	0.8860204578665368	0
indel_01pct_s1201	indel_01pct	1201	r0000069	5001	1	accepted	5	171	0.943039319872476	1474	3527	2053	0.41051789642071584	0.005847953216374269	0.9287991498405951	1.0	0.9041516923649456	1.0	0
indel_01pct_s1201	indel_01pct	1201	r0000070	5001	1	accepted	5	172	0.9120207160414021	2401	2746	345	0.06898620275944811	0.005813953488372093	0.9942196531791907	1.0	0.992214310832577	0.16804676083779835	1
indel_01pct_s1201	indel_01pct	1201	r0000071	5001	1	accepted	5	171	0.9218268720127456	1473	3527	2054	0.4107178564287143	0.011695906432748537	0.9022835900159321	1.0	0.8694091393464953	0.9995131450827653	0
indel_01pct_s1201	indel_01pct	1201	r0000072	5000	0	no_spacing_peak	0	0	0.0	0	0	0	0.0	1.0	0.0	0.0	0.0	0.0	NA
indel_01pct_s1201	indel_01pct	1201	r0000073	4999	1	accepted	5	171	1.0	2424	3345	921	0.1842368473694739	0.38596491228070173	1.0	1.0	1.0	0.4490492442710873	0
indel_01pct_s1201	indel_01pct	1201	r0000074	5000	1	accepted	5	171	1.0	1474	2761	1287	0.2574	0.47368421052631576	1.0	1.0	1.0	0.6271929824561403	0
indel_01pct_s1201	indel_01pct	1201	r0000075	5001	1	accepted	5	171	1.0	1473	3347	1874	0.3747250549890022	0.04093567251461988	1.0	1.0	1.0	0.9118792599805258	0
indel_01pct_s1201	indel_01pct	1201	r0000076	5000	1	accepted	5	342	0.9	2129	3049	920	0.184	0.30994152046783624	1.0	1.0	1.0	0.44834307992202727	171
indel_01pct_s1201	indel_01pct	1201	r0000077	5000	0	no_spacing_peak	0	0	0.0	0	0	0	0.0	1.0	0.0	0.0	0.0	0.0	NA
indel_01pct_s1201	indel_01pct	1201	r0000078	5001	1	accepted	5	342	0.9	1474	2272	798	0.15956808638272346	0.3333333333333333	1.0	1.0	1.0	0.3886994641987336	171
indel_01pct_s1201	indel_01pct	1201	r0000079	5000	0	rejected_score	2	58	0.4137931034482759	273	389	116	0.0232	0.0	0.5172413793103449	1.0	0.3496195434521427	0.0	NA
indel_01pct_s1201	indel_01pct	1201	r0000080	5000	0	rejected_score	1	42	0.35862068965517246	3146	3246	100	0.02	0.38095238095238093	0.4482758620689655	1.0	0.2562359963183682	0.0	NA
indel_01pct_s1201	indel_01pct	1201	r0000081	5000	1	accepted	5	342	0.9001303780964799	2383	3374	991	0.1982	0.1023391812865497	1.0	1.0	1.0	0.48294346978557506	171
indel_01pct_s1201	indel_01pct	1201	r0000082	5000	0	no_spacing_peak	0	0	0.0	0	0	0	0.0	1.0	0.0	0.0	0.0	0.0	NA
indel_01pct_s1201	indel_01pct	1201	r0000083	5000	1	accepted	5	171	1.0	1474	3526	2052	0.4104	0.0	1.0	1.0	1.0	1.0	0
indel_01pct_s1201	indel_01pct	1201	r0000084	5001	1	accepted	5	171	1.0	1739	3527	1788	0.35752849430113975	0.45614035087719296	1.0	1.0	1.0	0.8709206039941549	0
indel_01pct_s1201	indel_01pct	1201	r0000085	5000	0	no_spacing_peak	0	0	0.0	0	0	0	0.0	1.0	0.0	0.0	0.0	0.0	NA
indel_01pct_s1201	indel_01pct	1201	r0000086	5002	1	accepted	5	171	0.9377215189873418	1474	3225	1751	0.35005997600959615	0.23976608187134502	0.9221518987341772	1.0	0.8961015588403285	0.8524829600778968	0
indel_01pct_s1201	indel_01pct	1201	r0000087	5000	1	accepted	5	171	1.0	1474	3526	2052	0.4104	0.0	1.0	1.0	1.0	1.0	0
indel_01pct_s1201	indel_01pct	1201	r0000088	5000	0	rejected_score	1	101	0.3643564356435644	1399	1601	202	0.0404	0.0	0.45544554455445546	1.0	0.27094953737121863	0.0	NA
indel_01pct_s1201	indel_01pct	1201	r0000089	5000	0	rejected_score	1	30	0.4	3740	3842	102	0.0204	0.4	0.5	1.0	0.31172267795713154	0.0	NA
indel_01pct_s1201	indel_01pct	1201	r0000090	5000	0	no_spacing_peak	0	0	0.0	0	0	0	0.0	1.0	0.0	0.0	0.0	0.0	NA
indel_01pct_s1201	indel_01pct	1201	r0000091	5000	1	accepted	5	171	1.0	1474	2915	1441	0.2882	0.4269005847953216	1.0	1.0	1.0	0.7022417153996101	0
indel_01pct_s1201	indel_01pct	1201	r0000092	4999	1	accepted	5	341	0.9	2721	3403	682	0.13642728545709143	0.0	1.0	1.0	1.0	0.3325207215992199	170
indel_01pct_s1201	indel_01pct	1201	r0000093	5000	0	no_spacing_peak	0	0	0.0	0	0	0	0.0	1.0	0.0	0.0	0.0	0.0	NA
indel_01pct_s1201	indel_01pct	1201	r0000094	5000	0	no_spacing_peak	0	0	0.0	0	0	0	0.0	1.0	0.0	0.0	0.0	0.0	NA
indel_01pct_s1201	indel_01pct	1201	r0000095	5002	1	accepted	5	171	1.0	1490	2396	906	0.18112754898040784	0.2982456140350877	1.0	1.0	1.0	0.44109055501460565	0
indel_01pct_s1201	indel_01pct	1201	r0000096	5000	1	accepted	5	171	0.9413237924865832	1679	3527	1848	0.3696	0.19298245614035087	0.9266547406082289	1.0	0.9021352528221196	0.8996590355577204	0
indel_01pct_s1201	indel_01pct	1201	r0000097	5002	1	accepted	5	172	0.9120155038759691	2158	2502	344	0.06877249100359856	0.0	0.9941860465116279	1.0	0.9921727456824956	0.16747809152872445	1
indel_01pct_s1201	indel_01pct	1201	r0000098	5000	0	rejected_score	1	55	0.3781818181818182	4169	4279	110	0.022	0.0	0.4727272727272727	1.0	0.29126860697622753	0.0	NA
indel_01pct_s1201	indel_01pct	1201	r0000099	5000	0	no_spacing_peak	0	0	0.0	0	0	0	0.0	1.0	0.0	0.0	0.0	0.0	NA
indel_01pct_s1201	indel_01pct	1201	r0000100	4999	1	accepted	5	170	0.9110677083333334	1993	2333	340	0.0680136027205441	0.0	1.0	1.0	1.0	0.1657727937591419	1
indel_1pct_s1201	indel_1pct	1201	r0000001	4996	1	accepted	5	170	0.9654646324549238	2721	3062	341	0.06825460368294636	0.0058823529411764705	1.0	1.0	1.0	0.16650390625	1
indel_1pct_s1201	indel_1pct	1201	r0000002	5000	0	no_spacing_peak	0	0	0.0	0	0	0	0.0	1.0	0.0	0.0	0.0	0.0	NA
indel_1pct_s1201	indel_1pct	1201	r0000003	5001	1	accepted	5	171	0.9168049379438509	3085	3439	354	0.07078584283143372	0.07017543859649122	0.8961748633879781	1.0	0.8611483947358475	0.17243058938139308	0
indel_1pct_s1201	indel_1pct	1201	r0000004	5001	1	accepted	5	171	0.8337622005323869	2730	3293	563	0.11257748450309939	0.29239766081871343	0.8112244897959183	1.0	0.7479783648920179	0.2742328300048709	0
indel_1pct_s1201	indel_1pct	1201	r0000005	5000	0	rejected_score	1	48	0.3703703703703704	4736	4838	102	0.0204	0.125	0.46296296296296297	1.0	0.28053910206884713	0.0	NA
indel_1pct_s1201	indel_1pct	1201	r0000006	4992	1	accepted	5	170	0.9513537469782434	2746	3086	340	0.06810897435897435	0.0	0.9647058823529412	1.0	0.9525084390641367	0.16634050880626222	1
indel_1pct_s1201	indel_1pct	1201	r0000007	5010	1	accepted	5	171	0.921031642865722	2019	2649	630	0.12574850299401197	0.3157894736842105	0.9651416122004357	1.0	0.9534569494592339	0.3055286129970902	0
indel_1pct_s1201	indel_1pct	1201	r0000008	5000	1	accepted	5	171	0.9908205841446454	1842	2203	361	0.0722	0.1111111111111111	1.0	1.0	1.0	0.17592592592592593	0
indel_1pct_s1201	indel_1pct	1201	r0000009	4993	1	accepted	5	170	0.8760068342689773	2531	2871	340	0.06809533346685359	0.0	0.8823529411764706	1.0	0.8428399741148193	0.16625916870415647	1
indel_1pct_s1201	indel_1pct	1201	r0000010	5006	1	accepted	5	171	0.9622895622895623	1474	2098	624	0.12465041949660408	0.3508771929824561	1.0	1.0	1.0	0.3032069970845481	0
indel_1pct_s1201	indel_1pct	1201	r0000011	5000	0	no_spacing_peak	0	0	0.0	0	0	0	0.0	1.0	0.0	0.0	0.0	0.0	NA
indel_1pct_s1201	indel_1pct	1201	r0000012	5000	0	no_spacing_peak	0	0	0.0	0	0	0	0.0	1.0	0.0	0.0	0.0	0.0	NA
indel_1pct_s1201	indel_1pct	1201	r0000013	5010	1	accepted	5	172	0.826026719445819	1786	2130	344	0.0686626746506986	0.0	0.8197674418604651	1.0	0.7574765186145416	0.16682832201745879	1
indel_1pct_s1201	indel_1pct	1201	r0000014	5007	1	accepted	5	171	0.9771349862258953	1761	2138	377	0.07529458757739166	0.2046783625730994	1.0	1.0	1.0	0.18309859154929578	0
indel_1pct_s1201	indel_1pct	1201	r0000015	5005	1	accepted	5	171	0.8197344761494831	2605	3235	630	0.1258741258741259	0.3157894736842105	0.8605664488017429	1.0	0.8136121015829896	0.30627126883811373	0
indel_1pct_s1201	indel_1pct	1201	r0000016	5005	1	accepted	5	172	0.941157008865476	1915	2259	344	0.06873126873126874	0.0	0.9825581395348837	1.0	0.9767016593294954	0.16723383568303354	1
indel_1pct_s1201	indel_1pct	1201	r0000017	5000	0	no_spacing_peak	0	0	0.0	0	0	0	0.0	1.0	0.0	0.0	0.0	0.0	NA
indel_1pct_s1201	indel_1pct	1201	r0000018	5005	1	accepted	5	171	0.9689312786583606	2098	2555	457	0.0913086913086913	0.32748538011695905	0.9965034965034965	1.0	0.9953295048432942	0.22216820612542537	0
indel_1pct_s1201	indel_1pct	1201	r0000019	4996	1	accepted	5	170	0.8967162511158205	2457	2829	372	0.0744595676541233	0.18823529411764706	0.9207920792079208	1.0	0.8940853327771661	0.181640625	1
indel_1pct_s1201	indel_1pct	1201	r0000020	5002	1	accepted	5	171	0.9017541528239202	1512	1855	343	0.06857257097161136	0.005847953216374269	0.877906976744186	1.0	0.837052794116716	0.16699123661148976	0
indel_1pct_s1201	indel_1pct	1201	r0000021	5002	1	accepted	5	171	0.9395348837209303	2346	2689	343	0.06857257097161136	0.005847953216374269	0.9244186046511628	1.0	0.899153088422944	0.16699123661148976	0
indel_1pct_s1201	indel_1pct	1201	r0000022	5003	1	accepted	5	172	0.9330040096230955	2470	2814	344	0.06875874475314811	0.0	0.9941860465116279	1.0	0.9921706079158795	0.16739659367396595	1
indel_1pct_s1201	indel_1pct	1201	r0000023	4992	1	accepted	5	171	0.9276422764227643	2295	2809	514	0.10296474358974358	0.005847953216374269	1.0	1.0	1.0	0.25146771037182	0
indel_1pct_s1201	indel_1pct	1201	r0000024	5001	1	accepted	5	171	0.9549759780370626	1736	2178	442	0.08838232353529295	0.4152046783625731	1.0	1.0	1.0	0.21529469069654164	0
indel_1pct_s1201	indel_1pct	1201	r0000025	4998	1	accepted	5	170	0.8571432469614454	2445	2928	483	0.09663865546218488	0.1588235294117647	0.8977635782747604	1.0	0.8622783659322126	0.23560975609756096	1
indel_1pct_s1201	indel_1pct	1201	r0000026	4998	1	accepted	5	170	0.9262203626220363	1834	2174	340	0.06802721088435375	0.0	1.0	1.0	1.0	0.16585365853658537	1
indel_1pct_s1201	indel_1pct	1201	r0000027	5003	1	accepted	5	171	0.9712230215827338	3035	3484	449	0.08974615230861484	0.3742690058479532	0.9640287769784173	1.0	0.9518853865951824	0.21849148418491485	0
indel_1pct_s1201	indel_1pct	1201	r0000028	5000	0	no_spacing_peak	0	0	0.0	0	0	0	0.0	1.0	0.0	0.0	0.0	0.0	NA
indel_1pct_s1201	indel_1pct	1201	r0000029	4998	1	accepted	5	171	1.0	2813	3525	712	0.14245698279311725	0.16374269005847952	1.0	1.0	1.0	0.34666016577279374	0
indel_1pct_s1201	indel_1pct	1201	r0000030	5000	0	rejected_score	2	47	0.35555555555555557	1745	1846	101	0.0202	0.14893617021276595	0.4444444444444444	1.0	0.2586051514622943	0.0	NA
indel_1pct_s1201	indel_1pct	1201	r0000031	4994	1	accepted	5	170	0.8942318115584873	2361	2978	617	0.1235482579094914	0.37058823529411766	0.9105145413870246	1.0	0.880541814224696	0.301564027370479	1
indel_1pct_s1201	indel_1pct	1201	r0000032	5011	1	accepted	5	172	0.9780919540229885	2427	2791	364	0.07264019157852725	0.11627906976744186	0.9791666666666666	1.0	0.9721656414910425	0.17644207464857004	1
indel_1pct_s1201	indel_1pct	1201	r0000033	4998	1	accepted	5	171	0.9323210412147505	1874	2506	632	0.12645058023209282	0.30409356725146197	0.9154013015184381	1.0	0.8860414863775576	0.30829268292682926	0
indel_1pct_s1201	indel_1pct	1201	r0000034	5000	0	no_spacing_peak	0	0	0.0	0	0	0	0.0	1.0	0.0	0.0	0.0	0.0	NA
indel_1pct_s1201	indel_1pct	1201	r0000035	5000	0	rejected_score	1	31	0.3657142857142857	1762	1863	101	0.0202	0.25806451612903225	0.45714285714285713	1.0	0.25907335907335904	0.0	NA
indel_1pct_s1201	indel_1pct	1201	r0000036	5000	0	no_spacing_peak	0	0	0.0	0	0	0	0.0	1.0	0.0	0.0	0.0	0.0	NA
indel_1pct_s1201	indel_1pct	1201	r0000037	5002	1	accepted	5	171	0.9738305084745763	1768	2119	351	0.07017193122750899	0.05263157894736842	1.0	1.0	1.0	0.17088607594936708	0
indel_1pct_s1201	indel_1pct	1201	r0000038	5000	0	no_spacing_peak	0	0	0.0	0	0	0	0.0	1.0	0.0	0.0	0.0	0.0	NA
indel_1pct_s1201	indel_1pct	1201	r0000039	4993	1	accepted	5	170	0.913781512605042	1618	1958	340	0.06809533346685359	0.0	0.9529411764705882	1.0	0.9372186959030582	0.16625916870415647	1
indel_1pct_s1201	indel_1pct	1201	r0000040	4995	1	accepted	5	171	0.9826208829712685	2612	3198	586	0.11731731731731732	0.4269005847953216	1.0	1.0	1.0	0.2862725940400586	0
indel_1pct_s1201	indel_1pct	1201	r0000041	5000	0	no_spacing_peak	0	0	0.0	0	0	0	0.0	1.0	0.0	0.0	0.0	0.0	NA
indel_1pct_s1201	indel_1pct	1201	r0000042	5001	1	accepted	5	171	1.0	2386	2830	444	0.08878224355128975	0.40350877192982454	1.0	1.0	1.0	0.21626887481734047	0
indel_1pct_s1201	indel_1pct	1201	r0000043	5000	1	accepted	5	171	0.99353478566409	2218	2588	370	0.074	0.16374269005847952	1.0	1.0	1.0	0.18031189083820662	0
indel_1pct_s1201	indel_1pct	1201	r0000044	4997	1	accepted	5	171	0.8986674674645702	2380	2748	368	0.07364418651190714	0.15204678362573099	0.9390862944162437	1.0	0.9186728284468944	0.1795998047828209	0
indel_1pct_s1201	indel_1pct	1201	r0000045	4997	1	accepted	5	170	0.9175502198977774	2506	2864	358	0.07164298579147488	0.10588235294117647	0.973404255319149	1.0	0.9644943123968606	0.17471937530502685	1
indel_1pct_s1201	indel_1pct	1201	r0000046	4994	1	accepted	5	170	0.9220288110296604	2374	2717	343	0.06868241890268321	0.01764705882352941	0.9364161849710982	1.0	0.9150243973289797	0.16764418377321602	1
indel_1pct_s1201	indel_1pct	1201	r0000047	5008	1	accepted	5	172	0.9560323813536369	1888	2248	360	0.07188498402555911	0.09302325581395349	0.9468085106382979	1.0	0.9288833946677472	0.17475728155339806	1
indel_1pct_s1201	indel_1pct	1201	r0000048	4999	1	accepted	5	171	0.9630769230769232	2986	3352	366	0.07321464292858572	0.14035087719298245	0.9538461538461539	1.0	0.938425378302679	0.17844953681131157	0
indel_1pct_s1201	indel_1pct	1201	r0000049	5002	1	accepted	5	172	0.8033882183949881	3021	3491	470	0.0939624150339864	0.26744186046511625	0.8120805369127517	1.0	0.7475681415420676	0.22882181110029212	1
indel_1pct_s1201	indel_1pct	1201	r0000050	5000	0	no_spacing_peak	0	0	0.0	0	0	0	0.0	1.0	0.0	0.0	0.0	0.0	NA
indel_1pct_s1201	indel_1pct	1201	r0000051	5008	1	accepted	5	173	0.8563947852180804	2508	2854	346	0.06908945686900958	0.0	0.953757225433526	1.0	0.937801945936229	0.1679611650485437	2
indel_1pct_s1201	indel_1pct	1201	r0000052	5000	0	rejected_score	1	37	0.33015873015873015	1629	1729	100	0.02	0.2972972972972973	0.4126984126984127	1.0	0.20912794599840112	0.0	NA
indel_1pct_s1201	indel_1pct	1201	r0000053	4997	1	accepted	5	171	0.8300652647772624	2367	3184	817	0.1634980988593156	0.2222222222222222	0.7879256965944272	1.0	0.7143581111557413	0.39873108833577353	0
indel_1pct_s1201	indel_1pct	1201	r0000054	5000	0	no_spacing_peak	0	0	0.0	0	0	0	0.0	1.0	0.0	0.0	0.0	0.0	NA
indel_1pct_s1201	indel_1pct	1201	r0000055	5000	0	no_spacing_peak	0	0	0.0	0	0	0	0.0	1.0	0.0	0.0	0.0	0.0	NA
indel_1pct_s1201	indel_1pct	1201	r0000056	5001	1	accepted	5	171	0.9737313432835821	2213	2719	506	0.10117976404719056	0.04093567251461988	0.9671641791044776	1.0	0.9561620611394114	0.24646858256210424	0
indel_1pct_s1201	indel_1pct	1201	r0000057	4999	1	accepted	5	170	0.8028530799083671	1684	2025	341	0.06821364272854571	0.0058823529411764705	0.8362573099415205	1.0	0.781378728899439	0.16626036079960996	1
indel_1pct_s1201	indel_1pct	1201	r0000058	5001	1	accepted	5	171	1.0	2747	3160	413	0.08258348330333934	0.4152046783625731	1.0	1.0	1.0	0.2011690209449586	0
indel_1pct_s1201	indel_1pct	1201	r0000059	5006	1	accepted	5	171	0.9446868402533428	1975	2416	441	0.08809428685577307	0.42105263157894735	1.0	1.0	1.0	0.21428571428571427	0
indel_1pct_s1201	indel_1pct	1201	r0000060	4997	1	accepted	5	171	0.9110052235707596	2199	2807	608	0.12167300380228137	0.4444444444444444	0.8924485125858124	1.0	0.855081127322876	0.296730112249878	0
indel_1pct_s1201	indel_1pct	1201	r0000061	5000	1	accepted	5	170	0.9319109114729554	1844	2288	444	0.0888	0.38823529411764707	0.9854014598540146	1.0	0.980377345118579	0.21637426900584794	1
indel_1pct_s1201	indel_1pct	1201	r0000062	5000	0	no_spacing_peak	0	0	0.0	0	0	0	0.0	1.0	0.0	0.0	0.0	0.0	NA
indel_1pct_s1201	indel_1pct	1201	r0000063	4998	1	accepted	5	171	0.9715481171548117	1846	2495	649	0.12985194077631051	0.2046783625730994	0.9644351464435147	1.0	0.9524726609594171	0.31658536585365854	0
indel_1pct_s1201	indel_1pct	1201	r0000064	4994	1	accepted	5	170	0.923511356660528	2965	3405	440	0.0881057268722467	0.4117647058823529	0.9444444444444444	1.0	0.9257202754488628	0.21505376344086022	1
indel_1pct_s1201	indel_1pct	1201	r0000065	5002	1	accepted	5	171	0.9092592592592592	2803	3406	603	0.12055177928828469	0.47368421052631576	0.8865740740740741	1.0	0.8483802763828332	0.29357351509250246	0
indel_1pct_s1201	indel_1pct	1201	r0000066	5000	1	accepted	5	171	0.9434878587196469	1828	2452	624	0.1248	0.3508771929824561	0.9293598233995585	1.0	0.9051452899413277	0.30409356725146197	0
indel_1pct_s1201	indel_1pct	1201	r0000067	5001	1	accepted	5	172	0.9402053802463912	2599	2943	344	0.0687862427514497	0.0	0.9941860465116279	1.0	0.9921706079158795	0.16755966877739892	1
indel_1pct_s1201	indel_1pct	1201	r0000068	4996	1	accepted	5	171	0.9762500000000001	1894	2580	686	0.13730984787830264	0.011695906432748537	1.0	1.0	1.0	0.3349609375	0
indel_1pct_s1201	indel_1pct	1201	r0000069	4996	1	accepted	5	171	0.9795286195286196	1474	1876	402	0.08046437149719776	0.3508771929824561	1.0	1.0	1.0	0.1962890625	0
indel_1pct_s1201	indel_1pct	1201	r0000070	4996	1	accepted	5	171	0.9292558435015007	2514	3067	553	0.11068855084067254	0.23391812865497075	0.9607329842931938	1.0	0.9475537128157393	0.27001953125	0
indel_1pct_s1201	indel_1pct	1201	r0000071	5006	1	accepted	5	171	0.9162033450675453	1664	2054	390	0.07790651218537754	0.2807017543859649	0.908675799086758	1.0	0.8779465848997056	0.18950437317784258	0
indel_1pct_s1201	indel_1pct	1201	r0000072	5000	0	no_spacing_peak	0	0	0.0	0	0	0	0.0	1.0	0.0	0.0	0.0	0.0	NA
indel_1pct_s1201	indel_1pct	1201	r0000073	5002	1	accepted	5	172	0.8692535588901893	1952	2311	359	0.07177129148340664	0.0872093023255814	0.9518716577540107	1.0	0.9357991546223675	0.1747809152872444	1
indel_1pct_s1201	indel_1pct	1201	r0000074	4995	1	accepted	5	171	0.9958417169684776	2618	3002	384	0.07687687687687687	0.24561403508771928	1.0	1.0	1.0	0.1875915974596971	0
indel_1pct_s1201	indel_1pct	1201	r0000075	5003	1	accepted	5	170	0.8663705468291191	1507	1848	341	0.06815910453727764	0.0058823529411764705	0.9415204678362573	1.0	0.9219084214206554	0.1659367396593674	1
indel_1pct_s1201	indel_1pct	1201	r0000076	5004	1	accepted	5	170	0.8672131419563595	2311	2651	340	0.06794564348521183	0.0	0.9764705882352941	1.0	0.9683514846877035	0.16536964980544747	1
indel_1pct_s1201	indel_1pct	1201	r0000077	5000	0	no_spacing_peak	0	0	0.0	0	0	0	0.0	1.0	0.0	0.0	0.0	0.0	NA
indel_1pct_s1201	indel_1pct	1201	r0000078	4997	1	accepted	5	170	0.8906612699215786	2817	3255	438	0.08765259155493296	0.4235294117647059	0.9067164179104478	1.0	0.8753437851075628	0.21376281112737922	1
indel_1pct_s1201	indel_1pct	1201	r0000079	5000	0	rejected_score	2	58	0.4137931034482759	311	427	116	0.0232	0.0	0.5172413793103449	1.0	0.3496195434521427	0.0	NA
indel_1pct_s1201	indel_1pct	1201	r0000080	5000	0	rejected_score	1	42	0.35862068965517246	3184	3284	100	0.02	0.38095238095238093	0.4482758620689655	1.0	0.2562359963183682	0.0	NA
indel_1pct_s1201	indel_1pct	1201	r0000081	5008	1	accepted	5	172	0.9952364467773359	1579	1924	345	0.06888977635782748	0.005813953488372093	0.9942196531791907	1.0	0.9922761935836047	0.16747572815533981	1
indel_1pct_s1201	indel_1pct	1201	r0000082	5000	0	no_spacing_peak	0	0	0.0	0	0	0	0.0	1.0	0.0	0.0	0.0	0.0	NA
indel_1pct_s1201	indel_1pct	1201	r0000083	4989	1	accepted	5	170	0.9909407665505228	3048	3392	344	0.06895169372619764	0.023529411764705882	1.0	1.0	1.0	0.16854483096521314	1
indel_1pct_s1201	indel_1pct	1201	r0000084	4994	1	accepted	5	171	0.9526649355036207	1860	2202	342	0.06848217861433721	0.0	0.9883040935672515	1.0	0.9843678581223146	0.16715542521994134	0
indel_1pct_s1201	indel_1pct	1201	r0000085	5000	0	no_spacing_peak	0	0	0.0	0	0	0	0.0	1.0	0.0	0.0	0.0	0.0	NA
indel_1pct_s1201	indel_1pct	1201	r0000086	4993	1	accepted	5	171	0.9621659634317863	2192	2682	490	0.098137392349289	0.13450292397660818	1.0	1.0	1.0	0.2396088019559902	0
indel_1pct_s1201	indel_1pct	1201	r0000087	4998	1	accepted	5	171	0.9726578764746704	2294	2739	445	0.08903561424569828	0.39766081871345027	1.0	1.0	1.0	0.21707317073170732	0
indel_1pct_s1201	indel_1pct	1201	r0000088	5000	0	rejected_score	1	101	0.3643564356435644	1391	1593	202	0.0404	0.0	0.45544554455445546	1.0	0.27094953737121863	0.0	NA
indel_1pct_s1201	indel_1pct	1201	r0000089	5000	0	rejected_score	1	30	0.4	3732	3834	102	0.0204	0.4	0.5	1.0	0.31172267795713154	0.0	NA
indel_1pct_s1201	indel_1pct	1201	r0000090	5000	0	no_spacing_peak	0	0	0.0	0	0	0	0.0	1.0	0.0	0.0	0.0	0.0	NA
indel_1pct_s1201	indel_1pct	1201	r0000091	5000	1	accepted	5	171	0.9340558697018027	1503	1845	342	0.0684	0.0	0.9590643274853801	1.0	0.945266238368504	0.16666666666666666	0
indel_1pct_s1201	indel_1pct	1201	r0000092	5000	1	accepted	5	171	0.9912568306010929	2224	2578	354	0.0708	0.07017543859649122	0.9890710382513661	1.0	0.9854024240530813	0.17251461988304093	0
indel_1pct_s1201	indel_1pct	1201	r0000093	5000	0	no_spacing_peak	0	0	0.0	0	0	0	0.0	1.0	0.0	0.0	0.0	0.0	NA
indel_1pct_s1201	indel_1pct	1201	r0000094	5000	0	no_spacing_peak	0	0	0.0	0	0	0	0.0	1.0	0.0	0.0	0.0	0.0	NA
indel_1pct_s1201	indel_1pct	1201	r0000095	5000	1	accepted	5	171	0.8837495066680129	2055	2603	548	0.1096	0.2046783625730994	0.8647214854111406	1.0	0.819338276817781	0.26705653021442494	0
indel_1pct_s1201	indel_1pct	1201	r0000096	5000	1	accepted	5	171	0.8882260596546312	2494	3302	808	0.1616	0.27485380116959063	0.8602825745682888	1.0	0.8135669377420971	0.3937621832358674	0
indel_1pct_s1201	indel_1pct	1201	r0000097	4998	1	accepted	5	172	0.8870204170761001	2491	2921	430	0.0860344137655062	0.5	0.9612403100775194	1.0	0.9482424084853562	0.2097560975609756	1
indel_1pct_s1201	indel_1pct	1201	r0000098	5000	0	rejected_score	1	55	0.3781818181818182	713	823	110	0.022	0.0	0.4727272727272727	1.0	0.29126860697622753	0.0	NA
indel_1pct_s1201	indel_1pct	1201	r0000099	5000	0	no_spacing_peak	0	0	0.0	0	0	0	0.0	1.0	0.0	0.0	0.0	0.0	NA
indel_1pct_s1201	indel_1pct	1201	r0000100	4996	1	accepted	5	171	0.9581815021327236	2716	3144	428	0.08566853482786228	0.49707602339181284	0.980544747081712	1.0	0.9740085834785831	0.208984375	0
indel_4pct_s1201	indel_4pct	1201	r0000001	5019	1	accepted	5	173	0.8703044561656484	1743	2135	392	0.07810320781032078	0.2658959537572254	0.8812785388127854	1.0	0.8416305136389729	0.18928054080154516	2
indel_4pct_s1201	indel_4pct	1201	r0000002	5000	0	no_spacing_peak	0	0	0.0	0	0	0	0.0	1.0	0.0	0.0	0.0	0.0	NA
indel_4pct_s1201	indel_4pct	1201	r0000003	5009	1	accepted	5	172	0.7520195937126761	2717	3062	345	0.06887602315831504	0.005813953488372093	0.8092485549132948	1.0	0.745314531763118	0.16739446870451238	1
indel_4pct_s1201	indel_4pct	1201	r0000004	4988	1	accepted	5	174	0.7777968659104132	2181	2546	365	0.07317562149157979	0.09770114942528736	0.8795811518324608	1.0	0.8389729689733768	0.17892156862745098	3
indel_4pct_s1201	indel_4pct	1201	r0000005	5000	0	rejected_score	1	48	0.3703703703703704	176	278	102	0.0204	0.125	0.46296296296296297	1.0	0.28053910206884713	0.0	NA
indel_4pct_s1201	indel_4pct	1201	r0000006	5008	1	rejected_score	5	174	0.6957646144005619	2855	3242	387	0.07727635782747604	0.22413793103448276	0.7746478873239436	1.0	0.6994696487802724	0.1878640776699029	3
indel_4pct_s1201	indel_4pct	1201	r0000007	5002	1	rejected_score	5	173	0.7011442207673011	3178	3528	350	0.0699720111955218	0.023121387283236993	0.7627118644067796	1.0	0.6808752540437664	0.17039922103213243	2
indel_4pct_s1201	indel_4pct	1201	r0000008	4988	1	accepted	5	171	0.7768330875073244	2170	2513	343	0.06876503608660786	0.005847953216374269	0.8081395348837209	1.0	0.7440562425110542	0.1681372549019608	0
indel_4pct_s1201	indel_4pct	1201	r0000009	4991	1	rejected_score	5	172	0.5287356321839081	2690	3036	346	0.06932478461230214	0.011627906976744186	0.6609195402298851	1.0	0.5434742535612691	0.1693587860988742	1
indel_4pct_s1201	indel_4pct	1201	r0000010	5002	1	rejected_score	5	170	0.7340278034304853	2132	2509	377	0.07536985205917633	0.21764705882352942	0.7971014492753623	1.0	0.7288103207137426	0.18354430379746836	1
indel_4pct_s1201	indel_4pct	1201	r0000011	5000	0	no_spacing_peak	0	0	0.0	0	0	0	0.0	1.0	0.0	0.0	0.0	0.0	NA
indel_4pct_s1201	indel_4pct	1201	r0000012	5000	0	no_spacing_peak	0	0	0.0	0	0	0	0.0	1.0	0.0	0.0	0.0	0.0	NA
indel_4pct_s1201	indel_4pct	1201	r0000013	5004	1	rejected_score	5	172	0.7305951616356241	2203	2548	345	0.06894484412470024	0.005813953488372093	0.7572254335260116	1.0	0.672934433790985	0.16780155642023345	1
indel_4pct_s1201	indel_4pct	1201	r0000014	5000	1	rejected_score	5	173	0.6680480830064532	1748	2096	348	0.0696	0.011560693641618497	0.7314285714285714	1.0	0.6388991663811808	0.1695906432748538	2
indel_4pct_s1201	indel_4pct	1201	r0000015	4992	1	rejected_score	5	169	0.506508875739645	1803	2141	338	0.06770833333333333	0.0	0.6331360946745562	1.0	0.506255448483849	0.16536203522504891	2
indel_4pct_s1201	indel_4pct	1201	r0000016	5004	1	accepted	5	172	0.7865815560373342	2953	3304	351	0.07014388489208633	0.040697674418604654	0.7932960893854749	1.0	0.7242493016759779	0.17071984435797666	1
indel_4pct_s1201	indel_4pct	1201	r0000017	5000	0	no_spacing_peak	0	0	0.0	0	0	0	0.0	1.0	0.0	0.0	0.0	0.0	NA
indel_4pct_s1201	indel_4pct	1201	r0000018	5011	1	accepted	5	172	0.8372495285983659	2135	2492	357	0.07124326481740172	0.0755813953488372	0.827027027027027	1.0	0.7691356955447436	0.17304895782840524	1
indel_4pct_s1201	indel_4pct	1201	r0000019	5023	1	rejected_score	5	172	0.5241379310344828	3084	3430	346	0.06888313756719092	0.011627906976744186	0.6551724137931034	1.0	0.5364871739872805	0.16674698795180723	1
indel_4pct_s1201	indel_4pct	1201	r0000020	5012	1	accepted	5	175	0.7616120658620233	2266	2619	353	0.07043096568236233	0.017142857142857144	0.8651685393258427	1.0	0.8199188248071119	0.17102713178294573	4
indel_4pct_s1201	indel_4pct	1201	r0000021	5004	1	rejected_score	5	168	0.5190476190476191	1488	1824	336	0.0671462829736211	0.0	0.6488095238095238	1.0	0.5312256142259217	0.16342412451361868	3
indel_4pct_s1201	indel_4pct	1201	r0000022	5002	1	rejected_score	5	173	0.6774472314492717	2633	2979	346	0.06917233106757296	0.0	0.6936416184971098	1.0	0.5874744111758486	0.16845180136319376	2
indel_4pct_s1201	indel_4pct	1201	r0000023	5005	1	rejected_score	5	169	0.670771144278607	1581	1942	361	0.07212787212787213	0.13609467455621302	0.7395833333333334	1.0	0.6487719618253196	0.1754982984929509	2
indel_4pct_s1201	indel_4pct	1201	r0000024	4998	1	rejected_score	5	169	0.6981388209559842	2720	3070	350	0.0700280112044818	0.07100591715976332	0.7734806629834254	1.0	0.6950500166546103	0.17073170731707318	2
indel_4pct_s1201	indel_4pct	1201	r0000025	5006	1	rejected_score	5	172	0.5445026178010471	2982	3345	363	0.07251298441869757	0.11046511627906977	0.680628272251309	1.0	0.572992540194033	0.17638483965014579	1
indel_4pct_s1201	indel_4pct	1201	r0000026	5001	1	rejected_score	5	169	0.6744498371118941	2851	3189	338	0.06758648270345931	0.0	0.7337278106508875	1.0	0.6442854135971374	0.16463711641500245	2
indel_4pct_s1201	indel_4pct	1201	r0000027	4996	1	rejected_score	5	174	0.639454558801938	1861	2231	370	0.07405924739791833	0.12643678160919541	0.6938775510204082	1.0	0.5882232862488835	0.1806640625	3
indel_4pct_s1201	indel_4pct	1201	r0000028	5000	0	no_spacing_peak	0	0	0.0	0	0	0	0.0	1.0	0.0	0.0	0.0	0.0	NA
indel_4pct_s1201	indel_4pct	1201	r0000029	5001	1	accepted	5	171	0.7914326942898373	2860	3211	351	0.07018596280743851	0.05263157894736842	0.7722222222222223	1.0	0.6954698860553444	0.17096931320019484	0
indel_4pct_s1201	indel_4pct	1201	r0000030	5000	0	no_spacing_peak	0	0	0.0	0	0	0	0.0	1.0	0.0	0.0	0.0	0.0	NA
indel_4pct_s1201	indel_4pct	1201	r0000031	4999	1	rejected_score	5	171	0.698684491685615	1520	1864	344	0.06881376275255051	0.011695906432748537	0.6994219653179191	1.0	0.5947268610607899	0.16772306192101413	0
indel_4pct_s1201	indel_4pct	1201	r0000032	4995	1	accepted	5	169	0.7821438874058907	1617	1993	376	0.07527527527527528	0.22485207100591717	0.8309178743961353	1.0	0.7740158200252228	0.18368343917928676	2
indel_4pct_s1201	indel_4pct	1201	r0000033	4999	1	accepted	5	171	0.7657213940837885	1472	1815	343	0.06861372274454891	0.005847953216374269	0.7674418604651163	1.0	0.6889468786023246	0.16609839259620068	0
indel_4pct_s1201	indel_4pct	1201	r0000034	5000	0	no_spacing_peak	0	0	0.0	0	0	0	0.0	1.0	0.0	0.0	0.0	0.0	NA
indel_4pct_s1201	indel_4pct	1201	r0000035	5000	0	no_spacing_peak	0	0	0.0	0	0	0	0.0	1.0	0.0	0.0	0.0	0.0	NA
indel_4pct_s1201	indel_4pct	1201	r0000036	5000	0	no_spacing_peak	0	0	0.0	0	0	0	0.0	1.0	0.0	0.0	0.0	0.0	NA
indel_4pct_s1201	indel_4pct	1201	r0000037	4986	1	rejected_score	5	171	0.700928993230592	2937	3320	383	0.07681508223024469	0.23976608187134502	0.7735849056603774	1.0	0.6950342150700154	0.18792934249263984	0
indel_4pct_s1201	indel_4pct	1201	r0000038	5000	0	no_spacing_peak	0	0	0.0	0	0	0	0.0	1.0	0.0	0.0	0.0	0.0	NA
indel_4pct_s1201	indel_4pct	1201	r0000039	4994	1	rejected_score	5	172	0.7311188549983961	2996	3371	375	0.07509010812975571	0.18023255813953487	0.7733990147783252	1.0	0.6978001674146196	0.18328445747800587	1
indel_4pct_s1201	indel_4pct	1201	r0000040	4996	1	rejected_score	5	168	0.6586216657331623	1495	1834	339	0.0678542834267414	0.017857142857142856	0.7426900584795322	1.0	0.6565903773229702	0.16552734375	3
indel_4pct_s1201	indel_4pct	1201	r0000041	5000	0	no_spacing_peak	0	0	0.0	0	0	0	0.0	1.0	0.0	0.0	0.0	0.0	NA
indel_4pct_s1201	indel_4pct	1201	r0000042	5003	1	rejected_score	5	169	0.7270603635434847	2267	2605	338	0.06755946432140715	0.0	0.8047337278106509	1.0	0.7376455368693402	0.16447688564476887	2
indel_4pct_s1201	indel_4pct	1201	r0000043	4987	1	accepted	5	171	0.7685992168750789	1671	2024	353	0.07078403850010026	0.06432748538011696	0.7912087912087912	1.0	0.7189692612039174	0.17312408043158412	0
indel_4pct_s1201	indel_4pct	1201	r0000044	5002	1	rejected_score	5	172	0.6870607460898467	2275	2620	345	0.06897241103558577	0.005813953488372093	0.6878612716763006	1.0	0.5799530555950579	0.1679649464459591	1
indel_4pct_s1201	indel_4pct	1201	r0000045	4993	1	accepted	5	171	0.7645736260787909	1639	2000	361	0.07230122171039455	0.1111111111111111	0.8210526315789474	1.0	0.7592985570670685	0.1765281173594132	0
indel_4pct_s1201	indel_4pct	1201	r0000046	4994	1	rejected_score	5	171	0.7302741483595612	2075	2457	382	0.07649179014817781	0.23391812865497075	0.6966824644549763	1.0	0.5940148955543647	0.18670576735092864	0
indel_4pct_s1201	indel_4pct	1201	r0000047	4998	1	rejected_score	5	339	0.5286135693215339	2198	2876	678	0.13565426170468187	0.0	0.6607669616519174	1.0	0.5434717692591443	0.3307317073170732	168
indel_4pct_s1201	indel_4pct	1201	r0000048	4996	1	rejected_score	5	169	0.6617969791529322	2010	2362	352	0.07045636509207366	0.08284023668639054	0.6994535519125683	1.0	0.5988915650169632	0.171875	2
indel_4pct_s1201	indel_4pct	1201	r0000049	5000	1	rejected_score	5	169	0.7117225746030396	1637	1975	338	0.0676	0.0	0.7810650887573964	1.0	0.7077491119835483	0.16471734892787523	2
indel_4pct_s1201	indel_4pct	1201	r0000050	5000	0	no_spacing_peak	0	0	0.0	0	0	0	0.0	1.0	0.0	0.0	0.0	0.0	NA
indel_4pct_s1201	indel_4pct	1201	r0000051	5001	1	rejected_score	5	173	0.7189140334410957	2962	3393	431	0.08618276344731053	0.4913294797687861	0.810077519379845	1.0	0.7440422681847949	0.20993667803214808	2
indel_4pct_s1201	indel_4pct	1201	r0000052	5000	0	rejected_score	1	37	0.33015873015873015	1674	1774	100	0.02	0.2972972972972973	0.4126984126984127	1.0	0.20912794599840112	0.0	NA
indel_4pct_s1201	indel_4pct	1201	r0000053	5000	1	rejected_score	5	172	0.7242829372793272	2737	3091	354	0.0708	0.05813953488372093	0.7582417582417582	1.0	0.6775149998491066	0.17251461988304093	1
indel_4pct_s1201	indel_4pct	1201	r0000054	5000	0	no_spacing_peak	0	0	0.0	0	0	0	0.0	1.0	0.0	0.0	0.0	0.0	NA
indel_4pct_s1201	indel_4pct	1201	r0000055	5000	0	no_spacing_peak	0	0	0.0	0	0	0	0.0	1.0	0.0	0.0	0.0	0.0	NA
indel_4pct_s1201	indel_4pct	1201	r0000056	4990	1	rejected_score	5	169	0.5491124260355029	2525	2863	338	0.06773547094188377	0.0	0.6863905325443787	1.0	0.5778982092365692	0.16552399608227228	2
indel_4pct_s1201	indel_4pct	1201	r0000057	5013	1	rejected_score	5	176	0.5363636363636364	3016	3368	352	0.07021743466985837	0.0	0.6704545454545454	1.0	0.5598007719010759	0.17046004842615012	5
indel_4pct_s1201	indel_4pct	1201	r0000058	4993	1	rejected_score	5	170	0.5302325581395348	1829	2171	342	0.06849589425195274	0.011764705882352941	0.6627906976744186	1.0	0.5463069818804	0.16723716381418094	1
indel_4pct_s1201	indel_4pct	1201	r0000059	4982	1	rejected_score	5	168	0.5349112426035503	1495	1832	337	0.06764351665997591	0.005952380952380952	0.6686390532544378	1.0	0.5566303239832848	0.16568338249754178	3
indel_4pct_s1201	indel_4pct	1201	r0000060	4995	1	rejected_score	5	171	0.723379145818819	2039	2381	342	0.06846846846846846	0.0	0.7485380116959064	1.0	0.6618299721755927	0.16707376648754274	0
indel_4pct_s1201	indel_4pct	1201	r0000061	4998	1	rejected_score	5	170	0.7171512715033658	2884	3245	361	0.07222889155662265	0.12352941176470589	0.7591623036649214	1.0	0.675949766415258	0.17609756097560975	1
indel_4pct_s1201	indel_4pct	1201	r0000062	5000	0	no_spacing_peak	0	0	0.0	0	0	0	0.0	1.0	0.0	0.0	0.0	0.0	NA
indel_4pct_s1201	indel_4pct	1201	r0000063	5009	1	rejected_score	5	172	0.7374359835446227	3202	3546	344	0.06867638251147934	0.0	0.7151162790697675	1.0	0.6195291515247275	0.16071428571428573	1
indel_4pct_s1201	indel_4pct	1201	r0000064	4998	1	rejected_score	5	172	0.7377857622300312	2163	2507	344	0.06882753101240496	0.0	0.8023255813953488	1.0	0.7358388291625259	0.1678048780487805	1
indel_4pct_s1201	indel_4pct	1201	r0000065	4990	1	rejected_score	5	169	0.6613440380612549	2030	2370	340	0.06813627254509018	0.011834319526627219	0.7134502923976608	1.0	0.6140969477523892	0.1665034280117532	2
indel_4pct_s1201	indel_4pct	1201	r0000066	5008	1	rejected_score	5	173	0.7377535211267607	2301	2699	398	0.07947284345047924	0.30057803468208094	0.76	1.0	0.6775600488533045	0.19320388349514564	2
indel_4pct_s1201	indel_4pct	1201	r0000067	5003	1	rejected_score	5	165	0.6357491289198606	1991	2361	370	0.07395562662402558	0.24242424242424243	0.7268292682926829	1.0	0.6348583923652901	0.18004866180048662	6
indel_4pct_s1201	indel_4pct	1201	r0000068	5000	1	rejected_score	5	173	0.5302857142857142	2790	3138	348	0.0696	0.011560693641618497	0.6628571428571428	1.0	0.5497524473277103	0.1695906432748538	2
indel_4pct_s1201	indel_4pct	1201	r0000069	5011	1	accepted	5	172	0.8364576955407271	1958	2303	345	0.06884853322690082	0.005813953488372093	0.8554913294797688	1.0	0.8070174972099619	0.16723218613669413	1
indel_4pct_s1201	indel_4pct	1201	r0000070	4983	1	accepted	5	169	0.7646059762919167	2178	2533	355	0.07124222356010436	0.10059171597633136	0.7473118279569892	1.0	0.6629085754025571	0.17444717444717445	2
indel_4pct_s1201	indel_4pct	1201	r0000071	5018	1	rejected_score	5	170	0.6197198879551821	1855	2195	340	0.06775607811877242	0.0	0.6941176470588235	1.0	0.5918084639715558	0.1642512077294686	1
indel_4pct_s1201	indel_4pct	1201	r0000072	5000	0	no_spacing_peak	0	0	0.0	0	0	0	0.0	1.0	0.0	0.0	0.0	0.0	NA
indel_4pct_s1201	indel_4pct	1201	r0000073	4990	1	rejected_score	5	168	0.6704844467108618	2462	2815	353	0.07074148296593187	0.10119047619047619	0.7621621621621621	1.0	0.6824930349131674	0.17286973555337903	3
indel_4pct_s1201	indel_4pct	1201	r0000074	5000	1	accepted	5	171	0.779544637227658	1490	1848	358	0.0716	0.0935672514619883	0.7379679144385026	1.0	0.6499501739258297	0.17446393762183235	0
indel_4pct_s1201	indel_4pct	1201	r0000075	5004	1	accepted	5	173	0.7850860488080125	2094	2471	377	0.07533972821742606	0.1791907514450867	0.8480392156862745	1.0	0.7956666573914335	0.1833657587548638	2
indel_4pct_s1201	indel_4pct	1201	r0000076	4997	1	accepted	5	170	0.7676683127169608	2758	3109	351	0.0702421452871723	0.06470588235294118	0.7348066298342542	1.0	0.6450229422230546	0.17130307467057102	1
indel_4pct_s1201	indel_4pct	1201	r0000077	5000	0	no_spacing_peak	0	0	0.0	0	0	0	0.0	1.0	0.0	0.0	0.0	0.0	NA
indel_4pct_s1201	indel_4pct	1201	r0000078	5020	1	rejected_score	5	173	0.7373131836019038	3092	3439	347	0.06912350597609562	0.005780346820809248	0.7816091954022989	1.0	0.7078912000310524	0.16747104247104247	2
indel_4pct_s1201	indel_4pct	1201	r0000079	5000	0	no_spacing_peak	0	0	0.0	0	0	0	0.0	1.0	0.0	0.0	0.0	0.0	NA
indel_4pct_s1201	indel_4pct	1201	r0000080	5000	0	no_spacing_peak	0	0	0.0	0	0	0	0.0	1.0	0.0	0.0	0.0	0.0	NA
indel_4pct_s1201	indel_4pct	1201	r0000081	5004	1	rejected_score	5	172	0.7145964092833164	1631	2024	393	0.07853717026378897	0.28488372093023256	0.7601809954751131	1.0	0.676830008289875	0.19114785992217898	1
indel_4pct_s1201	indel_4pct	1201	r0000082	5000	0	no_spacing_peak	0	0	0.0	0	0	0	0.0	1.0	0.0	0.0	0.0	0.0	NA
indel_4pct_s1201	indel_4pct	1201	r0000083	4998	1	rejected_score	5	169	0.716302046577276	2422	2760	338	0.06762705082032813	0.0	0.7692307692307693	1.0	0.6915408915408915	0.1648780487804878	2
indel_4pct_s1201	indel_4pct	1201	r0000084	5003	1	accepted	5	172	0.7585198034113907	3014	3366	352	0.07035778532880271	0.046511627906976744	0.7666666666666667	1.0	0.688009266253714	0.17128953771289537	1
indel_4pct_s1201	indel_4pct	1201	r0000085	5000	0	no_spacing_peak	0	0	0.0	0	0	0	0.0	1.0	0.0	0.0	0.0	0.0	NA
indel_4pct_s1201	indel_4pct	1201	r0000086	4993	1	accepted	5	170	0.7792156862745099	1768	2108	340	0.06809533346685359	0.0	0.7823529411764706	1.0	0.7094889499572777	0.16625916870415647	1
indel_4pct_s1201	indel_4pct	1201	r0000087	5011	1	rejected_score	5	170	0.7095907928388747	2423	2763	340	0.06785072839752544	0.0	0.7647058823529411	1.0	0.6856436215703949	0.16480853126514786	1
indel_4pct_s1201	indel_4pct	1201	r0000088	5000	0	rejected_score	1	101	0.3643564356435644	3460	3662	202	0.0404	0.0	0.45544554455445546	1.0	0.27094953737121863	0.0	NA
indel_4pct_s1201	indel_4pct	1201	r0000089	5000	0	rejected_score	1	30	0.4	1219	1321	102	0.0204	0.4	0.5	1.0	0.31172267795713154	0.0	NA
indel_4pct_s1201	indel_4pct	1201	r0000090	5000	0	no_spacing_peak	0	0	0.0	0	0	0	0.0	1.0	0.0	0.0	0.0	0.0	NA
indel_4pct_s1201	indel_4pct	1201	r0000091	4982	1	rejected_score	5	171	0.6987043603823071	3004	3366	362	0.07266158169409875	0.11695906432748537	0.743455497382199	1.0	0.6568198097114482	0.17797443461160276	0
indel_4pct_s1201	indel_4pct	1201	r0000092	4997	1	rejected_score	5	169	0.642145998240985	2609	2948	339	0.0678407044226536	0.005917159763313609	0.7	1.0	0.5995132774202541	0.16544655929721816	2
indel_4pct_s1201	indel_4pct	1201	r0000093	5000	0	no_spacing_peak	0	0	0.0	0	0	0	0.0	1.0	0.0	0.0	0.0	0.0	NA
indel_4pct_s1201	indel_4pct	1201	r0000094	5000	0	rejected_score	1	61	0.4	4554	4677	123	0.0246	0.01639344262295082	0.5	1.0	0.3311671087533156	0.0	NA
indel_4pct_s1201	indel_4pct	1201	r0000095	4998	1	rejected_score	5	172	0.6951715322447634	3112	3456	344	0.06882753101240496	0.0	0.7441860465116279	1.0	0.6582755740184679	0.1678048780487805	1
indel_4pct_s1201	indel_4pct	1201	r0000096	5002	1	rejected_score	5	172	0.7136614645858343	2917	3285	368	0.07357057177129149	0.13953488372093023	0.7908163265306123	1.0	0.7204609256372769	0.17916260954235638	1
indel_4pct_s1201	indel_4pct	1201	r0000097	5001	1	rejected_score	5	172	0.7052639273984262	2049	2394	345	0.06898620275944811	0.005813953488372093	0.7052023121387283	1.0	0.6031274623615814	0.16804676083779835	1
indel_4pct_s1201	indel_4pct	1201	r0000098	5000	0	rejected_score	1	55	0.3781818181818182	685	795	110	0.022	0.0	0.4727272727272727	1.0	0.29126860697622753	0.0	NA
indel_4pct_s1201	indel_4pct	1201	r0000099	5000	0	no_spacing_peak	0	0	0.0	0	0	0	0.0	1.0	0.0	0.0	0.0	0.0	NA
indel_4pct_s1201	indel_4pct	1201	r0000100	4996	1	rejected_score	5	173	0.7293806146572105	1578	2003	425	0.08506805444355485	0.45664739884393063	0.8055555555555556	1.0	0.7404250592903552	0.20751953125	2
low_complexity_control_s1201	low_complexity_control	1201	r0000001	5000	0	no_spacing_peak	0	0	0.0	0	0	0	0.0	1.0	0.0	0.0	0.0	0.0	NA
low_complexity_control_s1201	low_complexity_control	1201	r0000002	5000	0	no_spacing_peak	0	0	0.0	0	0	0	0.0	1.0	0.0	0.0	0.0	0.0	NA
low_complexity_control_s1201	low_complexity_control	1201	r0000003	5000	0	no_spacing_peak	0	0	0.0	0	0	0	0.0	1.0	0.0	0.0	0.0	0.0	NA
low_complexity_control_s1201	low_complexity_control	1201	r0000004	5000	0	no_spacing_peak	0	0	0.0	0	0	0	0.0	1.0	0.0	0.0	0.0	0.0	NA
low_complexity_control_s1201	low_complexity_control	1201	r0000005	5000	0	no_spacing_peak	0	0	0.0	0	0	0	0.0	1.0	0.0	0.0	0.0	0.0	NA
low_complexity_control_s1201	low_complexity_control	1201	r0000006	5000	0	no_spacing_peak	0	0	0.0	0	0	0	0.0	1.0	0.0	0.0	0.0	0.0	NA
low_complexity_control_s1201	low_complexity_control	1201	r0000007	5000	0	no_spacing_peak	0	0	0.0	0	0	0	0.0	1.0	0.0	0.0	0.0	0.0	NA
low_complexity_control_s1201	low_complexity_control	1201	r0000008	5000	0	no_spacing_peak	0	0	0.0	0	0	0	0.0	1.0	0.0	0.0	0.0	0.0	NA
low_complexity_control_s1201	low_complexity_control	1201	r0000009	5000	0	no_spacing_peak	0	0	0.0	0	0	0	0.0	1.0	0.0	0.0	0.0	0.0	NA
low_complexity_control_s1201	low_complexity_control	1201	r0000010	5000	0	no_spacing_peak	0	0	0.0	0	0	0	0.0	1.0	0.0	0.0	0.0	0.0	NA
low_complexity_control_s1201	low_complexity_control	1201	r0000011	5000	0	no_spacing_peak	0	0	0.0	0	0	0	0.0	1.0	0.0	0.0	0.0	0.0	NA
low_complexity_control_s1201	low_complexity_control	1201	r0000012	5000	0	no_spacing_peak	0	0	0.0	0	0	0	0.0	1.0	0.0	0.0	0.0	0.0	NA
low_complexity_control_s1201	low_complexity_control	1201	r0000013	5000	0	no_spacing_peak	0	0	0.0	0	0	0	0.0	1.0	0.0	0.0	0.0	0.0	NA
low_complexity_control_s1201	low_complexity_control	1201	r0000014	5000	0	no_spacing_peak	0	0	0.0	0	0	0	0.0	1.0	0.0	0.0	0.0	0.0	NA
low_complexity_control_s1201	low_complexity_control	1201	r0000015	5000	0	no_spacing_peak	0	0	0.0	0	0	0	0.0	1.0	0.0	0.0	0.0	0.0	NA
low_complexity_control_s1201	low_complexity_control	1201	r0000016	5000	0	no_spacing_peak	0	0	0.0	0	0	0	0.0	1.0	0.0	0.0	0.0	0.0	NA
low_complexity_control_s1201	low_complexity_control	1201	r0000017	5000	0	no_spacing_peak	0	0	0.0	0	0	0	0.0	1.0	0.0	0.0	0.0	0.0	NA
low_complexity_control_s1201	low_complexity_control	1201	r0000018	5000	0	no_spacing_peak	0	0	0.0	0	0	0	0.0	1.0	0.0	0.0	0.0	0.0	NA
low_complexity_control_s1201	low_complexity_control	1201	r0000019	5000	0	no_spacing_peak	0	0	0.0	0	0	0	0.0	1.0	0.0	0.0	0.0	0.0	NA
low_complexity_control_s1201	low_complexity_control	1201	r0000020	5000	0	no_spacing_peak	0	0	0.0	0	0	0	0.0	1.0	0.0	0.0	0.0	0.0	NA
low_complexity_control_s1201	low_complexity_control	1201	r0000021	5000	0	no_spacing_peak	0	0	0.0	0	0	0	0.0	1.0	0.0	0.0	0.0	0.0	NA
low_complexity_control_s1201	low_complexity_control	1201	r0000022	5000	0	no_spacing_peak	0	0	0.0	0	0	0	0.0	1.0	0.0	0.0	0.0	0.0	NA
low_complexity_control_s1201	low_complexity_control	1201	r0000023	5000	0	no_spacing_peak	0	0	0.0	0	0	0	0.0	1.0	0.0	0.0	0.0	0.0	NA
low_complexity_control_s1201	low_complexity_control	1201	r0000024	5000	0	no_spacing_peak	0	0	0.0	0	0	0	0.0	1.0	0.0	0.0	0.0	0.0	NA
low_complexity_control_s1201	low_complexity_control	1201	r0000025	5000	0	no_spacing_peak	0	0	0.0	0	0	0	0.0	1.0	0.0	0.0	0.0	0.0	NA
low_complexity_control_s1201	low_complexity_control	1201	r0000026	5000	0	no_spacing_peak	0	0	0.0	0	0	0	0.0	1.0	0.0	0.0	0.0	0.0	NA
low_complexity_control_s1201	low_complexity_control	1201	r0000027	5000	0	no_spacing_peak	0	0	0.0	0	0	0	0.0	1.0	0.0	0.0	0.0	0.0	NA
low_complexity_control_s1201	low_complexity_control	1201	r0000028	5000	0	no_spacing_peak	0	0	0.0	0	0	0	0.0	1.0	0.0	0.0	0.0	0.0	NA
low_complexity_control_s1201	low_complexity_control	1201	r0000029	5000	0	no_spacing_peak	0	0	0.0	0	0	0	0.0	1.0	0.0	0.0	0.0	0.0	NA
low_complexity_control_s1201	low_complexity_control	1201	r0000030	5000	0	no_spacing_peak	0	0	0.0	0	0	0	0.0	1.0	0.0	0.0	0.0	0.0	NA
low_complexity_control_s1201	low_complexity_control	1201	r0000031	5000	0	no_spacing_peak	0	0	0.0	0	0	0	0.0	1.0	0.0	0.0	0.0	0.0	NA
low_complexity_control_s1201	low_complexity_control	1201	r0000032	5000	0	no_spacing_peak	0	0	0.0	0	0	0	0.0	1.0	0.0	0.0	0.0	0.0	NA
low_complexity_control_s1201	low_complexity_control	1201	r0000033	5000	0	no_spacing_peak	0	0	0.0	0	0	0	0.0	1.0	0.0	0.0	0.0	0.0	NA
low_complexity_control_s1201	low_complexity_control	1201	r0000034	5000	0	no_spacing_peak	0	0	0.0	0	0	0	0.0	1.0	0.0	0.0	0.0	0.0	NA
low_complexity_control_s1201	low_complexity_control	1201	r0000035	5000	0	no_spacing_peak	0	0	0.0	0	0	0	0.0	1.0	0.0	0.0	0.0	0.0	NA
low_complexity_control_s1201	low_complexity_control	1201	r0000036	5000	0	no_spacing_peak	0	0	0.0	0	0	0	0.0	1.0	0.0	0.0	0.0	0.0	NA
low_complexity_control_s1201	low_complexity_control	1201	r0000037	5000	0	no_spacing_peak	0	0	0.0	0	0	0	0.0	1.0	0.0	0.0	0.0	0.0	NA
low_complexity_control_s1201	low_complexity_control	1201	r0000038	5000	0	no_spacing_peak	0	0	0.0	0	0	0	0.0	1.0	0.0	0.0	0.0	0.0	NA
low_complexity_control_s1201	low_complexity_control	1201	r0000039	5000	0	no_spacing_peak	0	0	0.0	0	0	0	0.0	1.0	0.0	0.0	0.0	0.0	NA
low_complexity_control_s1201	low_complexity_control	1201	r0000040	5000	0	no_spacing_peak	0	0	0.0	0	0	0	0.0	1.0	0.0	0.0	0.0	0.0	NA
low_complexity_control_s1201	low_complexity_control	1201	r0000041	5000	0	no_spacing_peak	0	0	0.0	0	0	0	0.0	1.0	0.0	0.0	0.0	0.0	NA
low_complexity_control_s1201	low_complexity_control	1201	r0000042	5000	0	no_spacing_peak	0	0	0.0	0	0	0	0.0	1.0	0.0	0.0	0.0	0.0	NA
low_complexity_control_s1201	low_complexity_control	1201	r0000043	5000	0	no_spacing_peak	0	0	0.0	0	0	0	0.0	1.0	0.0	0.0	0.0	0.0	NA
low_complexity_control_s1201	low_complexity_control	1201	r0000044	5000	0	no_spacing_peak	0	0	0.0	0	0	0	0.0	1.0	0.0	0.0	0.0	0.0	NA
low_complexity_control_s1201	low_complexity_control	1201	r0000045	5000	0	no_spacing_peak	0	0	0.0	0	0	0	0.0	1.0	0.0	0.0	0.0	0.0	NA
low_complexity_control_s1201	low_complexity_control	1201	r0000046	5000	0	no_spacing_peak	0	0	0.0	0	0	0	0.0	1.0	0.0	0.0	0.0	0.0	NA
low_complexity_control_s1201	low_complexity_control	1201	r0000047	5000	0	no_spacing_peak	0	0	0.0	0	0	0	0.0	1.0	0.0	0.0	0.0	0.0	NA
low_complexity_control_s1201	low_complexity_control	1201	r0000048	5000	0	no_spacing_peak	0	0	0.0	0	0	0	0.0	1.0	0.0	0.0	0.0	0.0	NA
low_complexity_control_s1201	low_complexity_control	1201	r0000049	5000	0	no_spacing_peak	0	0	0.0	0	0	0	0.0	1.0	0.0	0.0	0.0	0.0	NA
low_complexity_control_s1201	low_complexity_control	1201	r0000050	5000	0	no_spacing_peak	0	0	0.0	0	0	0	0.0	1.0	0.0	0.0	0.0	0.0	NA
low_complexity_control_s1201	low_complexity_control	1201	r0000051	5000	0	no_spacing_peak	0	0	0.0	0	0	0	0.0	1.0	0.0	0.0	0.0	0.0	NA
low_complexity_control_s1201	low_complexity_control	1201	r0000052	5000	0	no_spacing_peak	0	0	0.0	0	0	0	0.0	1.0	0.0	0.0	0.0	0.0	NA
low_complexity_control_s1201	low_complexity_control	1201	r0000053	5000	0	no_spacing_peak	0	0	0.0	0	0	0	0.0	1.0	0.0	0.0	0.0	0.0	NA
low_complexity_control_s1201	low_complexity_control	1201	r0000054	5000	0	no_spacing_peak	0	0	0.0	0	0	0	0.0	1.0	0.0	0.0	0.0	0.0	NA
low_complexity_control_s1201	low_complexity_control	1201	r0000055	5000	0	no_spacing_peak	0	0	0.0	0	0	0	0.0	1.0	0.0	0.0	0.0	0.0	NA
low_complexity_control_s1201	low_complexity_control	1201	r0000056	5000	0	no_spacing_peak	0	0	0.0	0	0	0	0.0	1.0	0.0	0.0	0.0	0.0	NA
low_complexity_control_s1201	low_complexity_control	1201	r0000057	5000	0	no_spacing_peak	0	0	0.0	0	0	0	0.0	1.0	0.0	0.0	0.0	0.0	NA
low_complexity_control_s1201	low_complexity_control	1201	r0000058	5000	0	no_spacing_peak	0	0	0.0	0	0	0	0.0	1.0	0.0	0.0	0.0	0.0	NA
low_complexity_control_s1201	low_complexity_control	1201	r0000059	5000	0	no_spacing_peak	0	0	0.0	0	0	0	0.0	1.0	0.0	0.0	0.0	0.0	NA
low_complexity_control_s1201	low_complexity_control	1201	r0000060	5000	0	no_spacing_peak	0	0	0.0	0	0	0	0.0	1.0	0.0	0.0	0.0	0.0	NA
low_complexity_control_s1201	low_complexity_control	1201	r0000061	5000	0	no_spacing_peak	0	0	0.0	0	0	0	0.0	1.0	0.0	0.0	0.0	0.0	NA
low_complexity_control_s1201	low_complexity_control	1201	r0000062	5000	0	no_spacing_peak	0	0	0.0	0	0	0	0.0	1.0	0.0	0.0	0.0	0.0	NA
low_complexity_control_s1201	low_complexity_control	1201	r0000063	5000	0	no_spacing_peak	0	0	0.0	0	0	0	0.0	1.0	0.0	0.0	0.0	0.0	NA
low_complexity_control_s1201	low_complexity_control	1201	r0000064	5000	0	no_spacing_peak	0	0	0.0	0	0	0	0.0	1.0	0.0	0.0	0.0	0.0	NA
low_complexity_control_s1201	low_complexity_control	1201	r0000065	5000	0	no_spacing_peak	0	0	0.0	0	0	0	0.0	1.0	0.0	0.0	0.0	0.0	NA
low_complexity_control_s1201	low_complexity_control	1201	r0000066	5000	0	no_spacing_peak	0	0	0.0	0	0	0	0.0	1.0	0.0	0.0	0.0	0.0	NA
low_complexity_control_s1201	low_complexity_control	1201	r0000067	5000	0	no_spacing_peak	0	0	0.0	0	0	0	0.0	1.0	0.0	0.0	0.0	0.0	NA
low_complexity_control_s1201	low_complexity_control	1201	r0000068	5000	0	no_spacing_peak	0	0	0.0	0	0	0	0.0	1.0	0.0	0.0	0.0	0.0	NA
low_complexity_control_s1201	low_complexity_control	1201	r0000069	5000	0	no_spacing_peak	0	0	0.0	0	0	0	0.0	1.0	0.0	0.0	0.0	0.0	NA
low_complexity_control_s1201	low_complexity_control	1201	r0000070	5000	0	no_spacing_peak	0	0	0.0	0	0	0	0.0	1.0	0.0	0.0	0.0	0.0	NA
low_complexity_control_s1201	low_complexity_control	1201	r0000071	5000	0	no_spacing_peak	0	0	0.0	0	0	0	0.0	1.0	0.0	0.0	0.0	0.0	NA
low_complexity_control_s1201	low_complexity_control	1201	r0000072	5000	0	no_spacing_peak	0	0	0.0	0	0	0	0.0	1.0	0.0	0.0	0.0	0.0	NA
low_complexity_control_s1201	low_complexity_control	1201	r0000073	5000	0	no_spacing_peak	0	0	0.0	0	0	0	0.0	1.0	0.0	0.0	0.0	0.0	NA
low_complexity_control_s1201	low_complexity_control	1201	r0000074	5000	0	no_spacing_peak	0	0	0.0	0	0	0	0.0	1.0	0.0	0.0	0.0	0.0	NA
low_complexity_control_s1201	low_complexity_control	1201	r0000075	5000	0	no_spacing_peak	0	0	0.0	0	0	0	0.0	1.0	0.0	0.0	0.0	0.0	NA
low_complexity_control_s1201	low_complexity_control	1201	r0000076	5000	0	no_spacing_peak	0	0	0.0	0	0	0	0.0	1.0	0.0	0.0	0.0	0.0	NA
low_complexity_control_s1201	low_complexity_control	1201	r0000077	5000	0	no_spacing_peak	0	0	0.0	0	0	0	0.0	1.0	0.0	0.0	0.0	0.0	NA
low_complexity_control_s1201	low_complexity_control	1201	r0000078	5000	0	no_spacing_peak	0	0	0.0	0	0	0	0.0	1.0	0.0	0.0	0.0	0.0	NA
low_complexity_control_s1201	low_complexity_control	1201	r0000079	5000	0	no_spacing_peak	0	0	0.0	0	0	0	0.0	1.0	0.0	0.0	0.0	0.0	NA
low_complexity_control_s1201	low_complexity_control	1201	r0000080	5000	0	no_spacing_peak	0	0	0.0	0	0	0	0.0	1.0	0.0	0.0	0.0	0.0	NA
low_complexity_control_s1201	low_complexity_control	1201	r0000081	5000	0	no_spacing_peak	0	0	0.0	0	0	0	0.0	1.0	0.0	0.0	0.0	0.0	NA
low_complexity_control_s1201	low_complexity_control	1201	r0000082	5000	0	no_spacing_peak	0	0	0.0	0	0	0	0.0	1.0	0.0	0.0	0.0	0.0	NA
low_complexity_control_s1201	low_complexity_control	1201	r0000083	5000	0	no_spacing_peak	0	0	0.0	0	0	0	0.0	1.0	0.0	0.0	0.0	0.0	NA
low_complexity_control_s1201	low_complexity_control	1201	r0000084	5000	0	no_spacing_peak	0	0	0.0	0	0	0	0.0	1.0	0.0	0.0	0.0	0.0	NA
low_complexity_control_s1201	low_complexity_control	1201	r0000085	5000	0	no_spacing_peak	0	0	0.0	0	0	0	0.0	1.0	0.0	0.0	0.0	0.0	NA
low_complexity_control_s1201	low_complexity_control	1201	r0000086	5000	0	no_spacing_peak	0	0	0.0	0	0	0	0.0	1.0	0.0	0.0	0.0	0.0	NA
low_complexity_control_s1201	low_complexity_control	1201	r0000087	5000	0	no_spacing_peak	0	0	0.0	0	0	0	0.0	1.0	0.0	0.0	0.0	0.0	NA
low_complexity_control_s1201	low_complexity_control	1201	r0000088	5000	0	no_spacing_peak	0	0	0.0	0	0	0	0.0	1.0	0.0	0.0	0.0	0.0	NA
low_complexity_control_s1201	low_complexity_control	1201	r0000089	5000	0	no_spacing_peak	0	0	0.0	0	0	0	0.0	1.0	0.0	0.0	0.0	0.0	NA
low_complexity_control_s1201	low_complexity_control	1201	r0000090	5000	0	no_spacing_peak	0	0	0.0	0	0	0	0.0	1.0	0.0	0.0	0.0	0.0	NA
low_complexity_control_s1201	low_complexity_control	1201	r0000091	5000	0	no_spacing_peak	0	0	0.0	0	0	0	0.0	1.0	0.0	0.0	0.0	0.0	NA
low_complexity_control_s1201	low_complexity_control	1201	r0000092	5000	0	no_spacing_peak	0	0	0.0	0	0	0	0.0	1.0	0.0	0.0	0.0	0.0	NA
low_complexity_control_s1201	low_complexity_control	1201	r0000093	5000	0	no_spacing_peak	0	0	0.0	0	0	0	0.0	1.0	0.0	0.0	0.0	0.0	NA
low_complexity_control_s1201	low_complexity_control	1201	r0000094	5000	0	no_spacing_peak	0	0	0.0	0	0	0	0.0	1.0	0.0	0.0	0.0	0.0	NA
low_complexity_control_s1201	low_complexity_control	1201	r0000095	5000	0	no_spacing_peak	0	0	0.0	0	0	0	0.0	1.0	0.0	0.0	0.0	0.0	NA
low_complexity_control_s1201	low_complexity_control	1201	r0000096	5000	0	no_spacing_peak	0	0	0.0	0	0	0	0.0	1.0	0.0	0.0	0.0	0.0	NA
low_complexity_control_s1201	low_complexity_control	1201	r0000097	5000	0	no_spacing_peak	0	0	0.0	0	0	0	0.0	1.0	0.0	0.0	0.0	0.0	NA
low_complexity_control_s1201	low_complexity_control	1201	r0000098	5000	0	no_spacing_peak	0	0	0.0	0	0	0	0.0	1.0	0.0	0.0	0.0	0.0	NA
low_complexity_control_s1201	low_complexity_control	1201	r0000099	5000	0	no_spacing_peak	0	0	0.0	0	0	0	0.0	1.0	0.0	0.0	0.0	0.0	NA
low_complexity_control_s1201	low_complexity_control	1201	r0000100	5000	0	no_spacing_peak	0	0	0.0	0	0	0	0.0	1.0	0.0	0.0	0.0	0.0	NA
related_families_s1201	related_families	1201	r0000001	5000	1	accepted	5	171	1.0	1474	3526	2052	0.4104	0.0	1.0	1.0	1.0	1.0	0
related_families_s1201	related_families	1201	r0000002	5000	1	accepted	5	171	1.0	1474	3526	2052	0.4104	0.0	1.0	1.0	1.0	1.0	0
related_families_s1201	related_families	1201	r0000003	5000	0	rejected_score	1	49	0.38461538461538464	350	451	101	0.0202	0.061224489795918366	0.4807692307692308	1.0	0.30196717489152913	0.0	NA
related_families_s1201	related_families	1201	r0000004	5000	0	rejected_score	1	41	0.36610169491525424	2649	2749	100	0.02	0.43902439024390244	0.4576271186440678	1.0	0.26288001990223947	0.0	NA
related_families_s1201	related_families	1201	r0000005	5000	1	accepted	5	171	1.0	1474	3526	2052	0.4104	0.0	1.0	1.0	1.0	1.0	0
related_families_s1201	related_families	1201	r0000006	5000	1	accepted	5	171	1.0	1474	3526	2052	0.4104	0.0	1.0	1.0	1.0	1.0	0
related_families_s1201	related_families	1201	r0000007	5000	0	no_spacing_peak	0	0	0.0	0	0	0	0.0	1.0	0.0	0.0	0.0	0.0	NA
related_families_s1201	related_families	1201	r0000008	5000	1	accepted	5	171	0.9998699609882965	1474	3526	2052	0.4104	0.0	1.0	1.0	1.0	1.0	0
related_families_s1201	related_families	1201	r0000009	5000	0	no_spacing_peak	0	0	0.0	0	0	0	0.0	1.0	0.0	0.0	0.0	0.0	NA
related_families_s1201	related_families	1201	r0000010	5000	0	no_spacing_peak	0	0	0.0	0	0	0	0.0	1.0	0.0	0.0	0.0	0.0	NA
related_families_s1201	related_families	1201	r0000011	5000	0	no_spacing_peak	0	0	0.0	0	0	0	0.0	1.0	0.0	0.0	0.0	0.0	NA
related_families_s1201	related_families	1201	r0000012	5000	1	accepted	5	171	1.0	1473	3526	2053	0.4106	0.005847953216374269	1.0	1.0	1.0	0.9995129079396006	0
related_families_s1201	related_families	1201	r0000013	5000	0	rejected_score	1	51	0.3764705882352941	2322	2424	102	0.0204	0.0	0.47058823529411764	1.0	0.29038907498067507	0.0	NA
related_families_s1201	related_families	1201	r0000014	5000	1	accepted	5	171	1.0	1473	3527	2054	0.4108	0.011695906432748537	1.0	1.0	1.0	0.9990262901655307	0
related_families_s1201	related_families	1201	r0000015	5000	1	accepted	5	171	1.0	1474	3526	2052	0.4104	0.0	1.0	1.0	1.0	1.0	0
related_families_s1201	related_families	1201	r0000016	5000	1	accepted	5	171	1.0	1474	3526	2052	0.4104	0.0	1.0	1.0	1.0	1.0	0
related_families_s1201	related_families	1201	r0000017	5000	0	rejected_score	1	45	0.37142857142857144	4602	4703	101	0.0202	0.24444444444444444	0.4642857142857143	1.0	0.2826435509882609	0.0	NA
related_families_s1201	related_families	1201	r0000018	5000	1	accepted	5	171	1.0	1473	3527	2054	0.4108	0.011695906432748537	1.0	1.0	1.0	0.9990262901655307	0
related_families_s1201	related_families	1201	r0000019	5000	1	accepted	5	171	0.9998708844415752	1473	3527	2054	0.4108	0.011695906432748537	1.0	1.0	1.0	0.9990262901655307	0
related_families_s1201	related_families	1201	r0000020	5000	1	accepted	5	171	1.0	1474	3526	2052	0.4104	0.0	1.0	1.0	1.0	1.0	0
related_families_s1201	related_families	1201	r0000021	5000	1	accepted	5	171	1.0	1473	3526	2053	0.4106	0.005847953216374269	1.0	1.0	1.0	0.9995129079396006	0
related_families_s1201	related_families	1201	r0000022	5000	0	rejected_score	1	37	0.35692307692307695	4452	4554	102	0.0204	0.24324324324324326	0.4461538461538462	1.0	0.25127138973292823	0.0	NA
related_families_s1201	related_families	1201	r0000023	5000	0	no_spacing_peak	0	0	0.0	0	0	0	0.0	1.0	0.0	0.0	0.0	0.0	NA
related_families_s1201	related_families	1201	r0000024	5000	1	accepted	5	171	1.0	1474	3526	2052	0.4104	0.0	1.0	1.0	1.0	1.0	0
related_families_s1201	related_families	1201	r0000025	5000	1	accepted	5	171	1.0	1474	3527	2053	0.4106	0.005847953216374269	1.0	1.0	1.0	0.9995129079396006	0
related_families_s1201	related_families	1201	r0000026	5000	0	no_spacing_peak	0	0	0.0	0	0	0	0.0	1.0	0.0	0.0	0.0	0.0	NA
related_families_s1201	related_families	1201	r0000027	5000	1	accepted	5	171	1.0	1474	3526	2052	0.4104	0.0	1.0	1.0	1.0	1.0	0
related_families_s1201	related_families	1201	r0000028	5000	1	accepted	5	171	1.0	1474	3526	2052	0.4104	0.0	1.0	1.0	1.0	1.0	0
related_families_s1201	related_families	1201	r0000029	5000	0	no_spacing_peak	0	0	0.0	0	0	0	0.0	1.0	0.0	0.0	0.0	0.0	NA
related_families_s1201	related_families	1201	r0000030	5000	0	rejected_score	1	34	0.38787878787878793	3524	3624	100	0.02	0.058823529411764705	0.48484848484848486	1.0	0.30441329307113807	0.0	NA
related_families_s1201	related_families	1201	r0000031	5000	1	accepted	5	171	0.9998708844415752	1474	3527	2053	0.4106	0.005847953216374269	1.0	1.0	1.0	0.9995129079396006	0
related_families_s1201	related_families	1201	r0000032	5000	0	no_spacing_peak	0	0	0.0	0	0	0	0.0	1.0	0.0	0.0	0.0	0.0	NA
related_families_s1201	related_families	1201	r0000033	5000	1	accepted	5	171	0.999741935483871	1474	3526	2052	0.4104	0.0	1.0	1.0	1.0	1.0	0
related_families_s1201	related_families	1201	r0000034	5000	1	accepted	5	171	1.0	1473	3528	2055	0.411	0.017543859649122806	1.0	1.0	1.0	0.9985401459854014	0
related_families_s1201	related_families	1201	r0000035	5000	0	no_spacing_peak	0	0	0.0	0	0	0	0.0	1.0	0.0	0.0	0.0	0.0	NA
related_families_s1201	related_families	1201	r0000036	5000	1	accepted	5	171	1.0	1474	3526	2052	0.4104	0.0	1.0	1.0	1.0	1.0	0
related_families_s1201	related_families	1201	r0000037	5000	1	accepted	5	171	1.0	1474	3526	2052	0.4104	0.0	1.0	1.0	1.0	1.0	0
related_families_s1201	related_families	1201	r0000038	5000	0	no_spacing_peak	0	0	0.0	0	0	0	0.0	1.0	0.0	0.0	0.0	0.0	NA
related_families_s1201	related_families	1201	r0000039	5000	1	accepted	5	171	1.0	1473	3528	2055	0.411	0.017543859649122806	1.0	1.0	1.0	0.9985401459854014	0
related_families_s1201	related_families	1201	r0000040	5000	1	accepted	5	171	1.0	1473	3526	2053	0.4106	0.005847953216374269	1.0	1.0	1.0	0.9995129079396006	0
related_families_s1201	related_families	1201	r0000041	5000	1	accepted	5	171	1.0	1473	3527	2054	0.4108	0.011695906432748537	1.0	1.0	1.0	0.9990262901655307	0
related_families_s1201	related_families	1201	r0000042	5000	0	no_spacing_peak	0	0	0.0	0	0	0	0.0	1.0	0.0	0.0	0.0	0.0	NA
related_families_s1201	related_families	1201	r0000043	5000	1	accepted	5	171	1.0	1474	3526	2052	0.4104	0.0	1.0	1.0	1.0	1.0	0
related_families_s1201	related_families	1201	r0000044	5000	1	accepted	5	171	1.0	1474	3526	2052	0.4104	0.0	1.0	1.0	1.0	1.0	0
related_families_s1201	related_families	1201	r0000045	5000	1	accepted	5	171	1.0	1474	3526	2052	0.4104	0.0	1.0	1.0	1.0	1.0	0
related_families_s1201	related_families	1201	r0000046	5000	1	accepted	5	171	1.0	1474	3526	2052	0.4104	0.0	1.0	1.0	1.0	1.0	0
related_families_s1201	related_families	1201	r0000047	5000	0	no_spacing_peak	0	0	0.0	0	0	0	0.0	1.0	0.0	0.0	0.0	0.0	NA
related_families_s1201	related_families	1201	r0000048	5000	1	accepted	5	171	0.9998698763825635	1474	3526	2052	0.4104	0.0	1.0	1.0	1.0	1.0	0
related_families_s1201	related_families	1201	r0000049	5000	1	accepted	5	171	0.9993560849967805	1474	3526	2052	0.4104	0.0	1.0	1.0	1.0	1.0	0
related_families_s1201	related_families	1201	r0000050	5000	0	no_spacing_peak	0	0	0.0	0	0	0	0.0	1.0	0.0	0.0	0.0	0.0	NA
related_families_s1201	related_families	1201	r0000051	5000	1	accepted	5	171	1.0	1474	3526	2052	0.4104	0.0	1.0	1.0	1.0	1.0	0
related_families_s1201	related_families	1201	r0000052	5000	1	accepted	5	171	1.0	1474	3526	2052	0.4104	0.0	1.0	1.0	1.0	1.0	0
related_families_s1201	related_families	1201	r0000053	5000	0	no_spacing_peak	0	0	0.0	0	0	0	0.0	1.0	0.0	0.0	0.0	0.0	NA
related_families_s1201	related_families	1201	r0000054	5000	0	no_spacing_peak	0	0	0.0	0	0	0	0.0	1.0	0.0	0.0	0.0	0.0	NA
related_families_s1201	related_families	1201	r0000055	5000	1	accepted	5	171	1.0	1474	3526	2052	0.4104	0.0	1.0	1.0	1.0	1.0	0
related_families_s1201	related_families	1201	r0000056	5000	1	accepted	5	171	1.0	1473	3526	2053	0.4106	0.005847953216374269	1.0	1.0	1.0	0.9995129079396006	0
related_families_s1201	related_families	1201	r0000057	5000	1	accepted	5	171	1.0	1474	3526	2052	0.4104	0.0	1.0	1.0	1.0	1.0	0
related_families_s1201	related_families	1201	r0000058	5000	0	no_spacing_peak	0	0	0.0	0	0	0	0.0	1.0	0.0	0.0	0.0	0.0	NA
related_families_s1201	related_families	1201	r0000059	5000	1	accepted	5	171	1.0	1473	3528	2055	0.411	0.017543859649122806	1.0	1.0	1.0	0.9985401459854014	0
related_families_s1201	related_families	1201	r0000060	5000	1	accepted	5	171	0.9996126533247257	1474	3526	2052	0.4104	0.0	1.0	1.0	1.0	1.0	0
related_families_s1201	related_families	1201	r0000061	5000	1	accepted	5	171	0.999741935483871	1473	3526	2053	0.4106	0.005847953216374269	1.0	1.0	1.0	0.9995129079396006	0
related_families_s1201	related_families	1201	r0000062	5000	1	accepted	5	171	1.0	1473	3527	2054	0.4108	0.011695906432748537	1.0	1.0	1.0	0.9990262901655307	0
related_families_s1201	related_families	1201	r0000063	5000	1	accepted	5	171	1.0	1474	3526	2052	0.4104	0.0	1.0	1.0	1.0	1.0	0
related_families_s1201	related_families	1201	r0000064	5000	1	accepted	5	171	1.0	1474	3526	2052	0.4104	0.0	1.0	1.0	1.0	1.0	0
related_families_s1201	related_families	1201	r0000065	5000	1	accepted	5	171	1.0	1474	3528	2054	0.4108	0.011695906432748537	1.0	1.0	1.0	0.9990262901655307	0
related_families_s1201	related_families	1201	r0000066	5000	1	accepted	5	171	1.0	1474	3527	2053	0.4106	0.005847953216374269	1.0	1.0	1.0	0.9995129079396006	0
related_families_s1201	related_families	1201	r0000067	5000	1	accepted	5	171	0.9998707175177763	1474	3526	2052	0.4104	0.0	1.0	1.0	1.0	1.0	0
related_families_s1201	related_families	1201	r0000068	5000	1	accepted	5	171	0.9998709677419355	1474	3526	2052	0.4104	0.0	1.0	1.0	1.0	1.0	0
related_families_s1201	related_families	1201	r0000069	5000	0	rejected_score	1	41	0.32542372881355935	1659	1759	100	0.02	0.43902439024390244	0.4067796610169492	1.0	0.19986466282296894	0.0	NA
related_families_s1201	related_families	1201	r0000070	5000	1	accepted	5	171	1.0	1474	3526	2052	0.4104	0.0	1.0	1.0	1.0	1.0	0
related_families_s1201	related_families	1201	r0000071	5000	0	no_spacing_peak	0	0	0.0	0	0	0	0.0	1.0	0.0	0.0	0.0	0.0	NA
related_families_s1201	related_families	1201	r0000072	5000	1	accepted	5	171	0.9998709677419355	1474	3528	2054	0.4108	0.011695906432748537	1.0	1.0	1.0	0.9990262901655307	0
related_families_s1201	related_families	1201	r0000073	5000	1	accepted	5	171	1.0	1474	3526	2052	0.4104	0.0	1.0	1.0	1.0	1.0	0
related_families_s1201	related_families	1201	r0000074	5000	1	accepted	5	171	0.999741935483871	1474	3526	2052	0.4104	0.0	1.0	1.0	1.0	1.0	0
related_families_s1201	related_families	1201	r0000075	5000	1	accepted	5	171	1.0	1474	3528	2054	0.4108	0.011695906432748537	1.0	1.0	1.0	0.9990262901655307	0
related_families_s1201	related_families	1201	r0000076	5000	0	rejected_score	1	35	0.3757575757575758	1556	1657	101	0.0202	0.11428571428571428	0.4696969696969697	1.0	0.2878329104632422	0.0	NA
related_families_s1201	related_families	1201	r0000077	5000	0	rejected_score	1	65	0.3815384615384616	4473	4603	130	0.026	0.0	0.47692307692307695	1.0	0.29223378702962366	0.0	NA
related_families_s1201	related_families	1201	r0000078	5000	1	accepted	5	171	1.0	1474	3526	2052	0.4104	0.0	1.0	1.0	1.0	1.0	0
related_families_s1201	related_families	1201	r0000079	5000	1	accepted	5	171	1.0	1474	3527	2053	0.4106	0.005847953216374269	1.0	1.0	1.0	0.9995129079396006	0
related_families_s1201	related_families	1201	r0000080	5000	1	accepted	5	171	1.0	1474	3526	2052	0.4104	0.0	1.0	1.0	1.0	1.0	0
related_families_s1201	related_families	1201	r0000081	5000	1	accepted	5	171	0.999739921976593	1474	3526	2052	0.4104	0.0	1.0	1.0	1.0	1.0	0
related_families_s1201	related_families	1201	r0000082	5000	1	accepted	5	171	0.9994845360824742	1473	3526	2053	0.4106	0.005847953216374269	1.0	1.0	1.0	0.9995129079396006	0
related_families_s1201	related_families	1201	r0000083	5000	1	accepted	5	171	1.0	1474	3528	2054	0.4108	0.011695906432748537	1.0	1.0	1.0	0.9990262901655307	0
related_families_s1201	related_families	1201	r0000084	5000	1	accepted	5	171	1.0	1474	3526	2052	0.4104	0.0	1.0	1.0	1.0	1.0	0
related_families_s1201	related_families	1201	r0000085	5000	1	accepted	5	171	1.0	1474	3526	2052	0.4104	0.0	1.0	1.0	1.0	1.0	0
related_families_s1201	related_families	1201	r0000086	5000	1	accepted	5	171	1.0	1474	3527	2053	0.4106	0.005847953216374269	1.0	1.0	1.0	0.9995129079396006	0
related_families_s1201	related_families	1201	r0000087	5000	0	no_spacing_peak	0	0	0.0	0	0	0	0.0	1.0	0.0	0.0	0.0	0.0	NA
related_families_s1201	related_families	1201	r0000088	5000	0	no_spacing_peak	0	0	0.0	0	0	0	0.0	1.0	0.0	0.0	0.0	0.0	NA
related_families_s1201	related_families	1201	r0000089	5000	1	accepted	5	171	1.0	1474	3526	2052	0.4104	0.0	1.0	1.0	1.0	1.0	0
related_families_s1201	related_families	1201	r0000090	5000	1	accepted	5	171	1.0	1474	3526	2052	0.4104	0.0	1.0	1.0	1.0	1.0	0
related_families_s1201	related_families	1201	r0000091	5000	1	accepted	5	171	1.0	1474	3526	2052	0.4104	0.0	1.0	1.0	1.0	1.0	0
related_families_s1201	related_families	1201	r0000092	5000	1	accepted	5	171	1.0	1474	3526	2052	0.4104	0.0	1.0	1.0	1.0	1.0	0
related_families_s1201	related_families	1201	r0000093	5000	1	accepted	5	171	1.0	1474	3527	2053	0.4106	0.005847953216374269	1.0	1.0	1.0	0.9995129079396006	0
related_families_s1201	related_families	1201	r0000094	5000	1	accepted	5	171	1.0	1473	3526	2053	0.4106	0.005847953216374269	1.0	1.0	1.0	0.9995129079396006	0
related_families_s1201	related_families	1201	r0000095	5000	1	accepted	5	171	1.0	1474	3530	2056	0.4112	0.023391812865497075	1.0	1.0	1.0	0.9980544747081712	0
related_families_s1201	related_families	1201	r0000096	5000	1	accepted	5	171	1.0	1474	3526	2052	0.4104	0.0	1.0	1.0	1.0	1.0	0
related_families_s1201	related_families	1201	r0000097	5000	1	accepted	5	171	0.9997417688831505	1474	3527	2053	0.4106	0.005847953216374269	1.0	1.0	1.0	0.9995129079396006	0
related_families_s1201	related_families	1201	r0000098	5000	1	accepted	5	171	1.0	1474	3526	2052	0.4104	0.0	1.0	1.0	1.0	1.0	0
related_families_s1201	related_families	1201	r0000099	5000	0	no_spacing_peak	0	0	0.0	0	0	0	0.0	1.0	0.0	0.0	0.0	0.0	NA
related_families_s1201	related_families	1201	r0000100	5000	0	no_spacing_peak	0	0	0.0	0	0	0	0.0	1.0	0.0	0.0	0.0	0.0	NA
short_arrays_s1201	short_arrays	1201	r0000001	5000	1	accepted	2	171	1.0	2241	2756	515	0.103	0.011695906432748537	1.0	1.0	1.0	0.996116504854369	0
short_arrays_s1201	short_arrays	1201	r0000002	5000	0	no_spacing_peak	0	0	0.0	0	0	0	0.0	1.0	0.0	0.0	0.0	0.0	NA
short_arrays_s1201	short_arrays	1201	r0000003	5000	1	accepted	2	171	0.9994805194805195	2242	2757	515	0.103	0.011695906432748537	1.0	1.0	1.0	0.996116504854369	0
short_arrays_s1201	short_arrays	1201	r0000004	5000	1	accepted	2	171	1.0	2243	2756	513	0.1026	0.0	1.0	1.0	1.0	1.0	0
short_arrays_s1201	short_arrays	1201	r0000005	5000	0	no_spacing_peak	0	0	0.0	0	0	0	0.0	1.0	0.0	0.0	0.0	0.0	NA
short_arrays_s1201	short_arrays	1201	r0000006	5000	1	accepted	2	171	0.9994805194805195	2242	2756	514	0.1028	0.005847953216374269	1.0	1.0	1.0	0.9980544747081712	0
short_arrays_s1201	short_arrays	1201	r0000007	5000	1	accepted	3	171	1.0	2242	2756	514	0.1028	0.005847953216374269	1.0	1.0	1.0	0.9980544747081712	0
short_arrays_s1201	short_arrays	1201	r0000008	5000	1	accepted	2	171	1.0	2244	2757	513	0.1026	0.0	1.0	1.0	1.0	1.0	0
short_arrays_s1201	short_arrays	1201	r0000009	5000	1	accepted	2	171	1.0	2244	2757	513	0.1026	0.0	1.0	1.0	1.0	1.0	0
short_arrays_s1201	short_arrays	1201	r0000010	5000	1	accepted	3	171	1.0	2244	2757	513	0.1026	0.0	1.0	1.0	1.0	1.0	0
short_arrays_s1201	short_arrays	1201	r0000011	5000	0	no_spacing_peak	0	0	0.0	0	0	0	0.0	1.0	0.0	0.0	0.0	0.0	NA
short_arrays_s1201	short_arrays	1201	r0000012	5000	0	no_spacing_peak	0	0	0.0	0	0	0	0.0	1.0	0.0	0.0	0.0	0.0	NA
short_arrays_s1201	short_arrays	1201	r0000013	5000	1	accepted	2	171	1.0	2244	2759	515	0.103	0.011695906432748537	1.0	1.0	1.0	0.996116504854369	0
short_arrays_s1201	short_arrays	1201	r0000014	5000	1	accepted	2	171	0.9973958333333334	2243	2756	513	0.1026	0.0	1.0	1.0	1.0	1.0	0
short_arrays_s1201	short_arrays	1201	r0000015	5000	1	accepted	3	171	1.0	2244	2757	513	0.1026	0.0	1.0	1.0	1.0	1.0	0
short_arrays_s1201	short_arrays	1201	r0000016	5000	1	accepted	2	171	0.9994805194805195	2244	2757	513	0.1026	0.0	1.0	1.0	1.0	1.0	0
short_arrays_s1201	short_arrays	1201	r0000017	5000	0	rejected_score	1	48	0.39245283018867927	1398	1499	101	0.0202	0.10416666666666667	0.49056603773584906	1.0	0.28870300450908787	0.0	NA
short_arrays_s1201	short_arrays	1201	r0000018	5000	1	accepted	2	171	1.0	2244	2757	513	0.1026	0.0	1.0	1.0	1.0	1.0	0
short_arrays_s1201	short_arrays	1201	r0000019	5000	1	accepted	3	171	1.0	2243	2756	513	0.1026	0.0	1.0	1.0	1.0	1.0	0
short_arrays_s1201	short_arrays	1201	r0000020	5000	1	accepted	2	171	1.0	2243	2756	513	0.1026	0.0	1.0	1.0	1.0	1.0	0
short_arrays_s1201	short_arrays	1201	r0000021	5000	1	accepted	2	171	1.0	2243	2757	514	0.1028	0.005847953216374269	1.0	1.0	1.0	0.9980544747081712	0
short_arrays_s1201	short_arrays	1201	r0000022	5000	1	accepted	2	171	1.0	2243	2756	513	0.1026	0.0	1.0	1.0	1.0	1.0	0
short_arrays_s1201	short_arrays	1201	r0000023	5000	1	accepted	2	171	1.0	2242	2756	514	0.1028	0.005847953216374269	1.0	1.0	1.0	0.9980544747081712	0
short_arrays_s1201	short_arrays	1201	r0000024	5000	1	accepted	3	171	0.9994805194805195	2243	2756	513	0.1026	0.0	1.0	1.0	1.0	1.0	0
short_arrays_s1201	short_arrays	1201	r0000025	5000	1	accepted	2	171	0.9994805194805195	2243	2757	514	0.1028	0.005847953216374269	1.0	1.0	1.0	0.9980544747081712	0
short_arrays_s1201	short_arrays	1201	r0000026	5000	1	accepted	3	171	0.9994805194805195	2243	2756	513	0.1026	0.0	1.0	1.0	1.0	1.0	0
short_arrays_s1201	short_arrays	1201	r0000027	5000	1	accepted	2	171	1.0	2243	2758	515	0.103	0.011695906432748537	1.0	1.0	1.0	0.996116504854369	0
short_arrays_s1201	short_arrays	1201	r0000028	5000	0	no_spacing_peak	0	0	0.0	0	0	0	0.0	1.0	0.0	0.0	0.0	0.0	NA
short_arrays_s1201	short_arrays	1201	r0000029	5000	1	accepted	2	171	1.0	2244	2757	513	0.1026	0.0	1.0	1.0	1.0	1.0	0
short_arrays_s1201	short_arrays	1201	r0000030	5000	0	no_spacing_peak	0	0	0.0	0	0	0	0.0	1.0	0.0	0.0	0.0	0.0	NA
short_arrays_s1201	short_arrays	1201	r0000031	5000	1	accepted	2	171	1.0	2243	2756	513	0.1026	0.0	1.0	1.0	1.0	1.0	0
short_arrays_s1201	short_arrays	1201	r0000032	5000	1	accepted	2	171	1.0	2244	2757	513	0.1026	0.0	1.0	1.0	1.0	1.0	0
short_arrays_s1201	short_arrays	1201	r0000033	5000	1	accepted	2	171	1.0	2243	2756	513	0.1026	0.0	1.0	1.0	1.0	1.0	0
short_arrays_s1201	short_arrays	1201	r0000034	5000	0	no_spacing_peak	0	0	0.0	0	0	0	0.0	1.0	0.0	0.0	0.0	0.0	NA
short_arrays_s1201	short_arrays	1201	r0000035	5000	0	rejected_score	1	42	0.37333333333333335	1848	1950	102	0.0204	0.42857142857142855	0.4666666666666667	1.0	0.28660323990743125	0.0	NA
short_arrays_s1201	short_arrays	1201	r0000036	5000	0	no_spacing_peak	0	0	0.0	0	0	0	0.0	1.0	0.0	0.0	0.0	0.0	NA
short_arrays_s1201	short_arrays	1201	r0000037	5000	1	accepted	2	171	1.0	2242	2757	515	0.103	0.011695906432748537	1.0	1.0	1.0	0.996116504854369	0
short_arrays_s1201	short_arrays	1201	r0000038	5000	0	no_spacing_peak	0	0	0.0	0	0	0	0.0	1.0	0.0	0.0	0.0	0.0	NA
short_arrays_s1201	short_arrays	1201	r0000039	5000	1	accepted	2	171	1.0	2243	2757	514	0.1028	0.005847953216374269	1.0	1.0	1.0	0.9980544747081712	0
short_arrays_s1201	short_arrays	1201	r0000040	5000	1	accepted	2	171	1.0	2244	2758	514	0.1028	0.005847953216374269	1.0	1.0	1.0	0.9980544747081712	0
short_arrays_s1201	short_arrays	1201	r0000041	5000	0	rejected_score	2	46	0.4	129	229	100	0.02	0.17391304347826086	0.5	1.0	0.33065595716198126	0.0	NA
short_arrays_s1201	short_arrays	1201	r0000042	5000	1	accepted	2	171	1.0	2242	2757	515	0.103	0.011695906432748537	1.0	1.0	1.0	0.996116504854369	0
short_arrays_s1201	short_arrays	1201	r0000043	5000	1	accepted	2	171	1.0	2242	2756	514	0.1028	0.005847953216374269	1.0	1.0	1.0	0.9980544747081712	0
short_arrays_s1201	short_arrays	1201	r0000044	5000	1	accepted	2	171	1.0	2243	2756	513	0.1026	0.0	1.0	1.0	1.0	1.0	0
short_arrays_s1201	short_arrays	1201	r0000045	5000	1	accepted	2	171	1.0	2244	2757	513	0.1026	0.0	1.0	1.0	1.0	1.0	0
short_arrays_s1201	short_arrays	1201	r0000046	5000	1	accepted	3	171	1.0	2244	2757	513	0.1026	0.0	1.0	1.0	1.0	1.0	0
short_arrays_s1201	short_arrays	1201	r0000047	5000	1	accepted	3	171	1.0	2244	2757	513	0.1026	0.0	1.0	1.0	1.0	1.0	0
short_arrays_s1201	short_arrays	1201	r0000048	5000	1	accepted	2	171	1.0	2243	2757	514	0.1028	0.005847953216374269	1.0	1.0	1.0	0.9980544747081712	0
short_arrays_s1201	short_arrays	1201	r0000049	5000	1	accepted	2	171	1.0	2243	2758	515	0.103	0.011695906432748537	1.0	1.0	1.0	0.996116504854369	0
short_arrays_s1201	short_arrays	1201	r0000050	5000	0	no_spacing_peak	0	0	0.0	0	0	0	0.0	1.0	0.0	0.0	0.0	0.0	NA
short_arrays_s1201	short_arrays	1201	r0000051	5000	1	accepted	4	171	0.9979274611398964	2242	2757	515	0.103	0.011695906432748537	1.0	1.0	1.0	0.996116504854369	0
short_arrays_s1201	short_arrays	1201	r0000052	5000	0	rejected_score	1	52	0.36923076923076925	288	392	104	0.0208	0.0	0.46153846153846156	1.0	0.28134254689042454	0.0	NA
short_arrays_s1201	short_arrays	1201	r0000053	5000	1	accepted	2	171	1.0	2244	2757	513	0.1026	0.0	1.0	1.0	1.0	1.0	0
short_arrays_s1201	short_arrays	1201	r0000054	5000	0	no_spacing_peak	0	0	0.0	0	0	0	0.0	1.0	0.0	0.0	0.0	0.0	NA
short_arrays_s1201	short_arrays	1201	r0000055	5000	0	rejected_score	3	62	0.38095238095238093	1514	1639	125	0.025	0.016129032258064516	0.47619047619047616	1.0	0.2929747918517787	0.0	NA
short_arrays_s1201	short_arrays	1201	r0000056	5000	1	accepted	2	171	1.0	2244	2757	513	0.1026	0.0	1.0	1.0	1.0	1.0	0
short_arrays_s1201	short_arrays	1201	r0000057	5000	1	accepted	2	171	0.9994805194805195	2243	2757	514	0.1028	0.005847953216374269	1.0	1.0	1.0	0.9980544747081712	0
short_arrays_s1201	short_arrays	1201	r0000058	5000	1	accepted	3	171	1.0	2243	2756	513	0.1026	0.0	1.0	1.0	1.0	1.0	0
short_arrays_s1201	short_arrays	1201	r0000059	5000	1	accepted	2	171	1.0	2243	2756	513	0.1026	0.0	1.0	1.0	1.0	1.0	0
short_arrays_s1201	short_arrays	1201	r0000060	5000	1	accepted	2	171	1.0	2244	2757	513	0.1026	0.0	1.0	1.0	1.0	1.0	0
short_arrays_s1201	short_arrays	1201	r0000061	5000	1	accepted	2	171	1.0	2243	2756	513	0.1026	0.0	1.0	1.0	1.0	1.0	0
short_arrays_s1201	short_arrays	1201	r0000062	5000	0	no_spacing_peak	0	0	0.0	0	0	0	0.0	1.0	0.0	0.0	0.0	0.0	NA
short_arrays_s1201	short_arrays	1201	r0000063	5000	1	accepted	2	171	1.0	2243	2759	516	0.1032	0.017543859649122806	1.0	1.0	1.0	0.9941860465116279	0
short_arrays_s1201	short_arrays	1201	r0000064	5000	1	accepted	2	171	1.0	2244	2757	513	0.1026	0.0	1.0	1.0	1.0	1.0	0
short_arrays_s1201	short_arrays	1201	r0000065	5000	1	accepted	2	171	1.0	2241	2756	515	0.103	0.011695906432748537	1.0	1.0	1.0	0.996116504854369	0
short_arrays_s1201	short_arrays	1201	r0000066	5000	1	accepted	3	171	1.0	2243	2757	514	0.1028	0.005847953216374269	1.0	1.0	1.0	0.9980544747081712	0
short_arrays_s1201	short_arrays	1201	r0000067	5000	1	accepted	2	171	1.0	2243	2756	513	0.1026	0.0	1.0	1.0	1.0	1.0	0
short_arrays_s1201	short_arrays	1201	r0000068	5000	1	accepted	3	171	1.0	2244	2757	513	0.1026	0.0	1.0	1.0	1.0	1.0	0
short_arrays_s1201	short_arrays	1201	r0000069	5000	1	accepted	2	171	0.9989637305699482	2244	2757	513	0.1026	0.0	1.0	1.0	1.0	1.0	0
short_arrays_s1201	short_arrays	1201	r0000070	5000	1	accepted	2	171	0.9994805194805195	2243	2756	513	0.1026	0.0	1.0	1.0	1.0	1.0	0
short_arrays_s1201	short_arrays	1201	r0000071	5000	1	accepted	2	171	0.9994805194805195	2243	2756	513	0.1026	0.0	1.0	1.0	1.0	1.0	0
short_arrays_s1201	short_arrays	1201	r0000072	5000	0	no_spacing_peak	0	0	0.0	0	0	0	0.0	1.0	0.0	0.0	0.0	0.0	NA
short_arrays_s1201	short_arrays	1201	r0000073	5000	1	accepted	2	171	1.0	2243	2756	513	0.1026	0.0	1.0	1.0	1.0	1.0	0
short_arrays_s1201	short_arrays	1201	r0000074	5000	1	accepted	4	171	1.0	2243	2756	513	0.1026	0.0	1.0	1.0	1.0	1.0	0
short_arrays_s1201	short_arrays	1201	r0000075	5000	1	accepted	2	171	1.0	2243	2756	513	0.1026	0.0	1.0	1.0	1.0	1.0	0
short_arrays_s1201	short_arrays	1201	r0000076	5000	1	accepted	2	171	0.9994805194805195	2244	2759	515	0.103	0.011695906432748537	1.0	1.0	1.0	0.996116504854369	0
short_arrays_s1201	short_arrays	1201	r0000077	5000	0	no_spacing_peak	0	0	0.0	0	0	0	0.0	1.0	0.0	0.0	0.0	0.0	NA
short_arrays_s1201	short_arrays	1201	r0000078	5000	1	accepted	2	171	1.0	2243	2756	513	0.1026	0.0	1.0	1.0	1.0	1.0	0
short_arrays_s1201	short_arrays	1201	r0000079	5000	0	rejected_score	1	50	0.3764705882352941	2794	2895	101	0.0202	0.02	0.47058823529411764	1.0	0.29293932812716605	0.0	NA
short_arrays_s1201	short_arrays	1201	r0000080	5000	0	rejected_score	1	44	0.4	846	946	100	0.02	0.2727272727272727	0.5	1.0	0.3259638716635212	0.0	NA
short_arrays_s1201	short_arrays	1201	r0000081	5000	1	accepted	2	171	0.9994805194805195	2242	2757	515	0.103	0.011695906432748537	1.0	1.0	1.0	0.996116504854369	0
short_arrays_s1201	short_arrays	1201	r0000082	5000	0	rejected_score	1	44	0.3508771929824561	525	626	101	0.0202	0.29545454545454547	0.43859649122807015	1.0	0.23885204771631363	0.0	NA
short_arrays_s1201	short_arrays	1201	r0000083	5000	1	accepted	2	171	1.0	2243	2756	513	0.1026	0.0	1.0	1.0	1.0	1.0	0
short_arrays_s1201	short_arrays	1201	r0000084	5000	1	accepted	3	171	1.0	2242	2757	515	0.103	0.011695906432748537	1.0	1.0	1.0	0.996116504854369	0
short_arrays_s1201	short_arrays	1201	r0000085	5000	0	rejected_score	1	35	0.35692307692307695	756	856	100	0.02	0.14285714285714285	0.4461538461538462	1.0	0.2583741914218615	0.0	NA
short_arrays_s1201	short_arrays	1201	r0000086	5000	1	accepted	2	171	1.0	2243	2756	513	0.1026	0.0	1.0	1.0	1.0	1.0	0
short_arrays_s1201	short_arrays	1201	r0000087	5000	1	accepted	2	171	1.0	2244	2757	513	0.1026	0.0	1.0	1.0	1.0	1.0	0
short_arrays_s1201	short_arrays	1201	r0000088	5000	0	no_spacing_peak	0	0	0.0	0	0	0	0.0	1.0	0.0	0.0	0.0	0.0	NA
short_arrays_s1201	short_arrays	1201	r0000089	5000	0	no_spacing_peak	0	0	0.0	0	0	0	0.0	1.0	0.0	0.0	0.0	0.0	NA
short_arrays_s1201	short_arrays	1201	r0000090	5000	0	rejected_score	1	41	0.39322033898305087	2261	2361	100	0.02	0.43902439024390244	0.4915254237288136	1.0	0.3182159073864489	0.0	NA
short_arrays_s1201	short_arrays	1201	r0000091	5000	1	accepted	3	171	1.0	2242	2756	514	0.1028	0.005847953216374269	1.0	1.0	1.0	0.9980544747081712	0
short_arrays_s1201	short_arrays	1201	r0000092	5000	1	accepted	2	171	1.0	2244	2759	515	0.103	0.011695906432748537	1.0	1.0	1.0	0.996116504854369	0
short_arrays_s1201	short_arrays	1201	r0000093	5000	0	no_spacing_peak	0	0	0.0	0	0	0	0.0	1.0	0.0	0.0	0.0	0.0	NA
short_arrays_s1201	short_arrays	1201	r0000094	5000	0	no_spacing_peak	0	0	0.0	0	0	0	0.0	1.0	0.0	0.0	0.0	0.0	NA
short_arrays_s1201	short_arrays	1201	r0000095	5000	1	accepted	2	171	1.0	2244	2758	514	0.1028	0.005847953216374269	1.0	1.0	1.0	0.9980544747081712	0
short_arrays_s1201	short_arrays	1201	r0000096	5000	1	accepted	2	171	0.9994805194805195	2243	2757	514	0.1028	0.005847953216374269	1.0	1.0	1.0	0.9980544747081712	0
short_arrays_s1201	short_arrays	1201	r0000097	5000	1	accepted	2	171	1.0	2243	2757	514	0.1028	0.005847953216374269	1.0	1.0	1.0	0.9980544747081712	0
short_arrays_s1201	short_arrays	1201	r0000098	5000	0	no_spacing_peak	0	0	0.0	0	0	0	0.0	1.0	0.0	0.0	0.0	0.0	NA
short_arrays_s1201	short_arrays	1201	r0000099	5000	0	no_spacing_peak	0	0	0.0	0	0	0	0.0	1.0	0.0	0.0	0.0	0.0	NA
short_arrays_s1201	short_arrays	1201	r0000100	5000	1	accepted	3	171	1.0	2244	2757	513	0.1026	0.0	1.0	1.0	1.0	1.0	0
substitution_1pct_s1201	substitution_1pct	1201	r0000001	5000	1	accepted	5	171	0.9829877724614566	1474	3526	2052	0.4104	0.0	0.9787347155768208	1.0	0.9716163221593543	1.0	0
substitution_1pct_s1201	substitution_1pct	1201	r0000002	5000	0	no_spacing_peak	0	0	0.0	0	0	0	0.0	1.0	0.0	0.0	0.0	0.0	NA
substitution_1pct_s1201	substitution_1pct	1201	r0000003	5000	1	accepted	5	171	0.989933886542159	1477	3526	2049	0.4098	0.017543859649122806	0.9877529286474973	1.0	0.9835196970829184	0.9985380116959064	0
substitution_1pct_s1201	substitution_1pct	1201	r0000004	5000	1	accepted	5	171	0.9800212539851223	1474	3527	2053	0.4106	0.005847953216374269	0.9750265674814028	1.0	0.9663646115887518	0.9995129079396006	0
substitution_1pct_s1201	substitution_1pct	1201	r0000005	5000	0	no_spacing_peak	0	0	0.0	0	0	0	0.0	1.0	0.0	0.0	0.0	0.0	NA
substitution_1pct_s1201	substitution_1pct	1201	r0000006	5000	1	accepted	5	171	0.983838383838384	1474	3526	2052	0.4104	0.0	0.9797979797979798	1.0	0.9730437774157283	1.0	0
substitution_1pct_s1201	substitution_1pct	1201	r0000007	5000	1	accepted	5	171	0.9859649122807017	1474	3526	2052	0.4104	0.0	0.9824561403508771	1.0	0.9765871765729777	1.0	0
substitution_1pct_s1201	substitution_1pct	1201	r0000008	5000	1	accepted	5	171	0.989798087141339	1474	3527	2053	0.4106	0.005847953216374269	0.9872476089266737	1.0	0.982983317714375	0.9995129079396006	0
substitution_1pct_s1201	substitution_1pct	1201	r0000009	5000	1	accepted	5	171	0.9808714133900107	1474	3527	2053	0.4106	0.005847953216374269	0.9760892667375133	1.0	0.968056504205708	0.9995129079396006	0
substitution_1pct_s1201	substitution_1pct	1201	r0000010	5000	1	accepted	5	171	0.9893673577884103	1474	3526	2052	0.4104	0.0	0.986709197235513	1.0	0.9821174444677804	1.0	0
substitution_1pct_s1201	substitution_1pct	1201	r0000011	5000	0	no_spacing_peak	0	0	0.0	0	0	0	0.0	1.0	0.0	0.0	0.0	0.0	NA
substitution_1pct_s1201	substitution_1pct	1201	r0000012	5000	0	no_spacing_peak	0	0	0.0	0	0	0	0.0	1.0	0.0	0.0	0.0	0.0	NA
substitution_1pct_s1201	substitution_1pct	1201	r0000013	5000	1	accepted	5	171	0.9787120808940926	1474	3524	2050	0.41	0.011695906432748537	0.9733901011176157	1.0	0.9641880774171874	0.9990253411306043	0
substitution_1pct_s1201	substitution_1pct	1201	r0000014	5000	1	accepted	5	171	0.9838726790450929	1470	3526	2056	0.4112	0.023391812865497075	0.979840848806366	1.0	0.97284292685428	0.9980544747081712	0
substitution_1pct_s1201	substitution_1pct	1201	r0000015	5000	1	accepted	5	171	0.9800530503978779	1473	3529	2056	0.4112	0.023391812865497075	0.9750663129973475	1.0	0.9664350133301771	0.9980544747081712	0
substitution_1pct_s1201	substitution_1pct	1201	r0000016	5000	1	accepted	5	171	0.9910733262486717	1473	3526	2053	0.4106	0.005847953216374269	0.9888416578108395	1.0	0.9849856717989142	0.9995129079396006	0
substitution_1pct_s1201	substitution_1pct	1201	r0000017	5000	0	no_spacing_peak	0	0	0.0	0	0	0	0.0	1.0	0.0	0.0	0.0	0.0	NA
substitution_1pct_s1201	substitution_1pct	1201	r0000018	5000	1	accepted	5	171	0.97745879851143	1474	3526	2052	0.4104	0.0	0.9718234981392876	1.0	0.9623480394450759	1.0	0
substitution_1pct_s1201	substitution_1pct	1201	r0000019	5000	1	accepted	5	171	0.9876661350345561	1474	3526	2052	0.4104	0.0	0.9845826687931951	1.0	0.9792511171655095	1.0	0
substitution_1pct_s1201	substitution_1pct	1201	r0000020	5000	1	accepted	5	171	0.9842804036112587	1472	3526	2054	0.4108	0.011695906432748537	0.9803505045140732	1.0	0.9735333874063274	0.9990262901655307	0
substitution_1pct_s1201	substitution_1pct	1201	r0000021	5000	1	accepted	5	171	0.9780203925473169	1474	3526	2052	0.4104	0.0	0.9728867623604466	1.0	0.9637580106454409	1.0	0
substitution_1pct_s1201	substitution_1pct	1201	r0000022	5000	1	accepted	5	171	0.9812566560170395	1477	3526	2049	0.4098	0.017543859649122806	0.9765708200212992	1.0	0.9684517552206957	0.9985380116959064	0
substitution_1pct_s1201	substitution_1pct	1201	r0000023	5000	1	accepted	5	171	0.9834130781499202	1474	3526	2052	0.4104	0.0	0.9792663476874003	1.0	0.9722989040146132	1.0	0
substitution_1pct_s1201	substitution_1pct	1201	r0000024	5000	1	accepted	5	171	0.9923444976076554	1474	3526	2052	0.4104	0.0	0.9904306220095693	1.0	0.9872308421579263	1.0	0
substitution_1pct_s1201	substitution_1pct	1201	r0000025	5000	1	accepted	5	171	0.9821371610845295	1474	3526	2052	0.4104	0.0	0.9776714513556619	1.0	0.9701510026639923	1.0	0
substitution_1pct_s1201	substitution_1pct	1201	r0000026	5000	1	accepted	5	171	0.9859649122807017	1474	3526	2052	0.4104	0.0	0.9824561403508771	1.0	0.9765880669879448	1.0	0
substitution_1pct_s1201	substitution_1pct	1201	r0000027	5000	1	accepted	5	171	0.983421891604676	1473	3526	2053	0.4106	0.005847953216374269	0.9792773645058448	1.0	0.9723039788962919	0.9995129079396006	0
substitution_1pct_s1201	substitution_1pct	1201	r0000028	5000	0	no_spacing_peak	0	0	0.0	0	0	0	0.0	1.0	0.0	0.0	0.0	0.0	NA
substitution_1pct_s1201	substitution_1pct	1201	r0000029	5000	1	accepted	5	171	0.9846889952153111	1474	3526	2052	0.4104	0.0	0.9808612440191388	1.0	0.9744616519433239	1.0	0
substitution_1pct_s1201	substitution_1pct	1201	r0000030	5000	0	rejected_score	2	47	0.35555555555555557	1478	1579	101	0.0202	0.14893617021276595	0.4444444444444444	1.0	0.2586051514622943	0.0	NA
substitution_1pct_s1201	substitution_1pct	1201	r0000031	5000	1	accepted	5	171	0.979585326953748	1474	3526	2052	0.4104	0.0	0.9744816586921851	1.0	0.9659499267288718	1.0	0
substitution_1pct_s1201	substitution_1pct	1201	r0000032	5000	1	accepted	5	171	0.9842636895268475	1474	3526	2052	0.4104	0.0	0.9803296119085593	1.0	0.9737146690465625	1.0	0
substitution_1pct_s1201	substitution_1pct	1201	r0000033	5000	1	accepted	5	171	0.983421891604676	1473	3526	2053	0.4106	0.005847953216374269	0.9792773645058448	1.0	0.9722950179775482	0.9995129079396006	0
substitution_1pct_s1201	substitution_1pct	1201	r0000034	5000	0	no_spacing_peak	0	0	0.0	0	0	0	0.0	1.0	0.0	0.0	0.0	0.0	NA
substitution_1pct_s1201	substitution_1pct	1201	r0000035	5000	0	rejected_score	1	31	0.3657142857142857	3451	3552	101	0.0202	0.25806451612903225	0.45714285714285713	1.0	0.25907335907335904	0.0	NA
substitution_1pct_s1201	substitution_1pct	1201	r0000036	5000	0	no_spacing_peak	0	0	0.0	0	0	0	0.0	1.0	0.0	0.0	0.0	0.0	NA
substitution_1pct_s1201	substitution_1pct	1201	r0000037	5000	1	accepted	5	171	0.9880977683315622	1474	3527	2053	0.4106	0.005847953216374269	0.9851222104144527	1.0	0.9799785051895917	0.9995129079396006	0
substitution_1pct_s1201	substitution_1pct	1201	r0000038	5000	0	no_spacing_peak	0	0	0.0	0	0	0	0.0	1.0	0.0	0.0	0.0	0.0	NA
substitution_1pct_s1201	substitution_1pct	1201	r0000039	5000	1	accepted	5	171	0.9876661350345561	1474	3526	2052	0.4104	0.0	0.9845826687931951	1.0	0.9794051994476721	1.0	0
substitution_1pct_s1201	substitution_1pct	1201	r0000040	5000	1	accepted	5	171	0.9791710945802339	1474	3527	2053	0.4106	0.005847953216374269	0.9739638682252922	1.0	0.9649652924676976	0.9995129079396006	0
substitution_1pct_s1201	substitution_1pct	1201	r0000041	5000	0	no_spacing_peak	0	0	0.0	0	0	0	0.0	1.0	0.0	0.0	0.0	0.0	NA
substitution_1pct_s1201	substitution_1pct	1201	r0000042	5000	1	accepted	5	171	0.9868365180467091	1471	3526	2055	0.411	0.017543859649122806	0.9835456475583864	1.0	0.9780438465831656	0.9985401459854014	0
substitution_1pct_s1201	substitution_1pct	1201	r0000043	5000	1	accepted	5	171	0.9863829787234042	1474	3525	2051	0.4102	0.005847953216374269	0.9829787234042553	1.0	0.977240365483956	0.9995126705653021	0
substitution_1pct_s1201	substitution_1pct	1201	r0000044	5000	1	accepted	5	171	0.9800106326422116	1474	3526	2052	0.4104	0.0	0.9750132908027644	1.0	0.9666024703935595	1.0	0
substitution_1pct_s1201	substitution_1pct	1201	r0000045	5000	1	accepted	5	171	0.9863902179691653	1474	3526	2052	0.4104	0.0	0.9829877724614566	1.0	0.9772565060002544	1.0	0
substitution_1pct_s1201	substitution_1pct	1201	r0000046	5000	1	accepted	5	171	0.9859649122807017	1474	3526	2052	0.4104	0.0	0.9824561403508771	1.0	0.976588808948683	1.0	0
substitution_1pct_s1201	substitution_1pct	1201	r0000047	5000	1	accepted	5	171	0.9863974495217853	1474	3527	2053	0.4106	0.005847953216374269	0.9829968119022316	1.0	0.9773046810461363	0.9995129079396006	0
substitution_1pct_s1201	substitution_1pct	1201	r0000048	5000	1	accepted	5	171	0.9862541635473966	1474	3526	2052	0.4104	0.0	0.9829877724614566	1.0	0.9773034178696295	1.0	0
substitution_1pct_s1201	substitution_1pct	1201	r0000049	5000	1	accepted	5	171	0.9821371610845295	1474	3526	2052	0.4104	0.0	0.9776714513556619	1.0	0.9699520835026942	1.0	0
substitution_1pct_s1201	substitution_1pct	1201	r0000050	5000	0	no_spacing_peak	0	0	0.0	0	0	0	0.0	1.0	0.0	0.0	0.0	0.0	NA
substitution_1pct_s1201	substitution_1pct	1201	r0000051	5000	1	accepted	5	171	0.9855472901168969	1474	3527	2053	0.4106	0.005847953216374269	0.9819341126461212	1.0	0.9758930028999864	0.9995129079396006	0
substitution_1pct_s1201	substitution_1pct	1201	r0000052	5000	0	rejected_score	3	56	0.4285714285714286	439	551	112	0.0224	0.0	0.5357142857142857	1.0	0.3792368364954167	0.0	NA
substitution_1pct_s1201	substitution_1pct	1201	r0000053	5000	1	accepted	5	171	0.9829877724614566	1473	3525	2052	0.4104	0.0	0.9787347155768208	1.0	0.9716185533103878	0.9990258158792011	0
substitution_1pct_s1201	substitution_1pct	1201	r0000054	5000	0	no_spacing_peak	0	0	0.0	0	0	0	0.0	1.0	0.0	0.0	0.0	0.0	NA
substitution_1pct_s1201	substitution_1pct	1201	r0000055	5000	0	no_spacing_peak	0	0	0.0	0	0	0	0.0	1.0	0.0	0.0	0.0	0.0	NA
substitution_1pct_s1201	substitution_1pct	1201	r0000056	5000	1	accepted	5	171	0.9829968119022316	1474	3527	2053	0.4106	0.005847953216374269	0.9787460148777896	1.0	0.9716365460805199	0.9995129079396006	0
substitution_1pct_s1201	substitution_1pct	1201	r0000057	5000	1	accepted	5	171	0.9876661350345561	1474	3526	2052	0.4104	0.0	0.9845826687931951	1.0	0.9794274288042731	1.0	0
substitution_1pct_s1201	substitution_1pct	1201	r0000058	5000	1	accepted	5	171	0.979585326953748	1474	3526	2052	0.4104	0.0	0.9744816586921851	1.0	0.9656379994735598	1.0	0
substitution_1pct_s1201	substitution_1pct	1201	r0000059	5000	1	accepted	5	171	0.9825994694960214	1474	3530	2056	0.4112	0.023391812865497075	0.9782493368700266	1.0	0.9707486524457566	0.9980544747081712	0
substitution_1pct_s1201	substitution_1pct	1201	r0000060	5000	1	accepted	5	171	0.9783209351753455	1473	3526	2053	0.4106	0.005847953216374269	0.9729011689691818	1.0	0.9638428240467772	0.9995129079396006	0
substitution_1pct_s1201	substitution_1pct	1201	r0000061	5000	1	accepted	5	171	0.9859649122807017	1474	3526	2052	0.4104	0.0	0.9824561403508771	1.0	0.9765888683035105	1.0	0
substitution_1pct_s1201	substitution_1pct	1201	r0000062	5000	0	no_spacing_peak	0	0	0.0	0	0	0	0.0	1.0	0.0	0.0	0.0	0.0	NA
substitution_1pct_s1201	substitution_1pct	1201	r0000063	5000	1	accepted	5	171	0.9783554376657826	1470	3526	2056	0.4112	0.023391812865497075	0.9729442970822281	1.0	0.9638986735350838	0.9980544747081712	0
substitution_1pct_s1201	substitution_1pct	1201	r0000064	5000	1	accepted	5	171	0.9902231668437833	1473	3526	2053	0.4106	0.005847953216374269	0.987778958554729	1.0	0.9836672259579569	0.9995129079396006	0
substitution_1pct_s1201	substitution_1pct	1201	r0000065	5000	1	accepted	5	171	0.9855472901168969	1473	3526	2053	0.4106	0.005847953216374269	0.9819341126461212	1.0	0.9758539239101531	0.9995129079396006	0
substitution_1pct_s1201	substitution_1pct	1201	r0000066	5000	1	accepted	5	171	0.9855549654806162	1472	3526	2054	0.4108	0.011695906432748537	0.98194370685077	1.0	0.9759080928344203	0.9990262901655307	0
substitution_1pct_s1201	substitution_1pct	1201	r0000067	5000	1	accepted	5	171	0.9837092302602881	1473	3526	2053	0.4106	0.005847953216374269	0.9798087141339001	1.0	0.9730131406137192	0.9995129079396006	0
substitution_1pct_s1201	substitution_1pct	1201	r0000068	5000	1	accepted	5	171	0.9914938862307283	1474	3526	2052	0.4104	0.0	0.9893673577884105	1.0	0.9857895122283544	1.0	0
substitution_1pct_s1201	substitution_1pct	1201	r0000069	5000	1	accepted	5	171	0.9804359383306751	1474	3526	2052	0.4104	0.0	0.9755449229133439	1.0	0.9670690333773516	1.0	0
substitution_1pct_s1201	substitution_1pct	1201	r0000070	5000	1	accepted	5	171	0.9829968119022316	1474	3527	2053	0.4106	0.005847953216374269	0.9787460148777896	1.0	0.9715933561080694	0.9995129079396006	0
substitution_1pct_s1201	substitution_1pct	1201	r0000071	5000	1	accepted	5	171	0.9825717321997876	1474	3527	2053	0.4106	0.005847953216374269	0.9782146652497343	1.0	0.9708792377265912	0.9995129079396006	0
substitution_1pct_s1201	substitution_1pct	1201	r0000072	5000	0	no_spacing_peak	0	0	0.0	0	0	0	0.0	1.0	0.0	0.0	0.0	0.0	NA
substitution_1pct_s1201	substitution_1pct	1201	r0000073	5000	1	accepted	5	171	0.9845839338292974	1470	3526	2056	0.4112	0.023391812865497075	0.9809018567639257	1.0	0.9745130904035623	0.9980544747081712	0
substitution_1pct_s1201	substitution_1pct	1201	r0000074	5000	1	accepted	5	171	0.983838383838384	1474	3526	2052	0.4104	0.0	0.9797979797979798	1.0	0.9730375230915654	1.0	0
substitution_1pct_s1201	substitution_1pct	1201	r0000075	5000	1	accepted	5	171	0.9872340425531916	1475	3526	2051	0.4102	0.005847953216374269	0.9840425531914894	1.0	0.9787052967253649	0.9995126705653021	0
substitution_1pct_s1201	substitution_1pct	1201	r0000076	5000	1	accepted	5	171	0.9783094098883574	1474	3526	2052	0.4104	0.0	0.9728867623604466	1.0	0.9638135178334168	1.0	0
substitution_1pct_s1201	substitution_1pct	1201	r0000077	5000	0	no_spacing_peak	0	0	0.0	0	0	0	0.0	1.0	0.0	0.0	0.0	0.0	NA
substitution_1pct_s1201	substitution_1pct	1201	r0000078	5000	1	accepted	5	171	0.9855396065922382	1474	3526	2052	0.4104	0.0	0.9819245082402978	1.0	0.9758413733103064	1.0	0
substitution_1pct_s1201	substitution_1pct	1201	r0000079	5000	0	rejected_score	1	58	0.4137931034482759	1090	1206	116	0.0232	0.0	0.5172413793103449	1.0	0.3496195434521427	0.0	NA
substitution_1pct_s1201	substitution_1pct	1201	r0000080	5000	0	rejected_score	1	42	0.35862068965517246	3963	4063	100	0.02	0.38095238095238093	0.4482758620689655	1.0	0.2562359963183682	0.0	NA
substitution_1pct_s1201	substitution_1pct	1201	r0000081	5000	1	accepted	5	171	0.9860169491525423	1468	3527	2059	0.4118	0.04093567251461988	0.982521186440678	1.0	0.9766783625660571	0.996600291403594	0
substitution_1pct_s1201	substitution_1pct	1201	r0000082	5000	0	no_spacing_peak	0	0	0.0	0	0	0	0.0	1.0	0.0	0.0	0.0	0.0	NA
substitution_1pct_s1201	substitution_1pct	1201	r0000083	5000	1	accepted	5	171	0.9770456960680127	1474	3527	2053	0.4106	0.005847953216374269	0.971307120085016	1.0	0.9617096524212524	0.9995129079396006	0
substitution_1pct_s1201	substitution_1pct	1201	r0000084	5000	1	accepted	5	171	0.9885167464114832	1474	3526	2052	0.4104	0.0	0.9856459330143541	1.0	0.9808437378499202	1.0	0
substitution_1pct_s1201	substitution_1pct	1201	r0000085	5000	0	no_spacing_peak	0	0	0.0	0	0	0	0.0	1.0	0.0	0.0	0.0	0.0	NA
substitution_1pct_s1201	substitution_1pct	1201	r0000086	5000	1	accepted	5	171	0.9808815719596389	1473	3527	2054	0.4108	0.011695906432748537	0.9761019649495486	1.0	0.9680575656731228	0.9990262901655307	0
substitution_1pct_s1201	substitution_1pct	1201	r0000087	5000	1	accepted	5	171	0.9859723698193412	1474	3527	2053	0.4106	0.005847953216374269	0.9824654622741764	1.0	0.9765585274819757	0.9995129079396006	0
substitution_1pct_s1201	substitution_1pct	1201	r0000088	5000	0	rejected_score	1	101	0.3643564356435644	518	720	202	0.0404	0.0	0.45544554455445546	1.0	0.27094953737121863	0.0	NA
substitution_1pct_s1201	substitution_1pct	1201	r0000089	5000	0	rejected_score	1	30	0.4	2039	2141	102	0.0204	0.4	0.5	1.0	0.31172267795713154	0.0	NA
substitution_1pct_s1201	substitution_1pct	1201	r0000090	5000	0	no_spacing_peak	0	0	0.0	0	0	0	0.0	1.0	0.0	0.0	0.0	0.0	NA
substitution_1pct_s1201	substitution_1pct	1201	r0000091	5000	1	accepted	5	171	0.9868295273499734	1472	3526	2054	0.4108	0.011695906432748537	0.9835369091874668	1.0	0.978033210208841	0.9990262901655307	0
substitution_1pct_s1201	substitution_1pct	1201	r0000092	5000	1	accepted	5	171	0.979596174282678	1473	3526	2053	0.4106	0.005847953216374269	0.9744952178533475	1.0	0.9659036155172035	0.9995129079396006	0
substitution_1pct_s1201	substitution_1pct	1201	r0000093	5000	0	no_spacing_peak	0	0	0.0	0	0	0	0.0	1.0	0.0	0.0	0.0	0.0	NA
substitution_1pct_s1201	substitution_1pct	1201	r0000094	5000	0	no_spacing_peak	0	0	0.0	0	0	0	0.0	1.0	0.0	0.0	0.0	0.0	NA
substitution_1pct_s1201	substitution_1pct	1201	r0000095	5000	1	accepted	5	171	0.9838125665601705	1474	3523	2049	0.4098	0.017543859649122806	0.979765708200213	1.0	0.9729633234800668	0.9985380116959064	0
substitution_1pct_s1201	substitution_1pct	1201	r0000096	5000	1	accepted	5	171	0.9829877724614566	1474	3526	2052	0.4104	0.0	0.9787347155768208	1.0	0.9715732318293913	1.0	0
substitution_1pct_s1201	substitution_1pct	1201	r0000097	5000	1	accepted	5	171	0.9893673577884103	1474	3526	2052	0.4104	0.0	0.986709197235513	1.0	0.9821035024573671	1.0	0
substitution_1pct_s1201	substitution_1pct	1201	r0000098	5000	0	rejected_score	1	36	0.36923076923076925	2044	2145	101	0.0202	0.19444444444444445	0.46153846153846156	1.0	0.27169899842930867	0.0	NA
substitution_1pct_s1201	substitution_1pct	1201	r0000099	5000	0	no_spacing_peak	0	0	0.0	0	0	0	0.0	1.0	0.0	0.0	0.0	0.0	NA
substitution_1pct_s1201	substitution_1pct	1201	r0000100	5000	1	accepted	5	171	0.9872476089266737	1474	3527	2053	0.4106	0.005847953216374269	0.9840595111583422	1.0	0.9787280830757004	0.9995129079396006	0
substitution_5pct_s1201	substitution_5pct	1201	r0000001	5000	1	accepted	5	171	0.93028692879915	1474	3527	2053	0.4106	0.005847953216374269	0.9128586609989373	1.0	0.8836635009097857	0.9995129079396006	0
substitution_5pct_s1201	substitution_5pct	1201	r0000002	5000	0	no_spacing_peak	0	0	0.0	0	0	0	0.0	1.0	0.0	0.0	0.0	0.0	NA
substitution_5pct_s1201	substitution_5pct	1201	r0000003	5000	1	accepted	5	171	0.9292397250592861	1473	3526	2053	0.4106	0.005847953216374269	0.9117959617428267	1.0	0.8823292214276105	0.9995129079396006	0
substitution_5pct_s1201	substitution_5pct	1201	r0000004	5000	1	accepted	5	171	0.9229787234042555	1475	3526	2051	0.4102	0.005847953216374269	0.9037234042553192	1.0	0.8715491770412817	0.9995126705653021	0
substitution_5pct_s1201	substitution_5pct	1201	r0000005	5000	0	no_spacing_peak	0	0	0.0	0	0	0	0.0	1.0	0.0	0.0	0.0	0.0	NA
substitution_5pct_s1201	substitution_5pct	1201	r0000006	5000	1	accepted	5	171	0.9077086656034026	1474	3526	2052	0.4104	0.0	0.8846358320042531	1.0	0.8448963834270377	1.0	0
substitution_5pct_s1201	substitution_5pct	1201	r0000007	5000	1	accepted	5	171	0.9243681030033741	1476	3523	2047	0.4094	0.029239766081871343	0.906183368869936	1.0	0.8744657388135696	0.9975633528265108	0
substitution_5pct_s1201	substitution_5pct	1201	r0000008	5000	1	accepted	5	171	0.9160809371671992	1477	3526	2049	0.4098	0.017543859649122806	0.8951011714589989	1.0	0.860076560531647	0.9985380116959064	0
substitution_5pct_s1201	substitution_5pct	1201	r0000009	5000	1	accepted	5	171	0.9343122662073041	1474	3526	2052	0.4104	0.0	0.9181286549707602	1.0	0.8906081324217345	1.0	0
substitution_5pct_s1201	substitution_5pct	1201	r0000010	5000	1	accepted	5	171	0.9166843783209353	1474	3527	2053	0.4106	0.005847953216374269	0.895855472901169	1.0	0.8600456163337354	0.9995129079396006	0
substitution_5pct_s1201	substitution_5pct	1201	r0000011	5000	0	no_spacing_peak	0	0	0.0	0	0	0	0.0	1.0	0.0	0.0	0.0	0.0	NA
substitution_5pct_s1201	substitution_5pct	1201	r0000012	5000	0	no_spacing_peak	0	0	0.0	0	0	0	0.0	1.0	0.0	0.0	0.0	0.0	NA
substitution_5pct_s1201	substitution_5pct	1201	r0000013	5000	1	accepted	5	171	0.923404255319149	1474	3525	2051	0.4102	0.005847953216374269	0.9042553191489362	1.0	0.8722488015900192	0.9995126705653021	0
substitution_5pct_s1201	substitution_5pct	1201	r0000014	5000	1	accepted	5	171	0.9043570669500531	1474	3527	2053	0.4106	0.005847953216374269	0.8804463336875664	1.0	0.8404675934259568	0.9995129079396006	0
substitution_5pct_s1201	substitution_5pct	1201	r0000015	5000	1	accepted	5	171	0.920212201591512	1472	3528	2056	0.4112	0.023391812865497075	0.9002652519893899	1.0	0.8669205164668087	0.9980544747081712	0
substitution_5pct_s1201	substitution_5pct	1201	r0000016	5000	1	accepted	5	171	0.901171458998935	1477	3526	2049	0.4098	0.017543859649122806	0.8764643237486688	1.0	0.8351441574862098	0.9985380116959064	0
substitution_5pct_s1201	substitution_5pct	1201	r0000017	5000	0	no_spacing_peak	0	0	0.0	0	0	0	0.0	1.0	0.0	0.0	0.0	0.0	NA
substitution_5pct_s1201	substitution_5pct	1201	r0000018	5000	1	accepted	5	171	0.9277364505844845	1473	3526	2053	0.4106	0.005847953216374269	0.9096705632306057	1.0	0.8784970983717627	0.9995129079396006	0
substitution_5pct_s1201	substitution_5pct	1201	r0000019	5000	1	accepted	5	171	0.9204371602434078	1479	3525	2046	0.4092	0.03508771929824561	0.9008	1.0	0.8674529636961505	0.9970760233918129	0
substitution_5pct_s1201	substitution_5pct	1201	r0000020	5000	1	accepted	5	171	0.9217437533227006	1474	3526	2052	0.4104	0.0	0.9021796916533759	1.0	0.8693091425529695	1.0	0
substitution_5pct_s1201	substitution_5pct	1201	r0000021	5000	1	accepted	5	171	0.9222104144527099	1474	3527	2053	0.4106	0.005847953216374269	0.9027630180658873	1.0	0.8691245041214454	0.9995129079396006	0
substitution_5pct_s1201	substitution_5pct	1201	r0000022	5000	1	accepted	5	171	0.9263437998935604	1474	3524	2050	0.41	0.011695906432748537	0.9079297498669505	1.0	0.8769796820870883	0.9990253411306043	0
substitution_5pct_s1201	substitution_5pct	1201	r0000023	5000	1	accepted	5	171	0.9184196476241324	1477	3521	2044	0.4088	0.04678362573099415	0.8980245595301655	1.0	0.8639555509753638	0.9961013645224172	0
substitution_5pct_s1201	substitution_5pct	1201	r0000024	5000	1	accepted	5	171	0.9208931419457735	1474	3526	2052	0.4104	0.0	0.9011164274322169	1.0	0.868071936314547	1.0	0
substitution_5pct_s1201	substitution_5pct	1201	r0000025	5000	1	accepted	5	171	0.9281233386496546	1474	3526	2052	0.4104	0.0	0.910154173312068	1.0	0.8801457516799933	1.0	0
substitution_5pct_s1201	substitution_5pct	1201	r0000026	5000	1	accepted	5	171	0.9149388623072834	1474	3526	2052	0.4104	0.0	0.8936735778841042	1.0	0.8581110258174087	1.0	0
substitution_5pct_s1201	substitution_5pct	1201	r0000027	5000	1	accepted	5	171	0.9133866666666668	1473	3519	2046	0.4092	0.03508771929824561	0.8917333333333334	1.0	0.8540536524197146	0.9961032635168047	0
substitution_5pct_s1201	substitution_5pct	1201	r0000028	5000	0	no_spacing_peak	0	0	0.0	0	0	0	0.0	1.0	0.0	0.0	0.0	0.0	NA
substitution_5pct_s1201	substitution_5pct	1201	r0000029	5000	1	accepted	5	171	0.9209781659787831	1477	3526	2049	0.4098	0.017543859649122806	0.9014909478168264	1.0	0.8675571848827178	0.9985380116959064	0
substitution_5pct_s1201	substitution_5pct	1201	r0000030	5000	0	rejected_score	1	47	0.35555555555555557	4720	4821	101	0.0202	0.14893617021276595	0.4444444444444444	1.0	0.2586051514622943	0.0	NA
substitution_5pct_s1201	substitution_5pct	1201	r0000031	5000	1	accepted	5	171	0.9263437998935604	1476	3526	2050	0.41	0.011695906432748537	0.9079297498669505	1.0	0.8768988988167474	0.9990253411306043	0
substitution_5pct_s1201	substitution_5pct	1201	r0000032	5000	1	accepted	5	171	0.9113951011714592	1474	3523	2049	0.4098	0.017543859649122806	0.8892438764643238	1.0	0.8522084509656994	0.9985380116959064	0
substitution_5pct_s1201	substitution_5pct	1201	r0000033	5000	1	accepted	5	171	0.9262653169952051	1479	3527	2048	0.4096	0.023391812865497075	0.9078316462440064	1.0	0.8769671230385184	0.9970774476376035	0
substitution_5pct_s1201	substitution_5pct	1201	r0000034	5000	0	no_spacing_peak	0	0	0.0	0	0	0	0.0	1.0	0.0	0.0	0.0	0.0	NA
substitution_5pct_s1201	substitution_5pct	1201	r0000035	5000	0	no_spacing_peak	0	0	0.0	0	0	0	0.0	1.0	0.0	0.0	0.0	0.0	NA
substitution_5pct_s1201	substitution_5pct	1201	r0000036	5000	0	rejected_score	1	50	0.41538461538461546	4627	4729	102	0.0204	0.04	0.5192307692307693	1.0	0.34819871293678967	0.0	NA
substitution_5pct_s1201	substitution_5pct	1201	r0000037	5000	1	accepted	5	171	0.924800849707913	1472	3526	2054	0.4108	0.011695906432748537	0.9060010621348912	1.0	0.8744793766780359	0.9990262901655307	0
substitution_5pct_s1201	substitution_5pct	1201	r0000038	5000	0	rejected_score	1	38	0.39365079365079364	4870	4971	101	0.0202	0.34210526315789475	0.49206349206349204	1.0	0.3106093244464718	0.0	NA
substitution_5pct_s1201	substitution_5pct	1201	r0000039	5000	1	accepted	5	171	0.9137154404542838	1474	3523	2049	0.4098	0.017543859649122806	0.8924387646432375	1.0	0.8562944526175992	0.9985380116959064	0
substitution_5pct_s1201	substitution_5pct	1201	r0000040	5000	1	accepted	5	171	0.9242593547519226	1474	3525	2051	0.4102	0.005847953216374269	0.9058510638297872	1.0	0.8742223963497849	0.9995126705653021	0
substitution_5pct_s1201	substitution_5pct	1201	r0000041	5000	0	no_spacing_peak	0	0	0.0	0	0	0	0.0	1.0	0.0	0.0	0.0	0.0	NA
substitution_5pct_s1201	substitution_5pct	1201	r0000042	5000	1	accepted	5	171	0.9261472785485594	1477	3522	2045	0.409	0.04093567251461988	0.9076840981856991	1.0	0.8757415872157999	0.996588693957115	0
substitution_5pct_s1201	substitution_5pct	1201	r0000043	5000	1	accepted	5	171	0.9434343434343435	1474	3526	2052	0.4104	0.0	0.9292929292929293	1.0	0.9048092628748475	1.0	0
substitution_5pct_s1201	substitution_5pct	1201	r0000044	5000	1	accepted	5	171	0.9283046650743914	1475	3526	2051	0.4102	0.005847953216374269	0.9106382978723404	1.0	0.879854439899285	0.9995126705653021	0
substitution_5pct_s1201	substitution_5pct	1201	r0000045	5000	1	accepted	5	171	0.9421276595744681	1477	3528	2051	0.4102	0.005847953216374269	0.9276595744680851	1.0	0.9033308577193433	0.9975657254138267	0
substitution_5pct_s1201	substitution_5pct	1201	r0000046	5000	1	accepted	5	171	0.9224707135250267	1474	3523	2049	0.4098	0.017543859649122806	0.9030883919062833	1.0	0.8704735097183698	0.9985380116959064	0
substitution_5pct_s1201	substitution_5pct	1201	r0000047	5000	1	accepted	5	171	0.9324123273113709	1476	3529	2053	0.4106	0.005847953216374269	0.9155154091392136	1.0	0.8872339909792109	0.9975669099756691	0
substitution_5pct_s1201	substitution_5pct	1201	r0000048	5000	1	accepted	5	171	0.9226354941551542	1472	3525	2053	0.4106	0.005847953216374269	0.9032943676939427	1.0	0.8707400969287258	0.998539435248296	0
substitution_5pct_s1201	substitution_5pct	1201	r0000049	5000	1	accepted	5	171	0.9280128548473487	1473	3511	2038	0.4076	0.08187134502923976	0.9100160685591858	1.0	0.8798318225448718	0.9922065270336093	0
substitution_5pct_s1201	substitution_5pct	1201	r0000050	5000	0	no_spacing_peak	0	0	0.0	0	0	0	0.0	1.0	0.0	0.0	0.0	0.0	NA
substitution_5pct_s1201	substitution_5pct	1201	r0000051	5000	1	accepted	5	171	0.9230196703880915	1474	3526	2052	0.4104	0.0	0.9037745879851143	1.0	0.8715088720822317	1.0	0
substitution_5pct_s1201	substitution_5pct	1201	r0000052	5000	0	rejected_score	3	56	0.4285714285714286	2535	2647	112	0.0224	0.0	0.5357142857142857	1.0	0.3792368364954167	0.0	NA
substitution_5pct_s1201	substitution_5pct	1201	r0000053	5000	1	accepted	5	171	0.9281996813595328	1473	3527	2054	0.4108	0.011695906432748537	0.9102496016994158	1.0	0.8802335958203285	0.9990262901655307	0
substitution_5pct_s1201	substitution_5pct	1201	r0000054	5000	0	no_spacing_peak	0	0	0.0	0	0	0	0.0	1.0	0.0	0.0	0.0	0.0	NA
substitution_5pct_s1201	substitution_5pct	1201	r0000055	5000	0	no_spacing_peak	0	0	0.0	0	0	0	0.0	1.0	0.0	0.0	0.0	0.0	NA
substitution_5pct_s1201	substitution_5pct	1201	r0000056	5000	1	accepted	5	171	0.9314464433416048	1481	3524	2043	0.4086	0.05263157894736842	0.9150641025641025	1.0	0.8858103251154676	0.9956140350877193	0
substitution_5pct_s1201	substitution_5pct	1201	r0000057	5000	1	accepted	5	171	0.90605738575983	1473	3526	2053	0.4106	0.005847953216374269	0.8825717321997875	1.0	0.8431734409545805	0.9995129079396006	0
substitution_5pct_s1201	substitution_5pct	1201	r0000058	5000	1	accepted	5	171	0.9136629452418927	1474	3526	2052	0.4104	0.0	0.8920786815523658	1.0	0.8559701841311085	1.0	0
substitution_5pct_s1201	substitution_5pct	1201	r0000059	5000	1	accepted	5	171	0.9233226837060704	1477	3526	2049	0.4098	0.017543859649122806	0.9041533546325878	1.0	0.8719223200758567	0.9985380116959064	0
substitution_5pct_s1201	substitution_5pct	1201	r0000060	5000	1	accepted	5	171	0.9105431309904153	1477	3526	2049	0.4098	0.017543859649122806	0.8881789137380192	1.0	0.8507307319328399	0.9985380116959064	0
substitution_5pct_s1201	substitution_5pct	1201	r0000061	5000	1	accepted	5	171	0.9322565744871936	1474	3527	2053	0.4106	0.005847953216374269	0.9160467587672688	1.0	0.8879594615398857	0.9995129079396006	0
substitution_5pct_s1201	substitution_5pct	1201	r0000062	5000	0	no_spacing_peak	0	0	0.0	0	0	0	0.0	1.0	0.0	0.0	0.0	0.0	NA
substitution_5pct_s1201	substitution_5pct	1201	r0000063	5000	1	accepted	5	171	0.9161582795698925	1475	3521	2046	0.4092	0.03508771929824561	0.8954666666666666	1.0	0.8603280272354638	0.9970760233918129	0
substitution_5pct_s1201	substitution_5pct	1201	r0000064	5000	1	accepted	5	171	0.9248534463343545	1472	3527	2055	0.411	0.017543859649122806	0.9065817409766455	1.0	0.874154139750284	0.9985401459854014	0
substitution_5pct_s1201	substitution_5pct	1201	r0000065	5000	1	accepted	5	171	0.9206400000000001	1477	3523	2046	0.4092	0.03508771929824561	0.9008	1.0	0.8676565724786361	0.9970760233918129	0
substitution_5pct_s1201	substitution_5pct	1201	r0000066	5000	1	accepted	5	171	0.927621075039915	1476	3526	2050	0.41	0.011695906432748537	0.9095263437998936	1.0	0.8792166685046202	0.9990253411306043	0
substitution_5pct_s1201	substitution_5pct	1201	r0000067	5000	1	accepted	5	171	0.925571504518873	1474	3526	2052	0.4104	0.0	0.9069643806485912	1.0	0.8758360508003781	1.0	0
substitution_5pct_s1201	substitution_5pct	1201	r0000068	5000	1	accepted	5	171	0.9315257841573632	1474	3526	2052	0.4104	0.0	0.9144072301967039	1.0	0.8858092683794309	1.0	0
substitution_5pct_s1201	substitution_5pct	1201	r0000069	5000	1	accepted	5	171	0.9225531914893617	1474	3525	2051	0.4102	0.005847953216374269	0.9031914893617021	1.0	0.869644742586494	0.9995126705653021	0
substitution_5pct_s1201	substitution_5pct	1201	r0000070	5000	1	accepted	5	171	0.9227321237993598	1477	3522	2045	0.409	0.04093567251461988	0.9034151547491995	1.0	0.8710489818647641	0.996588693957115	0
substitution_5pct_s1201	substitution_5pct	1201	r0000071	5000	1	accepted	5	171	0.9338345864661655	1493	3526	2033	0.4066	0.1111111111111111	0.9172932330827067	1.0	0.8889263697685856	0.9907407407407407	0
substitution_5pct_s1201	substitution_5pct	1201	r0000072	5000	0	no_spacing_peak	0	0	0.0	0	0	0	0.0	1.0	0.0	0.0	0.0	0.0	NA
substitution_5pct_s1201	substitution_5pct	1201	r0000073	5000	1	accepted	5	171	0.9221690590111644	1474	3526	2052	0.4104	0.0	0.9027113237639554	1.0	0.8701961889773087	1.0	0
substitution_5pct_s1201	substitution_5pct	1201	r0000074	5000	1	accepted	5	171	0.9284725918041512	1473	3523	2050	0.41	0.011695906432748537	0.9105907397551889	1.0	0.8797412612847642	0.9980516317584024	0
substitution_5pct_s1201	substitution_5pct	1201	r0000075	5000	1	accepted	5	171	0.9163733333333333	1478	3524	2046	0.4092	0.03508771929824561	0.8954666666666666	1.0	0.860315008290021	0.9970760233918129	0
substitution_5pct_s1201	substitution_5pct	1201	r0000076	5000	1	accepted	5	171	0.9252257036643654	1473	3527	2054	0.4108	0.011695906432748537	0.9065321295804567	1.0	0.8751219718118753	0.9990262901655307	0
substitution_5pct_s1201	substitution_5pct	1201	r0000077	5000	0	rejected_score	1	52	0.3703703703703704	1070	1176	106	0.0212	0.038461538461538464	0.46296296296296297	1.0	0.2728189746748436	0.0	NA
substitution_5pct_s1201	substitution_5pct	1201	r0000078	5000	1	accepted	5	171	0.9204705651258298	1474	3516	2042	0.4084	0.05847953216374269	0.9011223944414751	1.0	0.8670800086709438	0.9951267056530214	0
substitution_5pct_s1201	substitution_5pct	1201	r0000079	5000	0	no_spacing_peak	0	0	0.0	0	0	0	0.0	1.0	0.0	0.0	0.0	0.0	NA
substitution_5pct_s1201	substitution_5pct	1201	r0000080	5000	0	no_spacing_peak	0	0	0.0	0	0	0	0.0	1.0	0.0	0.0	0.0	0.0	NA
substitution_5pct_s1201	substitution_5pct	1201	r0000081	5000	1	accepted	5	171	0.9281142386831277	1481	3527	2046	0.4092	0.03508771929824561	0.9104	1.0	0.8801762191276681	0.9961032635168047	0
substitution_5pct_s1201	substitution_5pct	1201	r0000082	5000	0	no_spacing_peak	0	0	0.0	0	0	0	0.0	1.0	0.0	0.0	0.0	0.0	NA
substitution_5pct_s1201	substitution_5pct	1201	r0000083	5000	1	accepted	5	171	0.9176972281449893	1473	3520	2047	0.4094	0.029239766081871343	0.8971215351812367	1.0	0.8627011969821159	0.9965903555772041	0
substitution_5pct_s1201	substitution_5pct	1201	r0000084	5000	1	accepted	5	171	0.9346323425705052	1477	3526	2049	0.4098	0.017543859649122806	0.9185303514376997	1.0	0.8905677698567414	0.9985380116959064	0
substitution_5pct_s1201	substitution_5pct	1201	r0000085	5000	0	no_spacing_peak	0	0	0.0	0	0	0	0.0	1.0	0.0	0.0	0.0	0.0	NA
substitution_5pct_s1201	substitution_5pct	1201	r0000086	5000	1	accepted	5	171	0.921443736730361	1473	3528	2055	0.411	0.017543859649122806	0.9018046709129511	1.0	0.8689787943933434	0.9985401459854014	0
substitution_5pct_s1201	substitution_5pct	1201	r0000087	5000	1	accepted	5	171	0.9330133333333335	1479	3525	2046	0.4092	0.03508771929824561	0.9162666666666667	1.0	0.8882186588054757	0.9970760233918129	0
substitution_5pct_s1201	substitution_5pct	1201	r0000088	5000	0	no_spacing_peak	0	0	0.0	0	0	0	0.0	1.0	0.0	0.0	0.0	0.0	NA
substitution_5pct_s1201	substitution_5pct	1201	r0000089	5000	0	no_spacing_peak	0	0	0.0	0	0	0	0.0	1.0	0.0	0.0	0.0	0.0	NA
substitution_5pct_s1201	substitution_5pct	1201	r0000090	5000	0	no_spacing_peak	0	0	0.0	0	0	0	0.0	1.0	0.0	0.0	0.0	0.0	NA
substitution_5pct_s1201	substitution_5pct	1201	r0000091	5000	1	accepted	5	171	0.9228556206712841	1475	3523	2048	0.4096	0.023391812865497075	0.903569525839105	1.0	0.8713832675307269	0.9980506822612085	0
substitution_5pct_s1201	substitution_5pct	1201	r0000092	5000	1	accepted	5	171	0.9285486443381181	1474	3526	2052	0.4104	0.0	0.9106858054226475	1.0	0.8808350904413994	1.0	0
substitution_5pct_s1201	substitution_5pct	1201	r0000093	5000	0	rejected_score	1	61	0.380327868852459	2688	2810	122	0.0244	0.0	0.47540983606557374	1.0	0.29428778018799706	0.0	NA
substitution_5pct_s1201	substitution_5pct	1201	r0000094	5000	0	no_spacing_peak	0	0	0.0	0	0	0	0.0	1.0	0.0	0.0	0.0	0.0	NA
substitution_5pct_s1201	substitution_5pct	1201	r0000095	5000	1	accepted	5	171	0.9347005668282264	1472	3523	2051	0.4102	0.005847953216374269	0.9186170212765957	1.0	0.8912143849584965	0.9975657254138267	0
substitution_5pct_s1201	substitution_5pct	1201	r0000096	5000	1	accepted	5	171	0.9324181921144126	1474	3526	2052	0.4104	0.0	0.9160021265284424	1.0	0.8876648368734508	1.0	0
substitution_5pct_s1201	substitution_5pct	1201	r0000097	5000	1	accepted	5	171	0.9235723396539435	1473	3533	2060	0.412	0.04678362573099415	0.9047114875595553	1.0	0.8726536011129974	0.996116504854369	0
substitution_5pct_s1201	substitution_5pct	1201	r0000098	5000	0	no_spacing_peak	0	0	0.0	0	0	0	0.0	1.0	0.0	0.0	0.0	0.0	NA
substitution_5pct_s1201	substitution_5pct	1201	r0000099	5000	0	no_spacing_peak	0	0	0.0	0	0	0	0.0	1.0	0.0	0.0	0.0	0.0	NA
substitution_5pct_s1201	substitution_5pct	1201	r0000100	5000	1	accepted	5	171	0.9233962338138868	1471	3527	2056	0.4112	0.023391812865497075	0.9045092838196287	1.0	0.8716015085086931	0.9980544747081712	0
two_arrays_s1201	two_arrays	1201	r0000001	5000	2	accepted	5	171	1.0	2875	4244	1369	0.2738	0.005847953216374269	1.0	1.0	1.0	0.9992695398100804	0
two_arrays_s1201	two_arrays	1201	r0000002	5000	0	no_spacing_peak	0	0	0.0	0	0	0	0.0	1.0	0.0	0.0	0.0	0.0	NA
two_arrays_s1201	two_arrays	1201	r0000003	5000	2	accepted	5	171	0.9973640856672159	739	2124	1385	0.277	0.09941520467836257	0.9967051070840197	1.0	0.9955966455774096	0.9877256317689531	0
two_arrays_s1201	two_arrays	1201	r0000004	5000	2	accepted	5	171	1.0	2876	4245	1369	0.2738	0.005847953216374269	1.0	1.0	1.0	0.9992695398100804	0
two_arrays_s1201	two_arrays	1201	r0000005	5000	0	no_spacing_peak	0	0	0.0	0	0	0	0.0	1.0	0.0	0.0	0.0	0.0	NA
two_arrays_s1201	two_arrays	1201	r0000006	5000	2	accepted	5	171	1.0	755	2124	1369	0.2738	0.005847953216374269	1.0	1.0	1.0	0.9992695398100804	0
two_arrays_s1201	two_arrays	1201	r0000007	5000	2	accepted	5	171	0.9998048780487805	756	2125	1369	0.2738	0.005847953216374269	1.0	1.0	1.0	0.9992695398100804	0
two_arrays_s1201	two_arrays	1201	r0000008	5000	2	accepted	5	171	1.0	753	2122	1369	0.2738	0.005847953216374269	1.0	1.0	1.0	0.9992695398100804	0
two_arrays_s1201	two_arrays	1201	r0000009	5000	2	accepted	5	171	0.9996101364522417	2875	4245	1370	0.274	0.011695906432748537	1.0	1.0	1.0	0.9985401459854014	0
two_arrays_s1201	two_arrays	1201	r0000010	5000	2	accepted	5	171	1.0	754	2122	1368	0.2736	0.0	1.0	1.0	1.0	1.0	0
two_arrays_s1201	two_arrays	1201	r0000011	5000	0	rejected_score	2	38	0.4	1901	2001	100	0.02	0.3684210526315789	0.5	1.0	0.31712646817809337	0.0	NA
two_arrays_s1201	two_arrays	1201	r0000012	5000	0	rejected_score	2	51	0.39215686274509803	910	1012	102	0.0204	0.0	0.49019607843137253	1.0	0.31277533039647576	0.0	NA
two_arrays_s1201	two_arrays	1201	r0000013	5000	2	accepted	5	171	1.0	756	2124	1368	0.2736	0.0	1.0	1.0	1.0	1.0	0
two_arrays_s1201	two_arrays	1201	r0000014	5000	2	accepted	5	171	1.0	754	2122	1368	0.2736	0.0	1.0	1.0	1.0	1.0	0
two_arrays_s1201	two_arrays	1201	r0000015	5000	2	accepted	5	171	1.0	2874	4244	1370	0.274	0.011695906432748537	1.0	1.0	1.0	0.9985401459854014	0
two_arrays_s1201	two_arrays	1201	r0000016	5000	2	accepted	5	171	1.0	754	2123	1369	0.2738	0.005847953216374269	1.0	1.0	1.0	0.9992695398100804	0
two_arrays_s1201	two_arrays	1201	r0000017	5000	0	no_spacing_peak	0	0	0.0	0	0	0	0.0	1.0	0.0	0.0	0.0	0.0	NA
two_arrays_s1201	two_arrays	1201	r0000018	5000	2	accepted	5	171	1.0	753	2122	1369	0.2738	0.005847953216374269	1.0	1.0	1.0	0.9992695398100804	0
two_arrays_s1201	two_arrays	1201	r0000019	5000	2	accepted	5	171	1.0	756	2125	1369	0.2738	0.005847953216374269	1.0	1.0	1.0	0.9992695398100804	0
two_arrays_s1201	two_arrays	1201	r0000020	5000	2	accepted	5	171	1.0	753	2122	1369	0.2738	0.005847953216374269	1.0	1.0	1.0	0.9992695398100804	0
two_arrays_s1201	two_arrays	1201	r0000021	5000	2	accepted	5	171	0.9998048780487805	2878	4247	1369	0.2738	0.005847953216374269	1.0	1.0	1.0	0.9992695398100804	0
two_arrays_s1201	two_arrays	1201	r0000022	5000	2	accepted	5	171	1.0	756	2124	1368	0.2736	0.0	1.0	1.0	1.0	1.0	0
two_arrays_s1201	two_arrays	1201	r0000023	5000	2	accepted	5	171	1.0	754	2122	1368	0.2736	0.0	1.0	1.0	1.0	1.0	0
two_arrays_s1201	two_arrays	1201	r0000024	5000	2	accepted	5	171	1.0	2875	4244	1369	0.2738	0.005847953216374269	1.0	1.0	1.0	0.9992695398100804	0
two_arrays_s1201	two_arrays	1201	r0000025	5000	2	accepted	5	171	0.9998048780487805	2877	4247	1370	0.274	0.011695906432748537	1.0	1.0	1.0	0.9985401459854014	0
two_arrays_s1201	two_arrays	1201	r0000026	5000	2	accepted	5	171	1.0	754	2122	1368	0.2736	0.0	1.0	1.0	1.0	1.0	0
two_arrays_s1201	two_arrays	1201	r0000027	5000	2	accepted	5	171	1.0	2876	4246	1370	0.274	0.011695906432748537	1.0	1.0	1.0	0.9985401459854014	0
two_arrays_s1201	two_arrays	1201	r0000028	5000	0	no_spacing_peak	0	0	0.0	0	0	0	0.0	1.0	0.0	0.0	0.0	0.0	NA
two_arrays_s1201	two_arrays	1201	r0000029	5000	2	accepted	5	171	1.0	753	2122	1369	0.2738	0.005847953216374269	1.0	1.0	1.0	0.9992695398100804	0
two_arrays_s1201	two_arrays	1201	r0000030	5000	0	no_spacing_peak	0	0	0.0	0	0	0	0.0	1.0	0.0	0.0	0.0	0.0	NA
two_arrays_s1201	two_arrays	1201	r0000031	5000	2	accepted	5	171	1.0	754	2123	1369	0.2738	0.005847953216374269	1.0	1.0	1.0	0.9992695398100804	0
two_arrays_s1201	two_arrays	1201	r0000032	5000	2	accepted	5	171	1.0	754	2123	1369	0.2738	0.005847953216374269	1.0	1.0	1.0	0.9992695398100804	0
two_arrays_s1201	two_arrays	1201	r0000033	5000	2	accepted	5	171	0.9998048780487805	754	2122	1368	0.2736	0.0	1.0	1.0	1.0	1.0	0
two_arrays_s1201	two_arrays	1201	r0000034	5000	0	rejected_score	1	36	0.35000000000000003	3440	3540	100	0.02	0.2222222222222222	0.4375	1.0	0.2394537587885343	0.0	NA
two_arrays_s1201	two_arrays	1201	r0000035	5000	0	no_spacing_peak	0	0	0.0	0	0	0	0.0	1.0	0.0	0.0	0.0	0.0	NA
two_arrays_s1201	two_arrays	1201	r0000036	5000	0	no_spacing_peak	0	0	0.0	0	0	0	0.0	1.0	0.0	0.0	0.0	0.0	NA
two_arrays_s1201	two_arrays	1201	r0000037	5000	2	accepted	5	171	1.0	756	2124	1368	0.2736	0.0	1.0	1.0	1.0	1.0	0
two_arrays_s1201	two_arrays	1201	r0000038	5000	0	rejected_score	1	40	0.47741935483870973	2730	2832	102	0.0204	0.45	0.5967741935483871	1.0	0.45318544182448117	0.0	NA
two_arrays_s1201	two_arrays	1201	r0000039	5000	2	accepted	5	171	1.0	756	2124	1368	0.2736	0.0	1.0	1.0	1.0	1.0	0
two_arrays_s1201	two_arrays	1201	r0000040	5000	2	accepted	5	171	1.0	2875	4244	1369	0.2738	0.005847953216374269	1.0	1.0	1.0	0.9992695398100804	0
two_arrays_s1201	two_arrays	1201	r0000041	5000	0	no_spacing_peak	0	0	0.0	0	0	0	0.0	1.0	0.0	0.0	0.0	0.0	NA
two_arrays_s1201	two_arrays	1201	r0000042	5000	2	accepted	5	171	1.0	753	2122	1369	0.2738	0.005847953216374269	1.0	1.0	1.0	0.9992695398100804	0
two_arrays_s1201	two_arrays	1201	r0000043	5000	2	accepted	5	171	1.0	2876	4246	1370	0.274	0.011695906432748537	1.0	1.0	1.0	0.9985401459854014	0
two_arrays_s1201	two_arrays	1201	r0000044	5000	2	accepted	5	171	1.0	2878	4248	1370	0.274	0.011695906432748537	1.0	1.0	1.0	0.9985401459854014	0
two_arrays_s1201	two_arrays	1201	r0000045	5000	2	accepted	5	171	0.9996101364522417	753	2125	1372	0.2744	0.023391812865497075	1.0	1.0	1.0	0.9970845481049563	0
two_arrays_s1201	two_arrays	1201	r0000046	5000	2	accepted	5	171	1.0	753	2122	1369	0.2738	0.005847953216374269	1.0	1.0	1.0	0.9992695398100804	0
two_arrays_s1201	two_arrays	1201	r0000047	5000	2	accepted	5	171	1.0	752	2122	1370	0.274	0.011695906432748537	1.0	1.0	1.0	0.9985401459854014	0
two_arrays_s1201	two_arrays	1201	r0000048	5000	2	accepted	5	171	1.0	756	2124	1368	0.2736	0.0	1.0	1.0	1.0	1.0	0
two_arrays_s1201	two_arrays	1201	r0000049	5000	2	accepted	5	171	1.0	756	2124	1368	0.2736	0.0	1.0	1.0	1.0	1.0	0
two_arrays_s1201	two_arrays	1201	r0000050	5000	0	no_spacing_peak	0	0	0.0	0	0	0	0.0	1.0	0.0	0.0	0.0	0.0	NA
two_arrays_s1201	two_arrays	1201	r0000051	5000	2	accepted	5	171	1.0	754	2124	1370	0.274	0.011695906432748537	1.0	1.0	1.0	0.9985401459854014	0
two_arrays_s1201	two_arrays	1201	r0000052	5000	0	no_spacing_peak	0	0	0.0	0	0	0	0.0	1.0	0.0	0.0	0.0	0.0	NA
two_arrays_s1201	two_arrays	1201	r0000053	5000	2	accepted	5	171	0.9998048780487805	754	2122	1368	0.2736	0.0	1.0	1.0	1.0	1.0	0
two_arrays_s1201	two_arrays	1201	r0000054	5000	0	rejected_score	1	59	0.36000000000000004	880	999	119	0.0238	0.01694915254237288	0.45	1.0	0.2628667423812228	0.0	NA
two_arrays_s1201	two_arrays	1201	r0000055	5000	0	no_spacing_peak	0	0	0.0	0	0	0	0.0	1.0	0.0	0.0	0.0	0.0	NA
two_arrays_s1201	two_arrays	1201	r0000056	5000	2	accepted	5	171	0.9996101364522417	756	2124	1368	0.2736	0.0	1.0	1.0	1.0	1.0	0
two_arrays_s1201	two_arrays	1201	r0000057	5000	2	accepted	5	171	1.0	756	2125	1369	0.2738	0.005847953216374269	1.0	1.0	1.0	0.9992695398100804	0
two_arrays_s1201	two_arrays	1201	r0000058	5000	2	accepted	5	171	1.0	2878	4248	1370	0.274	0.011695906432748537	1.0	1.0	1.0	0.9985401459854014	0
two_arrays_s1201	two_arrays	1201	r0000059	5000	2	accepted	5	171	1.0	756	2124	1368	0.2736	0.0	1.0	1.0	1.0	1.0	0
two_arrays_s1201	two_arrays	1201	r0000060	5000	2	accepted	5	171	1.0	756	2124	1368	0.2736	0.0	1.0	1.0	1.0	1.0	0
two_arrays_s1201	two_arrays	1201	r0000061	5000	2	accepted	5	171	0.9998048780487805	2876	4248	1372	0.2744	0.023391812865497075	1.0	1.0	1.0	0.9970845481049563	0
two_arrays_s1201	two_arrays	1201	r0000062	5000	0	rejected_score	1	67	0.40597014925373137	939	1073	134	0.0268	0.0	0.5074626865671642	1.0	0.33030440708768743	0.0	NA
two_arrays_s1201	two_arrays	1201	r0000063	5000	2	accepted	5	171	0.9998048780487805	753	2122	1369	0.2738	0.005847953216374269	1.0	1.0	1.0	0.9992695398100804	0
two_arrays_s1201	two_arrays	1201	r0000064	5000	2	accepted	5	171	1.0	754	2123	1369	0.2738	0.005847953216374269	1.0	1.0	1.0	0.9992695398100804	0
two_arrays_s1201	two_arrays	1201	r0000065	5000	2	accepted	5	171	1.0	756	2124	1368	0.2736	0.0	1.0	1.0	1.0	1.0	0
two_arrays_s1201	two_arrays	1201	r0000066	5000	2	accepted	5	171	1.0	755	2126	1371	0.2742	0.017543859649122806	1.0	1.0	1.0	0.9978118161925602	0
two_arrays_s1201	two_arrays	1201	r0000067	5000	2	accepted	5	171	1.0	753	2122	1369	0.2738	0.005847953216374269	1.0	1.0	1.0	0.9992695398100804	0
two_arrays_s1201	two_arrays	1201	r0000068	5000	2	accepted	5	171	0.9986743993371998	2876	4254	1378	0.2756	0.05847953216374269	0.9983429991714996	1.0	0.9977884775855657	0.9927431059506531	0
two_arrays_s1201	two_arrays	1201	r0000069	5000	2	accepted	5	171	1.0	753	2124	1371	0.2742	0.017543859649122806	1.0	1.0	1.0	0.9978118161925602	0
two_arrays_s1201	two_arrays	1201	r0000070	5000	2	accepted	5	171	1.0	754	2124	1370	0.274	0.011695906432748537	1.0	1.0	1.0	0.9985401459854014	0
two_arrays_s1201	two_arrays	1201	r0000071	5000	2	accepted	5	171	1.0	753	2122	1369	0.2738	0.005847953216374269	1.0	1.0	1.0	0.9992695398100804	0
two_arrays_s1201	two_arrays	1201	r0000072	5000	0	rejected_score	1	64	0.36250000000000004	1847	1975	128	0.0256	0.0	0.453125	1.0	0.254451655849559	0.0	NA
two_arrays_s1201	two_arrays	1201	r0000073	5000	2	accepted	5	171	1.0	754	2123	1369	0.2738	0.005847953216374269	1.0	1.0	1.0	0.9992695398100804	0
two_arrays_s1201	two_arrays	1201	r0000074	5000	2	accepted	5	171	1.0	754	2123	1369	0.2738	0.005847953216374269	1.0	1.0	1.0	0.9992695398100804	0
two_arrays_s1201	two_arrays	1201	r0000075	5000	2	accepted	5	171	0.9998048780487805	754	2122	1368	0.2736	0.0	1.0	1.0	1.0	1.0	0
two_arrays_s1201	two_arrays	1201	r0000076	5000	2	accepted	5	171	1.0	2871	4244	1373	0.2746	0.029239766081871343	1.0	1.0	1.0	0.9963583394027676	0
two_arrays_s1201	two_arrays	1201	r0000077	5000	0	no_spacing_peak	0	0	0.0	0	0	0	0.0	1.0	0.0	0.0	0.0	0.0	NA
two_arrays_s1201	two_arrays	1201	r0000078	5000	2	accepted	5	171	1.0	2875	4244	1369	0.2738	0.005847953216374269	1.0	1.0	1.0	0.9992695398100804	0
two_arrays_s1201	two_arrays	1201	r0000079	5000	0	no_spacing_peak	0	0	0.0	0	0	0	0.0	1.0	0.0	0.0	0.0	0.0	NA
two_arrays_s1201	two_arrays	1201	r0000080	5000	0	no_spacing_peak	0	0	0.0	0	0	0	0.0	1.0	0.0	0.0	0.0	0.0	NA
two_arrays_s1201	two_arrays	1201	r0000081	5000	2	accepted	5	171	1.0	753	2122	1369	0.2738	0.005847953216374269	1.0	1.0	1.0	0.9992695398100804	0
two_arrays_s1201	two_arrays	1201	r0000082	5000	0	no_spacing_peak	0	0	0.0	0	0	0	0.0	1.0	0.0	0.0	0.0	0.0	NA
two_arrays_s1201	two_arrays	1201	r0000083	5000	2	accepted	5	171	1.0	754	2123	1369	0.2738	0.005847953216374269	1.0	1.0	1.0	0.9992695398100804	0
two_arrays_s1201	two_arrays	1201	r0000084	5000	2	accepted	5	171	0.9996101364522417	2875	4244	1369	0.2738	0.005847953216374269	1.0	1.0	1.0	0.9992695398100804	0
two_arrays_s1201	two_arrays	1201	r0000085	5000	0	no_spacing_peak	0	0	0.0	0	0	0	0.0	1.0	0.0	0.0	0.0	0.0	NA
two_arrays_s1201	two_arrays	1201	r0000086	5000	2	accepted	5	171	0.9993338884263114	2874	4246	1372	0.2744	0.023391812865497075	0.9991673605328892	1.0	0.99887892399783	0.9970845481049563	0
two_arrays_s1201	two_arrays	1201	r0000087	5000	2	accepted	5	171	0.9993355481727575	747	2122	1375	0.275	0.04093567251461988	0.9991694352159468	1.0	0.9988899006855553	0.9949090909090909	0
two_arrays_s1201	two_arrays	1201	r0000088	5000	0	no_spacing_peak	0	0	0.0	0	0	0	0.0	1.0	0.0	0.0	0.0	0.0	NA
two_arrays_s1201	two_arrays	1201	r0000089	5000	0	no_spacing_peak	0	0	0.0	0	0	0	0.0	1.0	0.0	0.0	0.0	0.0	NA
two_arrays_s1201	two_arrays	1201	r0000090	5000	0	no_spacing_peak	0	0	0.0	0	0	0	0.0	1.0	0.0	0.0	0.0	0.0	NA
two_arrays_s1201	two_arrays	1201	r0000091	5000	2	accepted	5	171	1.0	2877	4246	1369	0.2738	0.005847953216374269	1.0	1.0	1.0	0.9992695398100804	0
two_arrays_s1201	two_arrays	1201	r0000092	5000	2	accepted	5	171	1.0	752	2123	1371	0.2742	0.017543859649122806	1.0	1.0	1.0	0.9978118161925602	0
two_arrays_s1201	two_arrays	1201	r0000093	5000	0	no_spacing_peak	0	0	0.0	0	0	0	0.0	1.0	0.0	0.0	0.0	0.0	NA
two_arrays_s1201	two_arrays	1201	r0000094	5000	0	no_spacing_peak	0	0	0.0	0	0	0	0.0	1.0	0.0	0.0	0.0	0.0	NA
two_arrays_s1201	two_arrays	1201	r0000095	5000	2	accepted	5	171	1.0	755	2125	1370	0.274	0.011695906432748537	1.0	1.0	1.0	0.9985401459854014	0
two_arrays_s1201	two_arrays	1201	r0000096	5000	2	accepted	5	171	1.0	753	2122	1369	0.2738	0.005847953216374269	1.0	1.0	1.0	0.9992695398100804	0
two_arrays_s1201	two_arrays	1201	r0000097	5000	2	accepted	5	171	1.0	2878	4248	1370	0.274	0.011695906432748537	1.0	1.0	1.0	0.9985401459854014	0
two_arrays_s1201	two_arrays	1201	r0000098	5000	0	rejected_score	3	45	0.39272727272727276	2843	2943	100	0.02	0.2222222222222222	0.4909090909090909	1.0	0.3179382246906362	0.0	NA
two_arrays_s1201	two_arrays	1201	r0000099	5000	0	no_spacing_peak	0	0	0.0	0	0	0	0.0	1.0	0.0	0.0	0.0	0.0	NA
two_arrays_s1201	two_arrays	1201	r0000100	5000	2	accepted	5	171	1.0	756	2124	1368	0.2736	0.0	1.0	1.0	1.0	1.0	0
