seed	condition_id	family_id	estimated_copy_number	log_sampling_variance	sampling_interval_low	sampling_interval_high	minimum_effective_reads	positive_reads_by_k	fit_status	interval_status	warning	coverage	error_model	unit_substitution_rate	array_scope	period	truth_copies	truth_covered	relative_interval_width	signed_relative_error
6301	condition_001	f001	60.25233917189098	NA	NA	NA	2.9999999999999996	10,3,3,3	experimental_log_linear_extrapolation	insufficient_effective_reads	experimental_joint_read_delta_method;k_values_are_correlated_not_replicates;requires_independent_reads;model_bias_not_calibrated;catalogue_specificity_not_background_verified;genome_size_treated_as_fixed	1	error_free	0.0	factorial	61	20.0	NA	NA	2.012616958594549
6301	condition_001	f002	NA	NA	NA	NA	0.0	4,0,0,0	zero_support_at_one_or_more_k_not_absence	no_finite_extrapolation	experimental_joint_read_delta_method;k_values_are_correlated_not_replicates;requires_independent_reads;model_bias_not_calibrated;catalogue_specificity_not_background_verified;genome_size_treated_as_fixed	1	error_free	0.02	factorial	61	20.0	NA	NA	NA
6301	condition_001	f003	107.62630206950988	NA	NA	NA	5.594026649370351	6,6,6,6	experimental_log_linear_extrapolation	insufficient_effective_reads	experimental_joint_read_delta_method;k_values_are_correlated_not_replicates;requires_independent_reads;model_bias_not_calibrated;catalogue_specificity_not_background_verified;genome_size_treated_as_fixed	1	error_free	0.0	factorial	61	20.0	NA	NA	4.381315103475494
6301	condition_001	f004	NA	NA	NA	NA	0.0	0,0,0,0	zero_support_at_one_or_more_k_not_absence	no_finite_extrapolation	experimental_joint_read_delta_method;k_values_are_correlated_not_replicates;requires_independent_reads;model_bias_not_calibrated;catalogue_specificity_not_background_verified;genome_size_treated_as_fixed	1	error_free	0.02	factorial	61	20.0	NA	NA	NA
6301	condition_001	f005	20.020372200772634	NA	NA	NA	1.0	1,1,1,1	experimental_log_linear_extrapolation	insufficient_effective_reads	experimental_joint_read_delta_method;k_values_are_correlated_not_replicates;requires_independent_reads;model_bias_not_calibrated;catalogue_specificity_not_background_verified;genome_size_treated_as_fixed	1	error_free	0.0	factorial	61	20.0	NA	NA	0.0010186100386317064
6301	condition_001	f006	NA	NA	NA	NA	0.0	0,0,0,0	zero_support_at_one_or_more_k_not_absence	no_finite_extrapolation	experimental_joint_read_delta_method;k_values_are_correlated_not_replicates;requires_independent_reads;model_bias_not_calibrated;catalogue_specificity_not_background_verified;genome_size_treated_as_fixed	1	error_free	0.02	factorial	61	20.0	NA	NA	NA
6301	condition_001	f007	68.9088079736392	NA	NA	NA	1.0	3,1,1,1	experimental_log_linear_extrapolation	insufficient_effective_reads	experimental_joint_read_delta_method;k_values_are_correlated_not_replicates;requires_independent_reads;model_bias_not_calibrated;catalogue_specificity_not_background_verified;genome_size_treated_as_fixed	1	error_free	0.0	factorial	61	80.0	NA	NA	-0.13863990032951
6301	condition_001	f008	108.71460357596689	NA	NA	NA	1.9920953642304886	4,2,2,2	experimental_log_linear_extrapolation	insufficient_effective_reads	experimental_joint_read_delta_method;k_values_are_correlated_not_replicates;requires_independent_reads;model_bias_not_calibrated;catalogue_specificity_not_background_verified;genome_size_treated_as_fixed	1	error_free	0.02	factorial	61	80.0	NA	NA	0.35893254469958613
6301	condition_001	f009	57.971838541278196	NA	NA	NA	1.0	1,1,1,1	experimental_log_linear_extrapolation	insufficient_effective_reads	experimental_joint_read_delta_method;k_values_are_correlated_not_replicates;requires_independent_reads;model_bias_not_calibrated;catalogue_specificity_not_background_verified;genome_size_treated_as_fixed	1	error_free	0.0	factorial	61	80.0	NA	NA	-0.27535201823402256
6301	condition_001	f010	185.49475101145646	NA	NA	NA	2.6603059104373363	4,4,4,4	experimental_log_linear_extrapolation	insufficient_effective_reads	experimental_joint_read_delta_method;k_values_are_correlated_not_replicates;requires_independent_reads;model_bias_not_calibrated;catalogue_specificity_not_background_verified;genome_size_treated_as_fixed	1	error_free	0.02	factorial	61	80.0	NA	NA	1.3186843876432057
6301	condition_001	f011	87.28238243261188	NA	NA	NA	1.944032025133663	3,2,2,2	experimental_log_linear_extrapolation	insufficient_effective_reads	experimental_joint_read_delta_method;k_values_are_correlated_not_replicates;requires_independent_reads;model_bias_not_calibrated;catalogue_specificity_not_background_verified;genome_size_treated_as_fixed	1	error_free	0.0	factorial	61	80.0	NA	NA	0.09102978040764853
6301	condition_001	f012	66.31956348278247	NA	NA	NA	1.2038953651784323	3,2,2,2	experimental_log_linear_extrapolation	insufficient_effective_reads	experimental_joint_read_delta_method;k_values_are_correlated_not_replicates;requires_independent_reads;model_bias_not_calibrated;catalogue_specificity_not_background_verified;genome_size_treated_as_fixed	1	error_free	0.02	factorial	61	80.0	NA	NA	-0.1710054564652191
6301	condition_001	f013	102.9291111442192	NA	NA	NA	1.9758572480355536	5,2,2,2	experimental_log_linear_extrapolation	insufficient_effective_reads	experimental_joint_read_delta_method;k_values_are_correlated_not_replicates;requires_independent_reads;model_bias_not_calibrated;catalogue_specificity_not_background_verified;genome_size_treated_as_fixed	1	error_free	0.0	factorial	61	200.0	NA	NA	-0.48535444427890395
6301	condition_001	f014	NA	NA	NA	NA	0.0	0,0,0,0	zero_support_at_one_or_more_k_not_absence	no_finite_extrapolation	experimental_joint_read_delta_method;k_values_are_correlated_not_replicates;requires_independent_reads;model_bias_not_calibrated;catalogue_specificity_not_background_verified;genome_size_treated_as_fixed	1	error_free	0.02	factorial	61	200.0	NA	NA	NA
6301	condition_001	f015	53.821370570169485	NA	NA	NA	1.0	2,1,1,1	experimental_log_linear_extrapolation	insufficient_effective_reads	experimental_joint_read_delta_method;k_values_are_correlated_not_replicates;requires_independent_reads;model_bias_not_calibrated;catalogue_specificity_not_background_verified;genome_size_treated_as_fixed	1	error_free	0.0	factorial	61	200.0	NA	NA	-0.7308931471491527
6301	condition_001	f016	113.01815281515437	NA	NA	NA	1.0	2,1,1,1	experimental_log_linear_extrapolation	insufficient_effective_reads	experimental_joint_read_delta_method;k_values_are_correlated_not_replicates;requires_independent_reads;model_bias_not_calibrated;catalogue_specificity_not_background_verified;genome_size_treated_as_fixed	1	error_free	0.02	factorial	61	200.0	NA	NA	-0.43490923592422814
6301	condition_001	f017	NA	NA	NA	NA	0.0	0,0,0,0	zero_support_at_one_or_more_k_not_absence	no_finite_extrapolation	experimental_joint_read_delta_method;k_values_are_correlated_not_replicates;requires_independent_reads;model_bias_not_calibrated;catalogue_specificity_not_background_verified;genome_size_treated_as_fixed	1	error_free	0.0	factorial	61	200.0	NA	NA	NA
6301	condition_001	f018	241.21956377876225	NA	NA	NA	1.8088339649496907	4,2,2,2	experimental_log_linear_extrapolation	insufficient_effective_reads	experimental_joint_read_delta_method;k_values_are_correlated_not_replicates;requires_independent_reads;model_bias_not_calibrated;catalogue_specificity_not_background_verified;genome_size_treated_as_fixed	1	error_free	0.02	factorial	61	200.0	NA	NA	0.20609781889381126
6301	condition_001	f019	NA	NA	NA	NA	0.0	1,0,0,0	zero_support_at_one_or_more_k_not_absence	no_finite_extrapolation	experimental_joint_read_delta_method;k_values_are_correlated_not_replicates;requires_independent_reads;model_bias_not_calibrated;catalogue_specificity_not_background_verified;genome_size_treated_as_fixed	1	error_free	0.0	factorial	171	20.0	NA	NA	NA
6301	condition_001	f020	38.39169704317403	NA	NA	NA	2.0	6,2,2,2	experimental_log_linear_extrapolation	insufficient_effective_reads	experimental_joint_read_delta_method;k_values_are_correlated_not_replicates;requires_independent_reads;model_bias_not_calibrated;catalogue_specificity_not_background_verified;genome_size_treated_as_fixed	1	error_free	0.02	factorial	171	20.0	NA	NA	0.9195848521587013
6301	condition_001	f021	38.97374760595376	NA	NA	NA	1.9986134033281622	3,2,2,2	experimental_log_linear_extrapolation	insufficient_effective_reads	experimental_joint_read_delta_method;k_values_are_correlated_not_replicates;requires_independent_reads;model_bias_not_calibrated;catalogue_specificity_not_background_verified;genome_size_treated_as_fixed	1	error_free	0.0	factorial	171	20.0	NA	NA	0.9486873802976881
6301	condition_001	f022	54.570531801570745	NA	NA	NA	2.915296452188677	10,3,3,3	experimental_log_linear_extrapolation	insufficient_effective_reads	experimental_joint_read_delta_method;k_values_are_correlated_not_replicates;requires_independent_reads;model_bias_not_calibrated;catalogue_specificity_not_background_verified;genome_size_treated_as_fixed	1	error_free	0.02	factorial	171	20.0	NA	NA	1.7285265900785372
6301	condition_001	f023	39.98102361981646	NA	NA	NA	2.0	2,2,2,2	experimental_log_linear_extrapolation	insufficient_effective_reads	experimental_joint_read_delta_method;k_values_are_correlated_not_replicates;requires_independent_reads;model_bias_not_calibrated;catalogue_specificity_not_background_verified;genome_size_treated_as_fixed	1	error_free	0.0	factorial	171	20.0	NA	NA	0.9990511809908231
6301	condition_001	f024	19.72332989450474	NA	NA	NA	1.0	4,1,1,1	experimental_log_linear_extrapolation	insufficient_effective_reads	experimental_joint_read_delta_method;k_values_are_correlated_not_replicates;requires_independent_reads;model_bias_not_calibrated;catalogue_specificity_not_background_verified;genome_size_treated_as_fixed	1	error_free	0.02	factorial	171	20.0	NA	NA	-0.013833505274762991
6301	condition_001	f025	93.26062940614257	NA	NA	NA	1.798906978419667	3,3,3,3	experimental_log_linear_extrapolation	insufficient_effective_reads	experimental_joint_read_delta_method;k_values_are_correlated_not_replicates;requires_independent_reads;model_bias_not_calibrated;catalogue_specificity_not_background_verified;genome_size_treated_as_fixed	1	error_free	0.0	factorial	171	80.0	NA	NA	0.16575786757678213
6301	condition_001	f026	50.14052353561312	NA	NA	NA	1.0	2,1,1,1	experimental_log_linear_extrapolation	insufficient_effective_reads	experimental_joint_read_delta_method;k_values_are_correlated_not_replicates;requires_independent_reads;model_bias_not_calibrated;catalogue_specificity_not_background_verified;genome_size_treated_as_fixed	1	error_free	0.02	factorial	171	80.0	NA	NA	-0.373243455804836
6301	condition_001	f027	NA	NA	NA	NA	0.0	3,0,0,0	zero_support_at_one_or_more_k_not_absence	no_finite_extrapolation	experimental_joint_read_delta_method;k_values_are_correlated_not_replicates;requires_independent_reads;model_bias_not_calibrated;catalogue_specificity_not_background_verified;genome_size_treated_as_fixed	1	error_free	0.0	factorial	171	80.0	NA	NA	NA
6301	condition_001	f028	35.3758502326841	NA	NA	NA	1.0	27,1,1,1	experimental_log_linear_extrapolation	insufficient_effective_reads	experimental_joint_read_delta_method;k_values_are_correlated_not_replicates;requires_independent_reads;model_bias_not_calibrated;catalogue_specificity_not_background_verified;genome_size_treated_as_fixed	1	error_free	0.02	factorial	171	80.0	NA	NA	-0.5578018720914487
6301	condition_001	f029	68.23476875598053	NA	NA	NA	1.0	1,1,1,1	experimental_log_linear_extrapolation	insufficient_effective_reads	experimental_joint_read_delta_method;k_values_are_correlated_not_replicates;requires_independent_reads;model_bias_not_calibrated;catalogue_specificity_not_background_verified;genome_size_treated_as_fixed	1	error_free	0.0	factorial	171	80.0	NA	NA	-0.14706539055024342
6301	condition_001	f030	164.61425724869466	NA	NA	NA	3.4083288075741884	4,4,4,4	experimental_log_linear_extrapolation	insufficient_effective_reads	experimental_joint_read_delta_method;k_values_are_correlated_not_replicates;requires_independent_reads;model_bias_not_calibrated;catalogue_specificity_not_background_verified;genome_size_treated_as_fixed	1	error_free	0.02	factorial	171	80.0	NA	NA	1.0576782156086832
6301	condition_001	f031	89.18320851730837	NA	NA	NA	1.5972600158164274	9,2,2,2	experimental_log_linear_extrapolation	insufficient_effective_reads	experimental_joint_read_delta_method;k_values_are_correlated_not_replicates;requires_independent_reads;model_bias_not_calibrated;catalogue_specificity_not_background_verified;genome_size_treated_as_fixed	1	error_free	0.0	factorial	171	200.0	NA	NA	-0.5540839574134582
6301	condition_001	f032	NA	NA	NA	NA	0.0	3,0,0,0	zero_support_at_one_or_more_k_not_absence	no_finite_extrapolation	experimental_joint_read_delta_method;k_values_are_correlated_not_replicates;requires_independent_reads;model_bias_not_calibrated;catalogue_specificity_not_background_verified;genome_size_treated_as_fixed	1	error_free	0.02	factorial	171	200.0	NA	NA	NA
6301	condition_001	f033	130.4114427606807	NA	NA	NA	2.116245860859911	6,3,3,3	experimental_log_linear_extrapolation	insufficient_effective_reads	experimental_joint_read_delta_method;k_values_are_correlated_not_replicates;requires_independent_reads;model_bias_not_calibrated;catalogue_specificity_not_background_verified;genome_size_treated_as_fixed	1	error_free	0.0	factorial	171	200.0	NA	NA	-0.3479427861965965
6301	condition_001	f034	180.32316356573978	NA	NA	NA	2.7700932646991707	5,3,3,3	experimental_log_linear_extrapolation	insufficient_effective_reads	experimental_joint_read_delta_method;k_values_are_correlated_not_replicates;requires_independent_reads;model_bias_not_calibrated;catalogue_specificity_not_background_verified;genome_size_treated_as_fixed	1	error_free	0.02	factorial	171	200.0	NA	NA	-0.09838418217130113
6301	condition_001	f035	266.66680467181914	NA	NA	NA	3.914953367156052	8,5,5,5	experimental_log_linear_extrapolation	insufficient_effective_reads	experimental_joint_read_delta_method;k_values_are_correlated_not_replicates;requires_independent_reads;model_bias_not_calibrated;catalogue_specificity_not_background_verified;genome_size_treated_as_fixed	1	error_free	0.0	factorial	171	200.0	NA	NA	0.3333340233590957
6301	condition_001	f036	183.86168786587064	NA	NA	NA	2.1618943943669775	3,3,3,3	experimental_log_linear_extrapolation	insufficient_effective_reads	experimental_joint_read_delta_method;k_values_are_correlated_not_replicates;requires_independent_reads;model_bias_not_calibrated;catalogue_specificity_not_background_verified;genome_size_treated_as_fixed	1	error_free	0.02	factorial	171	200.0	NA	NA	-0.08069156067064683
6301	condition_001	f037	37.60049327119587	NA	NA	NA	1.9918852637500764	4,2,2,2	experimental_log_linear_extrapolation	insufficient_effective_reads	experimental_joint_read_delta_method;k_values_are_correlated_not_replicates;requires_independent_reads;model_bias_not_calibrated;catalogue_specificity_not_background_verified;genome_size_treated_as_fixed	1	error_free	0.0	factorial	421	20.0	NA	NA	0.8800246635597937
6301	condition_001	f038	48.33247336439702	NA	NA	NA	3.407134548398329	18,4,4,4	experimental_log_linear_extrapolation	insufficient_effective_reads	experimental_joint_read_delta_method;k_values_are_correlated_not_replicates;requires_independent_reads;model_bias_not_calibrated;catalogue_specificity_not_background_verified;genome_size_treated_as_fixed	1	error_free	0.02	factorial	421	20.0	NA	NA	1.416623668219851
6301	condition_001	f039	NA	NA	NA	NA	0.0	2,0,0,0	zero_support_at_one_or_more_k_not_absence	no_finite_extrapolation	experimental_joint_read_delta_method;k_values_are_correlated_not_replicates;requires_independent_reads;model_bias_not_calibrated;catalogue_specificity_not_background_verified;genome_size_treated_as_fixed	1	error_free	0.0	factorial	421	20.0	NA	NA	NA
6301	condition_001	f040	6.932520056403917	NA	NA	NA	1.0	2,1,1,1	experimental_log_linear_extrapolation	insufficient_effective_reads	experimental_joint_read_delta_method;k_values_are_correlated_not_replicates;requires_independent_reads;model_bias_not_calibrated;catalogue_specificity_not_background_verified;genome_size_treated_as_fixed	1	error_free	0.02	factorial	421	20.0	NA	NA	-0.6533739971798042
6301	condition_001	f041	20.708039180708532	NA	NA	NA	1.9158969865904651	4,2,2,2	experimental_log_linear_extrapolation	insufficient_effective_reads	experimental_joint_read_delta_method;k_values_are_correlated_not_replicates;requires_independent_reads;model_bias_not_calibrated;catalogue_specificity_not_background_verified;genome_size_treated_as_fixed	1	error_free	0.0	factorial	421	20.0	NA	NA	0.0354019590354266
6301	condition_001	f042	29.200236516947093	NA	NA	NA	2.7401523660790303	9,3,3,3	experimental_log_linear_extrapolation	insufficient_effective_reads	experimental_joint_read_delta_method;k_values_are_correlated_not_replicates;requires_independent_reads;model_bias_not_calibrated;catalogue_specificity_not_background_verified;genome_size_treated_as_fixed	1	error_free	0.02	factorial	421	20.0	NA	NA	0.46001182584735467
6301	condition_001	f043	22.64382157431342	NA	NA	NA	1.1428808578162015	11,2,2,2	experimental_log_linear_extrapolation	insufficient_effective_reads	experimental_joint_read_delta_method;k_values_are_correlated_not_replicates;requires_independent_reads;model_bias_not_calibrated;catalogue_specificity_not_background_verified;genome_size_treated_as_fixed	1	error_free	0.0	factorial	421	80.0	NA	NA	-0.7169522303210822
6301	condition_001	f044	90.17694099970748	NA	NA	NA	2.9914883459242927	7,3,3,3	experimental_log_linear_extrapolation	insufficient_effective_reads	experimental_joint_read_delta_method;k_values_are_correlated_not_replicates;requires_independent_reads;model_bias_not_calibrated;catalogue_specificity_not_background_verified;genome_size_treated_as_fixed	1	error_free	0.02	factorial	421	80.0	NA	NA	0.12721176249634353
6301	condition_001	f045	62.8175537577467	NA	NA	NA	1.9480265618853811	2,2,2,2	experimental_log_linear_extrapolation	insufficient_effective_reads	experimental_joint_read_delta_method;k_values_are_correlated_not_replicates;requires_independent_reads;model_bias_not_calibrated;catalogue_specificity_not_background_verified;genome_size_treated_as_fixed	1	error_free	0.0	factorial	421	80.0	NA	NA	-0.21478057802816625
6301	condition_001	f046	54.1199077751044	NA	NA	NA	2.007898780034822	15,3,3,3	experimental_log_linear_extrapolation	insufficient_effective_reads	experimental_joint_read_delta_method;k_values_are_correlated_not_replicates;requires_independent_reads;model_bias_not_calibrated;catalogue_specificity_not_background_verified;genome_size_treated_as_fixed	1	error_free	0.02	factorial	421	80.0	NA	NA	-0.32350115281119496
6301	condition_001	f047	120.07968637420412	NA	NA	NA	5.313672041027025	7,6,6,6	experimental_log_linear_extrapolation	insufficient_effective_reads	experimental_joint_read_delta_method;k_values_are_correlated_not_replicates;requires_independent_reads;model_bias_not_calibrated;catalogue_specificity_not_background_verified;genome_size_treated_as_fixed	1	error_free	0.0	factorial	421	80.0	NA	NA	0.5009960796775514
6301	condition_001	f048	51.03549340953417	NA	NA	NA	2.000944869641838	3,3,3,3	experimental_log_linear_extrapolation	insufficient_effective_reads	experimental_joint_read_delta_method;k_values_are_correlated_not_replicates;requires_independent_reads;model_bias_not_calibrated;catalogue_specificity_not_background_verified;genome_size_treated_as_fixed	1	error_free	0.02	factorial	421	80.0	NA	NA	-0.3620563323808229
6301	condition_001	f049	318.47968191709646	NA	NA	NA	10.964952538711277	21,14,14,14	experimental_log_linear_extrapolation	insufficient_effective_reads	experimental_joint_read_delta_method;k_values_are_correlated_not_replicates;requires_independent_reads;model_bias_not_calibrated;catalogue_specificity_not_background_verified;genome_size_treated_as_fixed	1	error_free	0.0	factorial	421	200.0	NA	NA	0.5923984095854823
6301	condition_001	f050	165.41583052489568	NA	NA	NA	4.7682738307423715	11,5,5,5	experimental_log_linear_extrapolation	insufficient_effective_reads	experimental_joint_read_delta_method;k_values_are_correlated_not_replicates;requires_independent_reads;model_bias_not_calibrated;catalogue_specificity_not_background_verified;genome_size_treated_as_fixed	1	error_free	0.02	factorial	421	200.0	NA	NA	-0.1729208473755216
6301	condition_001	f051	41.613019475853534	NA	NA	NA	1.5278065854876057	5,2,2,2	experimental_log_linear_extrapolation	insufficient_effective_reads	experimental_joint_read_delta_method;k_values_are_correlated_not_replicates;requires_independent_reads;model_bias_not_calibrated;catalogue_specificity_not_background_verified;genome_size_treated_as_fixed	1	error_free	0.0	factorial	421	200.0	NA	NA	-0.7919349026207323
6301	condition_001	f052	235.60493179448946	NA	NA	NA	7.969138261579922	13,9,9,9	experimental_log_linear_extrapolation	insufficient_effective_reads	experimental_joint_read_delta_method;k_values_are_correlated_not_replicates;requires_independent_reads;model_bias_not_calibrated;catalogue_specificity_not_background_verified;genome_size_treated_as_fixed	1	error_free	0.02	factorial	421	200.0	NA	NA	0.1780246589724473
6301	condition_001	f053	230.63559104973874	NA	NA	NA	6.663002812675012	7,7,7,7	positive_slope_inconsistent_with_loss	insufficient_effective_reads	experimental_joint_read_delta_method;k_values_are_correlated_not_replicates;requires_independent_reads;model_bias_not_calibrated;catalogue_specificity_not_background_verified;genome_size_treated_as_fixed	1	error_free	0.0	factorial	421	200.0	NA	NA	0.15317795524869368
6301	condition_001	f054	272.3853505265514	NA	NA	NA	9.886801614680714	18,11,11,11	experimental_log_linear_extrapolation	insufficient_effective_reads	experimental_joint_read_delta_method;k_values_are_correlated_not_replicates;requires_independent_reads;model_bias_not_calibrated;catalogue_specificity_not_background_verified;genome_size_treated_as_fixed	1	error_free	0.02	factorial	421	200.0	NA	NA	0.36192675263275703
6301	condition_001	megabase_171	4835.230834759201	0.015668578060877278	3783.282292927285	6179.675587283888	58.55088806118609	61,60,60,60	experimental_log_linear_extrapolation	approximate_95pct_joint_read_log_normal	experimental_joint_read_delta_method;k_values_are_correlated_not_replicates;requires_independent_reads;model_bias_not_calibrated;catalogue_specificity_not_background_verified;genome_size_treated_as_fixed	1	error_free	0.01	megabase	171	6000.0	True	0.39939888239276705	-0.1941281942067999
6301	condition_002	f001	60.64717562202126	NA	NA	NA	2.998110659921281	10,3,3,3	experimental_log_linear_extrapolation	insufficient_effective_reads	experimental_joint_read_delta_method;k_values_are_correlated_not_replicates;requires_independent_reads;model_bias_not_calibrated;catalogue_specificity_not_background_verified;genome_size_treated_as_fixed	1	iid_low_indel	0.0	factorial	61	20.0	NA	NA	2.032358781101063
6301	condition_002	f002	NA	NA	NA	NA	0.0	4,0,0,0	zero_support_at_one_or_more_k_not_absence	no_finite_extrapolation	experimental_joint_read_delta_method;k_values_are_correlated_not_replicates;requires_independent_reads;model_bias_not_calibrated;catalogue_specificity_not_background_verified;genome_size_treated_as_fixed	1	iid_low_indel	0.02	factorial	61	20.0	NA	NA	NA
6301	condition_002	f003	108.13090372323572	NA	NA	NA	5.580036320100774	6,6,6,6	experimental_log_linear_extrapolation	insufficient_effective_reads	experimental_joint_read_delta_method;k_values_are_correlated_not_replicates;requires_independent_reads;model_bias_not_calibrated;catalogue_specificity_not_background_verified;genome_size_treated_as_fixed	1	iid_low_indel	0.0	factorial	61	20.0	NA	NA	4.406545186161786
6301	condition_002	f004	NA	NA	NA	NA	0.0	0,0,0,0	zero_support_at_one_or_more_k_not_absence	no_finite_extrapolation	experimental_joint_read_delta_method;k_values_are_correlated_not_replicates;requires_independent_reads;model_bias_not_calibrated;catalogue_specificity_not_background_verified;genome_size_treated_as_fixed	1	iid_low_indel	0.02	factorial	61	20.0	NA	NA	NA
6301	condition_002	f005	20.09224587745122	NA	NA	NA	1.0	2,1,1,1	experimental_log_linear_extrapolation	insufficient_effective_reads	experimental_joint_read_delta_method;k_values_are_correlated_not_replicates;requires_independent_reads;model_bias_not_calibrated;catalogue_specificity_not_background_verified;genome_size_treated_as_fixed	1	iid_low_indel	0.0	factorial	61	20.0	NA	NA	0.004612293872560969
6301	condition_002	f006	NA	NA	NA	NA	0.0	0,0,0,0	zero_support_at_one_or_more_k_not_absence	no_finite_extrapolation	experimental_joint_read_delta_method;k_values_are_correlated_not_replicates;requires_independent_reads;model_bias_not_calibrated;catalogue_specificity_not_background_verified;genome_size_treated_as_fixed	1	iid_low_indel	0.02	factorial	61	20.0	NA	NA	NA
6301	condition_002	f007	69.28691653157296	NA	NA	NA	1.0	3,1,1,1	experimental_log_linear_extrapolation	insufficient_effective_reads	experimental_joint_read_delta_method;k_values_are_correlated_not_replicates;requires_independent_reads;model_bias_not_calibrated;catalogue_specificity_not_background_verified;genome_size_treated_as_fixed	1	iid_low_indel	0.0	factorial	61	80.0	NA	NA	-0.13391354335533806
6301	condition_002	f008	107.89263643868702	NA	NA	NA	1.9872994514925784	4,2,2,2	experimental_log_linear_extrapolation	insufficient_effective_reads	experimental_joint_read_delta_method;k_values_are_correlated_not_replicates;requires_independent_reads;model_bias_not_calibrated;catalogue_specificity_not_background_verified;genome_size_treated_as_fixed	1	iid_low_indel	0.02	factorial	61	80.0	NA	NA	0.34865795548358774
6301	condition_002	f009	58.1102411400546	NA	NA	NA	1.0	1,1,1,1	experimental_log_linear_extrapolation	insufficient_effective_reads	experimental_joint_read_delta_method;k_values_are_correlated_not_replicates;requires_independent_reads;model_bias_not_calibrated;catalogue_specificity_not_background_verified;genome_size_treated_as_fixed	1	iid_low_indel	0.0	factorial	61	80.0	NA	NA	-0.2736219857493175
6301	condition_002	f010	186.93698141396672	NA	NA	NA	2.65557324057531	4,4,4,4	experimental_log_linear_extrapolation	insufficient_effective_reads	experimental_joint_read_delta_method;k_values_are_correlated_not_replicates;requires_independent_reads;model_bias_not_calibrated;catalogue_specificity_not_background_verified;genome_size_treated_as_fixed	1	iid_low_indel	0.02	factorial	61	80.0	NA	NA	1.336712267674584
6301	condition_002	f011	87.39304888550053	NA	NA	NA	1.9528325382266927	4,2,2,2	experimental_log_linear_extrapolation	insufficient_effective_reads	experimental_joint_read_delta_method;k_values_are_correlated_not_replicates;requires_independent_reads;model_bias_not_calibrated;catalogue_specificity_not_background_verified;genome_size_treated_as_fixed	1	iid_low_indel	0.0	factorial	61	80.0	NA	NA	0.09241311106875667
6301	condition_002	f012	68.3924517440375	NA	NA	NA	1.2172315887452425	3,2,2,2	experimental_log_linear_extrapolation	insufficient_effective_reads	experimental_joint_read_delta_method;k_values_are_correlated_not_replicates;requires_independent_reads;model_bias_not_calibrated;catalogue_specificity_not_background_verified;genome_size_treated_as_fixed	1	iid_low_indel	0.02	factorial	61	80.0	NA	NA	-0.14509435319953123
6301	condition_002	f013	103.18625037502247	NA	NA	NA	1.9768911498204584	5,2,2,2	experimental_log_linear_extrapolation	insufficient_effective_reads	experimental_joint_read_delta_method;k_values_are_correlated_not_replicates;requires_independent_reads;model_bias_not_calibrated;catalogue_specificity_not_background_verified;genome_size_treated_as_fixed	1	iid_low_indel	0.0	factorial	61	200.0	NA	NA	-0.48406874812488765
6301	condition_002	f014	NA	NA	NA	NA	0.0	0,0,0,0	zero_support_at_one_or_more_k_not_absence	no_finite_extrapolation	experimental_joint_read_delta_method;k_values_are_correlated_not_replicates;requires_independent_reads;model_bias_not_calibrated;catalogue_specificity_not_background_verified;genome_size_treated_as_fixed	1	iid_low_indel	0.02	factorial	61	200.0	NA	NA	NA
6301	condition_002	f015	53.36957852895568	NA	NA	NA	1.0	1,1,1,1	experimental_log_linear_extrapolation	insufficient_effective_reads	experimental_joint_read_delta_method;k_values_are_correlated_not_replicates;requires_independent_reads;model_bias_not_calibrated;catalogue_specificity_not_background_verified;genome_size_treated_as_fixed	1	iid_low_indel	0.0	factorial	61	200.0	NA	NA	-0.7331521073552216
6301	condition_002	f016	112.11857739924554	NA	NA	NA	1.0	2,1,1,1	experimental_log_linear_extrapolation	insufficient_effective_reads	experimental_joint_read_delta_method;k_values_are_correlated_not_replicates;requires_independent_reads;model_bias_not_calibrated;catalogue_specificity_not_background_verified;genome_size_treated_as_fixed	1	iid_low_indel	0.02	factorial	61	200.0	NA	NA	-0.43940711300377233
6301	condition_002	f017	NA	NA	NA	NA	0.0	0,0,0,0	zero_support_at_one_or_more_k_not_absence	no_finite_extrapolation	experimental_joint_read_delta_method;k_values_are_correlated_not_replicates;requires_independent_reads;model_bias_not_calibrated;catalogue_specificity_not_background_verified;genome_size_treated_as_fixed	1	iid_low_indel	0.0	factorial	61	200.0	NA	NA	NA
6301	condition_002	f018	244.17911682823734	NA	NA	NA	1.8067527132257128	4,2,2,2	experimental_log_linear_extrapolation	insufficient_effective_reads	experimental_joint_read_delta_method;k_values_are_correlated_not_replicates;requires_independent_reads;model_bias_not_calibrated;catalogue_specificity_not_background_verified;genome_size_treated_as_fixed	1	iid_low_indel	0.02	factorial	61	200.0	NA	NA	0.2208955841411867
6301	condition_002	f019	NA	NA	NA	NA	0.0	1,0,0,0	zero_support_at_one_or_more_k_not_absence	no_finite_extrapolation	experimental_joint_read_delta_method;k_values_are_correlated_not_replicates;requires_independent_reads;model_bias_not_calibrated;catalogue_specificity_not_background_verified;genome_size_treated_as_fixed	1	iid_low_indel	0.0	factorial	171	20.0	NA	NA	NA
6301	condition_002	f020	38.935225983613705	NA	NA	NA	1.993719918968299	6,2,2,2	experimental_log_linear_extrapolation	insufficient_effective_reads	experimental_joint_read_delta_method;k_values_are_correlated_not_replicates;requires_independent_reads;model_bias_not_calibrated;catalogue_specificity_not_background_verified;genome_size_treated_as_fixed	1	iid_low_indel	0.02	factorial	171	20.0	NA	NA	0.9467612991806853
6301	condition_002	f021	39.18969981042229	NA	NA	NA	1.9996642594418372	4,2,2,2	experimental_log_linear_extrapolation	insufficient_effective_reads	experimental_joint_read_delta_method;k_values_are_correlated_not_replicates;requires_independent_reads;model_bias_not_calibrated;catalogue_specificity_not_background_verified;genome_size_treated_as_fixed	1	iid_low_indel	0.0	factorial	171	20.0	NA	NA	0.9594849905211145
6301	condition_002	f022	54.66807356279667	NA	NA	NA	2.9155724923384354	10,3,3,3	experimental_log_linear_extrapolation	insufficient_effective_reads	experimental_joint_read_delta_method;k_values_are_correlated_not_replicates;requires_independent_reads;model_bias_not_calibrated;catalogue_specificity_not_background_verified;genome_size_treated_as_fixed	1	iid_low_indel	0.02	factorial	171	20.0	NA	NA	1.7334036781398336
6301	condition_002	f023	40.136452843143815	NA	NA	NA	1.9978980311803956	2,2,2,2	experimental_log_linear_extrapolation	insufficient_effective_reads	experimental_joint_read_delta_method;k_values_are_correlated_not_replicates;requires_independent_reads;model_bias_not_calibrated;catalogue_specificity_not_background_verified;genome_size_treated_as_fixed	1	iid_low_indel	0.0	factorial	171	20.0	NA	NA	1.0068226421571906
6301	condition_002	f024	19.81947541403333	NA	NA	NA	1.0	4,1,1,1	experimental_log_linear_extrapolation	insufficient_effective_reads	experimental_joint_read_delta_method;k_values_are_correlated_not_replicates;requires_independent_reads;model_bias_not_calibrated;catalogue_specificity_not_background_verified;genome_size_treated_as_fixed	1	iid_low_indel	0.02	factorial	171	20.0	NA	NA	-0.009026229298333455
6301	condition_002	f025	93.56301871634416	NA	NA	NA	1.815972308380117	3,3,3,3	experimental_log_linear_extrapolation	insufficient_effective_reads	experimental_joint_read_delta_method;k_values_are_correlated_not_replicates;requires_independent_reads;model_bias_not_calibrated;catalogue_specificity_not_background_verified;genome_size_treated_as_fixed	1	iid_low_indel	0.0	factorial	171	80.0	NA	NA	0.169537733954302
6301	condition_002	f026	49.53290477522797	NA	NA	NA	1.0	2,1,1,1	experimental_log_linear_extrapolation	insufficient_effective_reads	experimental_joint_read_delta_method;k_values_are_correlated_not_replicates;requires_independent_reads;model_bias_not_calibrated;catalogue_specificity_not_background_verified;genome_size_treated_as_fixed	1	iid_low_indel	0.02	factorial	171	80.0	NA	NA	-0.3808386903096504
6301	condition_002	f027	NA	NA	NA	NA	0.0	3,0,0,0	zero_support_at_one_or_more_k_not_absence	no_finite_extrapolation	experimental_joint_read_delta_method;k_values_are_correlated_not_replicates;requires_independent_reads;model_bias_not_calibrated;catalogue_specificity_not_background_verified;genome_size_treated_as_fixed	1	iid_low_indel	0.0	factorial	171	80.0	NA	NA	NA
6301	condition_002	f028	35.33607365881341	NA	NA	NA	1.0	25,1,1,1	experimental_log_linear_extrapolation	insufficient_effective_reads	experimental_joint_read_delta_method;k_values_are_correlated_not_replicates;requires_independent_reads;model_bias_not_calibrated;catalogue_specificity_not_background_verified;genome_size_treated_as_fixed	1	iid_low_indel	0.02	factorial	171	80.0	NA	NA	-0.5582990792648324
6301	condition_002	f029	68.40776500046775	NA	NA	NA	1.0	1,1,1,1	experimental_log_linear_extrapolation	insufficient_effective_reads	experimental_joint_read_delta_method;k_values_are_correlated_not_replicates;requires_independent_reads;model_bias_not_calibrated;catalogue_specificity_not_background_verified;genome_size_treated_as_fixed	1	iid_low_indel	0.0	factorial	171	80.0	NA	NA	-0.14490293749415314
6301	condition_002	f030	165.30557807362396	NA	NA	NA	3.4202659868476575	4,4,4,4	experimental_log_linear_extrapolation	insufficient_effective_reads	experimental_joint_read_delta_method;k_values_are_correlated_not_replicates;requires_independent_reads;model_bias_not_calibrated;catalogue_specificity_not_background_verified;genome_size_treated_as_fixed	1	iid_low_indel	0.02	factorial	171	80.0	NA	NA	1.0663197259202994
6301	condition_002	f031	89.2953058075818	NA	NA	NA	1.604626438364099	9,2,2,2	experimental_log_linear_extrapolation	insufficient_effective_reads	experimental_joint_read_delta_method;k_values_are_correlated_not_replicates;requires_independent_reads;model_bias_not_calibrated;catalogue_specificity_not_background_verified;genome_size_treated_as_fixed	1	iid_low_indel	0.0	factorial	171	200.0	NA	NA	-0.553523470962091
6301	condition_002	f032	NA	NA	NA	NA	0.0	3,0,0,0	zero_support_at_one_or_more_k_not_absence	no_finite_extrapolation	experimental_joint_read_delta_method;k_values_are_correlated_not_replicates;requires_independent_reads;model_bias_not_calibrated;catalogue_specificity_not_background_verified;genome_size_treated_as_fixed	1	iid_low_indel	0.02	factorial	171	200.0	NA	NA	NA
6301	condition_002	f033	130.64890822878843	NA	NA	NA	2.1250766328857686	6,3,3,3	experimental_log_linear_extrapolation	insufficient_effective_reads	experimental_joint_read_delta_method;k_values_are_correlated_not_replicates;requires_independent_reads;model_bias_not_calibrated;catalogue_specificity_not_background_verified;genome_size_treated_as_fixed	1	iid_low_indel	0.0	factorial	171	200.0	NA	NA	-0.34675545885605785
6301	condition_002	f034	179.7428983875159	NA	NA	NA	2.7823552352788177	5,3,3,3	experimental_log_linear_extrapolation	insufficient_effective_reads	experimental_joint_read_delta_method;k_values_are_correlated_not_replicates;requires_independent_reads;model_bias_not_calibrated;catalogue_specificity_not_background_verified;genome_size_treated_as_fixed	1	iid_low_indel	0.02	factorial	171	200.0	NA	NA	-0.10128550806242047
6301	condition_002	f035	267.4378008121813	NA	NA	NA	3.927899973914706	8,5,5,5	experimental_log_linear_extrapolation	insufficient_effective_reads	experimental_joint_read_delta_method;k_values_are_correlated_not_replicates;requires_independent_reads;model_bias_not_calibrated;catalogue_specificity_not_background_verified;genome_size_treated_as_fixed	1	iid_low_indel	0.0	factorial	171	200.0	NA	NA	0.3371890040609065
6301	condition_002	f036	184.0141308927349	NA	NA	NA	2.1573142345046703	3,3,3,3	experimental_log_linear_extrapolation	insufficient_effective_reads	experimental_joint_read_delta_method;k_values_are_correlated_not_replicates;requires_independent_reads;model_bias_not_calibrated;catalogue_specificity_not_background_verified;genome_size_treated_as_fixed	1	iid_low_indel	0.02	factorial	171	200.0	NA	NA	-0.07992934553632551
6301	condition_002	f037	37.67806786055306	NA	NA	NA	1.9930157971149012	5,2,2,2	experimental_log_linear_extrapolation	insufficient_effective_reads	experimental_joint_read_delta_method;k_values_are_correlated_not_replicates;requires_independent_reads;model_bias_not_calibrated;catalogue_specificity_not_background_verified;genome_size_treated_as_fixed	1	iid_low_indel	0.0	factorial	421	20.0	NA	NA	0.8839033930276529
6301	condition_002	f038	48.97172130122027	NA	NA	NA	3.346872612054337	18,4,4,4	experimental_log_linear_extrapolation	insufficient_effective_reads	experimental_joint_read_delta_method;k_values_are_correlated_not_replicates;requires_independent_reads;model_bias_not_calibrated;catalogue_specificity_not_background_verified;genome_size_treated_as_fixed	1	iid_low_indel	0.02	factorial	421	20.0	NA	NA	1.4485860650610136
6301	condition_002	f039	NA	NA	NA	NA	0.0	4,0,0,0	zero_support_at_one_or_more_k_not_absence	no_finite_extrapolation	experimental_joint_read_delta_method;k_values_are_correlated_not_replicates;requires_independent_reads;model_bias_not_calibrated;catalogue_specificity_not_background_verified;genome_size_treated_as_fixed	1	iid_low_indel	0.0	factorial	421	20.0	NA	NA	NA
6301	condition_002	f040	7.046729872590462	NA	NA	NA	1.0	2,1,1,1	experimental_log_linear_extrapolation	insufficient_effective_reads	experimental_joint_read_delta_method;k_values_are_correlated_not_replicates;requires_independent_reads;model_bias_not_calibrated;catalogue_specificity_not_background_verified;genome_size_treated_as_fixed	1	iid_low_indel	0.02	factorial	421	20.0	NA	NA	-0.647663506370477
6301	condition_002	f041	20.74002792854481	NA	NA	NA	1.9104908546527182	3,2,2,2	experimental_log_linear_extrapolation	insufficient_effective_reads	experimental_joint_read_delta_method;k_values_are_correlated_not_replicates;requires_independent_reads;model_bias_not_calibrated;catalogue_specificity_not_background_verified;genome_size_treated_as_fixed	1	iid_low_indel	0.0	factorial	421	20.0	NA	NA	0.03700139642724043
6301	condition_002	f042	29.03463237982704	NA	NA	NA	2.730655085069643	8,3,3,3	experimental_log_linear_extrapolation	insufficient_effective_reads	experimental_joint_read_delta_method;k_values_are_correlated_not_replicates;requires_independent_reads;model_bias_not_calibrated;catalogue_specificity_not_background_verified;genome_size_treated_as_fixed	1	iid_low_indel	0.02	factorial	421	20.0	NA	NA	0.45173161899135206
6301	condition_002	f043	22.772247281922567	NA	NA	NA	1.1533938356313655	11,2,2,2	experimental_log_linear_extrapolation	insufficient_effective_reads	experimental_joint_read_delta_method;k_values_are_correlated_not_replicates;requires_independent_reads;model_bias_not_calibrated;catalogue_specificity_not_background_verified;genome_size_treated_as_fixed	1	iid_low_indel	0.0	factorial	421	80.0	NA	NA	-0.7153469089759679
6301	condition_002	f044	89.98431042297975	NA	NA	NA	2.9899162703196107	9,3,3,3	experimental_log_linear_extrapolation	insufficient_effective_reads	experimental_joint_read_delta_method;k_values_are_correlated_not_replicates;requires_independent_reads;model_bias_not_calibrated;catalogue_specificity_not_background_verified;genome_size_treated_as_fixed	1	iid_low_indel	0.02	factorial	421	80.0	NA	NA	0.12480388028724683
6301	condition_002	f045	62.98538402622662	NA	NA	NA	1.953744661967902	2,2,2,2	experimental_log_linear_extrapolation	insufficient_effective_reads	experimental_joint_read_delta_method;k_values_are_correlated_not_replicates;requires_independent_reads;model_bias_not_calibrated;catalogue_specificity_not_background_verified;genome_size_treated_as_fixed	1	iid_low_indel	0.0	factorial	421	80.0	NA	NA	-0.21268269967216727
6301	condition_002	f046	54.02218505967028	NA	NA	NA	2.009337614222782	13,3,3,3	experimental_log_linear_extrapolation	insufficient_effective_reads	experimental_joint_read_delta_method;k_values_are_correlated_not_replicates;requires_independent_reads;model_bias_not_calibrated;catalogue_specificity_not_background_verified;genome_size_treated_as_fixed	1	iid_low_indel	0.02	factorial	421	80.0	NA	NA	-0.3247226867541215
6301	condition_002	f047	120.4292152860033	NA	NA	NA	5.2969812810644346	7,6,6,6	experimental_log_linear_extrapolation	insufficient_effective_reads	experimental_joint_read_delta_method;k_values_are_correlated_not_replicates;requires_independent_reads;model_bias_not_calibrated;catalogue_specificity_not_background_verified;genome_size_treated_as_fixed	1	iid_low_indel	0.0	factorial	421	80.0	NA	NA	0.5053651910750412
6301	condition_002	f048	51.03146919492659	NA	NA	NA	1.999403779257128	3,3,3,3	experimental_log_linear_extrapolation	insufficient_effective_reads	experimental_joint_read_delta_method;k_values_are_correlated_not_replicates;requires_independent_reads;model_bias_not_calibrated;catalogue_specificity_not_background_verified;genome_size_treated_as_fixed	1	iid_low_indel	0.02	factorial	421	80.0	NA	NA	-0.36210663506341756
6301	condition_002	f049	319.27645891055386	NA	NA	NA	10.98908327177382	21,14,14,14	experimental_log_linear_extrapolation	insufficient_effective_reads	experimental_joint_read_delta_method;k_values_are_correlated_not_replicates;requires_independent_reads;model_bias_not_calibrated;catalogue_specificity_not_background_verified;genome_size_treated_as_fixed	1	iid_low_indel	0.0	factorial	421	200.0	NA	NA	0.5963822945527693
6301	condition_002	f050	165.48401169639757	NA	NA	NA	4.777650294227923	10,5,5,5	experimental_log_linear_extrapolation	insufficient_effective_reads	experimental_joint_read_delta_method;k_values_are_correlated_not_replicates;requires_independent_reads;model_bias_not_calibrated;catalogue_specificity_not_background_verified;genome_size_treated_as_fixed	1	iid_low_indel	0.02	factorial	421	200.0	NA	NA	-0.17257994151801215
6301	condition_002	f051	41.732243144609285	NA	NA	NA	1.5329981109711275	5,2,2,2	experimental_log_linear_extrapolation	insufficient_effective_reads	experimental_joint_read_delta_method;k_values_are_correlated_not_replicates;requires_independent_reads;model_bias_not_calibrated;catalogue_specificity_not_background_verified;genome_size_treated_as_fixed	1	iid_low_indel	0.0	factorial	421	200.0	NA	NA	-0.7913387842769535
6301	condition_002	f052	236.6495282453575	NA	NA	NA	7.956941678558852	13,9,9,9	experimental_log_linear_extrapolation	insufficient_effective_reads	experimental_joint_read_delta_method;k_values_are_correlated_not_replicates;requires_independent_reads;model_bias_not_calibrated;catalogue_specificity_not_background_verified;genome_size_treated_as_fixed	1	iid_low_indel	0.02	factorial	421	200.0	NA	NA	0.18324764122678744
6301	condition_002	f053	231.30124427967507	NA	NA	NA	6.639348374129191	7,7,7,7	experimental_log_linear_extrapolation	insufficient_effective_reads	experimental_joint_read_delta_method;k_values_are_correlated_not_replicates;requires_independent_reads;model_bias_not_calibrated;catalogue_specificity_not_background_verified;genome_size_treated_as_fixed	1	iid_low_indel	0.0	factorial	421	200.0	NA	NA	0.15650622139837536
6301	condition_002	f054	273.29207513154137	NA	NA	NA	9.890904149303005	18,11,11,11	experimental_log_linear_extrapolation	insufficient_effective_reads	experimental_joint_read_delta_method;k_values_are_correlated_not_replicates;requires_independent_reads;model_bias_not_calibrated;catalogue_specificity_not_background_verified;genome_size_treated_as_fixed	1	iid_low_indel	0.02	factorial	421	200.0	NA	NA	0.36646037565770684
6301	condition_002	megabase_171	4849.375720059628	0.015666157996802915	3794.4217227986373	6197.636054265181	58.51740727152988	61,60,60,60	experimental_log_linear_extrapolation	approximate_95pct_joint_read_log_normal	experimental_joint_read_delta_method;k_values_are_correlated_not_replicates;requires_independent_reads;model_bias_not_calibrated;catalogue_specificity_not_background_verified;genome_size_treated_as_fixed	1	iid_low_indel	0.01	megabase	171	6000.0	True	0.4005357219110906	-0.1917707133233953
6301	condition_003	f001	62.73023060875141	NA	NA	NA	2.9351050225041124	8,3,3,3	experimental_log_linear_extrapolation	insufficient_effective_reads	experimental_joint_read_delta_method;k_values_are_correlated_not_replicates;requires_independent_reads;model_bias_not_calibrated;catalogue_specificity_not_background_verified;genome_size_treated_as_fixed	1	iid_high_indel	0.0	factorial	61	20.0	NA	NA	2.136511530437571
6301	condition_003	f002	NA	NA	NA	NA	0.0	5,0,0,0	zero_support_at_one_or_more_k_not_absence	no_finite_extrapolation	experimental_joint_read_delta_method;k_values_are_correlated_not_replicates;requires_independent_reads;model_bias_not_calibrated;catalogue_specificity_not_background_verified;genome_size_treated_as_fixed	1	iid_high_indel	0.02	factorial	61	20.0	NA	NA	NA
6301	condition_003	f003	109.03162236529775	NA	NA	NA	5.421787572723917	6,6,6,6	experimental_log_linear_extrapolation	insufficient_effective_reads	experimental_joint_read_delta_method;k_values_are_correlated_not_replicates;requires_independent_reads;model_bias_not_calibrated;catalogue_specificity_not_background_verified;genome_size_treated_as_fixed	1	iid_high_indel	0.0	factorial	61	20.0	NA	NA	4.451581118264888
6301	condition_003	f004	NA	NA	NA	NA	0.0	1,0,0,0	zero_support_at_one_or_more_k_not_absence	no_finite_extrapolation	experimental_joint_read_delta_method;k_values_are_correlated_not_replicates;requires_independent_reads;model_bias_not_calibrated;catalogue_specificity_not_background_verified;genome_size_treated_as_fixed	1	iid_high_indel	0.02	factorial	61	20.0	NA	NA	NA
6301	condition_003	f005	19.976739200237443	NA	NA	NA	1.0	1,1,1,1	experimental_log_linear_extrapolation	insufficient_effective_reads	experimental_joint_read_delta_method;k_values_are_correlated_not_replicates;requires_independent_reads;model_bias_not_calibrated;catalogue_specificity_not_background_verified;genome_size_treated_as_fixed	1	iid_high_indel	0.0	factorial	61	20.0	NA	NA	-0.0011630399881278563
6301	condition_003	f006	NA	NA	NA	NA	0.0	0,0,0,0	zero_support_at_one_or_more_k_not_absence	no_finite_extrapolation	experimental_joint_read_delta_method;k_values_are_correlated_not_replicates;requires_independent_reads;model_bias_not_calibrated;catalogue_specificity_not_background_verified;genome_size_treated_as_fixed	1	iid_high_indel	0.02	factorial	61	20.0	NA	NA	NA
6301	condition_003	f007	71.1996182507157	NA	NA	NA	1.0	3,1,1,1	experimental_log_linear_extrapolation	insufficient_effective_reads	experimental_joint_read_delta_method;k_values_are_correlated_not_replicates;requires_independent_reads;model_bias_not_calibrated;catalogue_specificity_not_background_verified;genome_size_treated_as_fixed	1	iid_high_indel	0.0	factorial	61	80.0	NA	NA	-0.11000477186605373
6301	condition_003	f008	107.38554332820611	NA	NA	NA	1.9941410002383457	4,2,2,2	experimental_log_linear_extrapolation	insufficient_effective_reads	experimental_joint_read_delta_method;k_values_are_correlated_not_replicates;requires_independent_reads;model_bias_not_calibrated;catalogue_specificity_not_background_verified;genome_size_treated_as_fixed	1	iid_high_indel	0.02	factorial	61	80.0	NA	NA	0.3423192916025764
6301	condition_003	f009	57.593517000089676	NA	NA	NA	1.0	1,1,1,1	experimental_log_linear_extrapolation	insufficient_effective_reads	experimental_joint_read_delta_method;k_values_are_correlated_not_replicates;requires_independent_reads;model_bias_not_calibrated;catalogue_specificity_not_background_verified;genome_size_treated_as_fixed	1	iid_high_indel	0.0	factorial	61	80.0	NA	NA	-0.280081037498879
6301	condition_003	f010	185.05122576656737	NA	NA	NA	2.5666592288511714	4,4,4,4	experimental_log_linear_extrapolation	insufficient_effective_reads	experimental_joint_read_delta_method;k_values_are_correlated_not_replicates;requires_independent_reads;model_bias_not_calibrated;catalogue_specificity_not_background_verified;genome_size_treated_as_fixed	1	iid_high_indel	0.02	factorial	61	80.0	NA	NA	1.313140322082092
6301	condition_003	f011	87.53802860506994	NA	NA	NA	1.9612028822369927	3,2,2,2	experimental_log_linear_extrapolation	insufficient_effective_reads	experimental_joint_read_delta_method;k_values_are_correlated_not_replicates;requires_independent_reads;model_bias_not_calibrated;catalogue_specificity_not_background_verified;genome_size_treated_as_fixed	1	iid_high_indel	0.0	factorial	61	80.0	NA	NA	0.09422535756337425
6301	condition_003	f012	67.93186824126043	NA	NA	NA	1.1950543369301545	2,2,2,2	experimental_log_linear_extrapolation	insufficient_effective_reads	experimental_joint_read_delta_method;k_values_are_correlated_not_replicates;requires_independent_reads;model_bias_not_calibrated;catalogue_specificity_not_background_verified;genome_size_treated_as_fixed	1	iid_high_indel	0.02	factorial	61	80.0	NA	NA	-0.1508516469842446
6301	condition_003	f013	100.37091147152404	NA	NA	NA	1.968756193584851	3,2,2,2	experimental_log_linear_extrapolation	insufficient_effective_reads	experimental_joint_read_delta_method;k_values_are_correlated_not_replicates;requires_independent_reads;model_bias_not_calibrated;catalogue_specificity_not_background_verified;genome_size_treated_as_fixed	1	iid_high_indel	0.0	factorial	61	200.0	NA	NA	-0.4981454426423798
6301	condition_003	f014	NA	NA	NA	NA	0.0	0,0,0,0	zero_support_at_one_or_more_k_not_absence	no_finite_extrapolation	experimental_joint_read_delta_method;k_values_are_correlated_not_replicates;requires_independent_reads;model_bias_not_calibrated;catalogue_specificity_not_background_verified;genome_size_treated_as_fixed	1	iid_high_indel	0.02	factorial	61	200.0	NA	NA	NA
6301	condition_003	f015	56.64294380114827	NA	NA	NA	1.0	2,1,1,1	experimental_log_linear_extrapolation	insufficient_effective_reads	experimental_joint_read_delta_method;k_values_are_correlated_not_replicates;requires_independent_reads;model_bias_not_calibrated;catalogue_specificity_not_background_verified;genome_size_treated_as_fixed	1	iid_high_indel	0.0	factorial	61	200.0	NA	NA	-0.7167852809942586
6301	condition_003	f016	113.28565649142507	NA	NA	NA	1.0	4,1,1,1	experimental_log_linear_extrapolation	insufficient_effective_reads	experimental_joint_read_delta_method;k_values_are_correlated_not_replicates;requires_independent_reads;model_bias_not_calibrated;catalogue_specificity_not_background_verified;genome_size_treated_as_fixed	1	iid_high_indel	0.02	factorial	61	200.0	NA	NA	-0.43357171754287466
6301	condition_003	f017	NA	NA	NA	NA	0.0	0,0,0,0	zero_support_at_one_or_more_k_not_absence	no_finite_extrapolation	experimental_joint_read_delta_method;k_values_are_correlated_not_replicates;requires_independent_reads;model_bias_not_calibrated;catalogue_specificity_not_background_verified;genome_size_treated_as_fixed	1	iid_high_indel	0.0	factorial	61	200.0	NA	NA	NA
6301	condition_003	f018	243.62658768042527	NA	NA	NA	1.810717090064888	4,2,2,2	experimental_log_linear_extrapolation	insufficient_effective_reads	experimental_joint_read_delta_method;k_values_are_correlated_not_replicates;requires_independent_reads;model_bias_not_calibrated;catalogue_specificity_not_background_verified;genome_size_treated_as_fixed	1	iid_high_indel	0.02	factorial	61	200.0	NA	NA	0.21813293840212636
6301	condition_003	f019	NA	NA	NA	NA	0.0	1,0,0,0	zero_support_at_one_or_more_k_not_absence	no_finite_extrapolation	experimental_joint_read_delta_method;k_values_are_correlated_not_replicates;requires_independent_reads;model_bias_not_calibrated;catalogue_specificity_not_background_verified;genome_size_treated_as_fixed	1	iid_high_indel	0.0	factorial	171	20.0	NA	NA	NA
6301	condition_003	f020	41.16171470864381	NA	NA	NA	1.9344091000428074	5,2,2,2	experimental_log_linear_extrapolation	insufficient_effective_reads	experimental_joint_read_delta_method;k_values_are_correlated_not_replicates;requires_independent_reads;model_bias_not_calibrated;catalogue_specificity_not_background_verified;genome_size_treated_as_fixed	1	iid_high_indel	0.02	factorial	171	20.0	NA	NA	1.0580857354321904
6301	condition_003	f021	39.126988634137575	NA	NA	NA	1.9870414421601894	2,2,2,2	experimental_log_linear_extrapolation	insufficient_effective_reads	experimental_joint_read_delta_method;k_values_are_correlated_not_replicates;requires_independent_reads;model_bias_not_calibrated;catalogue_specificity_not_background_verified;genome_size_treated_as_fixed	1	iid_high_indel	0.0	factorial	171	20.0	NA	NA	0.9563494317068788
6301	condition_003	f022	55.307920143645426	NA	NA	NA	2.878899925392052	6,3,3,3	experimental_log_linear_extrapolation	insufficient_effective_reads	experimental_joint_read_delta_method;k_values_are_correlated_not_replicates;requires_independent_reads;model_bias_not_calibrated;catalogue_specificity_not_background_verified;genome_size_treated_as_fixed	1	iid_high_indel	0.02	factorial	171	20.0	NA	NA	1.7653960071822712
6301	condition_003	f023	39.83454868711259	NA	NA	NA	1.996562100048076	2,2,2,2	experimental_log_linear_extrapolation	insufficient_effective_reads	experimental_joint_read_delta_method;k_values_are_correlated_not_replicates;requires_independent_reads;model_bias_not_calibrated;catalogue_specificity_not_background_verified;genome_size_treated_as_fixed	1	iid_high_indel	0.0	factorial	171	20.0	NA	NA	0.9917274343556294
6301	condition_003	f024	21.087520521951944	NA	NA	NA	1.0	3,1,1,1	experimental_log_linear_extrapolation	insufficient_effective_reads	experimental_joint_read_delta_method;k_values_are_correlated_not_replicates;requires_independent_reads;model_bias_not_calibrated;catalogue_specificity_not_background_verified;genome_size_treated_as_fixed	1	iid_high_indel	0.02	factorial	171	20.0	NA	NA	0.054376026097597216
6301	condition_003	f025	94.89384853515936	NA	NA	NA	1.8101820144021317	5,3,3,3	experimental_log_linear_extrapolation	insufficient_effective_reads	experimental_joint_read_delta_method;k_values_are_correlated_not_replicates;requires_independent_reads;model_bias_not_calibrated;catalogue_specificity_not_background_verified;genome_size_treated_as_fixed	1	iid_high_indel	0.0	factorial	171	80.0	NA	NA	0.18617310668949205
6301	condition_003	f026	50.36673140400511	NA	NA	NA	1.0	2,1,1,1	experimental_log_linear_extrapolation	insufficient_effective_reads	experimental_joint_read_delta_method;k_values_are_correlated_not_replicates;requires_independent_reads;model_bias_not_calibrated;catalogue_specificity_not_background_verified;genome_size_treated_as_fixed	1	iid_high_indel	0.02	factorial	171	80.0	NA	NA	-0.37041585744993616
6301	condition_003	f027	NA	NA	NA	NA	0.0	4,0,0,0	zero_support_at_one_or_more_k_not_absence	no_finite_extrapolation	experimental_joint_read_delta_method;k_values_are_correlated_not_replicates;requires_independent_reads;model_bias_not_calibrated;catalogue_specificity_not_background_verified;genome_size_treated_as_fixed	1	iid_high_indel	0.0	factorial	171	80.0	NA	NA	NA
6301	condition_003	f028	35.30828223683912	NA	NA	NA	1.0	32,1,1,1	experimental_log_linear_extrapolation	insufficient_effective_reads	experimental_joint_read_delta_method;k_values_are_correlated_not_replicates;requires_independent_reads;model_bias_not_calibrated;catalogue_specificity_not_background_verified;genome_size_treated_as_fixed	1	iid_high_indel	0.02	factorial	171	80.0	NA	NA	-0.558646472039511
6301	condition_003	f029	69.91944652604359	NA	NA	NA	1.0	1,1,1,1	experimental_log_linear_extrapolation	insufficient_effective_reads	experimental_joint_read_delta_method;k_values_are_correlated_not_replicates;requires_independent_reads;model_bias_not_calibrated;catalogue_specificity_not_background_verified;genome_size_treated_as_fixed	1	iid_high_indel	0.0	factorial	171	80.0	NA	NA	-0.12600691842445516
6301	condition_003	f030	166.33743096782905	NA	NA	NA	3.435380329507235	5,4,4,4	experimental_log_linear_extrapolation	insufficient_effective_reads	experimental_joint_read_delta_method;k_values_are_correlated_not_replicates;requires_independent_reads;model_bias_not_calibrated;catalogue_specificity_not_background_verified;genome_size_treated_as_fixed	1	iid_high_indel	0.02	factorial	171	80.0	NA	NA	1.079217887097863
6301	condition_003	f031	92.00922794782902	NA	NA	NA	1.6003140179389952	11,2,2,2	experimental_log_linear_extrapolation	insufficient_effective_reads	experimental_joint_read_delta_method;k_values_are_correlated_not_replicates;requires_independent_reads;model_bias_not_calibrated;catalogue_specificity_not_background_verified;genome_size_treated_as_fixed	1	iid_high_indel	0.0	factorial	171	200.0	NA	NA	-0.5399538602608549
6301	condition_003	f032	NA	NA	NA	NA	0.0	2,0,0,0	zero_support_at_one_or_more_k_not_absence	no_finite_extrapolation	experimental_joint_read_delta_method;k_values_are_correlated_not_replicates;requires_independent_reads;model_bias_not_calibrated;catalogue_specificity_not_background_verified;genome_size_treated_as_fixed	1	iid_high_indel	0.02	factorial	171	200.0	NA	NA	NA
6301	condition_003	f033	131.96775211712887	NA	NA	NA	2.1056678701896776	5,3,3,3	experimental_log_linear_extrapolation	insufficient_effective_reads	experimental_joint_read_delta_method;k_values_are_correlated_not_replicates;requires_independent_reads;model_bias_not_calibrated;catalogue_specificity_not_background_verified;genome_size_treated_as_fixed	1	iid_high_indel	0.0	factorial	171	200.0	NA	NA	-0.34016123941435567
6301	condition_003	f034	183.53384313382105	NA	NA	NA	2.860612156365897	6,3,3,3	experimental_log_linear_extrapolation	insufficient_effective_reads	experimental_joint_read_delta_method;k_values_are_correlated_not_replicates;requires_independent_reads;model_bias_not_calibrated;catalogue_specificity_not_background_verified;genome_size_treated_as_fixed	1	iid_high_indel	0.02	factorial	171	200.0	NA	NA	-0.08233078433089475
6301	condition_003	f035	269.4072722812827	NA	NA	NA	3.8515968262382434	6,5,5,5	experimental_log_linear_extrapolation	insufficient_effective_reads	experimental_joint_read_delta_method;k_values_are_correlated_not_replicates;requires_independent_reads;model_bias_not_calibrated;catalogue_specificity_not_background_verified;genome_size_treated_as_fixed	1	iid_high_indel	0.0	factorial	171	200.0	NA	NA	0.34703636140641353
6301	condition_003	f036	187.45066956810885	NA	NA	NA	2.181014008310129	5,3,3,3	experimental_log_linear_extrapolation	insufficient_effective_reads	experimental_joint_read_delta_method;k_values_are_correlated_not_replicates;requires_independent_reads;model_bias_not_calibrated;catalogue_specificity_not_background_verified;genome_size_treated_as_fixed	1	iid_high_indel	0.02	factorial	171	200.0	NA	NA	-0.06274665215945575
6301	condition_003	f037	37.77903266482676	NA	NA	NA	1.9974177188950026	4,2,2,2	experimental_log_linear_extrapolation	insufficient_effective_reads	experimental_joint_read_delta_method;k_values_are_correlated_not_replicates;requires_independent_reads;model_bias_not_calibrated;catalogue_specificity_not_background_verified;genome_size_treated_as_fixed	1	iid_high_indel	0.0	factorial	421	20.0	NA	NA	0.8889516332413379
6301	condition_003	f038	49.097000786391725	NA	NA	NA	3.4670415473234066	15,4,4,4	experimental_log_linear_extrapolation	insufficient_effective_reads	experimental_joint_read_delta_method;k_values_are_correlated_not_replicates;requires_independent_reads;model_bias_not_calibrated;catalogue_specificity_not_background_verified;genome_size_treated_as_fixed	1	iid_high_indel	0.02	factorial	421	20.0	NA	NA	1.4548500393195862
6301	condition_003	f039	NA	NA	NA	NA	0.0	6,0,0,0	zero_support_at_one_or_more_k_not_absence	no_finite_extrapolation	experimental_joint_read_delta_method;k_values_are_correlated_not_replicates;requires_independent_reads;model_bias_not_calibrated;catalogue_specificity_not_background_verified;genome_size_treated_as_fixed	1	iid_high_indel	0.0	factorial	421	20.0	NA	NA	NA
6301	condition_003	f040	6.496482159899424	NA	NA	NA	1.0	1,1,1,1	experimental_log_linear_extrapolation	insufficient_effective_reads	experimental_joint_read_delta_method;k_values_are_correlated_not_replicates;requires_independent_reads;model_bias_not_calibrated;catalogue_specificity_not_background_verified;genome_size_treated_as_fixed	1	iid_high_indel	0.02	factorial	421	20.0	NA	NA	-0.6751758920050288
6301	condition_003	f041	21.147485945214076	NA	NA	NA	1.925897421380287	4,2,2,2	experimental_log_linear_extrapolation	insufficient_effective_reads	experimental_joint_read_delta_method;k_values_are_correlated_not_replicates;requires_independent_reads;model_bias_not_calibrated;catalogue_specificity_not_background_verified;genome_size_treated_as_fixed	1	iid_high_indel	0.0	factorial	421	20.0	NA	NA	0.057374297260703776
6301	condition_003	f042	29.127901812635038	NA	NA	NA	2.848169633679191	7,3,3,3	experimental_log_linear_extrapolation	insufficient_effective_reads	experimental_joint_read_delta_method;k_values_are_correlated_not_replicates;requires_independent_reads;model_bias_not_calibrated;catalogue_specificity_not_background_verified;genome_size_treated_as_fixed	1	iid_high_indel	0.02	factorial	421	20.0	NA	NA	0.4563950906317519
6301	condition_003	f043	23.579580524459924	NA	NA	NA	1.1406467261430182	13,2,2,2	experimental_log_linear_extrapolation	insufficient_effective_reads	experimental_joint_read_delta_method;k_values_are_correlated_not_replicates;requires_independent_reads;model_bias_not_calibrated;catalogue_specificity_not_background_verified;genome_size_treated_as_fixed	1	iid_high_indel	0.0	factorial	421	80.0	NA	NA	-0.705255243444251
6301	condition_003	f044	90.57358250876766	NA	NA	NA	2.9832827661684673	10,3,3,3	experimental_log_linear_extrapolation	insufficient_effective_reads	experimental_joint_read_delta_method;k_values_are_correlated_not_replicates;requires_independent_reads;model_bias_not_calibrated;catalogue_specificity_not_background_verified;genome_size_treated_as_fixed	1	iid_high_indel	0.02	factorial	421	80.0	NA	NA	0.13216978135959573
6301	condition_003	f045	64.77457325455742	NA	NA	NA	1.9387369820754345	3,2,2,2	experimental_log_linear_extrapolation	insufficient_effective_reads	experimental_joint_read_delta_method;k_values_are_correlated_not_replicates;requires_independent_reads;model_bias_not_calibrated;catalogue_specificity_not_background_verified;genome_size_treated_as_fixed	1	iid_high_indel	0.0	factorial	421	80.0	NA	NA	-0.1903178343180322
6301	condition_003	f046	53.968538028128755	NA	NA	NA	2.005926787984549	11,3,3,3	experimental_log_linear_extrapolation	insufficient_effective_reads	experimental_joint_read_delta_method;k_values_are_correlated_not_replicates;requires_independent_reads;model_bias_not_calibrated;catalogue_specificity_not_background_verified;genome_size_treated_as_fixed	1	iid_high_indel	0.02	factorial	421	80.0	NA	NA	-0.3253932746483906
6301	condition_003	f047	122.49608548555035	NA	NA	NA	5.260669693259317	7,6,6,6	experimental_log_linear_extrapolation	insufficient_effective_reads	experimental_joint_read_delta_method;k_values_are_correlated_not_replicates;requires_independent_reads;model_bias_not_calibrated;catalogue_specificity_not_background_verified;genome_size_treated_as_fixed	1	iid_high_indel	0.0	factorial	421	80.0	NA	NA	0.5312010685693794
6301	condition_003	f048	51.57906513523854	NA	NA	NA	1.952037539569591	4,3,3,3	experimental_log_linear_extrapolation	insufficient_effective_reads	experimental_joint_read_delta_method;k_values_are_correlated_not_replicates;requires_independent_reads;model_bias_not_calibrated;catalogue_specificity_not_background_verified;genome_size_treated_as_fixed	1	iid_high_indel	0.02	factorial	421	80.0	NA	NA	-0.3552616858095183
6301	condition_003	f049	322.2579309432722	NA	NA	NA	10.797402946712475	22,14,14,14	experimental_log_linear_extrapolation	insufficient_effective_reads	experimental_joint_read_delta_method;k_values_are_correlated_not_replicates;requires_independent_reads;model_bias_not_calibrated;catalogue_specificity_not_background_verified;genome_size_treated_as_fixed	1	iid_high_indel	0.0	factorial	421	200.0	NA	NA	0.6112896547163609
6301	condition_003	f050	167.35382974555986	NA	NA	NA	4.745083163514873	12,5,5,5	experimental_log_linear_extrapolation	insufficient_effective_reads	experimental_joint_read_delta_method;k_values_are_correlated_not_replicates;requires_independent_reads;model_bias_not_calibrated;catalogue_specificity_not_background_verified;genome_size_treated_as_fixed	1	iid_high_indel	0.02	factorial	421	200.0	NA	NA	-0.1632308512722007
6301	condition_003	f051	42.1351067957136	NA	NA	NA	1.5397092956321246	8,2,2,2	experimental_log_linear_extrapolation	insufficient_effective_reads	experimental_joint_read_delta_method;k_values_are_correlated_not_replicates;requires_independent_reads;model_bias_not_calibrated;catalogue_specificity_not_background_verified;genome_size_treated_as_fixed	1	iid_high_indel	0.0	factorial	421	200.0	NA	NA	-0.789324466021432
6301	condition_003	f052	237.58825084446892	NA	NA	NA	7.820461009345666	13,9,9,9	experimental_log_linear_extrapolation	insufficient_effective_reads	experimental_joint_read_delta_method;k_values_are_correlated_not_replicates;requires_independent_reads;model_bias_not_calibrated;catalogue_specificity_not_background_verified;genome_size_treated_as_fixed	1	iid_high_indel	0.02	factorial	421	200.0	NA	NA	0.1879412542223446
6301	condition_003	f053	234.81432487873565	NA	NA	NA	6.623627056804614	7,7,7,7	experimental_log_linear_extrapolation	insufficient_effective_reads	experimental_joint_read_delta_method;k_values_are_correlated_not_replicates;requires_independent_reads;model_bias_not_calibrated;catalogue_specificity_not_background_verified;genome_size_treated_as_fixed	1	iid_high_indel	0.0	factorial	421	200.0	NA	NA	0.17407162439367824
6301	condition_003	f054	278.41104249604024	NA	NA	NA	9.739695282693202	18,11,11,11	experimental_log_linear_extrapolation	insufficient_effective_reads	experimental_joint_read_delta_method;k_values_are_correlated_not_replicates;requires_independent_reads;model_bias_not_calibrated;catalogue_specificity_not_background_verified;genome_size_treated_as_fixed	1	iid_high_indel	0.02	factorial	421	200.0	NA	NA	0.3920552124802012
6301	condition_003	megabase_171	4903.9381509578425	0.01566607271883002	3837.1169704147565	6267.364162688112	58.41046954953843	62,60,60,60	experimental_log_linear_extrapolation	approximate_95pct_joint_read_log_normal	experimental_joint_read_delta_method;k_values_are_correlated_not_replicates;requires_independent_reads;model_bias_not_calibrated;catalogue_specificity_not_background_verified;genome_size_treated_as_fixed	1	iid_high_indel	0.01	megabase	171	6000.0	True	0.4050411987122259	-0.18267697484035958
6301	condition_004	f001	20.12957954046253	NA	NA	NA	5.0	22,5,5,5	experimental_log_linear_extrapolation	insufficient_effective_reads	experimental_joint_read_delta_method;k_values_are_correlated_not_replicates;requires_independent_reads;model_bias_not_calibrated;catalogue_specificity_not_background_verified;genome_size_treated_as_fixed	5	error_free	0.0	factorial	61	20.0	NA	NA	0.006478977023126475
6301	condition_004	f002	28.41393208451275	NA	NA	NA	7.157134921501483	18,8,8,8	experimental_log_linear_extrapolation	insufficient_effective_reads	experimental_joint_read_delta_method;k_values_are_correlated_not_replicates;requires_independent_reads;model_bias_not_calibrated;catalogue_specificity_not_background_verified;genome_size_treated_as_fixed	5	error_free	0.02	factorial	61	20.0	NA	NA	0.4206966042256376
6301	condition_004	f003	37.52062899120467	NA	NA	NA	9.590108863916964	10,10,10,10	experimental_log_linear_extrapolation	insufficient_effective_reads	experimental_joint_read_delta_method;k_values_are_correlated_not_replicates;requires_independent_reads;model_bias_not_calibrated;catalogue_specificity_not_background_verified;genome_size_treated_as_fixed	5	error_free	0.0	factorial	61	20.0	NA	NA	0.8760314495602334
6301	condition_004	f004	4.305526004793758	NA	NA	NA	1.0	1,1,1,1	experimental_log_linear_extrapolation	insufficient_effective_reads	experimental_joint_read_delta_method;k_values_are_correlated_not_replicates;requires_independent_reads;model_bias_not_calibrated;catalogue_specificity_not_background_verified;genome_size_treated_as_fixed	5	error_free	0.02	factorial	61	20.0	NA	NA	-0.7847236997603121
6301	condition_004	f005	22.978459551651266	NA	NA	NA	5.933085962508858	6,6,6,6	experimental_log_linear_extrapolation	insufficient_effective_reads	experimental_joint_read_delta_method;k_values_are_correlated_not_replicates;requires_independent_reads;model_bias_not_calibrated;catalogue_specificity_not_background_verified;genome_size_treated_as_fixed	5	error_free	0.0	factorial	61	20.0	NA	NA	0.1489229775825633
6301	condition_004	f006	16.88405320827334	NA	NA	NA	4.259770073941206	7,5,5,5	experimental_log_linear_extrapolation	insufficient_effective_reads	experimental_joint_read_delta_method;k_values_are_correlated_not_replicates;requires_independent_reads;model_bias_not_calibrated;catalogue_specificity_not_background_verified;genome_size_treated_as_fixed	5	error_free	0.02	factorial	61	20.0	NA	NA	-0.15579733958633302
6301	condition_004	f007	80.19259025993784	NA	NA	NA	5.305018431616031	10,6,6,6	experimental_log_linear_extrapolation	insufficient_effective_reads	experimental_joint_read_delta_method;k_values_are_correlated_not_replicates;requires_independent_reads;model_bias_not_calibrated;catalogue_specificity_not_background_verified;genome_size_treated_as_fixed	5	error_free	0.0	factorial	61	80.0	NA	NA	0.002407378249223058
6301	condition_004	f008	101.5295992747507	NA	NA	NA	6.798859311319017	23,7,7,7	experimental_log_linear_extrapolation	insufficient_effective_reads	experimental_joint_read_delta_method;k_values_are_correlated_not_replicates;requires_independent_reads;model_bias_not_calibrated;catalogue_specificity_not_background_verified;genome_size_treated_as_fixed	5	error_free	0.02	factorial	61	80.0	NA	NA	0.26911999093438366
6301	condition_004	f009	66.89113619107053	NA	NA	NA	4.676663441272707	5,5,5,5	experimental_log_linear_extrapolation	insufficient_effective_reads	experimental_joint_read_delta_method;k_values_are_correlated_not_replicates;requires_independent_reads;model_bias_not_calibrated;catalogue_specificity_not_background_verified;genome_size_treated_as_fixed	5	error_free	0.0	factorial	61	80.0	NA	NA	-0.16386079761161837
6301	condition_004	f010	100.74451168524993	NA	NA	NA	6.702757777446311	9,9,9,9	experimental_log_linear_extrapolation	insufficient_effective_reads	experimental_joint_read_delta_method;k_values_are_correlated_not_replicates;requires_independent_reads;model_bias_not_calibrated;catalogue_specificity_not_background_verified;genome_size_treated_as_fixed	5	error_free	0.02	factorial	61	80.0	NA	NA	0.25930639606562417
6301	condition_004	f011	31.734090342753163	NA	NA	NA	3.6709711809372685	11,4,4,4	experimental_log_linear_extrapolation	insufficient_effective_reads	experimental_joint_read_delta_method;k_values_are_correlated_not_replicates;requires_independent_reads;model_bias_not_calibrated;catalogue_specificity_not_background_verified;genome_size_treated_as_fixed	5	error_free	0.0	factorial	61	80.0	NA	NA	-0.6033238707155855
6301	condition_004	f012	103.42698411257307	NA	NA	NA	7.117324630721939	12,9,9,9	experimental_log_linear_extrapolation	insufficient_effective_reads	experimental_joint_read_delta_method;k_values_are_correlated_not_replicates;requires_independent_reads;model_bias_not_calibrated;catalogue_specificity_not_background_verified;genome_size_treated_as_fixed	5	error_free	0.02	factorial	61	80.0	NA	NA	0.29283730140716335
6301	condition_004	f013	128.95907347347327	NA	NA	NA	5.974110206543033	21,7,7,7	experimental_log_linear_extrapolation	insufficient_effective_reads	experimental_joint_read_delta_method;k_values_are_correlated_not_replicates;requires_independent_reads;model_bias_not_calibrated;catalogue_specificity_not_background_verified;genome_size_treated_as_fixed	5	error_free	0.0	factorial	61	200.0	NA	NA	-0.3552046326326337
6301	condition_004	f014	142.01719618948127	NA	NA	NA	5.758239199463298	11,8,8,8	experimental_log_linear_extrapolation	insufficient_effective_reads	experimental_joint_read_delta_method;k_values_are_correlated_not_replicates;requires_independent_reads;model_bias_not_calibrated;catalogue_specificity_not_background_verified;genome_size_treated_as_fixed	5	error_free	0.02	factorial	61	200.0	NA	NA	-0.2899140190525937
6301	condition_004	f015	142.66543067177017	NA	NA	NA	5.247292608227608	12,9,9,9	experimental_log_linear_extrapolation	insufficient_effective_reads	experimental_joint_read_delta_method;k_values_are_correlated_not_replicates;requires_independent_reads;model_bias_not_calibrated;catalogue_specificity_not_background_verified;genome_size_treated_as_fixed	5	error_free	0.0	factorial	61	200.0	NA	NA	-0.28667284664114917
6301	condition_004	f016	253.56640870425258	NA	NA	NA	8.846531141560106	21,10,10,10	experimental_log_linear_extrapolation	insufficient_effective_reads	experimental_joint_read_delta_method;k_values_are_correlated_not_replicates;requires_independent_reads;model_bias_not_calibrated;catalogue_specificity_not_background_verified;genome_size_treated_as_fixed	5	error_free	0.02	factorial	61	200.0	NA	NA	0.2678320435212629
6301	condition_004	f017	170.33745136561356	NA	NA	NA	6.209271844721721	8,8,8,8	experimental_log_linear_extrapolation	insufficient_effective_reads	experimental_joint_read_delta_method;k_values_are_correlated_not_replicates;requires_independent_reads;model_bias_not_calibrated;catalogue_specificity_not_background_verified;genome_size_treated_as_fixed	5	error_free	0.0	factorial	61	200.0	NA	NA	-0.1483127431719322
6301	condition_004	f018	177.29303162613527	NA	NA	NA	6.278185195959495	18,8,8,8	experimental_log_linear_extrapolation	insufficient_effective_reads	experimental_joint_read_delta_method;k_values_are_correlated_not_replicates;requires_independent_reads;model_bias_not_calibrated;catalogue_specificity_not_background_verified;genome_size_treated_as_fixed	5	error_free	0.02	factorial	61	200.0	NA	NA	-0.11353484186932362
6301	condition_004	f019	14.714406334906597	NA	NA	NA	4.035482202940202	17,5,5,5	experimental_log_linear_extrapolation	insufficient_effective_reads	experimental_joint_read_delta_method;k_values_are_correlated_not_replicates;requires_independent_reads;model_bias_not_calibrated;catalogue_specificity_not_background_verified;genome_size_treated_as_fixed	5	error_free	0.0	factorial	171	20.0	NA	NA	-0.26427968325467016
6301	condition_004	f020	28.42797414612676	NA	NA	NA	7.975623253755575	29,9,9,9	experimental_log_linear_extrapolation	insufficient_effective_reads	experimental_joint_read_delta_method;k_values_are_correlated_not_replicates;requires_independent_reads;model_bias_not_calibrated;catalogue_specificity_not_background_verified;genome_size_treated_as_fixed	5	error_free	0.02	factorial	171	20.0	NA	NA	0.42139870730633805
6301	condition_004	f021	13.013488466233401	NA	NA	NA	4.266043202523553	12,5,5,5	experimental_log_linear_extrapolation	insufficient_effective_reads	experimental_joint_read_delta_method;k_values_are_correlated_not_replicates;requires_independent_reads;model_bias_not_calibrated;catalogue_specificity_not_background_verified;genome_size_treated_as_fixed	5	error_free	0.0	factorial	171	20.0	NA	NA	-0.34932557668833
6301	condition_004	f022	31.500524985745813	NA	NA	NA	8.114849918632338	36,10,10,10	experimental_log_linear_extrapolation	insufficient_effective_reads	experimental_joint_read_delta_method;k_values_are_correlated_not_replicates;requires_independent_reads;model_bias_not_calibrated;catalogue_specificity_not_background_verified;genome_size_treated_as_fixed	5	error_free	0.02	factorial	171	20.0	NA	NA	0.5750262492872906
6301	condition_004	f023	37.73643571366073	NA	NA	NA	9.676647621380752	13,10,10,10	experimental_log_linear_extrapolation	insufficient_effective_reads	experimental_joint_read_delta_method;k_values_are_correlated_not_replicates;requires_independent_reads;model_bias_not_calibrated;catalogue_specificity_not_background_verified;genome_size_treated_as_fixed	5	error_free	0.0	factorial	171	20.0	NA	NA	0.8868217856830366
6301	condition_004	f024	20.391476163234685	NA	NA	NA	5.673060664948709	14,6,6,6	experimental_log_linear_extrapolation	insufficient_effective_reads	experimental_joint_read_delta_method;k_values_are_correlated_not_replicates;requires_independent_reads;model_bias_not_calibrated;catalogue_specificity_not_background_verified;genome_size_treated_as_fixed	5	error_free	0.02	factorial	171	20.0	NA	NA	0.019573808161734263
6301	condition_004	f025	101.25967402329691	NA	NA	NA	9.565456044734415	32,14,14,14	experimental_log_linear_extrapolation	insufficient_effective_reads	experimental_joint_read_delta_method;k_values_are_correlated_not_replicates;requires_independent_reads;model_bias_not_calibrated;catalogue_specificity_not_background_verified;genome_size_treated_as_fixed	5	error_free	0.0	factorial	171	80.0	NA	NA	0.2657459252912114
6301	condition_004	f026	68.28201849674322	NA	NA	NA	5.28339849333932	9,6,6,6	experimental_log_linear_extrapolation	insufficient_effective_reads	experimental_joint_read_delta_method;k_values_are_correlated_not_replicates;requires_independent_reads;model_bias_not_calibrated;catalogue_specificity_not_background_verified;genome_size_treated_as_fixed	5	error_free	0.02	factorial	171	80.0	NA	NA	-0.14647476879070975
6301	condition_004	f027	74.44373672758515	NA	NA	NA	6.636388350948845	17,9,9,9	experimental_log_linear_extrapolation	insufficient_effective_reads	experimental_joint_read_delta_method;k_values_are_correlated_not_replicates;requires_independent_reads;model_bias_not_calibrated;catalogue_specificity_not_background_verified;genome_size_treated_as_fixed	5	error_free	0.0	factorial	171	80.0	NA	NA	-0.06945329090518566
6301	condition_004	f028	56.820836063656856	NA	NA	NA	6.493565382933388	122,7,7,7	experimental_log_linear_extrapolation	insufficient_effective_reads	experimental_joint_read_delta_method;k_values_are_correlated_not_replicates;requires_independent_reads;model_bias_not_calibrated;catalogue_specificity_not_background_verified;genome_size_treated_as_fixed	5	error_free	0.02	factorial	171	80.0	NA	NA	-0.2897395492042893
6301	condition_004	f029	62.477645649624364	NA	NA	NA	6.73510301010781	10,10,10,10	experimental_log_linear_extrapolation	insufficient_effective_reads	experimental_joint_read_delta_method;k_values_are_correlated_not_replicates;requires_independent_reads;model_bias_not_calibrated;catalogue_specificity_not_background_verified;genome_size_treated_as_fixed	5	error_free	0.0	factorial	171	80.0	NA	NA	-0.21902942937969544
6301	condition_004	f030	50.829381738879654	NA	NA	NA	4.849529768079382	14,6,6,6	experimental_log_linear_extrapolation	insufficient_effective_reads	experimental_joint_read_delta_method;k_values_are_correlated_not_replicates;requires_independent_reads;model_bias_not_calibrated;catalogue_specificity_not_background_verified;genome_size_treated_as_fixed	5	error_free	0.02	factorial	171	80.0	NA	NA	-0.36463272826400434
6301	condition_004	f031	208.47864815112064	NA	NA	NA	15.121283190671512	71,19,19,19	experimental_log_linear_extrapolation	insufficient_effective_reads	experimental_joint_read_delta_method;k_values_are_correlated_not_replicates;requires_independent_reads;model_bias_not_calibrated;catalogue_specificity_not_background_verified;genome_size_treated_as_fixed	5	error_free	0.0	factorial	171	200.0	NA	NA	0.04239324075560319
6301	condition_004	f032	238.30881537290537	NA	NA	NA	15.952831690244885	30,18,18,18	experimental_log_linear_extrapolation	insufficient_effective_reads	experimental_joint_read_delta_method;k_values_are_correlated_not_replicates;requires_independent_reads;model_bias_not_calibrated;catalogue_specificity_not_background_verified;genome_size_treated_as_fixed	5	error_free	0.02	factorial	171	200.0	NA	NA	0.19154407686452685
6301	condition_004	f033	274.69584855549107	NA	NA	NA	18.49582299279176	33,21,21,21	experimental_log_linear_extrapolation	insufficient_effective_reads	experimental_joint_read_delta_method;k_values_are_correlated_not_replicates;requires_independent_reads;model_bias_not_calibrated;catalogue_specificity_not_background_verified;genome_size_treated_as_fixed	5	error_free	0.0	factorial	171	200.0	NA	NA	0.37347924277745537
6301	condition_004	f034	173.8323027846685	NA	NA	NA	13.037611562511447	31,15,15,15	experimental_log_linear_extrapolation	insufficient_effective_reads	experimental_joint_read_delta_method;k_values_are_correlated_not_replicates;requires_independent_reads;model_bias_not_calibrated;catalogue_specificity_not_background_verified;genome_size_treated_as_fixed	5	error_free	0.02	factorial	171	200.0	NA	NA	-0.13083848607665743
6301	condition_004	f035	263.4677393162842	NA	NA	NA	18.390910610155224	41,23,23,23	experimental_log_linear_extrapolation	insufficient_effective_reads	experimental_joint_read_delta_method;k_values_are_correlated_not_replicates;requires_independent_reads;model_bias_not_calibrated;catalogue_specificity_not_background_verified;genome_size_treated_as_fixed	5	error_free	0.0	factorial	171	200.0	NA	NA	0.3173386965814211
6301	condition_004	f036	270.106642736723	NA	NA	NA	17.774201634988476	22,22,22,22	experimental_log_linear_extrapolation	insufficient_effective_reads	experimental_joint_read_delta_method;k_values_are_correlated_not_replicates;requires_independent_reads;model_bias_not_calibrated;catalogue_specificity_not_background_verified;genome_size_treated_as_fixed	5	error_free	0.02	factorial	171	200.0	NA	NA	0.35053321368361506
6301	condition_004	f037	29.91143620766786	NA	NA	NA	8.337594176190715	40,9,9,9	experimental_log_linear_extrapolation	insufficient_effective_reads	experimental_joint_read_delta_method;k_values_are_correlated_not_replicates;requires_independent_reads;model_bias_not_calibrated;catalogue_specificity_not_background_verified;genome_size_treated_as_fixed	5	error_free	0.0	factorial	421	20.0	NA	NA	0.4955718103833931
6301	condition_004	f038	25.332011186586502	NA	NA	NA	8.414805788575372	89,10,10,10	experimental_log_linear_extrapolation	insufficient_effective_reads	experimental_joint_read_delta_method;k_values_are_correlated_not_replicates;requires_independent_reads;model_bias_not_calibrated;catalogue_specificity_not_background_verified;genome_size_treated_as_fixed	5	error_free	0.02	factorial	421	20.0	NA	NA	0.26660055932932514
6301	condition_004	f039	2.2043838435588428	NA	NA	NA	1.046153382555387	11,2,2,2	experimental_log_linear_extrapolation	insufficient_effective_reads	experimental_joint_read_delta_method;k_values_are_correlated_not_replicates;requires_independent_reads;model_bias_not_calibrated;catalogue_specificity_not_background_verified;genome_size_treated_as_fixed	5	error_free	0.0	factorial	421	20.0	NA	NA	-0.8897808078220578
6301	condition_004	f040	5.823836089022759	NA	NA	NA	1.7777592690534842	26,3,3,3	experimental_log_linear_extrapolation	insufficient_effective_reads	experimental_joint_read_delta_method;k_values_are_correlated_not_replicates;requires_independent_reads;model_bias_not_calibrated;catalogue_specificity_not_background_verified;genome_size_treated_as_fixed	5	error_free	0.02	factorial	421	20.0	NA	NA	-0.7088081955488621
6301	condition_004	f041	23.197732641446272	NA	NA	NA	7.796883525418253	20,9,9,9	experimental_log_linear_extrapolation	insufficient_effective_reads	experimental_joint_read_delta_method;k_values_are_correlated_not_replicates;requires_independent_reads;model_bias_not_calibrated;catalogue_specificity_not_background_verified;genome_size_treated_as_fixed	5	error_free	0.0	factorial	421	20.0	NA	NA	0.15988663207231363
6301	condition_004	f042	19.840049703134795	NA	NA	NA	6.831934925348518	28,8,8,8	experimental_log_linear_extrapolation	insufficient_effective_reads	experimental_joint_read_delta_method;k_values_are_correlated_not_replicates;requires_independent_reads;model_bias_not_calibrated;catalogue_specificity_not_background_verified;genome_size_treated_as_fixed	5	error_free	0.02	factorial	421	20.0	NA	NA	-0.007997514843260233
6301	condition_004	f043	57.453746998474294	NA	NA	NA	10.637153333856082	64,13,13,13	experimental_log_linear_extrapolation	insufficient_effective_reads	experimental_joint_read_delta_method;k_values_are_correlated_not_replicates;requires_independent_reads;model_bias_not_calibrated;catalogue_specificity_not_background_verified;genome_size_treated_as_fixed	5	error_free	0.0	factorial	421	80.0	NA	NA	-0.28182816251907133
6301	condition_004	f044	61.87236076635337	NA	NA	NA	10.045774076020535	67,13,13,13	experimental_log_linear_extrapolation	insufficient_effective_reads	experimental_joint_read_delta_method;k_values_are_correlated_not_replicates;requires_independent_reads;model_bias_not_calibrated;catalogue_specificity_not_background_verified;genome_size_treated_as_fixed	5	error_free	0.02	factorial	421	80.0	NA	NA	-0.2265954904205829
6301	condition_004	f045	69.01617480265428	NA	NA	NA	12.688568849958465	31,15,15,15	experimental_log_linear_extrapolation	insufficient_effective_reads	experimental_joint_read_delta_method;k_values_are_correlated_not_replicates;requires_independent_reads;model_bias_not_calibrated;catalogue_specificity_not_background_verified;genome_size_treated_as_fixed	5	error_free	0.0	factorial	421	80.0	NA	NA	-0.13729781496682153
6301	condition_004	f046	69.76633627027341	NA	NA	NA	14.540246214322593	65,19,19,19	experimental_log_linear_extrapolation	insufficient_effective_reads	experimental_joint_read_delta_method;k_values_are_correlated_not_replicates;requires_independent_reads;model_bias_not_calibrated;catalogue_specificity_not_background_verified;genome_size_treated_as_fixed	5	error_free	0.02	factorial	421	80.0	NA	NA	-0.12792079662158234
6301	condition_004	f047	83.59319641390424	NA	NA	NA	15.105268886769458	27,19,19,19	experimental_log_linear_extrapolation	insufficient_effective_reads	experimental_joint_read_delta_method;k_values_are_correlated_not_replicates;requires_independent_reads;model_bias_not_calibrated;catalogue_specificity_not_background_verified;genome_size_treated_as_fixed	5	error_free	0.0	factorial	421	80.0	NA	NA	0.04491495517380297
6301	condition_004	f048	117.2596411355501	NA	NA	NA	19.095910660354786	28,24,24,24	experimental_log_linear_extrapolation	insufficient_effective_reads	experimental_joint_read_delta_method;k_values_are_correlated_not_replicates;requires_independent_reads;model_bias_not_calibrated;catalogue_specificity_not_background_verified;genome_size_treated_as_fixed	5	error_free	0.02	factorial	421	80.0	NA	NA	0.4657455141943762
6301	condition_004	f049	257.77999096426413	0.02463555944409622	189.5164889590029	350.63188489055943	40.09236952546128	82,45,45,45	experimental_log_linear_extrapolation	approximate_95pct_joint_read_log_normal	experimental_joint_read_delta_method;k_values_are_correlated_not_replicates;requires_independent_reads;model_bias_not_calibrated;catalogue_specificity_not_background_verified;genome_size_treated_as_fixed	5	error_free	0.0	factorial	421	200.0	True	0.8055769796577826	0.28889995482132064
6301	condition_004	f050	231.47600269117666	0.026932563867369464	167.8085424778009	319.29923846978045	36.4819379376913	78,45,45,45	experimental_log_linear_extrapolation	approximate_95pct_joint_read_log_normal	experimental_joint_read_delta_method;k_values_are_correlated_not_replicates;requires_independent_reads;model_bias_not_calibrated;catalogue_specificity_not_background_verified;genome_size_treated_as_fixed	5	error_free	0.02	factorial	421	200.0	True	0.7574534799598978	0.1573800134558833
6301	condition_004	f051	176.0603516106365	0.0346311713066538	122.25246372310427	253.55110617212733	28.630654372307195	54,33,33,33	experimental_log_linear_extrapolation	approximate_95pct_joint_read_log_normal	experimental_joint_read_delta_method;k_values_are_correlated_not_replicates;requires_independent_reads;model_bias_not_calibrated;catalogue_specificity_not_background_verified;genome_size_treated_as_fixed	5	error_free	0.0	factorial	421	200.0	True	0.6564932122451154	-0.1196982419468175
6301	condition_004	f052	231.4692337216338	0.026683050824352187	168.0544237878667	318.8134233664166	36.960053263742	75,41,41,41	experimental_log_linear_extrapolation	approximate_95pct_joint_read_log_normal	experimental_joint_read_delta_method;k_values_are_correlated_not_replicates;requires_independent_reads;model_bias_not_calibrated;catalogue_specificity_not_background_verified;genome_size_treated_as_fixed	5	error_free	0.02	factorial	421	200.0	True	0.7537949978927494	0.157346168608169
6301	condition_004	f053	186.64436624799487	0.03466033627900758	129.58187332946167	268.83481892212563	28.60677361504931	32,32,32,32	experimental_log_linear_extrapolation	approximate_95pct_joint_read_log_normal	experimental_joint_read_delta_method;k_values_are_correlated_not_replicates;requires_independent_reads;model_bias_not_calibrated;catalogue_specificity_not_background_verified;genome_size_treated_as_fixed	5	error_free	0.0	factorial	421	200.0	True	0.6962647279633198	-0.06677816876002567
6301	condition_004	f054	199.32578530796673	0.0314848358796	140.7753333299452	282.22819828469386	31.4570507793917	60,34,34,34	experimental_log_linear_extrapolation	approximate_95pct_joint_read_log_normal	experimental_joint_read_delta_method;k_values_are_correlated_not_replicates;requires_independent_reads;model_bias_not_calibrated;catalogue_specificity_not_background_verified;genome_size_treated_as_fixed	5	error_free	0.02	factorial	421	200.0	True	0.7072643247737433	-0.0033710734601663716
6301	condition_004	megabase_171	5556.511633485054	0.002701818862223041	5018.311355321824	6152.432431342184	334.72046114366225	356,349,349,349	experimental_log_linear_extrapolation	approximate_95pct_joint_read_log_normal	experimental_joint_read_delta_method;k_values_are_correlated_not_replicates;requires_independent_reads;model_bias_not_calibrated;catalogue_specificity_not_background_verified;genome_size_treated_as_fixed	5	error_free	0.01	megabase	171	6000.0	True	0.1890201793367267	-0.07391472775249107
6301	condition_005	f001	20.254187093957782	NA	NA	NA	4.987554332298227	22,5,5,5	experimental_log_linear_extrapolation	insufficient_effective_reads	experimental_joint_read_delta_method;k_values_are_correlated_not_replicates;requires_independent_reads;model_bias_not_calibrated;catalogue_specificity_not_background_verified;genome_size_treated_as_fixed	5	iid_low_indel	0.0	factorial	61	20.0	NA	NA	0.012709354697889096
6301	condition_005	f002	28.768801587033984	NA	NA	NA	7.13349569039781	18,8,8,8	experimental_log_linear_extrapolation	insufficient_effective_reads	experimental_joint_read_delta_method;k_values_are_correlated_not_replicates;requires_independent_reads;model_bias_not_calibrated;catalogue_specificity_not_background_verified;genome_size_treated_as_fixed	5	iid_low_indel	0.02	factorial	61	20.0	NA	NA	0.4384400793516992
6301	condition_005	f003	37.67708603702532	NA	NA	NA	9.567719352618461	10,10,10,10	experimental_log_linear_extrapolation	insufficient_effective_reads	experimental_joint_read_delta_method;k_values_are_correlated_not_replicates;requires_independent_reads;model_bias_not_calibrated;catalogue_specificity_not_background_verified;genome_size_treated_as_fixed	5	iid_low_indel	0.0	factorial	61	20.0	NA	NA	0.8838543018512659
6301	condition_005	f004	4.34600648770739	NA	NA	NA	1.0	1,1,1,1	experimental_log_linear_extrapolation	insufficient_effective_reads	experimental_joint_read_delta_method;k_values_are_correlated_not_replicates;requires_independent_reads;model_bias_not_calibrated;catalogue_specificity_not_background_verified;genome_size_treated_as_fixed	5	iid_low_indel	0.02	factorial	61	20.0	NA	NA	-0.7826996756146305
6301	condition_005	f005	23.14507436598052	NA	NA	NA	5.869848741136056	7,6,6,6	experimental_log_linear_extrapolation	insufficient_effective_reads	experimental_joint_read_delta_method;k_values_are_correlated_not_replicates;requires_independent_reads;model_bias_not_calibrated;catalogue_specificity_not_background_verified;genome_size_treated_as_fixed	5	iid_low_indel	0.0	factorial	61	20.0	NA	NA	0.15725371829902599
6301	condition_005	f006	16.920694728789055	NA	NA	NA	4.25570380377477	7,5,5,5	experimental_log_linear_extrapolation	insufficient_effective_reads	experimental_joint_read_delta_method;k_values_are_correlated_not_replicates;requires_independent_reads;model_bias_not_calibrated;catalogue_specificity_not_background_verified;genome_size_treated_as_fixed	5	iid_low_indel	0.02	factorial	61	20.0	NA	NA	-0.15396526356054724
6301	condition_005	f007	80.48531653178263	NA	NA	NA	5.2448993349686726	10,6,6,6	experimental_log_linear_extrapolation	insufficient_effective_reads	experimental_joint_read_delta_method;k_values_are_correlated_not_replicates;requires_independent_reads;model_bias_not_calibrated;catalogue_specificity_not_background_verified;genome_size_treated_as_fixed	5	iid_low_indel	0.0	factorial	61	80.0	NA	NA	0.006066456647282869
6301	condition_005	f008	101.92773331265072	NA	NA	NA	6.7931551999212125	22,7,7,7	experimental_log_linear_extrapolation	insufficient_effective_reads	experimental_joint_read_delta_method;k_values_are_correlated_not_replicates;requires_independent_reads;model_bias_not_calibrated;catalogue_specificity_not_background_verified;genome_size_treated_as_fixed	5	iid_low_indel	0.02	factorial	61	80.0	NA	NA	0.27409666640813396
6301	condition_005	f009	67.0574825716221	NA	NA	NA	4.680617929870733	5,5,5,5	experimental_log_linear_extrapolation	insufficient_effective_reads	experimental_joint_read_delta_method;k_values_are_correlated_not_replicates;requires_independent_reads;model_bias_not_calibrated;catalogue_specificity_not_background_verified;genome_size_treated_as_fixed	5	iid_low_indel	0.0	factorial	61	80.0	NA	NA	-0.16178146785472372
6301	condition_005	f010	101.0309652672085	NA	NA	NA	6.697482946428691	9,9,9,9	experimental_log_linear_extrapolation	insufficient_effective_reads	experimental_joint_read_delta_method;k_values_are_correlated_not_replicates;requires_independent_reads;model_bias_not_calibrated;catalogue_specificity_not_background_verified;genome_size_treated_as_fixed	5	iid_low_indel	0.02	factorial	61	80.0	NA	NA	0.26288706584010624
6301	condition_005	f011	31.837773001906218	NA	NA	NA	3.644357177970371	12,4,4,4	experimental_log_linear_extrapolation	insufficient_effective_reads	experimental_joint_read_delta_method;k_values_are_correlated_not_replicates;requires_independent_reads;model_bias_not_calibrated;catalogue_specificity_not_background_verified;genome_size_treated_as_fixed	5	iid_low_indel	0.0	factorial	61	80.0	NA	NA	-0.6020278374761723
6301	condition_005	f012	103.93767913710134	NA	NA	NA	7.118709264426762	12,9,9,9	experimental_log_linear_extrapolation	insufficient_effective_reads	experimental_joint_read_delta_method;k_values_are_correlated_not_replicates;requires_independent_reads;model_bias_not_calibrated;catalogue_specificity_not_background_verified;genome_size_treated_as_fixed	5	iid_low_indel	0.02	factorial	61	80.0	NA	NA	0.2992209892137668
6301	condition_005	f013	129.5199224002782	NA	NA	NA	5.937601171172977	22,7,7,7	experimental_log_linear_extrapolation	insufficient_effective_reads	experimental_joint_read_delta_method;k_values_are_correlated_not_replicates;requires_independent_reads;model_bias_not_calibrated;catalogue_specificity_not_background_verified;genome_size_treated_as_fixed	5	iid_low_indel	0.0	factorial	61	200.0	NA	NA	-0.35240038799860895
6301	condition_005	f014	142.349129607916	NA	NA	NA	5.721631931276871	11,8,8,8	experimental_log_linear_extrapolation	insufficient_effective_reads	experimental_joint_read_delta_method;k_values_are_correlated_not_replicates;requires_independent_reads;model_bias_not_calibrated;catalogue_specificity_not_background_verified;genome_size_treated_as_fixed	5	iid_low_indel	0.02	factorial	61	200.0	NA	NA	-0.28825435196041993
6301	condition_005	f015	142.94101234110383	NA	NA	NA	5.177114317835361	11,9,9,9	experimental_log_linear_extrapolation	insufficient_effective_reads	experimental_joint_read_delta_method;k_values_are_correlated_not_replicates;requires_independent_reads;model_bias_not_calibrated;catalogue_specificity_not_background_verified;genome_size_treated_as_fixed	5	iid_low_indel	0.0	factorial	61	200.0	NA	NA	-0.2852949382944809
6301	condition_005	f016	254.30780163102247	NA	NA	NA	8.856267951534056	20,10,10,10	experimental_log_linear_extrapolation	insufficient_effective_reads	experimental_joint_read_delta_method;k_values_are_correlated_not_replicates;requires_independent_reads;model_bias_not_calibrated;catalogue_specificity_not_background_verified;genome_size_treated_as_fixed	5	iid_low_indel	0.02	factorial	61	200.0	NA	NA	0.27153900815511234
6301	condition_005	f017	171.0729921564119	NA	NA	NA	6.226487919270745	8,8,8,8	experimental_log_linear_extrapolation	insufficient_effective_reads	experimental_joint_read_delta_method;k_values_are_correlated_not_replicates;requires_independent_reads;model_bias_not_calibrated;catalogue_specificity_not_background_verified;genome_size_treated_as_fixed	5	iid_low_indel	0.0	factorial	61	200.0	NA	NA	-0.14463503921794044
6301	condition_005	f018	177.85521530662146	NA	NA	NA	6.28683039062475	18,8,8,8	experimental_log_linear_extrapolation	insufficient_effective_reads	experimental_joint_read_delta_method;k_values_are_correlated_not_replicates;requires_independent_reads;model_bias_not_calibrated;catalogue_specificity_not_background_verified;genome_size_treated_as_fixed	5	iid_low_indel	0.02	factorial	61	200.0	NA	NA	-0.11072392346689269
6301	condition_005	f019	14.75344658539421	NA	NA	NA	4.049717634493153	18,5,5,5	experimental_log_linear_extrapolation	insufficient_effective_reads	experimental_joint_read_delta_method;k_values_are_correlated_not_replicates;requires_independent_reads;model_bias_not_calibrated;catalogue_specificity_not_background_verified;genome_size_treated_as_fixed	5	iid_low_indel	0.0	factorial	171	20.0	NA	NA	-0.2623276707302895
6301	condition_005	f020	28.585759763748744	NA	NA	NA	7.948999970284751	29,9,9,9	experimental_log_linear_extrapolation	insufficient_effective_reads	experimental_joint_read_delta_method;k_values_are_correlated_not_replicates;requires_independent_reads;model_bias_not_calibrated;catalogue_specificity_not_background_verified;genome_size_treated_as_fixed	5	iid_low_indel	0.02	factorial	171	20.0	NA	NA	0.4292879881874372
6301	condition_005	f021	13.067913911714836	NA	NA	NA	4.2392336138936795	13,5,5,5	experimental_log_linear_extrapolation	insufficient_effective_reads	experimental_joint_read_delta_method;k_values_are_correlated_not_replicates;requires_independent_reads;model_bias_not_calibrated;catalogue_specificity_not_background_verified;genome_size_treated_as_fixed	5	iid_low_indel	0.0	factorial	171	20.0	NA	NA	-0.3466043044142582
6301	condition_005	f022	31.523354776012457	NA	NA	NA	8.128694308167805	36,10,10,10	experimental_log_linear_extrapolation	insufficient_effective_reads	experimental_joint_read_delta_method;k_values_are_correlated_not_replicates;requires_independent_reads;model_bias_not_calibrated;catalogue_specificity_not_background_verified;genome_size_treated_as_fixed	5	iid_low_indel	0.02	factorial	171	20.0	NA	NA	0.5761677388006229
6301	condition_005	f023	37.85774131405159	NA	NA	NA	9.701538526654565	13,10,10,10	experimental_log_linear_extrapolation	insufficient_effective_reads	experimental_joint_read_delta_method;k_values_are_correlated_not_replicates;requires_independent_reads;model_bias_not_calibrated;catalogue_specificity_not_background_verified;genome_size_treated_as_fixed	5	iid_low_indel	0.0	factorial	171	20.0	NA	NA	0.8928870657025794
6301	condition_005	f024	20.443285012117297	NA	NA	NA	5.681730964411007	13,6,6,6	experimental_log_linear_extrapolation	insufficient_effective_reads	experimental_joint_read_delta_method;k_values_are_correlated_not_replicates;requires_independent_reads;model_bias_not_calibrated;catalogue_specificity_not_background_verified;genome_size_treated_as_fixed	5	iid_low_indel	0.02	factorial	171	20.0	NA	NA	0.022164250605864844
6301	condition_005	f025	101.57114747312458	NA	NA	NA	9.532570869753345	31,14,14,14	experimental_log_linear_extrapolation	insufficient_effective_reads	experimental_joint_read_delta_method;k_values_are_correlated_not_replicates;requires_independent_reads;model_bias_not_calibrated;catalogue_specificity_not_background_verified;genome_size_treated_as_fixed	5	iid_low_indel	0.0	factorial	171	80.0	NA	NA	0.26963934341405726
6301	condition_005	f026	68.16312385518776	NA	NA	NA	5.303264155296234	10,6,6,6	experimental_log_linear_extrapolation	insufficient_effective_reads	experimental_joint_read_delta_method;k_values_are_correlated_not_replicates;requires_independent_reads;model_bias_not_calibrated;catalogue_specificity_not_background_verified;genome_size_treated_as_fixed	5	iid_low_indel	0.02	factorial	171	80.0	NA	NA	-0.14796095181015295
6301	condition_005	f027	74.55960813127346	NA	NA	NA	6.634310046425231	17,9,9,9	experimental_log_linear_extrapolation	insufficient_effective_reads	experimental_joint_read_delta_method;k_values_are_correlated_not_replicates;requires_independent_reads;model_bias_not_calibrated;catalogue_specificity_not_background_verified;genome_size_treated_as_fixed	5	iid_low_indel	0.0	factorial	171	80.0	NA	NA	-0.0680048983590817
6301	condition_005	f028	57.40054193991873	NA	NA	NA	6.452297782906336	121,7,7,7	experimental_log_linear_extrapolation	insufficient_effective_reads	experimental_joint_read_delta_method;k_values_are_correlated_not_replicates;requires_independent_reads;model_bias_not_calibrated;catalogue_specificity_not_background_verified;genome_size_treated_as_fixed	5	iid_low_indel	0.02	factorial	171	80.0	NA	NA	-0.2824932257510159
6301	condition_005	f029	62.617862519847655	NA	NA	NA	6.706184357709052	10,10,10,10	experimental_log_linear_extrapolation	insufficient_effective_reads	experimental_joint_read_delta_method;k_values_are_correlated_not_replicates;requires_independent_reads;model_bias_not_calibrated;catalogue_specificity_not_background_verified;genome_size_treated_as_fixed	5	iid_low_indel	0.0	factorial	171	80.0	NA	NA	-0.2172767185019043
6301	condition_005	f030	51.11459899159384	NA	NA	NA	4.850617680455149	15,6,6,6	experimental_log_linear_extrapolation	insufficient_effective_reads	experimental_joint_read_delta_method;k_values_are_correlated_not_replicates;requires_independent_reads;model_bias_not_calibrated;catalogue_specificity_not_background_verified;genome_size_treated_as_fixed	5	iid_low_indel	0.02	factorial	171	80.0	NA	NA	-0.361067512605077
6301	condition_005	f031	208.98396865825814	NA	NA	NA	15.158319043640745	70,19,19,19	experimental_log_linear_extrapolation	insufficient_effective_reads	experimental_joint_read_delta_method;k_values_are_correlated_not_replicates;requires_independent_reads;model_bias_not_calibrated;catalogue_specificity_not_background_verified;genome_size_treated_as_fixed	5	iid_low_indel	0.0	factorial	171	200.0	NA	NA	0.04491984329129067
6301	condition_005	f032	238.77301328240114	NA	NA	NA	15.905467750065386	31,18,18,18	experimental_log_linear_extrapolation	insufficient_effective_reads	experimental_joint_read_delta_method;k_values_are_correlated_not_replicates;requires_independent_reads;model_bias_not_calibrated;catalogue_specificity_not_background_verified;genome_size_treated_as_fixed	5	iid_low_indel	0.02	factorial	171	200.0	NA	NA	0.19386506641200568
6301	condition_005	f033	275.4969502681231	NA	NA	NA	18.490584913484266	32,21,21,21	experimental_log_linear_extrapolation	insufficient_effective_reads	experimental_joint_read_delta_method;k_values_are_correlated_not_replicates;requires_independent_reads;model_bias_not_calibrated;catalogue_specificity_not_background_verified;genome_size_treated_as_fixed	5	iid_low_indel	0.0	factorial	171	200.0	NA	NA	0.3774847513406155
6301	condition_005	f034	173.9563254126489	NA	NA	NA	13.017224867899886	28,15,15,15	experimental_log_linear_extrapolation	insufficient_effective_reads	experimental_joint_read_delta_method;k_values_are_correlated_not_replicates;requires_independent_reads;model_bias_not_calibrated;catalogue_specificity_not_background_verified;genome_size_treated_as_fixed	5	iid_low_indel	0.02	factorial	171	200.0	NA	NA	-0.13021837293675545
6301	condition_005	f035	264.1545911072316	NA	NA	NA	18.389362477566358	41,23,23,23	experimental_log_linear_extrapolation	insufficient_effective_reads	experimental_joint_read_delta_method;k_values_are_correlated_not_replicates;requires_independent_reads;model_bias_not_calibrated;catalogue_specificity_not_background_verified;genome_size_treated_as_fixed	5	iid_low_indel	0.0	factorial	171	200.0	NA	NA	0.32077295553615814
6301	condition_005	f036	270.9547525697647	NA	NA	NA	17.781075636596444	22,22,22,22	experimental_log_linear_extrapolation	insufficient_effective_reads	experimental_joint_read_delta_method;k_values_are_correlated_not_replicates;requires_independent_reads;model_bias_not_calibrated;catalogue_specificity_not_background_verified;genome_size_treated_as_fixed	5	iid_low_indel	0.02	factorial	171	200.0	NA	NA	0.35477376284882356
6301	condition_005	f037	29.99635132284466	NA	NA	NA	8.311885802801696	42,9,9,9	experimental_log_linear_extrapolation	insufficient_effective_reads	experimental_joint_read_delta_method;k_values_are_correlated_not_replicates;requires_independent_reads;model_bias_not_calibrated;catalogue_specificity_not_background_verified;genome_size_treated_as_fixed	5	iid_low_indel	0.0	factorial	421	20.0	NA	NA	0.499817566142233
6301	condition_005	f038	25.569190424856355	NA	NA	NA	8.327754483284801	90,10,10,10	experimental_log_linear_extrapolation	insufficient_effective_reads	experimental_joint_read_delta_method;k_values_are_correlated_not_replicates;requires_independent_reads;model_bias_not_calibrated;catalogue_specificity_not_background_verified;genome_size_treated_as_fixed	5	iid_low_indel	0.02	factorial	421	20.0	NA	NA	0.27845952124281775
6301	condition_005	f039	2.2137346663461037	NA	NA	NA	1.0351539676177883	11,2,2,2	experimental_log_linear_extrapolation	insufficient_effective_reads	experimental_joint_read_delta_method;k_values_are_correlated_not_replicates;requires_independent_reads;model_bias_not_calibrated;catalogue_specificity_not_background_verified;genome_size_treated_as_fixed	5	iid_low_indel	0.0	factorial	421	20.0	NA	NA	-0.8893132666826948
6301	condition_005	f040	5.852250745667057	NA	NA	NA	1.8010567277596097	28,3,3,3	experimental_log_linear_extrapolation	insufficient_effective_reads	experimental_joint_read_delta_method;k_values_are_correlated_not_replicates;requires_independent_reads;model_bias_not_calibrated;catalogue_specificity_not_background_verified;genome_size_treated_as_fixed	5	iid_low_indel	0.02	factorial	421	20.0	NA	NA	-0.7073874627166472
6301	condition_005	f041	23.278917907075673	NA	NA	NA	7.831290876284426	20,9,9,9	experimental_log_linear_extrapolation	insufficient_effective_reads	experimental_joint_read_delta_method;k_values_are_correlated_not_replicates;requires_independent_reads;model_bias_not_calibrated;catalogue_specificity_not_background_verified;genome_size_treated_as_fixed	5	iid_low_indel	0.0	factorial	421	20.0	NA	NA	0.16394589535378365
6301	condition_005	f042	19.91954338150264	NA	NA	NA	6.9023974839215825	28,8,8,8	experimental_log_linear_extrapolation	insufficient_effective_reads	experimental_joint_read_delta_method;k_values_are_correlated_not_replicates;requires_independent_reads;model_bias_not_calibrated;catalogue_specificity_not_background_verified;genome_size_treated_as_fixed	5	iid_low_indel	0.02	factorial	421	20.0	NA	NA	-0.004022830924868081
6301	condition_005	f043	57.618629829761346	NA	NA	NA	10.621704036571174	64,13,13,13	experimental_log_linear_extrapolation	insufficient_effective_reads	experimental_joint_read_delta_method;k_values_are_correlated_not_replicates;requires_independent_reads;model_bias_not_calibrated;catalogue_specificity_not_background_verified;genome_size_treated_as_fixed	5	iid_low_indel	0.0	factorial	421	80.0	NA	NA	-0.2797671271279832
6301	condition_005	f044	62.01672220655483	NA	NA	NA	9.983265566539238	70,13,13,13	experimental_log_linear_extrapolation	insufficient_effective_reads	experimental_joint_read_delta_method;k_values_are_correlated_not_replicates;requires_independent_reads;model_bias_not_calibrated;catalogue_specificity_not_background_verified;genome_size_treated_as_fixed	5	iid_low_indel	0.02	factorial	421	80.0	NA	NA	-0.22479097241806462
6301	condition_005	f045	69.17041566247497	NA	NA	NA	12.701304842135983	34,15,15,15	experimental_log_linear_extrapolation	insufficient_effective_reads	experimental_joint_read_delta_method;k_values_are_correlated_not_replicates;requires_independent_reads;model_bias_not_calibrated;catalogue_specificity_not_background_verified;genome_size_treated_as_fixed	5	iid_low_indel	0.0	factorial	421	80.0	NA	NA	-0.13536980421906292
6301	condition_005	f046	70.09603124286005	NA	NA	NA	14.478203682851904	63,19,19,19	experimental_log_linear_extrapolation	insufficient_effective_reads	experimental_joint_read_delta_method;k_values_are_correlated_not_replicates;requires_independent_reads;model_bias_not_calibrated;catalogue_specificity_not_background_verified;genome_size_treated_as_fixed	5	iid_low_indel	0.02	factorial	421	80.0	NA	NA	-0.12379960946424937
6301	condition_005	f047	83.76947778766342	NA	NA	NA	15.116715077234021	27,19,19,19	experimental_log_linear_extrapolation	insufficient_effective_reads	experimental_joint_read_delta_method;k_values_are_correlated_not_replicates;requires_independent_reads;model_bias_not_calibrated;catalogue_specificity_not_background_verified;genome_size_treated_as_fixed	5	iid_low_indel	0.0	factorial	421	80.0	NA	NA	0.047118472345792736
6301	condition_005	f048	117.80566839089326	NA	NA	NA	19.0330176596715	28,24,24,24	experimental_log_linear_extrapolation	insufficient_effective_reads	experimental_joint_read_delta_method;k_values_are_correlated_not_replicates;requires_independent_reads;model_bias_not_calibrated;catalogue_specificity_not_background_verified;genome_size_treated_as_fixed	5	iid_low_indel	0.02	factorial	421	80.0	NA	NA	0.47257085488616574
6301	condition_005	f049	258.4654396793978	0.024640085826259258	190.01505206719426	351.57416626678946	40.13316544103247	81,45,45,45	experimental_log_linear_extrapolation	approximate_95pct_joint_read_log_normal	experimental_joint_read_delta_method;k_values_are_correlated_not_replicates;requires_independent_reads;model_bias_not_calibrated;catalogue_specificity_not_background_verified;genome_size_treated_as_fixed	5	iid_low_indel	0.0	factorial	421	200.0	True	0.807795570997976	0.2923271983969889
6301	condition_005	f050	232.33399924089866	0.026961802085203247	168.40115065297562	320.53870768677024	36.54593711230271	75,45,45,45	experimental_log_linear_extrapolation	approximate_95pct_joint_read_log_normal	experimental_joint_read_delta_method;k_values_are_correlated_not_replicates;requires_independent_reads;model_bias_not_calibrated;catalogue_specificity_not_background_verified;genome_size_treated_as_fixed	5	iid_low_indel	0.02	factorial	421	200.0	True	0.7606877851689731	0.16166999620449332
6301	condition_005	f051	176.51486202262765	0.034634923518409605	122.5656440572734	254.2106864816683	28.636627566119902	53,33,33,33	experimental_log_linear_extrapolation	approximate_95pct_joint_read_log_normal	experimental_joint_read_delta_method;k_values_are_correlated_not_replicates;requires_independent_reads;model_bias_not_calibrated;catalogue_specificity_not_background_verified;genome_size_treated_as_fixed	5	iid_low_indel	0.0	factorial	421	200.0	True	0.6582252121219745	-0.11742568988686174
6301	condition_005	f052	231.96320806167722	0.026696325116675048	168.3996561072273	319.519238566638	36.96118818551513	78,41,41,41	experimental_log_linear_extrapolation	approximate_95pct_joint_read_log_normal	experimental_joint_read_delta_method;k_values_are_correlated_not_replicates;requires_independent_reads;model_bias_not_calibrated;catalogue_specificity_not_background_verified;genome_size_treated_as_fixed	5	iid_low_indel	0.02	factorial	421	200.0	True	0.7555979122970536	0.15981604030838611
6301	condition_005	f053	187.05685084716887	0.03466091280498645	129.86785553788627	269.4297623067496	28.588514891502808	32,32,32,32	experimental_log_linear_extrapolation	approximate_95pct_joint_read_log_normal	experimental_joint_read_delta_method;k_values_are_correlated_not_replicates;requires_independent_reads;model_bias_not_calibrated;catalogue_specificity_not_background_verified;genome_size_treated_as_fixed	5	iid_low_indel	0.0	factorial	421	200.0	True	0.6978095338443165	-0.06471574576415563
6301	condition_005	f054	199.75614435148216	0.031477837102711355	141.08473126271977	282.8266166653147	31.439294343194966	60,34,34,34	experimental_log_linear_extrapolation	approximate_95pct_joint_read_log_normal	experimental_joint_read_delta_method;k_values_are_correlated_not_replicates;requires_independent_reads;model_bias_not_calibrated;catalogue_specificity_not_background_verified;genome_size_treated_as_fixed	5	iid_low_indel	0.02	factorial	421	200.0	True	0.7087094270129747	-0.0012192782425891834
6301	condition_005	megabase_171	5570.48032439297	0.002701568350277798	5030.950809174264	6167.870094826517	334.52413636963973	355,349,349,349	experimental_log_linear_extrapolation	approximate_95pct_joint_read_log_normal	experimental_joint_read_delta_method;k_values_are_correlated_not_replicates;requires_independent_reads;model_bias_not_calibrated;catalogue_specificity_not_background_verified;genome_size_treated_as_fixed	5	iid_low_indel	0.01	megabase	171	6000.0	True	0.18948654760870887	-0.07158661260117166
6301	condition_006	f001	20.770342402874963	NA	NA	NA	4.900092451457904	15,5,5,5	experimental_log_linear_extrapolation	insufficient_effective_reads	experimental_joint_read_delta_method;k_values_are_correlated_not_replicates;requires_independent_reads;model_bias_not_calibrated;catalogue_specificity_not_background_verified;genome_size_treated_as_fixed	5	iid_high_indel	0.0	factorial	61	20.0	NA	NA	0.038517120143748154
6301	condition_006	f002	29.325814979771213	NA	NA	NA	7.0188807732999665	20,8,8,8	experimental_log_linear_extrapolation	insufficient_effective_reads	experimental_joint_read_delta_method;k_values_are_correlated_not_replicates;requires_independent_reads;model_bias_not_calibrated;catalogue_specificity_not_background_verified;genome_size_treated_as_fixed	5	iid_high_indel	0.02	factorial	61	20.0	NA	NA	0.46629074898856065
6301	condition_006	f003	37.9261445421659	NA	NA	NA	9.309371783544504	11,10,10,10	experimental_log_linear_extrapolation	insufficient_effective_reads	experimental_joint_read_delta_method;k_values_are_correlated_not_replicates;requires_independent_reads;model_bias_not_calibrated;catalogue_specificity_not_background_verified;genome_size_treated_as_fixed	5	iid_high_indel	0.0	factorial	61	20.0	NA	NA	0.896307227108295
6301	condition_006	f004	4.356592494789596	NA	NA	NA	1.0	4,1,1,1	experimental_log_linear_extrapolation	insufficient_effective_reads	experimental_joint_read_delta_method;k_values_are_correlated_not_replicates;requires_independent_reads;model_bias_not_calibrated;catalogue_specificity_not_background_verified;genome_size_treated_as_fixed	5	iid_high_indel	0.02	factorial	61	20.0	NA	NA	-0.7821703752605202
6301	condition_006	f005	23.346447462165955	NA	NA	NA	5.9303093904937	6,6,6,6	experimental_log_linear_extrapolation	insufficient_effective_reads	experimental_joint_read_delta_method;k_values_are_correlated_not_replicates;requires_independent_reads;model_bias_not_calibrated;catalogue_specificity_not_background_verified;genome_size_treated_as_fixed	5	iid_high_indel	0.0	factorial	61	20.0	NA	NA	0.16732237310829773
6301	condition_006	f006	17.16646842612661	NA	NA	NA	4.07274759425347	8,5,5,5	experimental_log_linear_extrapolation	insufficient_effective_reads	experimental_joint_read_delta_method;k_values_are_correlated_not_replicates;requires_independent_reads;model_bias_not_calibrated;catalogue_specificity_not_background_verified;genome_size_treated_as_fixed	5	iid_high_indel	0.02	factorial	61	20.0	NA	NA	-0.1416765786936695
6301	condition_006	f007	80.06651347540853	NA	NA	NA	5.239325297888706	11,6,6,6	experimental_log_linear_extrapolation	insufficient_effective_reads	experimental_joint_read_delta_method;k_values_are_correlated_not_replicates;requires_independent_reads;model_bias_not_calibrated;catalogue_specificity_not_background_verified;genome_size_treated_as_fixed	5	iid_high_indel	0.0	factorial	61	80.0	NA	NA	0.0008314184426065907
6301	condition_006	f008	103.37879289640371	NA	NA	NA	6.8300240840063005	19,7,7,7	experimental_log_linear_extrapolation	insufficient_effective_reads	experimental_joint_read_delta_method;k_values_are_correlated_not_replicates;requires_independent_reads;model_bias_not_calibrated;catalogue_specificity_not_background_verified;genome_size_treated_as_fixed	5	iid_high_indel	0.02	factorial	61	80.0	NA	NA	0.29223491120504635
6301	condition_006	f009	66.8711762234312	NA	NA	NA	4.712772348168758	6,5,5,5	experimental_log_linear_extrapolation	insufficient_effective_reads	experimental_joint_read_delta_method;k_values_are_correlated_not_replicates;requires_independent_reads;model_bias_not_calibrated;catalogue_specificity_not_background_verified;genome_size_treated_as_fixed	5	iid_high_indel	0.0	factorial	61	80.0	NA	NA	-0.16411029720710993
6301	condition_006	f010	102.38033548808815	NA	NA	NA	6.658913923134688	9,9,9,9	experimental_log_linear_extrapolation	insufficient_effective_reads	experimental_joint_read_delta_method;k_values_are_correlated_not_replicates;requires_independent_reads;model_bias_not_calibrated;catalogue_specificity_not_background_verified;genome_size_treated_as_fixed	5	iid_high_indel	0.02	factorial	61	80.0	NA	NA	0.2797541936011019
6301	condition_006	f011	32.42759015276165	NA	NA	NA	3.710859117158562	10,4,4,4	experimental_log_linear_extrapolation	insufficient_effective_reads	experimental_joint_read_delta_method;k_values_are_correlated_not_replicates;requires_independent_reads;model_bias_not_calibrated;catalogue_specificity_not_background_verified;genome_size_treated_as_fixed	5	iid_high_indel	0.0	factorial	61	80.0	NA	NA	-0.5946551230904793
6301	condition_006	f012	105.30102486156375	NA	NA	NA	7.11769252476978	12,9,9,9	experimental_log_linear_extrapolation	insufficient_effective_reads	experimental_joint_read_delta_method;k_values_are_correlated_not_replicates;requires_independent_reads;model_bias_not_calibrated;catalogue_specificity_not_background_verified;genome_size_treated_as_fixed	5	iid_high_indel	0.02	factorial	61	80.0	NA	NA	0.3162628107695468
6301	condition_006	f013	129.32642700183075	NA	NA	NA	5.996859394213778	16,7,7,7	experimental_log_linear_extrapolation	insufficient_effective_reads	experimental_joint_read_delta_method;k_values_are_correlated_not_replicates;requires_independent_reads;model_bias_not_calibrated;catalogue_specificity_not_background_verified;genome_size_treated_as_fixed	5	iid_high_indel	0.0	factorial	61	200.0	NA	NA	-0.35336786499084627
6301	condition_006	f014	145.0288894429378	NA	NA	NA	5.757651905032754	12,8,8,8	experimental_log_linear_extrapolation	insufficient_effective_reads	experimental_joint_read_delta_method;k_values_are_correlated_not_replicates;requires_independent_reads;model_bias_not_calibrated;catalogue_specificity_not_background_verified;genome_size_treated_as_fixed	5	iid_high_indel	0.02	factorial	61	200.0	NA	NA	-0.27485555278531093
6301	condition_006	f015	144.14434242985723	NA	NA	NA	5.210342208084003	12,9,9,9	experimental_log_linear_extrapolation	insufficient_effective_reads	experimental_joint_read_delta_method;k_values_are_correlated_not_replicates;requires_independent_reads;model_bias_not_calibrated;catalogue_specificity_not_background_verified;genome_size_treated_as_fixed	5	iid_high_indel	0.0	factorial	61	200.0	NA	NA	-0.27927828785071385
6301	condition_006	f016	256.31064538416723	NA	NA	NA	8.759088767977849	22,10,10,10	experimental_log_linear_extrapolation	insufficient_effective_reads	experimental_joint_read_delta_method;k_values_are_correlated_not_replicates;requires_independent_reads;model_bias_not_calibrated;catalogue_specificity_not_background_verified;genome_size_treated_as_fixed	5	iid_high_indel	0.02	factorial	61	200.0	NA	NA	0.2815532269208362
6301	condition_006	f017	172.52170372121898	NA	NA	NA	6.262432576763993	8,8,8,8	experimental_log_linear_extrapolation	insufficient_effective_reads	experimental_joint_read_delta_method;k_values_are_correlated_not_replicates;requires_independent_reads;model_bias_not_calibrated;catalogue_specificity_not_background_verified;genome_size_treated_as_fixed	5	iid_high_indel	0.0	factorial	61	200.0	NA	NA	-0.13739148139390508
6301	condition_006	f018	179.56017233038682	NA	NA	NA	6.308094312643315	16,8,8,8	experimental_log_linear_extrapolation	insufficient_effective_reads	experimental_joint_read_delta_method;k_values_are_correlated_not_replicates;requires_independent_reads;model_bias_not_calibrated;catalogue_specificity_not_background_verified;genome_size_treated_as_fixed	5	iid_high_indel	0.02	factorial	61	200.0	NA	NA	-0.1021991383480659
6301	condition_006	f019	14.858871769295359	NA	NA	NA	3.84120969055928	15,5,5,5	experimental_log_linear_extrapolation	insufficient_effective_reads	experimental_joint_read_delta_method;k_values_are_correlated_not_replicates;requires_independent_reads;model_bias_not_calibrated;catalogue_specificity_not_background_verified;genome_size_treated_as_fixed	5	iid_high_indel	0.0	factorial	171	20.0	NA	NA	-0.25705641153523207
6301	condition_006	f020	28.94293031993246	NA	NA	NA	7.806574364911394	28,9,9,9	experimental_log_linear_extrapolation	insufficient_effective_reads	experimental_joint_read_delta_method;k_values_are_correlated_not_replicates;requires_independent_reads;model_bias_not_calibrated;catalogue_specificity_not_background_verified;genome_size_treated_as_fixed	5	iid_high_indel	0.02	factorial	171	20.0	NA	NA	0.4471465159966231
6301	condition_006	f021	13.031283381858755	NA	NA	NA	4.34901645167573	16,5,5,5	experimental_log_linear_extrapolation	insufficient_effective_reads	experimental_joint_read_delta_method;k_values_are_correlated_not_replicates;requires_independent_reads;model_bias_not_calibrated;catalogue_specificity_not_background_verified;genome_size_treated_as_fixed	5	iid_high_indel	0.0	factorial	171	20.0	NA	NA	-0.34843583090706226
6301	condition_006	f022	31.86527920350331	NA	NA	NA	8.128318798567902	29,10,10,10	experimental_log_linear_extrapolation	insufficient_effective_reads	experimental_joint_read_delta_method;k_values_are_correlated_not_replicates;requires_independent_reads;model_bias_not_calibrated;catalogue_specificity_not_background_verified;genome_size_treated_as_fixed	5	iid_high_indel	0.02	factorial	171	20.0	NA	NA	0.5932639601751655
6301	condition_006	f023	38.21439995832483	NA	NA	NA	9.655582499010563	14,10,10,10	experimental_log_linear_extrapolation	insufficient_effective_reads	experimental_joint_read_delta_method;k_values_are_correlated_not_replicates;requires_independent_reads;model_bias_not_calibrated;catalogue_specificity_not_background_verified;genome_size_treated_as_fixed	5	iid_high_indel	0.0	factorial	171	20.0	NA	NA	0.9107199979162417
6301	condition_006	f024	20.995043500561245	NA	NA	NA	5.607202520351627	13,6,6,6	experimental_log_linear_extrapolation	insufficient_effective_reads	experimental_joint_read_delta_method;k_values_are_correlated_not_replicates;requires_independent_reads;model_bias_not_calibrated;catalogue_specificity_not_background_verified;genome_size_treated_as_fixed	5	iid_high_indel	0.02	factorial	171	20.0	NA	NA	0.04975217502806224
6301	condition_006	f025	103.06699163522416	NA	NA	NA	9.514687894229292	30,14,14,14	experimental_log_linear_extrapolation	insufficient_effective_reads	experimental_joint_read_delta_method;k_values_are_correlated_not_replicates;requires_independent_reads;model_bias_not_calibrated;catalogue_specificity_not_background_verified;genome_size_treated_as_fixed	5	iid_high_indel	0.0	factorial	171	80.0	NA	NA	0.28833739544030196
6301	condition_006	f026	68.77484313337831	NA	NA	NA	5.28592565597261	12,6,6,6	experimental_log_linear_extrapolation	insufficient_effective_reads	experimental_joint_read_delta_method;k_values_are_correlated_not_replicates;requires_independent_reads;model_bias_not_calibrated;catalogue_specificity_not_background_verified;genome_size_treated_as_fixed	5	iid_high_indel	0.02	factorial	171	80.0	NA	NA	-0.1403144608327711
6301	condition_006	f027	75.2457399816374	NA	NA	NA	6.521130215245162	20,9,9,9	experimental_log_linear_extrapolation	insufficient_effective_reads	experimental_joint_read_delta_method;k_values_are_correlated_not_replicates;requires_independent_reads;model_bias_not_calibrated;catalogue_specificity_not_background_verified;genome_size_treated_as_fixed	5	iid_high_indel	0.0	factorial	171	80.0	NA	NA	-0.059428250229532506
6301	condition_006	f028	57.42601376458191	NA	NA	NA	6.291750338072737	152,7,7,7	experimental_log_linear_extrapolation	insufficient_effective_reads	experimental_joint_read_delta_method;k_values_are_correlated_not_replicates;requires_independent_reads;model_bias_not_calibrated;catalogue_specificity_not_background_verified;genome_size_treated_as_fixed	5	iid_high_indel	0.02	factorial	171	80.0	NA	NA	-0.28217482794272614
6301	condition_006	f029	62.98221960364938	NA	NA	NA	6.75575869117676	11,10,10,10	experimental_log_linear_extrapolation	insufficient_effective_reads	experimental_joint_read_delta_method;k_values_are_correlated_not_replicates;requires_independent_reads;model_bias_not_calibrated;catalogue_specificity_not_background_verified;genome_size_treated_as_fixed	5	iid_high_indel	0.0	factorial	171	80.0	NA	NA	-0.2127222549543827
6301	condition_006	f030	52.05582580649864	NA	NA	NA	4.808671213031822	18,6,6,6	experimental_log_linear_extrapolation	insufficient_effective_reads	experimental_joint_read_delta_method;k_values_are_correlated_not_replicates;requires_independent_reads;model_bias_not_calibrated;catalogue_specificity_not_background_verified;genome_size_treated_as_fixed	5	iid_high_indel	0.02	factorial	171	80.0	NA	NA	-0.349302177418767
6301	condition_006	f031	211.7943344847585	NA	NA	NA	14.966120314641138	64,19,19,19	experimental_log_linear_extrapolation	insufficient_effective_reads	experimental_joint_read_delta_method;k_values_are_correlated_not_replicates;requires_independent_reads;model_bias_not_calibrated;catalogue_specificity_not_background_verified;genome_size_treated_as_fixed	5	iid_high_indel	0.0	factorial	171	200.0	NA	NA	0.05897167242379254
6301	condition_006	f032	241.91355055055467	NA	NA	NA	16.02459375258784	29,18,18,18	experimental_log_linear_extrapolation	insufficient_effective_reads	experimental_joint_read_delta_method;k_values_are_correlated_not_replicates;requires_independent_reads;model_bias_not_calibrated;catalogue_specificity_not_background_verified;genome_size_treated_as_fixed	5	iid_high_indel	0.02	factorial	171	200.0	NA	NA	0.20956775275277337
6301	condition_006	f033	277.9761959886242	NA	NA	NA	18.507257805747766	34,21,21,21	experimental_log_linear_extrapolation	insufficient_effective_reads	experimental_joint_read_delta_method;k_values_are_correlated_not_replicates;requires_independent_reads;model_bias_not_calibrated;catalogue_specificity_not_background_verified;genome_size_treated_as_fixed	5	iid_high_indel	0.0	factorial	171	200.0	NA	NA	0.38988097994312115
6301	condition_006	f034	175.55351454680226	NA	NA	NA	13.034691551307313	32,15,15,15	experimental_log_linear_extrapolation	insufficient_effective_reads	experimental_joint_read_delta_method;k_values_are_correlated_not_replicates;requires_independent_reads;model_bias_not_calibrated;catalogue_specificity_not_background_verified;genome_size_treated_as_fixed	5	iid_high_indel	0.02	factorial	171	200.0	NA	NA	-0.1222324272659887
6301	condition_006	f035	266.7116168763804	NA	NA	NA	18.399292133714443	35,23,23,23	experimental_log_linear_extrapolation	insufficient_effective_reads	experimental_joint_read_delta_method;k_values_are_correlated_not_replicates;requires_independent_reads;model_bias_not_calibrated;catalogue_specificity_not_background_verified;genome_size_treated_as_fixed	5	iid_high_indel	0.0	factorial	171	200.0	NA	NA	0.33355808438190193
6301	condition_006	f036	274.0542792694222	NA	NA	NA	17.598009691593177	26,22,22,22	experimental_log_linear_extrapolation	insufficient_effective_reads	experimental_joint_read_delta_method;k_values_are_correlated_not_replicates;requires_independent_reads;model_bias_not_calibrated;catalogue_specificity_not_background_verified;genome_size_treated_as_fixed	5	iid_high_indel	0.02	factorial	171	200.0	NA	NA	0.3702713963471109
6301	condition_006	f037	30.20196210538047	NA	NA	NA	8.303304162000742	38,9,9,9	experimental_log_linear_extrapolation	insufficient_effective_reads	experimental_joint_read_delta_method;k_values_are_correlated_not_replicates;requires_independent_reads;model_bias_not_calibrated;catalogue_specificity_not_background_verified;genome_size_treated_as_fixed	5	iid_high_indel	0.0	factorial	421	20.0	NA	NA	0.5100981052690235
6301	condition_006	f038	25.56019189555403	NA	NA	NA	8.386574410998564	84,10,10,10	experimental_log_linear_extrapolation	insufficient_effective_reads	experimental_joint_read_delta_method;k_values_are_correlated_not_replicates;requires_independent_reads;model_bias_not_calibrated;catalogue_specificity_not_background_verified;genome_size_treated_as_fixed	5	iid_high_indel	0.02	factorial	421	20.0	NA	NA	0.27800959477770154
6301	condition_006	f039	2.266831716239007	NA	NA	NA	1.06387333802718	13,2,2,2	experimental_log_linear_extrapolation	insufficient_effective_reads	experimental_joint_read_delta_method;k_values_are_correlated_not_replicates;requires_independent_reads;model_bias_not_calibrated;catalogue_specificity_not_background_verified;genome_size_treated_as_fixed	5	iid_high_indel	0.0	factorial	421	20.0	NA	NA	-0.8866584141880496
6301	condition_006	f040	5.730758034708945	NA	NA	NA	1.8000847608562773	28,3,3,3	experimental_log_linear_extrapolation	insufficient_effective_reads	experimental_joint_read_delta_method;k_values_are_correlated_not_replicates;requires_independent_reads;model_bias_not_calibrated;catalogue_specificity_not_background_verified;genome_size_treated_as_fixed	5	iid_high_indel	0.02	factorial	421	20.0	NA	NA	-0.7134620982645528
6301	condition_006	f041	23.591827258454487	NA	NA	NA	7.829344418074649	21,9,9,9	experimental_log_linear_extrapolation	insufficient_effective_reads	experimental_joint_read_delta_method;k_values_are_correlated_not_replicates;requires_independent_reads;model_bias_not_calibrated;catalogue_specificity_not_background_verified;genome_size_treated_as_fixed	5	iid_high_indel	0.0	factorial	421	20.0	NA	NA	0.17959136292272432
6301	condition_006	f042	20.209286323444697	NA	NA	NA	6.952555472600212	33,8,8,8	experimental_log_linear_extrapolation	insufficient_effective_reads	experimental_joint_read_delta_method;k_values_are_correlated_not_replicates;requires_independent_reads;model_bias_not_calibrated;catalogue_specificity_not_background_verified;genome_size_treated_as_fixed	5	iid_high_indel	0.02	factorial	421	20.0	NA	NA	0.010464316172234867
6301	condition_006	f043	58.09462799750354	NA	NA	NA	10.499420552005407	74,13,13,13	experimental_log_linear_extrapolation	insufficient_effective_reads	experimental_joint_read_delta_method;k_values_are_correlated_not_replicates;requires_independent_reads;model_bias_not_calibrated;catalogue_specificity_not_background_verified;genome_size_treated_as_fixed	5	iid_high_indel	0.0	factorial	421	80.0	NA	NA	-0.27381715003120577
6301	condition_006	f044	62.25080151505229	NA	NA	NA	10.014714246039318	74,13,13,13	experimental_log_linear_extrapolation	insufficient_effective_reads	experimental_joint_read_delta_method;k_values_are_correlated_not_replicates;requires_independent_reads;model_bias_not_calibrated;catalogue_specificity_not_background_verified;genome_size_treated_as_fixed	5	iid_high_indel	0.02	factorial	421	80.0	NA	NA	-0.2218649810618464
6301	condition_006	f045	70.15093803431976	NA	NA	NA	12.544542571297274	33,15,15,15	experimental_log_linear_extrapolation	insufficient_effective_reads	experimental_joint_read_delta_method;k_values_are_correlated_not_replicates;requires_independent_reads;model_bias_not_calibrated;catalogue_specificity_not_background_verified;genome_size_treated_as_fixed	5	iid_high_indel	0.0	factorial	421	80.0	NA	NA	-0.12311327457100293
6301	condition_006	f046	71.37153517331089	NA	NA	NA	14.407859374133341	60,19,19,19	experimental_log_linear_extrapolation	insufficient_effective_reads	experimental_joint_read_delta_method;k_values_are_correlated_not_replicates;requires_independent_reads;model_bias_not_calibrated;catalogue_specificity_not_background_verified;genome_size_treated_as_fixed	5	iid_high_indel	0.02	factorial	421	80.0	NA	NA	-0.10785581033361388
6301	condition_006	f047	84.6878445704362	NA	NA	NA	15.149807190732302	27,19,19,19	experimental_log_linear_extrapolation	insufficient_effective_reads	experimental_joint_read_delta_method;k_values_are_correlated_not_replicates;requires_independent_reads;model_bias_not_calibrated;catalogue_specificity_not_background_verified;genome_size_treated_as_fixed	5	iid_high_indel	0.0	factorial	421	80.0	NA	NA	0.05859805713045248
6301	condition_006	f048	119.16630664599988	NA	NA	NA	18.959803687022124	33,24,24,24	experimental_log_linear_extrapolation	insufficient_effective_reads	experimental_joint_read_delta_method;k_values_are_correlated_not_replicates;requires_independent_reads;model_bias_not_calibrated;catalogue_specificity_not_background_verified;genome_size_treated_as_fixed	5	iid_high_indel	0.02	factorial	421	80.0	NA	NA	0.4895788330749985
6301	condition_006	f049	261.6147614053835	0.024643766431530247	192.3259077246416	355.8661658999497	39.881867836065965	80,45,45,45	experimental_log_linear_extrapolation	approximate_95pct_joint_read_log_normal	experimental_joint_read_delta_method;k_values_are_correlated_not_replicates;requires_independent_reads;model_bias_not_calibrated;catalogue_specificity_not_background_verified;genome_size_treated_as_fixed	5	iid_high_indel	0.0	factorial	421	200.0	True	0.8177012908765404	0.30807380702691745
6301	condition_006	f050	235.33842301217462	0.026968222030963072	170.57229240543631	324.6961893096542	36.35149354955655	80,45,45,45	experimental_log_linear_extrapolation	approximate_95pct_joint_read_log_normal	experimental_joint_read_delta_method;k_values_are_correlated_not_replicates;requires_independent_reads;model_bias_not_calibrated;catalogue_specificity_not_background_verified;genome_size_treated_as_fixed	5	iid_high_indel	0.02	factorial	421	200.0	True	0.7706194845210894	0.17669211506087307
6301	condition_006	f051	177.945618549475	0.03466412822996275	123.54011444763891	256.3106186401985	28.62721339602751	53,33,33,33	experimental_log_linear_extrapolation	approximate_95pct_joint_read_log_normal	experimental_joint_read_delta_method;k_values_are_correlated_not_replicates;requires_independent_reads;model_bias_not_calibrated;catalogue_specificity_not_background_verified;genome_size_treated_as_fixed	5	iid_high_indel	0.0	factorial	421	200.0	True	0.663852520962798	-0.11027190725262499
6301	condition_006	f052	233.67297775984125	0.026741175450659314	169.59529866213705	321.96093267850506	36.86670887433605	66,41,41,41	experimental_log_linear_extrapolation	approximate_95pct_joint_read_log_normal	experimental_joint_read_delta_method;k_values_are_correlated_not_replicates;requires_independent_reads;model_bias_not_calibrated;catalogue_specificity_not_background_verified;genome_size_treated_as_fixed	5	iid_high_indel	0.02	factorial	421	200.0	True	0.76182817008184	0.16836488879920622
6301	condition_006	f053	188.63108152745707	0.03465631540241965	130.96396515468103	271.69065075414267	28.5827758417512	37,32,32,32	experimental_log_linear_extrapolation	approximate_95pct_joint_read_log_normal	experimental_joint_read_delta_method;k_values_are_correlated_not_replicates;requires_independent_reads;model_bias_not_calibrated;catalogue_specificity_not_background_verified;genome_size_treated_as_fixed	5	iid_high_indel	0.0	factorial	421	200.0	True	0.7036334279973082	-0.05684459236271465
6301	condition_006	f054	202.78427114591972	0.03146238609255867	143.23567650382043	287.089513087091	31.236407725456733	57,34,34,34	experimental_log_linear_extrapolation	approximate_95pct_joint_read_log_normal	experimental_joint_read_delta_method;k_values_are_correlated_not_replicates;requires_independent_reads;model_bias_not_calibrated;catalogue_specificity_not_background_verified;genome_size_treated_as_fixed	5	iid_high_indel	0.02	factorial	421	200.0	True	0.7192691829163529	0.013921355729598588
6301	condition_006	megabase_171	5620.176082083975	0.0027021288576873676	5075.7796403379025	6222.961088107054	333.9032511078966	355,349,349,349	experimental_log_linear_extrapolation	approximate_95pct_joint_read_log_normal	experimental_joint_read_delta_method;k_values_are_correlated_not_replicates;requires_independent_reads;model_bias_not_calibrated;catalogue_specificity_not_background_verified;genome_size_treated_as_fixed	5	iid_high_indel	0.01	megabase	171	6000.0	True	0.19119690796152525	-0.06330398631933742
6301	condition_007	f001	19.158343451595428	NA	NA	NA	18.99999999999999	85,19,19,19	experimental_log_linear_extrapolation	insufficient_effective_reads	experimental_joint_read_delta_method;k_values_are_correlated_not_replicates;requires_independent_reads;model_bias_not_calibrated;catalogue_specificity_not_background_verified;genome_size_treated_as_fixed	20	error_free	0.0	factorial	61	20.0	NA	NA	-0.0420828274202286
6301	condition_007	f002	26.590743662098696	0.03686653738246174	18.251315083568038	38.74064116837404	26.920732539235487	72,28,28,28	experimental_log_linear_extrapolation	approximate_95pct_joint_read_log_normal	experimental_joint_read_delta_method;k_values_are_correlated_not_replicates;requires_independent_reads;model_bias_not_calibrated;catalogue_specificity_not_background_verified;genome_size_treated_as_fixed	20	error_free	0.02	factorial	61	20.0	True	1.0244663042403002	0.3295371831049348
6301	condition_007	f003	23.423975914655344	0.04138938587578294	15.721316954124422	34.9005524951527	24.071970469755968	25,25,25,25	experimental_log_linear_extrapolation	approximate_95pct_joint_read_log_normal	experimental_joint_read_delta_method;k_values_are_correlated_not_replicates;requires_independent_reads;model_bias_not_calibrated;catalogue_specificity_not_background_verified;genome_size_treated_as_fixed	20	error_free	0.0	factorial	61	20.0	True	0.958961777051414	0.1711987957327672
6301	condition_007	f004	15.770697289749013	NA	NA	NA	14.857220642193619	15,15,15,15	experimental_log_linear_extrapolation	insufficient_effective_reads	experimental_joint_read_delta_method;k_values_are_correlated_not_replicates;requires_independent_reads;model_bias_not_calibrated;catalogue_specificity_not_background_verified;genome_size_treated_as_fixed	20	error_free	0.02	factorial	61	20.0	NA	NA	-0.21146513551254936
6301	condition_007	f005	20.974395723188913	0.04497912533878564	13.84089672942443	31.784448981378937	22.09533987996315	24,24,24,24	experimental_log_linear_extrapolation	approximate_95pct_joint_read_log_normal	experimental_joint_read_delta_method;k_values_are_correlated_not_replicates;requires_independent_reads;model_bias_not_calibrated;catalogue_specificity_not_background_verified;genome_size_treated_as_fixed	20	error_free	0.0	factorial	61	20.0	True	0.8971776125977253	0.04871978615944563
6301	condition_007	f006	20.560851167666083	0.046478446857646946	13.475091896022942	31.37259500721374	21.065746692421815	39,24,24,24	experimental_log_linear_extrapolation	approximate_95pct_joint_read_log_normal	experimental_joint_read_delta_method;k_values_are_correlated_not_replicates;requires_independent_reads;model_bias_not_calibrated;catalogue_specificity_not_background_verified;genome_size_treated_as_fixed	20	error_free	0.02	factorial	61	20.0	True	0.8948751555595399	0.02804255838330416
6301	condition_007	f007	99.36243898077004	0.03588596623650382	68.54473461777083	144.0357794841854	27.70324972058249	57,31,31,31	experimental_log_linear_extrapolation	approximate_95pct_joint_read_log_normal	experimental_joint_read_delta_method;k_values_are_correlated_not_replicates;requires_independent_reads;model_bias_not_calibrated;catalogue_specificity_not_background_verified;genome_size_treated_as_fixed	20	error_free	0.0	factorial	61	80.0	True	0.9436380608301823	0.24203048725962545
6301	condition_007	f008	79.24487580800505	0.04722671037984358	51.75955822311749	121.32542389091344	20.901184002559926	78,23,23,23	experimental_log_linear_extrapolation	approximate_95pct_joint_read_log_normal	experimental_joint_read_delta_method;k_values_are_correlated_not_replicates;requires_independent_reads;model_bias_not_calibrated;catalogue_specificity_not_background_verified;genome_size_treated_as_fixed	20	error_free	0.02	factorial	61	80.0	True	0.8695733208474493	-0.009439052399936898
6301	condition_007	f009	84.32965852936107	0.041222628587031185	56.644514364173354	125.54598424055925	24.160218700036182	28,28,28,28	experimental_log_linear_extrapolation	approximate_95pct_joint_read_log_normal	experimental_joint_read_delta_method;k_values_are_correlated_not_replicates;requires_independent_reads;model_bias_not_calibrated;catalogue_specificity_not_background_verified;genome_size_treated_as_fixed	20	error_free	0.0	factorial	61	80.0	True	0.8612683734548238	0.05412073161701336
6301	condition_007	f010	57.2106381029872	NA	NA	NA	15.965354560221874	20,20,19,19	experimental_log_linear_extrapolation	insufficient_effective_reads	experimental_joint_read_delta_method;k_values_are_correlated_not_replicates;requires_independent_reads;model_bias_not_calibrated;catalogue_specificity_not_background_verified;genome_size_treated_as_fixed	20	error_free	0.02	factorial	61	80.0	NA	NA	-0.28486702371266004
6301	condition_007	f011	52.404543603165436	NA	NA	NA	16.309315706061373	43,22,22,22	experimental_log_linear_extrapolation	insufficient_effective_reads	experimental_joint_read_delta_method;k_values_are_correlated_not_replicates;requires_independent_reads;model_bias_not_calibrated;catalogue_specificity_not_background_verified;genome_size_treated_as_fixed	20	error_free	0.0	factorial	61	80.0	NA	NA	-0.34494320496043207
6301	condition_007	f012	81.18627975584049	0.043676990096941	53.900114062501515	122.28567852287945	22.97357860973516	42,27,27,27	experimental_log_linear_extrapolation	approximate_95pct_joint_read_log_normal	experimental_joint_read_delta_method;k_values_are_correlated_not_replicates;requires_independent_reads;model_bias_not_calibrated;catalogue_specificity_not_background_verified;genome_size_treated_as_fixed	20	error_free	0.02	factorial	61	80.0	True	0.8548195557547242	0.014828496948006097
6301	condition_007	f013	152.44189412657144	0.045661824168570765	100.27998243409111	231.73648938530985	21.756751073859764	95,32,32,32	experimental_log_linear_extrapolation	approximate_95pct_joint_read_log_normal	experimental_joint_read_delta_method;k_values_are_correlated_not_replicates;requires_independent_reads;model_bias_not_calibrated;catalogue_specificity_not_background_verified;genome_size_treated_as_fixed	20	error_free	0.0	factorial	61	200.0	True	0.6572825347560937	-0.2377905293671428
6301	condition_007	f014	174.84888755488387	0.043719654612102574	116.06013019556815	263.41632934294125	22.749410419647326	43,31,31,31	experimental_log_linear_extrapolation	approximate_95pct_joint_read_log_normal	experimental_joint_read_delta_method;k_values_are_correlated_not_replicates;requires_independent_reads;model_bias_not_calibrated;catalogue_specificity_not_background_verified;genome_size_treated_as_fixed	20	error_free	0.02	factorial	61	200.0	True	0.7367809957368655	-0.12575556222558062
6301	condition_007	f015	215.36618720522304	0.03153625389123803	152.06081743988648	305.0266029883169	31.537396622416082	60,44,44,44	experimental_log_linear_extrapolation	approximate_95pct_joint_read_log_normal	experimental_joint_read_delta_method;k_values_are_correlated_not_replicates;requires_independent_reads;model_bias_not_calibrated;catalogue_specificity_not_background_verified;genome_size_treated_as_fixed	20	error_free	0.0	factorial	61	200.0	True	0.764828927742152	0.07683093602611521
6301	condition_007	f016	173.14772881772515	0.04171993428044333	116.02591014194668	258.39173300221165	23.87443866660588	78,30,30,30	experimental_log_linear_extrapolation	approximate_95pct_joint_read_log_normal	experimental_joint_read_delta_method;k_values_are_correlated_not_replicates;requires_independent_reads;model_bias_not_calibrated;catalogue_specificity_not_background_verified;genome_size_treated_as_fixed	20	error_free	0.02	factorial	61	200.0	True	0.7118291143013249	-0.13426135591137422
6301	condition_007	f017	222.194609120589	0.033909948309666926	154.87727492680602	318.77139073878647	29.374049065845195	37,37,37,37	experimental_log_linear_extrapolation	approximate_95pct_joint_read_log_normal	experimental_joint_read_delta_method;k_values_are_correlated_not_replicates;requires_independent_reads;model_bias_not_calibrated;catalogue_specificity_not_background_verified;genome_size_treated_as_fixed	20	error_free	0.0	factorial	61	200.0	True	0.8194705790599022	0.11097304560294503
6301	condition_007	f018	150.38473912746343	0.04690135592150141	98.36971756260799	229.90377854893626	21.32509506359833	68,32,32,32	experimental_log_linear_extrapolation	approximate_95pct_joint_read_log_normal	experimental_joint_read_delta_method;k_values_are_correlated_not_replicates;requires_independent_reads;model_bias_not_calibrated;catalogue_specificity_not_background_verified;genome_size_treated_as_fixed	20	error_free	0.02	factorial	61	200.0	True	0.6576703049316412	-0.24807630436268283
6301	condition_007	f019	18.933216819163977	0.048453980323783875	12.298599820208528	29.146952040219794	20.426960436994143	70,25,25,25	experimental_log_linear_extrapolation	approximate_95pct_joint_read_log_normal	experimental_joint_read_delta_method;k_values_are_correlated_not_replicates;requires_independent_reads;model_bias_not_calibrated;catalogue_specificity_not_background_verified;genome_size_treated_as_fixed	20	error_free	0.0	factorial	171	20.0	True	0.8424176110005632	-0.05333915904180113
6301	condition_007	f020	20.036853077190937	0.043141527564422716	13.33614682356457	30.10430872938057	22.87865081974115	128,26,26,26	experimental_log_linear_extrapolation	approximate_95pct_joint_read_log_normal	experimental_joint_read_delta_method;k_values_are_correlated_not_replicates;requires_independent_reads;model_bias_not_calibrated;catalogue_specificity_not_background_verified;genome_size_treated_as_fixed	20	error_free	0.02	factorial	171	20.0	True	0.8384080952908001	0.00184265385954685
6301	condition_007	f021	24.481988857903673	0.03814724194790531	16.695360753509693	35.90025919700601	26.078977133464885	54,29,29,29	experimental_log_linear_extrapolation	approximate_95pct_joint_read_log_normal	experimental_joint_read_delta_method;k_values_are_correlated_not_replicates;requires_independent_reads;model_bias_not_calibrated;catalogue_specificity_not_background_verified;genome_size_treated_as_fixed	20	error_free	0.0	factorial	171	20.0	True	0.9602449221748157	0.22409944289518363
6301	condition_007	f022	21.11684265219379	0.04536683781165429	13.910007864962015	32.0575694799385	21.84892156120397	132,25,25,25	experimental_log_linear_extrapolation	approximate_95pct_joint_read_log_normal	experimental_joint_read_delta_method;k_values_are_correlated_not_replicates;requires_independent_reads;model_bias_not_calibrated;catalogue_specificity_not_background_verified;genome_size_treated_as_fixed	20	error_free	0.02	factorial	171	20.0	True	0.9073780807488243	0.05584213260968944
6301	condition_007	f023	21.646762773086888	0.04273064711225272	14.435696578095335	32.459974204869695	23.31244702307878	40,25,25,25	experimental_log_linear_extrapolation	approximate_95pct_joint_read_log_normal	experimental_joint_read_delta_method;k_values_are_correlated_not_replicates;requires_independent_reads;model_bias_not_calibrated;catalogue_specificity_not_background_verified;genome_size_treated_as_fixed	20	error_free	0.0	factorial	171	20.0	True	0.901213881338718	0.08233813865434439
6301	condition_007	f024	14.764142673065473	NA	NA	NA	16.84476688583499	57,19,19,19	experimental_log_linear_extrapolation	insufficient_effective_reads	experimental_joint_read_delta_method;k_values_are_correlated_not_replicates;requires_independent_reads;model_bias_not_calibrated;catalogue_specificity_not_background_verified;genome_size_treated_as_fixed	20	error_free	0.02	factorial	171	20.0	NA	NA	-0.2617928663467263
6301	condition_007	f025	105.52293413420273	0.025670873883022072	77.08435042963781	144.45331077227328	38.73964311527077	138,51,51,51	experimental_log_linear_extrapolation	approximate_95pct_joint_read_log_normal	experimental_joint_read_delta_method;k_values_are_correlated_not_replicates;requires_independent_reads;model_bias_not_calibrated;catalogue_specificity_not_background_verified;genome_size_treated_as_fixed	20	error_free	0.0	factorial	171	80.0	True	0.8421120042829434	0.3190366766775341
6301	condition_007	f026	85.24649024411129	0.03285711177995989	59.75623103009265	121.6101479907558	30.348794440296032	61,39,39,39	experimental_log_linear_extrapolation	approximate_95pct_joint_read_log_normal	experimental_joint_read_delta_method;k_values_are_correlated_not_replicates;requires_independent_reads;model_bias_not_calibrated;catalogue_specificity_not_background_verified;genome_size_treated_as_fixed	20	error_free	0.02	factorial	171	80.0	True	0.7731739620082895	0.06558112805139107
6301	condition_007	f027	70.76173838045568	0.03623495311395233	48.72683316422173	102.76111319913699	27.44795074494323	58,40,40,40	experimental_log_linear_extrapolation	approximate_95pct_joint_read_log_normal	experimental_joint_read_delta_method;k_values_are_correlated_not_replicates;requires_independent_reads;model_bias_not_calibrated;catalogue_specificity_not_background_verified;genome_size_treated_as_fixed	20	error_free	0.0	factorial	171	80.0	True	0.6754285004364406	-0.11547827024430397
6301	condition_007	f028	53.06379864762261	0.04150036863474403	35.59546154500463	79.10465561333878	23.589332655210136	497,28,28,28	experimental_log_linear_extrapolation	approximate_95pct_joint_read_log_normal	experimental_joint_read_delta_method;k_values_are_correlated_not_replicates;requires_independent_reads;model_bias_not_calibrated;catalogue_specificity_not_background_verified;genome_size_treated_as_fixed	20	error_free	0.02	factorial	171	80.0	False	0.5438649258541768	-0.33670251690471736
6301	condition_007	f029	87.21780621881813	0.030941739293827358	61.78407638940386	123.12146051483134	32.15581732722147	45,45,45,45	experimental_log_linear_extrapolation	approximate_95pct_joint_read_log_normal	experimental_joint_read_delta_method;k_values_are_correlated_not_replicates;requires_independent_reads;model_bias_not_calibrated;catalogue_specificity_not_background_verified;genome_size_treated_as_fixed	20	error_free	0.0	factorial	171	80.0	True	0.7667173015678436	0.09022257773522657
6301	condition_007	f030	82.11919331490574	0.03411430349561567	57.17777581285113	117.94026288751152	28.68291262374698	65,41,41,41	experimental_log_linear_extrapolation	approximate_95pct_joint_read_log_normal	experimental_joint_read_delta_method;k_values_are_correlated_not_replicates;requires_independent_reads;model_bias_not_calibrated;catalogue_specificity_not_background_verified;genome_size_treated_as_fixed	20	error_free	0.02	factorial	171	80.0	True	0.7595310884332549	0.026489916436321793
6301	condition_007	f031	205.8524601332462	0.017146447311935063	159.25605342104228	266.0824152842578	57.97824295472419	287,70,70,70	experimental_log_linear_extrapolation	approximate_95pct_joint_read_log_normal	experimental_joint_read_delta_method;k_values_are_correlated_not_replicates;requires_independent_reads;model_bias_not_calibrated;catalogue_specificity_not_background_verified;genome_size_treated_as_fixed	20	error_free	0.0	factorial	171	200.0	True	0.5341318093160777	0.029262300666231054
6301	condition_007	f032	267.5692709762675	0.013631553065212965	212.84078118917418	336.37028754907027	73.1851857235494	136,90,90,90	experimental_log_linear_extrapolation	approximate_95pct_joint_read_log_normal	experimental_joint_read_delta_method;k_values_are_correlated_not_replicates;requires_independent_reads;model_bias_not_calibrated;catalogue_specificity_not_background_verified;genome_size_treated_as_fixed	20	error_free	0.02	factorial	171	200.0	False	0.6176475317994804	0.33784635488133746
6301	condition_007	f033	204.47708190557384	0.017360820365184073	157.93919743443976	264.72767814319405	57.30296331319225	109,69,69,69	experimental_log_linear_extrapolation	approximate_95pct_joint_read_log_normal	experimental_joint_read_delta_method;k_values_are_correlated_not_replicates;requires_independent_reads;model_bias_not_calibrated;catalogue_specificity_not_background_verified;genome_size_treated_as_fixed	20	error_free	0.0	factorial	171	200.0	True	0.5339424035437714	0.0223854095278692
6301	condition_007	f034	193.0582117282249	0.018218779215534067	148.18207912971164	251.5248357601625	54.020173370900096	119,64,64,64	experimental_log_linear_extrapolation	approximate_95pct_joint_read_log_normal	experimental_joint_read_delta_method;k_values_are_correlated_not_replicates;requires_independent_reads;model_bias_not_calibrated;catalogue_specificity_not_background_verified;genome_size_treated_as_fixed	20	error_free	0.02	factorial	171	200.0	True	0.5167137831522542	-0.03470894135887548
6301	condition_007	f035	204.76917077216208	0.017394917663577526	158.1247222649717	265.1730399782491	57.187311001056386	132,69,69,69	experimental_log_linear_extrapolation	approximate_95pct_joint_read_log_normal	experimental_joint_read_delta_method;k_values_are_correlated_not_replicates;requires_independent_reads;model_bias_not_calibrated;catalogue_specificity_not_background_verified;genome_size_treated_as_fixed	20	error_free	0.0	factorial	171	200.0	True	0.535241588566387	0.023845853860810423
6301	condition_007	f036	211.46960879973452	0.016014629404834578	165.01724228068704	270.99832010188993	62.27275860179837	76,76,76,76	experimental_log_linear_extrapolation	approximate_95pct_joint_read_log_normal	experimental_joint_read_delta_method;k_values_are_correlated_not_replicates;requires_independent_reads;model_bias_not_calibrated;catalogue_specificity_not_background_verified;genome_size_treated_as_fixed	20	error_free	0.02	factorial	171	200.0	True	0.5299053891060145	0.057348043998672577
6301	condition_007	f037	24.184099881911223	0.0349507787111665	16.764735860416113	34.88696105730004	28.468184011297733	152,33,33,33	experimental_log_linear_extrapolation	approximate_95pct_joint_read_log_normal	experimental_joint_read_delta_method;k_values_are_correlated_not_replicates;requires_independent_reads;model_bias_not_calibrated;catalogue_specificity_not_background_verified;genome_size_treated_as_fixed	20	error_free	0.0	factorial	421	20.0	True	0.9061112598441964	0.20920499409556115
6301	condition_007	f038	28.672548359042164	0.027483755518545268	20.718207769854544	39.68079857746225	35.72126675459544	344,47,47,47	experimental_log_linear_extrapolation	approximate_95pct_joint_read_log_normal	experimental_joint_read_delta_method;k_values_are_correlated_not_replicates;requires_independent_reads;model_bias_not_calibrated;catalogue_specificity_not_background_verified;genome_size_treated_as_fixed	20	error_free	0.02	factorial	421	20.0	False	0.9481295403803852	0.4336274179521082
6301	condition_007	f039	14.923967749312117	NA	NA	NA	19.31675755785355	59,25,25,25	experimental_log_linear_extrapolation	insufficient_effective_reads	experimental_joint_read_delta_method;k_values_are_correlated_not_replicates;requires_independent_reads;model_bias_not_calibrated;catalogue_specificity_not_background_verified;genome_size_treated_as_fixed	20	error_free	0.0	factorial	421	20.0	NA	NA	-0.25380161253439415
6301	condition_007	f040	9.98641132536085	NA	NA	NA	11.929076334280946	113,17,17,17	experimental_log_linear_extrapolation	insufficient_effective_reads	experimental_joint_read_delta_method;k_values_are_correlated_not_replicates;requires_independent_reads;model_bias_not_calibrated;catalogue_specificity_not_background_verified;genome_size_treated_as_fixed	20	error_free	0.02	factorial	421	20.0	NA	NA	-0.5006794337319576
6301	condition_007	f041	17.535300764896828	0.037286235394849813	12.010172109112544	25.602195382536614	26.585337553833565	94,39,39,39	experimental_log_linear_extrapolation	approximate_95pct_joint_read_log_normal	experimental_joint_read_delta_method;k_values_are_correlated_not_replicates;requires_independent_reads;model_bias_not_calibrated;catalogue_specificity_not_background_verified;genome_size_treated_as_fixed	20	error_free	0.0	factorial	421	20.0	True	0.6796011636712035	-0.1232349617551586
6301	condition_007	f042	23.919948099262903	0.034843774207674365	16.590932882408257	34.48654280785557	28.37354017902509	94,34,34,34	experimental_log_linear_extrapolation	approximate_95pct_joint_read_log_normal	experimental_joint_read_delta_method;k_values_are_correlated_not_replicates;requires_independent_reads;model_bias_not_calibrated;catalogue_specificity_not_background_verified;genome_size_treated_as_fixed	20	error_free	0.02	factorial	421	20.0	True	0.8947804962723657	0.19599740496314516
6301	condition_007	f043	73.79379924947342	0.018342098505172977	56.58992112723481	96.2278211243316	54.19640495151358	265,66,66,66	experimental_log_linear_extrapolation	approximate_95pct_joint_read_log_normal	experimental_joint_read_delta_method;k_values_are_correlated_not_replicates;requires_independent_reads;model_bias_not_calibrated;catalogue_specificity_not_background_verified;genome_size_treated_as_fixed	20	error_free	0.0	factorial	421	80.0	True	0.49547374996370985	-0.07757750938158221
6301	condition_007	f044	70.50247070523314	0.02018657448038302	53.36617506918662	93.14136471459909	48.48058863651094	267,65,65,65	experimental_log_linear_extrapolation	approximate_95pct_joint_read_log_normal	experimental_joint_read_delta_method;k_values_are_correlated_not_replicates;requires_independent_reads;model_bias_not_calibrated;catalogue_specificity_not_background_verified;genome_size_treated_as_fixed	20	error_free	0.02	factorial	421	80.0	True	0.49718987056765596	-0.11871911618458579
6301	condition_007	f045	94.25191571413703	0.015525902672022788	73.82916169410858	120.3240482750012	64.0300391411259	132,76,76,76	experimental_log_linear_extrapolation	approximate_95pct_joint_read_log_normal	experimental_joint_read_delta_method;k_values_are_correlated_not_replicates;requires_independent_reads;model_bias_not_calibrated;catalogue_specificity_not_background_verified;genome_size_treated_as_fixed	20	error_free	0.0	factorial	421	80.0	True	0.5811860822611579	0.17814894642671283
6301	condition_007	f046	83.79169165992514	0.016067847916094863	65.35871260275951	107.42328469510782	61.718549144906554	282,79,79,79	experimental_log_linear_extrapolation	approximate_95pct_joint_read_log_normal	experimental_joint_read_delta_method;k_values_are_correlated_not_replicates;requires_independent_reads;model_bias_not_calibrated;catalogue_specificity_not_background_verified;genome_size_treated_as_fixed	20	error_free	0.02	factorial	421	80.0	True	0.525807151154354	0.047396145749064186
6301	condition_007	f047	79.22517545568675	0.017894707497645972	60.95327456026674	102.97442543104748	55.57546914435092	88,70,70,70	experimental_log_linear_extrapolation	approximate_95pct_joint_read_log_normal	experimental_joint_read_delta_method;k_values_are_correlated_not_replicates;requires_independent_reads;model_bias_not_calibrated;catalogue_specificity_not_background_verified;genome_size_treated_as_fixed	20	error_free	0.0	factorial	421	80.0	True	0.5252643858847592	-0.009685306803915595
6301	condition_007	f048	94.76165631846334	0.016443976477097604	73.70205640689008	121.83881896922328	60.39035084458935	103,75,75,75	experimental_log_linear_extrapolation	approximate_95pct_joint_read_log_normal	experimental_joint_read_delta_method;k_values_are_correlated_not_replicates;requires_independent_reads;model_bias_not_calibrated;catalogue_specificity_not_background_verified;genome_size_treated_as_fixed	20	error_free	0.02	factorial	421	80.0	True	0.601709532029165	0.18452070398079173
6301	condition_007	f049	215.65291040296117	0.0072886688850001356	182.4253118379806	254.93270257677642	135.77538801700067	321,151,151,151	experimental_log_linear_extrapolation	approximate_95pct_joint_read_log_normal	experimental_joint_read_delta_method;k_values_are_correlated_not_replicates;requires_independent_reads;model_bias_not_calibrated;catalogue_specificity_not_background_verified;genome_size_treated_as_fixed	20	error_free	0.0	factorial	421	200.0	True	0.36253695369397915	0.07826455201480584
6301	condition_007	f050	211.00647620061997	0.007334873470879668	178.40030213627847	249.5720717142704	134.2769266304697	301,157,157,157	experimental_log_linear_extrapolation	approximate_95pct_joint_read_log_normal	experimental_joint_read_delta_method;k_values_are_correlated_not_replicates;requires_independent_reads;model_bias_not_calibrated;catalogue_specificity_not_background_verified;genome_size_treated_as_fixed	20	error_free	0.02	factorial	421	200.0	True	0.3558588478899597	0.05503238100309986
6301	condition_007	f051	188.27487504737954	0.008430451233415301	157.26684704913598	225.39670146137854	117.49001928308765	225,137,137,137	experimental_log_linear_extrapolation	approximate_95pct_joint_read_log_normal	experimental_joint_read_delta_method;k_values_are_correlated_not_replicates;requires_independent_reads;model_bias_not_calibrated;catalogue_specificity_not_background_verified;genome_size_treated_as_fixed	20	error_free	0.0	factorial	421	200.0	True	0.3406492720612128	-0.05862562476310231
6301	condition_007	f052	208.88870551843024	0.0075916609502981415	176.09606467967677	247.78799783253373	129.93939958594896	294,150,150,150	experimental_log_linear_extrapolation	approximate_95pct_joint_read_log_normal	experimental_joint_read_delta_method;k_values_are_correlated_not_replicates;requires_independent_reads;model_bias_not_calibrated;catalogue_specificity_not_background_verified;genome_size_treated_as_fixed	20	error_free	0.02	factorial	421	200.0	True	0.3584596657642848	0.044443527592151214
6301	condition_007	f053	236.73431197666278	0.006626672630195569	201.82254440388462	277.68520425999145	149.21393982223242	169,169,169,169	experimental_log_linear_extrapolation	approximate_95pct_joint_read_log_normal	experimental_joint_read_delta_method;k_values_are_correlated_not_replicates;requires_independent_reads;model_bias_not_calibrated;catalogue_specificity_not_background_verified;genome_size_treated_as_fixed	20	error_free	0.0	factorial	421	200.0	False	0.37931329928053414	0.1836715598833139
6301	condition_007	f054	219.80977722211858	0.007309423846123094	185.89743039483696	259.9085853947302	135.77523098978074	265,157,157,157	experimental_log_linear_extrapolation	approximate_95pct_joint_read_log_normal	experimental_joint_read_delta_method;k_values_are_correlated_not_replicates;requires_independent_reads;model_bias_not_calibrated;catalogue_specificity_not_background_verified;genome_size_treated_as_fixed	20	error_free	0.02	factorial	421	200.0	True	0.37005577499946624	0.09904888611059291
6301	condition_007	megabase_171	5848.8585853327195	0.0006356783546446521	5566.856978733049	6145.145614825165	1415.865682244457	1508,1475,1475,1475	experimental_log_linear_extrapolation	approximate_95pct_joint_read_log_normal	experimental_joint_read_delta_method;k_values_are_correlated_not_replicates;requires_independent_reads;model_bias_not_calibrated;catalogue_specificity_not_background_verified;genome_size_treated_as_fixed	20	error_free	0.01	megabase	171	6000.0	True	0.09638143934868594	-0.025190235777880085
6301	condition_008	f001	19.24951948547414	NA	NA	NA	18.96585194068404	82,19,19,19	experimental_log_linear_extrapolation	insufficient_effective_reads	experimental_joint_read_delta_method;k_values_are_correlated_not_replicates;requires_independent_reads;model_bias_not_calibrated;catalogue_specificity_not_background_verified;genome_size_treated_as_fixed	20	iid_low_indel	0.0	factorial	61	20.0	NA	NA	-0.03752402572629308
6301	condition_008	f002	26.701729231846514	0.03686509696090129	18.32762793505988	38.902052491307145	26.82659237457154	71,28,28,28	experimental_log_linear_extrapolation	approximate_95pct_joint_read_log_normal	experimental_joint_read_delta_method;k_values_are_correlated_not_replicates;requires_independent_reads;model_bias_not_calibrated;catalogue_specificity_not_background_verified;genome_size_treated_as_fixed	20	iid_low_indel	0.02	factorial	61	20.0	True	1.0287212278123632	0.3350864615923257
6301	condition_008	f003	23.496674866499358	0.04139465786143344	15.76970937116381	35.00975932958731	23.94417292149715	25,25,25,25	experimental_log_linear_extrapolation	approximate_95pct_joint_read_log_normal	experimental_joint_read_delta_method;k_values_are_correlated_not_replicates;requires_independent_reads;model_bias_not_calibrated;catalogue_specificity_not_background_verified;genome_size_treated_as_fixed	20	iid_low_indel	0.0	factorial	61	20.0	True	0.9620024979211751	0.1748337433249679
6301	condition_008	f004	15.851400190789024	NA	NA	NA	14.73033309390636	15,15,15,15	experimental_log_linear_extrapolation	insufficient_effective_reads	experimental_joint_read_delta_method;k_values_are_correlated_not_replicates;requires_independent_reads;model_bias_not_calibrated;catalogue_specificity_not_background_verified;genome_size_treated_as_fixed	20	iid_low_indel	0.02	factorial	61	20.0	NA	NA	-0.20742999046054883
6301	condition_008	f005	21.05727889597834	0.04497976791931245	13.895549653643808	31.910144294777158	21.832498027433388	25,24,24,24	experimental_log_linear_extrapolation	approximate_95pct_joint_read_log_normal	experimental_joint_read_delta_method;k_values_are_correlated_not_replicates;requires_independent_reads;model_bias_not_calibrated;catalogue_specificity_not_background_verified;genome_size_treated_as_fixed	20	iid_low_indel	0.0	factorial	61	20.0	True	0.9007297320566675	0.05286394479891694
6301	condition_008	f006	20.60804668007926	0.04646168597616833	13.507051845151897	31.442212026509758	21.00442589323305	39,24,24,24	experimental_log_linear_extrapolation	approximate_95pct_joint_read_log_normal	experimental_joint_read_delta_method;k_values_are_correlated_not_replicates;requires_independent_reads;model_bias_not_calibrated;catalogue_specificity_not_background_verified;genome_size_treated_as_fixed	20	iid_low_indel	0.02	factorial	61	20.0	True	0.8967580090678929	0.030402334003962927
6301	condition_008	f007	99.64380477061279	0.035877667288714866	68.74178486472182	144.43744585194042	27.66909370417759	56,31,31,31	experimental_log_linear_extrapolation	approximate_95pct_joint_read_log_normal	experimental_joint_read_delta_method;k_values_are_correlated_not_replicates;requires_independent_reads;model_bias_not_calibrated;catalogue_specificity_not_background_verified;genome_size_treated_as_fixed	20	iid_low_indel	0.0	factorial	61	80.0	True	0.9461957623402325	0.24554755963265987
6301	condition_008	f008	79.40444812342612	0.04727028574307312	51.853596479921194	121.59361760427402	20.856957349332813	76,23,23,23	experimental_log_linear_extrapolation	approximate_95pct_joint_read_log_normal	experimental_joint_read_delta_method;k_values_are_correlated_not_replicates;requires_independent_reads;model_bias_not_calibrated;catalogue_specificity_not_background_verified;genome_size_treated_as_fixed	20	iid_low_indel	0.02	factorial	61	80.0	True	0.8717502640544103	-0.0074443984571734845
6301	condition_008	f009	84.59181220516834	0.04123686858778057	56.81669893322665	125.94492159011618	24.156175784256714	29,28,28,28	experimental_log_linear_extrapolation	approximate_95pct_joint_read_log_normal	experimental_joint_read_delta_method;k_values_are_correlated_not_replicates;requires_independent_reads;model_bias_not_calibrated;catalogue_specificity_not_background_verified;genome_size_treated_as_fixed	20	iid_low_indel	0.0	factorial	61	80.0	True	0.8641027832111192	0.05739765256460423
6301	condition_008	f010	57.25132532642483	NA	NA	NA	15.959435193873226	20,20,19,19	experimental_log_linear_extrapolation	insufficient_effective_reads	experimental_joint_read_delta_method;k_values_are_correlated_not_replicates;requires_independent_reads;model_bias_not_calibrated;catalogue_specificity_not_background_verified;genome_size_treated_as_fixed	20	iid_low_indel	0.02	factorial	61	80.0	NA	NA	-0.2843584334196896
6301	condition_008	f011	52.46028353916846	NA	NA	NA	16.3369761325441	45,22,22,22	experimental_log_linear_extrapolation	insufficient_effective_reads	experimental_joint_read_delta_method;k_values_are_correlated_not_replicates;requires_independent_reads;model_bias_not_calibrated;catalogue_specificity_not_background_verified;genome_size_treated_as_fixed	20	iid_low_indel	0.0	factorial	61	80.0	NA	NA	-0.34424645576039425
6301	condition_008	f012	81.34082138967312	0.04358709596821695	54.025495295431455	122.46679439339071	22.98633057756129	43,27,27,27	experimental_log_linear_extrapolation	approximate_95pct_joint_read_log_normal	experimental_joint_read_delta_method;k_values_are_correlated_not_replicates;requires_independent_reads;model_bias_not_calibrated;catalogue_specificity_not_background_verified;genome_size_treated_as_fixed	20	iid_low_indel	0.02	factorial	61	80.0	True	0.8555162387244908	0.016760267370914052
6301	condition_008	f013	152.8791443976472	0.04566838351041407	100.56459120174594	232.4081718272911	21.67090667211858	96,32,32,32	experimental_log_linear_extrapolation	approximate_95pct_joint_read_log_normal	experimental_joint_read_delta_method;k_values_are_correlated_not_replicates;requires_independent_reads;model_bias_not_calibrated;catalogue_specificity_not_background_verified;genome_size_treated_as_fixed	20	iid_low_indel	0.0	factorial	61	200.0	True	0.6592179031277259	-0.23560427801176403
6301	condition_008	f014	174.85486108640228	0.043617798352380305	116.11954791260088	263.29953048523043	22.713041600613373	44,31,31,31	experimental_log_linear_extrapolation	approximate_95pct_joint_read_log_normal	experimental_joint_read_delta_method;k_values_are_correlated_not_replicates;requires_independent_reads;model_bias_not_calibrated;catalogue_specificity_not_background_verified;genome_size_treated_as_fixed	20	iid_low_indel	0.02	factorial	61	200.0	True	0.7358999128631478	-0.1257256945679886
6301	condition_008	f015	215.850298417894	0.031536703602511915	152.40224936685394	305.71301618352015	31.514197586900405	59,44,44,44	experimental_log_linear_extrapolation	approximate_95pct_joint_read_log_normal	experimental_joint_read_delta_method;k_values_are_correlated_not_replicates;requires_independent_reads;model_bias_not_calibrated;catalogue_specificity_not_background_verified;genome_size_treated_as_fixed	20	iid_low_indel	0.0	factorial	61	200.0	True	0.7665538340833311	0.07925149208947005
6301	condition_008	f016	174.01085018876026	0.04171367635084415	116.6077870424977	259.6719889073935	23.875004623566717	76,30,30,30	experimental_log_linear_extrapolation	approximate_95pct_joint_read_log_normal	experimental_joint_read_delta_method;k_values_are_correlated_not_replicates;requires_independent_reads;model_bias_not_calibrated;catalogue_specificity_not_background_verified;genome_size_treated_as_fixed	20	iid_low_indel	0.02	factorial	61	200.0	True	0.7153210093244788	-0.1299457490561987
6301	condition_008	f017	222.93698298829554	0.03390658193179755	155.3975190075323	319.8307070881519	29.339241111294932	37,37,37,37	experimental_log_linear_extrapolation	approximate_95pct_joint_read_log_normal	experimental_joint_read_delta_method;k_values_are_correlated_not_replicates;requires_independent_reads;model_bias_not_calibrated;catalogue_specificity_not_background_verified;genome_size_treated_as_fixed	20	iid_low_indel	0.0	factorial	61	200.0	True	0.8221659404030979	0.1146849149414777
6301	condition_008	f018	150.89424020940615	0.04687787268278517	98.71348296505552	230.65817398454263	21.342202697524826	68,32,32,32	experimental_log_linear_extrapolation	approximate_95pct_joint_read_log_normal	experimental_joint_read_delta_method;k_values_are_correlated_not_replicates;requires_independent_reads;model_bias_not_calibrated;catalogue_specificity_not_background_verified;genome_size_treated_as_fixed	20	iid_low_indel	0.02	factorial	61	200.0	True	0.6597234550974355	-0.24552879895296925
6301	condition_008	f019	18.98847131603593	0.04843886470766846	12.33532205747359	29.230046952966738	20.40415209956543	72,25,25,25	experimental_log_linear_extrapolation	approximate_95pct_joint_read_log_normal	experimental_joint_read_delta_method;k_values_are_correlated_not_replicates;requires_independent_reads;model_bias_not_calibrated;catalogue_specificity_not_background_verified;genome_size_treated_as_fixed	20	iid_low_indel	0.0	factorial	171	20.0	True	0.8447362447746574	-0.05057643419820348
6301	condition_008	f020	20.11134012226168	0.043036902167160135	13.392337307552276	30.201300357421843	22.790948852999374	135,26,26,26	experimental_log_linear_extrapolation	approximate_95pct_joint_read_log_normal	experimental_joint_read_delta_method;k_values_are_correlated_not_replicates;requires_independent_reads;model_bias_not_calibrated;catalogue_specificity_not_background_verified;genome_size_treated_as_fixed	20	iid_low_indel	0.02	factorial	171	20.0	True	0.8404481524934784	0.005567006113084005
6301	condition_008	f021	24.53958932226703	0.03813304719254612	16.735833109378092	35.98216116101673	26.011288837630758	56,29,29,29	experimental_log_linear_extrapolation	approximate_95pct_joint_read_log_normal	experimental_joint_read_delta_method;k_values_are_correlated_not_replicates;requires_independent_reads;model_bias_not_calibrated;catalogue_specificity_not_background_verified;genome_size_treated_as_fixed	20	iid_low_indel	0.0	factorial	171	20.0	True	0.9623164025819317	0.2269794661133515
6301	condition_008	f022	21.183569783224776	0.04534725567732535	13.95521951017527	32.15597063403826	21.75569046369475	129,25,25,25	experimental_log_linear_extrapolation	approximate_95pct_joint_read_log_normal	experimental_joint_read_delta_method;k_values_are_correlated_not_replicates;requires_independent_reads;model_bias_not_calibrated;catalogue_specificity_not_background_verified;genome_size_treated_as_fixed	20	iid_low_indel	0.02	factorial	171	20.0	True	0.9100375561931496	0.0591784891612388
6301	condition_008	f023	21.71877338292596	0.04273158705202003	14.483654152871823	32.56810141143582	23.312916302250315	41,25,25,25	experimental_log_linear_extrapolation	approximate_95pct_joint_read_log_normal	experimental_joint_read_delta_method;k_values_are_correlated_not_replicates;requires_independent_reads;model_bias_not_calibrated;catalogue_specificity_not_background_verified;genome_size_treated_as_fixed	20	iid_low_indel	0.0	factorial	171	20.0	True	0.9042223629281999	0.085938669146298
6301	condition_008	f024	14.826200767731327	NA	NA	NA	16.846879938299132	54,19,19,19	experimental_log_linear_extrapolation	insufficient_effective_reads	experimental_joint_read_delta_method;k_values_are_correlated_not_replicates;requires_independent_reads;model_bias_not_calibrated;catalogue_specificity_not_background_verified;genome_size_treated_as_fixed	20	iid_low_indel	0.02	factorial	171	20.0	NA	NA	-0.2586899616134336
6301	condition_008	f025	105.8677694349878	0.025670455683620613	77.33644993539387	144.9249948052022	38.56908649610414	135,51,51,51	experimental_log_linear_extrapolation	approximate_95pct_joint_read_log_normal	experimental_joint_read_delta_method;k_values_are_correlated_not_replicates;requires_independent_reads;model_bias_not_calibrated;catalogue_specificity_not_background_verified;genome_size_treated_as_fixed	20	iid_low_indel	0.0	factorial	171	80.0	True	0.8448568108726041	0.3233471179373476
6301	condition_008	f026	85.24803597508217	0.03284676329778598	59.76065818360161	121.60554884255006	30.345142482724775	64,39,39,39	experimental_log_linear_extrapolation	approximate_95pct_joint_read_log_normal	experimental_joint_read_delta_method;k_values_are_correlated_not_replicates;requires_independent_reads;model_bias_not_calibrated;catalogue_specificity_not_background_verified;genome_size_treated_as_fixed	20	iid_low_indel	0.02	factorial	171	80.0	True	0.7730611332368557	0.06560044968852718
6301	condition_008	f027	70.91718671428062	0.03621327310910373	48.8393271467352	102.97536156380762	27.424964681299787	59,40,40,40	experimental_log_linear_extrapolation	approximate_95pct_joint_read_log_normal	experimental_joint_read_delta_method;k_values_are_correlated_not_replicates;requires_independent_reads;model_bias_not_calibrated;catalogue_specificity_not_background_verified;genome_size_treated_as_fixed	20	iid_low_indel	0.0	factorial	171	80.0	True	0.6767004302134053	-0.11353516607149228
6301	condition_008	f028	53.270777963158004	0.04140814230841099	35.7501704070487	79.37796526532273	23.53403166981681	508,28,28,28	experimental_log_linear_extrapolation	approximate_95pct_joint_read_log_normal	experimental_joint_read_delta_method;k_values_are_correlated_not_replicates;requires_independent_reads;model_bias_not_calibrated;catalogue_specificity_not_background_verified;genome_size_treated_as_fixed	20	iid_low_indel	0.02	factorial	171	80.0	False	0.5453474357284254	-0.33411527546052494
6301	condition_008	f029	87.45605702597733	0.030939113685459114	61.9537567344243	123.45598255353437	32.04299967453645	45,45,45,45	experimental_log_linear_extrapolation	approximate_95pct_joint_read_log_normal	experimental_joint_read_delta_method;k_values_are_correlated_not_replicates;requires_independent_reads;model_bias_not_calibrated;catalogue_specificity_not_background_verified;genome_size_treated_as_fixed	20	iid_low_indel	0.0	factorial	171	80.0	True	0.7687778227388758	0.09320071282471662
6301	condition_008	f030	82.33404870762212	0.03412435666702788	57.324317330117495	118.25514707050058	28.716631993146912	69,41,41,41	experimental_log_linear_extrapolation	approximate_95pct_joint_read_log_normal	experimental_joint_read_delta_method;k_values_are_correlated_not_replicates;requires_independent_reads;model_bias_not_calibrated;catalogue_specificity_not_background_verified;genome_size_treated_as_fixed	20	iid_low_indel	0.02	factorial	171	80.0	True	0.7616353717547886	0.02917560884527646
6301	condition_008	f031	206.39584490059602	0.017149004924040773	159.67338232154236	266.7898943008963	58.02008858789559	280,70,70,70	experimental_log_linear_extrapolation	approximate_95pct_joint_read_log_normal	experimental_joint_read_delta_method;k_values_are_correlated_not_replicates;requires_independent_reads;model_bias_not_calibrated;catalogue_specificity_not_background_verified;genome_size_treated_as_fixed	20	iid_low_indel	0.0	factorial	171	200.0	True	0.5355825598967698	0.03197922450298009
6301	condition_008	f032	267.9753948854725	0.013634295026747546	213.1589310944508	336.8885924475082	73.22002457500021	137,90,90,90	experimental_log_linear_extrapolation	approximate_95pct_joint_read_log_normal	experimental_joint_read_delta_method;k_values_are_correlated_not_replicates;requires_independent_reads;model_bias_not_calibrated;catalogue_specificity_not_background_verified;genome_size_treated_as_fixed	20	iid_low_indel	0.02	factorial	171	200.0	False	0.6186483067652869	0.3398769744273625
6301	condition_008	f033	205.0085125782222	0.01736217797289589	158.34807847096062	265.41837852009473	57.30673706921252	105,69,69,69	experimental_log_linear_extrapolation	approximate_95pct_joint_read_log_normal	experimental_joint_read_delta_method;k_values_are_correlated_not_replicates;requires_independent_reads;model_bias_not_calibrated;catalogue_specificity_not_background_verified;genome_size_treated_as_fixed	20	iid_low_indel	0.0	factorial	171	200.0	True	0.5353515002456706	0.025042562891110974
6301	condition_008	f034	193.35432884203934	0.01821601272234878	148.41234525847958	251.90557036776855	53.98237997921612	116,64,64,64	experimental_log_linear_extrapolation	approximate_95pct_joint_read_log_normal	experimental_joint_read_delta_method;k_values_are_correlated_not_replicates;requires_independent_reads;model_bias_not_calibrated;catalogue_specificity_not_background_verified;genome_size_treated_as_fixed	20	iid_low_indel	0.02	factorial	171	200.0	True	0.5174661255464449	-0.033228355789803314
6301	condition_008	f035	205.32293803968741	0.017392345022580132	158.5553776241493	265.88507761106916	57.10471193022262	131,69,69,69	experimental_log_linear_extrapolation	approximate_95pct_joint_read_log_normal	experimental_joint_read_delta_method;k_values_are_correlated_not_replicates;requires_independent_reads;model_bias_not_calibrated;catalogue_specificity_not_background_verified;genome_size_treated_as_fixed	20	iid_low_indel	0.0	factorial	171	200.0	True	0.5366484999345994	0.026614690198437076
6301	condition_008	f036	211.86285609861295	0.0160182945854221	165.31941508333423	271.5099722052338	62.247461543556724	79,76,76,76	experimental_log_linear_extrapolation	approximate_95pct_joint_read_log_normal	experimental_joint_read_delta_method;k_values_are_correlated_not_replicates;requires_independent_reads;model_bias_not_calibrated;catalogue_specificity_not_background_verified;genome_size_treated_as_fixed	20	iid_low_indel	0.02	factorial	171	200.0	True	0.5309527856094978	0.05931428049306476
6301	condition_008	f037	24.239832514391193	0.034941605129349705	16.804178551526945	34.965677050149274	28.460139695841043	161,33,33,33	experimental_log_linear_extrapolation	approximate_95pct_joint_read_log_normal	experimental_joint_read_delta_method;k_values_are_correlated_not_replicates;requires_independent_reads;model_bias_not_calibrated;catalogue_specificity_not_background_verified;genome_size_treated_as_fixed	20	iid_low_indel	0.0	factorial	421	20.0	True	0.9080749249311164	0.21199162571955962
6301	condition_008	f038	28.820729394021168	0.02748147541289043	20.825561107651314	39.88533314947372	35.67378931510943	346,47,47,47	experimental_log_linear_extrapolation	approximate_95pct_joint_read_log_normal	experimental_joint_read_delta_method;k_values_are_correlated_not_replicates;requires_independent_reads;model_bias_not_calibrated;catalogue_specificity_not_background_verified;genome_size_treated_as_fixed	20	iid_low_indel	0.02	factorial	421	20.0	False	0.9529886020911205	0.44103646970105836
6301	condition_008	f039	14.956903577035902	NA	NA	NA	19.27014109686656	60,25,25,25	experimental_log_linear_extrapolation	insufficient_effective_reads	experimental_joint_read_delta_method;k_values_are_correlated_not_replicates;requires_independent_reads;model_bias_not_calibrated;catalogue_specificity_not_background_verified;genome_size_treated_as_fixed	20	iid_low_indel	0.0	factorial	421	20.0	NA	NA	-0.25215482114820487
6301	condition_008	f040	10.003336620807627	NA	NA	NA	11.984469683417059	117,17,17,17	experimental_log_linear_extrapolation	insufficient_effective_reads	experimental_joint_read_delta_method;k_values_are_correlated_not_replicates;requires_independent_reads;model_bias_not_calibrated;catalogue_specificity_not_background_verified;genome_size_treated_as_fixed	20	iid_low_indel	0.02	factorial	421	20.0	NA	NA	-0.49983316895961866
6301	condition_008	f041	17.58796103852167	0.03731073516517517	12.044742392027175	25.68227392703032	26.68207903356386	92,39,39,39	experimental_log_linear_extrapolation	approximate_95pct_joint_read_log_normal	experimental_joint_read_delta_method;k_values_are_correlated_not_replicates;requires_independent_reads;model_bias_not_calibrated;catalogue_specificity_not_background_verified;genome_size_treated_as_fixed	20	iid_low_indel	0.0	factorial	421	20.0	True	0.6818765767501572	-0.12060194807391653
6301	condition_008	f042	24.04713478917054	0.03488577073195198	16.6754739695224	34.677556549542444	28.358323751732406	98,34,34,34	experimental_log_linear_extrapolation	approximate_95pct_joint_read_log_normal	experimental_joint_read_delta_method;k_values_are_correlated_not_replicates;requires_independent_reads;model_bias_not_calibrated;catalogue_specificity_not_background_verified;genome_size_treated_as_fixed	20	iid_low_indel	0.02	factorial	421	20.0	True	0.9001041290010022	0.20235673945852692
6301	condition_008	f043	73.98775192310534	0.018341000484785475	56.73910755513789	96.47997070301601	54.13172048546572	273,66,66,66	experimental_log_linear_extrapolation	approximate_95pct_joint_read_log_normal	experimental_joint_read_delta_method;k_values_are_correlated_not_replicates;requires_independent_reads;model_bias_not_calibrated;catalogue_specificity_not_background_verified;genome_size_treated_as_fixed	20	iid_low_indel	0.0	factorial	421	80.0	True	0.49676078934847645	-0.0751531009611833
6301	condition_008	f044	70.76385785099205	0.020206058734803405	53.55683327438037	93.49924690843935	48.43420518589962	269,65,65,65	experimental_log_linear_extrapolation	approximate_95pct_joint_read_log_normal	experimental_joint_read_delta_method;k_values_are_correlated_not_replicates;requires_independent_reads;model_bias_not_calibrated;catalogue_specificity_not_background_verified;genome_size_treated_as_fixed	20	iid_low_indel	0.02	factorial	421	80.0	True	0.49928017042573725	-0.11545177686259933
6301	condition_008	f045	94.44227080809854	0.015523951268869598	73.97940556692089	120.56520929087343	64.00972539847639	137,76,76,76	experimental_log_linear_extrapolation	approximate_95pct_joint_read_log_normal	experimental_joint_read_delta_method;k_values_are_correlated_not_replicates;requires_independent_reads;model_bias_not_calibrated;catalogue_specificity_not_background_verified;genome_size_treated_as_fixed	20	iid_low_indel	0.0	factorial	421	80.0	True	0.5823225465494067	0.18052838510123176
6301	condition_008	f046	84.10297221953915	0.01606112148311623	65.60492775894117	107.81674757955305	61.66221374177692	276,79,79,79	experimental_log_linear_extrapolation	approximate_95pct_joint_read_log_normal	experimental_joint_read_delta_method;k_values_are_correlated_not_replicates;requires_independent_reads;model_bias_not_calibrated;catalogue_specificity_not_background_verified;genome_size_treated_as_fixed	20	iid_low_indel	0.02	factorial	421	80.0	True	0.5276477477576484	0.05128715274423943
6301	condition_008	f047	79.40709733211294	0.017894917141949143	61.09314551055437	103.21104035513004	55.65461440479452	89,70,70,70	experimental_log_linear_extrapolation	approximate_95pct_joint_read_log_normal	experimental_joint_read_delta_method;k_values_are_correlated_not_replicates;requires_independent_reads;model_bias_not_calibrated;catalogue_specificity_not_background_verified;genome_size_treated_as_fixed	20	iid_low_indel	0.0	factorial	421	80.0	True	0.5264736855571959	-0.007411283348588249
6301	condition_008	f048	95.13292990061599	0.01643543993254411	73.99564680590143	122.30819976768854	60.27457473353875	104,75,75,75	experimental_log_linear_extrapolation	approximate_95pct_joint_read_log_normal	experimental_joint_read_delta_method;k_values_are_correlated_not_replicates;requires_independent_reads;model_bias_not_calibrated;catalogue_specificity_not_background_verified;genome_size_treated_as_fixed	20	iid_low_indel	0.02	factorial	421	80.0	True	0.6039069120223388	0.1891616237576999
6301	condition_008	f049	216.20492947622742	0.007288381527280734	182.89287960679704	255.58442532217234	135.7794522580428	317,151,151,151	experimental_log_linear_extrapolation	approximate_95pct_joint_read_log_normal	experimental_joint_read_delta_method;k_values_are_correlated_not_replicates;requires_independent_reads;model_bias_not_calibrated;catalogue_specificity_not_background_verified;genome_size_treated_as_fixed	20	iid_low_indel	0.0	factorial	421	200.0	True	0.36345772857687647	0.0810246473811371
6301	condition_008	f050	211.56555625873037	0.007338004886268313	178.86658084147405	250.2423000679814	134.30227003684996	297,157,157,157	experimental_log_linear_extrapolation	approximate_95pct_joint_read_log_normal	experimental_joint_read_delta_method;k_values_are_correlated_not_replicates;requires_independent_reads;model_bias_not_calibrated;catalogue_specificity_not_background_verified;genome_size_treated_as_fixed	20	iid_low_indel	0.02	factorial	421	200.0	True	0.3568785961325368	0.05782778129365184
6301	condition_008	f051	188.69725095319305	0.008431021910293912	157.61869950680273	225.90373241694937	117.60286067340294	223,137,137,137	experimental_log_linear_extrapolation	approximate_95pct_joint_read_log_normal	experimental_joint_read_delta_method;k_values_are_correlated_not_replicates;requires_independent_reads;model_bias_not_calibrated;catalogue_specificity_not_background_verified;genome_size_treated_as_fixed	20	iid_low_indel	0.0	factorial	421	200.0	True	0.3414251645507332	-0.05651374523403476
6301	condition_008	f052	209.38881518525193	0.007594644571037624	176.51174117725824	248.38957245713468	129.85471209322566	295,150,150,150	experimental_log_linear_extrapolation	approximate_95pct_joint_read_log_normal	experimental_joint_read_delta_method;k_values_are_correlated_not_replicates;requires_independent_reads;model_bias_not_calibrated;catalogue_specificity_not_background_verified;genome_size_treated_as_fixed	20	iid_low_indel	0.02	factorial	421	200.0	True	0.3593891563993822	0.04694407592625964
6301	condition_008	f053	237.3516982014046	0.006626856219222593	202.34843601235164	278.41000281144665	149.18228416511548	170,169,169,169	experimental_log_linear_extrapolation	approximate_95pct_joint_read_log_normal	experimental_joint_read_delta_method;k_values_are_correlated_not_replicates;requires_independent_reads;model_bias_not_calibrated;catalogue_specificity_not_background_verified;genome_size_treated_as_fixed	20	iid_low_indel	0.0	factorial	421	200.0	False	0.380307833995475	0.18675849100702294
6301	condition_008	f054	220.3821814407865	0.007306580692591277	186.38759860320795	260.5769174589485	135.72484359954922	272,157,157,157	experimental_log_linear_extrapolation	approximate_95pct_joint_read_log_normal	experimental_joint_read_delta_method;k_values_are_correlated_not_replicates;requires_independent_reads;model_bias_not_calibrated;catalogue_specificity_not_background_verified;genome_size_treated_as_fixed	20	iid_low_indel	0.02	factorial	421	200.0	True	0.37094659427870286	0.10191090720393248
6301	condition_008	megabase_171	5864.004445074551	0.000635636049519581	5581.281761407814	6161.048590956728	1415.4543148254852	1506,1475,1475,1475	experimental_log_linear_extrapolation	approximate_95pct_joint_read_log_normal	experimental_joint_read_delta_method;k_values_are_correlated_not_replicates;requires_independent_reads;model_bias_not_calibrated;catalogue_specificity_not_background_verified;genome_size_treated_as_fixed	20	iid_low_indel	0.01	megabase	171	6000.0	True	0.09662780492481897	-0.02266592582090819
6301	condition_009	f001	19.288328849742953	NA	NA	NA	18.67764144440127	67,19,19,19	experimental_log_linear_extrapolation	insufficient_effective_reads	experimental_joint_read_delta_method;k_values_are_correlated_not_replicates;requires_independent_reads;model_bias_not_calibrated;catalogue_specificity_not_background_verified;genome_size_treated_as_fixed	20	iid_high_indel	0.0	factorial	61	20.0	NA	NA	-0.03558355751285234
6301	condition_009	f002	26.672846561155502	0.03691939359997474	18.30273227467444	38.87073978890945	26.29761511037416	70,28,28,28	experimental_log_linear_extrapolation	approximate_95pct_joint_read_log_normal	experimental_joint_read_delta_method;k_values_are_correlated_not_replicates;requires_independent_reads;model_bias_not_calibrated;catalogue_specificity_not_background_verified;genome_size_treated_as_fixed	20	iid_high_indel	0.02	factorial	61	20.0	True	1.0284003757117504	0.3336423280577751
6301	condition_009	f003	23.721968843475683	0.04144938904649317	15.91671946282426	35.35476057897297	23.717995328512657	28,25,25,25	experimental_log_linear_extrapolation	approximate_95pct_joint_read_log_normal	experimental_joint_read_delta_method;k_values_are_correlated_not_replicates;requires_independent_reads;model_bias_not_calibrated;catalogue_specificity_not_background_verified;genome_size_treated_as_fixed	20	iid_high_indel	0.0	factorial	61	20.0	True	0.9719020558074355	0.18609844217378413
6301	condition_009	f004	16.155581638326993	NA	NA	NA	14.22072740840703	19,15,15,15	experimental_log_linear_extrapolation	insufficient_effective_reads	experimental_joint_read_delta_method;k_values_are_correlated_not_replicates;requires_independent_reads;model_bias_not_calibrated;catalogue_specificity_not_background_verified;genome_size_treated_as_fixed	20	iid_high_indel	0.02	factorial	61	20.0	NA	NA	-0.19222091808365036
6301	condition_009	f005	21.325626042509228	0.04502930749028278	14.06940995250032	32.32419324195802	21.694507430574486	28,24,24,24	experimental_log_linear_extrapolation	approximate_95pct_joint_read_log_normal	experimental_joint_read_delta_method;k_values_are_correlated_not_replicates;requires_independent_reads;model_bias_not_calibrated;catalogue_specificity_not_background_verified;genome_size_treated_as_fixed	20	iid_high_indel	0.0	factorial	61	20.0	True	0.912739164472885	0.06628130212546139
6301	condition_009	f006	21.23252467365271	0.04658946716892758	13.908274240619127	32.41380607096821	20.04610859666153	46,24,24,24	experimental_log_linear_extrapolation	approximate_95pct_joint_read_log_normal	experimental_joint_read_delta_method;k_values_are_correlated_not_replicates;requires_independent_reads;model_bias_not_calibrated;catalogue_specificity_not_background_verified;genome_size_treated_as_fixed	20	iid_high_indel	0.02	factorial	61	20.0	True	0.9252765915174539	0.06162623368263542
6301	condition_009	f007	100.52640051265173	0.03586855765610529	69.35393458785862	145.70993354714707	27.71155203272018	56,31,31,31	experimental_log_linear_extrapolation	approximate_95pct_joint_read_log_normal	experimental_joint_read_delta_method;k_values_are_correlated_not_replicates;requires_independent_reads;model_bias_not_calibrated;catalogue_specificity_not_background_verified;genome_size_treated_as_fixed	20	iid_high_indel	0.0	factorial	61	80.0	True	0.9544499869911057	0.25658000640814665
6301	condition_009	f008	80.30872126206769	0.047223117069677085	52.455269174200396	122.95219931729183	20.799034365630266	70,23,23,23	experimental_log_linear_extrapolation	approximate_95pct_joint_read_log_normal	experimental_joint_read_delta_method;k_values_are_correlated_not_replicates;requires_independent_reads;model_bias_not_calibrated;catalogue_specificity_not_background_verified;genome_size_treated_as_fixed	20	iid_high_indel	0.02	factorial	61	80.0	True	0.881211626788643	0.003859015775846153
6301	condition_009	f009	84.72258848036435	0.0412543356836748	56.89973976559861	126.15026058788602	24.23269324035739	31,28,28,28	experimental_log_linear_extrapolation	approximate_95pct_joint_read_log_normal	experimental_joint_read_delta_method;k_values_are_correlated_not_replicates;requires_independent_reads;model_bias_not_calibrated;catalogue_specificity_not_background_verified;genome_size_treated_as_fixed	20	iid_high_indel	0.0	factorial	61	80.0	True	0.8656315102785926	0.059032356004554386
6301	condition_009	f010	57.82011244629181	NA	NA	NA	15.953578626168868	21,20,19,19	experimental_log_linear_extrapolation	insufficient_effective_reads	experimental_joint_read_delta_method;k_values_are_correlated_not_replicates;requires_independent_reads;model_bias_not_calibrated;catalogue_specificity_not_background_verified;genome_size_treated_as_fixed	20	iid_high_indel	0.02	factorial	61	80.0	NA	NA	-0.2772485944213524
6301	condition_009	f011	52.75040737813982	NA	NA	NA	15.972030160860092	39,22,22,22	experimental_log_linear_extrapolation	insufficient_effective_reads	experimental_joint_read_delta_method;k_values_are_correlated_not_replicates;requires_independent_reads;model_bias_not_calibrated;catalogue_specificity_not_background_verified;genome_size_treated_as_fixed	20	iid_high_indel	0.0	factorial	61	80.0	NA	NA	-0.34061990777325224
6301	condition_009	f012	82.92618232920061	0.0438845702608377	55.001747467475404	125.02787697358718	22.973696908656503	39,27,27,27	experimental_log_linear_extrapolation	approximate_95pct_joint_read_log_normal	experimental_joint_read_delta_method;k_values_are_correlated_not_replicates;requires_independent_reads;model_bias_not_calibrated;catalogue_specificity_not_background_verified;genome_size_treated_as_fixed	20	iid_high_indel	0.02	factorial	61	80.0	True	0.8753266188263972	0.036577279115007674
6301	condition_009	f013	154.26967500339455	0.045649712338668304	101.48797855990998	234.50198696788476	21.434660649046055	81,32,32,32	experimental_log_linear_extrapolation	approximate_95pct_joint_read_log_normal	experimental_joint_read_delta_method;k_values_are_correlated_not_replicates;requires_independent_reads;model_bias_not_calibrated;catalogue_specificity_not_background_verified;genome_size_treated_as_fixed	20	iid_high_indel	0.0	factorial	61	200.0	True	0.665070042039874	-0.22865162498302724
6301	condition_009	f014	177.73181282769858	0.04375941285525102	117.95176455737436	267.8094508340711	22.79021762790917	44,31,31,31	experimental_log_linear_extrapolation	approximate_95pct_joint_read_log_normal	experimental_joint_read_delta_method;k_values_are_correlated_not_replicates;requires_independent_reads;model_bias_not_calibrated;catalogue_specificity_not_background_verified;genome_size_treated_as_fixed	20	iid_high_indel	0.02	factorial	61	200.0	True	0.7492884313834836	-0.11134093586150712
6301	condition_009	f015	217.65923153754224	0.03153255876507036	153.68297142137942	308.26799244800924	31.52320975542784	57,44,44,44	experimental_log_linear_extrapolation	approximate_95pct_joint_read_log_normal	experimental_joint_read_delta_method;k_values_are_correlated_not_replicates;requires_independent_reads;model_bias_not_calibrated;catalogue_specificity_not_background_verified;genome_size_treated_as_fixed	20	iid_high_indel	0.0	factorial	61	200.0	True	0.772925105133149	0.08829615768771121
6301	condition_009	f016	176.0282234643478	0.04173083176201269	117.94995652851895	262.7040854273	23.57332595775591	73,30,30,30	experimental_log_linear_extrapolation	approximate_95pct_joint_read_log_normal	experimental_joint_read_delta_method;k_values_are_correlated_not_replicates;requires_independent_reads;model_bias_not_calibrated;catalogue_specificity_not_background_verified;genome_size_treated_as_fixed	20	iid_high_indel	0.02	factorial	61	200.0	True	0.7237706444939053	-0.11985888267826099
6301	condition_009	f017	226.11751849782343	0.03389155007388765	157.62711225330452	324.36762585264984	29.352394595856996	37,37,37,37	experimental_log_linear_extrapolation	approximate_95pct_joint_read_log_normal	experimental_joint_read_delta_method;k_values_are_correlated_not_replicates;requires_independent_reads;model_bias_not_calibrated;catalogue_specificity_not_background_verified;genome_size_treated_as_fixed	20	iid_high_indel	0.0	factorial	61	200.0	True	0.8337025679967266	0.13058759248911714
6301	condition_009	f018	152.87656303167427	0.04668751197011065	100.09659335504487	233.48690241114545	21.105138340069956	60,32,32,32	experimental_log_linear_extrapolation	approximate_95pct_joint_read_log_normal	experimental_joint_read_delta_method;k_values_are_correlated_not_replicates;requires_independent_reads;model_bias_not_calibrated;catalogue_specificity_not_background_verified;genome_size_treated_as_fixed	20	iid_high_indel	0.02	factorial	61	200.0	True	0.6669515452805029	-0.23561718484162866
6301	condition_009	f019	19.191260199893016	0.048136179611047734	12.48389838808255	29.502360289281967	20.02637096739194	79,25,25,25	experimental_log_linear_extrapolation	approximate_95pct_joint_read_log_normal	experimental_joint_read_delta_method;k_values_are_correlated_not_replicates;requires_independent_reads;model_bias_not_calibrated;catalogue_specificity_not_background_verified;genome_size_treated_as_fixed	20	iid_high_indel	0.0	factorial	171	20.0	True	0.8509230950599708	-0.04043699000534921
6301	condition_009	f020	20.48091905806846	0.0428684510107543	13.649311154368787	30.73181061806852	22.40986189264574	130,26,26,26	experimental_log_linear_extrapolation	approximate_95pct_joint_read_log_normal	experimental_joint_read_delta_method;k_values_are_correlated_not_replicates;requires_independent_reads;model_bias_not_calibrated;catalogue_specificity_not_background_verified;genome_size_treated_as_fixed	20	iid_high_indel	0.02	factorial	171	20.0	True	0.8541249731849867	0.02404595290342293
6301	condition_009	f021	24.8682349656745	0.038155786191611564	16.95803223442213	36.46821174526854	26.02748645742296	64,29,29,29	experimental_log_linear_extrapolation	approximate_95pct_joint_read_log_normal	experimental_joint_read_delta_method;k_values_are_correlated_not_replicates;requires_independent_reads;model_bias_not_calibrated;catalogue_specificity_not_background_verified;genome_size_treated_as_fixed	20	iid_high_indel	0.0	factorial	171	20.0	True	0.9755089755423205	0.24341174828372497
6301	condition_009	f022	21.298753792669824	0.04550934083137108	14.02064723601276	32.354919532928356	21.726050343315496	107,25,25,25	experimental_log_linear_extrapolation	approximate_95pct_joint_read_log_normal	experimental_joint_read_delta_method;k_values_are_correlated_not_replicates;requires_independent_reads;model_bias_not_calibrated;catalogue_specificity_not_background_verified;genome_size_treated_as_fixed	20	iid_high_indel	0.02	factorial	171	20.0	True	0.9167136148457798	0.06493768963349122
6301	condition_009	f023	21.931357303089573	0.04273894980459078	14.624910072485388	32.88802671413902	23.328198799028893	46,25,25,25	experimental_log_linear_extrapolation	approximate_95pct_joint_read_log_normal	experimental_joint_read_delta_method;k_values_are_correlated_not_replicates;requires_independent_reads;model_bias_not_calibrated;catalogue_specificity_not_background_verified;genome_size_treated_as_fixed	20	iid_high_indel	0.0	factorial	171	20.0	True	0.9131558320826818	0.09656786515447865
6301	condition_009	f024	15.193137103388432	NA	NA	NA	16.7337804191082	55,19,19,19	experimental_log_linear_extrapolation	insufficient_effective_reads	experimental_joint_read_delta_method;k_values_are_correlated_not_replicates;requires_independent_reads;model_bias_not_calibrated;catalogue_specificity_not_background_verified;genome_size_treated_as_fixed	20	iid_high_indel	0.02	factorial	171	20.0	NA	NA	-0.2403431448305784
6301	condition_009	f025	107.05741768973294	0.025676802210346687	78.20245292006919	146.55922230608982	38.85132458417092	125,51,51,51	experimental_log_linear_extrapolation	approximate_95pct_joint_read_log_normal	experimental_joint_read_delta_method;k_values_are_correlated_not_replicates;requires_independent_reads;model_bias_not_calibrated;catalogue_specificity_not_background_verified;genome_size_treated_as_fixed	20	iid_high_indel	0.0	factorial	171	80.0	True	0.8544596173252579	0.3382177211216618
6301	condition_009	f026	86.9440979847469	0.032786741165151165	60.969426700632575	123.98470157015338	30.046442065258958	72,39,39,39	experimental_log_linear_extrapolation	approximate_95pct_joint_read_log_normal	experimental_joint_read_delta_method;k_values_are_correlated_not_replicates;requires_independent_reads;model_bias_not_calibrated;catalogue_specificity_not_background_verified;genome_size_treated_as_fixed	20	iid_high_indel	0.02	factorial	171	80.0	True	0.7876909358690101	0.0868012248093363
6301	condition_009	f027	71.71883758212489	0.036261291963488165	49.379200809902464	104.1651460486926	27.62257903486098	69,40,40,40	experimental_log_linear_extrapolation	approximate_95pct_joint_read_log_normal	experimental_joint_read_delta_method;k_values_are_correlated_not_replicates;requires_independent_reads;model_bias_not_calibrated;catalogue_specificity_not_background_verified;genome_size_treated_as_fixed	20	iid_high_indel	0.0	factorial	171	80.0	True	0.6848243154848768	-0.10351453022343886
6301	condition_009	f028	53.93083891827936	0.04070154940623683	36.31704102423396	80.08734479465335	22.85014729621745	630,28,28,28	experimental_log_linear_extrapolation	approximate_95pct_joint_read_log_normal	experimental_joint_read_delta_method;k_values_are_correlated_not_replicates;requires_independent_reads;model_bias_not_calibrated;catalogue_specificity_not_background_verified;genome_size_treated_as_fixed	20	iid_high_indel	0.02	factorial	171	80.0	True	0.5471287971302423	-0.32586451352150797
6301	condition_009	f029	88.39740624666001	0.030977206128533132	62.607322936376576	124.81130105304084	32.348264433592554	52,45,45,45	experimental_log_linear_extrapolation	approximate_95pct_joint_read_log_normal	experimental_joint_read_delta_method;k_values_are_correlated_not_replicates;requires_independent_reads;model_bias_not_calibrated;catalogue_specificity_not_background_verified;genome_size_treated_as_fixed	20	iid_high_indel	0.0	factorial	171	80.0	True	0.7775497264583032	0.10496757808325015
6301	condition_009	f030	83.42480670013227	0.034007119275825365	58.1199146947421	119.74722278083546	28.77869693579381	81,41,41,41	experimental_log_linear_extrapolation	approximate_95pct_joint_read_log_normal	experimental_joint_read_delta_method;k_values_are_correlated_not_replicates;requires_independent_reads;model_bias_not_calibrated;catalogue_specificity_not_background_verified;genome_size_treated_as_fixed	20	iid_high_indel	0.02	factorial	171	80.0	True	0.770341351076167	0.042810083751653315
6301	condition_009	f031	208.47456107385068	0.017128813742211094	161.3059115472197	269.43614278024774	57.81314055687546	247,70,70,70	experimental_log_linear_extrapolation	approximate_95pct_joint_read_log_normal	experimental_joint_read_delta_method;k_values_are_correlated_not_replicates;requires_independent_reads;model_bias_not_calibrated;catalogue_specificity_not_background_verified;genome_size_treated_as_fixed	20	iid_high_indel	0.0	factorial	171	200.0	True	0.5406511561651403	0.0423728053692534
6301	condition_009	f032	271.9756547407946	0.013641170139017687	216.328425394628	341.93729574255383	73.05834633587108	137,90,90,90	experimental_log_linear_extrapolation	approximate_95pct_joint_read_log_normal	experimental_joint_read_delta_method;k_values_are_correlated_not_replicates;requires_independent_reads;model_bias_not_calibrated;catalogue_specificity_not_background_verified;genome_size_treated_as_fixed	20	iid_high_indel	0.02	factorial	171	200.0	False	0.6280443517396291	0.35987827370397296
6301	condition_009	f033	206.7786708129098	0.01736805390457587	159.70836540399333	267.7218478505862	57.27115159385081	110,69,69,69	experimental_log_linear_extrapolation	approximate_95pct_joint_read_log_normal	experimental_joint_read_delta_method;k_values_are_correlated_not_replicates;requires_independent_reads;model_bias_not_calibrated;catalogue_specificity_not_background_verified;genome_size_treated_as_fixed	20	iid_high_indel	0.0	factorial	171	200.0	True	0.5400674122329643	0.03389335406454905
6301	condition_009	f034	195.04158821295871	0.018223825810358935	149.69893759791262	254.11817707625332	54.258472919445246	115,64,64,64	experimental_log_linear_extrapolation	approximate_95pct_joint_read_log_normal	experimental_joint_read_delta_method;k_values_are_correlated_not_replicates;requires_independent_reads;model_bias_not_calibrated;catalogue_specificity_not_background_verified;genome_size_treated_as_fixed	20	iid_high_indel	0.02	factorial	171	200.0	True	0.5220961973917035	-0.02479205893520643
6301	condition_009	f035	207.4320821199723	0.017398652558276696	160.17660305637486	268.62892502148406	56.98879053269031	113,69,69,69	experimental_log_linear_extrapolation	approximate_95pct_joint_read_log_normal	experimental_joint_read_delta_method;k_values_are_correlated_not_replicates;requires_independent_reads;model_bias_not_calibrated;catalogue_specificity_not_background_verified;genome_size_treated_as_fixed	20	iid_high_indel	0.0	factorial	171	200.0	True	0.542261609825546	0.03716041059986153
6301	condition_009	f036	214.8496367467824	0.01601321279330203	167.65663730854737	275.3268057337509	61.92934847744606	93,76,76,76	experimental_log_linear_extrapolation	approximate_95pct_joint_read_log_normal	experimental_joint_read_delta_method;k_values_are_correlated_not_replicates;requires_independent_reads;model_bias_not_calibrated;catalogue_specificity_not_background_verified;genome_size_treated_as_fixed	20	iid_high_indel	0.02	factorial	171	200.0	True	0.5383508421260177	0.07424818373391204
6301	condition_009	f037	24.51645559994674	0.03488822409961346	17.000705422432986	35.35480324193172	28.237942464963325	161,33,33,33	experimental_log_linear_extrapolation	approximate_95pct_joint_read_log_normal	experimental_joint_read_delta_method;k_values_are_correlated_not_replicates;requires_independent_reads;model_bias_not_calibrated;catalogue_specificity_not_background_verified;genome_size_treated_as_fixed	20	iid_high_indel	0.0	factorial	421	20.0	True	0.9177048909749367	0.22582277999733708
6301	condition_009	f038	29.01600350682042	0.027336396194206865	20.984677468883184	40.1211055426635	35.51861727374668	322,47,47,47	experimental_log_linear_extrapolation	approximate_95pct_joint_read_log_normal	experimental_joint_read_delta_method;k_values_are_correlated_not_replicates;requires_independent_reads;model_bias_not_calibrated;catalogue_specificity_not_background_verified;genome_size_treated_as_fixed	20	iid_high_indel	0.02	factorial	421	20.0	False	0.9568214036890158	0.45080017534102107
6301	condition_009	f039	15.197321245686913	NA	NA	NA	19.500055178693913	78,25,25,25	experimental_log_linear_extrapolation	insufficient_effective_reads	experimental_joint_read_delta_method;k_values_are_correlated_not_replicates;requires_independent_reads;model_bias_not_calibrated;catalogue_specificity_not_background_verified;genome_size_treated_as_fixed	20	iid_high_indel	0.0	factorial	421	20.0	NA	NA	-0.24013393771565433
6301	condition_009	f040	10.059600598671453	NA	NA	NA	11.919570268649123	114,17,17,17	experimental_log_linear_extrapolation	insufficient_effective_reads	experimental_joint_read_delta_method;k_values_are_correlated_not_replicates;requires_independent_reads;model_bias_not_calibrated;catalogue_specificity_not_background_verified;genome_size_treated_as_fixed	20	iid_high_indel	0.02	factorial	421	20.0	NA	NA	-0.49701997006642734
6301	condition_009	f041	17.70368915097635	0.03724019974666429	12.128337813131356	25.842008557434557	26.423226191531924	92,39,39,39	experimental_log_linear_extrapolation	approximate_95pct_joint_read_log_normal	experimental_joint_read_delta_method;k_values_are_correlated_not_replicates;requires_independent_reads;model_bias_not_calibrated;catalogue_specificity_not_background_verified;genome_size_treated_as_fixed	20	iid_high_indel	0.0	factorial	421	20.0	True	0.6856835372151601	-0.11481554245118257
6301	condition_009	f042	24.35292705636214	0.034703903415860014	16.903668654321788	35.0849906218947	28.21200795432023	108,34,34,34	experimental_log_linear_extrapolation	approximate_95pct_joint_read_log_normal	experimental_joint_read_delta_method;k_values_are_correlated_not_replicates;requires_independent_reads;model_bias_not_calibrated;catalogue_specificity_not_background_verified;genome_size_treated_as_fixed	20	iid_high_indel	0.02	factorial	421	20.0	True	0.9090660983786455	0.21764635281810704
6301	condition_009	f043	74.85773628120907	0.018350228182104505	57.40244130299178	97.6209470180667	53.89601396366159	274,67,66,66	experimental_log_linear_extrapolation	approximate_95pct_joint_read_log_normal	experimental_joint_read_delta_method;k_values_are_correlated_not_replicates;requires_independent_reads;model_bias_not_calibrated;catalogue_specificity_not_background_verified;genome_size_treated_as_fixed	20	iid_high_indel	0.0	factorial	421	80.0	True	0.5027313214384365	-0.06427829648488662
6301	condition_009	f044	71.43803170882634	0.0201725667916064	54.079564734424565	94.36822207229582	48.40145086315527	279,65,65,65	experimental_log_linear_extrapolation	approximate_95pct_joint_read_log_normal	experimental_joint_read_delta_method;k_values_are_correlated_not_replicates;requires_independent_reads;model_bias_not_calibrated;catalogue_specificity_not_background_verified;genome_size_treated_as_fixed	20	iid_high_indel	0.02	factorial	421	80.0	True	0.5036082167233907	-0.1070246036396707
6301	condition_009	f045	95.5812329824466	0.015520725724803482	74.87348771501023	122.0161151463664	63.73484656117548	148,76,76,76	experimental_log_linear_extrapolation	approximate_95pct_joint_read_log_normal	experimental_joint_read_delta_method;k_values_are_correlated_not_replicates;requires_independent_reads;model_bias_not_calibrated;catalogue_specificity_not_background_verified;genome_size_treated_as_fixed	20	iid_high_indel	0.0	factorial	421	80.0	True	0.5892828428919522	0.19476541228058242
6301	condition_009	f046	85.32570220224979	0.01601796356563845	66.58095522066192	109.347717108866	61.22716441700489	261,79,79,79	experimental_log_linear_extrapolation	approximate_95pct_joint_read_log_normal	experimental_joint_read_delta_method;k_values_are_correlated_not_replicates;requires_independent_reads;model_bias_not_calibrated;catalogue_specificity_not_background_verified;genome_size_treated_as_fixed	20	iid_high_indel	0.02	factorial	421	80.0	True	0.5345845236025509	0.06657127752812234
6301	condition_009	f047	80.45487247448922	0.01788915382282237	61.90188210520795	104.56849266529386	55.33118449019656	97,70,70,70	experimental_log_linear_extrapolation	approximate_95pct_joint_read_log_normal	experimental_joint_read_delta_method;k_values_are_correlated_not_replicates;requires_independent_reads;model_bias_not_calibrated;catalogue_specificity_not_background_verified;genome_size_treated_as_fixed	20	iid_high_indel	0.0	factorial	421	80.0	True	0.5333326320010738	0.0056859059311152645
6301	condition_009	f048	96.00001933962969	0.016414537261832944	74.68201612222906	123.403252774079	59.56558610842921	111,75,75,75	experimental_log_linear_extrapolation	approximate_95pct_joint_read_log_normal	experimental_joint_read_delta_method;k_values_are_correlated_not_replicates;requires_independent_reads;model_bias_not_calibrated;catalogue_specificity_not_background_verified;genome_size_treated_as_fixed	20	iid_high_indel	0.02	factorial	421	80.0	True	0.6090154581481242	0.2000002417453711
6301	condition_009	f049	218.57658302618614	0.007285710866143068	184.9047865653868	258.38012922671743	135.30052350338897	319,151,151,151	experimental_log_linear_extrapolation	approximate_95pct_joint_read_log_normal	experimental_joint_read_delta_method;k_values_are_correlated_not_replicates;requires_independent_reads;model_bias_not_calibrated;catalogue_specificity_not_background_verified;genome_size_treated_as_fixed	20	iid_high_indel	0.0	factorial	421	200.0	True	0.3673767133066532	0.09288291513093071
6301	condition_009	f050	214.0140903151211	0.007333304392721167	180.946407896924	253.124841690695	133.60327754143128	313,157,157,157	experimental_log_linear_extrapolation	approximate_95pct_joint_read_log_normal	experimental_joint_read_delta_method;k_values_are_correlated_not_replicates;requires_independent_reads;model_bias_not_calibrated;catalogue_specificity_not_background_verified;genome_size_treated_as_fixed	20	iid_high_indel	0.02	factorial	421	200.0	True	0.360892168968855	0.07007045157560554
6301	condition_009	f051	190.27553387133563	0.008433522662860059	158.93279661326403	227.79929354744806	117.42409379557647	223,137,137,137	experimental_log_linear_extrapolation	approximate_95pct_joint_read_log_normal	experimental_joint_read_delta_method;k_values_are_correlated_not_replicates;requires_independent_reads;model_bias_not_calibrated;catalogue_specificity_not_background_verified;genome_size_treated_as_fixed	20	iid_high_indel	0.0	factorial	421	200.0	True	0.34433248467092015	-0.04862233064332187
6301	condition_009	f052	211.1521342016099	0.00759069524886563	178.00609980681523	250.47020201151366	129.24660682355497	285,150,150,150	experimental_log_linear_extrapolation	approximate_95pct_joint_read_log_normal	experimental_joint_read_delta_method;k_values_are_correlated_not_replicates;requires_independent_reads;model_bias_not_calibrated;catalogue_specificity_not_background_verified;genome_size_treated_as_fixed	20	iid_high_indel	0.02	factorial	421	200.0	True	0.36232051102349216	0.05576067100804948
6301	condition_009	f053	239.54520703675865	0.006628665977315708	204.21400996465138	280.9890772147129	148.77891490660613	186,169,169,169	experimental_log_linear_extrapolation	approximate_95pct_joint_read_log_normal	experimental_joint_read_delta_method;k_values_are_correlated_not_replicates;requires_independent_reads;model_bias_not_calibrated;catalogue_specificity_not_background_verified;genome_size_treated_as_fixed	20	iid_high_indel	0.0	factorial	421	200.0	False	0.38387533625030756	0.19772603518379328
6301	condition_009	f054	222.9292794206207	0.007309311144862072	188.5358980115545	263.5968223937462	135.3673100733203	256,157,157,157	experimental_log_linear_extrapolation	approximate_95pct_joint_read_log_normal	experimental_joint_read_delta_method;k_values_are_correlated_not_replicates;requires_independent_reads;model_bias_not_calibrated;catalogue_specificity_not_background_verified;genome_size_treated_as_fixed	20	iid_high_indel	0.02	factorial	421	200.0	True	0.3753046219109585	0.11464639710310351
6301	condition_009	megabase_171	5918.41578869336	0.0006358253211336912	5633.0283184593945	6218.261913058291	1413.092771102437	1508,1475,1475,1475	experimental_log_linear_extrapolation	approximate_95pct_joint_read_log_normal	experimental_joint_read_delta_method;k_values_are_correlated_not_replicates;requires_independent_reads;model_bias_not_calibrated;catalogue_specificity_not_background_verified;genome_size_treated_as_fixed	20	iid_high_indel	0.01	megabase	171	6000.0	True	0.09753893243314936	-0.013597368551106683
6302	condition_001	f001	40.00681643969029	NA	NA	NA	2.0	2,2,2,2	experimental_log_linear_extrapolation	insufficient_effective_reads	experimental_joint_read_delta_method;k_values_are_correlated_not_replicates;requires_independent_reads;model_bias_not_calibrated;catalogue_specificity_not_background_verified;genome_size_treated_as_fixed	1	error_free	0.0	factorial	61	20.0	NA	NA	1.0003408219845145
6302	condition_001	f002	NA	NA	NA	NA	0.0	1,0,0,0	zero_support_at_one_or_more_k_not_absence	no_finite_extrapolation	experimental_joint_read_delta_method;k_values_are_correlated_not_replicates;requires_independent_reads;model_bias_not_calibrated;catalogue_specificity_not_background_verified;genome_size_treated_as_fixed	1	error_free	0.02	factorial	61	20.0	NA	NA	NA
6302	condition_001	f003	19.958545832191792	NA	NA	NA	1.0	2,1,1,1	experimental_log_linear_extrapolation	insufficient_effective_reads	experimental_joint_read_delta_method;k_values_are_correlated_not_replicates;requires_independent_reads;model_bias_not_calibrated;catalogue_specificity_not_background_verified;genome_size_treated_as_fixed	1	error_free	0.0	factorial	61	20.0	NA	NA	-0.002072708390410405
6302	condition_001	f004	36.94365190899027	NA	NA	NA	1.9978411995993364	4,2,2,2	experimental_log_linear_extrapolation	insufficient_effective_reads	experimental_joint_read_delta_method;k_values_are_correlated_not_replicates;requires_independent_reads;model_bias_not_calibrated;catalogue_specificity_not_background_verified;genome_size_treated_as_fixed	1	error_free	0.02	factorial	61	20.0	NA	NA	0.8471825954495135
6302	condition_001	f005	NA	NA	NA	NA	0.0	0,0,0,0	zero_support_at_one_or_more_k_not_absence	no_finite_extrapolation	experimental_joint_read_delta_method;k_values_are_correlated_not_replicates;requires_independent_reads;model_bias_not_calibrated;catalogue_specificity_not_background_verified;genome_size_treated_as_fixed	1	error_free	0.0	factorial	61	20.0	NA	NA	NA
6302	condition_001	f006	19.64475831794292	NA	NA	NA	1.0	1,1,1,1	experimental_log_linear_extrapolation	insufficient_effective_reads	experimental_joint_read_delta_method;k_values_are_correlated_not_replicates;requires_independent_reads;model_bias_not_calibrated;catalogue_specificity_not_background_verified;genome_size_treated_as_fixed	1	error_free	0.02	factorial	61	20.0	NA	NA	-0.017762084102854025
6302	condition_001	f007	58.11755702765211	NA	NA	NA	1.0	1,1,1,1	experimental_log_linear_extrapolation	insufficient_effective_reads	experimental_joint_read_delta_method;k_values_are_correlated_not_replicates;requires_independent_reads;model_bias_not_calibrated;catalogue_specificity_not_background_verified;genome_size_treated_as_fixed	1	error_free	0.0	factorial	61	80.0	NA	NA	-0.2735305371543486
6302	condition_001	f008	65.19501081087944	NA	NA	NA	1.0	3,1,1,1	experimental_log_linear_extrapolation	insufficient_effective_reads	experimental_joint_read_delta_method;k_values_are_correlated_not_replicates;requires_independent_reads;model_bias_not_calibrated;catalogue_specificity_not_background_verified;genome_size_treated_as_fixed	1	error_free	0.02	factorial	61	80.0	NA	NA	-0.185062364864007
6302	condition_001	f009	267.36411670069464	NA	NA	NA	4.27042713276323	6,6,6,6	experimental_log_linear_extrapolation	insufficient_effective_reads	experimental_joint_read_delta_method;k_values_are_correlated_not_replicates;requires_independent_reads;model_bias_not_calibrated;catalogue_specificity_not_background_verified;genome_size_treated_as_fixed	1	error_free	0.0	factorial	61	80.0	NA	NA	2.342051458758683
6302	condition_001	f010	47.266331684096016	NA	NA	NA	1.0	3,1,1,1	experimental_log_linear_extrapolation	insufficient_effective_reads	experimental_joint_read_delta_method;k_values_are_correlated_not_replicates;requires_independent_reads;model_bias_not_calibrated;catalogue_specificity_not_background_verified;genome_size_treated_as_fixed	1	error_free	0.02	factorial	61	80.0	NA	NA	-0.4091708539487998
6302	condition_001	f011	118.6429347883163	NA	NA	NA	1.7808624246232874	2,2,2,2	experimental_log_linear_extrapolation	insufficient_effective_reads	experimental_joint_read_delta_method;k_values_are_correlated_not_replicates;requires_independent_reads;model_bias_not_calibrated;catalogue_specificity_not_background_verified;genome_size_treated_as_fixed	1	error_free	0.0	factorial	61	80.0	NA	NA	0.4830366848539537
6302	condition_001	f012	121.59936198271676	NA	NA	NA	1.7570037729271129	2,2,2,2	experimental_log_linear_extrapolation	insufficient_effective_reads	experimental_joint_read_delta_method;k_values_are_correlated_not_replicates;requires_independent_reads;model_bias_not_calibrated;catalogue_specificity_not_background_verified;genome_size_treated_as_fixed	1	error_free	0.02	factorial	61	80.0	NA	NA	0.5199920247839595
6302	condition_001	f013	285.76091558969813	NA	NA	NA	1.8783249659548724	3,2,2,2	experimental_log_linear_extrapolation	insufficient_effective_reads	experimental_joint_read_delta_method;k_values_are_correlated_not_replicates;requires_independent_reads;model_bias_not_calibrated;catalogue_specificity_not_background_verified;genome_size_treated_as_fixed	1	error_free	0.0	factorial	61	200.0	NA	NA	0.42880457794849064
6302	condition_001	f014	46.39623381612515	NA	NA	NA	1.0	1,1,1,1	experimental_log_linear_extrapolation	insufficient_effective_reads	experimental_joint_read_delta_method;k_values_are_correlated_not_replicates;requires_independent_reads;model_bias_not_calibrated;catalogue_specificity_not_background_verified;genome_size_treated_as_fixed	1	error_free	0.02	factorial	61	200.0	NA	NA	-0.7680188309193743
6302	condition_001	f015	19.75775045890281	NA	NA	NA	1.0	1,1,1,1	experimental_log_linear_extrapolation	insufficient_effective_reads	experimental_joint_read_delta_method;k_values_are_correlated_not_replicates;requires_independent_reads;model_bias_not_calibrated;catalogue_specificity_not_background_verified;genome_size_treated_as_fixed	1	error_free	0.0	factorial	61	200.0	NA	NA	-0.9012112477054859
6302	condition_001	f016	521.2196774738818	NA	NA	NA	3.829435723133721	4,4,4,4	experimental_log_linear_extrapolation	insufficient_effective_reads	experimental_joint_read_delta_method;k_values_are_correlated_not_replicates;requires_independent_reads;model_bias_not_calibrated;catalogue_specificity_not_background_verified;genome_size_treated_as_fixed	1	error_free	0.02	factorial	61	200.0	NA	NA	1.606098387369409
6302	condition_001	f017	59.173471420010216	NA	NA	NA	1.0	3,1,1,1	experimental_log_linear_extrapolation	insufficient_effective_reads	experimental_joint_read_delta_method;k_values_are_correlated_not_replicates;requires_independent_reads;model_bias_not_calibrated;catalogue_specificity_not_background_verified;genome_size_treated_as_fixed	1	error_free	0.0	factorial	61	200.0	NA	NA	-0.7041326428999488
6302	condition_001	f018	108.61685810787309	NA	NA	NA	1.0	1,1,1,1	experimental_log_linear_extrapolation	insufficient_effective_reads	experimental_joint_read_delta_method;k_values_are_correlated_not_replicates;requires_independent_reads;model_bias_not_calibrated;catalogue_specificity_not_background_verified;genome_size_treated_as_fixed	1	error_free	0.02	factorial	61	200.0	NA	NA	-0.4569157094606346
6302	condition_001	f019	20.018260588060674	NA	NA	NA	1.0	4,1,1,1	experimental_log_linear_extrapolation	insufficient_effective_reads	experimental_joint_read_delta_method;k_values_are_correlated_not_replicates;requires_independent_reads;model_bias_not_calibrated;catalogue_specificity_not_background_verified;genome_size_treated_as_fixed	1	error_free	0.0	factorial	171	20.0	NA	NA	0.0009130294030336827
6302	condition_001	f020	78.76540378985497	NA	NA	NA	3.997046690639664	9,4,4,4	experimental_log_linear_extrapolation	insufficient_effective_reads	experimental_joint_read_delta_method;k_values_are_correlated_not_replicates;requires_independent_reads;model_bias_not_calibrated;catalogue_specificity_not_background_verified;genome_size_treated_as_fixed	1	error_free	0.02	factorial	171	20.0	NA	NA	2.9382701894927488
6302	condition_001	f021	17.624867823316162	NA	NA	NA	1.0	2,1,1,1	experimental_log_linear_extrapolation	insufficient_effective_reads	experimental_joint_read_delta_method;k_values_are_correlated_not_replicates;requires_independent_reads;model_bias_not_calibrated;catalogue_specificity_not_background_verified;genome_size_treated_as_fixed	1	error_free	0.0	factorial	171	20.0	NA	NA	-0.1187566088341919
6302	condition_001	f022	61.886848826702206	NA	NA	NA	2.9999999999999996	3,3,3,3	experimental_log_linear_extrapolation	insufficient_effective_reads	experimental_joint_read_delta_method;k_values_are_correlated_not_replicates;requires_independent_reads;model_bias_not_calibrated;catalogue_specificity_not_background_verified;genome_size_treated_as_fixed	1	error_free	0.02	factorial	171	20.0	NA	NA	2.0943424413351104
6302	condition_001	f023	41.55265578040824	NA	NA	NA	2.6514963370162508	3,3,3,3	experimental_log_linear_extrapolation	insufficient_effective_reads	experimental_joint_read_delta_method;k_values_are_correlated_not_replicates;requires_independent_reads;model_bias_not_calibrated;catalogue_specificity_not_background_verified;genome_size_treated_as_fixed	1	error_free	0.0	factorial	171	20.0	NA	NA	1.0776327890204118
6302	condition_001	f024	39.83576580992358	NA	NA	NA	2.0	2,2,2,2	experimental_log_linear_extrapolation	insufficient_effective_reads	experimental_joint_read_delta_method;k_values_are_correlated_not_replicates;requires_independent_reads;model_bias_not_calibrated;catalogue_specificity_not_background_verified;genome_size_treated_as_fixed	1	error_free	0.02	factorial	171	20.0	NA	NA	0.991788290496179
6302	condition_001	f025	52.113176239600804	NA	NA	NA	1.0	2,1,1,1	experimental_log_linear_extrapolation	insufficient_effective_reads	experimental_joint_read_delta_method;k_values_are_correlated_not_replicates;requires_independent_reads;model_bias_not_calibrated;catalogue_specificity_not_background_verified;genome_size_treated_as_fixed	1	error_free	0.0	factorial	171	80.0	NA	NA	-0.34858529700498997
6302	condition_001	f026	108.38089348677522	NA	NA	NA	1.9803388122541044	6,2,2,2	experimental_log_linear_extrapolation	insufficient_effective_reads	experimental_joint_read_delta_method;k_values_are_correlated_not_replicates;requires_independent_reads;model_bias_not_calibrated;catalogue_specificity_not_background_verified;genome_size_treated_as_fixed	1	error_free	0.02	factorial	171	80.0	NA	NA	0.35476116858469026
6302	condition_001	f027	NA	NA	NA	NA	0.0	0,0,0,0	zero_support_at_one_or_more_k_not_absence	no_finite_extrapolation	experimental_joint_read_delta_method;k_values_are_correlated_not_replicates;requires_independent_reads;model_bias_not_calibrated;catalogue_specificity_not_background_verified;genome_size_treated_as_fixed	1	error_free	0.0	factorial	171	80.0	NA	NA	NA
6302	condition_001	f028	123.39089496589985	NA	NA	NA	1.9517312863491407	3,3,3,3	experimental_log_linear_extrapolation	insufficient_effective_reads	experimental_joint_read_delta_method;k_values_are_correlated_not_replicates;requires_independent_reads;model_bias_not_calibrated;catalogue_specificity_not_background_verified;genome_size_treated_as_fixed	1	error_free	0.02	factorial	171	80.0	NA	NA	0.5423861870737481
6302	condition_001	f029	100.41530969202978	NA	NA	NA	1.9893812614259503	2,2,2,2	experimental_log_linear_extrapolation	insufficient_effective_reads	experimental_joint_read_delta_method;k_values_are_correlated_not_replicates;requires_independent_reads;model_bias_not_calibrated;catalogue_specificity_not_background_verified;genome_size_treated_as_fixed	1	error_free	0.0	factorial	171	80.0	NA	NA	0.25519137115037227
6302	condition_001	f030	63.283242959714165	NA	NA	NA	1.060101979454446	2,2,2,2	experimental_log_linear_extrapolation	insufficient_effective_reads	experimental_joint_read_delta_method;k_values_are_correlated_not_replicates;requires_independent_reads;model_bias_not_calibrated;catalogue_specificity_not_background_verified;genome_size_treated_as_fixed	1	error_free	0.02	factorial	171	80.0	NA	NA	-0.20895946300357293
6302	condition_001	f031	252.01902036747586	NA	NA	NA	3.840986250833053	4,4,4,4	experimental_log_linear_extrapolation	insufficient_effective_reads	experimental_joint_read_delta_method;k_values_are_correlated_not_replicates;requires_independent_reads;model_bias_not_calibrated;catalogue_specificity_not_background_verified;genome_size_treated_as_fixed	1	error_free	0.0	factorial	171	200.0	NA	NA	0.26009510183737933
6302	condition_001	f032	271.65276417197583	NA	NA	NA	2.6500232665844927	4,3,3,3	experimental_log_linear_extrapolation	insufficient_effective_reads	experimental_joint_read_delta_method;k_values_are_correlated_not_replicates;requires_independent_reads;model_bias_not_calibrated;catalogue_specificity_not_background_verified;genome_size_treated_as_fixed	1	error_free	0.02	factorial	171	200.0	NA	NA	0.3582638208598792
6302	condition_001	f033	NA	NA	NA	NA	0.0	3,0,0,0	zero_support_at_one_or_more_k_not_absence	no_finite_extrapolation	experimental_joint_read_delta_method;k_values_are_correlated_not_replicates;requires_independent_reads;model_bias_not_calibrated;catalogue_specificity_not_background_verified;genome_size_treated_as_fixed	1	error_free	0.0	factorial	171	200.0	NA	NA	NA
6302	condition_001	f034	295.32559763777726	NA	NA	NA	3.7899317891506854	6,4,4,4	experimental_log_linear_extrapolation	insufficient_effective_reads	experimental_joint_read_delta_method;k_values_are_correlated_not_replicates;requires_independent_reads;model_bias_not_calibrated;catalogue_specificity_not_background_verified;genome_size_treated_as_fixed	1	error_free	0.02	factorial	171	200.0	NA	NA	0.4766279881888863
6302	condition_001	f035	144.4945607887644	NA	NA	NA	3.058144596322634	5,4,4,4	experimental_log_linear_extrapolation	insufficient_effective_reads	experimental_joint_read_delta_method;k_values_are_correlated_not_replicates;requires_independent_reads;model_bias_not_calibrated;catalogue_specificity_not_background_verified;genome_size_treated_as_fixed	1	error_free	0.0	factorial	171	200.0	NA	NA	-0.277527196056178
6302	condition_001	f036	175.56888152947445	NA	NA	NA	3.440354134268388	4,4,4,4	experimental_log_linear_extrapolation	insufficient_effective_reads	experimental_joint_read_delta_method;k_values_are_correlated_not_replicates;requires_independent_reads;model_bias_not_calibrated;catalogue_specificity_not_background_verified;genome_size_treated_as_fixed	1	error_free	0.02	factorial	171	200.0	NA	NA	-0.12215559235262774
6302	condition_001	f037	15.064299833652827	NA	NA	NA	1.0	17,1,1,1	experimental_log_linear_extrapolation	insufficient_effective_reads	experimental_joint_read_delta_method;k_values_are_correlated_not_replicates;requires_independent_reads;model_bias_not_calibrated;catalogue_specificity_not_background_verified;genome_size_treated_as_fixed	1	error_free	0.0	factorial	421	20.0	NA	NA	-0.24678500831735867
6302	condition_001	f038	43.76874718833335	NA	NA	NA	2.9954109505304585	7,3,3,3	experimental_log_linear_extrapolation	insufficient_effective_reads	experimental_joint_read_delta_method;k_values_are_correlated_not_replicates;requires_independent_reads;model_bias_not_calibrated;catalogue_specificity_not_background_verified;genome_size_treated_as_fixed	1	error_free	0.02	factorial	421	20.0	NA	NA	1.1884373594166675
6302	condition_001	f039	46.04101590219948	NA	NA	NA	2.9593151345786595	11,4,4,4	experimental_log_linear_extrapolation	insufficient_effective_reads	experimental_joint_read_delta_method;k_values_are_correlated_not_replicates;requires_independent_reads;model_bias_not_calibrated;catalogue_specificity_not_background_verified;genome_size_treated_as_fixed	1	error_free	0.0	factorial	421	20.0	NA	NA	1.3020507951099742
6302	condition_001	f040	13.067034485225484	NA	NA	NA	1.0	4,1,1,1	experimental_log_linear_extrapolation	insufficient_effective_reads	experimental_joint_read_delta_method;k_values_are_correlated_not_replicates;requires_independent_reads;model_bias_not_calibrated;catalogue_specificity_not_background_verified;genome_size_treated_as_fixed	1	error_free	0.02	factorial	421	20.0	NA	NA	-0.3466482757387258
6302	condition_001	f041	12.48102237043683	NA	NA	NA	1.911623343401182	3,2,2,2	experimental_log_linear_extrapolation	insufficient_effective_reads	experimental_joint_read_delta_method;k_values_are_correlated_not_replicates;requires_independent_reads;model_bias_not_calibrated;catalogue_specificity_not_background_verified;genome_size_treated_as_fixed	1	error_free	0.0	factorial	421	20.0	NA	NA	-0.37594888147815847
6302	condition_001	f042	30.649081647618317	NA	NA	NA	1.8161902093319067	3,2,2,2	experimental_log_linear_extrapolation	insufficient_effective_reads	experimental_joint_read_delta_method;k_values_are_correlated_not_replicates;requires_independent_reads;model_bias_not_calibrated;catalogue_specificity_not_background_verified;genome_size_treated_as_fixed	1	error_free	0.02	factorial	421	20.0	NA	NA	0.5324540823809158
6302	condition_001	f043	54.85575274217536	NA	NA	NA	1.9926917716358208	8,2,2,2	experimental_log_linear_extrapolation	insufficient_effective_reads	experimental_joint_read_delta_method;k_values_are_correlated_not_replicates;requires_independent_reads;model_bias_not_calibrated;catalogue_specificity_not_background_verified;genome_size_treated_as_fixed	1	error_free	0.0	factorial	421	80.0	NA	NA	-0.314303090722808
6302	condition_001	f044	52.37556756362043	NA	NA	NA	1.7918980574678467	7,2,2,2	experimental_log_linear_extrapolation	insufficient_effective_reads	experimental_joint_read_delta_method;k_values_are_correlated_not_replicates;requires_independent_reads;model_bias_not_calibrated;catalogue_specificity_not_background_verified;genome_size_treated_as_fixed	1	error_free	0.02	factorial	421	80.0	NA	NA	-0.34530540545474464
6302	condition_001	f045	124.1365803809538	NA	NA	NA	3.9582949230906723	12,5,5,5	experimental_log_linear_extrapolation	insufficient_effective_reads	experimental_joint_read_delta_method;k_values_are_correlated_not_replicates;requires_independent_reads;model_bias_not_calibrated;catalogue_specificity_not_background_verified;genome_size_treated_as_fixed	1	error_free	0.0	factorial	421	80.0	NA	NA	0.5517072547619225
6302	condition_001	f046	137.15708760197236	NA	NA	NA	4.9437559874108965	8,5,5,5	experimental_log_linear_extrapolation	insufficient_effective_reads	experimental_joint_read_delta_method;k_values_are_correlated_not_replicates;requires_independent_reads;model_bias_not_calibrated;catalogue_specificity_not_background_verified;genome_size_treated_as_fixed	1	error_free	0.02	factorial	421	80.0	NA	NA	0.7144635950246545
6302	condition_001	f047	24.923867984488766	NA	NA	NA	1.0	9,1,1,1	experimental_log_linear_extrapolation	insufficient_effective_reads	experimental_joint_read_delta_method;k_values_are_correlated_not_replicates;requires_independent_reads;model_bias_not_calibrated;catalogue_specificity_not_background_verified;genome_size_treated_as_fixed	1	error_free	0.0	factorial	421	80.0	NA	NA	-0.6884516501938904
6302	condition_001	f048	199.67502899360278	NA	NA	NA	6.4013021576639915	10,7,7,7	experimental_log_linear_extrapolation	insufficient_effective_reads	experimental_joint_read_delta_method;k_values_are_correlated_not_replicates;requires_independent_reads;model_bias_not_calibrated;catalogue_specificity_not_background_verified;genome_size_treated_as_fixed	1	error_free	0.02	factorial	421	80.0	NA	NA	1.4959378624200348
6302	condition_001	f049	302.4710920145608	NA	NA	NA	8.5556101975455	13,9,9,9	experimental_log_linear_extrapolation	insufficient_effective_reads	experimental_joint_read_delta_method;k_values_are_correlated_not_replicates;requires_independent_reads;model_bias_not_calibrated;catalogue_specificity_not_background_verified;genome_size_treated_as_fixed	1	error_free	0.0	factorial	421	200.0	NA	NA	0.5123554600728039
6302	condition_001	f050	101.11675118719143	NA	NA	NA	2.900628578304122	13,3,3,3	experimental_log_linear_extrapolation	insufficient_effective_reads	experimental_joint_read_delta_method;k_values_are_correlated_not_replicates;requires_independent_reads;model_bias_not_calibrated;catalogue_specificity_not_background_verified;genome_size_treated_as_fixed	1	error_free	0.02	factorial	421	200.0	NA	NA	-0.4944162440640429
6302	condition_001	f051	137.5050386928929	NA	NA	NA	3.8803510946279376	9,4,4,4	experimental_log_linear_extrapolation	insufficient_effective_reads	experimental_joint_read_delta_method;k_values_are_correlated_not_replicates;requires_independent_reads;model_bias_not_calibrated;catalogue_specificity_not_background_verified;genome_size_treated_as_fixed	1	error_free	0.0	factorial	421	200.0	NA	NA	-0.3124748065355355
6302	condition_001	f052	232.57422962201187	NA	NA	NA	6.776611064262548	13,7,7,7	experimental_log_linear_extrapolation	insufficient_effective_reads	experimental_joint_read_delta_method;k_values_are_correlated_not_replicates;requires_independent_reads;model_bias_not_calibrated;catalogue_specificity_not_background_verified;genome_size_treated_as_fixed	1	error_free	0.02	factorial	421	200.0	NA	NA	0.16287114811005934
6302	condition_001	f053	253.38404492475675	NA	NA	NA	6.878874855482468	8,7,7,7	positive_slope_inconsistent_with_loss	insufficient_effective_reads	experimental_joint_read_delta_method;k_values_are_correlated_not_replicates;requires_independent_reads;model_bias_not_calibrated;catalogue_specificity_not_background_verified;genome_size_treated_as_fixed	1	error_free	0.0	factorial	421	200.0	NA	NA	0.26692022462378373
6302	condition_001	f054	263.29566013255175	NA	NA	NA	8.56199612001099	13,9,9,9	experimental_log_linear_extrapolation	insufficient_effective_reads	experimental_joint_read_delta_method;k_values_are_correlated_not_replicates;requires_independent_reads;model_bias_not_calibrated;catalogue_specificity_not_background_verified;genome_size_treated_as_fixed	1	error_free	0.02	factorial	421	200.0	NA	NA	0.3164783006627587
6302	condition_001	megabase_171	7035.007126234117	0.010185095179041303	5772.4507043196345	8573.711201921484	86.64445944614118	93,91,91,91	experimental_log_linear_extrapolation	approximate_95pct_joint_read_log_normal	experimental_joint_read_delta_method;k_values_are_correlated_not_replicates;requires_independent_reads;model_bias_not_calibrated;catalogue_specificity_not_background_verified;genome_size_treated_as_fixed	1	error_free	0.01	megabase	171	6000.0	True	0.4668767496003082	0.17250118770568618
6302	condition_002	f001	40.185827260017476	NA	NA	NA	1.9969632472271426	2,2,2,2	experimental_log_linear_extrapolation	insufficient_effective_reads	experimental_joint_read_delta_method;k_values_are_correlated_not_replicates;requires_independent_reads;model_bias_not_calibrated;catalogue_specificity_not_background_verified;genome_size_treated_as_fixed	1	iid_low_indel	0.0	factorial	61	20.0	NA	NA	1.0092913630008737
6302	condition_002	f002	NA	NA	NA	NA	0.0	1,0,0,0	zero_support_at_one_or_more_k_not_absence	no_finite_extrapolation	experimental_joint_read_delta_method;k_values_are_correlated_not_replicates;requires_independent_reads;model_bias_not_calibrated;catalogue_specificity_not_background_verified;genome_size_treated_as_fixed	1	iid_low_indel	0.02	factorial	61	20.0	NA	NA	NA
6302	condition_002	f003	19.89647728047374	NA	NA	NA	1.0	2,1,1,1	experimental_log_linear_extrapolation	insufficient_effective_reads	experimental_joint_read_delta_method;k_values_are_correlated_not_replicates;requires_independent_reads;model_bias_not_calibrated;catalogue_specificity_not_background_verified;genome_size_treated_as_fixed	1	iid_low_indel	0.0	factorial	61	20.0	NA	NA	-0.005176135976313034
6302	condition_002	f004	36.87851507312983	NA	NA	NA	1.9980487804878049	4,2,2,2	experimental_log_linear_extrapolation	insufficient_effective_reads	experimental_joint_read_delta_method;k_values_are_correlated_not_replicates;requires_independent_reads;model_bias_not_calibrated;catalogue_specificity_not_background_verified;genome_size_treated_as_fixed	1	iid_low_indel	0.02	factorial	61	20.0	NA	NA	0.8439257536564917
6302	condition_002	f005	NA	NA	NA	NA	0.0	0,0,0,0	zero_support_at_one_or_more_k_not_absence	no_finite_extrapolation	experimental_joint_read_delta_method;k_values_are_correlated_not_replicates;requires_independent_reads;model_bias_not_calibrated;catalogue_specificity_not_background_verified;genome_size_treated_as_fixed	1	iid_low_indel	0.0	factorial	61	20.0	NA	NA	NA
6302	condition_002	f006	19.246183431319036	NA	NA	NA	1.0	1,1,1,1	experimental_log_linear_extrapolation	insufficient_effective_reads	experimental_joint_read_delta_method;k_values_are_correlated_not_replicates;requires_independent_reads;model_bias_not_calibrated;catalogue_specificity_not_background_verified;genome_size_treated_as_fixed	1	iid_low_indel	0.02	factorial	61	20.0	NA	NA	-0.03769082843404821
6302	condition_002	f007	58.36264992748833	NA	NA	NA	1.0	1,1,1,1	experimental_log_linear_extrapolation	insufficient_effective_reads	experimental_joint_read_delta_method;k_values_are_correlated_not_replicates;requires_independent_reads;model_bias_not_calibrated;catalogue_specificity_not_background_verified;genome_size_treated_as_fixed	1	iid_low_indel	0.0	factorial	61	80.0	NA	NA	-0.2704668759063959
6302	condition_002	f008	65.78998254851092	NA	NA	NA	1.0	3,1,1,1	experimental_log_linear_extrapolation	insufficient_effective_reads	experimental_joint_read_delta_method;k_values_are_correlated_not_replicates;requires_independent_reads;model_bias_not_calibrated;catalogue_specificity_not_background_verified;genome_size_treated_as_fixed	1	iid_low_indel	0.02	factorial	61	80.0	NA	NA	-0.17762521814361348
6302	condition_002	f009	268.33653162849924	NA	NA	NA	4.319257464590196	6,6,6,6	experimental_log_linear_extrapolation	insufficient_effective_reads	experimental_joint_read_delta_method;k_values_are_correlated_not_replicates;requires_independent_reads;model_bias_not_calibrated;catalogue_specificity_not_background_verified;genome_size_treated_as_fixed	1	iid_low_indel	0.0	factorial	61	80.0	NA	NA	2.3542066453562405
6302	condition_002	f010	46.5735602562228	NA	NA	NA	1.0	3,1,1,1	experimental_log_linear_extrapolation	insufficient_effective_reads	experimental_joint_read_delta_method;k_values_are_correlated_not_replicates;requires_independent_reads;model_bias_not_calibrated;catalogue_specificity_not_background_verified;genome_size_treated_as_fixed	1	iid_low_indel	0.02	factorial	61	80.0	NA	NA	-0.417830496797215
6302	condition_002	f011	118.73667644438423	NA	NA	NA	1.7705918456331542	2,2,2,2	experimental_log_linear_extrapolation	insufficient_effective_reads	experimental_joint_read_delta_method;k_values_are_correlated_not_replicates;requires_independent_reads;model_bias_not_calibrated;catalogue_specificity_not_background_verified;genome_size_treated_as_fixed	1	iid_low_indel	0.0	factorial	61	80.0	NA	NA	0.48420845555480285
6302	condition_002	f012	122.57952620646327	NA	NA	NA	1.773097848363094	2,2,2,2	experimental_log_linear_extrapolation	insufficient_effective_reads	experimental_joint_read_delta_method;k_values_are_correlated_not_replicates;requires_independent_reads;model_bias_not_calibrated;catalogue_specificity_not_background_verified;genome_size_treated_as_fixed	1	iid_low_indel	0.02	factorial	61	80.0	NA	NA	0.5322440775807908
6302	condition_002	f013	286.9231368163404	NA	NA	NA	1.8751274902221682	3,2,2,2	experimental_log_linear_extrapolation	insufficient_effective_reads	experimental_joint_read_delta_method;k_values_are_correlated_not_replicates;requires_independent_reads;model_bias_not_calibrated;catalogue_specificity_not_background_verified;genome_size_treated_as_fixed	1	iid_low_indel	0.0	factorial	61	200.0	NA	NA	0.4346156840817019
6302	condition_002	f014	45.25323173322672	NA	NA	NA	1.0	1,1,1,1	experimental_log_linear_extrapolation	insufficient_effective_reads	experimental_joint_read_delta_method;k_values_are_correlated_not_replicates;requires_independent_reads;model_bias_not_calibrated;catalogue_specificity_not_background_verified;genome_size_treated_as_fixed	1	iid_low_indel	0.02	factorial	61	200.0	NA	NA	-0.7737338413338664
6302	condition_002	f015	19.895625698375436	NA	NA	NA	1.0	1,1,1,1	experimental_log_linear_extrapolation	insufficient_effective_reads	experimental_joint_read_delta_method;k_values_are_correlated_not_replicates;requires_independent_reads;model_bias_not_calibrated;catalogue_specificity_not_background_verified;genome_size_treated_as_fixed	1	iid_low_indel	0.0	factorial	61	200.0	NA	NA	-0.9005218715081229
6302	condition_002	f016	525.7631729023307	NA	NA	NA	3.8301083848067234	4,4,4,4	experimental_log_linear_extrapolation	insufficient_effective_reads	experimental_joint_read_delta_method;k_values_are_correlated_not_replicates;requires_independent_reads;model_bias_not_calibrated;catalogue_specificity_not_background_verified;genome_size_treated_as_fixed	1	iid_low_indel	0.02	factorial	61	200.0	NA	NA	1.6288158645116533
6302	condition_002	f017	59.47195307601898	NA	NA	NA	1.0	3,1,1,1	experimental_log_linear_extrapolation	insufficient_effective_reads	experimental_joint_read_delta_method;k_values_are_correlated_not_replicates;requires_independent_reads;model_bias_not_calibrated;catalogue_specificity_not_background_verified;genome_size_treated_as_fixed	1	iid_low_indel	0.0	factorial	61	200.0	NA	NA	-0.7026402346199052
6302	condition_002	f018	107.82120748243445	NA	NA	NA	1.0	1,1,1,1	experimental_log_linear_extrapolation	insufficient_effective_reads	experimental_joint_read_delta_method;k_values_are_correlated_not_replicates;requires_independent_reads;model_bias_not_calibrated;catalogue_specificity_not_background_verified;genome_size_treated_as_fixed	1	iid_low_indel	0.02	factorial	61	200.0	NA	NA	-0.4608939625878278
6302	condition_002	f019	20.214560942450774	NA	NA	NA	1.0	4,1,1,1	experimental_log_linear_extrapolation	insufficient_effective_reads	experimental_joint_read_delta_method;k_values_are_correlated_not_replicates;requires_independent_reads;model_bias_not_calibrated;catalogue_specificity_not_background_verified;genome_size_treated_as_fixed	1	iid_low_indel	0.0	factorial	171	20.0	NA	NA	0.010728047122538697
6302	condition_002	f020	79.54816545131729	NA	NA	NA	3.997350440560047	8,4,4,4	experimental_log_linear_extrapolation	insufficient_effective_reads	experimental_joint_read_delta_method;k_values_are_correlated_not_replicates;requires_independent_reads;model_bias_not_calibrated;catalogue_specificity_not_background_verified;genome_size_treated_as_fixed	1	iid_low_indel	0.02	factorial	171	20.0	NA	NA	2.9774082725658646
6302	condition_002	f021	17.635476368687364	NA	NA	NA	1.0	2,1,1,1	experimental_log_linear_extrapolation	insufficient_effective_reads	experimental_joint_read_delta_method;k_values_are_correlated_not_replicates;requires_independent_reads;model_bias_not_calibrated;catalogue_specificity_not_background_verified;genome_size_treated_as_fixed	1	iid_low_indel	0.0	factorial	171	20.0	NA	NA	-0.1182261815656318
6302	condition_002	f022	62.081109051630634	NA	NA	NA	2.9990370684356913	3,3,3,3	experimental_log_linear_extrapolation	insufficient_effective_reads	experimental_joint_read_delta_method;k_values_are_correlated_not_replicates;requires_independent_reads;model_bias_not_calibrated;catalogue_specificity_not_background_verified;genome_size_treated_as_fixed	1	iid_low_indel	0.02	factorial	171	20.0	NA	NA	2.1040554525815316
6302	condition_002	f023	41.720656475495474	NA	NA	NA	2.659727969049984	3,3,3,3	experimental_log_linear_extrapolation	insufficient_effective_reads	experimental_joint_read_delta_method;k_values_are_correlated_not_replicates;requires_independent_reads;model_bias_not_calibrated;catalogue_specificity_not_background_verified;genome_size_treated_as_fixed	1	iid_low_indel	0.0	factorial	171	20.0	NA	NA	1.0860328237747736
6302	condition_002	f024	39.45815529966084	NA	NA	NA	1.9998932582017448	2,2,2,2	experimental_log_linear_extrapolation	insufficient_effective_reads	experimental_joint_read_delta_method;k_values_are_correlated_not_replicates;requires_independent_reads;model_bias_not_calibrated;catalogue_specificity_not_background_verified;genome_size_treated_as_fixed	1	iid_low_indel	0.02	factorial	171	20.0	NA	NA	0.9729077649830419
6302	condition_002	f025	52.24248448715264	NA	NA	NA	1.0	3,1,1,1	experimental_log_linear_extrapolation	insufficient_effective_reads	experimental_joint_read_delta_method;k_values_are_correlated_not_replicates;requires_independent_reads;model_bias_not_calibrated;catalogue_specificity_not_background_verified;genome_size_treated_as_fixed	1	iid_low_indel	0.0	factorial	171	80.0	NA	NA	-0.346968943910592
6302	condition_002	f026	108.77598778513753	NA	NA	NA	1.9873019018854872	6,2,2,2	experimental_log_linear_extrapolation	insufficient_effective_reads	experimental_joint_read_delta_method;k_values_are_correlated_not_replicates;requires_independent_reads;model_bias_not_calibrated;catalogue_specificity_not_background_verified;genome_size_treated_as_fixed	1	iid_low_indel	0.02	factorial	171	80.0	NA	NA	0.3596998473142191
6302	condition_002	f027	NA	NA	NA	NA	0.0	0,0,0,0	zero_support_at_one_or_more_k_not_absence	no_finite_extrapolation	experimental_joint_read_delta_method;k_values_are_correlated_not_replicates;requires_independent_reads;model_bias_not_calibrated;catalogue_specificity_not_background_verified;genome_size_treated_as_fixed	1	iid_low_indel	0.0	factorial	171	80.0	NA	NA	NA
6302	condition_002	f028	123.37143913999931	NA	NA	NA	1.961764269009237	3,3,3,3	experimental_log_linear_extrapolation	insufficient_effective_reads	experimental_joint_read_delta_method;k_values_are_correlated_not_replicates;requires_independent_reads;model_bias_not_calibrated;catalogue_specificity_not_background_verified;genome_size_treated_as_fixed	1	iid_low_indel	0.02	factorial	171	80.0	NA	NA	0.5421429892499914
6302	condition_002	f029	100.6740232979083	NA	NA	NA	1.98687565614977	2,2,2,2	experimental_log_linear_extrapolation	insufficient_effective_reads	experimental_joint_read_delta_method;k_values_are_correlated_not_replicates;requires_independent_reads;model_bias_not_calibrated;catalogue_specificity_not_background_verified;genome_size_treated_as_fixed	1	iid_low_indel	0.0	factorial	171	80.0	NA	NA	0.2584252912238538
6302	condition_002	f030	63.3965522668447	NA	NA	NA	1.0601147303347813	2,2,2,2	experimental_log_linear_extrapolation	insufficient_effective_reads	experimental_joint_read_delta_method;k_values_are_correlated_not_replicates;requires_independent_reads;model_bias_not_calibrated;catalogue_specificity_not_background_verified;genome_size_treated_as_fixed	1	iid_low_indel	0.02	factorial	171	80.0	NA	NA	-0.20754309666444123
6302	condition_002	f031	252.97734096010313	NA	NA	NA	3.8280833370868925	4,4,4,4	experimental_log_linear_extrapolation	insufficient_effective_reads	experimental_joint_read_delta_method;k_values_are_correlated_not_replicates;requires_independent_reads;model_bias_not_calibrated;catalogue_specificity_not_background_verified;genome_size_treated_as_fixed	1	iid_low_indel	0.0	factorial	171	200.0	NA	NA	0.2648867048005157
6302	condition_002	f032	270.5728474532077	NA	NA	NA	2.6558322558310756	5,3,3,3	experimental_log_linear_extrapolation	insufficient_effective_reads	experimental_joint_read_delta_method;k_values_are_correlated_not_replicates;requires_independent_reads;model_bias_not_calibrated;catalogue_specificity_not_background_verified;genome_size_treated_as_fixed	1	iid_low_indel	0.02	factorial	171	200.0	NA	NA	0.35286423726603855
6302	condition_002	f033	NA	NA	NA	NA	0.0	3,0,0,0	zero_support_at_one_or_more_k_not_absence	no_finite_extrapolation	experimental_joint_read_delta_method;k_values_are_correlated_not_replicates;requires_independent_reads;model_bias_not_calibrated;catalogue_specificity_not_background_verified;genome_size_treated_as_fixed	1	iid_low_indel	0.0	factorial	171	200.0	NA	NA	NA
6302	condition_002	f034	296.0957132622239	NA	NA	NA	3.7908199357764203	7,4,4,4	experimental_log_linear_extrapolation	insufficient_effective_reads	experimental_joint_read_delta_method;k_values_are_correlated_not_replicates;requires_independent_reads;model_bias_not_calibrated;catalogue_specificity_not_background_verified;genome_size_treated_as_fixed	1	iid_low_indel	0.02	factorial	171	200.0	NA	NA	0.48047856631111957
6302	condition_002	f035	144.74354318347574	NA	NA	NA	3.0525624467451076	5,4,4,4	experimental_log_linear_extrapolation	insufficient_effective_reads	experimental_joint_read_delta_method;k_values_are_correlated_not_replicates;requires_independent_reads;model_bias_not_calibrated;catalogue_specificity_not_background_verified;genome_size_treated_as_fixed	1	iid_low_indel	0.0	factorial	171	200.0	NA	NA	-0.27628228408262134
6302	condition_002	f036	176.2287406449052	NA	NA	NA	3.4338575573761405	4,4,4,4	experimental_log_linear_extrapolation	insufficient_effective_reads	experimental_joint_read_delta_method;k_values_are_correlated_not_replicates;requires_independent_reads;model_bias_not_calibrated;catalogue_specificity_not_background_verified;genome_size_treated_as_fixed	1	iid_low_indel	0.02	factorial	171	200.0	NA	NA	-0.11885629677547399
6302	condition_002	f037	15.086458521181038	NA	NA	NA	1.0	17,1,1,1	experimental_log_linear_extrapolation	insufficient_effective_reads	experimental_joint_read_delta_method;k_values_are_correlated_not_replicates;requires_independent_reads;model_bias_not_calibrated;catalogue_specificity_not_background_verified;genome_size_treated_as_fixed	1	iid_low_indel	0.0	factorial	421	20.0	NA	NA	-0.2456770739409481
6302	condition_002	f038	43.62936376452109	NA	NA	NA	2.992484999315239	7,3,3,3	experimental_log_linear_extrapolation	insufficient_effective_reads	experimental_joint_read_delta_method;k_values_are_correlated_not_replicates;requires_independent_reads;model_bias_not_calibrated;catalogue_specificity_not_background_verified;genome_size_treated_as_fixed	1	iid_low_indel	0.02	factorial	421	20.0	NA	NA	1.1814681882260545
6302	condition_002	f039	46.15987013738957	NA	NA	NA	2.9530278258353384	11,4,4,4	experimental_log_linear_extrapolation	insufficient_effective_reads	experimental_joint_read_delta_method;k_values_are_correlated_not_replicates;requires_independent_reads;model_bias_not_calibrated;catalogue_specificity_not_background_verified;genome_size_treated_as_fixed	1	iid_low_indel	0.0	factorial	421	20.0	NA	NA	1.3079935068694784
6302	condition_002	f040	13.097962614499131	NA	NA	NA	1.0	4,1,1,1	experimental_log_linear_extrapolation	insufficient_effective_reads	experimental_joint_read_delta_method;k_values_are_correlated_not_replicates;requires_independent_reads;model_bias_not_calibrated;catalogue_specificity_not_background_verified;genome_size_treated_as_fixed	1	iid_low_indel	0.02	factorial	421	20.0	NA	NA	-0.34510186927504344
6302	condition_002	f041	12.514627615534625	NA	NA	NA	1.9007960055199558	3,2,2,2	experimental_log_linear_extrapolation	insufficient_effective_reads	experimental_joint_read_delta_method;k_values_are_correlated_not_replicates;requires_independent_reads;model_bias_not_calibrated;catalogue_specificity_not_background_verified;genome_size_treated_as_fixed	1	iid_low_indel	0.0	factorial	421	20.0	NA	NA	-0.37426861922326876
6302	condition_002	f042	30.456344584465413	NA	NA	NA	1.8210494721097061	3,2,2,2	experimental_log_linear_extrapolation	insufficient_effective_reads	experimental_joint_read_delta_method;k_values_are_correlated_not_replicates;requires_independent_reads;model_bias_not_calibrated;catalogue_specificity_not_background_verified;genome_size_treated_as_fixed	1	iid_low_indel	0.02	factorial	421	20.0	NA	NA	0.5228172292232707
6302	condition_002	f043	55.017172625232966	NA	NA	NA	1.993265473271318	7,2,2,2	experimental_log_linear_extrapolation	insufficient_effective_reads	experimental_joint_read_delta_method;k_values_are_correlated_not_replicates;requires_independent_reads;model_bias_not_calibrated;catalogue_specificity_not_background_verified;genome_size_treated_as_fixed	1	iid_low_indel	0.0	factorial	421	80.0	NA	NA	-0.3122853421845879
6302	condition_002	f044	52.825397661089845	NA	NA	NA	1.7955400156936223	9,2,2,2	experimental_log_linear_extrapolation	insufficient_effective_reads	experimental_joint_read_delta_method;k_values_are_correlated_not_replicates;requires_independent_reads;model_bias_not_calibrated;catalogue_specificity_not_background_verified;genome_size_treated_as_fixed	1	iid_low_indel	0.02	factorial	421	80.0	NA	NA	-0.33968252923637693
6302	condition_002	f045	124.52994367952117	NA	NA	NA	3.987573278520902	11,5,5,5	experimental_log_linear_extrapolation	insufficient_effective_reads	experimental_joint_read_delta_method;k_values_are_correlated_not_replicates;requires_independent_reads;model_bias_not_calibrated;catalogue_specificity_not_background_verified;genome_size_treated_as_fixed	1	iid_low_indel	0.0	factorial	421	80.0	NA	NA	0.5566242959940146
6302	condition_002	f046	137.25535283334474	NA	NA	NA	4.944514797193168	8,5,5,5	experimental_log_linear_extrapolation	insufficient_effective_reads	experimental_joint_read_delta_method;k_values_are_correlated_not_replicates;requires_independent_reads;model_bias_not_calibrated;catalogue_specificity_not_background_verified;genome_size_treated_as_fixed	1	iid_low_indel	0.02	factorial	421	80.0	NA	NA	0.7156919104168094
6302	condition_002	f047	24.972674447463707	NA	NA	NA	1.0	9,1,1,1	experimental_log_linear_extrapolation	insufficient_effective_reads	experimental_joint_read_delta_method;k_values_are_correlated_not_replicates;requires_independent_reads;model_bias_not_calibrated;catalogue_specificity_not_background_verified;genome_size_treated_as_fixed	1	iid_low_indel	0.0	factorial	421	80.0	NA	NA	-0.6878415694067037
6302	condition_002	f048	199.91794476553054	NA	NA	NA	6.391662290182271	10,7,7,7	experimental_log_linear_extrapolation	insufficient_effective_reads	experimental_joint_read_delta_method;k_values_are_correlated_not_replicates;requires_independent_reads;model_bias_not_calibrated;catalogue_specificity_not_background_verified;genome_size_treated_as_fixed	1	iid_low_indel	0.02	factorial	421	80.0	NA	NA	1.4989743095691317
6302	condition_002	f049	303.167962463069	NA	NA	NA	8.526088121065337	13,9,9,9	experimental_log_linear_extrapolation	insufficient_effective_reads	experimental_joint_read_delta_method;k_values_are_correlated_not_replicates;requires_independent_reads;model_bias_not_calibrated;catalogue_specificity_not_background_verified;genome_size_treated_as_fixed	1	iid_low_indel	0.0	factorial	421	200.0	NA	NA	0.5158398123153449
6302	condition_002	f050	101.53526137378861	NA	NA	NA	2.89853821077758	13,3,3,3	experimental_log_linear_extrapolation	insufficient_effective_reads	experimental_joint_read_delta_method;k_values_are_correlated_not_replicates;requires_independent_reads;model_bias_not_calibrated;catalogue_specificity_not_background_verified;genome_size_treated_as_fixed	1	iid_low_indel	0.02	factorial	421	200.0	NA	NA	-0.49232369313105695
6302	condition_002	f051	137.82622591778068	NA	NA	NA	3.881816973718273	9,4,4,4	experimental_log_linear_extrapolation	insufficient_effective_reads	experimental_joint_read_delta_method;k_values_are_correlated_not_replicates;requires_independent_reads;model_bias_not_calibrated;catalogue_specificity_not_background_verified;genome_size_treated_as_fixed	1	iid_low_indel	0.0	factorial	421	200.0	NA	NA	-0.3108688704110966
6302	condition_002	f052	233.2263369500232	NA	NA	NA	6.766656289059872	13,7,7,7	experimental_log_linear_extrapolation	insufficient_effective_reads	experimental_joint_read_delta_method;k_values_are_correlated_not_replicates;requires_independent_reads;model_bias_not_calibrated;catalogue_specificity_not_background_verified;genome_size_treated_as_fixed	1	iid_low_indel	0.02	factorial	421	200.0	NA	NA	0.16613168475011605
6302	condition_002	f053	254.15096634354606	NA	NA	NA	6.869024856334953	8,7,7,7	experimental_log_linear_extrapolation	insufficient_effective_reads	experimental_joint_read_delta_method;k_values_are_correlated_not_replicates;requires_independent_reads;model_bias_not_calibrated;catalogue_specificity_not_background_verified;genome_size_treated_as_fixed	1	iid_low_indel	0.0	factorial	421	200.0	NA	NA	0.2707548317177303
6302	condition_002	f054	262.90021476279355	NA	NA	NA	8.571495176941774	13,9,9,9	experimental_log_linear_extrapolation	insufficient_effective_reads	experimental_joint_read_delta_method;k_values_are_correlated_not_replicates;requires_independent_reads;model_bias_not_calibrated;catalogue_specificity_not_background_verified;genome_size_treated_as_fixed	1	iid_low_indel	0.02	factorial	421	200.0	NA	NA	0.31450107381396775
6302	condition_002	megabase_171	7046.6025807581045	0.010182538219174947	5782.1087207815945	8587.629587918702	86.43502644925334	93,91,91,91	experimental_log_linear_extrapolation	approximate_95pct_joint_read_log_normal	experimental_joint_read_delta_method;k_values_are_correlated_not_replicates;requires_independent_reads;model_bias_not_calibrated;catalogue_specificity_not_background_verified;genome_size_treated_as_fixed	1	iid_low_indel	0.01	megabase	171	6000.0	True	0.4675868111895179	0.1744337634596841
6302	condition_003	f001	40.19465557929775	NA	NA	NA	1.8608488054137826	2,2,2,2	experimental_log_linear_extrapolation	insufficient_effective_reads	experimental_joint_read_delta_method;k_values_are_correlated_not_replicates;requires_independent_reads;model_bias_not_calibrated;catalogue_specificity_not_background_verified;genome_size_treated_as_fixed	1	iid_high_indel	0.0	factorial	61	20.0	NA	NA	1.0097327789648876
6302	condition_003	f002	NA	NA	NA	NA	0.0	0,0,0,0	zero_support_at_one_or_more_k_not_absence	no_finite_extrapolation	experimental_joint_read_delta_method;k_values_are_correlated_not_replicates;requires_independent_reads;model_bias_not_calibrated;catalogue_specificity_not_background_verified;genome_size_treated_as_fixed	1	iid_high_indel	0.02	factorial	61	20.0	NA	NA	NA
6302	condition_003	f003	18.9723602531332	NA	NA	NA	1.0	2,1,1,1	experimental_log_linear_extrapolation	insufficient_effective_reads	experimental_joint_read_delta_method;k_values_are_correlated_not_replicates;requires_independent_reads;model_bias_not_calibrated;catalogue_specificity_not_background_verified;genome_size_treated_as_fixed	1	iid_high_indel	0.0	factorial	61	20.0	NA	NA	-0.051381987343340006
6302	condition_003	f004	35.92824262171413	NA	NA	NA	1.9965185692380392	4,2,2,2	experimental_log_linear_extrapolation	insufficient_effective_reads	experimental_joint_read_delta_method;k_values_are_correlated_not_replicates;requires_independent_reads;model_bias_not_calibrated;catalogue_specificity_not_background_verified;genome_size_treated_as_fixed	1	iid_high_indel	0.02	factorial	61	20.0	NA	NA	0.7964121310857066
6302	condition_003	f005	NA	NA	NA	NA	0.0	0,0,0,0	zero_support_at_one_or_more_k_not_absence	no_finite_extrapolation	experimental_joint_read_delta_method;k_values_are_correlated_not_replicates;requires_independent_reads;model_bias_not_calibrated;catalogue_specificity_not_background_verified;genome_size_treated_as_fixed	1	iid_high_indel	0.0	factorial	61	20.0	NA	NA	NA
6302	condition_003	f006	18.805586778054725	NA	NA	NA	1.0	1,1,1,1	experimental_log_linear_extrapolation	insufficient_effective_reads	experimental_joint_read_delta_method;k_values_are_correlated_not_replicates;requires_independent_reads;model_bias_not_calibrated;catalogue_specificity_not_background_verified;genome_size_treated_as_fixed	1	iid_high_indel	0.02	factorial	61	20.0	NA	NA	-0.059720661097263775
6302	condition_003	f007	58.96462127682174	NA	NA	NA	1.0	3,1,1,1	experimental_log_linear_extrapolation	insufficient_effective_reads	experimental_joint_read_delta_method;k_values_are_correlated_not_replicates;requires_independent_reads;model_bias_not_calibrated;catalogue_specificity_not_background_verified;genome_size_treated_as_fixed	1	iid_high_indel	0.0	factorial	61	80.0	NA	NA	-0.2629422340397283
6302	condition_003	f008	63.6149510873467	NA	NA	NA	1.0	3,1,1,1	experimental_log_linear_extrapolation	insufficient_effective_reads	experimental_joint_read_delta_method;k_values_are_correlated_not_replicates;requires_independent_reads;model_bias_not_calibrated;catalogue_specificity_not_background_verified;genome_size_treated_as_fixed	1	iid_high_indel	0.02	factorial	61	80.0	NA	NA	-0.2048131114081663
6302	condition_003	f009	271.538129518292	NA	NA	NA	4.311014270694884	6,6,6,6	experimental_log_linear_extrapolation	insufficient_effective_reads	experimental_joint_read_delta_method;k_values_are_correlated_not_replicates;requires_independent_reads;model_bias_not_calibrated;catalogue_specificity_not_background_verified;genome_size_treated_as_fixed	1	iid_high_indel	0.0	factorial	61	80.0	NA	NA	2.3942266189786503
6302	condition_003	f010	51.207170495614164	NA	NA	NA	1.0	3,1,1,1	experimental_log_linear_extrapolation	insufficient_effective_reads	experimental_joint_read_delta_method;k_values_are_correlated_not_replicates;requires_independent_reads;model_bias_not_calibrated;catalogue_specificity_not_background_verified;genome_size_treated_as_fixed	1	iid_high_indel	0.02	factorial	61	80.0	NA	NA	-0.35991036880482297
6302	condition_003	f011	122.09725295371724	NA	NA	NA	1.8171641584283438	2,2,2,2	experimental_log_linear_extrapolation	insufficient_effective_reads	experimental_joint_read_delta_method;k_values_are_correlated_not_replicates;requires_independent_reads;model_bias_not_calibrated;catalogue_specificity_not_background_verified;genome_size_treated_as_fixed	1	iid_high_indel	0.0	factorial	61	80.0	NA	NA	0.5262156619214655
6302	condition_003	f012	120.569535635687	NA	NA	NA	1.7334328644129855	3,2,2,2	experimental_log_linear_extrapolation	insufficient_effective_reads	experimental_joint_read_delta_method;k_values_are_correlated_not_replicates;requires_independent_reads;model_bias_not_calibrated;catalogue_specificity_not_background_verified;genome_size_treated_as_fixed	1	iid_high_indel	0.02	factorial	61	80.0	NA	NA	0.5071191954460875
6302	condition_003	f013	294.7018205285288	NA	NA	NA	1.8498677718629684	3,2,2,2	experimental_log_linear_extrapolation	insufficient_effective_reads	experimental_joint_read_delta_method;k_values_are_correlated_not_replicates;requires_independent_reads;model_bias_not_calibrated;catalogue_specificity_not_background_verified;genome_size_treated_as_fixed	1	iid_high_indel	0.0	factorial	61	200.0	NA	NA	0.473509102642644
6302	condition_003	f014	55.123134458791995	NA	NA	NA	1.0	1,1,1,1	experimental_log_linear_extrapolation	insufficient_effective_reads	experimental_joint_read_delta_method;k_values_are_correlated_not_replicates;requires_independent_reads;model_bias_not_calibrated;catalogue_specificity_not_background_verified;genome_size_treated_as_fixed	1	iid_high_indel	0.02	factorial	61	200.0	NA	NA	-0.7243843277060401
6302	condition_003	f015	20.152743592026987	NA	NA	NA	1.0	2,1,1,1	experimental_log_linear_extrapolation	insufficient_effective_reads	experimental_joint_read_delta_method;k_values_are_correlated_not_replicates;requires_independent_reads;model_bias_not_calibrated;catalogue_specificity_not_background_verified;genome_size_treated_as_fixed	1	iid_high_indel	0.0	factorial	61	200.0	NA	NA	-0.899236282039865
6302	condition_003	f016	516.9860348024323	NA	NA	NA	3.851024339994005	5,4,4,4	experimental_log_linear_extrapolation	insufficient_effective_reads	experimental_joint_read_delta_method;k_values_are_correlated_not_replicates;requires_independent_reads;model_bias_not_calibrated;catalogue_specificity_not_background_verified;genome_size_treated_as_fixed	1	iid_high_indel	0.02	factorial	61	200.0	NA	NA	1.5849301740121615
6302	condition_003	f017	58.18009409006102	NA	NA	NA	1.0	3,1,1,1	experimental_log_linear_extrapolation	insufficient_effective_reads	experimental_joint_read_delta_method;k_values_are_correlated_not_replicates;requires_independent_reads;model_bias_not_calibrated;catalogue_specificity_not_background_verified;genome_size_treated_as_fixed	1	iid_high_indel	0.0	factorial	61	200.0	NA	NA	-0.709099529549695
6302	condition_003	f018	103.81745447675875	NA	NA	NA	1.0	1,1,1,1	experimental_log_linear_extrapolation	insufficient_effective_reads	experimental_joint_read_delta_method;k_values_are_correlated_not_replicates;requires_independent_reads;model_bias_not_calibrated;catalogue_specificity_not_background_verified;genome_size_treated_as_fixed	1	iid_high_indel	0.02	factorial	61	200.0	NA	NA	-0.48091272761620624
6302	condition_003	f019	19.851866962212366	NA	NA	NA	1.0	3,1,1,1	experimental_log_linear_extrapolation	insufficient_effective_reads	experimental_joint_read_delta_method;k_values_are_correlated_not_replicates;requires_independent_reads;model_bias_not_calibrated;catalogue_specificity_not_background_verified;genome_size_treated_as_fixed	1	iid_high_indel	0.0	factorial	171	20.0	NA	NA	-0.007406651889381699
6302	condition_003	f020	76.85015779759331	NA	NA	NA	3.9560842301320407	7,4,4,4	experimental_log_linear_extrapolation	insufficient_effective_reads	experimental_joint_read_delta_method;k_values_are_correlated_not_replicates;requires_independent_reads;model_bias_not_calibrated;catalogue_specificity_not_background_verified;genome_size_treated_as_fixed	1	iid_high_indel	0.02	factorial	171	20.0	NA	NA	2.8425078898796654
6302	condition_003	f021	17.6275767927388	NA	NA	NA	1.0	2,1,1,1	experimental_log_linear_extrapolation	insufficient_effective_reads	experimental_joint_read_delta_method;k_values_are_correlated_not_replicates;requires_independent_reads;model_bias_not_calibrated;catalogue_specificity_not_background_verified;genome_size_treated_as_fixed	1	iid_high_indel	0.0	factorial	171	20.0	NA	NA	-0.11862116036305999
6302	condition_003	f022	64.18286937711962	NA	NA	NA	2.993495592662564	6,3,3,3	experimental_log_linear_extrapolation	insufficient_effective_reads	experimental_joint_read_delta_method;k_values_are_correlated_not_replicates;requires_independent_reads;model_bias_not_calibrated;catalogue_specificity_not_background_verified;genome_size_treated_as_fixed	1	iid_high_indel	0.02	factorial	171	20.0	NA	NA	2.209143468855981
6302	condition_003	f023	42.19179185892599	NA	NA	NA	2.629727233898423	4,3,3,3	experimental_log_linear_extrapolation	insufficient_effective_reads	experimental_joint_read_delta_method;k_values_are_correlated_not_replicates;requires_independent_reads;model_bias_not_calibrated;catalogue_specificity_not_background_verified;genome_size_treated_as_fixed	1	iid_high_indel	0.0	factorial	171	20.0	NA	NA	1.1095895929462993
6302	condition_003	f024	42.661103314035415	NA	NA	NA	1.9931576369530795	2,2,2,2	experimental_log_linear_extrapolation	insufficient_effective_reads	experimental_joint_read_delta_method;k_values_are_correlated_not_replicates;requires_independent_reads;model_bias_not_calibrated;catalogue_specificity_not_background_verified;genome_size_treated_as_fixed	1	iid_high_indel	0.02	factorial	171	20.0	NA	NA	1.1330551657017707
6302	condition_003	f025	52.02433322684335	NA	NA	NA	1.0	1,1,1,1	experimental_log_linear_extrapolation	insufficient_effective_reads	experimental_joint_read_delta_method;k_values_are_correlated_not_replicates;requires_independent_reads;model_bias_not_calibrated;catalogue_specificity_not_background_verified;genome_size_treated_as_fixed	1	iid_high_indel	0.0	factorial	171	80.0	NA	NA	-0.3496958346644581
6302	condition_003	f026	109.24810727310796	NA	NA	NA	1.9818992648252776	8,2,2,2	experimental_log_linear_extrapolation	insufficient_effective_reads	experimental_joint_read_delta_method;k_values_are_correlated_not_replicates;requires_independent_reads;model_bias_not_calibrated;catalogue_specificity_not_background_verified;genome_size_treated_as_fixed	1	iid_high_indel	0.02	factorial	171	80.0	NA	NA	0.36560134091384955
6302	condition_003	f027	NA	NA	NA	NA	0.0	0,0,0,0	zero_support_at_one_or_more_k_not_absence	no_finite_extrapolation	experimental_joint_read_delta_method;k_values_are_correlated_not_replicates;requires_independent_reads;model_bias_not_calibrated;catalogue_specificity_not_background_verified;genome_size_treated_as_fixed	1	iid_high_indel	0.0	factorial	171	80.0	NA	NA	NA
6302	condition_003	f028	126.23144926449251	NA	NA	NA	1.9048525027085932	3,3,3,3	experimental_log_linear_extrapolation	insufficient_effective_reads	experimental_joint_read_delta_method;k_values_are_correlated_not_replicates;requires_independent_reads;model_bias_not_calibrated;catalogue_specificity_not_background_verified;genome_size_treated_as_fixed	1	iid_high_indel	0.02	factorial	171	80.0	NA	NA	0.5778931158061564
6302	condition_003	f029	102.41242566404352	NA	NA	NA	1.973424876067149	2,2,2,2	experimental_log_linear_extrapolation	insufficient_effective_reads	experimental_joint_read_delta_method;k_values_are_correlated_not_replicates;requires_independent_reads;model_bias_not_calibrated;catalogue_specificity_not_background_verified;genome_size_treated_as_fixed	1	iid_high_indel	0.0	factorial	171	80.0	NA	NA	0.28015532080054406
6302	condition_003	f030	67.03731279811436	NA	NA	NA	1.0260825190421283	2,2,2,2	experimental_log_linear_extrapolation	insufficient_effective_reads	experimental_joint_read_delta_method;k_values_are_correlated_not_replicates;requires_independent_reads;model_bias_not_calibrated;catalogue_specificity_not_background_verified;genome_size_treated_as_fixed	1	iid_high_indel	0.02	factorial	171	80.0	NA	NA	-0.16203359002357054
6302	condition_003	f031	254.33850477063604	NA	NA	NA	3.8105352501469434	5,4,4,4	experimental_log_linear_extrapolation	insufficient_effective_reads	experimental_joint_read_delta_method;k_values_are_correlated_not_replicates;requires_independent_reads;model_bias_not_calibrated;catalogue_specificity_not_background_verified;genome_size_treated_as_fixed	1	iid_high_indel	0.0	factorial	171	200.0	NA	NA	0.27169252385318016
6302	condition_003	f032	274.8241727835586	NA	NA	NA	2.659243712779206	4,3,3,3	experimental_log_linear_extrapolation	insufficient_effective_reads	experimental_joint_read_delta_method;k_values_are_correlated_not_replicates;requires_independent_reads;model_bias_not_calibrated;catalogue_specificity_not_background_verified;genome_size_treated_as_fixed	1	iid_high_indel	0.02	factorial	171	200.0	NA	NA	0.374120863917793
6302	condition_003	f033	NA	NA	NA	NA	0.0	3,0,0,0	zero_support_at_one_or_more_k_not_absence	no_finite_extrapolation	experimental_joint_read_delta_method;k_values_are_correlated_not_replicates;requires_independent_reads;model_bias_not_calibrated;catalogue_specificity_not_background_verified;genome_size_treated_as_fixed	1	iid_high_indel	0.0	factorial	171	200.0	NA	NA	NA
6302	condition_003	f034	296.88831137751833	NA	NA	NA	3.781297214132948	7,4,4,4	experimental_log_linear_extrapolation	insufficient_effective_reads	experimental_joint_read_delta_method;k_values_are_correlated_not_replicates;requires_independent_reads;model_bias_not_calibrated;catalogue_specificity_not_background_verified;genome_size_treated_as_fixed	1	iid_high_indel	0.02	factorial	171	200.0	NA	NA	0.48444155688759166
6302	condition_003	f035	145.09710753044948	NA	NA	NA	3.011730101233412	5,4,4,4	experimental_log_linear_extrapolation	insufficient_effective_reads	experimental_joint_read_delta_method;k_values_are_correlated_not_replicates;requires_independent_reads;model_bias_not_calibrated;catalogue_specificity_not_background_verified;genome_size_treated_as_fixed	1	iid_high_indel	0.0	factorial	171	200.0	NA	NA	-0.2745144623477526
6302	condition_003	f036	175.3196874855671	NA	NA	NA	3.4089482624334577	4,4,4,4	experimental_log_linear_extrapolation	insufficient_effective_reads	experimental_joint_read_delta_method;k_values_are_correlated_not_replicates;requires_independent_reads;model_bias_not_calibrated;catalogue_specificity_not_background_verified;genome_size_treated_as_fixed	1	iid_high_indel	0.02	factorial	171	200.0	NA	NA	-0.12340156257216449
6302	condition_003	f037	15.491248994966469	NA	NA	NA	1.0	18,1,1,1	experimental_log_linear_extrapolation	insufficient_effective_reads	experimental_joint_read_delta_method;k_values_are_correlated_not_replicates;requires_independent_reads;model_bias_not_calibrated;catalogue_specificity_not_background_verified;genome_size_treated_as_fixed	1	iid_high_indel	0.0	factorial	421	20.0	NA	NA	-0.22543755025167656
6302	condition_003	f038	44.276911199753485	NA	NA	NA	2.9963348483000045	9,3,3,3	experimental_log_linear_extrapolation	insufficient_effective_reads	experimental_joint_read_delta_method;k_values_are_correlated_not_replicates;requires_independent_reads;model_bias_not_calibrated;catalogue_specificity_not_background_verified;genome_size_treated_as_fixed	1	iid_high_indel	0.02	factorial	421	20.0	NA	NA	1.2138455599876743
6302	condition_003	f039	46.39629413348243	NA	NA	NA	2.952775738365833	11,4,4,4	experimental_log_linear_extrapolation	insufficient_effective_reads	experimental_joint_read_delta_method;k_values_are_correlated_not_replicates;requires_independent_reads;model_bias_not_calibrated;catalogue_specificity_not_background_verified;genome_size_treated_as_fixed	1	iid_high_indel	0.0	factorial	421	20.0	NA	NA	1.3198147066741215
6302	condition_003	f040	13.877437236368955	NA	NA	NA	1.0	4,1,1,1	experimental_log_linear_extrapolation	insufficient_effective_reads	experimental_joint_read_delta_method;k_values_are_correlated_not_replicates;requires_independent_reads;model_bias_not_calibrated;catalogue_specificity_not_background_verified;genome_size_treated_as_fixed	1	iid_high_indel	0.02	factorial	421	20.0	NA	NA	-0.30612813818155227
6302	condition_003	f041	12.449795230841286	NA	NA	NA	1.8779179247176476	4,2,2,2	experimental_log_linear_extrapolation	insufficient_effective_reads	experimental_joint_read_delta_method;k_values_are_correlated_not_replicates;requires_independent_reads;model_bias_not_calibrated;catalogue_specificity_not_background_verified;genome_size_treated_as_fixed	1	iid_high_indel	0.0	factorial	421	20.0	NA	NA	-0.37751023845793574
6302	condition_003	f042	31.728730236651067	NA	NA	NA	1.8197204788528034	4,2,2,2	experimental_log_linear_extrapolation	insufficient_effective_reads	experimental_joint_read_delta_method;k_values_are_correlated_not_replicates;requires_independent_reads;model_bias_not_calibrated;catalogue_specificity_not_background_verified;genome_size_treated_as_fixed	1	iid_high_indel	0.02	factorial	421	20.0	NA	NA	0.5864365118325534
6302	condition_003	f043	56.42571128629648	NA	NA	NA	1.9931804205400083	7,2,2,2	experimental_log_linear_extrapolation	insufficient_effective_reads	experimental_joint_read_delta_method;k_values_are_correlated_not_replicates;requires_independent_reads;model_bias_not_calibrated;catalogue_specificity_not_background_verified;genome_size_treated_as_fixed	1	iid_high_indel	0.0	factorial	421	80.0	NA	NA	-0.29467860892129394
6302	condition_003	f044	53.933826919453715	NA	NA	NA	1.8481199857438664	8,2,2,2	experimental_log_linear_extrapolation	insufficient_effective_reads	experimental_joint_read_delta_method;k_values_are_correlated_not_replicates;requires_independent_reads;model_bias_not_calibrated;catalogue_specificity_not_background_verified;genome_size_treated_as_fixed	1	iid_high_indel	0.02	factorial	421	80.0	NA	NA	-0.32582716350682855
6302	condition_003	f045	125.17837788133744	NA	NA	NA	3.9767806810039983	9,5,5,5	experimental_log_linear_extrapolation	insufficient_effective_reads	experimental_joint_read_delta_method;k_values_are_correlated_not_replicates;requires_independent_reads;model_bias_not_calibrated;catalogue_specificity_not_background_verified;genome_size_treated_as_fixed	1	iid_high_indel	0.0	factorial	421	80.0	NA	NA	0.564729723516718
6302	condition_003	f046	138.5362331357704	NA	NA	NA	4.938533187670527	10,5,5,5	experimental_log_linear_extrapolation	insufficient_effective_reads	experimental_joint_read_delta_method;k_values_are_correlated_not_replicates;requires_independent_reads;model_bias_not_calibrated;catalogue_specificity_not_background_verified;genome_size_treated_as_fixed	1	iid_high_indel	0.02	factorial	421	80.0	NA	NA	0.7317029141971301
6302	condition_003	f047	25.200484646471757	NA	NA	NA	1.0	8,1,1,1	experimental_log_linear_extrapolation	insufficient_effective_reads	experimental_joint_read_delta_method;k_values_are_correlated_not_replicates;requires_independent_reads;model_bias_not_calibrated;catalogue_specificity_not_background_verified;genome_size_treated_as_fixed	1	iid_high_indel	0.0	factorial	421	80.0	NA	NA	-0.684993941919103
6302	condition_003	f048	200.71399897456138	NA	NA	NA	6.230243513320203	10,7,7,7	experimental_log_linear_extrapolation	insufficient_effective_reads	experimental_joint_read_delta_method;k_values_are_correlated_not_replicates;requires_independent_reads;model_bias_not_calibrated;catalogue_specificity_not_background_verified;genome_size_treated_as_fixed	1	iid_high_indel	0.02	factorial	421	80.0	NA	NA	1.5089249871820172
6302	condition_003	f049	305.89572187876274	NA	NA	NA	8.515105254950537	15,9,9,9	experimental_log_linear_extrapolation	insufficient_effective_reads	experimental_joint_read_delta_method;k_values_are_correlated_not_replicates;requires_independent_reads;model_bias_not_calibrated;catalogue_specificity_not_background_verified;genome_size_treated_as_fixed	1	iid_high_indel	0.0	factorial	421	200.0	NA	NA	0.5294786093938137
6302	condition_003	f050	100.86175504932767	NA	NA	NA	2.9173060552480505	14,3,3,3	experimental_log_linear_extrapolation	insufficient_effective_reads	experimental_joint_read_delta_method;k_values_are_correlated_not_replicates;requires_independent_reads;model_bias_not_calibrated;catalogue_specificity_not_background_verified;genome_size_treated_as_fixed	1	iid_high_indel	0.02	factorial	421	200.0	NA	NA	-0.49569122475336164
6302	condition_003	f051	138.87378690485585	NA	NA	NA	3.8826402866805156	8,4,4,4	experimental_log_linear_extrapolation	insufficient_effective_reads	experimental_joint_read_delta_method;k_values_are_correlated_not_replicates;requires_independent_reads;model_bias_not_calibrated;catalogue_specificity_not_background_verified;genome_size_treated_as_fixed	1	iid_high_indel	0.0	factorial	421	200.0	NA	NA	-0.3056310654757208
6302	condition_003	f052	234.71556308654172	NA	NA	NA	6.6965527175806745	13,7,7,7	experimental_log_linear_extrapolation	insufficient_effective_reads	experimental_joint_read_delta_method;k_values_are_correlated_not_replicates;requires_independent_reads;model_bias_not_calibrated;catalogue_specificity_not_background_verified;genome_size_treated_as_fixed	1	iid_high_indel	0.02	factorial	421	200.0	NA	NA	0.17357781543270862
6302	condition_003	f053	256.79868517382556	NA	NA	NA	6.858035284698315	10,7,7,7	experimental_log_linear_extrapolation	insufficient_effective_reads	experimental_joint_read_delta_method;k_values_are_correlated_not_replicates;requires_independent_reads;model_bias_not_calibrated;catalogue_specificity_not_background_verified;genome_size_treated_as_fixed	1	iid_high_indel	0.0	factorial	421	200.0	NA	NA	0.2839934258691278
6302	condition_003	f054	267.2396516777967	NA	NA	NA	8.600136638832955	13,9,9,9	experimental_log_linear_extrapolation	insufficient_effective_reads	experimental_joint_read_delta_method;k_values_are_correlated_not_replicates;requires_independent_reads;model_bias_not_calibrated;catalogue_specificity_not_background_verified;genome_size_treated_as_fixed	1	iid_high_indel	0.02	factorial	421	200.0	NA	NA	0.3361982583889835
6302	condition_003	megabase_171	7139.247269650724	0.010192969833149748	5857.535279332145	8701.416064373512	86.63830549878188	93,91,91,91	experimental_log_linear_extrapolation	approximate_95pct_joint_read_log_normal	experimental_joint_read_delta_method;k_values_are_correlated_not_replicates;requires_independent_reads;model_bias_not_calibrated;catalogue_specificity_not_background_verified;genome_size_treated_as_fixed	1	iid_high_indel	0.01	megabase	171	6000.0	True	0.47398013084022783	0.18987454494178732
6302	condition_004	f001	22.166054099989154	NA	NA	NA	5.888757838282692	6,6,6,6	experimental_log_linear_extrapolation	insufficient_effective_reads	experimental_joint_read_delta_method;k_values_are_correlated_not_replicates;requires_independent_reads;model_bias_not_calibrated;catalogue_specificity_not_background_verified;genome_size_treated_as_fixed	5	error_free	0.0	factorial	61	20.0	NA	NA	0.10830270499945768
6302	condition_004	f002	12.322657485102999	NA	NA	NA	2.999999999999999	13,3,3,3	experimental_log_linear_extrapolation	insufficient_effective_reads	experimental_joint_read_delta_method;k_values_are_correlated_not_replicates;requires_independent_reads;model_bias_not_calibrated;catalogue_specificity_not_background_verified;genome_size_treated_as_fixed	5	error_free	0.02	factorial	61	20.0	NA	NA	-0.38386712574485005
6302	condition_004	f003	17.829281257916964	NA	NA	NA	4.8125075274728815	10,5,5,5	experimental_log_linear_extrapolation	insufficient_effective_reads	experimental_joint_read_delta_method;k_values_are_correlated_not_replicates;requires_independent_reads;model_bias_not_calibrated;catalogue_specificity_not_background_verified;genome_size_treated_as_fixed	5	error_free	0.0	factorial	61	20.0	NA	NA	-0.1085359371041518
6302	condition_004	f004	11.277945434791743	NA	NA	NA	2.997183260687858	10,3,3,3	experimental_log_linear_extrapolation	insufficient_effective_reads	experimental_joint_read_delta_method;k_values_are_correlated_not_replicates;requires_independent_reads;model_bias_not_calibrated;catalogue_specificity_not_background_verified;genome_size_treated_as_fixed	5	error_free	0.02	factorial	61	20.0	NA	NA	-0.43610272826041285
6302	condition_004	f005	26.431808671700594	NA	NA	NA	6.837932939101512	7,7,7,7	experimental_log_linear_extrapolation	insufficient_effective_reads	experimental_joint_read_delta_method;k_values_are_correlated_not_replicates;requires_independent_reads;model_bias_not_calibrated;catalogue_specificity_not_background_verified;genome_size_treated_as_fixed	5	error_free	0.0	factorial	61	20.0	NA	NA	0.3215904335850297
6302	condition_004	f006	23.792951745867562	NA	NA	NA	6.1274101903219	7,7,7,7	experimental_log_linear_extrapolation	insufficient_effective_reads	experimental_joint_read_delta_method;k_values_are_correlated_not_replicates;requires_independent_reads;model_bias_not_calibrated;catalogue_specificity_not_background_verified;genome_size_treated_as_fixed	5	error_free	0.02	factorial	61	20.0	NA	NA	0.1896475872933781
6302	condition_004	f007	68.00754755487634	NA	NA	NA	4.9044350650506265	6,6,6,6	experimental_log_linear_extrapolation	insufficient_effective_reads	experimental_joint_read_delta_method;k_values_are_correlated_not_replicates;requires_independent_reads;model_bias_not_calibrated;catalogue_specificity_not_background_verified;genome_size_treated_as_fixed	5	error_free	0.0	factorial	61	80.0	NA	NA	-0.14990565556404575
6302	condition_004	f008	109.38729017502412	NA	NA	NA	8.097503468730936	13,9,9,9	experimental_log_linear_extrapolation	insufficient_effective_reads	experimental_joint_read_delta_method;k_values_are_correlated_not_replicates;requires_independent_reads;model_bias_not_calibrated;catalogue_specificity_not_background_verified;genome_size_treated_as_fixed	5	error_free	0.02	factorial	61	80.0	NA	NA	0.3673411271878015
6302	condition_004	f009	120.81700999745483	NA	NA	NA	9.182739659089595	12,12,12,12	experimental_log_linear_extrapolation	insufficient_effective_reads	experimental_joint_read_delta_method;k_values_are_correlated_not_replicates;requires_independent_reads;model_bias_not_calibrated;catalogue_specificity_not_background_verified;genome_size_treated_as_fixed	5	error_free	0.0	factorial	61	80.0	NA	NA	0.5102126249681854
6302	condition_004	f010	81.24683133458761	NA	NA	NA	5.724757006461891	10,6,6,6	experimental_log_linear_extrapolation	insufficient_effective_reads	experimental_joint_read_delta_method;k_values_are_correlated_not_replicates;requires_independent_reads;model_bias_not_calibrated;catalogue_specificity_not_background_verified;genome_size_treated_as_fixed	5	error_free	0.02	factorial	61	80.0	NA	NA	0.01558539168234514
6302	condition_004	f011	71.3542689107238	NA	NA	NA	4.747567369374771	5,5,5,5	experimental_log_linear_extrapolation	insufficient_effective_reads	experimental_joint_read_delta_method;k_values_are_correlated_not_replicates;requires_independent_reads;model_bias_not_calibrated;catalogue_specificity_not_background_verified;genome_size_treated_as_fixed	5	error_free	0.0	factorial	61	80.0	NA	NA	-0.10807163861595245
6302	condition_004	f012	56.08896493480245	NA	NA	NA	3.725263512787866	4,4,4,4	experimental_log_linear_extrapolation	insufficient_effective_reads	experimental_joint_read_delta_method;k_values_are_correlated_not_replicates;requires_independent_reads;model_bias_not_calibrated;catalogue_specificity_not_background_verified;genome_size_treated_as_fixed	5	error_free	0.02	factorial	61	80.0	NA	NA	-0.2988879383149694
6302	condition_004	f013	192.29062332187885	NA	NA	NA	6.095465270793822	11,7,7,7	experimental_log_linear_extrapolation	insufficient_effective_reads	experimental_joint_read_delta_method;k_values_are_correlated_not_replicates;requires_independent_reads;model_bias_not_calibrated;catalogue_specificity_not_background_verified;genome_size_treated_as_fixed	5	error_free	0.0	factorial	61	200.0	NA	NA	-0.038546883390605725
6302	condition_004	f014	304.9614937913284	NA	NA	NA	10.19858872216188	13,13,13,13	experimental_log_linear_extrapolation	insufficient_effective_reads	experimental_joint_read_delta_method;k_values_are_correlated_not_replicates;requires_independent_reads;model_bias_not_calibrated;catalogue_specificity_not_background_verified;genome_size_treated_as_fixed	5	error_free	0.02	factorial	61	200.0	NA	NA	0.524807468956642
6302	condition_004	f015	237.73132916095466	NA	NA	NA	8.46499025367943	12,12,12,12	experimental_log_linear_extrapolation	insufficient_effective_reads	experimental_joint_read_delta_method;k_values_are_correlated_not_replicates;requires_independent_reads;model_bias_not_calibrated;catalogue_specificity_not_background_verified;genome_size_treated_as_fixed	5	error_free	0.0	factorial	61	200.0	NA	NA	0.1886566458047733
6302	condition_004	f016	165.09045880052886	NA	NA	NA	6.593402337873041	9,9,9,9	experimental_log_linear_extrapolation	insufficient_effective_reads	experimental_joint_read_delta_method;k_values_are_correlated_not_replicates;requires_independent_reads;model_bias_not_calibrated;catalogue_specificity_not_background_verified;genome_size_treated_as_fixed	5	error_free	0.02	factorial	61	200.0	NA	NA	-0.17454770599735567
6302	condition_004	f017	157.21388676447728	NA	NA	NA	5.949289898536729	11,7,7,7	experimental_log_linear_extrapolation	insufficient_effective_reads	experimental_joint_read_delta_method;k_values_are_correlated_not_replicates;requires_independent_reads;model_bias_not_calibrated;catalogue_specificity_not_background_verified;genome_size_treated_as_fixed	5	error_free	0.0	factorial	61	200.0	NA	NA	-0.2139305661776136
6302	condition_004	f018	166.38018827113697	NA	NA	NA	6.4222566898812605	7,7,7,7	experimental_log_linear_extrapolation	insufficient_effective_reads	experimental_joint_read_delta_method;k_values_are_correlated_not_replicates;requires_independent_reads;model_bias_not_calibrated;catalogue_specificity_not_background_verified;genome_size_treated_as_fixed	5	error_free	0.02	factorial	61	200.0	NA	NA	-0.16809905864431512
6302	condition_004	f019	8.035731835014381	NA	NA	NA	2.0	20,2,2,2	experimental_log_linear_extrapolation	insufficient_effective_reads	experimental_joint_read_delta_method;k_values_are_correlated_not_replicates;requires_independent_reads;model_bias_not_calibrated;catalogue_specificity_not_background_verified;genome_size_treated_as_fixed	5	error_free	0.0	factorial	171	20.0	NA	NA	-0.5982134082492809
6302	condition_004	f020	27.824245669887418	NA	NA	NA	6.996668862996332	38,7,7,7	experimental_log_linear_extrapolation	insufficient_effective_reads	experimental_joint_read_delta_method;k_values_are_correlated_not_replicates;requires_independent_reads;model_bias_not_calibrated;catalogue_specificity_not_background_verified;genome_size_treated_as_fixed	5	error_free	0.02	factorial	171	20.0	NA	NA	0.39121228349437087
6302	condition_004	f021	25.255575772360004	NA	NA	NA	6.671786973496368	12,7,7,7	experimental_log_linear_extrapolation	insufficient_effective_reads	experimental_joint_read_delta_method;k_values_are_correlated_not_replicates;requires_independent_reads;model_bias_not_calibrated;catalogue_specificity_not_background_verified;genome_size_treated_as_fixed	5	error_free	0.0	factorial	171	20.0	NA	NA	0.2627787886180002
6302	condition_004	f022	21.99224718845604	NA	NA	NA	5.565397908159924	6,6,6,6	experimental_log_linear_extrapolation	insufficient_effective_reads	experimental_joint_read_delta_method;k_values_are_correlated_not_replicates;requires_independent_reads;model_bias_not_calibrated;catalogue_specificity_not_background_verified;genome_size_treated_as_fixed	5	error_free	0.02	factorial	171	20.0	NA	NA	0.09961235942280204
6302	condition_004	f023	20.318984091805763	NA	NA	NA	5.568679877931658	6,6,6,6	experimental_log_linear_extrapolation	insufficient_effective_reads	experimental_joint_read_delta_method;k_values_are_correlated_not_replicates;requires_independent_reads;model_bias_not_calibrated;catalogue_specificity_not_background_verified;genome_size_treated_as_fixed	5	error_free	0.0	factorial	171	20.0	NA	NA	0.015949204590288167
6302	condition_004	f024	45.39153885736048	NA	NA	NA	11.829062026640557	16,12,12,12	experimental_log_linear_extrapolation	insufficient_effective_reads	experimental_joint_read_delta_method;k_values_are_correlated_not_replicates;requires_independent_reads;model_bias_not_calibrated;catalogue_specificity_not_background_verified;genome_size_treated_as_fixed	5	error_free	0.02	factorial	171	20.0	NA	NA	1.269576942868024
6302	condition_004	f025	91.46181499391749	NA	NA	NA	8.815617590940578	29,12,12,12	experimental_log_linear_extrapolation	insufficient_effective_reads	experimental_joint_read_delta_method;k_values_are_correlated_not_replicates;requires_independent_reads;model_bias_not_calibrated;catalogue_specificity_not_background_verified;genome_size_treated_as_fixed	5	error_free	0.0	factorial	171	80.0	NA	NA	0.14327268742396856
6302	condition_004	f026	118.02642035324084	NA	NA	NA	10.83958369891076	25,14,14,14	experimental_log_linear_extrapolation	insufficient_effective_reads	experimental_joint_read_delta_method;k_values_are_correlated_not_replicates;requires_independent_reads;model_bias_not_calibrated;catalogue_specificity_not_background_verified;genome_size_treated_as_fixed	5	error_free	0.02	factorial	171	80.0	NA	NA	0.47533025441551047
6302	condition_004	f027	70.65133584416803	NA	NA	NA	5.929707805511827	16,10,10,10	experimental_log_linear_extrapolation	insufficient_effective_reads	experimental_joint_read_delta_method;k_values_are_correlated_not_replicates;requires_independent_reads;model_bias_not_calibrated;catalogue_specificity_not_background_verified;genome_size_treated_as_fixed	5	error_free	0.0	factorial	171	80.0	NA	NA	-0.11685830194789962
6302	condition_004	f028	89.31561096889885	NA	NA	NA	9.320718788748728	15,13,13,13	experimental_log_linear_extrapolation	insufficient_effective_reads	experimental_joint_read_delta_method;k_values_are_correlated_not_replicates;requires_independent_reads;model_bias_not_calibrated;catalogue_specificity_not_background_verified;genome_size_treated_as_fixed	5	error_free	0.02	factorial	171	80.0	NA	NA	0.11644513711123565
6302	condition_004	f029	100.23450438746444	NA	NA	NA	8.560792517955328	10,10,10,10	experimental_log_linear_extrapolation	insufficient_effective_reads	experimental_joint_read_delta_method;k_values_are_correlated_not_replicates;requires_independent_reads;model_bias_not_calibrated;catalogue_specificity_not_background_verified;genome_size_treated_as_fixed	5	error_free	0.0	factorial	171	80.0	NA	NA	0.2529313048433055
6302	condition_004	f030	80.63376269103075	NA	NA	NA	7.4498223001268515	9,9,9,9	experimental_log_linear_extrapolation	insufficient_effective_reads	experimental_joint_read_delta_method;k_values_are_correlated_not_replicates;requires_independent_reads;model_bias_not_calibrated;catalogue_specificity_not_background_verified;genome_size_treated_as_fixed	5	error_free	0.02	factorial	171	80.0	NA	NA	0.007922033637884417
6302	condition_004	f031	176.12241201743578	NA	NA	NA	14.732695158071115	31,19,19,19	experimental_log_linear_extrapolation	insufficient_effective_reads	experimental_joint_read_delta_method;k_values_are_correlated_not_replicates;requires_independent_reads;model_bias_not_calibrated;catalogue_specificity_not_background_verified;genome_size_treated_as_fixed	5	error_free	0.0	factorial	171	200.0	NA	NA	-0.11938793991282111
6302	condition_004	f032	253.08738826067196	NA	NA	NA	15.650654006969951	30,19,19,19	experimental_log_linear_extrapolation	insufficient_effective_reads	experimental_joint_read_delta_method;k_values_are_correlated_not_replicates;requires_independent_reads;model_bias_not_calibrated;catalogue_specificity_not_background_verified;genome_size_treated_as_fixed	5	error_free	0.02	factorial	171	200.0	NA	NA	0.26543694130335976
6302	condition_004	f033	216.19493301492747	NA	NA	NA	14.84504981753732	23,16,16,16	experimental_log_linear_extrapolation	insufficient_effective_reads	experimental_joint_read_delta_method;k_values_are_correlated_not_replicates;requires_independent_reads;model_bias_not_calibrated;catalogue_specificity_not_background_verified;genome_size_treated_as_fixed	5	error_free	0.0	factorial	171	200.0	NA	NA	0.08097466507463735
6302	condition_004	f034	267.1414361790161	NA	NA	NA	16.208690188308346	26,20,20,20	experimental_log_linear_extrapolation	insufficient_effective_reads	experimental_joint_read_delta_method;k_values_are_correlated_not_replicates;requires_independent_reads;model_bias_not_calibrated;catalogue_specificity_not_background_verified;genome_size_treated_as_fixed	5	error_free	0.02	factorial	171	200.0	NA	NA	0.3357071808950806
6302	condition_004	f035	254.5287465219159	NA	NA	NA	18.301559920355967	29,21,21,21	experimental_log_linear_extrapolation	insufficient_effective_reads	experimental_joint_read_delta_method;k_values_are_correlated_not_replicates;requires_independent_reads;model_bias_not_calibrated;catalogue_specificity_not_background_verified;genome_size_treated_as_fixed	5	error_free	0.0	factorial	171	200.0	NA	NA	0.2726437326095795
6302	condition_004	f036	108.19990432011994	NA	NA	NA	8.546213429446501	22,11,11,11	experimental_log_linear_extrapolation	insufficient_effective_reads	experimental_joint_read_delta_method;k_values_are_correlated_not_replicates;requires_independent_reads;model_bias_not_calibrated;catalogue_specificity_not_background_verified;genome_size_treated_as_fixed	5	error_free	0.02	factorial	171	200.0	NA	NA	-0.4590004783994003
6302	condition_004	f037	26.979409222380887	NA	NA	NA	7.280243237940885	68,9,9,9	experimental_log_linear_extrapolation	insufficient_effective_reads	experimental_joint_read_delta_method;k_values_are_correlated_not_replicates;requires_independent_reads;model_bias_not_calibrated;catalogue_specificity_not_background_verified;genome_size_treated_as_fixed	5	error_free	0.0	factorial	421	20.0	NA	NA	0.3489704611190444
6302	condition_004	f038	18.996035640652224	NA	NA	NA	6.686606312351198	34,8,8,8	experimental_log_linear_extrapolation	insufficient_effective_reads	experimental_joint_read_delta_method;k_values_are_correlated_not_replicates;requires_independent_reads;model_bias_not_calibrated;catalogue_specificity_not_background_verified;genome_size_treated_as_fixed	5	error_free	0.02	factorial	421	20.0	NA	NA	-0.05019821796738881
6302	condition_004	f039	17.81286671974713	NA	NA	NA	5.434370877764129	38,8,8,8	experimental_log_linear_extrapolation	insufficient_effective_reads	experimental_joint_read_delta_method;k_values_are_correlated_not_replicates;requires_independent_reads;model_bias_not_calibrated;catalogue_specificity_not_background_verified;genome_size_treated_as_fixed	5	error_free	0.0	factorial	421	20.0	NA	NA	-0.10935666401264346
6302	condition_004	f040	23.4214554322906	NA	NA	NA	6.767666589182937	30,8,8,8	experimental_log_linear_extrapolation	insufficient_effective_reads	experimental_joint_read_delta_method;k_values_are_correlated_not_replicates;requires_independent_reads;model_bias_not_calibrated;catalogue_specificity_not_background_verified;genome_size_treated_as_fixed	5	error_free	0.02	factorial	421	20.0	NA	NA	0.17107277161453
6302	condition_004	f041	17.066134654332018	NA	NA	NA	5.967194847881227	12,8,8,8	experimental_log_linear_extrapolation	insufficient_effective_reads	experimental_joint_read_delta_method;k_values_are_correlated_not_replicates;requires_independent_reads;model_bias_not_calibrated;catalogue_specificity_not_background_verified;genome_size_treated_as_fixed	5	error_free	0.0	factorial	421	20.0	NA	NA	-0.1466932672833991
6302	condition_004	f042	13.265072714024052	NA	NA	NA	3.805850238284261	15,4,4,4	experimental_log_linear_extrapolation	insufficient_effective_reads	experimental_joint_read_delta_method;k_values_are_correlated_not_replicates;requires_independent_reads;model_bias_not_calibrated;catalogue_specificity_not_background_verified;genome_size_treated_as_fixed	5	error_free	0.02	factorial	421	20.0	NA	NA	-0.3367463642987974
6302	condition_004	f043	74.15237665711923	NA	NA	NA	12.449413398446197	46,14,14,14	experimental_log_linear_extrapolation	insufficient_effective_reads	experimental_joint_read_delta_method;k_values_are_correlated_not_replicates;requires_independent_reads;model_bias_not_calibrated;catalogue_specificity_not_background_verified;genome_size_treated_as_fixed	5	error_free	0.0	factorial	421	80.0	NA	NA	-0.07309529178600957
6302	condition_004	f044	70.99864592524362	NA	NA	NA	11.735589529415128	50,14,14,14	experimental_log_linear_extrapolation	insufficient_effective_reads	experimental_joint_read_delta_method;k_values_are_correlated_not_replicates;requires_independent_reads;model_bias_not_calibrated;catalogue_specificity_not_background_verified;genome_size_treated_as_fixed	5	error_free	0.02	factorial	421	80.0	NA	NA	-0.11251692593445473
6302	condition_004	f045	97.08104305256296	NA	NA	NA	14.732133631720648	48,20,20,20	experimental_log_linear_extrapolation	insufficient_effective_reads	experimental_joint_read_delta_method;k_values_are_correlated_not_replicates;requires_independent_reads;model_bias_not_calibrated;catalogue_specificity_not_background_verified;genome_size_treated_as_fixed	5	error_free	0.0	factorial	421	80.0	NA	NA	0.213513038157037
6302	condition_004	f046	95.78456725421057	NA	NA	NA	16.63558997595019	32,22,22,22	experimental_log_linear_extrapolation	insufficient_effective_reads	experimental_joint_read_delta_method;k_values_are_correlated_not_replicates;requires_independent_reads;model_bias_not_calibrated;catalogue_specificity_not_background_verified;genome_size_treated_as_fixed	5	error_free	0.02	factorial	421	80.0	NA	NA	0.19730709067763214
6302	condition_004	f047	39.18497327650702	NA	NA	NA	6.083837542975633	48,8,8,8	experimental_log_linear_extrapolation	insufficient_effective_reads	experimental_joint_read_delta_method;k_values_are_correlated_not_replicates;requires_independent_reads;model_bias_not_calibrated;catalogue_specificity_not_background_verified;genome_size_treated_as_fixed	5	error_free	0.0	factorial	421	80.0	NA	NA	-0.5101878340436622
6302	condition_004	f048	104.37260057817578	NA	NA	NA	17.053634253209704	39,20,20,20	experimental_log_linear_extrapolation	insufficient_effective_reads	experimental_joint_read_delta_method;k_values_are_correlated_not_replicates;requires_independent_reads;model_bias_not_calibrated;catalogue_specificity_not_background_verified;genome_size_treated_as_fixed	5	error_free	0.02	factorial	421	80.0	NA	NA	0.3046575072271972
6302	condition_004	f049	248.64035703212258	0.026548010341470633	180.66772880442383	342.1863304208849	37.231251884550254	72,41,41,41	experimental_log_linear_extrapolation	approximate_95pct_joint_read_log_normal	experimental_joint_read_delta_method;k_values_are_correlated_not_replicates;requires_independent_reads;model_bias_not_calibrated;catalogue_specificity_not_background_verified;genome_size_treated_as_fixed	5	error_free	0.0	factorial	421	200.0	True	0.8075930080823052	0.2432017851606129
6302	condition_004	f050	218.39740981449629	0.029887069424607903	155.62981699834648	306.4800147788377	33.169934075504926	88,35,35,35	experimental_log_linear_extrapolation	approximate_95pct_joint_read_log_normal	experimental_joint_read_delta_method;k_values_are_correlated_not_replicates;requires_independent_reads;model_bias_not_calibrated;catalogue_specificity_not_background_verified;genome_size_treated_as_fixed	5	error_free	0.02	factorial	421	200.0	True	0.7542509889024561	0.09198704907248142
6302	condition_004	f051	174.12487884686604	0.037936109835749784	118.86955822822165	255.06508045755837	26.14823460178445	50,29,29,29	experimental_log_linear_extrapolation	approximate_95pct_joint_read_log_normal	experimental_joint_read_delta_method;k_values_are_correlated_not_replicates;requires_independent_reads;model_bias_not_calibrated;catalogue_specificity_not_background_verified;genome_size_treated_as_fixed	5	error_free	0.0	factorial	421	200.0	True	0.6809776111466835	-0.1293756057656698
6302	condition_004	f052	218.19388396399435	0.028910598342780047	156.35500212748445	304.4902328131163	34.103732025683975	58,39,39,39	experimental_log_linear_extrapolation	approximate_95pct_joint_read_log_normal	experimental_joint_read_delta_method;k_values_are_correlated_not_replicates;requires_independent_reads;model_bias_not_calibrated;catalogue_specificity_not_background_verified;genome_size_treated_as_fixed	5	error_free	0.02	factorial	421	200.0	True	0.7406761534281592	0.09096941981997177
6302	condition_004	f053	289.628382669819	0.021543834371303205	217.2217484427858	386.1703565563075	45.7994224761774	52,50,50,50	experimental_log_linear_extrapolation	approximate_95pct_joint_read_log_normal	experimental_joint_read_delta_method;k_values_are_correlated_not_replicates;requires_independent_reads;model_bias_not_calibrated;catalogue_specificity_not_background_verified;genome_size_treated_as_fixed	5	error_free	0.0	factorial	421	200.0	False	0.8447430405676086	0.4481419133490951
6302	condition_004	f054	233.26504073808584	0.026149881010533088	169.9035661570817	320.25566302848847	37.334186718733505	56,44,44,44	experimental_log_linear_extrapolation	approximate_95pct_joint_read_log_normal	experimental_joint_read_delta_method;k_values_are_correlated_not_replicates;requires_independent_reads;model_bias_not_calibrated;catalogue_specificity_not_background_verified;genome_size_treated_as_fixed	5	error_free	0.02	factorial	421	200.0	True	0.7517604843570338	0.16632520369042922
6302	condition_004	megabase_171	6333.284065770056	0.0023177854281933234	5763.008299212552	6959.9912016815115	384.8132276321804	412,401,401,401	experimental_log_linear_extrapolation	approximate_95pct_joint_read_log_normal	experimental_joint_read_delta_method;k_values_are_correlated_not_replicates;requires_independent_reads;model_bias_not_calibrated;catalogue_specificity_not_background_verified;genome_size_treated_as_fixed	5	error_free	0.01	megabase	171	6000.0	True	0.1994971504114933	0.05554734429500938
6302	condition_005	f001	22.26281906407451	NA	NA	NA	5.8722358423270595	6,6,6,6	experimental_log_linear_extrapolation	insufficient_effective_reads	experimental_joint_read_delta_method;k_values_are_correlated_not_replicates;requires_independent_reads;model_bias_not_calibrated;catalogue_specificity_not_background_verified;genome_size_treated_as_fixed	5	iid_low_indel	0.0	factorial	61	20.0	NA	NA	0.11314095320372548
6302	condition_005	f002	12.349216485962545	NA	NA	NA	2.995498468263948	13,3,3,3	experimental_log_linear_extrapolation	insufficient_effective_reads	experimental_joint_read_delta_method;k_values_are_correlated_not_replicates;requires_independent_reads;model_bias_not_calibrated;catalogue_specificity_not_background_verified;genome_size_treated_as_fixed	5	iid_low_indel	0.02	factorial	61	20.0	NA	NA	-0.38253917570187274
6302	condition_005	f003	17.884003372694387	NA	NA	NA	4.832721504469156	10,5,5,5	experimental_log_linear_extrapolation	insufficient_effective_reads	experimental_joint_read_delta_method;k_values_are_correlated_not_replicates;requires_independent_reads;model_bias_not_calibrated;catalogue_specificity_not_background_verified;genome_size_treated_as_fixed	5	iid_low_indel	0.0	factorial	61	20.0	NA	NA	-0.10579983136528064
6302	condition_005	f004	11.272573737308681	NA	NA	NA	2.979399511850953	10,3,3,3	experimental_log_linear_extrapolation	insufficient_effective_reads	experimental_joint_read_delta_method;k_values_are_correlated_not_replicates;requires_independent_reads;model_bias_not_calibrated;catalogue_specificity_not_background_verified;genome_size_treated_as_fixed	5	iid_low_indel	0.02	factorial	61	20.0	NA	NA	-0.43637131313456595
6302	condition_005	f005	26.555287964645707	NA	NA	NA	6.808364048358872	7,7,7,7	experimental_log_linear_extrapolation	insufficient_effective_reads	experimental_joint_read_delta_method;k_values_are_correlated_not_replicates;requires_independent_reads;model_bias_not_calibrated;catalogue_specificity_not_background_verified;genome_size_treated_as_fixed	5	iid_low_indel	0.0	factorial	61	20.0	NA	NA	0.32776439823228537
6302	condition_005	f006	23.85697862933494	NA	NA	NA	6.120806758278539	7,7,7,7	experimental_log_linear_extrapolation	insufficient_effective_reads	experimental_joint_read_delta_method;k_values_are_correlated_not_replicates;requires_independent_reads;model_bias_not_calibrated;catalogue_specificity_not_background_verified;genome_size_treated_as_fixed	5	iid_low_indel	0.02	factorial	61	20.0	NA	NA	0.19284893146674698
6302	condition_005	f007	68.26642143507875	NA	NA	NA	4.908765565439003	7,6,6,6	experimental_log_linear_extrapolation	insufficient_effective_reads	experimental_joint_read_delta_method;k_values_are_correlated_not_replicates;requires_independent_reads;model_bias_not_calibrated;catalogue_specificity_not_background_verified;genome_size_treated_as_fixed	5	iid_low_indel	0.0	factorial	61	80.0	NA	NA	-0.14666973206151557
6302	condition_005	f008	110.18612332654725	NA	NA	NA	8.076940762089803	14,9,9,9	experimental_log_linear_extrapolation	insufficient_effective_reads	experimental_joint_read_delta_method;k_values_are_correlated_not_replicates;requires_independent_reads;model_bias_not_calibrated;catalogue_specificity_not_background_verified;genome_size_treated_as_fixed	5	iid_low_indel	0.02	factorial	61	80.0	NA	NA	0.3773265415818406
6302	condition_005	f009	121.00250796839369	NA	NA	NA	9.240235840097574	12,12,12,12	experimental_log_linear_extrapolation	insufficient_effective_reads	experimental_joint_read_delta_method;k_values_are_correlated_not_replicates;requires_independent_reads;model_bias_not_calibrated;catalogue_specificity_not_background_verified;genome_size_treated_as_fixed	5	iid_low_indel	0.0	factorial	61	80.0	NA	NA	0.5125313496049211
6302	condition_005	f010	80.9452256127583	NA	NA	NA	5.728751970472429	10,6,6,6	experimental_log_linear_extrapolation	insufficient_effective_reads	experimental_joint_read_delta_method;k_values_are_correlated_not_replicates;requires_independent_reads;model_bias_not_calibrated;catalogue_specificity_not_background_verified;genome_size_treated_as_fixed	5	iid_low_indel	0.02	factorial	61	80.0	NA	NA	0.011815320159478837
6302	condition_005	f011	71.54000289528565	NA	NA	NA	4.744535508141847	5,5,5,5	experimental_log_linear_extrapolation	insufficient_effective_reads	experimental_joint_read_delta_method;k_values_are_correlated_not_replicates;requires_independent_reads;model_bias_not_calibrated;catalogue_specificity_not_background_verified;genome_size_treated_as_fixed	5	iid_low_indel	0.0	factorial	61	80.0	NA	NA	-0.10574996380892934
6302	condition_005	f012	56.398735246085586	NA	NA	NA	3.7106302599719467	4,4,4,4	experimental_log_linear_extrapolation	insufficient_effective_reads	experimental_joint_read_delta_method;k_values_are_correlated_not_replicates;requires_independent_reads;model_bias_not_calibrated;catalogue_specificity_not_background_verified;genome_size_treated_as_fixed	5	iid_low_indel	0.02	factorial	61	80.0	NA	NA	-0.2950158094239302
6302	condition_005	f013	192.7599597547658	NA	NA	NA	6.093676586876766	10,7,7,7	experimental_log_linear_extrapolation	insufficient_effective_reads	experimental_joint_read_delta_method;k_values_are_correlated_not_replicates;requires_independent_reads;model_bias_not_calibrated;catalogue_specificity_not_background_verified;genome_size_treated_as_fixed	5	iid_low_indel	0.0	factorial	61	200.0	NA	NA	-0.03620020122617106
6302	condition_005	f014	304.21535626952203	NA	NA	NA	10.212273549591737	14,13,13,13	experimental_log_linear_extrapolation	insufficient_effective_reads	experimental_joint_read_delta_method;k_values_are_correlated_not_replicates;requires_independent_reads;model_bias_not_calibrated;catalogue_specificity_not_background_verified;genome_size_treated_as_fixed	5	iid_low_indel	0.02	factorial	61	200.0	NA	NA	0.5210767813476102
6302	condition_005	f015	238.19080066728222	NA	NA	NA	8.45600336831521	12,12,12,12	experimental_log_linear_extrapolation	insufficient_effective_reads	experimental_joint_read_delta_method;k_values_are_correlated_not_replicates;requires_independent_reads;model_bias_not_calibrated;catalogue_specificity_not_background_verified;genome_size_treated_as_fixed	5	iid_low_indel	0.0	factorial	61	200.0	NA	NA	0.1909540033364111
6302	condition_005	f016	166.56183639874496	NA	NA	NA	6.574475795416589	9,9,9,9	experimental_log_linear_extrapolation	insufficient_effective_reads	experimental_joint_read_delta_method;k_values_are_correlated_not_replicates;requires_independent_reads;model_bias_not_calibrated;catalogue_specificity_not_background_verified;genome_size_treated_as_fixed	5	iid_low_indel	0.02	factorial	61	200.0	NA	NA	-0.16719081800627522
6302	condition_005	f017	157.4776156702103	NA	NA	NA	5.974324868472983	11,7,7,7	experimental_log_linear_extrapolation	insufficient_effective_reads	experimental_joint_read_delta_method;k_values_are_correlated_not_replicates;requires_independent_reads;model_bias_not_calibrated;catalogue_specificity_not_background_verified;genome_size_treated_as_fixed	5	iid_low_indel	0.0	factorial	61	200.0	NA	NA	-0.21261192164894852
6302	condition_005	f018	166.42243151503212	NA	NA	NA	6.427850264110541	7,7,7,7	experimental_log_linear_extrapolation	insufficient_effective_reads	experimental_joint_read_delta_method;k_values_are_correlated_not_replicates;requires_independent_reads;model_bias_not_calibrated;catalogue_specificity_not_background_verified;genome_size_treated_as_fixed	5	iid_low_indel	0.02	factorial	61	200.0	NA	NA	-0.16788784242483942
6302	condition_005	f019	8.087877376555259	NA	NA	NA	1.998991039936383	18,2,2,2	experimental_log_linear_extrapolation	insufficient_effective_reads	experimental_joint_read_delta_method;k_values_are_correlated_not_replicates;requires_independent_reads;model_bias_not_calibrated;catalogue_specificity_not_background_verified;genome_size_treated_as_fixed	5	iid_low_indel	0.0	factorial	171	20.0	NA	NA	-0.595606131172237
6302	condition_005	f020	28.006853880850016	NA	NA	NA	6.9930489342475335	36,7,7,7	experimental_log_linear_extrapolation	insufficient_effective_reads	experimental_joint_read_delta_method;k_values_are_correlated_not_replicates;requires_independent_reads;model_bias_not_calibrated;catalogue_specificity_not_background_verified;genome_size_treated_as_fixed	5	iid_low_indel	0.02	factorial	171	20.0	NA	NA	0.40034269404250084
6302	condition_005	f021	25.320813416255262	NA	NA	NA	6.661246001249713	13,7,7,7	experimental_log_linear_extrapolation	insufficient_effective_reads	experimental_joint_read_delta_method;k_values_are_correlated_not_replicates;requires_independent_reads;model_bias_not_calibrated;catalogue_specificity_not_background_verified;genome_size_treated_as_fixed	5	iid_low_indel	0.0	factorial	171	20.0	NA	NA	0.2660406708127631
6302	condition_005	f022	21.988689344694826	NA	NA	NA	5.566330984394866	6,6,6,6	experimental_log_linear_extrapolation	insufficient_effective_reads	experimental_joint_read_delta_method;k_values_are_correlated_not_replicates;requires_independent_reads;model_bias_not_calibrated;catalogue_specificity_not_background_verified;genome_size_treated_as_fixed	5	iid_low_indel	0.02	factorial	171	20.0	NA	NA	0.09943446723474132
6302	condition_005	f023	20.39835271714843	NA	NA	NA	5.57942089557478	6,6,6,6	experimental_log_linear_extrapolation	insufficient_effective_reads	experimental_joint_read_delta_method;k_values_are_correlated_not_replicates;requires_independent_reads;model_bias_not_calibrated;catalogue_specificity_not_background_verified;genome_size_treated_as_fixed	5	iid_low_indel	0.0	factorial	171	20.0	NA	NA	0.019917635857421522
6302	condition_005	f024	45.13980690910815	NA	NA	NA	11.789058639688117	16,12,12,12	experimental_log_linear_extrapolation	insufficient_effective_reads	experimental_joint_read_delta_method;k_values_are_correlated_not_replicates;requires_independent_reads;model_bias_not_calibrated;catalogue_specificity_not_background_verified;genome_size_treated_as_fixed	5	iid_low_indel	0.02	factorial	171	20.0	NA	NA	1.2569903454554077
6302	condition_005	f025	91.68136118741438	NA	NA	NA	8.870757865319607	30,12,12,12	experimental_log_linear_extrapolation	insufficient_effective_reads	experimental_joint_read_delta_method;k_values_are_correlated_not_replicates;requires_independent_reads;model_bias_not_calibrated;catalogue_specificity_not_background_verified;genome_size_treated_as_fixed	5	iid_low_indel	0.0	factorial	171	80.0	NA	NA	0.14601701484267976
6302	condition_005	f026	118.20275047055921	NA	NA	NA	10.852246686739596	25,14,14,14	experimental_log_linear_extrapolation	insufficient_effective_reads	experimental_joint_read_delta_method;k_values_are_correlated_not_replicates;requires_independent_reads;model_bias_not_calibrated;catalogue_specificity_not_background_verified;genome_size_treated_as_fixed	5	iid_low_indel	0.02	factorial	171	80.0	NA	NA	0.47753438088199013
6302	condition_005	f027	70.80475825638962	NA	NA	NA	5.964635273227363	16,10,10,10	experimental_log_linear_extrapolation	insufficient_effective_reads	experimental_joint_read_delta_method;k_values_are_correlated_not_replicates;requires_independent_reads;model_bias_not_calibrated;catalogue_specificity_not_background_verified;genome_size_treated_as_fixed	5	iid_low_indel	0.0	factorial	171	80.0	NA	NA	-0.11494052179512977
6302	condition_005	f028	89.47177269512696	NA	NA	NA	9.334311665977607	16,13,13,13	experimental_log_linear_extrapolation	insufficient_effective_reads	experimental_joint_read_delta_method;k_values_are_correlated_not_replicates;requires_independent_reads;model_bias_not_calibrated;catalogue_specificity_not_background_verified;genome_size_treated_as_fixed	5	iid_low_indel	0.02	factorial	171	80.0	NA	NA	0.11839715868908698
6302	condition_005	f029	100.45049524254583	NA	NA	NA	8.579271777337718	10,10,10,10	experimental_log_linear_extrapolation	insufficient_effective_reads	experimental_joint_read_delta_method;k_values_are_correlated_not_replicates;requires_independent_reads;model_bias_not_calibrated;catalogue_specificity_not_background_verified;genome_size_treated_as_fixed	5	iid_low_indel	0.0	factorial	171	80.0	NA	NA	0.2556311905318228
6302	condition_005	f030	81.0785016330977	NA	NA	NA	7.393404748106763	10,9,9,9	experimental_log_linear_extrapolation	insufficient_effective_reads	experimental_joint_read_delta_method;k_values_are_correlated_not_replicates;requires_independent_reads;model_bias_not_calibrated;catalogue_specificity_not_background_verified;genome_size_treated_as_fixed	5	iid_low_indel	0.02	factorial	171	80.0	NA	NA	0.013481270413721269
6302	condition_005	f031	176.6839573857247	NA	NA	NA	14.68172104017523	29,19,19,19	experimental_log_linear_extrapolation	insufficient_effective_reads	experimental_joint_read_delta_method;k_values_are_correlated_not_replicates;requires_independent_reads;model_bias_not_calibrated;catalogue_specificity_not_background_verified;genome_size_treated_as_fixed	5	iid_low_indel	0.0	factorial	171	200.0	NA	NA	-0.11658021307137645
6302	condition_005	f032	253.89659603996415	NA	NA	NA	15.64601770755521	32,19,19,19	experimental_log_linear_extrapolation	insufficient_effective_reads	experimental_joint_read_delta_method;k_values_are_correlated_not_replicates;requires_independent_reads;model_bias_not_calibrated;catalogue_specificity_not_background_verified;genome_size_treated_as_fixed	5	iid_low_indel	0.02	factorial	171	200.0	NA	NA	0.26948298019982075
6302	condition_005	f033	216.84548968227682	NA	NA	NA	14.84185426244889	23,16,16,16	experimental_log_linear_extrapolation	insufficient_effective_reads	experimental_joint_read_delta_method;k_values_are_correlated_not_replicates;requires_independent_reads;model_bias_not_calibrated;catalogue_specificity_not_background_verified;genome_size_treated_as_fixed	5	iid_low_indel	0.0	factorial	171	200.0	NA	NA	0.0842274484113841
6302	condition_005	f034	267.11104994557303	NA	NA	NA	16.114800142044942	27,20,20,20	experimental_log_linear_extrapolation	insufficient_effective_reads	experimental_joint_read_delta_method;k_values_are_correlated_not_replicates;requires_independent_reads;model_bias_not_calibrated;catalogue_specificity_not_background_verified;genome_size_treated_as_fixed	5	iid_low_indel	0.02	factorial	171	200.0	NA	NA	0.33555524972786516
6302	condition_005	f035	255.15896890572537	NA	NA	NA	18.30578520986934	29,21,21,21	experimental_log_linear_extrapolation	insufficient_effective_reads	experimental_joint_read_delta_method;k_values_are_correlated_not_replicates;requires_independent_reads;model_bias_not_calibrated;catalogue_specificity_not_background_verified;genome_size_treated_as_fixed	5	iid_low_indel	0.0	factorial	171	200.0	NA	NA	0.27579484452862685
6302	condition_005	f036	108.6224463045512	NA	NA	NA	8.560105198230962	21,11,11,11	experimental_log_linear_extrapolation	insufficient_effective_reads	experimental_joint_read_delta_method;k_values_are_correlated_not_replicates;requires_independent_reads;model_bias_not_calibrated;catalogue_specificity_not_background_verified;genome_size_treated_as_fixed	5	iid_low_indel	0.02	factorial	171	200.0	NA	NA	-0.456887768477244
6302	condition_005	f037	27.086467167428477	NA	NA	NA	7.259027948107783	69,9,9,9	experimental_log_linear_extrapolation	insufficient_effective_reads	experimental_joint_read_delta_method;k_values_are_correlated_not_replicates;requires_independent_reads;model_bias_not_calibrated;catalogue_specificity_not_background_verified;genome_size_treated_as_fixed	5	iid_low_indel	0.0	factorial	421	20.0	NA	NA	0.35432335837142387
6302	condition_005	f038	18.96514955272252	NA	NA	NA	6.710932329662879	33,8,8,8	experimental_log_linear_extrapolation	insufficient_effective_reads	experimental_joint_read_delta_method;k_values_are_correlated_not_replicates;requires_independent_reads;model_bias_not_calibrated;catalogue_specificity_not_background_verified;genome_size_treated_as_fixed	5	iid_low_indel	0.02	factorial	421	20.0	NA	NA	-0.05174252236387407
6302	condition_005	f039	17.850997913950454	NA	NA	NA	5.437651908069414	39,8,8,8	experimental_log_linear_extrapolation	insufficient_effective_reads	experimental_joint_read_delta_method;k_values_are_correlated_not_replicates;requires_independent_reads;model_bias_not_calibrated;catalogue_specificity_not_background_verified;genome_size_treated_as_fixed	5	iid_low_indel	0.0	factorial	421	20.0	NA	NA	-0.10745010430247728
6302	condition_005	f040	23.544476924086638	NA	NA	NA	6.793032619793662	29,8,8,8	experimental_log_linear_extrapolation	insufficient_effective_reads	experimental_joint_read_delta_method;k_values_are_correlated_not_replicates;requires_independent_reads;model_bias_not_calibrated;catalogue_specificity_not_background_verified;genome_size_treated_as_fixed	5	iid_low_indel	0.02	factorial	421	20.0	NA	NA	0.1772238462043319
6302	condition_005	f041	17.115490802546862	NA	NA	NA	5.928633965015153	13,8,8,8	experimental_log_linear_extrapolation	insufficient_effective_reads	experimental_joint_read_delta_method;k_values_are_correlated_not_replicates;requires_independent_reads;model_bias_not_calibrated;catalogue_specificity_not_background_verified;genome_size_treated_as_fixed	5	iid_low_indel	0.0	factorial	421	20.0	NA	NA	-0.1442254598726569
6302	condition_005	f042	13.203496749434844	NA	NA	NA	3.815035662170257	15,4,4,4	experimental_log_linear_extrapolation	insufficient_effective_reads	experimental_joint_read_delta_method;k_values_are_correlated_not_replicates;requires_independent_reads;model_bias_not_calibrated;catalogue_specificity_not_background_verified;genome_size_treated_as_fixed	5	iid_low_indel	0.02	factorial	421	20.0	NA	NA	-0.3398251625282578
6302	condition_005	f043	74.32155176129763	NA	NA	NA	12.454661282640233	46,14,14,14	experimental_log_linear_extrapolation	insufficient_effective_reads	experimental_joint_read_delta_method;k_values_are_correlated_not_replicates;requires_independent_reads;model_bias_not_calibrated;catalogue_specificity_not_background_verified;genome_size_treated_as_fixed	5	iid_low_indel	0.0	factorial	421	80.0	NA	NA	-0.07098060298377966
6302	condition_005	f044	71.16402572949053	NA	NA	NA	11.709426492453243	51,14,14,14	experimental_log_linear_extrapolation	insufficient_effective_reads	experimental_joint_read_delta_method;k_values_are_correlated_not_replicates;requires_independent_reads;model_bias_not_calibrated;catalogue_specificity_not_background_verified;genome_size_treated_as_fixed	5	iid_low_indel	0.02	factorial	421	80.0	NA	NA	-0.11044967838136835
6302	condition_005	f045	97.35790061806843	NA	NA	NA	14.797604283139972	49,20,20,20	experimental_log_linear_extrapolation	insufficient_effective_reads	experimental_joint_read_delta_method;k_values_are_correlated_not_replicates;requires_independent_reads;model_bias_not_calibrated;catalogue_specificity_not_background_verified;genome_size_treated_as_fixed	5	iid_low_indel	0.0	factorial	421	80.0	NA	NA	0.21697375772585534
6302	condition_005	f046	95.55181527431222	NA	NA	NA	16.605099736685276	33,22,22,22	experimental_log_linear_extrapolation	insufficient_effective_reads	experimental_joint_read_delta_method;k_values_are_correlated_not_replicates;requires_independent_reads;model_bias_not_calibrated;catalogue_specificity_not_background_verified;genome_size_treated_as_fixed	5	iid_low_indel	0.02	factorial	421	80.0	NA	NA	0.19439769092890274
6302	condition_005	f047	39.28196006154159	NA	NA	NA	6.1072884279695385	48,8,8,8	experimental_log_linear_extrapolation	insufficient_effective_reads	experimental_joint_read_delta_method;k_values_are_correlated_not_replicates;requires_independent_reads;model_bias_not_calibrated;catalogue_specificity_not_background_verified;genome_size_treated_as_fixed	5	iid_low_indel	0.0	factorial	421	80.0	NA	NA	-0.5089754992307302
6302	condition_005	f048	104.55724334387176	NA	NA	NA	17.026243098246056	40,20,20,20	experimental_log_linear_extrapolation	insufficient_effective_reads	experimental_joint_read_delta_method;k_values_are_correlated_not_replicates;requires_independent_reads;model_bias_not_calibrated;catalogue_specificity_not_background_verified;genome_size_treated_as_fixed	5	iid_low_indel	0.02	factorial	421	80.0	NA	NA	0.306965541798397
6302	condition_005	f049	249.172877013922	0.02654873758323165	181.05387798420918	342.9207003498158	37.171845296405486	71,41,41,41	experimental_log_linear_extrapolation	approximate_95pct_joint_read_log_normal	experimental_joint_read_delta_method;k_values_are_correlated_not_replicates;requires_independent_reads;model_bias_not_calibrated;catalogue_specificity_not_background_verified;genome_size_treated_as_fixed	5	iid_low_indel	0.0	factorial	421	200.0	True	0.8093341118280329	0.24586438506961003
6302	condition_005	f050	219.10073263459336	0.02986924157456246	156.14678587829738	307.4359217258004	33.106364315459196	88,35,35,35	experimental_log_linear_extrapolation	approximate_95pct_joint_read_log_normal	experimental_joint_read_delta_method;k_values_are_correlated_not_replicates;requires_independent_reads;model_bias_not_calibrated;catalogue_specificity_not_background_verified;genome_size_treated_as_fixed	5	iid_low_indel	0.02	factorial	421	200.0	True	0.7564456792375153	0.09550366317296678
6302	condition_005	f051	174.4603836173698	0.03793911545595568	119.09679571585087	255.56040587806498	26.180708213140605	50,29,28,28	experimental_log_linear_extrapolation	approximate_95pct_joint_read_log_normal	experimental_joint_read_delta_method;k_values_are_correlated_not_replicates;requires_independent_reads;model_bias_not_calibrated;catalogue_specificity_not_background_verified;genome_size_treated_as_fixed	5	iid_low_indel	0.0	factorial	421	200.0	True	0.6823180508110706	-0.12769808191315093
6302	condition_005	f052	219.05808350071376	0.028906287295308357	156.9781772018747	305.6886301163688	34.08761330951833	58,39,39,39	experimental_log_linear_extrapolation	approximate_95pct_joint_read_log_normal	experimental_joint_read_delta_method;k_values_are_correlated_not_replicates;requires_independent_reads;model_bias_not_calibrated;catalogue_specificity_not_background_verified;genome_size_treated_as_fixed	5	iid_low_indel	0.02	factorial	421	200.0	True	0.7435522645724706	0.09529041750356881
6302	condition_005	f053	290.415969283033	0.021544704916370064	217.8111736832082	387.2227204343178	45.74717016369205	52,50,50,50	experimental_log_linear_extrapolation	approximate_95pct_joint_read_log_normal	experimental_joint_read_delta_method;k_values_are_correlated_not_replicates;requires_independent_reads;model_bias_not_calibrated;catalogue_specificity_not_background_verified;genome_size_treated_as_fixed	5	iid_low_indel	0.0	factorial	421	200.0	False	0.8470577337555479	0.452079846415165
6302	condition_005	f054	233.45128106335798	0.02614407525174984	170.04520132511854	320.50008001062287	37.39751413653469	58,44,44,44	experimental_log_linear_extrapolation	approximate_95pct_joint_read_log_normal	experimental_joint_read_delta_method;k_values_are_correlated_not_replicates;requires_independent_reads;model_bias_not_calibrated;catalogue_specificity_not_background_verified;genome_size_treated_as_fixed	5	iid_low_indel	0.02	factorial	421	200.0	True	0.7522743934275217	0.1672564053167899
6302	condition_005	megabase_171	6346.051167406656	0.002317502771561271	5774.6590229244675	6973.9815389044725	384.4599865179672	411,401,401,401	experimental_log_linear_extrapolation	approximate_95pct_joint_read_log_normal	experimental_joint_read_delta_method;k_values_are_correlated_not_replicates;requires_independent_reads;model_bias_not_calibrated;catalogue_specificity_not_background_verified;genome_size_treated_as_fixed	5	iid_low_indel	0.01	megabase	171	6000.0	True	0.1998870859966675	0.057675194567775936
6302	condition_006	f001	22.67825640512921	NA	NA	NA	5.812117597567535	6,6,6,6	experimental_log_linear_extrapolation	insufficient_effective_reads	experimental_joint_read_delta_method;k_values_are_correlated_not_replicates;requires_independent_reads;model_bias_not_calibrated;catalogue_specificity_not_background_verified;genome_size_treated_as_fixed	5	iid_high_indel	0.0	factorial	61	20.0	NA	NA	0.13391282025646056
6302	condition_006	f002	12.163299556917298	NA	NA	NA	2.9981438365470754	10,3,3,3	experimental_log_linear_extrapolation	insufficient_effective_reads	experimental_joint_read_delta_method;k_values_are_correlated_not_replicates;requires_independent_reads;model_bias_not_calibrated;catalogue_specificity_not_background_verified;genome_size_treated_as_fixed	5	iid_high_indel	0.02	factorial	61	20.0	NA	NA	-0.39183502215413507
6302	condition_006	f003	17.274781257255146	NA	NA	NA	4.809137994854551	9,5,5,5	experimental_log_linear_extrapolation	insufficient_effective_reads	experimental_joint_read_delta_method;k_values_are_correlated_not_replicates;requires_independent_reads;model_bias_not_calibrated;catalogue_specificity_not_background_verified;genome_size_treated_as_fixed	5	iid_high_indel	0.0	factorial	61	20.0	NA	NA	-0.1362609371372427
6302	condition_006	f004	11.374841826669707	NA	NA	NA	2.875592747559276	7,3,3,3	experimental_log_linear_extrapolation	insufficient_effective_reads	experimental_joint_read_delta_method;k_values_are_correlated_not_replicates;requires_independent_reads;model_bias_not_calibrated;catalogue_specificity_not_background_verified;genome_size_treated_as_fixed	5	iid_high_indel	0.02	factorial	61	20.0	NA	NA	-0.43125790866651464
6302	condition_006	f005	26.07869391456711	NA	NA	NA	6.862068965517242	8,7,7,7	experimental_log_linear_extrapolation	insufficient_effective_reads	experimental_joint_read_delta_method;k_values_are_correlated_not_replicates;requires_independent_reads;model_bias_not_calibrated;catalogue_specificity_not_background_verified;genome_size_treated_as_fixed	5	iid_high_indel	0.0	factorial	61	20.0	NA	NA	0.3039346957283556
6302	condition_006	f006	22.801101079266797	NA	NA	NA	5.996709842734232	7,7,7,7	experimental_log_linear_extrapolation	insufficient_effective_reads	experimental_joint_read_delta_method;k_values_are_correlated_not_replicates;requires_independent_reads;model_bias_not_calibrated;catalogue_specificity_not_background_verified;genome_size_treated_as_fixed	5	iid_high_indel	0.02	factorial	61	20.0	NA	NA	0.14005505396333984
6302	condition_006	f007	68.5558745994407	NA	NA	NA	4.98117718783681	12,6,6,6	experimental_log_linear_extrapolation	insufficient_effective_reads	experimental_joint_read_delta_method;k_values_are_correlated_not_replicates;requires_independent_reads;model_bias_not_calibrated;catalogue_specificity_not_background_verified;genome_size_treated_as_fixed	5	iid_high_indel	0.0	factorial	61	80.0	NA	NA	-0.14305156750699127
6302	condition_006	f008	111.86161465757785	NA	NA	NA	8.090671400693553	13,9,9,9	experimental_log_linear_extrapolation	insufficient_effective_reads	experimental_joint_read_delta_method;k_values_are_correlated_not_replicates;requires_independent_reads;model_bias_not_calibrated;catalogue_specificity_not_background_verified;genome_size_treated_as_fixed	5	iid_high_indel	0.02	factorial	61	80.0	NA	NA	0.3982701832197231
6302	condition_006	f009	122.46621558097921	NA	NA	NA	9.160308860532659	13,12,12,12	experimental_log_linear_extrapolation	insufficient_effective_reads	experimental_joint_read_delta_method;k_values_are_correlated_not_replicates;requires_independent_reads;model_bias_not_calibrated;catalogue_specificity_not_background_verified;genome_size_treated_as_fixed	5	iid_high_indel	0.0	factorial	61	80.0	NA	NA	0.5308276947622401
6302	condition_006	f010	83.30430917520043	NA	NA	NA	5.635799522956524	10,6,6,6	experimental_log_linear_extrapolation	insufficient_effective_reads	experimental_joint_read_delta_method;k_values_are_correlated_not_replicates;requires_independent_reads;model_bias_not_calibrated;catalogue_specificity_not_background_verified;genome_size_treated_as_fixed	5	iid_high_indel	0.02	factorial	61	80.0	NA	NA	0.041303864690005375
6302	condition_006	f011	72.03841103346306	NA	NA	NA	4.775099476584146	5,5,5,5	experimental_log_linear_extrapolation	insufficient_effective_reads	experimental_joint_read_delta_method;k_values_are_correlated_not_replicates;requires_independent_reads;model_bias_not_calibrated;catalogue_specificity_not_background_verified;genome_size_treated_as_fixed	5	iid_high_indel	0.0	factorial	61	80.0	NA	NA	-0.09951986208171171
6302	condition_006	f012	55.5188449063931	NA	NA	NA	3.676893472284038	5,4,4,4	experimental_log_linear_extrapolation	insufficient_effective_reads	experimental_joint_read_delta_method;k_values_are_correlated_not_replicates;requires_independent_reads;model_bias_not_calibrated;catalogue_specificity_not_background_verified;genome_size_treated_as_fixed	5	iid_high_indel	0.02	factorial	61	80.0	NA	NA	-0.30601443867008626
6302	condition_006	f013	196.0368392023743	NA	NA	NA	6.017409650396906	11,7,7,7	experimental_log_linear_extrapolation	insufficient_effective_reads	experimental_joint_read_delta_method;k_values_are_correlated_not_replicates;requires_independent_reads;model_bias_not_calibrated;catalogue_specificity_not_background_verified;genome_size_treated_as_fixed	5	iid_high_indel	0.0	factorial	61	200.0	NA	NA	-0.019815803988128523
6302	condition_006	f014	312.4192188118539	NA	NA	NA	10.084043814351197	19,13,13,13	experimental_log_linear_extrapolation	insufficient_effective_reads	experimental_joint_read_delta_method;k_values_are_correlated_not_replicates;requires_independent_reads;model_bias_not_calibrated;catalogue_specificity_not_background_verified;genome_size_treated_as_fixed	5	iid_high_indel	0.02	factorial	61	200.0	NA	NA	0.5620960940592695
6302	condition_006	f015	239.67973658382996	NA	NA	NA	8.342989053495133	13,12,12,12	experimental_log_linear_extrapolation	insufficient_effective_reads	experimental_joint_read_delta_method;k_values_are_correlated_not_replicates;requires_independent_reads;model_bias_not_calibrated;catalogue_specificity_not_background_verified;genome_size_treated_as_fixed	5	iid_high_indel	0.0	factorial	61	200.0	NA	NA	0.19839868291914983
6302	condition_006	f016	164.4649935006209	NA	NA	NA	6.594976103394177	12,9,9,9	experimental_log_linear_extrapolation	insufficient_effective_reads	experimental_joint_read_delta_method;k_values_are_correlated_not_replicates;requires_independent_reads;model_bias_not_calibrated;catalogue_specificity_not_background_verified;genome_size_treated_as_fixed	5	iid_high_indel	0.02	factorial	61	200.0	NA	NA	-0.17767503249689554
6302	condition_006	f017	159.5731554229287	NA	NA	NA	5.859079330015328	10,7,7,7	experimental_log_linear_extrapolation	insufficient_effective_reads	experimental_joint_read_delta_method;k_values_are_correlated_not_replicates;requires_independent_reads;model_bias_not_calibrated;catalogue_specificity_not_background_verified;genome_size_treated_as_fixed	5	iid_high_indel	0.0	factorial	61	200.0	NA	NA	-0.20213422288535654
6302	condition_006	f018	165.62024284519148	NA	NA	NA	6.15242964299442	7,7,7,7	experimental_log_linear_extrapolation	insufficient_effective_reads	experimental_joint_read_delta_method;k_values_are_correlated_not_replicates;requires_independent_reads;model_bias_not_calibrated;catalogue_specificity_not_background_verified;genome_size_treated_as_fixed	5	iid_high_indel	0.02	factorial	61	200.0	NA	NA	-0.17189878577404258
6302	condition_006	f019	8.019792188933605	NA	NA	NA	1.9981959625096342	14,2,2,2	experimental_log_linear_extrapolation	insufficient_effective_reads	experimental_joint_read_delta_method;k_values_are_correlated_not_replicates;requires_independent_reads;model_bias_not_calibrated;catalogue_specificity_not_background_verified;genome_size_treated_as_fixed	5	iid_high_indel	0.0	factorial	171	20.0	NA	NA	-0.5990103905533197
6302	condition_006	f020	28.002119414824836	NA	NA	NA	6.925241513011675	34,7,7,7	experimental_log_linear_extrapolation	insufficient_effective_reads	experimental_joint_read_delta_method;k_values_are_correlated_not_replicates;requires_independent_reads;model_bias_not_calibrated;catalogue_specificity_not_background_verified;genome_size_treated_as_fixed	5	iid_high_indel	0.02	factorial	171	20.0	NA	NA	0.4001059707412418
6302	condition_006	f021	25.445598773413096	NA	NA	NA	6.708227934920267	13,7,7,7	experimental_log_linear_extrapolation	insufficient_effective_reads	experimental_joint_read_delta_method;k_values_are_correlated_not_replicates;requires_independent_reads;model_bias_not_calibrated;catalogue_specificity_not_background_verified;genome_size_treated_as_fixed	5	iid_high_indel	0.0	factorial	171	20.0	NA	NA	0.2722799386706548
6302	condition_006	f022	22.381638582573792	NA	NA	NA	5.620294421919938	12,6,6,6	experimental_log_linear_extrapolation	insufficient_effective_reads	experimental_joint_read_delta_method;k_values_are_correlated_not_replicates;requires_independent_reads;model_bias_not_calibrated;catalogue_specificity_not_background_verified;genome_size_treated_as_fixed	5	iid_high_indel	0.02	factorial	171	20.0	NA	NA	0.11908192912868962
6302	condition_006	f023	20.387413390878134	NA	NA	NA	5.514417161311268	9,6,6,6	experimental_log_linear_extrapolation	insufficient_effective_reads	experimental_joint_read_delta_method;k_values_are_correlated_not_replicates;requires_independent_reads;model_bias_not_calibrated;catalogue_specificity_not_background_verified;genome_size_treated_as_fixed	5	iid_high_indel	0.0	factorial	171	20.0	NA	NA	0.019370669543906694
6302	condition_006	f024	46.357115279750374	NA	NA	NA	11.698947832182595	18,12,12,12	experimental_log_linear_extrapolation	insufficient_effective_reads	experimental_joint_read_delta_method;k_values_are_correlated_not_replicates;requires_independent_reads;model_bias_not_calibrated;catalogue_specificity_not_background_verified;genome_size_treated_as_fixed	5	iid_high_indel	0.02	factorial	171	20.0	NA	NA	1.3178557639875188
6302	condition_006	f025	92.75780843973399	NA	NA	NA	8.69812474732191	25,12,12,12	experimental_log_linear_extrapolation	insufficient_effective_reads	experimental_joint_read_delta_method;k_values_are_correlated_not_replicates;requires_independent_reads;model_bias_not_calibrated;catalogue_specificity_not_background_verified;genome_size_treated_as_fixed	5	iid_high_indel	0.0	factorial	171	80.0	NA	NA	0.1594726054966749
6302	condition_006	f026	118.60527741280742	NA	NA	NA	10.863125352273245	28,14,14,14	experimental_log_linear_extrapolation	insufficient_effective_reads	experimental_joint_read_delta_method;k_values_are_correlated_not_replicates;requires_independent_reads;model_bias_not_calibrated;catalogue_specificity_not_background_verified;genome_size_treated_as_fixed	5	iid_high_indel	0.02	factorial	171	80.0	NA	NA	0.4825659676600928
6302	condition_006	f027	71.8737099590366	NA	NA	NA	5.94203579670515	16,10,10,10	experimental_log_linear_extrapolation	insufficient_effective_reads	experimental_joint_read_delta_method;k_values_are_correlated_not_replicates;requires_independent_reads;model_bias_not_calibrated;catalogue_specificity_not_background_verified;genome_size_treated_as_fixed	5	iid_high_indel	0.0	factorial	171	80.0	NA	NA	-0.10157862551204247
6302	condition_006	f028	91.60394975541588	NA	NA	NA	9.135371608394808	16,13,13,13	experimental_log_linear_extrapolation	insufficient_effective_reads	experimental_joint_read_delta_method;k_values_are_correlated_not_replicates;requires_independent_reads;model_bias_not_calibrated;catalogue_specificity_not_background_verified;genome_size_treated_as_fixed	5	iid_high_indel	0.02	factorial	171	80.0	NA	NA	0.14504937194269854
6302	condition_006	f029	102.20220942044884	NA	NA	NA	8.603111257650045	12,10,10,10	experimental_log_linear_extrapolation	insufficient_effective_reads	experimental_joint_read_delta_method;k_values_are_correlated_not_replicates;requires_independent_reads;model_bias_not_calibrated;catalogue_specificity_not_background_verified;genome_size_treated_as_fixed	5	iid_high_indel	0.0	factorial	171	80.0	NA	NA	0.27752761775561047
6302	condition_006	f030	82.50033505604611	NA	NA	NA	7.276567414264602	11,9,9,9	experimental_log_linear_extrapolation	insufficient_effective_reads	experimental_joint_read_delta_method;k_values_are_correlated_not_replicates;requires_independent_reads;model_bias_not_calibrated;catalogue_specificity_not_background_verified;genome_size_treated_as_fixed	5	iid_high_indel	0.02	factorial	171	80.0	NA	NA	0.03125418820057639
6302	condition_006	f031	178.620327922145	NA	NA	NA	14.515354885877858	31,19,19,19	experimental_log_linear_extrapolation	insufficient_effective_reads	experimental_joint_read_delta_method;k_values_are_correlated_not_replicates;requires_independent_reads;model_bias_not_calibrated;catalogue_specificity_not_background_verified;genome_size_treated_as_fixed	5	iid_high_indel	0.0	factorial	171	200.0	NA	NA	-0.10689836038927496
6302	condition_006	f032	254.81628901379813	NA	NA	NA	15.5334632012374	30,19,19,19	experimental_log_linear_extrapolation	insufficient_effective_reads	experimental_joint_read_delta_method;k_values_are_correlated_not_replicates;requires_independent_reads;model_bias_not_calibrated;catalogue_specificity_not_background_verified;genome_size_treated_as_fixed	5	iid_high_indel	0.02	factorial	171	200.0	NA	NA	0.2740814450689906
6302	condition_006	f033	217.7469982580998	NA	NA	NA	14.798586312905133	26,16,16,16	experimental_log_linear_extrapolation	insufficient_effective_reads	experimental_joint_read_delta_method;k_values_are_correlated_not_replicates;requires_independent_reads;model_bias_not_calibrated;catalogue_specificity_not_background_verified;genome_size_treated_as_fixed	5	iid_high_indel	0.0	factorial	171	200.0	NA	NA	0.08873499129049904
6302	condition_006	f034	270.31935363618857	NA	NA	NA	16.122021913002346	26,20,20,20	experimental_log_linear_extrapolation	insufficient_effective_reads	experimental_joint_read_delta_method;k_values_are_correlated_not_replicates;requires_independent_reads;model_bias_not_calibrated;catalogue_specificity_not_background_verified;genome_size_treated_as_fixed	5	iid_high_indel	0.02	factorial	171	200.0	NA	NA	0.3515967681809428
6302	condition_006	f035	257.67357052947705	NA	NA	NA	18.12114599396179	28,21,21,21	experimental_log_linear_extrapolation	insufficient_effective_reads	experimental_joint_read_delta_method;k_values_are_correlated_not_replicates;requires_independent_reads;model_bias_not_calibrated;catalogue_specificity_not_background_verified;genome_size_treated_as_fixed	5	iid_high_indel	0.0	factorial	171	200.0	NA	NA	0.28836785264738524
6302	condition_006	f036	108.61648768810507	NA	NA	NA	8.522688169453694	19,11,11,11	experimental_log_linear_extrapolation	insufficient_effective_reads	experimental_joint_read_delta_method;k_values_are_correlated_not_replicates;requires_independent_reads;model_bias_not_calibrated;catalogue_specificity_not_background_verified;genome_size_treated_as_fixed	5	iid_high_indel	0.02	factorial	171	200.0	NA	NA	-0.45691756155947466
6302	condition_006	f037	27.30650086540498	NA	NA	NA	7.338916346254613	64,9,9,9	experimental_log_linear_extrapolation	insufficient_effective_reads	experimental_joint_read_delta_method;k_values_are_correlated_not_replicates;requires_independent_reads;model_bias_not_calibrated;catalogue_specificity_not_background_verified;genome_size_treated_as_fixed	5	iid_high_indel	0.0	factorial	421	20.0	NA	NA	0.36532504327024906
6302	condition_006	f038	19.130220616160408	NA	NA	NA	6.687433334226229	47,8,8,8	experimental_log_linear_extrapolation	insufficient_effective_reads	experimental_joint_read_delta_method;k_values_are_correlated_not_replicates;requires_independent_reads;model_bias_not_calibrated;catalogue_specificity_not_background_verified;genome_size_treated_as_fixed	5	iid_high_indel	0.02	factorial	421	20.0	NA	NA	-0.04348896919197962
6302	condition_006	f039	18.085368430663916	NA	NA	NA	5.453038425641304	38,8,8,8	experimental_log_linear_extrapolation	insufficient_effective_reads	experimental_joint_read_delta_method;k_values_are_correlated_not_replicates;requires_independent_reads;model_bias_not_calibrated;catalogue_specificity_not_background_verified;genome_size_treated_as_fixed	5	iid_high_indel	0.0	factorial	421	20.0	NA	NA	-0.0957315784668042
6302	condition_006	f040	23.780089733941665	NA	NA	NA	6.6112046393243595	35,8,8,8	experimental_log_linear_extrapolation	insufficient_effective_reads	experimental_joint_read_delta_method;k_values_are_correlated_not_replicates;requires_independent_reads;model_bias_not_calibrated;catalogue_specificity_not_background_verified;genome_size_treated_as_fixed	5	iid_high_indel	0.02	factorial	421	20.0	NA	NA	0.18900448669708325
6302	condition_006	f041	17.182249784173948	NA	NA	NA	5.966789317123581	20,8,8,8	experimental_log_linear_extrapolation	insufficient_effective_reads	experimental_joint_read_delta_method;k_values_are_correlated_not_replicates;requires_independent_reads;model_bias_not_calibrated;catalogue_specificity_not_background_verified;genome_size_treated_as_fixed	5	iid_high_indel	0.0	factorial	421	20.0	NA	NA	-0.14088751079130263
6302	condition_006	f042	13.545604179682048	NA	NA	NA	3.793157020311479	15,4,4,4	experimental_log_linear_extrapolation	insufficient_effective_reads	experimental_joint_read_delta_method;k_values_are_correlated_not_replicates;requires_independent_reads;model_bias_not_calibrated;catalogue_specificity_not_background_verified;genome_size_treated_as_fixed	5	iid_high_indel	0.02	factorial	421	20.0	NA	NA	-0.3227197910158976
6302	condition_006	f043	75.24366522018742	NA	NA	NA	12.384696452485475	51,14,14,14	experimental_log_linear_extrapolation	insufficient_effective_reads	experimental_joint_read_delta_method;k_values_are_correlated_not_replicates;requires_independent_reads;model_bias_not_calibrated;catalogue_specificity_not_background_verified;genome_size_treated_as_fixed	5	iid_high_indel	0.0	factorial	421	80.0	NA	NA	-0.0594541847476572
6302	condition_006	f044	72.30921323132621	NA	NA	NA	11.70982635333669	57,14,14,14	experimental_log_linear_extrapolation	insufficient_effective_reads	experimental_joint_read_delta_method;k_values_are_correlated_not_replicates;requires_independent_reads;model_bias_not_calibrated;catalogue_specificity_not_background_verified;genome_size_treated_as_fixed	5	iid_high_indel	0.02	factorial	421	80.0	NA	NA	-0.09613483460842236
6302	condition_006	f045	98.43050535397923	NA	NA	NA	14.791198679588241	46,20,20,20	experimental_log_linear_extrapolation	insufficient_effective_reads	experimental_joint_read_delta_method;k_values_are_correlated_not_replicates;requires_independent_reads;model_bias_not_calibrated;catalogue_specificity_not_background_verified;genome_size_treated_as_fixed	5	iid_high_indel	0.0	factorial	421	80.0	NA	NA	0.23038131692474034
6302	condition_006	f046	96.7905364374856	NA	NA	NA	16.674494710840836	39,22,22,22	experimental_log_linear_extrapolation	insufficient_effective_reads	experimental_joint_read_delta_method;k_values_are_correlated_not_replicates;requires_independent_reads;model_bias_not_calibrated;catalogue_specificity_not_background_verified;genome_size_treated_as_fixed	5	iid_high_indel	0.02	factorial	421	80.0	NA	NA	0.20988170546857
6302	condition_006	f047	39.96451305717595	NA	NA	NA	6.104205505488738	44,8,8,8	experimental_log_linear_extrapolation	insufficient_effective_reads	experimental_joint_read_delta_method;k_values_are_correlated_not_replicates;requires_independent_reads;model_bias_not_calibrated;catalogue_specificity_not_background_verified;genome_size_treated_as_fixed	5	iid_high_indel	0.0	factorial	421	80.0	NA	NA	-0.5004435867853007
6302	condition_006	f048	105.953266525592	NA	NA	NA	16.74868105643237	44,20,20,20	experimental_log_linear_extrapolation	insufficient_effective_reads	experimental_joint_read_delta_method;k_values_are_correlated_not_replicates;requires_independent_reads;model_bias_not_calibrated;catalogue_specificity_not_background_verified;genome_size_treated_as_fixed	5	iid_high_indel	0.02	factorial	421	80.0	NA	NA	0.3244158315699
6302	condition_006	f049	251.42105398298094	0.026517297893787584	182.7220056053221	345.9492805833773	36.96981590667844	74,41,41,41	experimental_log_linear_extrapolation	approximate_95pct_joint_read_log_normal	experimental_joint_read_delta_method;k_values_are_correlated_not_replicates;requires_independent_reads;model_bias_not_calibrated;catalogue_specificity_not_background_verified;genome_size_treated_as_fixed	5	iid_high_indel	0.0	factorial	421	200.0	True	0.8161363748902759	0.2571052699149047
6302	condition_006	f050	220.56915394502357	0.029932435277226634	157.13700068828996	309.6072310081264	33.069381445704614	83,35,35,35	experimental_log_linear_extrapolation	approximate_95pct_joint_read_log_normal	experimental_joint_read_delta_method;k_values_are_correlated_not_replicates;requires_independent_reads;model_bias_not_calibrated;catalogue_specificity_not_background_verified;genome_size_treated_as_fixed	5	iid_high_indel	0.02	factorial	421	200.0	True	0.7623511515991822	0.10284576972511786
6302	condition_006	f051	175.64451532142547	0.0380049224041628	119.86547717880478	257.38016056514476	26.194066486066095	49,29,29,29	experimental_log_linear_extrapolation	approximate_95pct_joint_read_log_normal	experimental_joint_read_delta_method;k_values_are_correlated_not_replicates;requires_independent_reads;model_bias_not_calibrated;catalogue_specificity_not_background_verified;genome_size_treated_as_fixed	5	iid_high_indel	0.0	factorial	421	200.0	True	0.6875734169316999	-0.12177742339287263
6302	condition_006	f052	220.5065332470002	0.028855537170359657	158.06239425140106	307.6198575562157	33.88993630357163	58,39,39,39	experimental_log_linear_extrapolation	approximate_95pct_joint_read_log_normal	experimental_joint_read_delta_method;k_values_are_correlated_not_replicates;requires_independent_reads;model_bias_not_calibrated;catalogue_specificity_not_background_verified;genome_size_treated_as_fixed	5	iid_high_indel	0.02	factorial	421	200.0	True	0.7477873165240733	0.10253266623500096
6302	condition_006	f053	294.0045255968971	0.02153733307619178	220.5134348787064	391.98818484235295	45.61684218205481	56,50,50,50	experimental_log_linear_extrapolation	approximate_95pct_joint_read_log_normal	experimental_joint_read_delta_method;k_values_are_correlated_not_replicates;requires_independent_reads;model_bias_not_calibrated;catalogue_specificity_not_background_verified;genome_size_treated_as_fixed	5	iid_high_indel	0.0	factorial	421	200.0	False	0.8573737498182328	0.4700226279844856
6302	condition_006	f054	236.78656222942078	0.026138770716021886	172.4801553588432	325.068561863124	37.20608964852679	57,44,44,44	experimental_log_linear_extrapolation	approximate_95pct_joint_read_log_normal	experimental_joint_read_delta_method;k_values_are_correlated_not_replicates;requires_independent_reads;model_bias_not_calibrated;catalogue_specificity_not_background_verified;genome_size_treated_as_fixed	5	iid_high_indel	0.02	factorial	421	200.0	True	0.7629420325214039	0.18393281114710391
6302	condition_006	megabase_171	6411.035546819445	0.0023178994107221117	5833.745171915036	7045.452890272579	383.7477990800302	408,401,401,401	experimental_log_linear_extrapolation	approximate_95pct_joint_read_log_normal	experimental_joint_read_delta_method;k_values_are_correlated_not_replicates;requires_independent_reads;model_bias_not_calibrated;catalogue_specificity_not_background_verified;genome_size_treated_as_fixed	5	iid_high_indel	0.01	megabase	171	6000.0	True	0.2019512863929238	0.06850592446990747
6302	condition_007	f001	18.481097206967096	NA	NA	NA	19.3388638728171	21,21,21,21	experimental_log_linear_extrapolation	insufficient_effective_reads	experimental_joint_read_delta_method;k_values_are_correlated_not_replicates;requires_independent_reads;model_bias_not_calibrated;catalogue_specificity_not_background_verified;genome_size_treated_as_fixed	20	error_free	0.0	factorial	61	20.0	NA	NA	-0.0759451396516452
6302	condition_007	f002	15.596842549841046	NA	NA	NA	15.583816282175487	44,17,17,17	experimental_log_linear_extrapolation	insufficient_effective_reads	experimental_joint_read_delta_method;k_values_are_correlated_not_replicates;requires_independent_reads;model_bias_not_calibrated;catalogue_specificity_not_background_verified;genome_size_treated_as_fixed	20	error_free	0.02	factorial	61	20.0	NA	NA	-0.2201578725079477
6302	condition_007	f003	11.708384126338919	NA	NA	NA	12.205588677902256	36,13,13,13	experimental_log_linear_extrapolation	insufficient_effective_reads	experimental_joint_read_delta_method;k_values_are_correlated_not_replicates;requires_independent_reads;model_bias_not_calibrated;catalogue_specificity_not_background_verified;genome_size_treated_as_fixed	20	error_free	0.0	factorial	61	20.0	NA	NA	-0.41458079368305406
6302	condition_007	f004	18.816904692572823	NA	NA	NA	19.996127184634318	42,20,20,20	experimental_log_linear_extrapolation	insufficient_effective_reads	experimental_joint_read_delta_method;k_values_are_correlated_not_replicates;requires_independent_reads;model_bias_not_calibrated;catalogue_specificity_not_background_verified;genome_size_treated_as_fixed	20	error_free	0.02	factorial	61	20.0	NA	NA	-0.059154765371358844
6302	condition_007	f005	23.54234737631081	0.04132716578831817	15.805501725876251	35.066404698782925	24.114858845153716	25,25,25,25	experimental_log_linear_extrapolation	approximate_95pct_joint_read_log_normal	experimental_joint_read_delta_method;k_values_are_correlated_not_replicates;requires_independent_reads;model_bias_not_calibrated;catalogue_specificity_not_background_verified;genome_size_treated_as_fixed	20	error_free	0.0	factorial	61	20.0	True	0.9630451486453337	0.17711736881554058
6302	condition_007	f006	14.532845923537918	NA	NA	NA	15.381949223964146	18,18,18,18	experimental_log_linear_extrapolation	insufficient_effective_reads	experimental_joint_read_delta_method;k_values_are_correlated_not_replicates;requires_independent_reads;model_bias_not_calibrated;catalogue_specificity_not_background_verified;genome_size_treated_as_fixed	20	error_free	0.02	factorial	61	20.0	NA	NA	-0.2733577038231041
6302	condition_007	f007	76.34404280976946	0.04356321654533722	50.712385961253965	114.9307563046437	22.835162985846484	28,28,28,28	experimental_log_linear_extrapolation	approximate_95pct_joint_read_log_normal	experimental_joint_read_delta_method;k_values_are_correlated_not_replicates;requires_independent_reads;model_bias_not_calibrated;catalogue_specificity_not_background_verified;genome_size_treated_as_fixed	20	error_free	0.0	factorial	61	80.0	True	0.8027296292923716	-0.04569946487788172
6302	condition_007	f008	84.7453156931759	0.04063417399536233	57.08620535786387	125.8056738386225	24.489363672146176	51,29,29,29	experimental_log_linear_extrapolation	approximate_95pct_joint_read_log_normal	experimental_joint_read_delta_method;k_values_are_correlated_not_replicates;requires_independent_reads;model_bias_not_calibrated;catalogue_specificity_not_background_verified;genome_size_treated_as_fixed	20	error_free	0.02	factorial	61	80.0	True	0.8589933560094828	0.05931644616469871
6302	condition_007	f009	82.7644846403686	0.042889879695636554	55.1519999066177	124.20147826704434	23.198690062141463	29,29,29,29	experimental_log_linear_extrapolation	approximate_95pct_joint_read_log_normal	experimental_joint_read_delta_method;k_values_are_correlated_not_replicates;requires_independent_reads;model_bias_not_calibrated;catalogue_specificity_not_background_verified;genome_size_treated_as_fixed	20	error_free	0.0	factorial	61	80.0	True	0.8631184795053329	0.03455605800460741
6302	condition_007	f010	95.281330008418	0.036666355407237956	65.46600151577195	138.6755206973481	27.25181059647774	64,30,30,30	experimental_log_linear_extrapolation	approximate_95pct_joint_read_log_normal	experimental_joint_read_delta_method;k_values_are_correlated_not_replicates;requires_independent_reads;model_bias_not_calibrated;catalogue_specificity_not_background_verified;genome_size_treated_as_fixed	20	error_free	0.02	factorial	61	80.0	True	0.915118989769702	0.19101662510522494
6302	condition_007	f011	86.25646597550853	0.041535030544469005	57.851623733070184	128.60793600043715	23.97931426121431	28,28,28,28	experimental_log_linear_extrapolation	approximate_95pct_joint_read_log_normal	experimental_joint_read_delta_method;k_values_are_correlated_not_replicates;requires_independent_reads;model_bias_not_calibrated;catalogue_specificity_not_background_verified;genome_size_treated_as_fixed	20	error_free	0.0	factorial	61	80.0	True	0.8844539033420871	0.07820582469385666
6302	condition_007	f012	67.91612428962823	NA	NA	NA	18.738690152457064	21,21,21,21	experimental_log_linear_extrapolation	insufficient_effective_reads	experimental_joint_read_delta_method;k_values_are_correlated_not_replicates;requires_independent_reads;model_bias_not_calibrated;catalogue_specificity_not_background_verified;genome_size_treated_as_fixed	20	error_free	0.02	factorial	61	80.0	NA	NA	-0.15104844637964715
6302	condition_007	f013	194.76478064784865	0.033436004726091324	136.10179183827873	278.7128609289612	29.762958440947642	61,40,40,40	experimental_log_linear_extrapolation	approximate_95pct_joint_read_log_normal	experimental_joint_read_delta_method;k_values_are_correlated_not_replicates;requires_independent_reads;model_bias_not_calibrated;catalogue_specificity_not_background_verified;genome_size_treated_as_fixed	20	error_free	0.0	factorial	61	200.0	True	0.7130553454534124	-0.026176096760756735
6302	condition_007	f014	242.30155423730434	0.026685481373860367	175.91648653843262	333.73815235325833	37.56827776456427	46,46,46,46	experimental_log_linear_extrapolation	approximate_95pct_joint_read_log_normal	experimental_joint_read_delta_method;k_values_are_correlated_not_replicates;requires_independent_reads;model_bias_not_calibrated;catalogue_specificity_not_background_verified;genome_size_treated_as_fixed	20	error_free	0.02	factorial	61	200.0	True	0.7891083290741285	0.21150777118652173
6302	condition_007	f015	188.72044526268948	0.03584354571003966	130.21653711872315	273.50908915413646	27.775637674900157	37,37,37,37	experimental_log_linear_extrapolation	approximate_95pct_joint_read_log_normal	experimental_joint_read_delta_method;k_values_are_correlated_not_replicates;requires_independent_reads;model_bias_not_calibrated;catalogue_specificity_not_background_verified;genome_size_treated_as_fixed	20	error_free	0.0	factorial	61	200.0	True	0.7164627601770666	-0.0563977736865526
6302	condition_007	f016	215.09453055601097	0.03621995539909159	148.12644373919662	312.3389443992174	27.581693185327634	36,36,36,36	experimental_log_linear_extrapolation	approximate_95pct_joint_read_log_normal	experimental_joint_read_delta_method;k_values_are_correlated_not_replicates;requires_independent_reads;model_bias_not_calibrated;catalogue_specificity_not_background_verified;genome_size_treated_as_fixed	20	error_free	0.02	factorial	61	200.0	True	0.8210625033001038	0.07547265278005483
6302	condition_007	f017	243.91896601509802	0.030348291643635457	173.36434506366618	343.18741815120694	32.80989943266252	59,40,40,40	experimental_log_linear_extrapolation	approximate_95pct_joint_read_log_normal	experimental_joint_read_delta_method;k_values_are_correlated_not_replicates;requires_independent_reads;model_bias_not_calibrated;catalogue_specificity_not_background_verified;genome_size_treated_as_fixed	20	error_free	0.0	factorial	61	200.0	True	0.8491153654377038	0.2195948300754901
6302	condition_007	f018	183.13449432895257	0.03582344525522202	126.37539765495296	265.38585543913985	27.877593414083357	35,35,35,35	experimental_log_linear_extrapolation	approximate_95pct_joint_read_log_normal	experimental_joint_read_delta_method;k_values_are_correlated_not_replicates;requires_independent_reads;model_bias_not_calibrated;catalogue_specificity_not_background_verified;genome_size_treated_as_fixed	20	error_free	0.02	factorial	61	200.0	True	0.6950522889209344	-0.08432752835523714
6302	condition_007	f019	11.147307580539833	NA	NA	NA	11.769189810693561	66,13,13,13	experimental_log_linear_extrapolation	insufficient_effective_reads	experimental_joint_read_delta_method;k_values_are_correlated_not_replicates;requires_independent_reads;model_bias_not_calibrated;catalogue_specificity_not_background_verified;genome_size_treated_as_fixed	20	error_free	0.0	factorial	171	20.0	NA	NA	-0.4426346209730084
6302	condition_007	f020	17.704403695150408	NA	NA	NA	17.930565732604204	156,18,18,18	experimental_log_linear_extrapolation	insufficient_effective_reads	experimental_joint_read_delta_method;k_values_are_correlated_not_replicates;requires_independent_reads;model_bias_not_calibrated;catalogue_specificity_not_background_verified;genome_size_treated_as_fixed	20	error_free	0.02	factorial	171	20.0	NA	NA	-0.11477981524247963
6302	condition_007	f021	20.840560240757515	0.0448810677010061	13.758815483801088	31.567321450018657	22.167763998043675	46,24,24,24	experimental_log_linear_extrapolation	approximate_95pct_joint_read_log_normal	experimental_joint_read_delta_method;k_values_are_correlated_not_replicates;requires_independent_reads;model_bias_not_calibrated;catalogue_specificity_not_background_verified;genome_size_treated_as_fixed	20	error_free	0.0	factorial	171	20.0	True	0.8904252983108784	0.04202801203787576
6302	condition_007	f022	24.736446907571143	0.039528041070529575	16.753452571038657	36.52332574533625	25.1561021359989	28,28,28,28	experimental_log_linear_extrapolation	approximate_95pct_joint_read_log_normal	experimental_joint_read_delta_method;k_values_are_correlated_not_replicates;requires_independent_reads;model_bias_not_calibrated;catalogue_specificity_not_background_verified;genome_size_treated_as_fixed	20	error_free	0.02	factorial	171	20.0	True	0.9884936587148797	0.23682234537855712
6302	condition_007	f023	20.696485501795117	0.04495358690707149	13.659117193823466	31.35960443473676	22.13937770407097	26,26,26,26	experimental_log_linear_extrapolation	approximate_95pct_joint_read_log_normal	experimental_joint_read_delta_method;k_values_are_correlated_not_replicates;requires_independent_reads;model_bias_not_calibrated;catalogue_specificity_not_background_verified;genome_size_treated_as_fixed	20	error_free	0.0	factorial	171	20.0	True	0.8850243620456647	0.03482427508975583
6302	condition_007	f024	25.103372720646636	0.03655754751856699	17.257667604503013	36.51590333025502	27.33769580508961	59,31,31,31	experimental_log_linear_extrapolation	approximate_95pct_joint_read_log_normal	experimental_joint_read_delta_method;k_values_are_correlated_not_replicates;requires_independent_reads;model_bias_not_calibrated;catalogue_specificity_not_background_verified;genome_size_treated_as_fixed	20	error_free	0.02	factorial	171	20.0	True	0.9629117862876004	0.2551686360323318
6302	condition_007	f025	91.53397019208208	0.029553540997148638	65.35081713398603	128.2075430204178	33.67134448041912	121,44,44,44	experimental_log_linear_extrapolation	approximate_95pct_joint_read_log_normal	experimental_joint_read_delta_method;k_values_are_correlated_not_replicates;requires_independent_reads;model_bias_not_calibrated;catalogue_specificity_not_background_verified;genome_size_treated_as_fixed	20	error_free	0.0	factorial	171	80.0	True	0.7857090735803972	0.144174627401026
6302	condition_007	f026	84.44518656338077	0.0325459736187529	59.294425078109185	120.26408088670149	30.88245927776062	79,43,43,43	experimental_log_linear_extrapolation	approximate_95pct_joint_read_log_normal	experimental_joint_read_delta_method;k_values_are_correlated_not_replicates;requires_independent_reads;model_bias_not_calibrated;catalogue_specificity_not_background_verified;genome_size_treated_as_fixed	20	error_free	0.02	factorial	171	80.0	True	0.7621206976074039	0.05556483204225966
6302	condition_007	f027	55.81093817467553	0.049486543829189385	36.088154850659734	86.31255415599365	20.090083397709673	62,32,32,32	experimental_log_linear_extrapolation	approximate_95pct_joint_read_log_normal	experimental_joint_read_delta_method;k_values_are_correlated_not_replicates;requires_independent_reads;model_bias_not_calibrated;catalogue_specificity_not_background_verified;genome_size_treated_as_fixed	20	error_free	0.0	factorial	171	80.0	True	0.627804991316674	-0.3023632728165559
6302	condition_007	f028	87.18022656179554	0.02936056652296293	62.31107512248171	121.97497617279588	33.937080997242276	69,47,47,47	experimental_log_linear_extrapolation	approximate_95pct_joint_read_log_normal	experimental_joint_read_delta_method;k_values_are_correlated_not_replicates;requires_independent_reads;model_bias_not_calibrated;catalogue_specificity_not_background_verified;genome_size_treated_as_fixed	20	error_free	0.02	factorial	171	80.0	True	0.7457987631289271	0.08975283202244419
6302	condition_007	f029	65.24099074411309	0.037867967473292984	44.55324442472835	95.5348354139397	26.26432544633461	40,40,40,40	experimental_log_linear_extrapolation	approximate_95pct_joint_read_log_normal	experimental_joint_read_delta_method;k_values_are_correlated_not_replicates;requires_independent_reads;model_bias_not_calibrated;catalogue_specificity_not_background_verified;genome_size_treated_as_fixed	20	error_free	0.0	factorial	171	80.0	True	0.6372698873651419	-0.18448761569858635
6302	condition_007	f030	81.15717527935374	0.03363969193622469	56.65092055884142	116.26443196951374	29.821645083855866	38,38,38,38	experimental_log_linear_extrapolation	approximate_95pct_joint_read_log_normal	experimental_joint_read_delta_method;k_values_are_correlated_not_replicates;requires_independent_reads;model_bias_not_calibrated;catalogue_specificity_not_background_verified;genome_size_treated_as_fixed	20	error_free	0.02	factorial	171	80.0	True	0.7451688926334039	0.014464690991921714
6302	condition_007	f031	183.52391355669766	0.017960050449506118	141.12982108733252	238.65279915804675	55.386311672880126	128,68,68,68	experimental_log_linear_extrapolation	approximate_95pct_joint_read_log_normal	experimental_joint_read_delta_method;k_values_are_correlated_not_replicates;requires_independent_reads;model_bias_not_calibrated;catalogue_specificity_not_background_verified;genome_size_treated_as_fixed	20	error_free	0.0	factorial	171	200.0	True	0.48761489035357114	-0.08238043221651167
6302	condition_007	f032	202.385835813061	0.017784934691836684	155.8345434481349	262.8430489892228	55.514955771840874	113,67,67,67	experimental_log_linear_extrapolation	approximate_95pct_joint_read_log_normal	experimental_joint_read_delta_method;k_values_are_correlated_not_replicates;requires_independent_reads;model_bias_not_calibrated;catalogue_specificity_not_background_verified;genome_size_treated_as_fixed	20	error_free	0.02	factorial	171	200.0	True	0.5350425277054395	0.011929179065304964
6302	condition_007	f033	206.2451652342814	0.017308802487816192	159.36656587513934	266.9133763969227	57.49597123102771	106,66,66,66	experimental_log_linear_extrapolation	approximate_95pct_joint_read_log_normal	experimental_joint_read_delta_method;k_values_are_correlated_not_replicates;requires_independent_reads;model_bias_not_calibrated;catalogue_specificity_not_background_verified;genome_size_treated_as_fixed	20	error_free	0.0	factorial	171	200.0	True	0.5377340526089166	0.031225826171406935
6302	condition_007	f034	214.80821534539493	0.01655111814060471	166.93324296411924	276.41330486697296	58.97144893862349	93,73,73,73	experimental_log_linear_extrapolation	approximate_95pct_joint_read_log_normal	experimental_joint_read_delta_method;k_values_are_correlated_not_replicates;requires_independent_reads;model_bias_not_calibrated;catalogue_specificity_not_background_verified;genome_size_treated_as_fixed	20	error_free	0.02	factorial	171	200.0	True	0.5474003095142685	0.07404107672697463
6302	condition_007	f035	224.11758037594538	0.015372326059637363	175.76789207385497	285.7671514457431	64.6667457122687	104,80,80,80	experimental_log_linear_extrapolation	approximate_95pct_joint_read_log_normal	experimental_joint_read_delta_method;k_values_are_correlated_not_replicates;requires_independent_reads;model_bias_not_calibrated;catalogue_specificity_not_background_verified;genome_size_treated_as_fixed	20	error_free	0.0	factorial	171	200.0	True	0.5499962968594406	0.1205879018797269
6302	condition_007	f036	142.31981653591205	0.025005219395444266	104.39135758232561	194.02880322580467	39.224360513781235	95,48,48,48	experimental_log_linear_extrapolation	approximate_95pct_joint_read_log_normal	experimental_joint_read_delta_method;k_values_are_correlated_not_replicates;requires_independent_reads;model_bias_not_calibrated;catalogue_specificity_not_background_verified;genome_size_treated_as_fixed	20	error_free	0.02	factorial	171	200.0	False	0.44818722821739526	-0.2884009173204397
6302	condition_007	f037	23.809052521348733	0.032590606920394456	16.713823662095496	33.91629548239896	30.31555829286625	329,38,38,38	experimental_log_linear_extrapolation	approximate_95pct_joint_read_log_normal	experimental_joint_read_delta_method;k_values_are_correlated_not_replicates;requires_independent_reads;model_bias_not_calibrated;catalogue_specificity_not_background_verified;genome_size_treated_as_fixed	20	error_free	0.0	factorial	421	20.0	True	0.8601235910151731	0.19045262606743663
6302	condition_007	f038	17.68090160009459	0.04509550464955171	11.6612681655964	26.80791462411577	22.245271788940652	140,28,28,28	experimental_log_linear_extrapolation	approximate_95pct_joint_read_log_normal	experimental_joint_read_delta_method;k_values_are_correlated_not_replicates;requires_independent_reads;model_bias_not_calibrated;catalogue_specificity_not_background_verified;genome_size_treated_as_fixed	20	error_free	0.02	factorial	421	20.0	True	0.7573323229259685	-0.11595491999527052
6302	condition_007	f039	19.185330046148447	0.040924379990777915	12.905448946229603	28.52104491004027	24.23912138682245	185,32,32,32	experimental_log_linear_extrapolation	approximate_95pct_joint_read_log_normal	experimental_joint_read_delta_method;k_values_are_correlated_not_replicates;requires_independent_reads;model_bias_not_calibrated;catalogue_specificity_not_background_verified;genome_size_treated_as_fixed	20	error_free	0.0	factorial	421	20.0	True	0.7807797981905333	-0.040733497692577635
6302	condition_007	f040	18.921874266861057	0.04126019501786065	12.707582537225035	28.175093470538542	23.920765446772382	114,34,34,34	experimental_log_linear_extrapolation	approximate_95pct_joint_read_log_normal	experimental_joint_read_delta_method;k_values_are_correlated_not_replicates;requires_independent_reads;model_bias_not_calibrated;catalogue_specificity_not_background_verified;genome_size_treated_as_fixed	20	error_free	0.02	factorial	421	20.0	True	0.7733755466656753	-0.05390628665694717
6302	condition_007	f041	10.886063334581412	NA	NA	NA	16.310491920007532	35,23,23,23	experimental_log_linear_extrapolation	insufficient_effective_reads	experimental_joint_read_delta_method;k_values_are_correlated_not_replicates;requires_independent_reads;model_bias_not_calibrated;catalogue_specificity_not_background_verified;genome_size_treated_as_fixed	20	error_free	0.0	factorial	421	20.0	NA	NA	-0.4556968332709294
6302	condition_007	f042	23.22888577223652	0.035145726968122244	16.086144911373246	33.54322226937772	28.315129250244574	65,32,32,32	experimental_log_linear_extrapolation	approximate_95pct_joint_read_log_normal	experimental_joint_read_delta_method;k_values_are_correlated_not_replicates;requires_independent_reads;model_bias_not_calibrated;catalogue_specificity_not_background_verified;genome_size_treated_as_fixed	20	error_free	0.02	factorial	421	20.0	True	0.8728538679002238	0.161444288611826
6302	condition_007	f043	78.80656470457036	0.017980362737633992	60.59322064803545	102.49454599236576	55.286769611126196	220,68,68,68	experimental_log_linear_extrapolation	approximate_95pct_joint_read_log_normal	experimental_joint_read_delta_method;k_values_are_correlated_not_replicates;requires_independent_reads;model_bias_not_calibrated;catalogue_specificity_not_background_verified;genome_size_treated_as_fixed	20	error_free	0.0	factorial	421	80.0	True	0.5237665668041289	-0.014917941192870465
6302	condition_007	f044	93.97123237336127	0.015897072536386482	73.39599680214427	120.31436179786682	61.579633951913785	226,79,79,79	experimental_log_linear_extrapolation	approximate_95pct_joint_read_log_normal	experimental_joint_read_delta_method;k_values_are_correlated_not_replicates;requires_independent_reads;model_bias_not_calibrated;catalogue_specificity_not_background_verified;genome_size_treated_as_fixed	20	error_free	0.02	factorial	421	80.0	True	0.586479562446532	0.17464040466701594
6302	condition_007	f045	71.01250914020828	0.020829380948103132	53.516309029826196	94.22877896115143	47.73610947466754	184,61,61,61	experimental_log_linear_extrapolation	approximate_95pct_joint_read_log_normal	experimental_joint_read_delta_method;k_values_are_correlated_not_replicates;requires_independent_reads;model_bias_not_calibrated;catalogue_specificity_not_background_verified;genome_size_treated_as_fixed	20	error_free	0.0	factorial	421	80.0	True	0.5089058741415655	-0.1123436357473965
6302	condition_007	f046	85.7605464286361	0.017630494678025653	66.10968786746183	111.25254952774029	56.622777727274105	129,69,69,68	experimental_log_linear_extrapolation	approximate_95pct_joint_read_log_normal	experimental_joint_read_delta_method;k_values_are_correlated_not_replicates;requires_independent_reads;model_bias_not_calibrated;catalogue_specificity_not_background_verified;genome_size_treated_as_fixed	20	error_free	0.02	factorial	421	80.0	True	0.5642857707534807	0.0720068303579513
6302	condition_007	f047	41.14293019079373	0.03496656672533545	28.51845989892264	59.35596489726549	28.43914031626902	198,37,37,37	experimental_log_linear_extrapolation	approximate_95pct_joint_read_log_normal	experimental_joint_read_delta_method;k_values_are_correlated_not_replicates;requires_independent_reads;model_bias_not_calibrated;catalogue_specificity_not_background_verified;genome_size_treated_as_fixed	20	error_free	0.0	factorial	421	80.0	False	0.3854688124792856	-0.4857133726150784
6302	condition_007	f048	86.07917408303094	0.015921525037606125	67.21915260365697	110.23084825995909	61.48388266147321	145,80,80,80	experimental_log_linear_extrapolation	approximate_95pct_joint_read_log_normal	experimental_joint_read_delta_method;k_values_are_correlated_not_replicates;requires_independent_reads;model_bias_not_calibrated;catalogue_specificity_not_background_verified;genome_size_treated_as_fixed	20	error_free	0.02	factorial	421	80.0	True	0.5376461957037766	0.07598967603788669
6302	condition_007	f049	199.9324541321345	0.008172471074354742	167.46853180436906	238.68953638402422	121.11818666329032	269,139,139,139	experimental_log_linear_extrapolation	approximate_95pct_joint_read_log_normal	experimental_joint_read_delta_method;k_values_are_correlated_not_replicates;requires_independent_reads;model_bias_not_calibrated;catalogue_specificity_not_background_verified;genome_size_treated_as_fixed	20	error_free	0.0	factorial	421	200.0	True	0.3561050228982758	-0.0003377293393275238
6302	condition_007	f050	207.71610234756886	0.0077005466774259165	174.89398809178476	246.6978976534207	128.21337168453485	359,143,143,143	experimental_log_linear_extrapolation	approximate_95pct_joint_read_log_normal	experimental_joint_read_delta_method;k_values_are_correlated_not_replicates;requires_independent_reads;model_bias_not_calibrated;catalogue_specificity_not_background_verified;genome_size_treated_as_fixed	20	error_free	0.02	factorial	421	200.0	True	0.35901954780817974	0.03858051173784432
6302	condition_007	f051	220.79541504731537	0.007034381474211333	187.32629311494708	260.2443815828989	140.67718359856957	240,159,159,159	experimental_log_linear_extrapolation	approximate_95pct_joint_read_log_normal	experimental_joint_read_delta_method;k_values_are_correlated_not_replicates;requires_independent_reads;model_bias_not_calibrated;catalogue_specificity_not_background_verified;genome_size_treated_as_fixed	20	error_free	0.0	factorial	421	200.0	True	0.364590442339759	0.10397707523657687
6302	condition_007	f052	186.46801482337244	0.008631122606063758	155.4262823854124	223.70940112914147	114.5665714611226	217,132,132,132	experimental_log_linear_extrapolation	approximate_95pct_joint_read_log_normal	experimental_joint_read_delta_method;k_values_are_correlated_not_replicates;requires_independent_reads;model_bias_not_calibrated;catalogue_specificity_not_background_verified;genome_size_treated_as_fixed	20	error_free	0.02	factorial	421	200.0	True	0.3414155937186453	-0.0676599258831378
6302	condition_007	f053	198.8329004550475	0.007981103006445455	166.8954278228871	236.88199742249196	124.10895668443438	157,140,140,140	experimental_log_linear_extrapolation	approximate_95pct_joint_read_log_normal	experimental_joint_read_delta_method;k_values_are_correlated_not_replicates;requires_independent_reads;model_bias_not_calibrated;catalogue_specificity_not_background_verified;genome_size_treated_as_fixed	20	error_free	0.0	factorial	421	200.0	True	0.3499328479980244	-0.005835497724762462
6302	condition_007	f054	216.90610480347257	0.007197277223653318	183.67861137470126	256.1444576964782	136.75069179612962	221,153,153,153	experimental_log_linear_extrapolation	approximate_95pct_joint_read_log_normal	experimental_joint_read_delta_method;k_values_are_correlated_not_replicates;requires_independent_reads;model_bias_not_calibrated;catalogue_specificity_not_background_verified;genome_size_treated_as_fixed	20	error_free	0.02	factorial	421	200.0	True	0.36232923160888464	0.08453052401736287
6302	condition_007	megabase_171	5884.218744726133	0.0006361484965226602	5600.409932091016	6182.409976345941	1411.3863028889732	1535,1474,1474,1474	experimental_log_linear_extrapolation	approximate_95pct_joint_read_log_normal	experimental_joint_read_delta_method;k_values_are_correlated_not_replicates;requires_independent_reads;model_bias_not_calibrated;catalogue_specificity_not_background_verified;genome_size_treated_as_fixed	20	error_free	0.01	megabase	171	6000.0	True	0.09700000737582073	-0.01929687587897782
6302	condition_008	f001	18.542118423366816	NA	NA	NA	19.27993181178192	23,21,21,21	experimental_log_linear_extrapolation	insufficient_effective_reads	experimental_joint_read_delta_method;k_values_are_correlated_not_replicates;requires_independent_reads;model_bias_not_calibrated;catalogue_specificity_not_background_verified;genome_size_treated_as_fixed	20	iid_low_indel	0.0	factorial	61	20.0	NA	NA	-0.07289407883165921
6302	condition_008	f002	15.645837074231396	NA	NA	NA	15.510052564404196	43,17,17,17	experimental_log_linear_extrapolation	insufficient_effective_reads	experimental_joint_read_delta_method;k_values_are_correlated_not_replicates;requires_independent_reads;model_bias_not_calibrated;catalogue_specificity_not_background_verified;genome_size_treated_as_fixed	20	iid_low_indel	0.02	factorial	61	20.0	NA	NA	-0.2177081462884302
6302	condition_008	f003	11.738117609847484	NA	NA	NA	12.197792557468397	36,13,13,13	experimental_log_linear_extrapolation	insufficient_effective_reads	experimental_joint_read_delta_method;k_values_are_correlated_not_replicates;requires_independent_reads;model_bias_not_calibrated;catalogue_specificity_not_background_verified;genome_size_treated_as_fixed	20	iid_low_indel	0.0	factorial	61	20.0	NA	NA	-0.4130941195076258
6302	condition_008	f004	18.817330712480945	NA	NA	NA	19.930140032998303	42,20,20,20	experimental_log_linear_extrapolation	insufficient_effective_reads	experimental_joint_read_delta_method;k_values_are_correlated_not_replicates;requires_independent_reads;model_bias_not_calibrated;catalogue_specificity_not_background_verified;genome_size_treated_as_fixed	20	iid_low_indel	0.02	factorial	61	20.0	NA	NA	-0.059133464375952724
6302	condition_008	f005	23.606759979531457	0.041314109876064195	15.8497436620374	35.16013436015235	24.051468072089186	26,25,25,25	experimental_log_linear_extrapolation	approximate_95pct_joint_read_log_normal	experimental_joint_read_delta_method;k_values_are_correlated_not_replicates;requires_independent_reads;model_bias_not_calibrated;catalogue_specificity_not_background_verified;genome_size_treated_as_fixed	20	iid_low_indel	0.0	factorial	61	20.0	True	0.9655195349057475	0.18033799897657285
6302	condition_008	f006	14.592030731719147	NA	NA	NA	15.391208396936808	18,18,18,18	experimental_log_linear_extrapolation	insufficient_effective_reads	experimental_joint_read_delta_method;k_values_are_correlated_not_replicates;requires_independent_reads;model_bias_not_calibrated;catalogue_specificity_not_background_verified;genome_size_treated_as_fixed	20	iid_low_indel	0.02	factorial	61	20.0	NA	NA	-0.27039846341404267
6302	condition_008	f007	76.53565295482834	0.043566251681227935	50.838940664177024	115.22085426436662	22.877645031957105	29,28,28,28	experimental_log_linear_extrapolation	approximate_95pct_joint_read_log_normal	experimental_joint_read_delta_method;k_values_are_correlated_not_replicates;requires_independent_reads;model_bias_not_calibrated;catalogue_specificity_not_background_verified;genome_size_treated_as_fixed	20	iid_low_indel	0.0	factorial	61	80.0	True	0.8047739200023699	-0.0433043380646458
6302	condition_008	f008	85.41185190762508	0.0405365299296173	57.56253281446652	126.73494527774956	24.36836599380581	51,29,29,29	experimental_log_linear_extrapolation	approximate_95pct_joint_read_log_normal	experimental_joint_read_delta_method;k_values_are_correlated_not_replicates;requires_independent_reads;model_bias_not_calibrated;catalogue_specificity_not_background_verified;genome_size_treated_as_fixed	20	iid_low_indel	0.02	factorial	61	80.0	True	0.864655155791038	0.06764814884531348
6302	condition_008	f009	82.96378823363379	0.04289043332067364	55.284665566011064	124.50089165967363	23.233440964635687	29,29,29,29	experimental_log_linear_extrapolation	approximate_95pct_joint_read_log_normal	experimental_joint_read_delta_method;k_values_are_correlated_not_replicates;requires_independent_reads;model_bias_not_calibrated;catalogue_specificity_not_background_verified;genome_size_treated_as_fixed	20	iid_low_indel	0.0	factorial	61	80.0	True	0.8652028261707819	0.037047352920422404
6302	condition_008	f010	95.66941129168349	0.03668981324892165	65.72475518029988	139.25706123650463	27.23183774483911	64,30,30,30	experimental_log_linear_extrapolation	approximate_95pct_joint_read_log_normal	experimental_joint_read_delta_method;k_values_are_correlated_not_replicates;requires_independent_reads;model_bias_not_calibrated;catalogue_specificity_not_background_verified;genome_size_treated_as_fixed	20	iid_low_indel	0.02	factorial	61	80.0	True	0.9191538257025593	0.1958676411460436
6302	condition_008	f011	86.5178253472988	0.041539498733193715	58.025669000687955	129.00039295948403	23.987048494594916	28,28,28,28	experimental_log_linear_extrapolation	approximate_95pct_joint_read_log_normal	experimental_joint_read_delta_method;k_values_are_correlated_not_replicates;requires_independent_reads;model_bias_not_calibrated;catalogue_specificity_not_background_verified;genome_size_treated_as_fixed	20	iid_low_indel	0.0	factorial	61	80.0	True	0.887184049484951	0.08147281684123495
6302	condition_008	f012	68.34150320074083	NA	NA	NA	18.657720481038346	22,21,21,21	experimental_log_linear_extrapolation	insufficient_effective_reads	experimental_joint_read_delta_method;k_values_are_correlated_not_replicates;requires_independent_reads;model_bias_not_calibrated;catalogue_specificity_not_background_verified;genome_size_treated_as_fixed	20	iid_low_indel	0.02	factorial	61	80.0	NA	NA	-0.1457312099907396
6302	condition_008	f013	195.21528149717415	0.03344953795121232	136.40670939713002	279.37779819225483	29.73214613724496	60,40,40,40	experimental_log_linear_extrapolation	approximate_95pct_joint_read_log_normal	experimental_joint_read_delta_method;k_values_are_correlated_not_replicates;requires_independent_reads;model_bias_not_calibrated;catalogue_specificity_not_background_verified;genome_size_treated_as_fixed	20	iid_low_indel	0.0	factorial	61	200.0	True	0.7148554439756241	-0.023923592514129267
6302	condition_008	f014	242.84687232420544	0.02669618433030142	176.30108093561378	334.51073064711846	37.529704506351216	49,46,46,46	experimental_log_linear_extrapolation	approximate_95pct_joint_read_log_normal	experimental_joint_read_delta_method;k_values_are_correlated_not_replicates;requires_independent_reads;model_bias_not_calibrated;catalogue_specificity_not_background_verified;genome_size_treated_as_fixed	20	iid_low_indel	0.02	factorial	61	200.0	True	0.7910482485575234	0.2142343616210272
6302	condition_008	f015	189.13942739472893	0.03584159074656069	130.50695417686308	274.1135383998417	27.792634374953867	37,37,37,37	experimental_log_linear_extrapolation	approximate_95pct_joint_read_log_normal	experimental_joint_read_delta_method;k_values_are_correlated_not_replicates;requires_independent_reads;model_bias_not_calibrated;catalogue_specificity_not_background_verified;genome_size_treated_as_fixed	20	iid_low_indel	0.0	factorial	61	200.0	True	0.718032921114893	-0.05430286302635537
6302	condition_008	f016	216.38463966383958	0.036188054876853906	149.03937210335044	314.1606920484142	27.566687795623686	36,36,36,36	experimental_log_linear_extrapolation	approximate_95pct_joint_read_log_normal	experimental_joint_read_delta_method;k_values_are_correlated_not_replicates;requires_independent_reads;model_bias_not_calibrated;catalogue_specificity_not_background_verified;genome_size_treated_as_fixed	20	iid_low_indel	0.02	factorial	61	200.0	True	0.8256065997253188	0.08192319831919789
6302	condition_008	f017	244.36086058430973	0.030347201074520044	173.67948521275846	343.8070426818492	32.808992404699055	58,40,40,40	experimental_log_linear_extrapolation	approximate_95pct_joint_read_log_normal	experimental_joint_read_delta_method;k_values_are_correlated_not_replicates;requires_independent_reads;model_bias_not_calibrated;catalogue_specificity_not_background_verified;genome_size_treated_as_fixed	20	iid_low_indel	0.0	factorial	61	200.0	True	0.8506377873454538	0.22180430292154868
6302	condition_008	f018	183.37449576393018	0.03582143133184083	126.54233467639114	265.7308779916896	27.91068919663855	35,35,35,35	experimental_log_linear_extrapolation	approximate_95pct_joint_read_log_normal	experimental_joint_read_delta_method;k_values_are_correlated_not_replicates;requires_independent_reads;model_bias_not_calibrated;catalogue_specificity_not_background_verified;genome_size_treated_as_fixed	20	iid_low_indel	0.02	factorial	61	200.0	True	0.6959427165764924	-0.08312752118034908
6302	condition_008	f019	11.166608229073232	NA	NA	NA	11.748875019926425	63,13,13,13	experimental_log_linear_extrapolation	insufficient_effective_reads	experimental_joint_read_delta_method;k_values_are_correlated_not_replicates;requires_independent_reads;model_bias_not_calibrated;catalogue_specificity_not_background_verified;genome_size_treated_as_fixed	20	iid_low_indel	0.0	factorial	171	20.0	NA	NA	-0.4416695885463384
6302	condition_008	f020	17.766629286645642	NA	NA	NA	17.912334966765187	155,18,18,18	experimental_log_linear_extrapolation	insufficient_effective_reads	experimental_joint_read_delta_method;k_values_are_correlated_not_replicates;requires_independent_reads;model_bias_not_calibrated;catalogue_specificity_not_background_verified;genome_size_treated_as_fixed	20	iid_low_indel	0.02	factorial	171	20.0	NA	NA	-0.11166853566771788
6302	condition_008	f021	20.90205249947616	0.044876120103529614	13.799728145537928	31.659739531327332	22.077391863331414	47,24,24,24	experimental_log_linear_extrapolation	approximate_95pct_joint_read_log_normal	experimental_joint_read_delta_method;k_values_are_correlated_not_replicates;requires_independent_reads;model_bias_not_calibrated;catalogue_specificity_not_background_verified;genome_size_treated_as_fixed	20	iid_low_indel	0.0	factorial	171	20.0	True	0.8930005692894702	0.04510262497380797
6302	condition_008	f022	24.731218580780858	0.03954581856399004	16.74844403148301	36.51880564789412	25.20457310163799	30,28,28,28	experimental_log_linear_extrapolation	approximate_95pct_joint_read_log_normal	experimental_joint_read_delta_method;k_values_are_correlated_not_replicates;requires_independent_reads;model_bias_not_calibrated;catalogue_specificity_not_background_verified;genome_size_treated_as_fixed	20	iid_low_indel	0.02	factorial	171	20.0	True	0.9885180808205554	0.2365609290390429
6302	condition_008	f023	20.76090276688265	0.04495226280712415	13.701714691591452	31.457017854886704	22.205987769084704	27,26,26,26	experimental_log_linear_extrapolation	approximate_95pct_joint_read_log_normal	experimental_joint_read_delta_method;k_values_are_correlated_not_replicates;requires_independent_reads;model_bias_not_calibrated;catalogue_specificity_not_background_verified;genome_size_treated_as_fixed	20	iid_low_indel	0.0	factorial	171	20.0	True	0.8877651581647626	0.03804513834413257
6302	condition_008	f024	25.088927314306098	0.03651131415373003	17.25182580195338	36.48624099318596	27.312574023880043	59,31,31,31	experimental_log_linear_extrapolation	approximate_95pct_joint_read_log_normal	experimental_joint_read_delta_method;k_values_are_correlated_not_replicates;requires_independent_reads;model_bias_not_calibrated;catalogue_specificity_not_background_verified;genome_size_treated_as_fixed	20	iid_low_indel	0.02	factorial	171	20.0	True	0.961720759561629	0.2544463657153049
6302	condition_008	f025	91.79275007860906	0.029554834186926122	65.53509031691385	128.57095223716132	33.73591685578199	124,44,44,44	experimental_log_linear_extrapolation	approximate_95pct_joint_read_log_normal	experimental_joint_read_delta_method;k_values_are_correlated_not_replicates;requires_independent_reads;model_bias_not_calibrated;catalogue_specificity_not_background_verified;genome_size_treated_as_fixed	20	iid_low_indel	0.0	factorial	171	80.0	True	0.7879482740030934	0.14740937598261325
6302	condition_008	f026	84.62083044102415	0.032515201300083084	59.42769139063364	120.49407905583139	30.854962968536025	81,43,43,43	experimental_log_linear_extrapolation	approximate_95pct_joint_read_log_normal	experimental_joint_read_delta_method;k_values_are_correlated_not_replicates;requires_independent_reads;model_bias_not_calibrated;catalogue_specificity_not_background_verified;genome_size_treated_as_fixed	20	iid_low_indel	0.02	factorial	171	80.0	True	0.7633298458149719	0.057760380512801926
6302	condition_008	f027	55.937284586989705	0.04951200616794005	36.16579587024294	86.51765381279463	20.189950741377146	63,32,32,32	experimental_log_linear_extrapolation	approximate_95pct_joint_read_log_normal	experimental_joint_read_delta_method;k_values_are_correlated_not_replicates;requires_independent_reads;model_bias_not_calibrated;catalogue_specificity_not_background_verified;genome_size_treated_as_fixed	20	iid_low_indel	0.0	factorial	171	80.0	True	0.6293982242818962	-0.3007839426626287
6302	condition_008	f028	87.39548706182954	0.02934792451943644	62.469447120256305	122.2673084343295	33.99918479931105	70,47,47,47	experimental_log_linear_extrapolation	approximate_95pct_joint_read_log_normal	experimental_joint_read_delta_method;k_values_are_correlated_not_replicates;requires_independent_reads;model_bias_not_calibrated;catalogue_specificity_not_background_verified;genome_size_treated_as_fixed	20	iid_low_indel	0.02	factorial	171	80.0	True	0.7474732664259148	0.09244358827286928
6302	condition_008	f029	65.42179352813824	0.03786312350785828	44.67780501439822	95.79725474559547	26.306704941402533	40,40,40,40	experimental_log_linear_extrapolation	approximate_95pct_joint_read_log_normal	experimental_joint_read_delta_method;k_values_are_correlated_not_replicates;requires_independent_reads;model_bias_not_calibrated;catalogue_specificity_not_background_verified;genome_size_treated_as_fixed	20	iid_low_indel	0.0	factorial	171	80.0	True	0.6389931216399656	-0.182227580898272
6302	condition_008	f030	81.35653247027663	0.03360161903909638	56.801636835279794	116.52631410572579	29.844778676219715	40,38,38,38	experimental_log_linear_extrapolation	approximate_95pct_joint_read_log_normal	experimental_joint_read_delta_method;k_values_are_correlated_not_replicates;requires_independent_reads;model_bias_not_calibrated;catalogue_specificity_not_background_verified;genome_size_treated_as_fixed	20	iid_low_indel	0.02	factorial	171	80.0	True	0.746558465880575	0.016956655878457915
6302	condition_008	f031	184.10822432573192	0.017962336597687752	141.57678911074905	239.41663373830912	55.3908875634266	126,68,68,68	experimental_log_linear_extrapolation	approximate_95pct_joint_read_log_normal	experimental_joint_read_delta_method;k_values_are_correlated_not_replicates;requires_independent_reads;model_bias_not_calibrated;catalogue_specificity_not_background_verified;genome_size_treated_as_fixed	20	iid_low_indel	0.0	factorial	171	200.0	True	0.48919922313780034	-0.07945887837134037
6302	condition_008	f032	202.8894452053908	0.017787346912877845	156.21954726698712	263.5017684784331	55.51013745383359	116,67,67,67	experimental_log_linear_extrapolation	approximate_95pct_joint_read_log_normal	experimental_joint_read_delta_method;k_values_are_correlated_not_replicates;requires_independent_reads;model_bias_not_calibrated;catalogue_specificity_not_background_verified;genome_size_treated_as_fixed	20	iid_low_indel	0.02	factorial	171	200.0	True	0.53641110605723	0.01444722602695407
6302	condition_008	f033	206.75662239118665	0.01730572908691438	159.76542875800237	267.569155823835	57.47229248524423	107,66,66,66	experimental_log_linear_extrapolation	approximate_95pct_joint_read_log_normal	experimental_joint_read_delta_method;k_values_are_correlated_not_replicates;requires_independent_reads;model_bias_not_calibrated;catalogue_specificity_not_background_verified;genome_size_treated_as_fixed	20	iid_low_indel	0.0	factorial	171	200.0	True	0.539018635329163	0.03378311195593327
6302	condition_008	f034	215.0821829995026	0.0165517362212166	167.14536365986464	276.76714705631815	58.89330920572192	94,73,73,73	experimental_log_linear_extrapolation	approximate_95pct_joint_read_log_normal	experimental_joint_read_delta_method;k_values_are_correlated_not_replicates;requires_independent_reads;model_bias_not_calibrated;catalogue_specificity_not_background_verified;genome_size_treated_as_fixed	20	iid_low_indel	0.02	factorial	171	200.0	True	0.5481089169822675	0.07541091499751303
6302	condition_008	f035	224.67806671442125	0.01537349178671015	176.20583916112432	286.48445422044335	64.68188329936898	103,80,80,80	experimental_log_linear_extrapolation	approximate_95pct_joint_read_log_normal	experimental_joint_read_delta_method;k_values_are_correlated_not_replicates;requires_independent_reads;model_bias_not_calibrated;catalogue_specificity_not_background_verified;genome_size_treated_as_fixed	20	iid_low_indel	0.0	factorial	171	200.0	True	0.5513930752965952	0.12339033357210624
6302	condition_008	f036	142.86123136437152	0.025021116599016267	104.77816290097854	194.78611632304043	39.26719636280062	91,48,48,48	experimental_log_linear_extrapolation	approximate_95pct_joint_read_log_normal	experimental_joint_read_delta_method;k_values_are_correlated_not_replicates;requires_independent_reads;model_bias_not_calibrated;catalogue_specificity_not_background_verified;genome_size_treated_as_fixed	20	iid_low_indel	0.02	factorial	171	200.0	False	0.45003976711030946	-0.2856938431781424
6302	condition_008	f037	23.889971805929317	0.032590982826512065	16.770594332448212	34.03163546707656	30.271564181571286	323,38,38,38	experimental_log_linear_extrapolation	approximate_95pct_joint_read_log_normal	experimental_joint_read_delta_method;k_values_are_correlated_not_replicates;requires_independent_reads;model_bias_not_calibrated;catalogue_specificity_not_background_verified;genome_size_treated_as_fixed	20	iid_low_indel	0.0	factorial	421	20.0	True	0.8630520567314175	0.19449859029646585
6302	condition_008	f038	17.679707739023105	0.04511770814923226	11.659286190370963	26.808850956537704	22.27994566527694	142,28,28,28	experimental_log_linear_extrapolation	approximate_95pct_joint_read_log_normal	experimental_joint_read_delta_method;k_values_are_correlated_not_replicates;requires_independent_reads;model_bias_not_calibrated;catalogue_specificity_not_background_verified;genome_size_treated_as_fixed	20	iid_low_indel	0.02	factorial	421	20.0	True	0.757478238308337	-0.11601461304884478
6302	condition_008	f039	19.234086056257507	0.04091241757583765	12.938995621056426	28.591868894172656	24.264851768899643	190,32,32,32	experimental_log_linear_extrapolation	approximate_95pct_joint_read_log_normal	experimental_joint_read_delta_method;k_values_are_correlated_not_replicates;requires_independent_reads;model_bias_not_calibrated;catalogue_specificity_not_background_verified;genome_size_treated_as_fixed	20	iid_low_indel	0.0	factorial	421	20.0	True	0.7826436636558115	-0.038295697187124667
6302	condition_008	f040	18.92784736505191	0.04127600356807453	12.710624597224726	28.186136970241943	24.04115378541272	116,34,34,34	experimental_log_linear_extrapolation	approximate_95pct_joint_read_log_normal	experimental_joint_read_delta_method;k_values_are_correlated_not_replicates;requires_independent_reads;model_bias_not_calibrated;catalogue_specificity_not_background_verified;genome_size_treated_as_fixed	20	iid_low_indel	0.02	factorial	421	20.0	True	0.7737756186508609	-0.05360763174740448
6302	condition_008	f041	10.913956128229652	NA	NA	NA	16.254805759632394	40,23,23,23	experimental_log_linear_extrapolation	insufficient_effective_reads	experimental_joint_read_delta_method;k_values_are_correlated_not_replicates;requires_independent_reads;model_bias_not_calibrated;catalogue_specificity_not_background_verified;genome_size_treated_as_fixed	20	iid_low_indel	0.0	factorial	421	20.0	NA	NA	-0.4543021935885174
6302	condition_008	f042	23.2515213584784	0.03512526791799823	16.103542571708306	33.57231758641697	28.21745893736983	64,32,32,32	experimental_log_linear_extrapolation	approximate_95pct_joint_read_log_normal	experimental_joint_read_delta_method;k_values_are_correlated_not_replicates;requires_independent_reads;model_bias_not_calibrated;catalogue_specificity_not_background_verified;genome_size_treated_as_fixed	20	iid_low_indel	0.02	factorial	421	20.0	True	0.8734387507354333	0.16257606792391996
6302	condition_008	f043	78.98143672843213	0.017980329816998795	60.727691812889695	102.72195700945896	55.32067266336218	217,68,68,68	experimental_log_linear_extrapolation	approximate_95pct_joint_read_log_normal	experimental_joint_read_delta_method;k_values_are_correlated_not_replicates;requires_independent_reads;model_bias_not_calibrated;catalogue_specificity_not_background_verified;genome_size_treated_as_fixed	20	iid_low_indel	0.0	factorial	421	80.0	True	0.5249283149571158	-0.012732040894598385
6302	condition_008	f044	94.17694194833648	0.015883949145453997	73.56417055821544	120.56543732416	61.563756042575655	228,79,79,79	experimental_log_linear_extrapolation	approximate_95pct_joint_read_log_normal	experimental_joint_read_delta_method;k_values_are_correlated_not_replicates;requires_independent_reads;model_bias_not_calibrated;catalogue_specificity_not_background_verified;genome_size_treated_as_fixed	20	iid_low_indel	0.02	factorial	421	80.0	True	0.587515834574307	0.17721177435420596
6302	condition_008	f045	71.20156114739679	0.020832741624887432	53.657557631075626	94.48179405934053	47.79142336944264	179,61,61,61	experimental_log_linear_extrapolation	approximate_95pct_joint_read_log_normal	experimental_joint_read_delta_method;k_values_are_correlated_not_replicates;requires_independent_reads;model_bias_not_calibrated;catalogue_specificity_not_background_verified;genome_size_treated_as_fixed	20	iid_low_indel	0.0	factorial	421	80.0	True	0.5103029553533113	-0.10998048565754015
6302	condition_008	f046	85.85030670829552	0.017635126492318808	66.17661865918247	111.37279769258404	56.52454051518211	128,69,69,68	experimental_log_linear_extrapolation	approximate_95pct_joint_read_log_normal	experimental_joint_read_delta_method;k_values_are_correlated_not_replicates;requires_independent_reads;model_bias_not_calibrated;catalogue_specificity_not_background_verified;genome_size_treated_as_fixed	20	iid_low_indel	0.02	factorial	421	80.0	True	0.5649522379175197	0.073128833853694
6302	condition_008	f047	41.24902278322425	0.03496040892100328	28.59292135131644	59.50710176358442	28.436686081936788	196,37,37,37	experimental_log_linear_extrapolation	approximate_95pct_joint_read_log_normal	experimental_joint_read_delta_method;k_values_are_correlated_not_replicates;requires_independent_reads;model_bias_not_calibrated;catalogue_specificity_not_background_verified;genome_size_treated_as_fixed	20	iid_low_indel	0.0	factorial	421	80.0	False	0.38642725515334975	-0.4843872152096969
6302	condition_008	f048	86.3088898779224	0.015920611745147955	67.39901554186316	110.52423261779605	61.32829695473307	143,80,80,80	experimental_log_linear_extrapolation	approximate_95pct_joint_read_log_normal	experimental_joint_read_delta_method;k_values_are_correlated_not_replicates;requires_independent_reads;model_bias_not_calibrated;catalogue_specificity_not_background_verified;genome_size_treated_as_fixed	20	iid_low_indel	0.02	factorial	421	80.0	True	0.539065213449161	0.07886112347402996
6302	condition_008	f049	200.4141980213334	0.008171878534912457	167.87313111109745	239.26312985699124	121.01194808553204	267,139,139,139	experimental_log_linear_extrapolation	approximate_95pct_joint_read_log_normal	experimental_joint_read_delta_method;k_values_are_correlated_not_replicates;requires_independent_reads;model_bias_not_calibrated;catalogue_specificity_not_background_verified;genome_size_treated_as_fixed	20	iid_low_indel	0.0	factorial	421	200.0	True	0.35694999372946895	0.0020709901066669543
6302	condition_008	f050	208.3592364458063	0.0077011747678950564	175.4342672923163	247.4634635657685	128.04204063440028	358,143,143,143	experimental_log_linear_extrapolation	approximate_95pct_joint_read_log_normal	experimental_joint_read_delta_method;k_values_are_correlated_not_replicates;requires_independent_reads;model_bias_not_calibrated;catalogue_specificity_not_background_verified;genome_size_treated_as_fixed	20	iid_low_indel	0.02	factorial	421	200.0	True	0.36014598136726106	0.04179618222903145
6302	condition_008	f051	221.25273387852903	0.007034514820553115	187.71399711410402	260.7838147464662	140.7516766812302	241,159,158,158	experimental_log_linear_extrapolation	approximate_95pct_joint_read_log_normal	experimental_joint_read_delta_method;k_values_are_correlated_not_replicates;requires_independent_reads;model_bias_not_calibrated;catalogue_specificity_not_background_verified;genome_size_treated_as_fixed	20	iid_low_indel	0.0	factorial	421	200.0	True	0.3653490881618109	0.10626366939264514
6302	condition_008	f052	187.0654697218264	0.008624793214713539	155.9346901613502	224.41119372500597	114.44548066050314	215,132,132,132	experimental_log_linear_extrapolation	approximate_95pct_joint_read_log_normal	experimental_joint_read_delta_method;k_values_are_correlated_not_replicates;requires_independent_reads;model_bias_not_calibrated;catalogue_specificity_not_background_verified;genome_size_treated_as_fixed	20	iid_low_indel	0.02	factorial	421	200.0	True	0.34238251781827883	-0.06467265139086806
6302	condition_008	f053	199.34016636661607	0.007981001319690652	167.32140094513545	237.48606993853545	124.00396451707306	161,140,140,140	experimental_log_linear_extrapolation	approximate_95pct_joint_read_log_normal	experimental_joint_read_delta_method;k_values_are_correlated_not_replicates;requires_independent_reads;model_bias_not_calibrated;catalogue_specificity_not_background_verified;genome_size_treated_as_fixed	20	iid_low_indel	0.0	factorial	421	200.0	True	0.350823344967	-0.003299168166919628
6302	condition_008	f054	217.41489267392848	0.007196554500247938	184.11099593324778	256.7431419118172	136.61387539102364	225,153,153,153	experimental_log_linear_extrapolation	approximate_95pct_joint_read_log_normal	experimental_joint_read_delta_method;k_values_are_correlated_not_replicates;requires_independent_reads;model_bias_not_calibrated;catalogue_specificity_not_background_verified;genome_size_treated_as_fixed	20	iid_low_indel	0.02	factorial	421	200.0	True	0.36316072989284703	0.08707446336964239
6302	condition_008	megabase_171	5897.099319402514	0.000636148913283766	5612.669157433743	6195.943392964566	1410.9262942146756	1530,1474,1474,1474	experimental_log_linear_extrapolation	approximate_95pct_joint_read_log_normal	experimental_joint_read_delta_method;k_values_are_correlated_not_replicates;requires_independent_reads;model_bias_not_calibrated;catalogue_specificity_not_background_verified;genome_size_treated_as_fixed	20	iid_low_indel	0.01	megabase	171	6000.0	True	0.09721237258847047	-0.01715011343291432
6302	condition_009	f001	18.71769633733899	NA	NA	NA	19.112619796763717	24,21,21,21	experimental_log_linear_extrapolation	insufficient_effective_reads	experimental_joint_read_delta_method;k_values_are_correlated_not_replicates;requires_independent_reads;model_bias_not_calibrated;catalogue_specificity_not_background_verified;genome_size_treated_as_fixed	20	iid_high_indel	0.0	factorial	61	20.0	NA	NA	-0.06411518313305056
6302	condition_009	f002	15.464747324000335	NA	NA	NA	14.857982385492715	38,17,17,16	experimental_log_linear_extrapolation	insufficient_effective_reads	experimental_joint_read_delta_method;k_values_are_correlated_not_replicates;requires_independent_reads;model_bias_not_calibrated;catalogue_specificity_not_background_verified;genome_size_treated_as_fixed	20	iid_high_indel	0.02	factorial	61	20.0	NA	NA	-0.22676263379998324
6302	condition_009	f003	11.55455189667787	NA	NA	NA	12.234901566335699	34,13,13,13	experimental_log_linear_extrapolation	insufficient_effective_reads	experimental_joint_read_delta_method;k_values_are_correlated_not_replicates;requires_independent_reads;model_bias_not_calibrated;catalogue_specificity_not_background_verified;genome_size_treated_as_fixed	20	iid_high_indel	0.0	factorial	61	20.0	NA	NA	-0.42227240516610653
6302	condition_009	f004	18.984977999358694	NA	NA	NA	19.169659603147217	41,20,20,20	experimental_log_linear_extrapolation	insufficient_effective_reads	experimental_joint_read_delta_method;k_values_are_correlated_not_replicates;requires_independent_reads;model_bias_not_calibrated;catalogue_specificity_not_background_verified;genome_size_treated_as_fixed	20	iid_high_indel	0.02	factorial	61	20.0	NA	NA	-0.05075110003206529
6302	condition_009	f005	23.640351960365248	0.04131073874694297	15.87255553897337	35.20959428604351	23.7706187887853	28,25,25,25	experimental_log_linear_extrapolation	approximate_95pct_joint_read_log_normal	experimental_joint_read_delta_method;k_values_are_correlated_not_replicates;requires_independent_reads;model_bias_not_calibrated;catalogue_specificity_not_background_verified;genome_size_treated_as_fixed	20	iid_high_indel	0.0	factorial	61	20.0	True	0.9668519373535072	0.1820175980182624
6302	condition_009	f006	14.637652629661863	NA	NA	NA	14.743681079776506	19,18,18,18	experimental_log_linear_extrapolation	insufficient_effective_reads	experimental_joint_read_delta_method;k_values_are_correlated_not_replicates;requires_independent_reads;model_bias_not_calibrated;catalogue_specificity_not_background_verified;genome_size_treated_as_fixed	20	iid_high_indel	0.02	factorial	61	20.0	NA	NA	-0.2681173685169068
6302	condition_009	f007	77.04942093041939	0.04355208440999562	51.18361665321357	115.98659207565433	22.89428107494567	38,28,28,28	experimental_log_linear_extrapolation	approximate_95pct_joint_read_log_normal	experimental_joint_read_delta_method;k_values_are_correlated_not_replicates;requires_independent_reads;model_bias_not_calibrated;catalogue_specificity_not_background_verified;genome_size_treated_as_fixed	20	iid_high_indel	0.0	factorial	61	80.0	True	0.8100371927805096	-0.03688223836975766
6302	condition_009	f008	87.11290810435007	0.040820210079599295	58.62807708424521	129.43727878866756	24.460428232553497	51,29,29,29	experimental_log_linear_extrapolation	approximate_95pct_joint_read_log_normal	experimental_joint_read_delta_method;k_values_are_correlated_not_replicates;requires_independent_reads;model_bias_not_calibrated;catalogue_specificity_not_background_verified;genome_size_treated_as_fixed	20	iid_high_indel	0.02	factorial	61	80.0	True	0.8851150213052794	0.08891135130437586
6302	condition_009	f009	83.47238165371618	0.04294025117456388	55.61047045184278	125.29364420639904	23.032626489756257	31,29,29,29	experimental_log_linear_extrapolation	approximate_95pct_joint_read_log_normal	experimental_joint_read_delta_method;k_values_are_correlated_not_replicates;requires_independent_reads;model_bias_not_calibrated;catalogue_specificity_not_background_verified;genome_size_treated_as_fixed	20	iid_high_indel	0.0	factorial	61	80.0	True	0.8710396719319533	0.0434047706714523
6302	condition_009	f010	96.78218120491483	0.03660372191144567	66.51853598379253	140.81474374395765	26.741728677986366	63,30,30,30	experimental_log_linear_extrapolation	approximate_95pct_joint_read_log_normal	experimental_joint_read_delta_method;k_values_are_correlated_not_replicates;requires_independent_reads;model_bias_not_calibrated;catalogue_specificity_not_background_verified;genome_size_treated_as_fixed	20	iid_high_indel	0.02	factorial	61	80.0	True	0.9287025970020639	0.20977726506143543
6302	condition_009	f011	87.61147904886303	0.04148593576112359	58.77429924896557	130.59741007910802	23.627359942284595	29,28,28,28	experimental_log_linear_extrapolation	approximate_95pct_joint_read_log_normal	experimental_joint_read_delta_method;k_values_are_correlated_not_replicates;requires_independent_reads;model_bias_not_calibrated;catalogue_specificity_not_background_verified;genome_size_treated_as_fixed	20	iid_high_indel	0.0	factorial	61	80.0	True	0.8977888853767805	0.0951434881107879
6302	condition_009	f012	68.43959596779648	NA	NA	NA	18.527776781918725	22,21,21,21	experimental_log_linear_extrapolation	insufficient_effective_reads	experimental_joint_read_delta_method;k_values_are_correlated_not_replicates;requires_independent_reads;model_bias_not_calibrated;catalogue_specificity_not_background_verified;genome_size_treated_as_fixed	20	iid_high_indel	0.02	factorial	61	80.0	NA	NA	-0.14450505040254402
6302	condition_009	f013	197.43783791585412	0.03349165453408734	137.92860081975778	282.6223104505175	29.61394794156701	62,40,40,40	experimental_log_linear_extrapolation	approximate_95pct_joint_read_log_normal	experimental_joint_read_delta_method;k_values_are_correlated_not_replicates;requires_independent_reads;model_bias_not_calibrated;catalogue_specificity_not_background_verified;genome_size_treated_as_fixed	20	iid_high_indel	0.0	factorial	61	200.0	True	0.7234685481537986	-0.01281081042072941
6302	condition_009	f014	245.37182794723464	0.02666192560379336	178.17075705858812	337.9192800441952	37.452701078523845	66,46,46,46	experimental_log_linear_extrapolation	approximate_95pct_joint_read_log_normal	experimental_joint_read_delta_method;k_values_are_correlated_not_replicates;requires_independent_reads;model_bias_not_calibrated;catalogue_specificity_not_background_verified;genome_size_treated_as_fixed	20	iid_high_indel	0.02	factorial	61	200.0	True	0.7987426149280354	0.22685913973617317
6302	condition_009	f015	190.6754353157187	0.03576153163973473	131.62137074416827	276.225064571816	27.745208281478867	39,37,37,37	experimental_log_linear_extrapolation	approximate_95pct_joint_read_log_normal	experimental_joint_read_delta_method;k_values_are_correlated_not_replicates;requires_independent_reads;model_bias_not_calibrated;catalogue_specificity_not_background_verified;genome_size_treated_as_fixed	20	iid_high_indel	0.0	factorial	61	200.0	True	0.7230184691382386	-0.04662282342140656
6302	condition_009	f016	217.35586830380558	0.036022427491887124	149.8362630141613	315.30133317350686	27.302363847254107	43,36,36,36	experimental_log_linear_extrapolation	approximate_95pct_joint_read_log_normal	experimental_joint_read_delta_method;k_values_are_correlated_not_replicates;requires_independent_reads;model_bias_not_calibrated;catalogue_specificity_not_background_verified;genome_size_treated_as_fixed	20	iid_high_indel	0.02	factorial	61	200.0	True	0.8273253507967279	0.0867793415190279
6302	condition_009	f017	246.92273363091007	0.030285295784737456	175.56149571834482	347.2904815163886	32.32929048229775	60,40,40,40	experimental_log_linear_extrapolation	approximate_95pct_joint_read_log_normal	experimental_joint_read_delta_method;k_values_are_correlated_not_replicates;requires_independent_reads;model_bias_not_calibrated;catalogue_specificity_not_background_verified;genome_size_treated_as_fixed	20	iid_high_indel	0.0	factorial	61	200.0	True	0.8586449289902188	0.23461366815455037
6302	condition_009	f018	185.34867555235928	0.03574746453925829	127.95368918698823	268.4887926819328	27.160121605728985	38,35,35,35	experimental_log_linear_extrapolation	approximate_95pct_joint_read_log_normal	experimental_joint_read_delta_method;k_values_are_correlated_not_replicates;requires_independent_reads;model_bias_not_calibrated;catalogue_specificity_not_background_verified;genome_size_treated_as_fixed	20	iid_high_indel	0.02	factorial	61	200.0	True	0.7026755174747228	-0.07325662223820359
6302	condition_009	f019	11.357493728140904	NA	NA	NA	11.719905639794899	58,13,13,13	experimental_log_linear_extrapolation	insufficient_effective_reads	experimental_joint_read_delta_method;k_values_are_correlated_not_replicates;requires_independent_reads;model_bias_not_calibrated;catalogue_specificity_not_background_verified;genome_size_treated_as_fixed	20	iid_high_indel	0.0	factorial	171	20.0	NA	NA	-0.4321253135929548
6302	condition_009	f020	17.98810574848222	NA	NA	NA	17.81951539588655	135,18,18,18	experimental_log_linear_extrapolation	insufficient_effective_reads	experimental_joint_read_delta_method;k_values_are_correlated_not_replicates;requires_independent_reads;model_bias_not_calibrated;catalogue_specificity_not_background_verified;genome_size_treated_as_fixed	20	iid_high_indel	0.02	factorial	171	20.0	NA	NA	-0.10059471257588903
6302	condition_009	f021	21.021068353759542	0.044940730377561064	13.874157531068944	31.849524105798846	22.253202432735577	49,24,24,24	experimental_log_linear_extrapolation	approximate_95pct_joint_read_log_normal	experimental_joint_read_delta_method;k_values_are_correlated_not_replicates;requires_independent_reads;model_bias_not_calibrated;catalogue_specificity_not_background_verified;genome_size_treated_as_fixed	20	iid_high_indel	0.0	factorial	171	20.0	True	0.8987683287364951	0.05105341768797711
6302	condition_009	f022	24.822309347508	0.03967236447181664	16.799661003763276	36.67615919186467	24.911642775454375	44,28,28,28	experimental_log_linear_extrapolation	approximate_95pct_joint_read_log_normal	experimental_joint_read_delta_method;k_values_are_correlated_not_replicates;requires_independent_reads;model_bias_not_calibrated;catalogue_specificity_not_background_verified;genome_size_treated_as_fixed	20	iid_high_indel	0.02	factorial	171	20.0	True	0.9938249094050697	0.2411154673754
6302	condition_009	f023	21.03450674845235	0.04480401186733962	13.891810734057444	31.849733819506124	22.14924178937772	36,26,26,26	experimental_log_linear_extrapolation	approximate_95pct_joint_read_log_normal	experimental_joint_read_delta_method;k_values_are_correlated_not_replicates;requires_independent_reads;model_bias_not_calibrated;catalogue_specificity_not_background_verified;genome_size_treated_as_fixed	20	iid_high_indel	0.0	factorial	171	20.0	True	0.897896154272434	0.051725337422617555
6302	condition_009	f024	25.377735014407417	0.03672962872983981	17.430919242136962	36.94753131003117	27.334671738936947	60,31,31,31	experimental_log_linear_extrapolation	approximate_95pct_joint_read_log_normal	experimental_joint_read_delta_method;k_values_are_correlated_not_replicates;requires_independent_reads;model_bias_not_calibrated;catalogue_specificity_not_background_verified;genome_size_treated_as_fixed	20	iid_high_indel	0.02	factorial	171	20.0	True	0.9758306033947102	0.2688867507203708
6302	condition_009	f025	92.71028160669765	0.029436712332706425	66.23478662381427	129.76861183852344	33.70986559019064	118,44,44,44	experimental_log_linear_extrapolation	approximate_95pct_joint_read_log_normal	experimental_joint_read_delta_method;k_values_are_correlated_not_replicates;requires_independent_reads;model_bias_not_calibrated;catalogue_specificity_not_background_verified;genome_size_treated_as_fixed	20	iid_high_indel	0.0	factorial	171	80.0	True	0.7941728151838646	0.1588785200837206
6302	condition_009	f026	85.02404337360078	0.03234984398998839	59.7646132927987	120.95933619078585	31.011005396447388	92,43,43,43	experimental_log_linear_extrapolation	approximate_95pct_joint_read_log_normal	experimental_joint_read_delta_method;k_values_are_correlated_not_replicates;requires_independent_reads;model_bias_not_calibrated;catalogue_specificity_not_background_verified;genome_size_treated_as_fixed	20	iid_high_indel	0.02	factorial	171	80.0	True	0.7649340362248394	0.0628005421700097
6302	condition_009	f027	56.74594516606988	0.04950209432648332	36.69023047819459	87.76456977299046	20.115416825320224	68,32,32,32	experimental_log_linear_extrapolation	approximate_95pct_joint_read_log_normal	experimental_joint_read_delta_method;k_values_are_correlated_not_replicates;requires_independent_reads;model_bias_not_calibrated;catalogue_specificity_not_background_verified;genome_size_treated_as_fixed	20	iid_high_indel	0.0	factorial	171	80.0	True	0.6384292411849483	-0.2906756854241265
6302	condition_009	f028	88.24535695970822	0.029311609095372268	63.09003491691973	123.43063425469607	33.50273628108241	74,47,47,47	experimental_log_linear_extrapolation	approximate_95pct_joint_read_log_normal	experimental_joint_read_delta_method;k_values_are_correlated_not_replicates;requires_independent_reads;model_bias_not_calibrated;catalogue_specificity_not_background_verified;genome_size_treated_as_fixed	20	iid_high_indel	0.02	factorial	171	80.0	True	0.7542574917222044	0.10306696199635272
6302	condition_009	f029	66.50640202128203	0.03785060854595267	45.421368083369835	97.37931058566728	26.18307032820485	44,40,39,39	experimental_log_linear_extrapolation	approximate_95pct_joint_read_log_normal	experimental_joint_read_delta_method;k_values_are_correlated_not_replicates;requires_independent_reads;model_bias_not_calibrated;catalogue_specificity_not_background_verified;genome_size_treated_as_fixed	20	iid_high_indel	0.0	factorial	171	80.0	True	0.6494742812787181	-0.16866997473397466
6302	condition_009	f030	82.08524480829404	0.033799458971455205	57.24991557131251	117.69427689101984	29.792446953727488	42,38,38,38	experimental_log_linear_extrapolation	approximate_95pct_joint_read_log_normal	experimental_joint_read_delta_method;k_values_are_correlated_not_replicates;requires_independent_reads;model_bias_not_calibrated;catalogue_specificity_not_background_verified;genome_size_treated_as_fixed	20	iid_high_indel	0.02	factorial	171	80.0	True	0.7555545164963415	0.026065560103675445
6302	condition_009	f031	185.75044652062732	0.017963576797522057	142.83834096339046	241.5543904381781	54.92571126597238	135,68,68,68	experimental_log_linear_extrapolation	approximate_95pct_joint_read_log_normal	experimental_joint_read_delta_method;k_values_are_correlated_not_replicates;requires_independent_reads;model_bias_not_calibrated;catalogue_specificity_not_background_verified;genome_size_treated_as_fixed	20	iid_high_indel	0.0	factorial	171	200.0	True	0.4935802473739382	-0.07124776739686339
6302	condition_009	f032	205.1156371145412	0.017767661296038788	157.9565093205963	266.3544843442437	55.04016926893574	128,67,67,67	experimental_log_linear_extrapolation	approximate_95pct_joint_read_log_normal	experimental_joint_read_delta_method;k_values_are_correlated_not_replicates;requires_independent_reads;model_bias_not_calibrated;catalogue_specificity_not_background_verified;genome_size_treated_as_fixed	20	iid_high_indel	0.02	factorial	171	200.0	True	0.541989875118237	0.025578185572705935
6302	condition_009	f033	208.61743289312867	0.017301460892569114	161.20844427001305	269.9686949030037	57.18109701797705	108,66,66,66	experimental_log_linear_extrapolation	approximate_95pct_joint_read_log_normal	experimental_joint_read_delta_method;k_values_are_correlated_not_replicates;requires_independent_reads;model_bias_not_calibrated;catalogue_specificity_not_background_verified;genome_size_treated_as_fixed	20	iid_high_indel	0.0	factorial	171	200.0	True	0.5438012531649534	0.04308716446564333
6302	condition_009	f034	217.70068507784543	0.016553126968728207	169.17847030278077	280.1395957685535	58.89841979028646	96,73,73,73	experimental_log_linear_extrapolation	approximate_95pct_joint_read_log_normal	experimental_joint_read_delta_method;k_values_are_correlated_not_replicates;requires_independent_reads;model_bias_not_calibrated;catalogue_specificity_not_background_verified;genome_size_treated_as_fixed	20	iid_high_indel	0.02	factorial	171	200.0	True	0.5548056273288635	0.08850342538922717
6302	condition_009	f035	227.2573886324746	0.01536310036788795	178.24333724806155	289.74951594502454	64.32286487599438	104,80,80,80	experimental_log_linear_extrapolation	approximate_95pct_joint_read_log_normal	experimental_joint_read_delta_method;k_values_are_correlated_not_replicates;requires_independent_reads;model_bias_not_calibrated;catalogue_specificity_not_background_verified;genome_size_treated_as_fixed	20	iid_high_indel	0.0	factorial	171	200.0	True	0.557530893484815	0.136286943162373
6302	condition_009	f036	144.70031792880525	0.025055608201064564	106.10432935007104	197.33579333615856	39.2531635299637	84,48,48,48	experimental_log_linear_extrapolation	approximate_95pct_joint_read_log_normal	experimental_joint_read_delta_method;k_values_are_correlated_not_replicates;requires_independent_reads;model_bias_not_calibrated;catalogue_specificity_not_background_verified;genome_size_treated_as_fixed	20	iid_high_indel	0.02	factorial	171	200.0	False	0.4561573199304376	-0.2764984103559738
6302	condition_009	f037	24.210182438553517	0.03241279318841434	17.011849756337522	34.45439162132793	30.078127579365745	306,38,38,38	experimental_log_linear_extrapolation	approximate_95pct_joint_read_log_normal	experimental_joint_read_delta_method;k_values_are_correlated_not_replicates;requires_independent_reads;model_bias_not_calibrated;catalogue_specificity_not_background_verified;genome_size_treated_as_fixed	20	iid_high_indel	0.0	factorial	421	20.0	True	0.8721270932495203	0.21050912192767585
6302	condition_009	f038	17.841939426835932	0.04506780926202145	11.76898341958767	27.0486235863892	22.222278018024394	174,28,28,28	experimental_log_linear_extrapolation	approximate_95pct_joint_read_log_normal	experimental_joint_read_delta_method;k_values_are_correlated_not_replicates;requires_independent_reads;model_bias_not_calibrated;catalogue_specificity_not_background_verified;genome_size_treated_as_fixed	20	iid_high_indel	0.02	factorial	421	20.0	True	0.7639820083400766	-0.1079030286582034
6302	condition_009	f039	19.540065964612726	0.04090364900488442	13.145390378605248	29.045480347456053	24.198061864167503	167,32,32,32	experimental_log_linear_extrapolation	approximate_95pct_joint_read_log_normal	experimental_joint_read_delta_method;k_values_are_correlated_not_replicates;requires_independent_reads;model_bias_not_calibrated;catalogue_specificity_not_background_verified;genome_size_treated_as_fixed	20	iid_high_indel	0.0	factorial	421	20.0	True	0.7950044984425403	-0.022996701769363703
6302	condition_009	f040	19.204237930945467	0.04104559784763217	12.910589916887405	28.565910379196584	23.564105446596354	128,34,34,34	experimental_log_linear_extrapolation	approximate_95pct_joint_read_log_normal	experimental_joint_read_delta_method;k_values_are_correlated_not_replicates;requires_independent_reads;model_bias_not_calibrated;catalogue_specificity_not_background_verified;genome_size_treated_as_fixed	20	iid_high_indel	0.02	factorial	421	20.0	True	0.782766023115459	-0.03978810345272663
6302	condition_009	f041	10.961603251102085	NA	NA	NA	16.196018691382896	54,23,23,23	experimental_log_linear_extrapolation	insufficient_effective_reads	experimental_joint_read_delta_method;k_values_are_correlated_not_replicates;requires_independent_reads;model_bias_not_calibrated;catalogue_specificity_not_background_verified;genome_size_treated_as_fixed	20	iid_high_indel	0.0	factorial	421	20.0	NA	NA	-0.4519198374448957
6302	condition_009	f042	23.505370351727965	0.03496666873917606	16.29287462747005	33.91067862514353	27.902672098215014	68,32,32,32	experimental_log_linear_extrapolation	approximate_95pct_joint_read_log_normal	experimental_joint_read_delta_method;k_values_are_correlated_not_replicates;requires_independent_reads;model_bias_not_calibrated;catalogue_specificity_not_background_verified;genome_size_treated_as_fixed	20	iid_high_indel	0.02	factorial	421	20.0	True	0.8808901998836742	0.17526851758639825
6302	condition_009	f043	79.64052828982692	0.017978133322350768	61.23544086323232	103.57749788147643	55.37901376239062	228,68,68,68	experimental_log_linear_extrapolation	approximate_95pct_joint_read_log_normal	experimental_joint_read_delta_method;k_values_are_correlated_not_replicates;requires_independent_reads;model_bias_not_calibrated;catalogue_specificity_not_background_verified;genome_size_treated_as_fixed	20	iid_high_indel	0.0	factorial	421	80.0	True	0.5292757127280514	-0.004493396377163528
6302	condition_009	f044	95.13947821997807	0.015894390793771706	74.310001259512	121.80756509960423	61.42667816676338	245,79,79,79	experimental_log_linear_extrapolation	approximate_95pct_joint_read_log_normal	experimental_joint_read_delta_method;k_values_are_correlated_not_replicates;requires_independent_reads;model_bias_not_calibrated;catalogue_specificity_not_background_verified;genome_size_treated_as_fixed	20	iid_high_indel	0.02	factorial	421	80.0	True	0.5937195480011528	0.1892434777497259
6302	condition_009	f045	71.98221388178882	0.020831504922770243	54.246313698450145	95.51688883647827	47.84751505727115	168,61,61,61	experimental_log_linear_extrapolation	approximate_95pct_joint_read_log_normal	experimental_joint_read_delta_method;k_values_are_correlated_not_replicates;requires_independent_reads;model_bias_not_calibrated;catalogue_specificity_not_background_verified;genome_size_treated_as_fixed	20	iid_high_indel	0.0	factorial	421	80.0	True	0.5158821892253516	-0.1002223264776397
6302	condition_009	f046	86.64532103973247	0.017646166083070396	66.78400529657151	112.41331849953771	56.67209693461967	145,69,69,68	experimental_log_linear_extrapolation	approximate_95pct_joint_read_log_normal	experimental_joint_read_delta_method;k_values_are_correlated_not_replicates;requires_independent_reads;model_bias_not_calibrated;catalogue_specificity_not_background_verified;genome_size_treated_as_fixed	20	iid_high_indel	0.02	factorial	421	80.0	True	0.5703664150370775	0.08306651299665582
6302	condition_009	f047	41.65484250020178	0.034980148281691645	28.871240026653933	60.09876618097276	28.505084704182245	191,37,37,37	experimental_log_linear_extrapolation	approximate_95pct_joint_read_log_normal	experimental_joint_read_delta_method;k_values_are_correlated_not_replicates;requires_independent_reads;model_bias_not_calibrated;catalogue_specificity_not_background_verified;genome_size_treated_as_fixed	20	iid_high_indel	0.0	factorial	421	80.0	False	0.3903440769289853	-0.47931446874747774
6302	condition_009	f048	87.37089834591337	0.015964296500323466	68.20521365986484	111.92214594973026	61.20419013533086	160,80,80,80	experimental_log_linear_extrapolation	approximate_95pct_joint_read_log_normal	experimental_joint_read_delta_method;k_values_are_correlated_not_replicates;requires_independent_reads;model_bias_not_calibrated;catalogue_specificity_not_background_verified;genome_size_treated_as_fixed	20	iid_high_indel	0.02	factorial	421	80.0	True	0.5464616536233178	0.09213622932391718
6302	condition_009	f049	202.40786581180532	0.00817090525850464	169.5448778275827	241.6407069764315	120.76341438253098	284,139,139,139	experimental_log_linear_extrapolation	approximate_95pct_joint_read_log_normal	experimental_joint_read_delta_method;k_values_are_correlated_not_replicates;requires_independent_reads;model_bias_not_calibrated;catalogue_specificity_not_background_verified;genome_size_treated_as_fixed	20	iid_high_indel	0.0	factorial	421	200.0	True	0.36047914574424395	0.012039329059026613
6302	condition_009	f050	210.1542719074989	0.007718115279752337	176.91219855613966	249.64258180849035	128.16544576368474	341,143,143,143	experimental_log_linear_extrapolation	approximate_95pct_joint_read_log_normal	experimental_joint_read_delta_method;k_values_are_correlated_not_replicates;requires_independent_reads;model_bias_not_calibrated;catalogue_specificity_not_background_verified;genome_size_treated_as_fixed	20	iid_high_indel	0.02	factorial	421	200.0	True	0.36365191626175347	0.050771359537494475
6302	condition_009	f051	223.15932141014602	0.007037757472660304	189.32440093153608	263.04101577612107	140.35819728563374	245,159,159,159	experimental_log_linear_extrapolation	approximate_95pct_joint_read_log_normal	experimental_joint_read_delta_method;k_values_are_correlated_not_replicates;requires_independent_reads;model_bias_not_calibrated;catalogue_specificity_not_background_verified;genome_size_treated_as_fixed	20	iid_high_indel	0.0	factorial	421	200.0	True	0.36858307422292497	0.1157966070507301
6302	condition_009	f052	188.7788052902674	0.008628938894737367	157.35601539350142	226.47648542511627	114.1274680643503	220,132,132,132	experimental_log_linear_extrapolation	approximate_95pct_joint_read_log_normal	experimental_joint_read_delta_method;k_values_are_correlated_not_replicates;requires_independent_reads;model_bias_not_calibrated;catalogue_specificity_not_background_verified;genome_size_treated_as_fixed	20	iid_high_indel	0.02	factorial	421	200.0	True	0.3456023501580742	-0.056105973548663
6302	condition_009	f053	201.6338164704965	0.007981100713540041	169.246451833673	240.21889678616577	123.76113168890129	162,140,140,140	experimental_log_linear_extrapolation	approximate_95pct_joint_read_log_normal	experimental_joint_read_delta_method;k_values_are_correlated_not_replicates;requires_independent_reads;model_bias_not_calibrated;catalogue_specificity_not_background_verified;genome_size_treated_as_fixed	20	iid_high_indel	0.0	factorial	421	200.0	True	0.3548622247624638	0.00816908235248249
6302	condition_009	f054	219.6601617273707	0.007195695453585265	186.0141777357546	259.39198418863424	136.2873614026357	219,153,153,153	experimental_log_linear_extrapolation	approximate_95pct_joint_read_log_normal	experimental_joint_read_delta_method;k_values_are_correlated_not_replicates;requires_independent_reads;model_bias_not_calibrated;catalogue_specificity_not_background_verified;genome_size_treated_as_fixed	20	iid_high_indel	0.02	factorial	421	200.0	True	0.3668890322643982	0.09830080863685353
6302	condition_009	megabase_171	5951.96434774927	0.0006362359611353738	5664.868764955279	6253.609936391538	1408.8778437922954	1525,1474,1474,1474	experimental_log_linear_extrapolation	approximate_95pct_joint_read_log_normal	experimental_joint_read_delta_method;k_values_are_correlated_not_replicates;requires_independent_reads;model_bias_not_calibrated;catalogue_specificity_not_background_verified;genome_size_treated_as_fixed	20	iid_high_indel	0.01	megabase	171	6000.0	True	0.0981235285727098	-0.00800594204178833
6303	condition_001	f001	NA	NA	NA	NA	0.0	0,0,0,0	zero_support_at_one_or_more_k_not_absence	no_finite_extrapolation	experimental_joint_read_delta_method;k_values_are_correlated_not_replicates;requires_independent_reads;model_bias_not_calibrated;catalogue_specificity_not_background_verified;genome_size_treated_as_fixed	1	error_free	0.0	factorial	61	20.0	NA	NA	NA
6303	condition_001	f002	19.15775099243966	NA	NA	NA	1.0	3,1,1,1	experimental_log_linear_extrapolation	insufficient_effective_reads	experimental_joint_read_delta_method;k_values_are_correlated_not_replicates;requires_independent_reads;model_bias_not_calibrated;catalogue_specificity_not_background_verified;genome_size_treated_as_fixed	1	error_free	0.02	factorial	61	20.0	NA	NA	-0.04211245037801703
6303	condition_001	f003	38.357961068181744	NA	NA	NA	1.9958327810946337	4,2,2,2	experimental_log_linear_extrapolation	insufficient_effective_reads	experimental_joint_read_delta_method;k_values_are_correlated_not_replicates;requires_independent_reads;model_bias_not_calibrated;catalogue_specificity_not_background_verified;genome_size_treated_as_fixed	1	error_free	0.0	factorial	61	20.0	NA	NA	0.9178980534090873
6303	condition_001	f004	NA	NA	NA	NA	0.0	1,0,0,0	zero_support_at_one_or_more_k_not_absence	no_finite_extrapolation	experimental_joint_read_delta_method;k_values_are_correlated_not_replicates;requires_independent_reads;model_bias_not_calibrated;catalogue_specificity_not_background_verified;genome_size_treated_as_fixed	1	error_free	0.02	factorial	61	20.0	NA	NA	NA
6303	condition_001	f005	NA	NA	NA	NA	0.0	0,0,0,0	zero_support_at_one_or_more_k_not_absence	no_finite_extrapolation	experimental_joint_read_delta_method;k_values_are_correlated_not_replicates;requires_independent_reads;model_bias_not_calibrated;catalogue_specificity_not_background_verified;genome_size_treated_as_fixed	1	error_free	0.0	factorial	61	20.0	NA	NA	NA
6303	condition_001	f006	20.504853707084905	NA	NA	NA	1.0	1,1,1,1	experimental_log_linear_extrapolation	insufficient_effective_reads	experimental_joint_read_delta_method;k_values_are_correlated_not_replicates;requires_independent_reads;model_bias_not_calibrated;catalogue_specificity_not_background_verified;genome_size_treated_as_fixed	1	error_free	0.02	factorial	61	20.0	NA	NA	0.025242685354245252
6303	condition_001	f007	12.438269623597398	NA	NA	NA	1.0	1,1,1,1	experimental_log_linear_extrapolation	insufficient_effective_reads	experimental_joint_read_delta_method;k_values_are_correlated_not_replicates;requires_independent_reads;model_bias_not_calibrated;catalogue_specificity_not_background_verified;genome_size_treated_as_fixed	1	error_free	0.0	factorial	61	80.0	NA	NA	-0.8445216297050326
6303	condition_001	f008	186.70794544278456	NA	NA	NA	2.861712060376436	3,3,3,3	experimental_log_linear_extrapolation	insufficient_effective_reads	experimental_joint_read_delta_method;k_values_are_correlated_not_replicates;requires_independent_reads;model_bias_not_calibrated;catalogue_specificity_not_background_verified;genome_size_treated_as_fixed	1	error_free	0.02	factorial	61	80.0	NA	NA	1.333849318034807
6303	condition_001	f009	NA	NA	NA	NA	0.0	0,0,0,0	zero_support_at_one_or_more_k_not_absence	no_finite_extrapolation	experimental_joint_read_delta_method;k_values_are_correlated_not_replicates;requires_independent_reads;model_bias_not_calibrated;catalogue_specificity_not_background_verified;genome_size_treated_as_fixed	1	error_free	0.0	factorial	61	80.0	NA	NA	NA
6303	condition_001	f010	99.9900265570338	NA	NA	NA	1.4183929919693907	2,2,2,2	experimental_log_linear_extrapolation	insufficient_effective_reads	experimental_joint_read_delta_method;k_values_are_correlated_not_replicates;requires_independent_reads;model_bias_not_calibrated;catalogue_specificity_not_background_verified;genome_size_treated_as_fixed	1	error_free	0.02	factorial	61	80.0	NA	NA	0.2498753319629225
6303	condition_001	f011	NA	NA	NA	NA	0.0	0,0,0,0	zero_support_at_one_or_more_k_not_absence	no_finite_extrapolation	experimental_joint_read_delta_method;k_values_are_correlated_not_replicates;requires_independent_reads;model_bias_not_calibrated;catalogue_specificity_not_background_verified;genome_size_treated_as_fixed	1	error_free	0.0	factorial	61	80.0	NA	NA	NA
6303	condition_001	f012	106.45358734929066	NA	NA	NA	1.7876849072818963	2,2,2,2	experimental_log_linear_extrapolation	insufficient_effective_reads	experimental_joint_read_delta_method;k_values_are_correlated_not_replicates;requires_independent_reads;model_bias_not_calibrated;catalogue_specificity_not_background_verified;genome_size_treated_as_fixed	1	error_free	0.02	factorial	61	80.0	NA	NA	0.33066984186613324
6303	condition_001	f013	NA	NA	NA	NA	0.0	0,0,0,0	zero_support_at_one_or_more_k_not_absence	no_finite_extrapolation	experimental_joint_read_delta_method;k_values_are_correlated_not_replicates;requires_independent_reads;model_bias_not_calibrated;catalogue_specificity_not_background_verified;genome_size_treated_as_fixed	1	error_free	0.0	factorial	61	200.0	NA	NA	NA
6303	condition_001	f014	328.51209517957676	NA	NA	NA	1.967321097542485	3,2,2,2	experimental_log_linear_extrapolation	insufficient_effective_reads	experimental_joint_read_delta_method;k_values_are_correlated_not_replicates;requires_independent_reads;model_bias_not_calibrated;catalogue_specificity_not_background_verified;genome_size_treated_as_fixed	1	error_free	0.02	factorial	61	200.0	NA	NA	0.6425604758978838
6303	condition_001	f015	457.0698146420442	NA	NA	NA	3.5613576575143875	6,4,4,4	experimental_log_linear_extrapolation	insufficient_effective_reads	experimental_joint_read_delta_method;k_values_are_correlated_not_replicates;requires_independent_reads;model_bias_not_calibrated;catalogue_specificity_not_background_verified;genome_size_treated_as_fixed	1	error_free	0.0	factorial	61	200.0	NA	NA	1.285349073210221
6303	condition_001	f016	60.15610246946138	NA	NA	NA	1.0	2,1,1,1	experimental_log_linear_extrapolation	insufficient_effective_reads	experimental_joint_read_delta_method;k_values_are_correlated_not_replicates;requires_independent_reads;model_bias_not_calibrated;catalogue_specificity_not_background_verified;genome_size_treated_as_fixed	1	error_free	0.02	factorial	61	200.0	NA	NA	-0.699219487652693
6303	condition_001	f017	79.47879695859827	NA	NA	NA	1.0	1,1,1,1	experimental_log_linear_extrapolation	insufficient_effective_reads	experimental_joint_read_delta_method;k_values_are_correlated_not_replicates;requires_independent_reads;model_bias_not_calibrated;catalogue_specificity_not_background_verified;genome_size_treated_as_fixed	1	error_free	0.0	factorial	61	200.0	NA	NA	-0.6026060152070086
6303	condition_001	f018	265.4544648098152	NA	NA	NA	3.5108529510311954	4,4,4,4	experimental_log_linear_extrapolation	insufficient_effective_reads	experimental_joint_read_delta_method;k_values_are_correlated_not_replicates;requires_independent_reads;model_bias_not_calibrated;catalogue_specificity_not_background_verified;genome_size_treated_as_fixed	1	error_free	0.02	factorial	61	200.0	NA	NA	0.32727232404907597
6303	condition_001	f019	20.01875493275339	NA	NA	NA	1.0	2,1,1,1	experimental_log_linear_extrapolation	insufficient_effective_reads	experimental_joint_read_delta_method;k_values_are_correlated_not_replicates;requires_independent_reads;model_bias_not_calibrated;catalogue_specificity_not_background_verified;genome_size_treated_as_fixed	1	error_free	0.0	factorial	171	20.0	NA	NA	0.0009377466376694343
6303	condition_001	f020	16.767516070317793	NA	NA	NA	1.1539947074011065	5,2,2,2	experimental_log_linear_extrapolation	insufficient_effective_reads	experimental_joint_read_delta_method;k_values_are_correlated_not_replicates;requires_independent_reads;model_bias_not_calibrated;catalogue_specificity_not_background_verified;genome_size_treated_as_fixed	1	error_free	0.02	factorial	171	20.0	NA	NA	-0.16162419648411036
6303	condition_001	f021	14.891330121789318	NA	NA	NA	1.0	3,1,1,1	experimental_log_linear_extrapolation	insufficient_effective_reads	experimental_joint_read_delta_method;k_values_are_correlated_not_replicates;requires_independent_reads;model_bias_not_calibrated;catalogue_specificity_not_background_verified;genome_size_treated_as_fixed	1	error_free	0.0	factorial	171	20.0	NA	NA	-0.2554334939105341
6303	condition_001	f022	20.511991129261098	NA	NA	NA	1.0	2,1,1,1	experimental_log_linear_extrapolation	insufficient_effective_reads	experimental_joint_read_delta_method;k_values_are_correlated_not_replicates;requires_independent_reads;model_bias_not_calibrated;catalogue_specificity_not_background_verified;genome_size_treated_as_fixed	1	error_free	0.02	factorial	171	20.0	NA	NA	0.025599556463054896
6303	condition_001	f023	21.28881151838794	NA	NA	NA	1.3281252896699554	2,2,2,2	experimental_log_linear_extrapolation	insufficient_effective_reads	experimental_joint_read_delta_method;k_values_are_correlated_not_replicates;requires_independent_reads;model_bias_not_calibrated;catalogue_specificity_not_background_verified;genome_size_treated_as_fixed	1	error_free	0.0	factorial	171	20.0	NA	NA	0.06444057591939707
6303	condition_001	f024	40.94375252333727	NA	NA	NA	2.0	3,2,2,2	experimental_log_linear_extrapolation	insufficient_effective_reads	experimental_joint_read_delta_method;k_values_are_correlated_not_replicates;requires_independent_reads;model_bias_not_calibrated;catalogue_specificity_not_background_verified;genome_size_treated_as_fixed	1	error_free	0.02	factorial	171	20.0	NA	NA	1.0471876261668633
6303	condition_001	f025	37.612731097062614	NA	NA	NA	1.0	3,1,1,1	experimental_log_linear_extrapolation	insufficient_effective_reads	experimental_joint_read_delta_method;k_values_are_correlated_not_replicates;requires_independent_reads;model_bias_not_calibrated;catalogue_specificity_not_background_verified;genome_size_treated_as_fixed	1	error_free	0.0	factorial	171	80.0	NA	NA	-0.5298408612867174
6303	condition_001	f026	144.96979444910588	NA	NA	NA	2.684169409053931	7,3,3,3	experimental_log_linear_extrapolation	insufficient_effective_reads	experimental_joint_read_delta_method;k_values_are_correlated_not_replicates;requires_independent_reads;model_bias_not_calibrated;catalogue_specificity_not_background_verified;genome_size_treated_as_fixed	1	error_free	0.02	factorial	171	80.0	NA	NA	0.8121224306138235
6303	condition_001	f027	134.95795801264842	NA	NA	NA	4.43585106693894	8,5,5,5	experimental_log_linear_extrapolation	insufficient_effective_reads	experimental_joint_read_delta_method;k_values_are_correlated_not_replicates;requires_independent_reads;model_bias_not_calibrated;catalogue_specificity_not_background_verified;genome_size_treated_as_fixed	1	error_free	0.0	factorial	171	80.0	NA	NA	0.6869744751581053
6303	condition_001	f028	37.07787025036853	NA	NA	NA	1.0	3,1,1,1	experimental_log_linear_extrapolation	insufficient_effective_reads	experimental_joint_read_delta_method;k_values_are_correlated_not_replicates;requires_independent_reads;model_bias_not_calibrated;catalogue_specificity_not_background_verified;genome_size_treated_as_fixed	1	error_free	0.02	factorial	171	80.0	NA	NA	-0.5365266218703935
6303	condition_001	f029	19.610612008428493	NA	NA	NA	1.0	1,1,1,1	experimental_log_linear_extrapolation	insufficient_effective_reads	experimental_joint_read_delta_method;k_values_are_correlated_not_replicates;requires_independent_reads;model_bias_not_calibrated;catalogue_specificity_not_background_verified;genome_size_treated_as_fixed	1	error_free	0.0	factorial	171	80.0	NA	NA	-0.7548673498946439
6303	condition_001	f030	145.4207734416706	NA	NA	NA	1.9944463071907945	3,2,2,2	experimental_log_linear_extrapolation	insufficient_effective_reads	experimental_joint_read_delta_method;k_values_are_correlated_not_replicates;requires_independent_reads;model_bias_not_calibrated;catalogue_specificity_not_background_verified;genome_size_treated_as_fixed	1	error_free	0.02	factorial	171	80.0	NA	NA	0.8177596680208825
6303	condition_001	f031	89.49213162525143	NA	NA	NA	1.1020215319500246	4,2,2,2	experimental_log_linear_extrapolation	insufficient_effective_reads	experimental_joint_read_delta_method;k_values_are_correlated_not_replicates;requires_independent_reads;model_bias_not_calibrated;catalogue_specificity_not_background_verified;genome_size_treated_as_fixed	1	error_free	0.0	factorial	171	200.0	NA	NA	-0.5525393418737429
6303	condition_001	f032	293.68714726341426	NA	NA	NA	3.982660549741075	7,5,5,5	experimental_log_linear_extrapolation	insufficient_effective_reads	experimental_joint_read_delta_method;k_values_are_correlated_not_replicates;requires_independent_reads;model_bias_not_calibrated;catalogue_specificity_not_background_verified;genome_size_treated_as_fixed	1	error_free	0.02	factorial	171	200.0	NA	NA	0.4684357363170713
6303	condition_001	f033	219.39136487358374	NA	NA	NA	2.985936315653936	4,3,3,3	experimental_log_linear_extrapolation	insufficient_effective_reads	experimental_joint_read_delta_method;k_values_are_correlated_not_replicates;requires_independent_reads;model_bias_not_calibrated;catalogue_specificity_not_background_verified;genome_size_treated_as_fixed	1	error_free	0.0	factorial	171	200.0	NA	NA	0.09695682436791869
6303	condition_001	f034	220.61685825563518	NA	NA	NA	2.628996527807472	10,3,3,3	experimental_log_linear_extrapolation	insufficient_effective_reads	experimental_joint_read_delta_method;k_values_are_correlated_not_replicates;requires_independent_reads;model_bias_not_calibrated;catalogue_specificity_not_background_verified;genome_size_treated_as_fixed	1	error_free	0.02	factorial	171	200.0	NA	NA	0.1030842912781759
6303	condition_001	f035	129.16457699277979	NA	NA	NA	1.971733989602719	3,2,2,2	experimental_log_linear_extrapolation	insufficient_effective_reads	experimental_joint_read_delta_method;k_values_are_correlated_not_replicates;requires_independent_reads;model_bias_not_calibrated;catalogue_specificity_not_background_verified;genome_size_treated_as_fixed	1	error_free	0.0	factorial	171	200.0	NA	NA	-0.35417711503610105
6303	condition_001	f036	111.17498107979209	NA	NA	NA	1.7962780463509107	2,2,2,2	experimental_log_linear_extrapolation	insufficient_effective_reads	experimental_joint_read_delta_method;k_values_are_correlated_not_replicates;requires_independent_reads;model_bias_not_calibrated;catalogue_specificity_not_background_verified;genome_size_treated_as_fixed	1	error_free	0.02	factorial	171	200.0	NA	NA	-0.44412509460103955
6303	condition_001	f037	36.957659504923996	NA	NA	NA	1.9864794712430482	5,2,2,2	experimental_log_linear_extrapolation	insufficient_effective_reads	experimental_joint_read_delta_method;k_values_are_correlated_not_replicates;requires_independent_reads;model_bias_not_calibrated;catalogue_specificity_not_background_verified;genome_size_treated_as_fixed	1	error_free	0.0	factorial	421	20.0	NA	NA	0.8478829752461998
6303	condition_001	f038	10.329431194882229	NA	NA	NA	1.8462318844605858	12,2,2,2	experimental_log_linear_extrapolation	insufficient_effective_reads	experimental_joint_read_delta_method;k_values_are_correlated_not_replicates;requires_independent_reads;model_bias_not_calibrated;catalogue_specificity_not_background_verified;genome_size_treated_as_fixed	1	error_free	0.02	factorial	421	20.0	NA	NA	-0.48352844025588854
6303	condition_001	f039	12.142741787698114	NA	NA	NA	1.1088804011743392	10,2,2,2	experimental_log_linear_extrapolation	insufficient_effective_reads	experimental_joint_read_delta_method;k_values_are_correlated_not_replicates;requires_independent_reads;model_bias_not_calibrated;catalogue_specificity_not_background_verified;genome_size_treated_as_fixed	1	error_free	0.0	factorial	421	20.0	NA	NA	-0.3928629106150943
6303	condition_001	f040	NA	NA	NA	NA	0.0	10,0,0,0	zero_support_at_one_or_more_k_not_absence	no_finite_extrapolation	experimental_joint_read_delta_method;k_values_are_correlated_not_replicates;requires_independent_reads;model_bias_not_calibrated;catalogue_specificity_not_background_verified;genome_size_treated_as_fixed	1	error_free	0.02	factorial	421	20.0	NA	NA	NA
6303	condition_001	f041	37.741620490572416	NA	NA	NA	2.3836470373752254	5,3,3,3	experimental_log_linear_extrapolation	insufficient_effective_reads	experimental_joint_read_delta_method;k_values_are_correlated_not_replicates;requires_independent_reads;model_bias_not_calibrated;catalogue_specificity_not_background_verified;genome_size_treated_as_fixed	1	error_free	0.0	factorial	421	20.0	NA	NA	0.8870810245286208
6303	condition_001	f042	12.575771569194607	NA	NA	NA	1.3430791264578636	2,2,2,2	experimental_log_linear_extrapolation	insufficient_effective_reads	experimental_joint_read_delta_method;k_values_are_correlated_not_replicates;requires_independent_reads;model_bias_not_calibrated;catalogue_specificity_not_background_verified;genome_size_treated_as_fixed	1	error_free	0.02	factorial	421	20.0	NA	NA	-0.37121142154026965
6303	condition_001	f043	114.38989209043638	NA	NA	NA	3.8352322182931378	12,6,6,6	experimental_log_linear_extrapolation	insufficient_effective_reads	experimental_joint_read_delta_method;k_values_are_correlated_not_replicates;requires_independent_reads;model_bias_not_calibrated;catalogue_specificity_not_background_verified;genome_size_treated_as_fixed	1	error_free	0.0	factorial	421	80.0	NA	NA	0.4298736511304547
6303	condition_001	f044	93.67121145845482	NA	NA	NA	4.09886024514088	11,6,6,6	experimental_log_linear_extrapolation	insufficient_effective_reads	experimental_joint_read_delta_method;k_values_are_correlated_not_replicates;requires_independent_reads;model_bias_not_calibrated;catalogue_specificity_not_background_verified;genome_size_treated_as_fixed	1	error_free	0.02	factorial	421	80.0	NA	NA	0.17089014323068524
6303	condition_001	f045	77.74954492295433	NA	NA	NA	2.674988020415167	7,3,3,3	experimental_log_linear_extrapolation	insufficient_effective_reads	experimental_joint_read_delta_method;k_values_are_correlated_not_replicates;requires_independent_reads;model_bias_not_calibrated;catalogue_specificity_not_background_verified;genome_size_treated_as_fixed	1	error_free	0.0	factorial	421	80.0	NA	NA	-0.028130688463070895
6303	condition_001	f046	65.0435246203824	NA	NA	NA	2.207481281570174	5,3,3,3	experimental_log_linear_extrapolation	insufficient_effective_reads	experimental_joint_read_delta_method;k_values_are_correlated_not_replicates;requires_independent_reads;model_bias_not_calibrated;catalogue_specificity_not_background_verified;genome_size_treated_as_fixed	1	error_free	0.02	factorial	421	80.0	NA	NA	-0.18695594224522
6303	condition_001	f047	NA	NA	NA	NA	0.0	1,0,0,0	zero_support_at_one_or_more_k_not_absence	no_finite_extrapolation	experimental_joint_read_delta_method;k_values_are_correlated_not_replicates;requires_independent_reads;model_bias_not_calibrated;catalogue_specificity_not_background_verified;genome_size_treated_as_fixed	1	error_free	0.0	factorial	421	80.0	NA	NA	NA
6303	condition_001	f048	39.299161917818125	NA	NA	NA	1.0	3,1,1,1	experimental_log_linear_extrapolation	insufficient_effective_reads	experimental_joint_read_delta_method;k_values_are_correlated_not_replicates;requires_independent_reads;model_bias_not_calibrated;catalogue_specificity_not_background_verified;genome_size_treated_as_fixed	1	error_free	0.02	factorial	421	80.0	NA	NA	-0.5087604760272735
6303	condition_001	f049	194.14503665410516	NA	NA	NA	6.329251729988725	18,7,7,7	experimental_log_linear_extrapolation	insufficient_effective_reads	experimental_joint_read_delta_method;k_values_are_correlated_not_replicates;requires_independent_reads;model_bias_not_calibrated;catalogue_specificity_not_background_verified;genome_size_treated_as_fixed	1	error_free	0.0	factorial	421	200.0	NA	NA	-0.029274816729474226
6303	condition_001	f050	260.82951479361617	NA	NA	NA	7.597334085382814	15,9,9,9	experimental_log_linear_extrapolation	insufficient_effective_reads	experimental_joint_read_delta_method;k_values_are_correlated_not_replicates;requires_independent_reads;model_bias_not_calibrated;catalogue_specificity_not_background_verified;genome_size_treated_as_fixed	1	error_free	0.02	factorial	421	200.0	NA	NA	0.30414757396808084
6303	condition_001	f051	186.2121625626365	NA	NA	NA	6.585638664758572	12,8,8,8	experimental_log_linear_extrapolation	insufficient_effective_reads	experimental_joint_read_delta_method;k_values_are_correlated_not_replicates;requires_independent_reads;model_bias_not_calibrated;catalogue_specificity_not_background_verified;genome_size_treated_as_fixed	1	error_free	0.0	factorial	421	200.0	NA	NA	-0.06893918718681746
6303	condition_001	f052	163.4790167608776	NA	NA	NA	5.9270883081772885	9,8,8,8	experimental_log_linear_extrapolation	insufficient_effective_reads	experimental_joint_read_delta_method;k_values_are_correlated_not_replicates;requires_independent_reads;model_bias_not_calibrated;catalogue_specificity_not_background_verified;genome_size_treated_as_fixed	1	error_free	0.02	factorial	421	200.0	NA	NA	-0.18260491619561192
6303	condition_001	f053	378.32564746395695	NA	NA	NA	11.759483753778955	16,13,13,13	experimental_log_linear_extrapolation	insufficient_effective_reads	experimental_joint_read_delta_method;k_values_are_correlated_not_replicates;requires_independent_reads;model_bias_not_calibrated;catalogue_specificity_not_background_verified;genome_size_treated_as_fixed	1	error_free	0.0	factorial	421	200.0	NA	NA	0.8916282373197848
6303	condition_001	f054	105.71211622576125	NA	NA	NA	3.334080303155993	9,5,5,5	experimental_log_linear_extrapolation	insufficient_effective_reads	experimental_joint_read_delta_method;k_values_are_correlated_not_replicates;requires_independent_reads;model_bias_not_calibrated;catalogue_specificity_not_background_verified;genome_size_treated_as_fixed	1	error_free	0.02	factorial	421	200.0	NA	NA	-0.4714394188711937
6303	condition_001	megabase_171	5763.170592428315	0.012816710265560043	4616.322839634568	7194.933376899566	70.56329088908822	74,74,74,74	experimental_log_linear_extrapolation	approximate_95pct_joint_read_log_normal	experimental_joint_read_delta_method;k_values_are_correlated_not_replicates;requires_independent_reads;model_bias_not_calibrated;catalogue_specificity_not_background_verified;genome_size_treated_as_fixed	1	error_free	0.01	megabase	171	6000.0	True	0.42976842287749967	-0.03947156792861415
6303	condition_002	f001	NA	NA	NA	NA	0.0	0,0,0,0	zero_support_at_one_or_more_k_not_absence	no_finite_extrapolation	experimental_joint_read_delta_method;k_values_are_correlated_not_replicates;requires_independent_reads;model_bias_not_calibrated;catalogue_specificity_not_background_verified;genome_size_treated_as_fixed	1	iid_low_indel	0.0	factorial	61	20.0	NA	NA	NA
6303	condition_002	f002	19.32137135003818	NA	NA	NA	1.0	3,1,1,1	experimental_log_linear_extrapolation	insufficient_effective_reads	experimental_joint_read_delta_method;k_values_are_correlated_not_replicates;requires_independent_reads;model_bias_not_calibrated;catalogue_specificity_not_background_verified;genome_size_treated_as_fixed	1	iid_low_indel	0.02	factorial	61	20.0	NA	NA	-0.03393143249809096
6303	condition_002	f003	38.45173276303563	NA	NA	NA	1.9881918174042543	4,2,2,2	experimental_log_linear_extrapolation	insufficient_effective_reads	experimental_joint_read_delta_method;k_values_are_correlated_not_replicates;requires_independent_reads;model_bias_not_calibrated;catalogue_specificity_not_background_verified;genome_size_treated_as_fixed	1	iid_low_indel	0.0	factorial	61	20.0	NA	NA	0.9225866381517814
6303	condition_002	f004	NA	NA	NA	NA	0.0	0,0,0,0	zero_support_at_one_or_more_k_not_absence	no_finite_extrapolation	experimental_joint_read_delta_method;k_values_are_correlated_not_replicates;requires_independent_reads;model_bias_not_calibrated;catalogue_specificity_not_background_verified;genome_size_treated_as_fixed	1	iid_low_indel	0.02	factorial	61	20.0	NA	NA	NA
6303	condition_002	f005	NA	NA	NA	NA	0.0	0,0,0,0	zero_support_at_one_or_more_k_not_absence	no_finite_extrapolation	experimental_joint_read_delta_method;k_values_are_correlated_not_replicates;requires_independent_reads;model_bias_not_calibrated;catalogue_specificity_not_background_verified;genome_size_treated_as_fixed	1	iid_low_indel	0.0	factorial	61	20.0	NA	NA	NA
6303	condition_002	f006	20.680881540458877	NA	NA	NA	1.0	1,1,1,1	experimental_log_linear_extrapolation	insufficient_effective_reads	experimental_joint_read_delta_method;k_values_are_correlated_not_replicates;requires_independent_reads;model_bias_not_calibrated;catalogue_specificity_not_background_verified;genome_size_treated_as_fixed	1	iid_low_indel	0.02	factorial	61	20.0	NA	NA	0.034044077022943854
6303	condition_002	f007	12.519407057281967	NA	NA	NA	1.0	1,1,1,1	experimental_log_linear_extrapolation	insufficient_effective_reads	experimental_joint_read_delta_method;k_values_are_correlated_not_replicates;requires_independent_reads;model_bias_not_calibrated;catalogue_specificity_not_background_verified;genome_size_treated_as_fixed	1	iid_low_indel	0.0	factorial	61	80.0	NA	NA	-0.8435074117839754
6303	condition_002	f008	188.56128822001614	NA	NA	NA	2.8047999514108928	3,3,3,3	experimental_log_linear_extrapolation	insufficient_effective_reads	experimental_joint_read_delta_method;k_values_are_correlated_not_replicates;requires_independent_reads;model_bias_not_calibrated;catalogue_specificity_not_background_verified;genome_size_treated_as_fixed	1	iid_low_indel	0.02	factorial	61	80.0	NA	NA	1.3570161027502017
6303	condition_002	f009	NA	NA	NA	NA	0.0	0,0,0,0	zero_support_at_one_or_more_k_not_absence	no_finite_extrapolation	experimental_joint_read_delta_method;k_values_are_correlated_not_replicates;requires_independent_reads;model_bias_not_calibrated;catalogue_specificity_not_background_verified;genome_size_treated_as_fixed	1	iid_low_indel	0.0	factorial	61	80.0	NA	NA	NA
6303	condition_002	f010	97.88394915079374	NA	NA	NA	1.4086579283145848	2,2,2,2	experimental_log_linear_extrapolation	insufficient_effective_reads	experimental_joint_read_delta_method;k_values_are_correlated_not_replicates;requires_independent_reads;model_bias_not_calibrated;catalogue_specificity_not_background_verified;genome_size_treated_as_fixed	1	iid_low_indel	0.02	factorial	61	80.0	NA	NA	0.22354936438492173
6303	condition_002	f011	NA	NA	NA	NA	0.0	0,0,0,0	zero_support_at_one_or_more_k_not_absence	no_finite_extrapolation	experimental_joint_read_delta_method;k_values_are_correlated_not_replicates;requires_independent_reads;model_bias_not_calibrated;catalogue_specificity_not_background_verified;genome_size_treated_as_fixed	1	iid_low_indel	0.0	factorial	61	80.0	NA	NA	NA
6303	condition_002	f012	104.46542510466467	NA	NA	NA	1.7766297268921933	2,2,2,2	experimental_log_linear_extrapolation	insufficient_effective_reads	experimental_joint_read_delta_method;k_values_are_correlated_not_replicates;requires_independent_reads;model_bias_not_calibrated;catalogue_specificity_not_background_verified;genome_size_treated_as_fixed	1	iid_low_indel	0.02	factorial	61	80.0	NA	NA	0.3058178138083084
6303	condition_002	f013	NA	NA	NA	NA	0.0	0,0,0,0	zero_support_at_one_or_more_k_not_absence	no_finite_extrapolation	experimental_joint_read_delta_method;k_values_are_correlated_not_replicates;requires_independent_reads;model_bias_not_calibrated;catalogue_specificity_not_background_verified;genome_size_treated_as_fixed	1	iid_low_indel	0.0	factorial	61	200.0	NA	NA	NA
6303	condition_002	f014	326.48212818690246	NA	NA	NA	1.9699976836974007	3,2,2,2	experimental_log_linear_extrapolation	insufficient_effective_reads	experimental_joint_read_delta_method;k_values_are_correlated_not_replicates;requires_independent_reads;model_bias_not_calibrated;catalogue_specificity_not_background_verified;genome_size_treated_as_fixed	1	iid_low_indel	0.02	factorial	61	200.0	NA	NA	0.6324106409345123
6303	condition_002	f015	457.9157654840968	NA	NA	NA	3.5363726976531478	6,4,4,4	experimental_log_linear_extrapolation	insufficient_effective_reads	experimental_joint_read_delta_method;k_values_are_correlated_not_replicates;requires_independent_reads;model_bias_not_calibrated;catalogue_specificity_not_background_verified;genome_size_treated_as_fixed	1	iid_low_indel	0.0	factorial	61	200.0	NA	NA	1.289578827420484
6303	condition_002	f016	60.772839068931056	NA	NA	NA	1.0	2,1,1,1	experimental_log_linear_extrapolation	insufficient_effective_reads	experimental_joint_read_delta_method;k_values_are_correlated_not_replicates;requires_independent_reads;model_bias_not_calibrated;catalogue_specificity_not_background_verified;genome_size_treated_as_fixed	1	iid_low_indel	0.02	factorial	61	200.0	NA	NA	-0.6961358046553446
6303	condition_002	f017	79.72023965755862	NA	NA	NA	1.0	1,1,1,1	experimental_log_linear_extrapolation	insufficient_effective_reads	experimental_joint_read_delta_method;k_values_are_correlated_not_replicates;requires_independent_reads;model_bias_not_calibrated;catalogue_specificity_not_background_verified;genome_size_treated_as_fixed	1	iid_low_indel	0.0	factorial	61	200.0	NA	NA	-0.6013988017122069
6303	condition_002	f018	268.1779144108441	NA	NA	NA	3.502261014396921	4,4,4,4	experimental_log_linear_extrapolation	insufficient_effective_reads	experimental_joint_read_delta_method;k_values_are_correlated_not_replicates;requires_independent_reads;model_bias_not_calibrated;catalogue_specificity_not_background_verified;genome_size_treated_as_fixed	1	iid_low_indel	0.02	factorial	61	200.0	NA	NA	0.3408895720542205
6303	condition_002	f019	20.076006164963026	NA	NA	NA	1.0	2,1,1,1	experimental_log_linear_extrapolation	insufficient_effective_reads	experimental_joint_read_delta_method;k_values_are_correlated_not_replicates;requires_independent_reads;model_bias_not_calibrated;catalogue_specificity_not_background_verified;genome_size_treated_as_fixed	1	iid_low_indel	0.0	factorial	171	20.0	NA	NA	0.003800308248151296
6303	condition_002	f020	17.182322137331308	NA	NA	NA	1.0812507390172665	5,2,2,2	experimental_log_linear_extrapolation	insufficient_effective_reads	experimental_joint_read_delta_method;k_values_are_correlated_not_replicates;requires_independent_reads;model_bias_not_calibrated;catalogue_specificity_not_background_verified;genome_size_treated_as_fixed	1	iid_low_indel	0.02	factorial	171	20.0	NA	NA	-0.14088389313343458
6303	condition_002	f021	14.871687478273277	NA	NA	NA	1.0	3,1,1,1	experimental_log_linear_extrapolation	insufficient_effective_reads	experimental_joint_read_delta_method;k_values_are_correlated_not_replicates;requires_independent_reads;model_bias_not_calibrated;catalogue_specificity_not_background_verified;genome_size_treated_as_fixed	1	iid_low_indel	0.0	factorial	171	20.0	NA	NA	-0.25641562608633617
6303	condition_002	f022	20.039881493115992	NA	NA	NA	1.0	2,1,1,1	experimental_log_linear_extrapolation	insufficient_effective_reads	experimental_joint_read_delta_method;k_values_are_correlated_not_replicates;requires_independent_reads;model_bias_not_calibrated;catalogue_specificity_not_background_verified;genome_size_treated_as_fixed	1	iid_low_indel	0.02	factorial	171	20.0	NA	NA	0.0019940746557995936
6303	condition_002	f023	21.24067106758168	NA	NA	NA	1.353410300239072	2,2,2,2	experimental_log_linear_extrapolation	insufficient_effective_reads	experimental_joint_read_delta_method;k_values_are_correlated_not_replicates;requires_independent_reads;model_bias_not_calibrated;catalogue_specificity_not_background_verified;genome_size_treated_as_fixed	1	iid_low_indel	0.0	factorial	171	20.0	NA	NA	0.062033553379083985
6303	condition_002	f024	40.78797628573282	NA	NA	NA	1.9981391357383467	3,2,2,2	experimental_log_linear_extrapolation	insufficient_effective_reads	experimental_joint_read_delta_method;k_values_are_correlated_not_replicates;requires_independent_reads;model_bias_not_calibrated;catalogue_specificity_not_background_verified;genome_size_treated_as_fixed	1	iid_low_indel	0.02	factorial	171	20.0	NA	NA	1.0393988142866408
6303	condition_002	f025	37.86241142431008	NA	NA	NA	1.0	4,1,1,1	experimental_log_linear_extrapolation	insufficient_effective_reads	experimental_joint_read_delta_method;k_values_are_correlated_not_replicates;requires_independent_reads;model_bias_not_calibrated;catalogue_specificity_not_background_verified;genome_size_treated_as_fixed	1	iid_low_indel	0.0	factorial	171	80.0	NA	NA	-0.526719857196124
6303	condition_002	f026	145.5878730467927	NA	NA	NA	2.666887329156586	7,3,3,3	experimental_log_linear_extrapolation	insufficient_effective_reads	experimental_joint_read_delta_method;k_values_are_correlated_not_replicates;requires_independent_reads;model_bias_not_calibrated;catalogue_specificity_not_background_verified;genome_size_treated_as_fixed	1	iid_low_indel	0.02	factorial	171	80.0	NA	NA	0.8198484130849089
6303	condition_002	f027	135.5489085939933	NA	NA	NA	4.426768049553403	8,5,5,5	experimental_log_linear_extrapolation	insufficient_effective_reads	experimental_joint_read_delta_method;k_values_are_correlated_not_replicates;requires_independent_reads;model_bias_not_calibrated;catalogue_specificity_not_background_verified;genome_size_treated_as_fixed	1	iid_low_indel	0.0	factorial	171	80.0	NA	NA	0.6943613574249163
6303	condition_002	f028	37.730285948879306	NA	NA	NA	1.0	3,1,1,1	experimental_log_linear_extrapolation	insufficient_effective_reads	experimental_joint_read_delta_method;k_values_are_correlated_not_replicates;requires_independent_reads;model_bias_not_calibrated;catalogue_specificity_not_background_verified;genome_size_treated_as_fixed	1	iid_low_indel	0.02	factorial	171	80.0	NA	NA	-0.5283714256390086
6303	condition_002	f029	19.731357337146537	NA	NA	NA	1.0	1,1,1,1	experimental_log_linear_extrapolation	insufficient_effective_reads	experimental_joint_read_delta_method;k_values_are_correlated_not_replicates;requires_independent_reads;model_bias_not_calibrated;catalogue_specificity_not_background_verified;genome_size_treated_as_fixed	1	iid_low_indel	0.0	factorial	171	80.0	NA	NA	-0.7533580332856683
6303	condition_002	f030	146.6961770143762	NA	NA	NA	1.992238840754035	3,2,2,2	experimental_log_linear_extrapolation	insufficient_effective_reads	experimental_joint_read_delta_method;k_values_are_correlated_not_replicates;requires_independent_reads;model_bias_not_calibrated;catalogue_specificity_not_background_verified;genome_size_treated_as_fixed	1	iid_low_indel	0.02	factorial	171	80.0	NA	NA	0.8337022126797023
6303	condition_002	f031	90.0064936377884	NA	NA	NA	1.104267669848453	5,2,2,2	experimental_log_linear_extrapolation	insufficient_effective_reads	experimental_joint_read_delta_method;k_values_are_correlated_not_replicates;requires_independent_reads;model_bias_not_calibrated;catalogue_specificity_not_background_verified;genome_size_treated_as_fixed	1	iid_low_indel	0.0	factorial	171	200.0	NA	NA	-0.5499675318110581
6303	condition_002	f032	292.95651262571823	NA	NA	NA	3.962966122560637	8,5,5,5	experimental_log_linear_extrapolation	insufficient_effective_reads	experimental_joint_read_delta_method;k_values_are_correlated_not_replicates;requires_independent_reads;model_bias_not_calibrated;catalogue_specificity_not_background_verified;genome_size_treated_as_fixed	1	iid_low_indel	0.02	factorial	171	200.0	NA	NA	0.4647825631285912
6303	condition_002	f033	219.9459979208099	NA	NA	NA	2.986471238203496	4,3,3,3	experimental_log_linear_extrapolation	insufficient_effective_reads	experimental_joint_read_delta_method;k_values_are_correlated_not_replicates;requires_independent_reads;model_bias_not_calibrated;catalogue_specificity_not_background_verified;genome_size_treated_as_fixed	1	iid_low_indel	0.0	factorial	171	200.0	NA	NA	0.09972998960404951
6303	condition_002	f034	219.31554510969838	NA	NA	NA	2.6346763872967105	10,3,3,3	experimental_log_linear_extrapolation	insufficient_effective_reads	experimental_joint_read_delta_method;k_values_are_correlated_not_replicates;requires_independent_reads;model_bias_not_calibrated;catalogue_specificity_not_background_verified;genome_size_treated_as_fixed	1	iid_low_indel	0.02	factorial	171	200.0	NA	NA	0.09657772554849188
6303	condition_002	f035	129.8791500595504	NA	NA	NA	1.967238696170311	3,2,2,2	experimental_log_linear_extrapolation	insufficient_effective_reads	experimental_joint_read_delta_method;k_values_are_correlated_not_replicates;requires_independent_reads;model_bias_not_calibrated;catalogue_specificity_not_background_verified;genome_size_treated_as_fixed	1	iid_low_indel	0.0	factorial	171	200.0	NA	NA	-0.350604249702248
6303	condition_002	f036	111.78736573048977	NA	NA	NA	1.7707591223476606	2,2,2,2	experimental_log_linear_extrapolation	insufficient_effective_reads	experimental_joint_read_delta_method;k_values_are_correlated_not_replicates;requires_independent_reads;model_bias_not_calibrated;catalogue_specificity_not_background_verified;genome_size_treated_as_fixed	1	iid_low_indel	0.02	factorial	171	200.0	NA	NA	-0.4410631713475512
6303	condition_002	f037	37.028775294827334	NA	NA	NA	1.984318123567532	8,2,2,2	experimental_log_linear_extrapolation	insufficient_effective_reads	experimental_joint_read_delta_method;k_values_are_correlated_not_replicates;requires_independent_reads;model_bias_not_calibrated;catalogue_specificity_not_background_verified;genome_size_treated_as_fixed	1	iid_low_indel	0.0	factorial	421	20.0	NA	NA	0.8514387647413667
6303	condition_002	f038	10.33928184291312	NA	NA	NA	1.8513276428049055	12,2,2,2	experimental_log_linear_extrapolation	insufficient_effective_reads	experimental_joint_read_delta_method;k_values_are_correlated_not_replicates;requires_independent_reads;model_bias_not_calibrated;catalogue_specificity_not_background_verified;genome_size_treated_as_fixed	1	iid_low_indel	0.02	factorial	421	20.0	NA	NA	-0.48303590785434397
6303	condition_002	f039	12.166886186478834	NA	NA	NA	1.1041193613228955	10,2,2,2	experimental_log_linear_extrapolation	insufficient_effective_reads	experimental_joint_read_delta_method;k_values_are_correlated_not_replicates;requires_independent_reads;model_bias_not_calibrated;catalogue_specificity_not_background_verified;genome_size_treated_as_fixed	1	iid_low_indel	0.0	factorial	421	20.0	NA	NA	-0.3916556906760583
6303	condition_002	f040	NA	NA	NA	NA	0.0	9,0,0,0	zero_support_at_one_or_more_k_not_absence	no_finite_extrapolation	experimental_joint_read_delta_method;k_values_are_correlated_not_replicates;requires_independent_reads;model_bias_not_calibrated;catalogue_specificity_not_background_verified;genome_size_treated_as_fixed	1	iid_low_indel	0.02	factorial	421	20.0	NA	NA	NA
6303	condition_002	f041	37.860198214945406	NA	NA	NA	2.3671949423429286	6,3,3,3	experimental_log_linear_extrapolation	insufficient_effective_reads	experimental_joint_read_delta_method;k_values_are_correlated_not_replicates;requires_independent_reads;model_bias_not_calibrated;catalogue_specificity_not_background_verified;genome_size_treated_as_fixed	1	iid_low_indel	0.0	factorial	421	20.0	NA	NA	0.8930099107472703
6303	condition_002	f042	12.53835973569151	NA	NA	NA	1.3466686766219123	2,2,2,2	experimental_log_linear_extrapolation	insufficient_effective_reads	experimental_joint_read_delta_method;k_values_are_correlated_not_replicates;requires_independent_reads;model_bias_not_calibrated;catalogue_specificity_not_background_verified;genome_size_treated_as_fixed	1	iid_low_indel	0.02	factorial	421	20.0	NA	NA	-0.37308201321542456
6303	condition_002	f043	114.638863675392	NA	NA	NA	3.8148557034122983	10,6,6,6	experimental_log_linear_extrapolation	insufficient_effective_reads	experimental_joint_read_delta_method;k_values_are_correlated_not_replicates;requires_independent_reads;model_bias_not_calibrated;catalogue_specificity_not_background_verified;genome_size_treated_as_fixed	1	iid_low_indel	0.0	factorial	421	80.0	NA	NA	0.43298579594240005
6303	condition_002	f044	94.75182529592944	NA	NA	NA	4.16924696490086	12,6,6,6	experimental_log_linear_extrapolation	insufficient_effective_reads	experimental_joint_read_delta_method;k_values_are_correlated_not_replicates;requires_independent_reads;model_bias_not_calibrated;catalogue_specificity_not_background_verified;genome_size_treated_as_fixed	1	iid_low_indel	0.02	factorial	421	80.0	NA	NA	0.18439781619911794
6303	condition_002	f045	78.10588260294317	NA	NA	NA	2.687393196627791	7,3,3,3	experimental_log_linear_extrapolation	insufficient_effective_reads	experimental_joint_read_delta_method;k_values_are_correlated_not_replicates;requires_independent_reads;model_bias_not_calibrated;catalogue_specificity_not_background_verified;genome_size_treated_as_fixed	1	iid_low_indel	0.0	factorial	421	80.0	NA	NA	-0.023676467463210393
6303	condition_002	f046	64.94700061229987	NA	NA	NA	2.2101361046591994	5,3,3,3	experimental_log_linear_extrapolation	insufficient_effective_reads	experimental_joint_read_delta_method;k_values_are_correlated_not_replicates;requires_independent_reads;model_bias_not_calibrated;catalogue_specificity_not_background_verified;genome_size_treated_as_fixed	1	iid_low_indel	0.02	factorial	421	80.0	NA	NA	-0.18816249234625157
6303	condition_002	f047	NA	NA	NA	NA	0.0	1,0,0,0	zero_support_at_one_or_more_k_not_absence	no_finite_extrapolation	experimental_joint_read_delta_method;k_values_are_correlated_not_replicates;requires_independent_reads;model_bias_not_calibrated;catalogue_specificity_not_background_verified;genome_size_treated_as_fixed	1	iid_low_indel	0.0	factorial	421	80.0	NA	NA	NA
6303	condition_002	f048	39.54706618228023	NA	NA	NA	1.0	3,1,1,1	experimental_log_linear_extrapolation	insufficient_effective_reads	experimental_joint_read_delta_method;k_values_are_correlated_not_replicates;requires_independent_reads;model_bias_not_calibrated;catalogue_specificity_not_background_verified;genome_size_treated_as_fixed	1	iid_low_indel	0.02	factorial	421	80.0	NA	NA	-0.5056616727214971
6303	condition_002	f049	194.4565177090944	NA	NA	NA	6.294128685496342	18,7,7,7	experimental_log_linear_extrapolation	insufficient_effective_reads	experimental_joint_read_delta_method;k_values_are_correlated_not_replicates;requires_independent_reads;model_bias_not_calibrated;catalogue_specificity_not_background_verified;genome_size_treated_as_fixed	1	iid_low_indel	0.0	factorial	421	200.0	NA	NA	-0.027717411454527933
6303	condition_002	f050	261.2003654932564	NA	NA	NA	7.590771856777293	15,9,9,9	experimental_log_linear_extrapolation	insufficient_effective_reads	experimental_joint_read_delta_method;k_values_are_correlated_not_replicates;requires_independent_reads;model_bias_not_calibrated;catalogue_specificity_not_background_verified;genome_size_treated_as_fixed	1	iid_low_indel	0.02	factorial	421	200.0	NA	NA	0.3060018274662821
6303	condition_002	f051	186.44004861387822	NA	NA	NA	6.562373402035581	12,8,8,8	experimental_log_linear_extrapolation	insufficient_effective_reads	experimental_joint_read_delta_method;k_values_are_correlated_not_replicates;requires_independent_reads;model_bias_not_calibrated;catalogue_specificity_not_background_verified;genome_size_treated_as_fixed	1	iid_low_indel	0.0	factorial	421	200.0	NA	NA	-0.06779975693060891
6303	condition_002	f052	163.71050887587853	NA	NA	NA	5.920139208845854	9,8,8,8	experimental_log_linear_extrapolation	insufficient_effective_reads	experimental_joint_read_delta_method;k_values_are_correlated_not_replicates;requires_independent_reads;model_bias_not_calibrated;catalogue_specificity_not_background_verified;genome_size_treated_as_fixed	1	iid_low_indel	0.02	factorial	421	200.0	NA	NA	-0.18144745562060735
6303	condition_002	f053	379.2997143225078	NA	NA	NA	11.750198188225951	16,13,13,13	experimental_log_linear_extrapolation	insufficient_effective_reads	experimental_joint_read_delta_method;k_values_are_correlated_not_replicates;requires_independent_reads;model_bias_not_calibrated;catalogue_specificity_not_background_verified;genome_size_treated_as_fixed	1	iid_low_indel	0.0	factorial	421	200.0	NA	NA	0.8964985716125389
6303	condition_002	f054	106.49778650515698	NA	NA	NA	3.3449945547362296	9,5,5,5	experimental_log_linear_extrapolation	insufficient_effective_reads	experimental_joint_read_delta_method;k_values_are_correlated_not_replicates;requires_independent_reads;model_bias_not_calibrated;catalogue_specificity_not_background_verified;genome_size_treated_as_fixed	1	iid_low_indel	0.02	factorial	421	200.0	NA	NA	-0.4675110674742151
6303	condition_002	megabase_171	5782.917400847167	0.012818655244513892	4632.0621285155685	7219.707494670007	70.58337470973315	74,74,74,74	experimental_log_linear_extrapolation	approximate_95pct_joint_read_log_normal	experimental_joint_read_delta_method;k_values_are_correlated_not_replicates;requires_independent_reads;model_bias_not_calibrated;catalogue_specificity_not_background_verified;genome_size_treated_as_fixed	1	iid_low_indel	0.01	megabase	171	6000.0	True	0.43127422769240636	-0.03618043319213878
6303	condition_003	f001	NA	NA	NA	NA	0.0	0,0,0,0	zero_support_at_one_or_more_k_not_absence	no_finite_extrapolation	experimental_joint_read_delta_method;k_values_are_correlated_not_replicates;requires_independent_reads;model_bias_not_calibrated;catalogue_specificity_not_background_verified;genome_size_treated_as_fixed	1	iid_high_indel	0.0	factorial	61	20.0	NA	NA	NA
6303	condition_003	f002	20.189151070726098	NA	NA	NA	1.0	4,1,1,1	experimental_log_linear_extrapolation	insufficient_effective_reads	experimental_joint_read_delta_method;k_values_are_correlated_not_replicates;requires_independent_reads;model_bias_not_calibrated;catalogue_specificity_not_background_verified;genome_size_treated_as_fixed	1	iid_high_indel	0.02	factorial	61	20.0	NA	NA	0.009457553536304886
6303	condition_003	f003	39.13633761930815	NA	NA	NA	1.9658340277636637	5,2,2,2	experimental_log_linear_extrapolation	insufficient_effective_reads	experimental_joint_read_delta_method;k_values_are_correlated_not_replicates;requires_independent_reads;model_bias_not_calibrated;catalogue_specificity_not_background_verified;genome_size_treated_as_fixed	1	iid_high_indel	0.0	factorial	61	20.0	NA	NA	0.9568168809654075
6303	condition_003	f004	NA	NA	NA	NA	0.0	2,0,0,0	zero_support_at_one_or_more_k_not_absence	no_finite_extrapolation	experimental_joint_read_delta_method;k_values_are_correlated_not_replicates;requires_independent_reads;model_bias_not_calibrated;catalogue_specificity_not_background_verified;genome_size_treated_as_fixed	1	iid_high_indel	0.02	factorial	61	20.0	NA	NA	NA
6303	condition_003	f005	NA	NA	NA	NA	0.0	0,0,0,0	zero_support_at_one_or_more_k_not_absence	no_finite_extrapolation	experimental_joint_read_delta_method;k_values_are_correlated_not_replicates;requires_independent_reads;model_bias_not_calibrated;catalogue_specificity_not_background_verified;genome_size_treated_as_fixed	1	iid_high_indel	0.0	factorial	61	20.0	NA	NA	NA
6303	condition_003	f006	23.016240588585898	NA	NA	NA	1.0	1,1,1,1	experimental_log_linear_extrapolation	insufficient_effective_reads	experimental_joint_read_delta_method;k_values_are_correlated_not_replicates;requires_independent_reads;model_bias_not_calibrated;catalogue_specificity_not_background_verified;genome_size_treated_as_fixed	1	iid_high_indel	0.02	factorial	61	20.0	NA	NA	0.1508120294292949
6303	condition_003	f007	12.144849883430842	NA	NA	NA	1.0	1,1,1,1	experimental_log_linear_extrapolation	insufficient_effective_reads	experimental_joint_read_delta_method;k_values_are_correlated_not_replicates;requires_independent_reads;model_bias_not_calibrated;catalogue_specificity_not_background_verified;genome_size_treated_as_fixed	1	iid_high_indel	0.0	factorial	61	80.0	NA	NA	-0.8481893764571146
6303	condition_003	f008	192.45813958353008	NA	NA	NA	2.8758095489125135	3,3,3,3	experimental_log_linear_extrapolation	insufficient_effective_reads	experimental_joint_read_delta_method;k_values_are_correlated_not_replicates;requires_independent_reads;model_bias_not_calibrated;catalogue_specificity_not_background_verified;genome_size_treated_as_fixed	1	iid_high_indel	0.02	factorial	61	80.0	NA	NA	1.405726744794126
6303	condition_003	f009	NA	NA	NA	NA	0.0	1,0,0,0	zero_support_at_one_or_more_k_not_absence	no_finite_extrapolation	experimental_joint_read_delta_method;k_values_are_correlated_not_replicates;requires_independent_reads;model_bias_not_calibrated;catalogue_specificity_not_background_verified;genome_size_treated_as_fixed	1	iid_high_indel	0.0	factorial	61	80.0	NA	NA	NA
6303	condition_003	f010	105.26396325180488	NA	NA	NA	1.4112482442789083	3,2,2,2	experimental_log_linear_extrapolation	insufficient_effective_reads	experimental_joint_read_delta_method;k_values_are_correlated_not_replicates;requires_independent_reads;model_bias_not_calibrated;catalogue_specificity_not_background_verified;genome_size_treated_as_fixed	1	iid_high_indel	0.02	factorial	61	80.0	NA	NA	0.315799540647561
6303	condition_003	f011	NA	NA	NA	NA	0.0	1,0,0,0	zero_support_at_one_or_more_k_not_absence	no_finite_extrapolation	experimental_joint_read_delta_method;k_values_are_correlated_not_replicates;requires_independent_reads;model_bias_not_calibrated;catalogue_specificity_not_background_verified;genome_size_treated_as_fixed	1	iid_high_indel	0.0	factorial	61	80.0	NA	NA	NA
6303	condition_003	f012	108.69371682077164	NA	NA	NA	1.7984689878146418	2,2,2,2	experimental_log_linear_extrapolation	insufficient_effective_reads	experimental_joint_read_delta_method;k_values_are_correlated_not_replicates;requires_independent_reads;model_bias_not_calibrated;catalogue_specificity_not_background_verified;genome_size_treated_as_fixed	1	iid_high_indel	0.02	factorial	61	80.0	NA	NA	0.3586714602596455
6303	condition_003	f013	NA	NA	NA	NA	0.0	0,0,0,0	zero_support_at_one_or_more_k_not_absence	no_finite_extrapolation	experimental_joint_read_delta_method;k_values_are_correlated_not_replicates;requires_independent_reads;model_bias_not_calibrated;catalogue_specificity_not_background_verified;genome_size_treated_as_fixed	1	iid_high_indel	0.0	factorial	61	200.0	NA	NA	NA
6303	condition_003	f014	337.47214891043586	NA	NA	NA	1.971492962907517	4,2,2,2	experimental_log_linear_extrapolation	insufficient_effective_reads	experimental_joint_read_delta_method;k_values_are_correlated_not_replicates;requires_independent_reads;model_bias_not_calibrated;catalogue_specificity_not_background_verified;genome_size_treated_as_fixed	1	iid_high_indel	0.02	factorial	61	200.0	NA	NA	0.6873607445521793
6303	condition_003	f015	458.9288843013403	NA	NA	NA	3.615739377504712	6,4,4,4	experimental_log_linear_extrapolation	insufficient_effective_reads	experimental_joint_read_delta_method;k_values_are_correlated_not_replicates;requires_independent_reads;model_bias_not_calibrated;catalogue_specificity_not_background_verified;genome_size_treated_as_fixed	1	iid_high_indel	0.0	factorial	61	200.0	NA	NA	1.2946444215067014
6303	condition_003	f016	59.985376954013496	NA	NA	NA	1.0	1,1,1,1	experimental_log_linear_extrapolation	insufficient_effective_reads	experimental_joint_read_delta_method;k_values_are_correlated_not_replicates;requires_independent_reads;model_bias_not_calibrated;catalogue_specificity_not_background_verified;genome_size_treated_as_fixed	1	iid_high_indel	0.02	factorial	61	200.0	NA	NA	-0.7000731152299324
6303	condition_003	f017	79.78693453259402	NA	NA	NA	1.0	1,1,1,1	experimental_log_linear_extrapolation	insufficient_effective_reads	experimental_joint_read_delta_method;k_values_are_correlated_not_replicates;requires_independent_reads;model_bias_not_calibrated;catalogue_specificity_not_background_verified;genome_size_treated_as_fixed	1	iid_high_indel	0.0	factorial	61	200.0	NA	NA	-0.6010653273370299
6303	condition_003	f018	270.6394096458522	NA	NA	NA	3.5539359299986386	5,4,4,4	experimental_log_linear_extrapolation	insufficient_effective_reads	experimental_joint_read_delta_method;k_values_are_correlated_not_replicates;requires_independent_reads;model_bias_not_calibrated;catalogue_specificity_not_background_verified;genome_size_treated_as_fixed	1	iid_high_indel	0.02	factorial	61	200.0	NA	NA	0.353197048229261
6303	condition_003	f019	20.49445490495877	NA	NA	NA	1.0	2,1,1,1	experimental_log_linear_extrapolation	insufficient_effective_reads	experimental_joint_read_delta_method;k_values_are_correlated_not_replicates;requires_independent_reads;model_bias_not_calibrated;catalogue_specificity_not_background_verified;genome_size_treated_as_fixed	1	iid_high_indel	0.0	factorial	171	20.0	NA	NA	0.024722745247938428
6303	condition_003	f020	16.119341715034327	NA	NA	NA	1.1782348544565624	4,2,2,2	experimental_log_linear_extrapolation	insufficient_effective_reads	experimental_joint_read_delta_method;k_values_are_correlated_not_replicates;requires_independent_reads;model_bias_not_calibrated;catalogue_specificity_not_background_verified;genome_size_treated_as_fixed	1	iid_high_indel	0.02	factorial	171	20.0	NA	NA	-0.19403291424828364
6303	condition_003	f021	14.715991855203047	NA	NA	NA	1.0	2,1,1,1	experimental_log_linear_extrapolation	insufficient_effective_reads	experimental_joint_read_delta_method;k_values_are_correlated_not_replicates;requires_independent_reads;model_bias_not_calibrated;catalogue_specificity_not_background_verified;genome_size_treated_as_fixed	1	iid_high_indel	0.0	factorial	171	20.0	NA	NA	-0.26420040723984767
6303	condition_003	f022	19.639612576225293	NA	NA	NA	1.0	2,1,1,1	experimental_log_linear_extrapolation	insufficient_effective_reads	experimental_joint_read_delta_method;k_values_are_correlated_not_replicates;requires_independent_reads;model_bias_not_calibrated;catalogue_specificity_not_background_verified;genome_size_treated_as_fixed	1	iid_high_indel	0.02	factorial	171	20.0	NA	NA	-0.018019371188735357
6303	condition_003	f023	21.78528268685842	NA	NA	NA	1.2739285766826796	2,2,2,2	experimental_log_linear_extrapolation	insufficient_effective_reads	experimental_joint_read_delta_method;k_values_are_correlated_not_replicates;requires_independent_reads;model_bias_not_calibrated;catalogue_specificity_not_background_verified;genome_size_treated_as_fixed	1	iid_high_indel	0.0	factorial	171	20.0	NA	NA	0.08926413434292098
6303	condition_003	f024	45.10211468521451	NA	NA	NA	1.9618620131471751	4,2,2,2	experimental_log_linear_extrapolation	insufficient_effective_reads	experimental_joint_read_delta_method;k_values_are_correlated_not_replicates;requires_independent_reads;model_bias_not_calibrated;catalogue_specificity_not_background_verified;genome_size_treated_as_fixed	1	iid_high_indel	0.02	factorial	171	20.0	NA	NA	1.2551057342607255
6303	condition_003	f025	37.93093606610503	NA	NA	NA	1.0	4,1,1,1	experimental_log_linear_extrapolation	insufficient_effective_reads	experimental_joint_read_delta_method;k_values_are_correlated_not_replicates;requires_independent_reads;model_bias_not_calibrated;catalogue_specificity_not_background_verified;genome_size_treated_as_fixed	1	iid_high_indel	0.0	factorial	171	80.0	NA	NA	-0.5258632991736871
6303	condition_003	f026	150.17555914410693	NA	NA	NA	2.667881113261698	7,3,3,3	experimental_log_linear_extrapolation	insufficient_effective_reads	experimental_joint_read_delta_method;k_values_are_correlated_not_replicates;requires_independent_reads;model_bias_not_calibrated;catalogue_specificity_not_background_verified;genome_size_treated_as_fixed	1	iid_high_indel	0.02	factorial	171	80.0	NA	NA	0.8771944893013366
6303	condition_003	f027	136.19228878652115	NA	NA	NA	4.471282253353918	7,5,5,5	experimental_log_linear_extrapolation	insufficient_effective_reads	experimental_joint_read_delta_method;k_values_are_correlated_not_replicates;requires_independent_reads;model_bias_not_calibrated;catalogue_specificity_not_background_verified;genome_size_treated_as_fixed	1	iid_high_indel	0.0	factorial	171	80.0	NA	NA	0.7024036098315143
6303	condition_003	f028	38.16986028678037	NA	NA	NA	1.0	7,1,1,1	experimental_log_linear_extrapolation	insufficient_effective_reads	experimental_joint_read_delta_method;k_values_are_correlated_not_replicates;requires_independent_reads;model_bias_not_calibrated;catalogue_specificity_not_background_verified;genome_size_treated_as_fixed	1	iid_high_indel	0.02	factorial	171	80.0	NA	NA	-0.5228767464152454
6303	condition_003	f029	19.82279070468943	NA	NA	NA	1.0	2,1,1,1	experimental_log_linear_extrapolation	insufficient_effective_reads	experimental_joint_read_delta_method;k_values_are_correlated_not_replicates;requires_independent_reads;model_bias_not_calibrated;catalogue_specificity_not_background_verified;genome_size_treated_as_fixed	1	iid_high_indel	0.0	factorial	171	80.0	NA	NA	-0.7522151161913821
6303	condition_003	f030	147.58104563361914	NA	NA	NA	1.989871159173295	3,2,2,2	experimental_log_linear_extrapolation	insufficient_effective_reads	experimental_joint_read_delta_method;k_values_are_correlated_not_replicates;requires_independent_reads;model_bias_not_calibrated;catalogue_specificity_not_background_verified;genome_size_treated_as_fixed	1	iid_high_indel	0.02	factorial	171	80.0	NA	NA	0.8447630704202392
6303	condition_003	f031	90.04334008014145	NA	NA	NA	1.1127123547651414	5,2,2,2	experimental_log_linear_extrapolation	insufficient_effective_reads	experimental_joint_read_delta_method;k_values_are_correlated_not_replicates;requires_independent_reads;model_bias_not_calibrated;catalogue_specificity_not_background_verified;genome_size_treated_as_fixed	1	iid_high_indel	0.0	factorial	171	200.0	NA	NA	-0.5497832995992927
6303	condition_003	f032	296.5056426266612	NA	NA	NA	3.920676872103732	10,5,5,5	experimental_log_linear_extrapolation	insufficient_effective_reads	experimental_joint_read_delta_method;k_values_are_correlated_not_replicates;requires_independent_reads;model_bias_not_calibrated;catalogue_specificity_not_background_verified;genome_size_treated_as_fixed	1	iid_high_indel	0.02	factorial	171	200.0	NA	NA	0.482528213133306
6303	condition_003	f033	223.13423749759647	NA	NA	NA	2.9813659527924528	4,3,3,3	experimental_log_linear_extrapolation	insufficient_effective_reads	experimental_joint_read_delta_method;k_values_are_correlated_not_replicates;requires_independent_reads;model_bias_not_calibrated;catalogue_specificity_not_background_verified;genome_size_treated_as_fixed	1	iid_high_indel	0.0	factorial	171	200.0	NA	NA	0.11567118748798237
6303	condition_003	f034	226.37439961990407	NA	NA	NA	2.550479169575122	10,3,3,3	experimental_log_linear_extrapolation	insufficient_effective_reads	experimental_joint_read_delta_method;k_values_are_correlated_not_replicates;requires_independent_reads;model_bias_not_calibrated;catalogue_specificity_not_background_verified;genome_size_treated_as_fixed	1	iid_high_indel	0.02	factorial	171	200.0	NA	NA	0.13187199809952033
6303	condition_003	f035	132.0215339878212	NA	NA	NA	1.9772036712150403	3,2,2,2	experimental_log_linear_extrapolation	insufficient_effective_reads	experimental_joint_read_delta_method;k_values_are_correlated_not_replicates;requires_independent_reads;model_bias_not_calibrated;catalogue_specificity_not_background_verified;genome_size_treated_as_fixed	1	iid_high_indel	0.0	factorial	171	200.0	NA	NA	-0.3398923300608941
6303	condition_003	f036	110.13736897198564	NA	NA	NA	1.8023966325049692	2,2,2,2	experimental_log_linear_extrapolation	insufficient_effective_reads	experimental_joint_read_delta_method;k_values_are_correlated_not_replicates;requires_independent_reads;model_bias_not_calibrated;catalogue_specificity_not_background_verified;genome_size_treated_as_fixed	1	iid_high_indel	0.02	factorial	171	200.0	NA	NA	-0.4493131551400718
6303	condition_003	f037	37.26028435603477	NA	NA	NA	1.9871889888830117	7,2,2,2	experimental_log_linear_extrapolation	insufficient_effective_reads	experimental_joint_read_delta_method;k_values_are_correlated_not_replicates;requires_independent_reads;model_bias_not_calibrated;catalogue_specificity_not_background_verified;genome_size_treated_as_fixed	1	iid_high_indel	0.0	factorial	421	20.0	NA	NA	0.8630142178017384
6303	condition_003	f038	10.8597541026192	NA	NA	NA	1.794629832796186	14,2,2,2	experimental_log_linear_extrapolation	insufficient_effective_reads	experimental_joint_read_delta_method;k_values_are_correlated_not_replicates;requires_independent_reads;model_bias_not_calibrated;catalogue_specificity_not_background_verified;genome_size_treated_as_fixed	1	iid_high_indel	0.02	factorial	421	20.0	NA	NA	-0.45701229486903994
6303	condition_003	f039	12.17675161324797	NA	NA	NA	1.097919133514964	7,2,2,2	experimental_log_linear_extrapolation	insufficient_effective_reads	experimental_joint_read_delta_method;k_values_are_correlated_not_replicates;requires_independent_reads;model_bias_not_calibrated;catalogue_specificity_not_background_verified;genome_size_treated_as_fixed	1	iid_high_indel	0.0	factorial	421	20.0	NA	NA	-0.39116241933760154
6303	condition_003	f040	NA	NA	NA	NA	0.0	12,0,0,0	zero_support_at_one_or_more_k_not_absence	no_finite_extrapolation	experimental_joint_read_delta_method;k_values_are_correlated_not_replicates;requires_independent_reads;model_bias_not_calibrated;catalogue_specificity_not_background_verified;genome_size_treated_as_fixed	1	iid_high_indel	0.02	factorial	421	20.0	NA	NA	NA
6303	condition_003	f041	38.632427000299494	NA	NA	NA	2.311751980366878	6,3,3,3	experimental_log_linear_extrapolation	insufficient_effective_reads	experimental_joint_read_delta_method;k_values_are_correlated_not_replicates;requires_independent_reads;model_bias_not_calibrated;catalogue_specificity_not_background_verified;genome_size_treated_as_fixed	1	iid_high_indel	0.0	factorial	421	20.0	NA	NA	0.9316213500149747
6303	condition_003	f042	13.520260606466964	NA	NA	NA	1.336820743792261	3,2,2,2	experimental_log_linear_extrapolation	insufficient_effective_reads	experimental_joint_read_delta_method;k_values_are_correlated_not_replicates;requires_independent_reads;model_bias_not_calibrated;catalogue_specificity_not_background_verified;genome_size_treated_as_fixed	1	iid_high_indel	0.02	factorial	421	20.0	NA	NA	-0.3239869696766518
6303	condition_003	f043	116.24983212286068	NA	NA	NA	3.8518429360384685	13,6,6,6	experimental_log_linear_extrapolation	insufficient_effective_reads	experimental_joint_read_delta_method;k_values_are_correlated_not_replicates;requires_independent_reads;model_bias_not_calibrated;catalogue_specificity_not_background_verified;genome_size_treated_as_fixed	1	iid_high_indel	0.0	factorial	421	80.0	NA	NA	0.4531229015357585
6303	condition_003	f044	93.50450804532369	NA	NA	NA	4.042927269503679	12,6,6,6	experimental_log_linear_extrapolation	insufficient_effective_reads	experimental_joint_read_delta_method;k_values_are_correlated_not_replicates;requires_independent_reads;model_bias_not_calibrated;catalogue_specificity_not_background_verified;genome_size_treated_as_fixed	1	iid_high_indel	0.02	factorial	421	80.0	NA	NA	0.1688063505665461
6303	condition_003	f045	79.34407598571663	NA	NA	NA	2.6329325403477335	7,3,3,3	experimental_log_linear_extrapolation	insufficient_effective_reads	experimental_joint_read_delta_method;k_values_are_correlated_not_replicates;requires_independent_reads;model_bias_not_calibrated;catalogue_specificity_not_background_verified;genome_size_treated_as_fixed	1	iid_high_indel	0.0	factorial	421	80.0	NA	NA	-0.008199050178542144
6303	condition_003	f046	66.71793878607691	NA	NA	NA	2.2457905021736906	5,3,3,3	experimental_log_linear_extrapolation	insufficient_effective_reads	experimental_joint_read_delta_method;k_values_are_correlated_not_replicates;requires_independent_reads;model_bias_not_calibrated;catalogue_specificity_not_background_verified;genome_size_treated_as_fixed	1	iid_high_indel	0.02	factorial	421	80.0	NA	NA	-0.16602576517403858
6303	condition_003	f047	NA	NA	NA	NA	0.0	2,0,0,0	zero_support_at_one_or_more_k_not_absence	no_finite_extrapolation	experimental_joint_read_delta_method;k_values_are_correlated_not_replicates;requires_independent_reads;model_bias_not_calibrated;catalogue_specificity_not_background_verified;genome_size_treated_as_fixed	1	iid_high_indel	0.0	factorial	421	80.0	NA	NA	NA
6303	condition_003	f048	41.44962167337851	NA	NA	NA	1.0	2,1,1,1	experimental_log_linear_extrapolation	insufficient_effective_reads	experimental_joint_read_delta_method;k_values_are_correlated_not_replicates;requires_independent_reads;model_bias_not_calibrated;catalogue_specificity_not_background_verified;genome_size_treated_as_fixed	1	iid_high_indel	0.02	factorial	421	80.0	NA	NA	-0.48187972908276866
6303	condition_003	f049	197.29179795391838	NA	NA	NA	6.2859383226696695	17,7,7,7	experimental_log_linear_extrapolation	insufficient_effective_reads	experimental_joint_read_delta_method;k_values_are_correlated_not_replicates;requires_independent_reads;model_bias_not_calibrated;catalogue_specificity_not_background_verified;genome_size_treated_as_fixed	1	iid_high_indel	0.0	factorial	421	200.0	NA	NA	-0.013541010230408119
6303	condition_003	f050	262.95049938529684	NA	NA	NA	7.516255769946138	16,9,9,9	experimental_log_linear_extrapolation	insufficient_effective_reads	experimental_joint_read_delta_method;k_values_are_correlated_not_replicates;requires_independent_reads;model_bias_not_calibrated;catalogue_specificity_not_background_verified;genome_size_treated_as_fixed	1	iid_high_indel	0.02	factorial	421	200.0	NA	NA	0.31475249692648416
6303	condition_003	f051	188.31324095045363	NA	NA	NA	6.6091930869501585	10,8,8,8	experimental_log_linear_extrapolation	insufficient_effective_reads	experimental_joint_read_delta_method;k_values_are_correlated_not_replicates;requires_independent_reads;model_bias_not_calibrated;catalogue_specificity_not_background_verified;genome_size_treated_as_fixed	1	iid_high_indel	0.0	factorial	421	200.0	NA	NA	-0.05843379524773184
6303	condition_003	f052	164.83658603654456	NA	NA	NA	5.921123197770617	10,8,8,8	experimental_log_linear_extrapolation	insufficient_effective_reads	experimental_joint_read_delta_method;k_values_are_correlated_not_replicates;requires_independent_reads;model_bias_not_calibrated;catalogue_specificity_not_background_verified;genome_size_treated_as_fixed	1	iid_high_indel	0.02	factorial	421	200.0	NA	NA	-0.1758170698172772
6303	condition_003	f053	383.60411235958236	NA	NA	NA	11.762638756466234	15,13,13,13	experimental_log_linear_extrapolation	insufficient_effective_reads	experimental_joint_read_delta_method;k_values_are_correlated_not_replicates;requires_independent_reads;model_bias_not_calibrated;catalogue_specificity_not_background_verified;genome_size_treated_as_fixed	1	iid_high_indel	0.0	factorial	421	200.0	NA	NA	0.9180205617979118
6303	condition_003	f054	104.52884429648392	NA	NA	NA	3.391666717551698	10,5,5,5	experimental_log_linear_extrapolation	insufficient_effective_reads	experimental_joint_read_delta_method;k_values_are_correlated_not_replicates;requires_independent_reads;model_bias_not_calibrated;catalogue_specificity_not_background_verified;genome_size_treated_as_fixed	1	iid_high_indel	0.02	factorial	421	200.0	NA	NA	-0.4773557785175804
6303	condition_003	megabase_171	5829.83383248679	0.012806940926669974	4670.115354049403	7277.542402659906	70.51178600859271	74,74,74,74	experimental_log_linear_extrapolation	approximate_95pct_joint_read_log_normal	experimental_joint_read_delta_method;k_values_are_correlated_not_replicates;requires_independent_reads;model_bias_not_calibrated;catalogue_specificity_not_background_verified;genome_size_treated_as_fixed	1	iid_high_indel	0.01	megabase	171	6000.0	True	0.43457117476841706	-0.02836102791886833
6303	condition_004	f001	13.79286596091809	NA	NA	NA	3.7425914341354174	5,5,5,5	experimental_log_linear_extrapolation	insufficient_effective_reads	experimental_joint_read_delta_method;k_values_are_correlated_not_replicates;requires_independent_reads;model_bias_not_calibrated;catalogue_specificity_not_background_verified;genome_size_treated_as_fixed	5	error_free	0.0	factorial	61	20.0	NA	NA	-0.3103567019540955
6303	condition_004	f002	30.422330602619695	NA	NA	NA	8.297434666216702	20,9,9,9	experimental_log_linear_extrapolation	insufficient_effective_reads	experimental_joint_read_delta_method;k_values_are_correlated_not_replicates;requires_independent_reads;model_bias_not_calibrated;catalogue_specificity_not_background_verified;genome_size_treated_as_fixed	5	error_free	0.02	factorial	61	20.0	NA	NA	0.5211165301309848
6303	condition_004	f003	19.691660638826345	NA	NA	NA	4.993678362125345	8,5,5,5	experimental_log_linear_extrapolation	insufficient_effective_reads	experimental_joint_read_delta_method;k_values_are_correlated_not_replicates;requires_independent_reads;model_bias_not_calibrated;catalogue_specificity_not_background_verified;genome_size_treated_as_fixed	5	error_free	0.0	factorial	61	20.0	NA	NA	-0.015416968058682734
6303	condition_004	f004	24.22054340031689	NA	NA	NA	6.516498841716825	17,7,7,7	experimental_log_linear_extrapolation	insufficient_effective_reads	experimental_joint_read_delta_method;k_values_are_correlated_not_replicates;requires_independent_reads;model_bias_not_calibrated;catalogue_specificity_not_background_verified;genome_size_treated_as_fixed	5	error_free	0.02	factorial	61	20.0	NA	NA	0.21102717001584442
6303	condition_004	f005	18.36790070027311	NA	NA	NA	4.8350757589708095	5,5,5,5	experimental_log_linear_extrapolation	insufficient_effective_reads	experimental_joint_read_delta_method;k_values_are_correlated_not_replicates;requires_independent_reads;model_bias_not_calibrated;catalogue_specificity_not_background_verified;genome_size_treated_as_fixed	5	error_free	0.0	factorial	61	20.0	NA	NA	-0.08160496498634444
6303	condition_004	f006	11.589516121497702	NA	NA	NA	2.956851294601204	3,3,3,3	experimental_log_linear_extrapolation	insufficient_effective_reads	experimental_joint_read_delta_method;k_values_are_correlated_not_replicates;requires_independent_reads;model_bias_not_calibrated;catalogue_specificity_not_background_verified;genome_size_treated_as_fixed	5	error_free	0.02	factorial	61	20.0	NA	NA	-0.42052419392511486
6303	condition_004	f007	101.54344366478898	NA	NA	NA	7.67164660873657	10,10,10,10	experimental_log_linear_extrapolation	insufficient_effective_reads	experimental_joint_read_delta_method;k_values_are_correlated_not_replicates;requires_independent_reads;model_bias_not_calibrated;catalogue_specificity_not_background_verified;genome_size_treated_as_fixed	5	error_free	0.0	factorial	61	80.0	NA	NA	0.26929304580986224
6303	condition_004	f008	139.380021077146	NA	NA	NA	9.860753823062618	11,11,11,11	experimental_log_linear_extrapolation	insufficient_effective_reads	experimental_joint_read_delta_method;k_values_are_correlated_not_replicates;requires_independent_reads;model_bias_not_calibrated;catalogue_specificity_not_background_verified;genome_size_treated_as_fixed	5	error_free	0.02	factorial	61	80.0	NA	NA	0.7422502634643251
6303	condition_004	f009	NA	NA	NA	NA	0.0	0,0,0,0	zero_support_at_one_or_more_k_not_absence	no_finite_extrapolation	experimental_joint_read_delta_method;k_values_are_correlated_not_replicates;requires_independent_reads;model_bias_not_calibrated;catalogue_specificity_not_background_verified;genome_size_treated_as_fixed	5	error_free	0.0	factorial	61	80.0	NA	NA	NA
6303	condition_004	f010	100.826067143988	NA	NA	NA	6.863890978790973	9,9,9,9	experimental_log_linear_extrapolation	insufficient_effective_reads	experimental_joint_read_delta_method;k_values_are_correlated_not_replicates;requires_independent_reads;model_bias_not_calibrated;catalogue_specificity_not_background_verified;genome_size_treated_as_fixed	5	error_free	0.02	factorial	61	80.0	NA	NA	0.26032583929985
6303	condition_004	f011	93.57447573379204	NA	NA	NA	8.295802279615456	10,10,10,10	experimental_log_linear_extrapolation	insufficient_effective_reads	experimental_joint_read_delta_method;k_values_are_correlated_not_replicates;requires_independent_reads;model_bias_not_calibrated;catalogue_specificity_not_background_verified;genome_size_treated_as_fixed	5	error_free	0.0	factorial	61	80.0	NA	NA	0.16968094667240052
6303	condition_004	f012	111.20039819286616	NA	NA	NA	8.16428184076297	10,10,10,10	experimental_log_linear_extrapolation	insufficient_effective_reads	experimental_joint_read_delta_method;k_values_are_correlated_not_replicates;requires_independent_reads;model_bias_not_calibrated;catalogue_specificity_not_background_verified;genome_size_treated_as_fixed	5	error_free	0.02	factorial	61	80.0	NA	NA	0.390004977410827
6303	condition_004	f013	205.68883037957238	NA	NA	NA	6.266957267519614	9,9,9,9	experimental_log_linear_extrapolation	insufficient_effective_reads	experimental_joint_read_delta_method;k_values_are_correlated_not_replicates;requires_independent_reads;model_bias_not_calibrated;catalogue_specificity_not_background_verified;genome_size_treated_as_fixed	5	error_free	0.0	factorial	61	200.0	NA	NA	0.0284441518978619
6303	condition_004	f014	340.87291289535597	NA	NA	NA	10.791427706877903	17,12,12,12	experimental_log_linear_extrapolation	insufficient_effective_reads	experimental_joint_read_delta_method;k_values_are_correlated_not_replicates;requires_independent_reads;model_bias_not_calibrated;catalogue_specificity_not_background_verified;genome_size_treated_as_fixed	5	error_free	0.02	factorial	61	200.0	NA	NA	0.7043645644767799
6303	condition_004	f015	289.8586757136708	NA	NA	NA	11.209733143731604	21,15,15,15	experimental_log_linear_extrapolation	insufficient_effective_reads	experimental_joint_read_delta_method;k_values_are_correlated_not_replicates;requires_independent_reads;model_bias_not_calibrated;catalogue_specificity_not_background_verified;genome_size_treated_as_fixed	5	error_free	0.0	factorial	61	200.0	NA	NA	0.4492933785683539
6303	condition_004	f016	145.45019588004024	NA	NA	NA	6.46715465391407	15,8,8,8	experimental_log_linear_extrapolation	insufficient_effective_reads	experimental_joint_read_delta_method;k_values_are_correlated_not_replicates;requires_independent_reads;model_bias_not_calibrated;catalogue_specificity_not_background_verified;genome_size_treated_as_fixed	5	error_free	0.02	factorial	61	200.0	NA	NA	-0.2727490205997988
6303	condition_004	f017	253.15194974450282	NA	NA	NA	7.973176640991944	12,9,9,9	experimental_log_linear_extrapolation	insufficient_effective_reads	experimental_joint_read_delta_method;k_values_are_correlated_not_replicates;requires_independent_reads;model_bias_not_calibrated;catalogue_specificity_not_background_verified;genome_size_treated_as_fixed	5	error_free	0.0	factorial	61	200.0	NA	NA	0.26575974872251407
6303	condition_004	f018	125.69364036836379	NA	NA	NA	5.373504087556205	7,7,7,7	experimental_log_linear_extrapolation	insufficient_effective_reads	experimental_joint_read_delta_method;k_values_are_correlated_not_replicates;requires_independent_reads;model_bias_not_calibrated;catalogue_specificity_not_background_verified;genome_size_treated_as_fixed	5	error_free	0.02	factorial	61	200.0	NA	NA	-0.37153179815818105
6303	condition_004	f019	31.095157217403724	NA	NA	NA	7.977478710167409	14,8,8,8	experimental_log_linear_extrapolation	insufficient_effective_reads	experimental_joint_read_delta_method;k_values_are_correlated_not_replicates;requires_independent_reads;model_bias_not_calibrated;catalogue_specificity_not_background_verified;genome_size_treated_as_fixed	5	error_free	0.0	factorial	171	20.0	NA	NA	0.5547578608701862
6303	condition_004	f020	29.41789275071022	NA	NA	NA	8.3107372201876	24,10,10,10	experimental_log_linear_extrapolation	insufficient_effective_reads	experimental_joint_read_delta_method;k_values_are_correlated_not_replicates;requires_independent_reads;model_bias_not_calibrated;catalogue_specificity_not_background_verified;genome_size_treated_as_fixed	5	error_free	0.02	factorial	171	20.0	NA	NA	0.470894637535511
6303	condition_004	f021	29.450381856153925	NA	NA	NA	7.838656458563628	22,8,8,8	experimental_log_linear_extrapolation	insufficient_effective_reads	experimental_joint_read_delta_method;k_values_are_correlated_not_replicates;requires_independent_reads;model_bias_not_calibrated;catalogue_specificity_not_background_verified;genome_size_treated_as_fixed	5	error_free	0.0	factorial	171	20.0	NA	NA	0.4725190928076962
6303	condition_004	f022	21.26980532802709	NA	NA	NA	5.229789265003976	19,6,6,6	experimental_log_linear_extrapolation	insufficient_effective_reads	experimental_joint_read_delta_method;k_values_are_correlated_not_replicates;requires_independent_reads;model_bias_not_calibrated;catalogue_specificity_not_background_verified;genome_size_treated_as_fixed	5	error_free	0.02	factorial	171	20.0	NA	NA	0.0634902664013545
6303	condition_004	f023	20.554268838457475	NA	NA	NA	6.6500885326441805	11,8,8,8	experimental_log_linear_extrapolation	insufficient_effective_reads	experimental_joint_read_delta_method;k_values_are_correlated_not_replicates;requires_independent_reads;model_bias_not_calibrated;catalogue_specificity_not_background_verified;genome_size_treated_as_fixed	5	error_free	0.0	factorial	171	20.0	NA	NA	0.027713441922873727
6303	condition_004	f024	22.168749705261696	NA	NA	NA	5.75537412290213	9,7,7,7	experimental_log_linear_extrapolation	insufficient_effective_reads	experimental_joint_read_delta_method;k_values_are_correlated_not_replicates;requires_independent_reads;model_bias_not_calibrated;catalogue_specificity_not_background_verified;genome_size_treated_as_fixed	5	error_free	0.02	factorial	171	20.0	NA	NA	0.1084374852630848
6303	condition_004	f025	56.64624871387324	NA	NA	NA	7.120031369662783	29,9,9,9	experimental_log_linear_extrapolation	insufficient_effective_reads	experimental_joint_read_delta_method;k_values_are_correlated_not_replicates;requires_independent_reads;model_bias_not_calibrated;catalogue_specificity_not_background_verified;genome_size_treated_as_fixed	5	error_free	0.0	factorial	171	80.0	NA	NA	-0.2919218910765845
6303	condition_004	f026	109.46111825837436	NA	NA	NA	10.07720556062362	27,12,12,12	experimental_log_linear_extrapolation	insufficient_effective_reads	experimental_joint_read_delta_method;k_values_are_correlated_not_replicates;requires_independent_reads;model_bias_not_calibrated;catalogue_specificity_not_background_verified;genome_size_treated_as_fixed	5	error_free	0.02	factorial	171	80.0	NA	NA	0.36826397822967943
6303	condition_004	f027	87.49316503077061	NA	NA	NA	10.49843513452019	20,13,13,13	experimental_log_linear_extrapolation	insufficient_effective_reads	experimental_joint_read_delta_method;k_values_are_correlated_not_replicates;requires_independent_reads;model_bias_not_calibrated;catalogue_specificity_not_background_verified;genome_size_treated_as_fixed	5	error_free	0.0	factorial	171	80.0	NA	NA	0.09366456288463265
6303	condition_004	f028	81.35536960767953	NA	NA	NA	8.02018901005195	19,10,10,10	experimental_log_linear_extrapolation	insufficient_effective_reads	experimental_joint_read_delta_method;k_values_are_correlated_not_replicates;requires_independent_reads;model_bias_not_calibrated;catalogue_specificity_not_background_verified;genome_size_treated_as_fixed	5	error_free	0.02	factorial	171	80.0	NA	NA	0.016942120095994183
6303	condition_004	f029	24.646253519145734	NA	NA	NA	2.8433356805308616	8,5,5,5	experimental_log_linear_extrapolation	insufficient_effective_reads	experimental_joint_read_delta_method;k_values_are_correlated_not_replicates;requires_independent_reads;model_bias_not_calibrated;catalogue_specificity_not_background_verified;genome_size_treated_as_fixed	5	error_free	0.0	factorial	171	80.0	NA	NA	-0.6919218310106784
6303	condition_004	f030	100.36439130519126	NA	NA	NA	8.102265103721518	15,10,10,10	experimental_log_linear_extrapolation	insufficient_effective_reads	experimental_joint_read_delta_method;k_values_are_correlated_not_replicates;requires_independent_reads;model_bias_not_calibrated;catalogue_specificity_not_background_verified;genome_size_treated_as_fixed	5	error_free	0.02	factorial	171	80.0	NA	NA	0.2545548913148908
6303	condition_004	f031	162.2078272156877	NA	NA	NA	10.188102790719842	25,14,14,14	experimental_log_linear_extrapolation	insufficient_effective_reads	experimental_joint_read_delta_method;k_values_are_correlated_not_replicates;requires_independent_reads;model_bias_not_calibrated;catalogue_specificity_not_background_verified;genome_size_treated_as_fixed	5	error_free	0.0	factorial	171	200.0	NA	NA	-0.1889608639215615
6303	condition_004	f032	266.5891909821814	NA	NA	NA	17.651880369297242	54,21,21,21	experimental_log_linear_extrapolation	insufficient_effective_reads	experimental_joint_read_delta_method;k_values_are_correlated_not_replicates;requires_independent_reads;model_bias_not_calibrated;catalogue_specificity_not_background_verified;genome_size_treated_as_fixed	5	error_free	0.02	factorial	171	200.0	NA	NA	0.3329459549109069
6303	condition_004	f033	191.2231469527651	NA	NA	NA	14.241562812130612	27,19,19,19	experimental_log_linear_extrapolation	insufficient_effective_reads	experimental_joint_read_delta_method;k_values_are_correlated_not_replicates;requires_independent_reads;model_bias_not_calibrated;catalogue_specificity_not_background_verified;genome_size_treated_as_fixed	5	error_free	0.0	factorial	171	200.0	NA	NA	-0.043884265236174544
6303	condition_004	f034	193.89133814873637	NA	NA	NA	14.009019251391111	41,20,20,20	experimental_log_linear_extrapolation	insufficient_effective_reads	experimental_joint_read_delta_method;k_values_are_correlated_not_replicates;requires_independent_reads;model_bias_not_calibrated;catalogue_specificity_not_background_verified;genome_size_treated_as_fixed	5	error_free	0.02	factorial	171	200.0	NA	NA	-0.030543309256318166
6303	condition_004	f035	183.12196636125435	NA	NA	NA	12.881171220940663	19,15,15,15	experimental_log_linear_extrapolation	insufficient_effective_reads	experimental_joint_read_delta_method;k_values_are_correlated_not_replicates;requires_independent_reads;model_bias_not_calibrated;catalogue_specificity_not_background_verified;genome_size_treated_as_fixed	5	error_free	0.0	factorial	171	200.0	NA	NA	-0.08439016819372824
6303	condition_004	f036	225.21725933081848	NA	NA	NA	14.890292933073383	18,18,18,18	experimental_log_linear_extrapolation	insufficient_effective_reads	experimental_joint_read_delta_method;k_values_are_correlated_not_replicates;requires_independent_reads;model_bias_not_calibrated;catalogue_specificity_not_background_verified;genome_size_treated_as_fixed	5	error_free	0.02	factorial	171	200.0	NA	NA	0.1260862966540924
6303	condition_004	f037	23.41159134984604	NA	NA	NA	6.712276306803561	44,7,7,7	experimental_log_linear_extrapolation	insufficient_effective_reads	experimental_joint_read_delta_method;k_values_are_correlated_not_replicates;requires_independent_reads;model_bias_not_calibrated;catalogue_specificity_not_background_verified;genome_size_treated_as_fixed	5	error_free	0.0	factorial	421	20.0	NA	NA	0.17057956749230208
6303	condition_004	f038	13.67471852398116	NA	NA	NA	5.445408601067767	43,9,9,9	experimental_log_linear_extrapolation	insufficient_effective_reads	experimental_joint_read_delta_method;k_values_are_correlated_not_replicates;requires_independent_reads;model_bias_not_calibrated;catalogue_specificity_not_background_verified;genome_size_treated_as_fixed	5	error_free	0.02	factorial	421	20.0	NA	NA	-0.316264073800942
6303	condition_004	f039	9.512196980121786	NA	NA	NA	4.260805310102537	29,7,7,7	experimental_log_linear_extrapolation	insufficient_effective_reads	experimental_joint_read_delta_method;k_values_are_correlated_not_replicates;requires_independent_reads;model_bias_not_calibrated;catalogue_specificity_not_background_verified;genome_size_treated_as_fixed	5	error_free	0.0	factorial	421	20.0	NA	NA	-0.5243901509939107
6303	condition_004	f040	9.442565221013842	NA	NA	NA	2.753358132799963	64,3,3,3	experimental_log_linear_extrapolation	insufficient_effective_reads	experimental_joint_read_delta_method;k_values_are_correlated_not_replicates;requires_independent_reads;model_bias_not_calibrated;catalogue_specificity_not_background_verified;genome_size_treated_as_fixed	5	error_free	0.02	factorial	421	20.0	NA	NA	-0.527871738949308
6303	condition_004	f041	32.56619827447243	NA	NA	NA	10.840635524957897	26,13,13,13	experimental_log_linear_extrapolation	insufficient_effective_reads	experimental_joint_read_delta_method;k_values_are_correlated_not_replicates;requires_independent_reads;model_bias_not_calibrated;catalogue_specificity_not_background_verified;genome_size_treated_as_fixed	5	error_free	0.0	factorial	421	20.0	NA	NA	0.6283099137236213
6303	condition_004	f042	13.042151273383942	NA	NA	NA	4.583691728727973	10,6,6,6	experimental_log_linear_extrapolation	insufficient_effective_reads	experimental_joint_read_delta_method;k_values_are_correlated_not_replicates;requires_independent_reads;model_bias_not_calibrated;catalogue_specificity_not_background_verified;genome_size_treated_as_fixed	5	error_free	0.02	factorial	421	20.0	NA	NA	-0.3478924363308029
6303	condition_004	f043	131.61654970891945	0.04522583817416754	86.75426892189846	199.67796827238115	21.937541042697493	47,28,28,28	experimental_log_linear_extrapolation	approximate_95pct_joint_read_log_normal	experimental_joint_read_delta_method;k_values_are_correlated_not_replicates;requires_independent_reads;model_bias_not_calibrated;catalogue_specificity_not_background_verified;genome_size_treated_as_fixed	5	error_free	0.0	factorial	421	80.0	False	1.4115462418810336	0.6452068713614931
6303	condition_004	f044	108.29908407160961	NA	NA	NA	18.379877684613618	63,25,25,25	experimental_log_linear_extrapolation	insufficient_effective_reads	experimental_joint_read_delta_method;k_values_are_correlated_not_replicates;requires_independent_reads;model_bias_not_calibrated;catalogue_specificity_not_background_verified;genome_size_treated_as_fixed	5	error_free	0.02	factorial	421	80.0	NA	NA	0.3537385508951202
6303	condition_004	f045	84.61210513475548	NA	NA	NA	13.130800239215283	35,18,18,18	experimental_log_linear_extrapolation	insufficient_effective_reads	experimental_joint_read_delta_method;k_values_are_correlated_not_replicates;requires_independent_reads;model_bias_not_calibrated;catalogue_specificity_not_background_verified;genome_size_treated_as_fixed	5	error_free	0.0	factorial	421	80.0	NA	NA	0.05765131418444351
6303	condition_004	f046	91.83919638692345	NA	NA	NA	18.012705920130724	47,23,23,23	experimental_log_linear_extrapolation	insufficient_effective_reads	experimental_joint_read_delta_method;k_values_are_correlated_not_replicates;requires_independent_reads;model_bias_not_calibrated;catalogue_specificity_not_background_verified;genome_size_treated_as_fixed	5	error_free	0.02	factorial	421	80.0	NA	NA	0.1479899548365431
6303	condition_004	f047	69.45583743872557	NA	NA	NA	11.55962024698387	19,13,13,13	experimental_log_linear_extrapolation	insufficient_effective_reads	experimental_joint_read_delta_method;k_values_are_correlated_not_replicates;requires_independent_reads;model_bias_not_calibrated;catalogue_specificity_not_background_verified;genome_size_treated_as_fixed	5	error_free	0.0	factorial	421	80.0	NA	NA	-0.1318020320159304
6303	condition_004	f048	66.27638623182332	NA	NA	NA	11.235961470864545	23,12,12,12	experimental_log_linear_extrapolation	insufficient_effective_reads	experimental_joint_read_delta_method;k_values_are_correlated_not_replicates;requires_independent_reads;model_bias_not_calibrated;catalogue_specificity_not_background_verified;genome_size_treated_as_fixed	5	error_free	0.02	factorial	421	80.0	NA	NA	-0.17154517210220846
6303	condition_004	f049	201.2424057176295	0.03143712066663871	142.16643477721274	284.8668599060229	31.502248821596076	68,36,36,36	experimental_log_linear_extrapolation	approximate_95pct_joint_read_log_normal	experimental_joint_read_delta_method;k_values_are_correlated_not_replicates;requires_independent_reads;model_bias_not_calibrated;catalogue_specificity_not_background_verified;genome_size_treated_as_fixed	5	error_free	0.0	factorial	421	200.0	True	0.7135021256440508	0.006212028588147547
6303	condition_004	f050	202.73665647423223	0.03143871756707133	143.2207747611693	286.9845659394845	31.376980439711424	69,37,37,37	experimental_log_linear_extrapolation	approximate_95pct_joint_read_log_normal	experimental_joint_read_delta_method;k_values_are_correlated_not_replicates;requires_independent_reads;model_bias_not_calibrated;catalogue_specificity_not_background_verified;genome_size_treated_as_fixed	5	error_free	0.02	factorial	421	200.0	True	0.7188189558915761	0.01368328237116117
6303	condition_004	f051	198.75786815972117	0.029049428847228463	142.31361471813705	277.5889730131524	34.083138717363674	63,40,40,40	experimental_log_linear_extrapolation	approximate_95pct_joint_read_log_normal	experimental_joint_read_delta_method;k_values_are_correlated_not_replicates;requires_independent_reads;model_bias_not_calibrated;catalogue_specificity_not_background_verified;genome_size_treated_as_fixed	5	error_free	0.0	factorial	421	200.0	True	0.6763767914750767	-0.006210659201394151
6303	condition_004	f052	234.26843705991186	0.027762709272405907	168.99946916789085	324.74481057672557	35.60862794672958	54,42,42,42	experimental_log_linear_extrapolation	approximate_95pct_joint_read_log_normal	experimental_joint_read_delta_method;k_values_are_correlated_not_replicates;requires_independent_reads;model_bias_not_calibrated;catalogue_specificity_not_background_verified;genome_size_treated_as_fixed	5	error_free	0.02	factorial	421	200.0	True	0.7787267070441736	0.1713421852995593
6303	condition_004	f053	252.59544471930172	0.025042443152617437	185.23563383728475	344.45024086990264	39.43371217647519	55,45,45,45	experimental_log_linear_extrapolation	approximate_95pct_joint_read_log_normal	experimental_joint_read_delta_method;k_values_are_correlated_not_replicates;requires_independent_reads;model_bias_not_calibrated;catalogue_specificity_not_background_verified;genome_size_treated_as_fixed	5	error_free	0.0	factorial	421	200.0	True	0.7960730351630895	0.2629772235965086
6303	condition_004	f054	170.1002652604577	0.03445295565733836	118.2249539496566	244.73767402776068	28.90541427421681	54,35,35,35	experimental_log_linear_extrapolation	approximate_95pct_joint_read_log_normal	experimental_joint_read_delta_method;k_values_are_correlated_not_replicates;requires_independent_reads;model_bias_not_calibrated;catalogue_specificity_not_background_verified;genome_size_treated_as_fixed	5	error_free	0.02	factorial	421	200.0	True	0.6325636003905204	-0.14949867369771155
6303	condition_004	megabase_171	5732.610084577642	0.0025690563207319515	5190.491949475092	6331.349456215735	351.5037739994266	371,365,365,365	experimental_log_linear_extrapolation	approximate_95pct_joint_read_log_normal	experimental_joint_read_delta_method;k_values_are_correlated_not_replicates;requires_independent_reads;model_bias_not_calibrated;catalogue_specificity_not_background_verified;genome_size_treated_as_fixed	5	error_free	0.01	megabase	171	6000.0	True	0.1901429177901071	-0.04456498590372636
6303	condition_005	f001	13.893769277694163	NA	NA	NA	3.6535500990244483	5,5,5,5	experimental_log_linear_extrapolation	insufficient_effective_reads	experimental_joint_read_delta_method;k_values_are_correlated_not_replicates;requires_independent_reads;model_bias_not_calibrated;catalogue_specificity_not_background_verified;genome_size_treated_as_fixed	5	iid_low_indel	0.0	factorial	61	20.0	NA	NA	-0.3053115361152918
6303	condition_005	f002	30.36880092269509	NA	NA	NA	8.30709747276481	20,9,9,9	experimental_log_linear_extrapolation	insufficient_effective_reads	experimental_joint_read_delta_method;k_values_are_correlated_not_replicates;requires_independent_reads;model_bias_not_calibrated;catalogue_specificity_not_background_verified;genome_size_treated_as_fixed	5	iid_low_indel	0.02	factorial	61	20.0	NA	NA	0.5184400461347545
6303	condition_005	f003	19.745523666688204	NA	NA	NA	4.986354278805558	8,5,5,5	experimental_log_linear_extrapolation	insufficient_effective_reads	experimental_joint_read_delta_method;k_values_are_correlated_not_replicates;requires_independent_reads;model_bias_not_calibrated;catalogue_specificity_not_background_verified;genome_size_treated_as_fixed	5	iid_low_indel	0.0	factorial	61	20.0	NA	NA	-0.012723816665589815
6303	condition_005	f004	24.527052160186	NA	NA	NA	6.53993894732749	15,7,7,7	experimental_log_linear_extrapolation	insufficient_effective_reads	experimental_joint_read_delta_method;k_values_are_correlated_not_replicates;requires_independent_reads;model_bias_not_calibrated;catalogue_specificity_not_background_verified;genome_size_treated_as_fixed	5	iid_low_indel	0.02	factorial	61	20.0	NA	NA	0.22635260800929996
6303	condition_005	f005	18.39929947770807	NA	NA	NA	4.84022790980063	5,5,5,5	experimental_log_linear_extrapolation	insufficient_effective_reads	experimental_joint_read_delta_method;k_values_are_correlated_not_replicates;requires_independent_reads;model_bias_not_calibrated;catalogue_specificity_not_background_verified;genome_size_treated_as_fixed	5	iid_low_indel	0.0	factorial	61	20.0	NA	NA	-0.08003502611459652
6303	condition_005	f006	11.777958045293419	NA	NA	NA	2.897622865300614	3,3,3,3	experimental_log_linear_extrapolation	insufficient_effective_reads	experimental_joint_read_delta_method;k_values_are_correlated_not_replicates;requires_independent_reads;model_bias_not_calibrated;catalogue_specificity_not_background_verified;genome_size_treated_as_fixed	5	iid_low_indel	0.02	factorial	61	20.0	NA	NA	-0.4111020977353291
6303	condition_005	f007	101.82309201458072	NA	NA	NA	7.643602132243898	10,10,10,10	experimental_log_linear_extrapolation	insufficient_effective_reads	experimental_joint_read_delta_method;k_values_are_correlated_not_replicates;requires_independent_reads;model_bias_not_calibrated;catalogue_specificity_not_background_verified;genome_size_treated_as_fixed	5	iid_low_indel	0.0	factorial	61	80.0	NA	NA	0.27278865018225906
6303	condition_005	f008	139.64505748998695	NA	NA	NA	9.839336418875934	11,11,11,11	experimental_log_linear_extrapolation	insufficient_effective_reads	experimental_joint_read_delta_method;k_values_are_correlated_not_replicates;requires_independent_reads;model_bias_not_calibrated;catalogue_specificity_not_background_verified;genome_size_treated_as_fixed	5	iid_low_indel	0.02	factorial	61	80.0	NA	NA	0.7455632186248369
6303	condition_005	f009	NA	NA	NA	NA	0.0	1,0,0,0	zero_support_at_one_or_more_k_not_absence	no_finite_extrapolation	experimental_joint_read_delta_method;k_values_are_correlated_not_replicates;requires_independent_reads;model_bias_not_calibrated;catalogue_specificity_not_background_verified;genome_size_treated_as_fixed	5	iid_low_indel	0.0	factorial	61	80.0	NA	NA	NA
6303	condition_005	f010	102.29725210261594	NA	NA	NA	6.822961654349908	9,9,9,9	experimental_log_linear_extrapolation	insufficient_effective_reads	experimental_joint_read_delta_method;k_values_are_correlated_not_replicates;requires_independent_reads;model_bias_not_calibrated;catalogue_specificity_not_background_verified;genome_size_treated_as_fixed	5	iid_low_indel	0.02	factorial	61	80.0	NA	NA	0.27871565128269926
6303	condition_005	f011	93.55547597290015	NA	NA	NA	8.25353527300849	10,10,10,10	experimental_log_linear_extrapolation	insufficient_effective_reads	experimental_joint_read_delta_method;k_values_are_correlated_not_replicates;requires_independent_reads;model_bias_not_calibrated;catalogue_specificity_not_background_verified;genome_size_treated_as_fixed	5	iid_low_indel	0.0	factorial	61	80.0	NA	NA	0.16944344966125194
6303	condition_005	f012	110.81743493493013	NA	NA	NA	8.046613594471424	10,10,10,10	experimental_log_linear_extrapolation	insufficient_effective_reads	experimental_joint_read_delta_method;k_values_are_correlated_not_replicates;requires_independent_reads;model_bias_not_calibrated;catalogue_specificity_not_background_verified;genome_size_treated_as_fixed	5	iid_low_indel	0.02	factorial	61	80.0	NA	NA	0.3852179366866267
6303	condition_005	f013	206.1415047627893	NA	NA	NA	6.2679397404008546	9,9,9,9	experimental_log_linear_extrapolation	insufficient_effective_reads	experimental_joint_read_delta_method;k_values_are_correlated_not_replicates;requires_independent_reads;model_bias_not_calibrated;catalogue_specificity_not_background_verified;genome_size_treated_as_fixed	5	iid_low_indel	0.0	factorial	61	200.0	NA	NA	0.03070752381394655
6303	condition_005	f014	341.24251097259116	NA	NA	NA	10.806787916432933	16,12,12,12	experimental_log_linear_extrapolation	insufficient_effective_reads	experimental_joint_read_delta_method;k_values_are_correlated_not_replicates;requires_independent_reads;model_bias_not_calibrated;catalogue_specificity_not_background_verified;genome_size_treated_as_fixed	5	iid_low_indel	0.02	factorial	61	200.0	NA	NA	0.7062125548629559
6303	condition_005	f015	290.31984389590843	NA	NA	NA	11.15142439966672	21,15,15,15	experimental_log_linear_extrapolation	insufficient_effective_reads	experimental_joint_read_delta_method;k_values_are_correlated_not_replicates;requires_independent_reads;model_bias_not_calibrated;catalogue_specificity_not_background_verified;genome_size_treated_as_fixed	5	iid_low_indel	0.0	factorial	61	200.0	NA	NA	0.4515992194795422
6303	condition_005	f016	145.67411199273508	NA	NA	NA	6.433245898701236	15,8,8,8	experimental_log_linear_extrapolation	insufficient_effective_reads	experimental_joint_read_delta_method;k_values_are_correlated_not_replicates;requires_independent_reads;model_bias_not_calibrated;catalogue_specificity_not_background_verified;genome_size_treated_as_fixed	5	iid_low_indel	0.02	factorial	61	200.0	NA	NA	-0.2716294400363246
6303	condition_005	f017	253.43506603010096	NA	NA	NA	7.975281207307735	12,9,9,9	experimental_log_linear_extrapolation	insufficient_effective_reads	experimental_joint_read_delta_method;k_values_are_correlated_not_replicates;requires_independent_reads;model_bias_not_calibrated;catalogue_specificity_not_background_verified;genome_size_treated_as_fixed	5	iid_low_indel	0.0	factorial	61	200.0	NA	NA	0.26717533015050476
6303	condition_005	f018	126.88014045300828	NA	NA	NA	5.379387411246827	7,7,7,7	experimental_log_linear_extrapolation	insufficient_effective_reads	experimental_joint_read_delta_method;k_values_are_correlated_not_replicates;requires_independent_reads;model_bias_not_calibrated;catalogue_specificity_not_background_verified;genome_size_treated_as_fixed	5	iid_low_indel	0.02	factorial	61	200.0	NA	NA	-0.3655992977349586
6303	condition_005	f019	31.1685351558142	NA	NA	NA	7.982729732503946	14,8,8,8	experimental_log_linear_extrapolation	insufficient_effective_reads	experimental_joint_read_delta_method;k_values_are_correlated_not_replicates;requires_independent_reads;model_bias_not_calibrated;catalogue_specificity_not_background_verified;genome_size_treated_as_fixed	5	iid_low_indel	0.0	factorial	171	20.0	NA	NA	0.55842675779071
6303	condition_005	f020	29.62598837541437	NA	NA	NA	8.202351359051113	24,10,10,10	experimental_log_linear_extrapolation	insufficient_effective_reads	experimental_joint_read_delta_method;k_values_are_correlated_not_replicates;requires_independent_reads;model_bias_not_calibrated;catalogue_specificity_not_background_verified;genome_size_treated_as_fixed	5	iid_low_indel	0.02	factorial	171	20.0	NA	NA	0.48129941877071847
6303	condition_005	f021	29.475256825908506	NA	NA	NA	7.8012218709256835	22,8,8,8	experimental_log_linear_extrapolation	insufficient_effective_reads	experimental_joint_read_delta_method;k_values_are_correlated_not_replicates;requires_independent_reads;model_bias_not_calibrated;catalogue_specificity_not_background_verified;genome_size_treated_as_fixed	5	iid_low_indel	0.0	factorial	171	20.0	NA	NA	0.4737628412954253
6303	condition_005	f022	21.050831183395726	NA	NA	NA	5.190263745461631	18,6,6,6	experimental_log_linear_extrapolation	insufficient_effective_reads	experimental_joint_read_delta_method;k_values_are_correlated_not_replicates;requires_independent_reads;model_bias_not_calibrated;catalogue_specificity_not_background_verified;genome_size_treated_as_fixed	5	iid_low_indel	0.02	factorial	171	20.0	NA	NA	0.05254155916978629
6303	condition_005	f023	20.614594947555574	NA	NA	NA	6.7081829956578645	13,8,8,8	experimental_log_linear_extrapolation	insufficient_effective_reads	experimental_joint_read_delta_method;k_values_are_correlated_not_replicates;requires_independent_reads;model_bias_not_calibrated;catalogue_specificity_not_background_verified;genome_size_treated_as_fixed	5	iid_low_indel	0.0	factorial	171	20.0	NA	NA	0.030729747377778692
6303	condition_005	f024	22.19266959462222	NA	NA	NA	5.73956942962416	9,7,7,7	experimental_log_linear_extrapolation	insufficient_effective_reads	experimental_joint_read_delta_method;k_values_are_correlated_not_replicates;requires_independent_reads;model_bias_not_calibrated;catalogue_specificity_not_background_verified;genome_size_treated_as_fixed	5	iid_low_indel	0.02	factorial	171	20.0	NA	NA	0.10963347973111101
6303	condition_005	f025	56.87650117462514	NA	NA	NA	7.142930964040775	30,9,9,9	experimental_log_linear_extrapolation	insufficient_effective_reads	experimental_joint_read_delta_method;k_values_are_correlated_not_replicates;requires_independent_reads;model_bias_not_calibrated;catalogue_specificity_not_background_verified;genome_size_treated_as_fixed	5	iid_low_indel	0.0	factorial	171	80.0	NA	NA	-0.28904373531718575
6303	condition_005	f026	109.92751226798889	NA	NA	NA	10.08539835513162	27,12,12,12	experimental_log_linear_extrapolation	insufficient_effective_reads	experimental_joint_read_delta_method;k_values_are_correlated_not_replicates;requires_independent_reads;model_bias_not_calibrated;catalogue_specificity_not_background_verified;genome_size_treated_as_fixed	5	iid_low_indel	0.02	factorial	171	80.0	NA	NA	0.3740939033498611
6303	condition_005	f027	87.73408701348026	NA	NA	NA	10.437181464789337	20,13,13,13	experimental_log_linear_extrapolation	insufficient_effective_reads	experimental_joint_read_delta_method;k_values_are_correlated_not_replicates;requires_independent_reads;model_bias_not_calibrated;catalogue_specificity_not_background_verified;genome_size_treated_as_fixed	5	iid_low_indel	0.0	factorial	171	80.0	NA	NA	0.09667608766850329
6303	condition_005	f028	81.65479574307673	NA	NA	NA	8.024187417393478	19,10,10,10	experimental_log_linear_extrapolation	insufficient_effective_reads	experimental_joint_read_delta_method;k_values_are_correlated_not_replicates;requires_independent_reads;model_bias_not_calibrated;catalogue_specificity_not_background_verified;genome_size_treated_as_fixed	5	iid_low_indel	0.02	factorial	171	80.0	NA	NA	0.02068494678845916
6303	condition_005	f029	24.718575574025163	NA	NA	NA	2.828759042830415	8,5,5,5	experimental_log_linear_extrapolation	insufficient_effective_reads	experimental_joint_read_delta_method;k_values_are_correlated_not_replicates;requires_independent_reads;model_bias_not_calibrated;catalogue_specificity_not_background_verified;genome_size_treated_as_fixed	5	iid_low_indel	0.0	factorial	171	80.0	NA	NA	-0.6910178053246854
6303	condition_005	f030	100.68953234403003	NA	NA	NA	8.120203125208723	15,10,10,10	experimental_log_linear_extrapolation	insufficient_effective_reads	experimental_joint_read_delta_method;k_values_are_correlated_not_replicates;requires_independent_reads;model_bias_not_calibrated;catalogue_specificity_not_background_verified;genome_size_treated_as_fixed	5	iid_low_indel	0.02	factorial	171	80.0	NA	NA	0.25861915430037535
6303	condition_005	f031	162.6075372356235	NA	NA	NA	10.215135038457648	25,14,14,14	experimental_log_linear_extrapolation	insufficient_effective_reads	experimental_joint_read_delta_method;k_values_are_correlated_not_replicates;requires_independent_reads;model_bias_not_calibrated;catalogue_specificity_not_background_verified;genome_size_treated_as_fixed	5	iid_low_indel	0.0	factorial	171	200.0	NA	NA	-0.18696231382188244
6303	condition_005	f032	267.1311026670279	NA	NA	NA	17.566258372828514	54,21,21,21	experimental_log_linear_extrapolation	insufficient_effective_reads	experimental_joint_read_delta_method;k_values_are_correlated_not_replicates;requires_independent_reads;model_bias_not_calibrated;catalogue_specificity_not_background_verified;genome_size_treated_as_fixed	5	iid_low_indel	0.02	factorial	171	200.0	NA	NA	0.33565551333513954
6303	condition_005	f033	191.73203606080864	NA	NA	NA	14.24495534697845	27,19,19,19	experimental_log_linear_extrapolation	insufficient_effective_reads	experimental_joint_read_delta_method;k_values_are_correlated_not_replicates;requires_independent_reads;model_bias_not_calibrated;catalogue_specificity_not_background_verified;genome_size_treated_as_fixed	5	iid_low_indel	0.0	factorial	171	200.0	NA	NA	-0.041339819695956806
6303	condition_005	f034	193.61166050001967	NA	NA	NA	13.94186823627875	40,20,20,20	experimental_log_linear_extrapolation	insufficient_effective_reads	experimental_joint_read_delta_method;k_values_are_correlated_not_replicates;requires_independent_reads;model_bias_not_calibrated;catalogue_specificity_not_background_verified;genome_size_treated_as_fixed	5	iid_low_indel	0.02	factorial	171	200.0	NA	NA	-0.03194169749990167
6303	condition_005	f035	183.86500128447474	NA	NA	NA	12.872913496839372	19,15,15,15	experimental_log_linear_extrapolation	insufficient_effective_reads	experimental_joint_read_delta_method;k_values_are_correlated_not_replicates;requires_independent_reads;model_bias_not_calibrated;catalogue_specificity_not_background_verified;genome_size_treated_as_fixed	5	iid_low_indel	0.0	factorial	171	200.0	NA	NA	-0.08067499357762628
6303	condition_005	f036	226.0844627418081	NA	NA	NA	14.870850317873737	18,18,18,18	experimental_log_linear_extrapolation	insufficient_effective_reads	experimental_joint_read_delta_method;k_values_are_correlated_not_replicates;requires_independent_reads;model_bias_not_calibrated;catalogue_specificity_not_background_verified;genome_size_treated_as_fixed	5	iid_low_indel	0.02	factorial	171	200.0	NA	NA	0.13042231370904048
6303	condition_005	f037	23.481433622569565	NA	NA	NA	6.717003368235314	47,7,7,7	experimental_log_linear_extrapolation	insufficient_effective_reads	experimental_joint_read_delta_method;k_values_are_correlated_not_replicates;requires_independent_reads;model_bias_not_calibrated;catalogue_specificity_not_background_verified;genome_size_treated_as_fixed	5	iid_low_indel	0.0	factorial	421	20.0	NA	NA	0.17407168112847823
6303	condition_005	f038	13.798054312888524	NA	NA	NA	5.336045230064349	45,9,9,9	experimental_log_linear_extrapolation	insufficient_effective_reads	experimental_joint_read_delta_method;k_values_are_correlated_not_replicates;requires_independent_reads;model_bias_not_calibrated;catalogue_specificity_not_background_verified;genome_size_treated_as_fixed	5	iid_low_indel	0.02	factorial	421	20.0	NA	NA	-0.31009728435557377
6303	condition_005	f039	9.54459162508833	NA	NA	NA	4.296543731057296	29,7,7,7	experimental_log_linear_extrapolation	insufficient_effective_reads	experimental_joint_read_delta_method;k_values_are_correlated_not_replicates;requires_independent_reads;model_bias_not_calibrated;catalogue_specificity_not_background_verified;genome_size_treated_as_fixed	5	iid_low_indel	0.0	factorial	421	20.0	NA	NA	-0.5227704187455835
6303	condition_005	f040	9.431103359255417	NA	NA	NA	2.738829000928752	60,3,3,3	experimental_log_linear_extrapolation	insufficient_effective_reads	experimental_joint_read_delta_method;k_values_are_correlated_not_replicates;requires_independent_reads;model_bias_not_calibrated;catalogue_specificity_not_background_verified;genome_size_treated_as_fixed	5	iid_low_indel	0.02	factorial	421	20.0	NA	NA	-0.5284448320372291
6303	condition_005	f041	32.66813441673935	NA	NA	NA	10.81172670990845	28,13,13,13	experimental_log_linear_extrapolation	insufficient_effective_reads	experimental_joint_read_delta_method;k_values_are_correlated_not_replicates;requires_independent_reads;model_bias_not_calibrated;catalogue_specificity_not_background_verified;genome_size_treated_as_fixed	5	iid_low_indel	0.0	factorial	421	20.0	NA	NA	0.6334067208369675
6303	condition_005	f042	13.042422328818937	NA	NA	NA	4.589705225657379	10,6,6,6	experimental_log_linear_extrapolation	insufficient_effective_reads	experimental_joint_read_delta_method;k_values_are_correlated_not_replicates;requires_independent_reads;model_bias_not_calibrated;catalogue_specificity_not_background_verified;genome_size_treated_as_fixed	5	iid_low_indel	0.02	factorial	421	20.0	NA	NA	-0.34787888355905316
6303	condition_005	f043	131.9500376488823	0.04521977968453052	86.97651380648959	200.17832025640905	21.98273653005552	47,28,28,28	experimental_log_linear_extrapolation	approximate_95pct_joint_read_log_normal	experimental_joint_read_delta_method;k_values_are_correlated_not_replicates;requires_independent_reads;model_bias_not_calibrated;catalogue_specificity_not_background_verified;genome_size_treated_as_fixed	5	iid_low_indel	0.0	factorial	421	80.0	False	1.4150225806239933	0.6493754706110287
6303	condition_005	f044	109.00577270076596	NA	NA	NA	18.44230104363164	63,25,25,25	experimental_log_linear_extrapolation	insufficient_effective_reads	experimental_joint_read_delta_method;k_values_are_correlated_not_replicates;requires_independent_reads;model_bias_not_calibrated;catalogue_specificity_not_background_verified;genome_size_treated_as_fixed	5	iid_low_indel	0.02	factorial	421	80.0	NA	NA	0.3625721587595745
6303	condition_005	f045	84.87768457509185	NA	NA	NA	13.151167360613398	34,18,18,18	experimental_log_linear_extrapolation	insufficient_effective_reads	experimental_joint_read_delta_method;k_values_are_correlated_not_replicates;requires_independent_reads;model_bias_not_calibrated;catalogue_specificity_not_background_verified;genome_size_treated_as_fixed	5	iid_low_indel	0.0	factorial	421	80.0	NA	NA	0.060971057188648106
6303	condition_005	f046	91.87624308003507	NA	NA	NA	18.031097451743726	45,23,23,23	experimental_log_linear_extrapolation	insufficient_effective_reads	experimental_joint_read_delta_method;k_values_are_correlated_not_replicates;requires_independent_reads;model_bias_not_calibrated;catalogue_specificity_not_background_verified;genome_size_treated_as_fixed	5	iid_low_indel	0.02	factorial	421	80.0	NA	NA	0.14845303850043834
6303	condition_005	f047	69.63239588616254	NA	NA	NA	11.56200498387441	17,13,13,13	experimental_log_linear_extrapolation	insufficient_effective_reads	experimental_joint_read_delta_method;k_values_are_correlated_not_replicates;requires_independent_reads;model_bias_not_calibrated;catalogue_specificity_not_background_verified;genome_size_treated_as_fixed	5	iid_low_indel	0.0	factorial	421	80.0	NA	NA	-0.12959505142296823
6303	condition_005	f048	66.51830575344526	NA	NA	NA	11.263262094555056	23,12,12,12	experimental_log_linear_extrapolation	insufficient_effective_reads	experimental_joint_read_delta_method;k_values_are_correlated_not_replicates;requires_independent_reads;model_bias_not_calibrated;catalogue_specificity_not_background_verified;genome_size_treated_as_fixed	5	iid_low_indel	0.02	factorial	421	80.0	NA	NA	-0.16852117808193423
6303	condition_005	f049	201.65108561958473	0.031445040550787756	142.44890883718546	285.45785758200356	31.472041264800474	69,36,36,36	experimental_log_linear_extrapolation	approximate_95pct_joint_read_log_normal	experimental_joint_read_delta_method;k_values_are_correlated_not_replicates;requires_independent_reads;model_bias_not_calibrated;catalogue_specificity_not_background_verified;genome_size_treated_as_fixed	5	iid_low_indel	0.0	factorial	421	200.0	True	0.7150447437240905	0.00825542809792367
6303	condition_005	f050	203.16217907658938	0.0314484802037658	143.51363661781133	287.6024326320053	31.40800670736398	72,37,37,37	experimental_log_linear_extrapolation	approximate_95pct_joint_read_log_normal	experimental_joint_read_delta_method;k_values_are_correlated_not_replicates;requires_independent_reads;model_bias_not_calibrated;catalogue_specificity_not_background_verified;genome_size_treated_as_fixed	5	iid_low_indel	0.02	factorial	421	200.0	True	0.7204439800709698	0.01581089538294691
6303	condition_005	f051	199.18506045311142	0.02905022296110094	142.6188396186285	278.18686797482155	33.98457462945012	63,40,40,40	experimental_log_linear_extrapolation	approximate_95pct_joint_read_log_normal	experimental_joint_read_delta_method;k_values_are_correlated_not_replicates;requires_independent_reads;model_bias_not_calibrated;catalogue_specificity_not_background_verified;genome_size_treated_as_fixed	5	iid_low_indel	0.0	factorial	421	200.0	True	0.6778401417809653	-0.004074697734442907
6303	condition_005	f052	234.67887468155905	0.02776160965496459	169.29665066138256	325.3116585983683	35.58768763365674	55,42,42,42	experimental_log_linear_extrapolation	approximate_95pct_joint_read_log_normal	experimental_joint_read_delta_method;k_values_are_correlated_not_replicates;requires_independent_reads;model_bias_not_calibrated;catalogue_specificity_not_background_verified;genome_size_treated_as_fixed	5	iid_low_indel	0.02	factorial	421	200.0	True	0.7800750396849288	0.17339437340779526
6303	condition_005	f053	253.21492023712582	0.025037217958135315	185.6959223407228	345.2838114185831	39.400715517216334	55,45,45,45	experimental_log_linear_extrapolation	approximate_95pct_joint_read_log_normal	experimental_joint_read_delta_method;k_values_are_correlated_not_replicates;requires_independent_reads;model_bias_not_calibrated;catalogue_specificity_not_background_verified;genome_size_treated_as_fixed	5	iid_low_indel	0.0	factorial	421	200.0	True	0.7979394453893016	0.26607460118562914
6303	condition_005	f054	170.73674358533108	0.03445832275454023	118.66396367968075	245.66039011483596	28.88627207426434	55,35,35,35	experimental_log_linear_extrapolation	approximate_95pct_joint_read_log_normal	experimental_joint_read_delta_method;k_values_are_correlated_not_replicates;requires_independent_reads;model_bias_not_calibrated;catalogue_specificity_not_background_verified;genome_size_treated_as_fixed	5	iid_low_indel	0.02	factorial	421	200.0	True	0.634982132175776	-0.14631628207334457
6303	condition_005	megabase_171	5749.260296088708	0.0025690251441630803	5205.570731299515	6349.734862584501	351.407765029025	372,365,365,365	experimental_log_linear_extrapolation	approximate_95pct_joint_read_log_normal	experimental_joint_read_delta_method;k_values_are_correlated_not_replicates;requires_independent_reads;model_bias_not_calibrated;catalogue_specificity_not_background_verified;genome_size_treated_as_fixed	5	iid_low_indel	0.01	megabase	171	6000.0	True	0.190694021880831	-0.041789950651882006
6303	condition_006	f001	13.629346982057946	NA	NA	NA	3.207948636951914	6,5,5,5	experimental_log_linear_extrapolation	insufficient_effective_reads	experimental_joint_read_delta_method;k_values_are_correlated_not_replicates;requires_independent_reads;model_bias_not_calibrated;catalogue_specificity_not_background_verified;genome_size_treated_as_fixed	5	iid_high_indel	0.0	factorial	61	20.0	NA	NA	-0.3185326508971027
6303	condition_006	f002	29.21934798396399	NA	NA	NA	8.352939626320925	18,9,9,9	experimental_log_linear_extrapolation	insufficient_effective_reads	experimental_joint_read_delta_method;k_values_are_correlated_not_replicates;requires_independent_reads;model_bias_not_calibrated;catalogue_specificity_not_background_verified;genome_size_treated_as_fixed	5	iid_high_indel	0.02	factorial	61	20.0	NA	NA	0.4609673991981994
6303	condition_006	f003	19.98115415328348	NA	NA	NA	4.8676063798255	9,5,5,5	experimental_log_linear_extrapolation	insufficient_effective_reads	experimental_joint_read_delta_method;k_values_are_correlated_not_replicates;requires_independent_reads;model_bias_not_calibrated;catalogue_specificity_not_background_verified;genome_size_treated_as_fixed	5	iid_high_indel	0.0	factorial	61	20.0	NA	NA	-0.0009422923358259894
6303	condition_006	f004	24.182931973368085	NA	NA	NA	6.356563603105644	18,7,7,7	experimental_log_linear_extrapolation	insufficient_effective_reads	experimental_joint_read_delta_method;k_values_are_correlated_not_replicates;requires_independent_reads;model_bias_not_calibrated;catalogue_specificity_not_background_verified;genome_size_treated_as_fixed	5	iid_high_indel	0.02	factorial	61	20.0	NA	NA	0.20914659866840424
6303	condition_006	f005	18.44303195738856	NA	NA	NA	4.735922079713826	5,5,5,5	experimental_log_linear_extrapolation	insufficient_effective_reads	experimental_joint_read_delta_method;k_values_are_correlated_not_replicates;requires_independent_reads;model_bias_not_calibrated;catalogue_specificity_not_background_verified;genome_size_treated_as_fixed	5	iid_high_indel	0.0	factorial	61	20.0	NA	NA	-0.07784840213057205
6303	condition_006	f006	12.302108612103925	NA	NA	NA	2.950470612617317	4,3,3,3	experimental_log_linear_extrapolation	insufficient_effective_reads	experimental_joint_read_delta_method;k_values_are_correlated_not_replicates;requires_independent_reads;model_bias_not_calibrated;catalogue_specificity_not_background_verified;genome_size_treated_as_fixed	5	iid_high_indel	0.02	factorial	61	20.0	NA	NA	-0.3848945693948037
6303	condition_006	f007	103.28365873385115	NA	NA	NA	7.60797861690837	11,10,10,10	experimental_log_linear_extrapolation	insufficient_effective_reads	experimental_joint_read_delta_method;k_values_are_correlated_not_replicates;requires_independent_reads;model_bias_not_calibrated;catalogue_specificity_not_background_verified;genome_size_treated_as_fixed	5	iid_high_indel	0.0	factorial	61	80.0	NA	NA	0.29104573417313945
6303	condition_006	f008	141.60924881435685	NA	NA	NA	9.89235813444841	11,11,11,11	experimental_log_linear_extrapolation	insufficient_effective_reads	experimental_joint_read_delta_method;k_values_are_correlated_not_replicates;requires_independent_reads;model_bias_not_calibrated;catalogue_specificity_not_background_verified;genome_size_treated_as_fixed	5	iid_high_indel	0.02	factorial	61	80.0	NA	NA	0.7701156101794606
6303	condition_006	f009	NA	NA	NA	NA	0.0	1,0,0,0	zero_support_at_one_or_more_k_not_absence	no_finite_extrapolation	experimental_joint_read_delta_method;k_values_are_correlated_not_replicates;requires_independent_reads;model_bias_not_calibrated;catalogue_specificity_not_background_verified;genome_size_treated_as_fixed	5	iid_high_indel	0.0	factorial	61	80.0	NA	NA	NA
6303	condition_006	f010	99.87921878392409	NA	NA	NA	6.790963404241424	10,9,9,9	experimental_log_linear_extrapolation	insufficient_effective_reads	experimental_joint_read_delta_method;k_values_are_correlated_not_replicates;requires_independent_reads;model_bias_not_calibrated;catalogue_specificity_not_background_verified;genome_size_treated_as_fixed	5	iid_high_indel	0.02	factorial	61	80.0	NA	NA	0.2484902347990511
6303	condition_006	f011	94.26040699970119	NA	NA	NA	8.10838940361273	11,10,10,10	experimental_log_linear_extrapolation	insufficient_effective_reads	experimental_joint_read_delta_method;k_values_are_correlated_not_replicates;requires_independent_reads;model_bias_not_calibrated;catalogue_specificity_not_background_verified;genome_size_treated_as_fixed	5	iid_high_indel	0.0	factorial	61	80.0	NA	NA	0.17825508749626487
6303	condition_006	f012	113.4107153889693	NA	NA	NA	8.218325104900003	10,10,10,10	experimental_log_linear_extrapolation	insufficient_effective_reads	experimental_joint_read_delta_method;k_values_are_correlated_not_replicates;requires_independent_reads;model_bias_not_calibrated;catalogue_specificity_not_background_verified;genome_size_treated_as_fixed	5	iid_high_indel	0.02	factorial	61	80.0	NA	NA	0.41763394236211615
6303	condition_006	f013	208.56053100997204	NA	NA	NA	6.22647817384415	11,9,9,8	experimental_log_linear_extrapolation	insufficient_effective_reads	experimental_joint_read_delta_method;k_values_are_correlated_not_replicates;requires_independent_reads;model_bias_not_calibrated;catalogue_specificity_not_background_verified;genome_size_treated_as_fixed	5	iid_high_indel	0.0	factorial	61	200.0	NA	NA	0.042802655049860194
6303	condition_006	f014	344.8739776707746	NA	NA	NA	10.832332452620795	17,12,12,12	experimental_log_linear_extrapolation	insufficient_effective_reads	experimental_joint_read_delta_method;k_values_are_correlated_not_replicates;requires_independent_reads;model_bias_not_calibrated;catalogue_specificity_not_background_verified;genome_size_treated_as_fixed	5	iid_high_indel	0.02	factorial	61	200.0	NA	NA	0.724369888353873
6303	condition_006	f015	292.18244307599457	NA	NA	NA	11.245436953537048	20,15,15,15	experimental_log_linear_extrapolation	insufficient_effective_reads	experimental_joint_read_delta_method;k_values_are_correlated_not_replicates;requires_independent_reads;model_bias_not_calibrated;catalogue_specificity_not_background_verified;genome_size_treated_as_fixed	5	iid_high_indel	0.0	factorial	61	200.0	NA	NA	0.46091221537997284
6303	condition_006	f016	146.68964053699526	NA	NA	NA	6.4466137161587245	13,8,8,8	experimental_log_linear_extrapolation	insufficient_effective_reads	experimental_joint_read_delta_method;k_values_are_correlated_not_replicates;requires_independent_reads;model_bias_not_calibrated;catalogue_specificity_not_background_verified;genome_size_treated_as_fixed	5	iid_high_indel	0.02	factorial	61	200.0	NA	NA	-0.2665517973150237
6303	condition_006	f017	255.95275218080818	NA	NA	NA	8.032065272425125	10,9,9,9	experimental_log_linear_extrapolation	insufficient_effective_reads	experimental_joint_read_delta_method;k_values_are_correlated_not_replicates;requires_independent_reads;model_bias_not_calibrated;catalogue_specificity_not_background_verified;genome_size_treated_as_fixed	5	iid_high_indel	0.0	factorial	61	200.0	NA	NA	0.27976376090404087
6303	condition_006	f018	125.5364678883302	NA	NA	NA	5.467736397690587	9,7,7,7	experimental_log_linear_extrapolation	insufficient_effective_reads	experimental_joint_read_delta_method;k_values_are_correlated_not_replicates;requires_independent_reads;model_bias_not_calibrated;catalogue_specificity_not_background_verified;genome_size_treated_as_fixed	5	iid_high_indel	0.02	factorial	61	200.0	NA	NA	-0.37231766055834903
6303	condition_006	f019	31.312974272025674	NA	NA	NA	7.956101906253514	17,8,8,8	experimental_log_linear_extrapolation	insufficient_effective_reads	experimental_joint_read_delta_method;k_values_are_correlated_not_replicates;requires_independent_reads;model_bias_not_calibrated;catalogue_specificity_not_background_verified;genome_size_treated_as_fixed	5	iid_high_indel	0.0	factorial	171	20.0	NA	NA	0.5656487136012837
6303	condition_006	f020	29.28677242067539	NA	NA	NA	8.345572556189635	23,10,10,10	experimental_log_linear_extrapolation	insufficient_effective_reads	experimental_joint_read_delta_method;k_values_are_correlated_not_replicates;requires_independent_reads;model_bias_not_calibrated;catalogue_specificity_not_background_verified;genome_size_treated_as_fixed	5	iid_high_indel	0.02	factorial	171	20.0	NA	NA	0.46433862103376955
6303	condition_006	f021	29.52410682516273	NA	NA	NA	7.842078713969932	22,8,8,8	experimental_log_linear_extrapolation	insufficient_effective_reads	experimental_joint_read_delta_method;k_values_are_correlated_not_replicates;requires_independent_reads;model_bias_not_calibrated;catalogue_specificity_not_background_verified;genome_size_treated_as_fixed	5	iid_high_indel	0.0	factorial	171	20.0	NA	NA	0.47620534125813646
6303	condition_006	f022	20.77693867855078	NA	NA	NA	5.330023894025059	17,6,6,6	experimental_log_linear_extrapolation	insufficient_effective_reads	experimental_joint_read_delta_method;k_values_are_correlated_not_replicates;requires_independent_reads;model_bias_not_calibrated;catalogue_specificity_not_background_verified;genome_size_treated_as_fixed	5	iid_high_indel	0.02	factorial	171	20.0	NA	NA	0.03884693392753906
6303	condition_006	f023	21.129847581508024	NA	NA	NA	6.511231324504764	17,8,8,8	experimental_log_linear_extrapolation	insufficient_effective_reads	experimental_joint_read_delta_method;k_values_are_correlated_not_replicates;requires_independent_reads;model_bias_not_calibrated;catalogue_specificity_not_background_verified;genome_size_treated_as_fixed	5	iid_high_indel	0.0	factorial	171	20.0	NA	NA	0.05649237907540119
6303	condition_006	f024	22.67826416634285	NA	NA	NA	5.798463324865263	11,7,7,7	experimental_log_linear_extrapolation	insufficient_effective_reads	experimental_joint_read_delta_method;k_values_are_correlated_not_replicates;requires_independent_reads;model_bias_not_calibrated;catalogue_specificity_not_background_verified;genome_size_treated_as_fixed	5	iid_high_indel	0.02	factorial	171	20.0	NA	NA	0.13391320831714246
6303	condition_006	f025	57.33533996775249	NA	NA	NA	7.074429587758491	31,9,9,9	experimental_log_linear_extrapolation	insufficient_effective_reads	experimental_joint_read_delta_method;k_values_are_correlated_not_replicates;requires_independent_reads;model_bias_not_calibrated;catalogue_specificity_not_background_verified;genome_size_treated_as_fixed	5	iid_high_indel	0.0	factorial	171	80.0	NA	NA	-0.2833082504030939
6303	condition_006	f026	111.07913875559747	NA	NA	NA	9.899312908429609	27,12,12,12	experimental_log_linear_extrapolation	insufficient_effective_reads	experimental_joint_read_delta_method;k_values_are_correlated_not_replicates;requires_independent_reads;model_bias_not_calibrated;catalogue_specificity_not_background_verified;genome_size_treated_as_fixed	5	iid_high_indel	0.02	factorial	171	80.0	NA	NA	0.38848923444496836
6303	condition_006	f027	88.0719667617531	NA	NA	NA	10.37172274114242	23,13,13,13	experimental_log_linear_extrapolation	insufficient_effective_reads	experimental_joint_read_delta_method;k_values_are_correlated_not_replicates;requires_independent_reads;model_bias_not_calibrated;catalogue_specificity_not_background_verified;genome_size_treated_as_fixed	5	iid_high_indel	0.0	factorial	171	80.0	NA	NA	0.10089958452191379
6303	condition_006	f028	84.2829042896062	NA	NA	NA	7.9166060973295265	24,10,10,10	experimental_log_linear_extrapolation	insufficient_effective_reads	experimental_joint_read_delta_method;k_values_are_correlated_not_replicates;requires_independent_reads;model_bias_not_calibrated;catalogue_specificity_not_background_verified;genome_size_treated_as_fixed	5	iid_high_indel	0.02	factorial	171	80.0	NA	NA	0.05353630362007742
6303	condition_006	f029	24.86237338807176	NA	NA	NA	2.8210668095482903	9,5,5,5	experimental_log_linear_extrapolation	insufficient_effective_reads	experimental_joint_read_delta_method;k_values_are_correlated_not_replicates;requires_independent_reads;model_bias_not_calibrated;catalogue_specificity_not_background_verified;genome_size_treated_as_fixed	5	iid_high_indel	0.0	factorial	171	80.0	NA	NA	-0.689220332649103
6303	condition_006	f030	100.60306690414816	NA	NA	NA	8.187816310917297	15,10,10,10	experimental_log_linear_extrapolation	insufficient_effective_reads	experimental_joint_read_delta_method;k_values_are_correlated_not_replicates;requires_independent_reads;model_bias_not_calibrated;catalogue_specificity_not_background_verified;genome_size_treated_as_fixed	5	iid_high_indel	0.02	factorial	171	80.0	NA	NA	0.2575383363018521
6303	condition_006	f031	163.84572528637193	NA	NA	NA	10.194259466259052	29,14,14,14	experimental_log_linear_extrapolation	insufficient_effective_reads	experimental_joint_read_delta_method;k_values_are_correlated_not_replicates;requires_independent_reads;model_bias_not_calibrated;catalogue_specificity_not_background_verified;genome_size_treated_as_fixed	5	iid_high_indel	0.0	factorial	171	200.0	NA	NA	-0.18077137356814035
6303	condition_006	f032	269.6820341862948	NA	NA	NA	17.689343437077905	58,21,21,21	experimental_log_linear_extrapolation	insufficient_effective_reads	experimental_joint_read_delta_method;k_values_are_correlated_not_replicates;requires_independent_reads;model_bias_not_calibrated;catalogue_specificity_not_background_verified;genome_size_treated_as_fixed	5	iid_high_indel	0.02	factorial	171	200.0	NA	NA	0.348410170931474
6303	condition_006	f033	193.63580689656075	NA	NA	NA	14.286914774859603	23,19,19,19	experimental_log_linear_extrapolation	insufficient_effective_reads	experimental_joint_read_delta_method;k_values_are_correlated_not_replicates;requires_independent_reads;model_bias_not_calibrated;catalogue_specificity_not_background_verified;genome_size_treated_as_fixed	5	iid_high_indel	0.0	factorial	171	200.0	NA	NA	-0.031820965517196244
6303	condition_006	f034	197.50816897026016	NA	NA	NA	13.927607591317376	43,20,20,20	experimental_log_linear_extrapolation	insufficient_effective_reads	experimental_joint_read_delta_method;k_values_are_correlated_not_replicates;requires_independent_reads;model_bias_not_calibrated;catalogue_specificity_not_background_verified;genome_size_treated_as_fixed	5	iid_high_indel	0.02	factorial	171	200.0	NA	NA	-0.01245915514869921
6303	condition_006	f035	186.282746260635	NA	NA	NA	12.949036238154635	21,15,15,15	experimental_log_linear_extrapolation	insufficient_effective_reads	experimental_joint_read_delta_method;k_values_are_correlated_not_replicates;requires_independent_reads;model_bias_not_calibrated;catalogue_specificity_not_background_verified;genome_size_treated_as_fixed	5	iid_high_indel	0.0	factorial	171	200.0	NA	NA	-0.06858626869682496
6303	condition_006	f036	228.18177241220633	NA	NA	NA	14.880576695031076	22,18,18,18	experimental_log_linear_extrapolation	insufficient_effective_reads	experimental_joint_read_delta_method;k_values_are_correlated_not_replicates;requires_independent_reads;model_bias_not_calibrated;catalogue_specificity_not_background_verified;genome_size_treated_as_fixed	5	iid_high_indel	0.02	factorial	171	200.0	NA	NA	0.14090886206103165
6303	condition_006	f037	23.82420363417278	NA	NA	NA	6.709463542051878	46,7,7,7	experimental_log_linear_extrapolation	insufficient_effective_reads	experimental_joint_read_delta_method;k_values_are_correlated_not_replicates;requires_independent_reads;model_bias_not_calibrated;catalogue_specificity_not_background_verified;genome_size_treated_as_fixed	5	iid_high_indel	0.0	factorial	421	20.0	NA	NA	0.19121018170863896
6303	condition_006	f038	14.159935026726611	NA	NA	NA	5.155874110904631	57,9,9,9	experimental_log_linear_extrapolation	insufficient_effective_reads	experimental_joint_read_delta_method;k_values_are_correlated_not_replicates;requires_independent_reads;model_bias_not_calibrated;catalogue_specificity_not_background_verified;genome_size_treated_as_fixed	5	iid_high_indel	0.02	factorial	421	20.0	NA	NA	-0.29200324866366945
6303	condition_006	f039	9.669997067188516	NA	NA	NA	4.388397500346833	26,7,7,7	experimental_log_linear_extrapolation	insufficient_effective_reads	experimental_joint_read_delta_method;k_values_are_correlated_not_replicates;requires_independent_reads;model_bias_not_calibrated;catalogue_specificity_not_background_verified;genome_size_treated_as_fixed	5	iid_high_indel	0.0	factorial	421	20.0	NA	NA	-0.5165001466405742
6303	condition_006	f040	9.570985382829342	NA	NA	NA	2.7672684836482584	53,3,3,3	experimental_log_linear_extrapolation	insufficient_effective_reads	experimental_joint_read_delta_method;k_values_are_correlated_not_replicates;requires_independent_reads;model_bias_not_calibrated;catalogue_specificity_not_background_verified;genome_size_treated_as_fixed	5	iid_high_indel	0.02	factorial	421	20.0	NA	NA	-0.5214507308585329
6303	condition_006	f041	33.27524048898763	NA	NA	NA	10.678185683694409	30,13,13,13	experimental_log_linear_extrapolation	insufficient_effective_reads	experimental_joint_read_delta_method;k_values_are_correlated_not_replicates;requires_independent_reads;model_bias_not_calibrated;catalogue_specificity_not_background_verified;genome_size_treated_as_fixed	5	iid_high_indel	0.0	factorial	421	20.0	NA	NA	0.6637620244493814
6303	condition_006	f042	13.168220933207069	NA	NA	NA	4.546552744785675	11,6,6,6	experimental_log_linear_extrapolation	insufficient_effective_reads	experimental_joint_read_delta_method;k_values_are_correlated_not_replicates;requires_independent_reads;model_bias_not_calibrated;catalogue_specificity_not_background_verified;genome_size_treated_as_fixed	5	iid_high_indel	0.02	factorial	421	20.0	NA	NA	-0.34158895333964656
6303	condition_006	f043	133.36707407988794	0.045196166920382155	87.92013907347646	202.30605451801642	21.802762767657796	57,28,28,28	experimental_log_linear_extrapolation	approximate_95pct_joint_read_log_normal	experimental_joint_read_delta_method;k_values_are_correlated_not_replicates;requires_independent_reads;model_bias_not_calibrated;catalogue_specificity_not_background_verified;genome_size_treated_as_fixed	5	iid_high_indel	0.0	factorial	421	80.0	False	1.4298239430567494	0.6670884259985993
6303	condition_006	f044	108.858648540276	NA	NA	NA	18.524937572465127	68,25,25,25	experimental_log_linear_extrapolation	insufficient_effective_reads	experimental_joint_read_delta_method;k_values_are_correlated_not_replicates;requires_independent_reads;model_bias_not_calibrated;catalogue_specificity_not_background_verified;genome_size_treated_as_fixed	5	iid_high_indel	0.02	factorial	421	80.0	NA	NA	0.36073310675344994
6303	condition_006	f045	85.96224895683655	NA	NA	NA	13.0851059972054	40,18,18,18	experimental_log_linear_extrapolation	insufficient_effective_reads	experimental_joint_read_delta_method;k_values_are_correlated_not_replicates;requires_independent_reads;model_bias_not_calibrated;catalogue_specificity_not_background_verified;genome_size_treated_as_fixed	5	iid_high_indel	0.0	factorial	421	80.0	NA	NA	0.07452811196045683
6303	condition_006	f046	94.24272097509962	NA	NA	NA	17.952109100860646	42,23,23,23	experimental_log_linear_extrapolation	insufficient_effective_reads	experimental_joint_read_delta_method;k_values_are_correlated_not_replicates;requires_independent_reads;model_bias_not_calibrated;catalogue_specificity_not_background_verified;genome_size_treated_as_fixed	5	iid_high_indel	0.02	factorial	421	80.0	NA	NA	0.1780340121887452
6303	condition_006	f047	70.2760839830177	NA	NA	NA	11.501898589763092	26,13,13,13	experimental_log_linear_extrapolation	insufficient_effective_reads	experimental_joint_read_delta_method;k_values_are_correlated_not_replicates;requires_independent_reads;model_bias_not_calibrated;catalogue_specificity_not_background_verified;genome_size_treated_as_fixed	5	iid_high_indel	0.0	factorial	421	80.0	NA	NA	-0.12154895021227877
6303	condition_006	f048	67.74487242946736	NA	NA	NA	11.225020926696509	25,12,12,12	experimental_log_linear_extrapolation	insufficient_effective_reads	experimental_joint_read_delta_method;k_values_are_correlated_not_replicates;requires_independent_reads;model_bias_not_calibrated;catalogue_specificity_not_background_verified;genome_size_treated_as_fixed	5	iid_high_indel	0.02	factorial	421	80.0	NA	NA	-0.15318909463165795
6303	condition_006	f049	203.9496042220596	0.03141768091386983	144.0944020032092	288.66798768080076	31.31541522062764	63,36,36,36	experimental_log_linear_extrapolation	approximate_95pct_joint_read_log_normal	experimental_joint_read_delta_method;k_values_are_correlated_not_replicates;requires_independent_reads;model_bias_not_calibrated;catalogue_specificity_not_background_verified;genome_size_treated_as_fixed	5	iid_high_indel	0.0	factorial	421	200.0	True	0.7228679283879578	0.019748021110298025
6303	condition_006	f050	205.58523160213983	0.03142882074398676	145.24106001229208	291.0009569561698	31.39823695937148	70,37,37,37	experimental_log_linear_extrapolation	approximate_95pct_joint_read_log_normal	experimental_joint_read_delta_method;k_values_are_correlated_not_replicates;requires_independent_reads;model_bias_not_calibrated;catalogue_specificity_not_background_verified;genome_size_treated_as_fixed	5	iid_high_indel	0.02	factorial	421	200.0	True	0.7287994847193885	0.02792615801069914
6303	condition_006	f051	201.10367873802477	0.029031360699377052	144.00821246674508	280.8359947617978	34.04964893600804	60,40,40,40	experimental_log_linear_extrapolation	approximate_95pct_joint_read_log_normal	experimental_joint_read_delta_method;k_values_are_correlated_not_replicates;requires_independent_reads;model_bias_not_calibrated;catalogue_specificity_not_background_verified;genome_size_treated_as_fixed	5	iid_high_indel	0.0	factorial	421	200.0	True	0.6841389114752636	0.005518393690123844
6303	condition_006	f052	236.72239782617305	0.027724565147769737	170.80806647270597	328.07287612220216	35.26087182781095	57,42,42,42	experimental_log_linear_extrapolation	approximate_95pct_joint_read_log_normal	experimental_joint_read_delta_method;k_values_are_correlated_not_replicates;requires_independent_reads;model_bias_not_calibrated;catalogue_specificity_not_background_verified;genome_size_treated_as_fixed	5	iid_high_indel	0.02	factorial	421	200.0	True	0.7863240482474809	0.18361198913086527
6303	condition_006	f053	256.07589047906157	0.025026729690591797	187.8062237519253	349.16234603206055	39.373770051916324	56,45,45,45	experimental_log_linear_extrapolation	approximate_95pct_joint_read_log_normal	experimental_joint_read_delta_method;k_values_are_correlated_not_replicates;requires_independent_reads;model_bias_not_calibrated;catalogue_specificity_not_background_verified;genome_size_treated_as_fixed	5	iid_high_indel	0.0	factorial	421	200.0	True	0.8067806114006763	0.28037945239530787
6303	condition_006	f054	172.58891091101114	0.034394922641058145	119.9914142591214	248.24219593848673	28.990594457490477	54,35,35,35	experimental_log_linear_extrapolation	approximate_95pct_joint_read_log_normal	experimental_joint_read_delta_method;k_values_are_correlated_not_replicates;requires_independent_reads;model_bias_not_calibrated;catalogue_specificity_not_background_verified;genome_size_treated_as_fixed	5	iid_high_indel	0.02	factorial	421	200.0	True	0.6412539083968266	-0.1370554454449443
6303	condition_006	megabase_171	5805.191269150591	0.0025706670649293033	5256.04565386148	6411.710987834277	351.1812163061428	374,365,365,365	experimental_log_linear_extrapolation	approximate_95pct_joint_read_log_normal	experimental_joint_read_delta_method;k_values_are_correlated_not_replicates;requires_independent_reads;model_bias_not_calibrated;catalogue_specificity_not_background_verified;genome_size_treated_as_fixed	5	iid_high_indel	0.01	megabase	171	6000.0	True	0.19261088899546622	-0.03246812180823478
6303	condition_007	f001	19.84807337390577	0.04791434096847278	12.923969284927374	30.481813131155313	20.714765086949946	23,23,23,23	experimental_log_linear_extrapolation	approximate_95pct_joint_read_log_normal	experimental_joint_read_delta_method;k_values_are_correlated_not_replicates;requires_independent_reads;model_bias_not_calibrated;catalogue_specificity_not_background_verified;genome_size_treated_as_fixed	20	error_free	0.0	factorial	61	20.0	True	0.8778921923113969	-0.0075963313047115125
6303	condition_007	f002	17.52472463570995	NA	NA	NA	18.85897446655697	63,20,20,20	experimental_log_linear_extrapolation	insufficient_effective_reads	experimental_joint_read_delta_method;k_values_are_correlated_not_replicates;requires_independent_reads;model_bias_not_calibrated;catalogue_specificity_not_background_verified;genome_size_treated_as_fixed	20	error_free	0.02	factorial	61	20.0	NA	NA	-0.12376376821450244
6303	condition_007	f003	24.51849435079955	0.039908093077543665	16.574833685349798	36.26923664166484	24.883982578734148	52,26,26,26	experimental_log_linear_extrapolation	approximate_95pct_joint_read_log_normal	experimental_joint_read_delta_method;k_values_are_correlated_not_replicates;requires_independent_reads;model_bias_not_calibrated;catalogue_specificity_not_background_verified;genome_size_treated_as_fixed	20	error_free	0.0	factorial	61	20.0	True	0.9847201478157521	0.2259247175399775
6303	condition_007	f004	22.456753027033166	0.042716658755738844	14.976852510596508	33.67234578562846	22.91592853943734	62,24,24,24	experimental_log_linear_extrapolation	approximate_95pct_joint_read_log_normal	experimental_joint_read_delta_method;k_values_are_correlated_not_replicates;requires_independent_reads;model_bias_not_calibrated;catalogue_specificity_not_background_verified;genome_size_treated_as_fixed	20	error_free	0.02	factorial	61	20.0	True	0.9347746637515975	0.12283765135165829
6303	condition_007	f005	19.91608224588402	0.04798201626606558	12.96432575250677	30.595523407618845	20.691244806824663	23,23,23,23	experimental_log_linear_extrapolation	approximate_95pct_joint_read_log_normal	experimental_joint_read_delta_method;k_values_are_correlated_not_replicates;requires_independent_reads;model_bias_not_calibrated;catalogue_specificity_not_background_verified;genome_size_treated_as_fixed	20	error_free	0.0	factorial	61	20.0	True	0.8815598827556037	-0.004195887705798995
6303	condition_007	f006	17.566434880742026	NA	NA	NA	17.730204219663996	19,19,19,19	experimental_log_linear_extrapolation	insufficient_effective_reads	experimental_joint_read_delta_method;k_values_are_correlated_not_replicates;requires_independent_reads;model_bias_not_calibrated;catalogue_specificity_not_background_verified;genome_size_treated_as_fixed	20	error_free	0.02	factorial	61	20.0	NA	NA	-0.12167825596289869
6303	condition_007	f007	101.65464382958662	0.03467655178432136	70.56990397694847	146.43163770628885	28.70319993118357	34,34,34,34	experimental_log_linear_extrapolation	approximate_95pct_joint_read_log_normal	experimental_joint_read_delta_method;k_values_are_correlated_not_replicates;requires_independent_reads;model_bias_not_calibrated;catalogue_specificity_not_background_verified;genome_size_treated_as_fixed	20	error_free	0.0	factorial	61	80.0	True	0.9482716716167549	0.2706830478698327
6303	condition_007	f008	110.04240370798804	0.030711976555880687	78.05278807969077	155.14283232865904	32.40765054400654	37,37,37,37	experimental_log_linear_extrapolation	approximate_95pct_joint_read_log_normal	experimental_joint_read_delta_method;k_values_are_correlated_not_replicates;requires_independent_reads;model_bias_not_calibrated;catalogue_specificity_not_background_verified;genome_size_treated_as_fixed	20	error_free	0.02	factorial	61	80.0	True	0.9636255531121034	0.37553004634985054
6303	condition_007	f009	45.85453129462713	NA	NA	NA	12.85024080230662	16,16,16,16	experimental_log_linear_extrapolation	insufficient_effective_reads	experimental_joint_read_delta_method;k_values_are_correlated_not_replicates;requires_independent_reads;model_bias_not_calibrated;catalogue_specificity_not_background_verified;genome_size_treated_as_fixed	20	error_free	0.0	factorial	61	80.0	NA	NA	-0.4268183588171609
6303	condition_007	f010	87.11514523520087	0.04043501491311229	58.739486583000584	129.19841440266245	24.395012686180227	32,32,32,31	experimental_log_linear_extrapolation	approximate_95pct_joint_read_log_normal	experimental_joint_read_delta_method;k_values_are_correlated_not_replicates;requires_independent_reads;model_bias_not_calibrated;catalogue_specificity_not_background_verified;genome_size_treated_as_fixed	20	error_free	0.02	factorial	61	80.0	True	0.8807365977457733	0.08893931544001088
6303	condition_007	f011	76.31167648906273	0.04342527002976723	50.72375506067716	114.80758791625684	22.90376536699604	29,29,29,29	experimental_log_linear_extrapolation	approximate_95pct_joint_read_log_normal	experimental_joint_read_delta_method;k_values_are_correlated_not_replicates;requires_independent_reads;model_bias_not_calibrated;catalogue_specificity_not_background_verified;genome_size_treated_as_fixed	20	error_free	0.0	factorial	61	80.0	True	0.8010479106947459	-0.04610404388671583
6303	condition_007	f012	76.2317096893133	0.04645784331774553	49.96512576781951	116.30659330589633	21.178313161618576	28,28,28,28	experimental_log_linear_extrapolation	approximate_95pct_joint_read_log_normal	experimental_joint_read_delta_method;k_values_are_correlated_not_replicates;requires_independent_reads;model_bias_not_calibrated;catalogue_specificity_not_background_verified;genome_size_treated_as_fixed	20	error_free	0.02	factorial	61	80.0	True	0.8292683442259602	-0.04710362888358368
6303	condition_007	f013	165.7141907790739	0.042764060456236055	110.4932395663583	248.5327892759546	23.2894518567263	31,31,31,31	experimental_log_linear_extrapolation	approximate_95pct_joint_read_log_normal	experimental_joint_read_delta_method;k_values_are_correlated_not_replicates;requires_independent_reads;model_bias_not_calibrated;catalogue_specificity_not_background_verified;genome_size_treated_as_fixed	20	error_free	0.0	factorial	61	200.0	True	0.6901977485479815	-0.1714290461046305
6303	condition_007	f014	215.41736728247105	0.03506082301985555	149.24410248985436	310.93116145119114	28.463407127640828	53,37,37,37	experimental_log_linear_extrapolation	approximate_95pct_joint_read_log_normal	experimental_joint_read_delta_method;k_values_are_correlated_not_replicates;requires_independent_reads;model_bias_not_calibrated;catalogue_specificity_not_background_verified;genome_size_treated_as_fixed	20	error_free	0.02	factorial	61	200.0	True	0.808435294806684	0.07708683641235524
6303	condition_007	f015	223.45956729083628	0.03044882692806118	158.73319396691463	314.579307364128	32.67533443483646	67,44,44,44	experimental_log_linear_extrapolation	approximate_95pct_joint_read_log_normal	experimental_joint_read_delta_method;k_values_are_correlated_not_replicates;requires_independent_reads;model_bias_not_calibrated;catalogue_specificity_not_background_verified;genome_size_treated_as_fixed	20	error_free	0.0	factorial	61	200.0	True	0.7792305669860669	0.11729783645418138
6303	condition_007	f016	219.594147682723	0.030441042149155908	155.99423614111018	309.124175927122	32.47265296008302	61,41,41,41	experimental_log_linear_extrapolation	approximate_95pct_joint_read_log_normal	experimental_joint_read_delta_method;k_values_are_correlated_not_replicates;requires_independent_reads;model_bias_not_calibrated;catalogue_specificity_not_background_verified;genome_size_treated_as_fixed	20	error_free	0.02	factorial	61	200.0	True	0.7656496989300591	0.09797073841361495
6303	condition_007	f017	275.9791799475413	0.026174286510258066	200.98559898751517	378.9550502533694	38.03196864071348	68,47,47,47	experimental_log_linear_extrapolation	approximate_95pct_joint_read_log_normal	experimental_joint_read_delta_method;k_values_are_correlated_not_replicates;requires_independent_reads;model_bias_not_calibrated;catalogue_specificity_not_background_verified;genome_size_treated_as_fixed	20	error_free	0.0	factorial	61	200.0	False	0.8898472563292711	0.3798958997377065
6303	condition_007	f018	140.29059778190341	0.048083540044154764	91.28037961341917	215.61535906573317	20.8122256633063	33,33,33,33	experimental_log_linear_extrapolation	approximate_95pct_joint_read_log_normal	experimental_joint_read_delta_method;k_values_are_correlated_not_replicates;requires_independent_reads;model_bias_not_calibrated;catalogue_specificity_not_background_verified;genome_size_treated_as_fixed	20	error_free	0.02	factorial	61	200.0	True	0.62167489726157	-0.2985470110904829
6303	condition_007	f019	22.40703094576826	0.04222991119074971	14.978319786321162	33.520117273977064	23.534253332885843	47,26,26,26	experimental_log_linear_extrapolation	approximate_95pct_joint_read_log_normal	experimental_joint_read_delta_method;k_values_are_correlated_not_replicates;requires_independent_reads;model_bias_not_calibrated;catalogue_specificity_not_background_verified;genome_size_treated_as_fixed	20	error_free	0.0	factorial	171	20.0	True	0.9270898743827951	0.12035154728841295
6303	condition_007	f020	24.19673233919565	0.0372226604859227	16.578029814411078	35.31673319743486	26.664246916035786	104,30,30,30	experimental_log_linear_extrapolation	approximate_95pct_joint_read_log_normal	experimental_joint_read_delta_method;k_values_are_correlated_not_replicates;requires_independent_reads;model_bias_not_calibrated;catalogue_specificity_not_background_verified;genome_size_treated_as_fixed	20	error_free	0.02	factorial	171	20.0	True	0.9369351691511889	0.20983661695978242
6303	condition_007	f021	27.12520573668935	0.03448133186882759	18.850034633968836	39.03317954290721	28.666748668910795	117,31,31,31	experimental_log_linear_extrapolation	approximate_95pct_joint_read_log_normal	experimental_joint_read_delta_method;k_values_are_correlated_not_replicates;requires_independent_reads;model_bias_not_calibrated;catalogue_specificity_not_background_verified;genome_size_treated_as_fixed	20	error_free	0.0	factorial	171	20.0	True	1.0091572454469189	0.3562602868344674
6303	condition_007	f022	14.871532719010856	NA	NA	NA	15.23642983121678	54,19,19,19	experimental_log_linear_extrapolation	insufficient_effective_reads	experimental_joint_read_delta_method;k_values_are_correlated_not_replicates;requires_independent_reads;model_bias_not_calibrated;catalogue_specificity_not_background_verified;genome_size_treated_as_fixed	20	error_free	0.02	factorial	171	20.0	NA	NA	-0.2564233640494572
6303	condition_007	f023	21.825670701554568	0.03849301942783005	14.858156800230258	32.06049767662402	25.82247943583294	52,30,30,30	experimental_log_linear_extrapolation	approximate_95pct_joint_read_log_normal	experimental_joint_read_delta_method;k_values_are_correlated_not_replicates;requires_independent_reads;model_bias_not_calibrated;catalogue_specificity_not_background_verified;genome_size_treated_as_fixed	20	error_free	0.0	factorial	171	20.0	True	0.8601170438196879	0.09128353507772839
6303	condition_007	f024	18.231084486742812	NA	NA	NA	18.849341348321794	34,21,21,21	experimental_log_linear_extrapolation	insufficient_effective_reads	experimental_joint_read_delta_method;k_values_are_correlated_not_replicates;requires_independent_reads;model_bias_not_calibrated;catalogue_specificity_not_background_verified;genome_size_treated_as_fixed	20	error_free	0.02	factorial	171	20.0	NA	NA	-0.08844577566285938
6303	condition_007	f025	51.43568406078602	NA	NA	NA	19.699379955546384	118,28,28,28	experimental_log_linear_extrapolation	insufficient_effective_reads	experimental_joint_read_delta_method;k_values_are_correlated_not_replicates;requires_independent_reads;model_bias_not_calibrated;catalogue_specificity_not_background_verified;genome_size_treated_as_fixed	20	error_free	0.0	factorial	171	80.0	NA	NA	-0.3570539492401747
6303	condition_007	f026	85.684532093569	0.031236764885815508	60.59847588751672	121.15550651342826	31.90123365963059	148,43,43,43	experimental_log_linear_extrapolation	approximate_95pct_joint_read_log_normal	experimental_joint_read_delta_method;k_values_are_correlated_not_replicates;requires_independent_reads;model_bias_not_calibrated;catalogue_specificity_not_background_verified;genome_size_treated_as_fixed	20	error_free	0.02	factorial	171	80.0	True	0.7569628828238943	0.07105665116961254
6303	condition_007	f027	93.19783110738217	0.028933030671928598	66.77576520834769	130.0746714922603	34.37827767876566	71,49,48,48	experimental_log_linear_extrapolation	approximate_95pct_joint_read_log_normal	experimental_joint_read_delta_method;k_values_are_correlated_not_replicates;requires_independent_reads;model_bias_not_calibrated;catalogue_specificity_not_background_verified;genome_size_treated_as_fixed	20	error_free	0.0	factorial	171	80.0	True	0.7912363285489077	0.16497288884227715
6303	condition_007	f028	88.54271160516103	0.028134653043670677	63.73492575417932	123.00652563136677	35.71418182233533	72,46,45,45	experimental_log_linear_extrapolation	approximate_95pct_joint_read_log_normal	experimental_joint_read_delta_method;k_values_are_correlated_not_replicates;requires_independent_reads;model_bias_not_calibrated;catalogue_specificity_not_background_verified;genome_size_treated_as_fixed	20	error_free	0.02	factorial	171	80.0	True	0.7408949984648431	0.10678389506451288
6303	condition_007	f029	93.84279479864908	0.029995436961641232	66.83126998773872	131.7717011398564	33.179026876717515	60,43,43,43	experimental_log_linear_extrapolation	approximate_95pct_joint_read_log_normal	experimental_joint_read_delta_method;k_values_are_correlated_not_replicates;requires_independent_reads;model_bias_not_calibrated;catalogue_specificity_not_background_verified;genome_size_treated_as_fixed	20	error_free	0.0	factorial	171	80.0	True	0.8117553894014709	0.1730349349831135
6303	condition_007	f030	84.09413339897378	0.03499890513346587	58.2804589537618	121.34124197160148	28.339573748617735	49,35,35,35	experimental_log_linear_extrapolation	approximate_95pct_joint_read_log_normal	experimental_joint_read_delta_method;k_values_are_correlated_not_replicates;requires_independent_reads;model_bias_not_calibrated;catalogue_specificity_not_background_verified;genome_size_treated_as_fixed	20	error_free	0.02	factorial	171	80.0	True	0.788259787722996	0.05117666748717227
6303	condition_007	f031	227.2552279967998	0.015857870284382264	177.5512541155856	290.8734095353484	62.63756058869344	137,84,84,84	experimental_log_linear_extrapolation	approximate_95pct_joint_read_log_normal	experimental_joint_read_delta_method;k_values_are_correlated_not_replicates;requires_independent_reads;model_bias_not_calibrated;catalogue_specificity_not_background_verified;genome_size_treated_as_fixed	20	error_free	0.0	factorial	171	200.0	True	0.566610777098814	0.13627613998399896
6303	condition_007	f032	203.8744091961453	0.017844700874176226	156.9118555562877	264.8925065459258	55.92200178851821	202,67,67,67	experimental_log_linear_extrapolation	approximate_95pct_joint_read_log_normal	experimental_joint_read_delta_method;k_values_are_correlated_not_replicates;requires_independent_reads;model_bias_not_calibrated;catalogue_specificity_not_background_verified;genome_size_treated_as_fixed	20	error_free	0.02	factorial	171	200.0	True	0.5399032549481906	0.01937204598072654
6303	condition_007	f033	231.45571066832068	0.015014234524560988	182.04048110189638	294.2847968578528	66.22048405876546	125,81,81,81	experimental_log_linear_extrapolation	approximate_95pct_joint_read_log_normal	experimental_joint_read_delta_method;k_values_are_correlated_not_replicates;requires_independent_reads;model_bias_not_calibrated;catalogue_specificity_not_background_verified;genome_size_treated_as_fixed	20	error_free	0.0	factorial	171	200.0	True	0.5612215787797823	0.15727855334160337
6303	condition_007	f034	180.23931297344845	0.018853133034353906	137.7126509690098	235.8985155870048	52.350845367406045	154,69,69,69	experimental_log_linear_extrapolation	approximate_95pct_joint_read_log_normal	experimental_joint_read_delta_method;k_values_are_correlated_not_replicates;requires_independent_reads;model_bias_not_calibrated;catalogue_specificity_not_background_verified;genome_size_treated_as_fixed	20	error_free	0.02	factorial	171	200.0	True	0.49092932308997506	-0.09880343513275776
6303	condition_007	f035	200.71372435721506	0.017582738155679827	154.7774955498905	260.28331187435737	56.58715858979483	93,68,68,68	experimental_log_linear_extrapolation	approximate_95pct_joint_read_log_normal	experimental_joint_read_delta_method;k_values_are_correlated_not_replicates;requires_independent_reads;model_bias_not_calibrated;catalogue_specificity_not_background_verified;genome_size_treated_as_fixed	20	error_free	0.0	factorial	171	200.0	True	0.5275290816223344	0.0035686217860752835
6303	condition_007	f036	200.76676927166076	0.0174147270933604	155.01121803066485	260.0282492832651	57.413480465671945	73,73,73,73	experimental_log_linear_extrapolation	approximate_95pct_joint_read_log_normal	experimental_joint_read_delta_method;k_values_are_correlated_not_replicates;requires_independent_reads;model_bias_not_calibrated;catalogue_specificity_not_background_verified;genome_size_treated_as_fixed	20	error_free	0.02	factorial	171	200.0	True	0.5250851562630012	0.0038338463583038164
6303	condition_007	f037	23.253792531590907	0.03538642612306813	16.083178662261417	33.621392789169015	28.04567627226235	209,35,35,35	experimental_log_linear_extrapolation	approximate_95pct_joint_read_log_normal	experimental_joint_read_delta_method;k_values_are_correlated_not_replicates;requires_independent_reads;model_bias_not_calibrated;catalogue_specificity_not_background_verified;genome_size_treated_as_fixed	20	error_free	0.0	factorial	421	20.0	True	0.8769107063453798	0.16268962657954536
6303	condition_007	f038	19.310632947723434	0.037400513453535726	13.218459201647772	28.21059089815984	26.539854374048076	170,34,34,34	experimental_log_linear_extrapolation	approximate_95pct_joint_read_log_normal	experimental_joint_read_delta_method;k_values_are_correlated_not_replicates;requires_independent_reads;model_bias_not_calibrated;catalogue_specificity_not_background_verified;genome_size_treated_as_fixed	20	error_free	0.02	factorial	421	20.0	True	0.7496065848256034	-0.0344683526138283
6303	condition_007	f039	20.919969221282283	0.035735307324774965	14.442811222587707	30.30193398463499	27.779269513437722	115,38,38,38	experimental_log_linear_extrapolation	approximate_95pct_joint_read_log_normal	experimental_joint_read_delta_method;k_values_are_correlated_not_replicates;requires_independent_reads;model_bias_not_calibrated;catalogue_specificity_not_background_verified;genome_size_treated_as_fixed	20	error_free	0.0	factorial	421	20.0	True	0.7929561381023641	0.04599846106411416
6303	condition_007	f040	15.965053724715009	NA	NA	NA	19.506007457892114	229,26,26,26	experimental_log_linear_extrapolation	insufficient_effective_reads	experimental_joint_read_delta_method;k_values_are_correlated_not_replicates;requires_independent_reads;model_bias_not_calibrated;catalogue_specificity_not_background_verified;genome_size_treated_as_fixed	20	error_free	0.02	factorial	421	20.0	NA	NA	-0.20174731376424954
6303	condition_007	f041	21.73630175484138	0.03606924528216949	14.980498543884327	31.538791088524988	27.589469623666698	75,33,33,33	experimental_log_linear_extrapolation	approximate_95pct_joint_read_log_normal	experimental_joint_read_delta_method;k_values_are_correlated_not_replicates;requires_independent_reads;model_bias_not_calibrated;catalogue_specificity_not_background_verified;genome_size_treated_as_fixed	20	error_free	0.0	factorial	421	20.0	True	0.827914627232033	0.08681508774206907
6303	condition_007	f042	21.23558888016235	0.039641612898599306	14.374354966014634	31.37185885234217	25.1933312588277	46,31,31,31	experimental_log_linear_extrapolation	approximate_95pct_joint_read_log_normal	experimental_joint_read_delta_method;k_values_are_correlated_not_replicates;requires_independent_reads;model_bias_not_calibrated;catalogue_specificity_not_background_verified;genome_size_treated_as_fixed	20	error_free	0.02	factorial	421	20.0	True	0.8498751943163768	0.0617794440081175
6303	condition_007	f043	103.44778410892017	0.014498881695552095	81.70091231182248	130.9831644988524	68.52726614903659	175,86,86,86	experimental_log_linear_extrapolation	approximate_95pct_joint_read_log_normal	experimental_joint_read_delta_method;k_values_are_correlated_not_replicates;requires_independent_reads;model_bias_not_calibrated;catalogue_specificity_not_background_verified;genome_size_treated_as_fixed	20	error_free	0.0	factorial	421	80.0	False	0.6160281523378741	0.2930973013615022
6303	condition_007	f044	89.76978669593511	0.016260834730709873	69.9176291862038	115.25869365467301	60.10479642013094	234,74,74,74	experimental_log_linear_extrapolation	approximate_95pct_joint_read_log_normal	experimental_joint_read_delta_method;k_values_are_correlated_not_replicates;requires_independent_reads;model_bias_not_calibrated;catalogue_specificity_not_background_verified;genome_size_treated_as_fixed	20	error_free	0.02	factorial	421	80.0	True	0.5667633058558652	0.12212233369918887
6303	condition_007	f045	77.02623066645228	0.018054541496226085	59.1922825218159	100.23334052872237	55.061336481349116	135,69,69,69	experimental_log_linear_extrapolation	approximate_95pct_joint_read_log_normal	experimental_joint_read_delta_method;k_values_are_correlated_not_replicates;requires_independent_reads;model_bias_not_calibrated;catalogue_specificity_not_background_verified;genome_size_treated_as_fixed	20	error_free	0.0	factorial	421	80.0	True	0.5130132250863308	-0.03717211666934652
6303	condition_007	f046	79.70564262535429	0.01722796987110702	61.626045680588476	103.08935769217811	58.5275383277705	186,74,74,74	experimental_log_linear_extrapolation	approximate_95pct_joint_read_log_normal	experimental_joint_read_delta_method;k_values_are_correlated_not_replicates;requires_independent_reads;model_bias_not_calibrated;catalogue_specificity_not_background_verified;genome_size_treated_as_fixed	20	error_free	0.02	factorial	421	80.0	True	0.5182914001448704	-0.0036794671830714166
6303	condition_007	f047	90.45824291067288	0.016397441367809216	70.38006549046058	116.26436624437918	60.662355844290445	113,72,72,72	experimental_log_linear_extrapolation	approximate_95pct_joint_read_log_normal	experimental_joint_read_delta_method;k_values_are_correlated_not_replicates;requires_independent_reads;model_bias_not_calibrated;catalogue_specificity_not_background_verified;genome_size_treated_as_fixed	20	error_free	0.0	factorial	421	80.0	True	0.5735537594239825	0.130728036383411
6303	condition_007	f048	74.00402395511857	0.01979801511865853	56.167703143953744	97.50435312467106	50.0168936095668	96,60,60,60	experimental_log_linear_extrapolation	approximate_95pct_joint_read_log_normal	experimental_joint_read_delta_method;k_values_are_correlated_not_replicates;requires_independent_reads;model_bias_not_calibrated;catalogue_specificity_not_background_verified;genome_size_treated_as_fixed	20	error_free	0.02	factorial	421	80.0	True	0.5167081247589664	-0.07494970056101788
6303	condition_007	f049	223.69021894087206	0.006858640231875357	190.17486419358715	263.11213241556544	144.24170147446242	311,163,163,163	experimental_log_linear_extrapolation	approximate_95pct_joint_read_log_normal	experimental_joint_read_delta_method;k_values_are_correlated_not_replicates;requires_independent_reads;model_bias_not_calibrated;catalogue_specificity_not_background_verified;genome_size_treated_as_fixed	20	error_free	0.0	factorial	421	200.0	True	0.36468634110989145	0.11845109470436029
6303	condition_007	f050	228.9733368877335	0.007070336956732605	194.18307754113815	269.9966941990418	139.72228372203216	277,154,154,154	experimental_log_linear_extrapolation	approximate_95pct_joint_read_log_normal	experimental_joint_read_delta_method;k_values_are_correlated_not_replicates;requires_independent_reads;model_bias_not_calibrated;catalogue_specificity_not_background_verified;genome_size_treated_as_fixed	20	error_free	0.02	factorial	421	200.0	True	0.3790680832895184	0.1448666844386675
6303	condition_007	f051	201.19204471396708	0.00778739987181049	169.23705679758143	239.18070676803094	127.17076900551882	215,146,146,146	experimental_log_linear_extrapolation	approximate_95pct_joint_read_log_normal	experimental_joint_read_delta_method;k_values_are_correlated_not_replicates;requires_independent_reads;model_bias_not_calibrated;catalogue_specificity_not_background_verified;genome_size_treated_as_fixed	20	error_free	0.0	factorial	421	200.0	True	0.3497182498522476	0.005960223569835392
6303	condition_007	f052	181.35479956602606	0.008950839069120947	150.65995522075391	218.30328621458955	110.29815166116089	183,127,127,127	experimental_log_linear_extrapolation	approximate_95pct_joint_read_log_normal	experimental_joint_read_delta_method;k_values_are_correlated_not_replicates;requires_independent_reads;model_bias_not_calibrated;catalogue_specificity_not_background_verified;genome_size_treated_as_fixed	20	error_free	0.02	factorial	421	200.0	True	0.3382166549691782	-0.0932260021698697
6303	condition_007	f053	194.86759335564673	0.007688146348209092	164.09845935620658	231.40606614589433	128.84176061165886	207,147,147,147	experimental_log_linear_extrapolation	approximate_95pct_joint_read_log_normal	experimental_joint_read_delta_method;k_values_are_correlated_not_replicates;requires_independent_reads;model_bias_not_calibrated;catalogue_specificity_not_background_verified;genome_size_treated_as_fixed	20	error_free	0.0	factorial	421	200.0	True	0.3365380339484388	-0.025662033221766335
6303	condition_007	f054	190.0256080251548	0.008005647875324193	159.45989742918547	226.45023788106815	124.06098057605115	203,145,145,145	experimental_log_linear_extrapolation	approximate_95pct_joint_read_log_normal	experimental_joint_read_delta_method;k_values_are_correlated_not_replicates;requires_independent_reads;model_bias_not_calibrated;catalogue_specificity_not_background_verified;genome_size_treated_as_fixed	20	error_free	0.02	factorial	421	200.0	True	0.33495170225941334	-0.04987195987422595
6303	condition_007	megabase_171	5910.60808906988	0.0006265416108971904	5627.634675821554	6207.810207132583	1433.5391534675025	1526,1495,1495,1495	experimental_log_linear_extrapolation	approximate_95pct_joint_read_log_normal	experimental_joint_read_delta_method;k_values_are_correlated_not_replicates;requires_independent_reads;model_bias_not_calibrated;catalogue_specificity_not_background_verified;genome_size_treated_as_fixed	20	error_free	0.01	megabase	171	6000.0	True	0.09669592188517148	-0.0148986518216866
6303	condition_008	f001	19.910905421598248	0.047923109952564824	12.964373094908346	30.579508303685795	20.613603981443315	24,23,23,23	experimental_log_linear_extrapolation	approximate_95pct_joint_read_log_normal	experimental_joint_read_delta_method;k_values_are_correlated_not_replicates;requires_independent_reads;model_bias_not_calibrated;catalogue_specificity_not_background_verified;genome_size_treated_as_fixed	20	iid_low_indel	0.0	factorial	61	20.0	True	0.8807567604388724	-0.004454728920087625
6303	condition_008	f002	17.62387635977927	NA	NA	NA	18.879239287726886	62,20,20,20	experimental_log_linear_extrapolation	insufficient_effective_reads	experimental_joint_read_delta_method;k_values_are_correlated_not_replicates;requires_independent_reads;model_bias_not_calibrated;catalogue_specificity_not_background_verified;genome_size_treated_as_fixed	20	iid_low_indel	0.02	factorial	61	20.0	NA	NA	-0.11880618201103647
6303	condition_008	f003	24.592673624168803	0.039907507265369395	16.62502765304565	36.37886255630322	24.876862331330976	51,26,26,26	experimental_log_linear_extrapolation	approximate_95pct_joint_read_log_normal	experimental_joint_read_delta_method;k_values_are_correlated_not_replicates;requires_independent_reads;model_bias_not_calibrated;catalogue_specificity_not_background_verified;genome_size_treated_as_fixed	20	iid_low_indel	0.0	factorial	61	20.0	True	0.9876917451628785	0.22963368120844016
6303	condition_008	f004	22.60715641173886	0.04270857186613411	15.077737662763063	33.89656541690799	22.876305812464164	60,24,24,24	experimental_log_linear_extrapolation	approximate_95pct_joint_read_log_normal	experimental_joint_read_delta_method;k_values_are_correlated_not_replicates;requires_independent_reads;model_bias_not_calibrated;catalogue_specificity_not_background_verified;genome_size_treated_as_fixed	20	iid_low_indel	0.02	factorial	61	20.0	True	0.9409413877072463	0.13035782058694298
6303	condition_008	f005	20.019985955400895	0.047990549997970436	13.031464113909212	30.75631672320326	20.702335007592655	23,23,23,23	experimental_log_linear_extrapolation	approximate_95pct_joint_read_log_normal	experimental_joint_read_delta_method;k_values_are_correlated_not_replicates;requires_independent_reads;model_bias_not_calibrated;catalogue_specificity_not_background_verified;genome_size_treated_as_fixed	20	iid_low_indel	0.0	factorial	61	20.0	True	0.8862426304647023	0.0009992977700447269
6303	condition_008	f006	17.65934891639508	NA	NA	NA	17.611758050536835	19,19,19,19	experimental_log_linear_extrapolation	insufficient_effective_reads	experimental_joint_read_delta_method;k_values_are_correlated_not_replicates;requires_independent_reads;model_bias_not_calibrated;catalogue_specificity_not_background_verified;genome_size_treated_as_fixed	20	iid_low_indel	0.02	factorial	61	20.0	NA	NA	-0.11703255418024608
6303	condition_008	f007	101.90825060141316	0.03468162829016065	70.74407099019123	146.80087525752313	28.703553330407406	35,34,34,34	experimental_log_linear_extrapolation	approximate_95pct_joint_read_log_normal	experimental_joint_read_delta_method;k_values_are_correlated_not_replicates;requires_independent_reads;model_bias_not_calibrated;catalogue_specificity_not_background_verified;genome_size_treated_as_fixed	20	iid_low_indel	0.0	factorial	61	80.0	True	0.9507100533416487	0.27385313251766447
6303	condition_008	f008	110.40027355364805	0.030693972678297564	78.31450945043895	155.63170204665064	32.2793849659806	39,37,37,37	experimental_log_linear_extrapolation	approximate_95pct_joint_read_log_normal	experimental_joint_read_delta_method;k_values_are_correlated_not_replicates;requires_independent_reads;model_bias_not_calibrated;catalogue_specificity_not_background_verified;genome_size_treated_as_fixed	20	iid_low_indel	0.02	factorial	61	80.0	True	0.9664649074526462	0.3800034194206006
6303	condition_008	f009	45.98418645321511	NA	NA	NA	12.836844296782484	17,16,16,16	experimental_log_linear_extrapolation	insufficient_effective_reads	experimental_joint_read_delta_method;k_values_are_correlated_not_replicates;requires_independent_reads;model_bias_not_calibrated;catalogue_specificity_not_background_verified;genome_size_treated_as_fixed	20	iid_low_indel	0.0	factorial	61	80.0	NA	NA	-0.4251976693348111
6303	condition_008	f010	87.85884339897278	0.040514732457904004	59.21794357290979	130.35198282259307	24.477078363697046	32,32,32,31	experimental_log_linear_extrapolation	approximate_95pct_joint_read_log_normal	experimental_joint_read_delta_method;k_values_are_correlated_not_replicates;requires_independent_reads;model_bias_not_calibrated;catalogue_specificity_not_background_verified;genome_size_treated_as_fixed	20	iid_low_indel	0.02	factorial	61	80.0	True	0.8891754906210411	0.09823554248715975
6303	condition_008	f011	76.35589184434787	0.043435660546762525	50.750664886203865	114.87972093407278	22.85100975912651	29,29,29,29	experimental_log_linear_extrapolation	approximate_95pct_joint_read_log_normal	experimental_joint_read_delta_method;k_values_are_correlated_not_replicates;requires_independent_reads;model_bias_not_calibrated;catalogue_specificity_not_background_verified;genome_size_treated_as_fixed	20	iid_low_indel	0.0	factorial	61	80.0	True	0.8016132005983614	-0.04555135194565167
6303	condition_008	f012	76.18201365678348	0.04628676634488049	49.971442709097914	116.14031715249453	21.024002192095416	28,28,28,28	experimental_log_linear_extrapolation	approximate_95pct_joint_read_log_normal	experimental_joint_read_delta_method;k_values_are_correlated_not_replicates;requires_independent_reads;model_bias_not_calibrated;catalogue_specificity_not_background_verified;genome_size_treated_as_fixed	20	iid_low_indel	0.02	factorial	61	80.0	True	0.8271109305424578	-0.04772482929020647
6303	condition_008	f013	166.27574954784677	0.04275997962178031	110.86981417803625	249.37017431364438	23.31833115550624	32,31,31,31	experimental_log_linear_extrapolation	approximate_95pct_joint_read_log_normal	experimental_joint_read_delta_method;k_values_are_correlated_not_replicates;requires_independent_reads;model_bias_not_calibrated;catalogue_specificity_not_background_verified;genome_size_treated_as_fixed	20	iid_low_indel	0.0	factorial	61	200.0	True	0.6925018006780407	-0.16862125226076613
6303	condition_008	f014	216.12252056622557	0.035062262393989546	149.7315143895491	311.9513222472208	28.38869532883834	50,37,37,37	experimental_log_linear_extrapolation	approximate_95pct_joint_read_log_normal	experimental_joint_read_delta_method;k_values_are_correlated_not_replicates;requires_independent_reads;model_bias_not_calibrated;catalogue_specificity_not_background_verified;genome_size_treated_as_fixed	20	iid_low_indel	0.02	factorial	61	200.0	True	0.8110990392883585	0.08061260283112787
6303	condition_008	f015	223.89234727819814	0.030458392610407514	159.03207368184826	315.2054928870792	32.64976340161821	66,44,44,44	experimental_log_linear_extrapolation	approximate_95pct_joint_read_log_normal	experimental_joint_read_delta_method;k_values_are_correlated_not_replicates;requires_independent_reads;model_bias_not_calibrated;catalogue_specificity_not_background_verified;genome_size_treated_as_fixed	20	iid_low_indel	0.0	factorial	61	200.0	True	0.7808670960261546	0.11946173639099072
6303	condition_008	f016	220.47766147655483	0.030445002360124537	156.6183787326328	310.37480788352656	32.401106990882056	59,41,41,41	experimental_log_linear_extrapolation	approximate_95pct_joint_read_log_normal	experimental_joint_read_delta_method;k_values_are_correlated_not_replicates;requires_independent_reads;model_bias_not_calibrated;catalogue_specificity_not_background_verified;genome_size_treated_as_fixed	20	iid_low_indel	0.02	factorial	61	200.0	True	0.7687821457544688	0.10238830738277414
6303	condition_008	f017	276.5342318845035	0.026170561018266616	201.39436800261862	379.70863913611555	38.00512745456104	66,47,47,47	experimental_log_linear_extrapolation	approximate_95pct_joint_read_log_normal	experimental_joint_read_delta_method;k_values_are_correlated_not_replicates;requires_independent_reads;model_bias_not_calibrated;catalogue_specificity_not_background_verified;genome_size_treated_as_fixed	20	iid_low_indel	0.0	factorial	61	200.0	False	0.8915713556674847	0.3826711594225176
6303	condition_008	f018	141.23685353817658	0.04802035396287793	91.92202520722668	217.00836934776422	20.850570179774635	33,33,33,33	experimental_log_linear_extrapolation	approximate_95pct_joint_read_log_normal	experimental_joint_read_delta_method;k_values_are_correlated_not_replicates;requires_independent_reads;model_bias_not_calibrated;catalogue_specificity_not_background_verified;genome_size_treated_as_fixed	20	iid_low_indel	0.02	factorial	61	200.0	True	0.6254317207026877	-0.2938157323091171
6303	condition_008	f019	22.465092112250886	0.04223086330258709	15.017063470399924	33.607127292675465	23.525876264332663	51,26,26,26	experimental_log_linear_extrapolation	approximate_95pct_joint_read_log_normal	experimental_joint_read_delta_method;k_values_are_correlated_not_replicates;requires_independent_reads;model_bias_not_calibrated;catalogue_specificity_not_background_verified;genome_size_treated_as_fixed	20	iid_low_indel	0.0	factorial	171	20.0	True	0.929503191113777	0.12325460561254431
6303	condition_008	f020	24.26399775530181	0.03713277102740577	16.631712381304652	35.39873547423071	26.488884323462738	105,30,30,30	experimental_log_linear_extrapolation	approximate_95pct_joint_read_log_normal	experimental_joint_read_delta_method;k_values_are_correlated_not_replicates;requires_independent_reads;model_bias_not_calibrated;catalogue_specificity_not_background_verified;genome_size_treated_as_fixed	20	iid_low_indel	0.02	factorial	171	20.0	True	0.938351154646303	0.2131998877650904
6303	condition_008	f021	27.16994838000441	0.034471458355013855	18.88211143850524	39.09552686288682	28.588883718977883	119,31,31,31	experimental_log_linear_extrapolation	approximate_95pct_joint_read_log_normal	experimental_joint_read_delta_method;k_values_are_correlated_not_replicates;requires_independent_reads;model_bias_not_calibrated;catalogue_specificity_not_background_verified;genome_size_treated_as_fixed	20	iid_low_indel	0.0	factorial	171	20.0	True	1.010670771219079	0.3584974190002205
6303	condition_008	f022	14.866106398091272	NA	NA	NA	15.089790310756557	51,19,19,19	experimental_log_linear_extrapolation	insufficient_effective_reads	experimental_joint_read_delta_method;k_values_are_correlated_not_replicates;requires_independent_reads;model_bias_not_calibrated;catalogue_specificity_not_background_verified;genome_size_treated_as_fixed	20	iid_low_indel	0.02	factorial	171	20.0	NA	NA	-0.2566946800954364
6303	condition_008	f023	21.86433050345355	0.03846765910539033	14.886360929264653	32.11321763833277	25.834057099683307	59,30,30,30	experimental_log_linear_extrapolation	approximate_95pct_joint_read_log_normal	experimental_joint_read_delta_method;k_values_are_correlated_not_replicates;requires_independent_reads;model_bias_not_calibrated;catalogue_specificity_not_background_verified;genome_size_treated_as_fixed	20	iid_low_indel	0.0	factorial	171	20.0	True	0.8613428354534058	0.09321652517267758
6303	condition_008	f024	18.213610460843906	NA	NA	NA	18.82682204227679	34,21,21,21	experimental_log_linear_extrapolation	insufficient_effective_reads	experimental_joint_read_delta_method;k_values_are_correlated_not_replicates;requires_independent_reads;model_bias_not_calibrated;catalogue_specificity_not_background_verified;genome_size_treated_as_fixed	20	iid_low_indel	0.02	factorial	171	20.0	NA	NA	-0.08931947695780469
6303	condition_008	f025	51.56574505212714	NA	NA	NA	19.74316889677969	121,28,28,28	experimental_log_linear_extrapolation	insufficient_effective_reads	experimental_joint_read_delta_method;k_values_are_correlated_not_replicates;requires_independent_reads;model_bias_not_calibrated;catalogue_specificity_not_background_verified;genome_size_treated_as_fixed	20	iid_low_indel	0.0	factorial	171	80.0	NA	NA	-0.3554281868484107
6303	condition_008	f026	85.92346548923985	0.031244995624560904	60.764683165212844	121.4988960216811	31.850674078704056	145,43,43,43	experimental_log_linear_extrapolation	approximate_95pct_joint_read_log_normal	experimental_joint_read_delta_method;k_values_are_correlated_not_replicates;requires_independent_reads;model_bias_not_calibrated;catalogue_specificity_not_background_verified;genome_size_treated_as_fixed	20	iid_low_indel	0.02	factorial	171	80.0	True	0.7591776607058532	0.07404331861549807
6303	condition_008	f027	93.5080576729328	0.02892756716186496	67.00014997008344	130.50354146473916	34.258064499096044	71,49,48,48	experimental_log_linear_extrapolation	approximate_95pct_joint_read_log_normal	experimental_joint_read_delta_method;k_values_are_correlated_not_replicates;requires_independent_reads;model_bias_not_calibrated;catalogue_specificity_not_background_verified;genome_size_treated_as_fixed	20	iid_low_indel	0.0	factorial	171	80.0	True	0.7937923936831964	0.16885072091165992
6303	condition_008	f028	88.46128723069049	0.028120649399886868	63.68152536327532	122.88335265008548	35.707882819348036	72,46,45,45	experimental_log_linear_extrapolation	approximate_95pct_joint_read_log_normal	experimental_joint_read_delta_method;k_values_are_correlated_not_replicates;requires_independent_reads;model_bias_not_calibrated;catalogue_specificity_not_background_verified;genome_size_treated_as_fixed	20	iid_low_indel	0.02	factorial	171	80.0	True	0.7400228410851271	0.10576609038363109
6303	condition_008	f029	94.04227968012971	0.02999599363951174	66.97312457783701	132.0522287586745	33.16421350791921	60,43,43,43	experimental_log_linear_extrapolation	approximate_95pct_joint_read_log_normal	experimental_joint_read_delta_method;k_values_are_correlated_not_replicates;requires_independent_reads;model_bias_not_calibrated;catalogue_specificity_not_background_verified;genome_size_treated_as_fixed	20	iid_low_indel	0.0	factorial	171	80.0	True	0.8134888022604685	0.17552849600162138
6303	condition_008	f030	84.33336222065138	0.03494782090559211	58.4619014202735	121.65386021764321	28.312001746266453	51,35,35,35	experimental_log_linear_extrapolation	approximate_95pct_joint_read_log_normal	experimental_joint_read_delta_method;k_values_are_correlated_not_replicates;requires_independent_reads;model_bias_not_calibrated;catalogue_specificity_not_background_verified;genome_size_treated_as_fixed	20	iid_low_indel	0.02	factorial	171	80.0	True	0.7898994849671215	0.054167027758142264
6303	condition_008	f031	227.82992571537264	0.015859243713439334	177.998354771071	291.6121057311495	62.770784750218134	137,84,84,84	experimental_log_linear_extrapolation	approximate_95pct_joint_read_log_normal	experimental_joint_read_delta_method;k_values_are_correlated_not_replicates;requires_independent_reads;model_bias_not_calibrated;catalogue_specificity_not_background_verified;genome_size_treated_as_fixed	20	iid_low_indel	0.0	factorial	171	200.0	True	0.5680687548003924	0.1391496285768632
6303	condition_008	f032	203.97041136153783	0.01783157994967687	157.00085791253025	264.9917284794312	55.75737384378392	200,67,67,67	experimental_log_linear_extrapolation	approximate_95pct_joint_read_log_normal	experimental_joint_read_delta_method;k_values_are_correlated_not_replicates;requires_independent_reads;model_bias_not_calibrated;catalogue_specificity_not_background_verified;genome_size_treated_as_fixed	20	iid_low_indel	0.02	factorial	171	200.0	True	0.5399543528345047	0.019852056807689138
6303	condition_008	f033	232.01897642043534	0.01501549566679504	182.4816504603459	295.00393756513427	66.166819273858	122,81,81,81	experimental_log_linear_extrapolation	approximate_95pct_joint_read_log_normal	experimental_joint_read_delta_method;k_values_are_correlated_not_replicates;requires_independent_reads;model_bias_not_calibrated;catalogue_specificity_not_background_verified;genome_size_treated_as_fixed	20	iid_low_indel	0.0	factorial	171	200.0	True	0.5626114355239419	0.16009488210217668
6303	condition_008	f034	180.72060842550405	0.0188401247275068	138.09320944969602	236.50647587839276	52.240239542056564	152,69,69,69	experimental_log_linear_extrapolation	approximate_95pct_joint_read_log_normal	experimental_joint_read_delta_method;k_values_are_correlated_not_replicates;requires_independent_reads;model_bias_not_calibrated;catalogue_specificity_not_background_verified;genome_size_treated_as_fixed	20	iid_low_indel	0.02	factorial	171	200.0	True	0.4920663321434837	-0.09639695787247973
6303	condition_008	f035	201.37789554802455	0.01758331641587541	155.28899794510178	261.1457176746515	56.60821035199244	92,68,68,68	experimental_log_linear_extrapolation	approximate_95pct_joint_read_log_normal	experimental_joint_read_delta_method;k_values_are_correlated_not_replicates;requires_independent_reads;model_bias_not_calibrated;catalogue_specificity_not_background_verified;genome_size_treated_as_fixed	20	iid_low_indel	0.0	factorial	171	200.0	True	0.5292835986477487	0.006889477740122771
6303	condition_008	f036	201.59898979831055	0.017409158054432775	155.66021005164947	261.09532213925377	57.429493157910166	73,73,73,73	experimental_log_linear_extrapolation	approximate_95pct_joint_read_log_normal	experimental_joint_read_delta_method;k_values_are_correlated_not_replicates;requires_independent_reads;model_bias_not_calibrated;catalogue_specificity_not_background_verified;genome_size_treated_as_fixed	20	iid_low_indel	0.02	factorial	171	200.0	True	0.5271755604380215	0.007994948991552776
6303	condition_008	f037	23.31024625869733	0.035357641821508946	16.124642388060344	33.697961639351135	28.01733482307564	216,35,35,35	experimental_log_linear_extrapolation	approximate_95pct_joint_read_log_normal	experimental_joint_read_delta_method;k_values_are_correlated_not_replicates;requires_independent_reads;model_bias_not_calibrated;catalogue_specificity_not_background_verified;genome_size_treated_as_fixed	20	iid_low_indel	0.0	factorial	421	20.0	True	0.8786659625645395	0.16551231293486648
6303	condition_008	f038	19.36141857048243	0.03737267115688371	13.255093157012649	28.280791739520794	26.46688426799302	173,34,34,34	experimental_log_linear_extrapolation	approximate_95pct_joint_read_log_normal	experimental_joint_read_delta_method;k_values_are_correlated_not_replicates;requires_independent_reads;model_bias_not_calibrated;catalogue_specificity_not_background_verified;genome_size_treated_as_fixed	20	iid_low_indel	0.02	factorial	421	20.0	True	0.7512849291254072	-0.03192907147587842
6303	condition_008	f039	20.97170817886147	0.03573156327263916	14.478811998190881	30.376286672848522	27.796568140875596	114,38,38,38	experimental_log_linear_extrapolation	approximate_95pct_joint_read_log_normal	experimental_joint_read_delta_method;k_values_are_correlated_not_replicates;requires_independent_reads;model_bias_not_calibrated;catalogue_specificity_not_background_verified;genome_size_treated_as_fixed	20	iid_low_indel	0.0	factorial	421	20.0	True	0.7948737337328821	0.04858540894307346
6303	condition_008	f040	15.994241139929372	NA	NA	NA	19.430865489889882	221,26,26,26	experimental_log_linear_extrapolation	insufficient_effective_reads	experimental_joint_read_delta_method;k_values_are_correlated_not_replicates;requires_independent_reads;model_bias_not_calibrated;catalogue_specificity_not_background_verified;genome_size_treated_as_fixed	20	iid_low_indel	0.02	factorial	421	20.0	NA	NA	-0.20028794300353142
6303	condition_008	f041	21.78635589569038	0.03607701214386638	15.014393776434055	31.61268515274095	27.68330572323849	80,33,33,33	experimental_log_linear_extrapolation	approximate_95pct_joint_read_log_normal	experimental_joint_read_delta_method;k_values_are_correlated_not_replicates;requires_independent_reads;model_bias_not_calibrated;catalogue_specificity_not_background_verified;genome_size_treated_as_fixed	20	iid_low_indel	0.0	factorial	421	20.0	True	0.8299145688153449	0.08931779478451904
6303	condition_008	f042	21.236641859917725	0.039570400144174324	14.380109478853166	31.362414740278968	25.07403239377794	47,31,31,31	experimental_log_linear_extrapolation	approximate_95pct_joint_read_log_normal	experimental_joint_read_delta_method;k_values_are_correlated_not_replicates;requires_independent_reads;model_bias_not_calibrated;catalogue_specificity_not_background_verified;genome_size_treated_as_fixed	20	iid_low_indel	0.02	factorial	421	20.0	True	0.84911526307129	0.061832092995886254
6303	condition_008	f043	103.72958792552339	0.014500342721699137	81.92250101563027	131.3415395990655	68.57774722555871	174,86,86,86	experimental_log_linear_extrapolation	approximate_95pct_joint_read_log_normal	experimental_joint_read_delta_method;k_values_are_correlated_not_replicates;requires_independent_reads;model_bias_not_calibrated;catalogue_specificity_not_background_verified;genome_size_treated_as_fixed	20	iid_low_indel	0.0	factorial	421	80.0	False	0.6177379822929403	0.2966198490690424
6303	condition_008	f044	90.09233005673734	0.016256263076840975	70.17130911644364	115.66875461284624	60.17828003204406	234,74,74,74	experimental_log_linear_extrapolation	approximate_95pct_joint_read_log_normal	experimental_joint_read_delta_method;k_values_are_correlated_not_replicates;requires_independent_reads;model_bias_not_calibrated;catalogue_specificity_not_background_verified;genome_size_treated_as_fixed	20	iid_low_indel	0.02	factorial	421	80.0	True	0.5687180687050326	0.12615412570921675
6303	condition_008	f045	77.24800942696079	0.018056861703790304	59.36170816379246	100.5236396493647	55.086729496579196	135,69,69,69	experimental_log_linear_extrapolation	approximate_95pct_joint_read_log_normal	experimental_joint_read_delta_method;k_values_are_correlated_not_replicates;requires_independent_reads;model_bias_not_calibrated;catalogue_specificity_not_background_verified;genome_size_treated_as_fixed	20	iid_low_indel	0.0	factorial	421	80.0	True	0.514524143569653	-0.0343998821629901
6303	condition_008	f046	79.85291106575713	0.017235023213173297	61.736658364801094	103.28526963667416	58.5834827440643	180,74,74,74	experimental_log_linear_extrapolation	approximate_95pct_joint_read_log_normal	experimental_joint_read_delta_method;k_values_are_correlated_not_replicates;requires_independent_reads;model_bias_not_calibrated;catalogue_specificity_not_background_verified;genome_size_treated_as_fixed	20	iid_low_indel	0.02	factorial	421	80.0	True	0.5193576408984133	-0.0018386116780359173
6303	condition_008	f047	90.68437542753637	0.016395003667719354	70.55732179849562	116.55283586540129	60.65382649307301	111,72,72,72	experimental_log_linear_extrapolation	approximate_95pct_joint_read_log_normal	experimental_joint_read_delta_method;k_values_are_correlated_not_replicates;requires_independent_reads;model_bias_not_calibrated;catalogue_specificity_not_background_verified;genome_size_treated_as_fixed	20	iid_low_indel	0.0	factorial	421	80.0	True	0.5749439258363209	0.13355469284420457
6303	condition_008	f048	74.17031877512149	0.019813607853405694	56.28780589574002	97.73406690239251	50.03275432367336	99,60,60,60	experimental_log_linear_extrapolation	approximate_95pct_joint_read_log_normal	experimental_joint_read_delta_method;k_values_are_correlated_not_replicates;requires_independent_reads;model_bias_not_calibrated;catalogue_specificity_not_background_verified;genome_size_treated_as_fixed	20	iid_low_indel	0.02	factorial	421	80.0	True	0.5180782625831561	-0.07287101531098142
6303	condition_008	f049	224.20691047463234	0.006859333519001932	190.61257647895638	263.72204622148564	144.25343570954666	311,163,163,163	experimental_log_linear_extrapolation	approximate_95pct_joint_read_log_normal	experimental_joint_read_delta_method;k_values_are_correlated_not_replicates;requires_independent_reads;model_bias_not_calibrated;catalogue_specificity_not_background_verified;genome_size_treated_as_fixed	20	iid_low_indel	0.0	factorial	421	200.0	True	0.36554734871264627	0.12103455237316169
6303	condition_008	f050	229.5020406979596	0.007070035835197163	194.63213303680695	270.61917198722387	139.79017175969892	278,154,154,154	experimental_log_linear_extrapolation	approximate_95pct_joint_read_log_normal	experimental_joint_read_delta_method;k_values_are_correlated_not_replicates;requires_independent_reads;model_bias_not_calibrated;catalogue_specificity_not_background_verified;genome_size_treated_as_fixed	20	iid_low_indel	0.02	factorial	421	200.0	True	0.3799351947520846	0.14751020348979793
6303	condition_008	f051	201.6163156761292	0.007786562782363079	169.59551811569608	239.68285953810536	126.90809784142702	222,146,146,146	experimental_log_linear_extrapolation	approximate_95pct_joint_read_log_normal	experimental_joint_read_delta_method;k_values_are_correlated_not_replicates;requires_independent_reads;model_bias_not_calibrated;catalogue_specificity_not_background_verified;genome_size_treated_as_fixed	20	iid_low_indel	0.0	factorial	421	200.0	True	0.3504367071120464	0.008081578380646022
6303	condition_008	f052	181.6623456223075	0.008952556856092692	150.91276305849968	218.67738121133033	110.19757835816957	183,127,127,127	experimental_log_linear_extrapolation	approximate_95pct_joint_read_log_normal	experimental_joint_read_delta_method;k_values_are_correlated_not_replicates;requires_independent_reads;model_bias_not_calibrated;catalogue_specificity_not_background_verified;genome_size_treated_as_fixed	20	iid_low_indel	0.02	factorial	421	200.0	True	0.33882309076415323	-0.09168827188846251
6303	condition_008	f053	195.35978251246306	0.007687756449582572	164.51364991585007	231.98953182814176	128.72901749984138	207,147,147,147	experimental_log_linear_extrapolation	approximate_95pct_joint_read_log_normal	experimental_joint_read_delta_method;k_values_are_correlated_not_replicates;requires_independent_reads;model_bias_not_calibrated;catalogue_specificity_not_background_verified;genome_size_treated_as_fixed	20	iid_low_indel	0.0	factorial	421	200.0	True	0.3373794095614585	-0.02320108743768472
6303	condition_008	f054	190.5955929203662	0.008005104278750844	159.93915224355763	227.12812673501702	124.07393406336735	207,145,145,145	experimental_log_linear_extrapolation	approximate_95pct_joint_read_log_normal	experimental_joint_read_delta_method;k_values_are_correlated_not_replicates;requires_independent_reads;model_bias_not_calibrated;catalogue_specificity_not_background_verified;genome_size_treated_as_fixed	20	iid_low_indel	0.02	factorial	421	200.0	True	0.33594487245729693	-0.047022035398169064
6303	condition_008	megabase_171	5927.789262116174	0.0006265726377643715	5643.98643548001	6225.862860896711	1433.3820349704642	1529,1495,1495,1495	experimental_log_linear_extrapolation	approximate_95pct_joint_read_log_normal	experimental_joint_read_delta_method;k_values_are_correlated_not_replicates;requires_independent_reads;model_bias_not_calibrated;catalogue_specificity_not_background_verified;genome_size_treated_as_fixed	20	iid_low_indel	0.01	megabase	171	6000.0	True	0.09697940423611681	-0.012035122980637728
6303	condition_009	f001	19.93784915050208	NA	NA	NA	19.973932659418594	31,23,23,23	experimental_log_linear_extrapolation	insufficient_effective_reads	experimental_joint_read_delta_method;k_values_are_correlated_not_replicates;requires_independent_reads;model_bias_not_calibrated;catalogue_specificity_not_background_verified;genome_size_treated_as_fixed	20	iid_high_indel	0.0	factorial	61	20.0	NA	NA	-0.0031075424748960856
6303	condition_009	f002	17.253333122615608	NA	NA	NA	18.680675589954696	56,20,20,20	experimental_log_linear_extrapolation	insufficient_effective_reads	experimental_joint_read_delta_method;k_values_are_correlated_not_replicates;requires_independent_reads;model_bias_not_calibrated;catalogue_specificity_not_background_verified;genome_size_treated_as_fixed	20	iid_high_indel	0.02	factorial	61	20.0	NA	NA	-0.1373333438692196
6303	condition_009	f003	24.847892082911454	0.03985953204890289	16.801514178725157	36.74774394713877	24.387955474648614	48,26,26,26	experimental_log_linear_extrapolation	approximate_95pct_joint_read_log_normal	experimental_joint_read_delta_method;k_values_are_correlated_not_replicates;requires_independent_reads;model_bias_not_calibrated;catalogue_specificity_not_background_verified;genome_size_treated_as_fixed	20	iid_high_indel	0.0	factorial	61	20.0	True	0.9973114884206808	0.24239460414557268
6303	condition_009	f004	22.645454054495648	0.042895817863407126	15.089890220733178	33.98411663921018	22.638418753970804	57,24,24,24	experimental_log_linear_extrapolation	approximate_95pct_joint_read_log_normal	experimental_joint_read_delta_method;k_values_are_correlated_not_replicates;requires_independent_reads;model_bias_not_calibrated;catalogue_specificity_not_background_verified;genome_size_treated_as_fixed	20	iid_high_indel	0.02	factorial	61	20.0	True	0.94471132092385	0.1322727027247824
6303	condition_009	f005	20.172558506967025	NA	NA	NA	19.964935441120303	23,23,23,23	experimental_log_linear_extrapolation	insufficient_effective_reads	experimental_joint_read_delta_method;k_values_are_correlated_not_replicates;requires_independent_reads;model_bias_not_calibrated;catalogue_specificity_not_background_verified;genome_size_treated_as_fixed	20	iid_high_indel	0.0	factorial	61	20.0	NA	NA	0.008627925348351263
6303	condition_009	f006	17.846393860807073	NA	NA	NA	17.31734547569535	22,19,19,19	experimental_log_linear_extrapolation	insufficient_effective_reads	experimental_joint_read_delta_method;k_values_are_correlated_not_replicates;requires_independent_reads;model_bias_not_calibrated;catalogue_specificity_not_background_verified;genome_size_treated_as_fixed	20	iid_high_indel	0.02	factorial	61	20.0	NA	NA	-0.10768030695964637
6303	condition_009	f007	102.97552759393419	0.03476153223768569	71.45493422156365	148.4006583837711	28.22144516433908	37,34,34,34	experimental_log_linear_extrapolation	approximate_95pct_joint_read_log_normal	experimental_joint_read_delta_method;k_values_are_correlated_not_replicates;requires_independent_reads;model_bias_not_calibrated;catalogue_specificity_not_background_verified;genome_size_treated_as_fixed	20	iid_high_indel	0.0	factorial	61	80.0	True	0.961821552027593	0.28719409492417736
6303	condition_009	f008	111.23273014788933	0.030777563918129434	78.86816777623993	156.87850504219034	32.142903824098255	45,37,37,37	experimental_log_linear_extrapolation	approximate_95pct_joint_read_log_normal	experimental_joint_read_delta_method;k_values_are_correlated_not_replicates;requires_independent_reads;model_bias_not_calibrated;catalogue_specificity_not_background_verified;genome_size_treated_as_fixed	20	iid_high_indel	0.02	factorial	61	80.0	True	0.9751292158243802	0.3904091268486166
6303	condition_009	f009	46.21119957296415	NA	NA	NA	12.741484793869038	20,16,16,15	experimental_log_linear_extrapolation	insufficient_effective_reads	experimental_joint_read_delta_method;k_values_are_correlated_not_replicates;requires_independent_reads;model_bias_not_calibrated;catalogue_specificity_not_background_verified;genome_size_treated_as_fixed	20	iid_high_indel	0.0	factorial	61	80.0	NA	NA	-0.42236000533794815
6303	condition_009	f010	87.40171455001362	0.04038907366289464	58.945912749356566	129.59439170556314	24.094795318534036	35,31,31,31	experimental_log_linear_extrapolation	approximate_95pct_joint_read_log_normal	experimental_joint_read_delta_method;k_values_are_correlated_not_replicates;requires_independent_reads;model_bias_not_calibrated;catalogue_specificity_not_background_verified;genome_size_treated_as_fixed	20	iid_high_indel	0.02	factorial	61	80.0	True	0.8831059869525821	0.09252143187517028
6303	condition_009	f011	77.22795018833017	0.04347350260920203	51.321155874970046	116.2124310843902	22.721277964571776	31,29,29,29	experimental_log_linear_extrapolation	approximate_95pct_joint_read_log_normal	experimental_joint_read_delta_method;k_values_are_correlated_not_replicates;requires_independent_reads;model_bias_not_calibrated;catalogue_specificity_not_background_verified;genome_size_treated_as_fixed	20	iid_high_indel	0.0	factorial	61	80.0	True	0.811140940117752	-0.03465062264587289
6303	condition_009	f012	77.82755943385446	0.04658778597728408	50.980998212571016	118.81150271272183	21.204529939607397	28,28,28,28	experimental_log_linear_extrapolation	approximate_95pct_joint_read_log_normal	experimental_joint_read_delta_method;k_values_are_correlated_not_replicates;requires_independent_reads;model_bias_not_calibrated;catalogue_specificity_not_background_verified;genome_size_treated_as_fixed	20	iid_high_indel	0.02	factorial	61	80.0	True	0.8478813062518853	-0.02715550707681924
6303	condition_009	f013	168.34777023646635	0.042685898051984444	112.29083553129637	252.389000486965	23.219697900795687	36,31,31,30	experimental_log_linear_extrapolation	approximate_95pct_joint_read_log_normal	experimental_joint_read_delta_method;k_values_are_correlated_not_replicates;requires_independent_reads;model_bias_not_calibrated;catalogue_specificity_not_background_verified;genome_size_treated_as_fixed	20	iid_high_indel	0.0	factorial	61	200.0	True	0.700490824778343	-0.15826114881766828
6303	condition_009	f014	217.63425487568924	0.03492069852810759	150.89072092207653	313.9004745013889	28.324390210953492	57,37,37,37	experimental_log_linear_extrapolation	approximate_95pct_joint_read_log_normal	experimental_joint_read_delta_method;k_values_are_correlated_not_replicates;requires_independent_reads;model_bias_not_calibrated;catalogue_specificity_not_background_verified;genome_size_treated_as_fixed	20	iid_high_indel	0.02	factorial	61	200.0	True	0.8150487678965618	0.08817127437844618
6303	condition_009	f015	226.04857315432957	0.030517053356552304	160.51079968405423	318.345915201272	32.75725269063386	65,44,44,44	experimental_log_linear_extrapolation	approximate_95pct_joint_read_log_normal	experimental_joint_read_delta_method;k_values_are_correlated_not_replicates;requires_independent_reads;model_bias_not_calibrated;catalogue_specificity_not_background_verified;genome_size_treated_as_fixed	20	iid_high_indel	0.0	factorial	61	200.0	True	0.7891755775860889	0.13024286577164787
6303	condition_009	f016	222.61701205929512	0.03039852954930003	158.17938347896302	313.30463533384136	32.291077484515824	57,41,41,41	experimental_log_linear_extrapolation	approximate_95pct_joint_read_log_normal	experimental_joint_read_delta_method;k_values_are_correlated_not_replicates;requires_independent_reads;model_bias_not_calibrated;catalogue_specificity_not_background_verified;genome_size_treated_as_fixed	20	iid_high_indel	0.02	factorial	61	200.0	True	0.7756262592743917	0.11308506029647561
6303	condition_009	f017	278.9552797047002	0.026197775959970696	203.12408748381606	383.0961115398366	38.268881077054054	59,47,47,47	experimental_log_linear_extrapolation	approximate_95pct_joint_read_log_normal	experimental_joint_read_delta_method;k_values_are_correlated_not_replicates;requires_independent_reads;model_bias_not_calibrated;catalogue_specificity_not_background_verified;genome_size_treated_as_fixed	20	iid_high_indel	0.0	factorial	61	200.0	False	0.8998601202801028	0.3947763985235011
6303	condition_009	f018	141.4640205998877	0.04799711846342723	92.07944234039874	217.33482105924313	20.545670963359765	35,33,32,32	experimental_log_linear_extrapolation	approximate_95pct_joint_read_log_normal	experimental_joint_read_delta_method;k_values_are_correlated_not_replicates;requires_independent_reads;model_bias_not_calibrated;catalogue_specificity_not_background_verified;genome_size_treated_as_fixed	20	iid_high_indel	0.02	factorial	61	200.0	True	0.6262768935942219	-0.29267989700056146
6303	condition_009	f019	22.79331067095697	0.042208842385305576	15.23806545223652	34.09455176388599	23.489666569243923	59,26,26,26	experimental_log_linear_extrapolation	approximate_95pct_joint_read_log_normal	experimental_joint_read_delta_method;k_values_are_correlated_not_replicates;requires_independent_reads;model_bias_not_calibrated;catalogue_specificity_not_background_verified;genome_size_treated_as_fixed	20	iid_high_indel	0.0	factorial	171	20.0	True	0.9428243155824735	0.1396655335478485
6303	condition_009	f020	24.623247105810265	0.03739223818074631	16.85574148671084	35.970194400039134	26.269865098742105	96,30,30,30	experimental_log_linear_extrapolation	approximate_95pct_joint_read_log_normal	experimental_joint_read_delta_method;k_values_are_correlated_not_replicates;requires_independent_reads;model_bias_not_calibrated;catalogue_specificity_not_background_verified;genome_size_treated_as_fixed	20	iid_high_indel	0.02	factorial	171	20.0	True	0.9557226456664146	0.23116235529051324
6303	condition_009	f021	27.540138472738292	0.03445717664832261	19.14082286236913	39.62521530820554	28.517448422930116	120,31,31,31	experimental_log_linear_extrapolation	approximate_95pct_joint_read_log_normal	experimental_joint_read_delta_method;k_values_are_correlated_not_replicates;requires_independent_reads;model_bias_not_calibrated;catalogue_specificity_not_background_verified;genome_size_treated_as_fixed	20	iid_high_indel	0.0	factorial	171	20.0	True	1.0242196222918205	0.37700692363691457
6303	condition_009	f022	14.877489044200129	NA	NA	NA	15.398236782835099	55,19,19,19	experimental_log_linear_extrapolation	insufficient_effective_reads	experimental_joint_read_delta_method;k_values_are_correlated_not_replicates;requires_independent_reads;model_bias_not_calibrated;catalogue_specificity_not_background_verified;genome_size_treated_as_fixed	20	iid_high_indel	0.02	factorial	171	20.0	NA	NA	-0.2561255477899936
6303	condition_009	f023	22.19743384165819	0.03844296633196701	15.11501987242858	32.59844004926368	25.849827813579946	71,30,30,30	experimental_log_linear_extrapolation	approximate_95pct_joint_read_log_normal	experimental_joint_read_delta_method;k_values_are_correlated_not_replicates;requires_independent_reads;model_bias_not_calibrated;catalogue_specificity_not_background_verified;genome_size_treated_as_fixed	20	iid_high_indel	0.0	factorial	171	20.0	True	0.874171008841755	0.10987169208290944
6303	condition_009	f024	18.480973823496793	NA	NA	NA	18.529307949697333	32,21,21,21	experimental_log_linear_extrapolation	insufficient_effective_reads	experimental_joint_read_delta_method;k_values_are_correlated_not_replicates;requires_independent_reads;model_bias_not_calibrated;catalogue_specificity_not_background_verified;genome_size_treated_as_fixed	20	iid_high_indel	0.02	factorial	171	20.0	NA	NA	-0.07595130882516035
6303	condition_009	f025	51.81381373169819	NA	NA	NA	19.344650241150738	118,28,28,28	experimental_log_linear_extrapolation	insufficient_effective_reads	experimental_joint_read_delta_method;k_values_are_correlated_not_replicates;requires_independent_reads;model_bias_not_calibrated;catalogue_specificity_not_background_verified;genome_size_treated_as_fixed	20	iid_high_indel	0.0	factorial	171	80.0	NA	NA	-0.3523273283537726
6303	condition_009	f026	86.65712732109608	0.03125607269716068	61.279762377214816	122.54384521466164	31.787728134832033	150,43,43,43	experimental_log_linear_extrapolation	approximate_95pct_joint_read_log_normal	experimental_joint_read_delta_method;k_values_are_correlated_not_replicates;requires_independent_reads;model_bias_not_calibrated;catalogue_specificity_not_background_verified;genome_size_treated_as_fixed	20	iid_high_indel	0.02	factorial	171	80.0	True	0.7658010354680853	0.08321409151370104
6303	condition_009	f027	93.98309624257293	0.028863921156026023	67.36523654361845	131.11840516764968	34.31598377479467	79,48,47,47	experimental_log_linear_extrapolation	approximate_95pct_joint_read_log_normal	experimental_joint_read_delta_method;k_values_are_correlated_not_replicates;requires_independent_reads;model_bias_not_calibrated;catalogue_specificity_not_background_verified;genome_size_treated_as_fixed	20	iid_high_indel	0.0	factorial	171	80.0	True	0.7969146078003904	0.1747887030321616
6303	condition_009	f028	89.59671950006525	0.02807455242886476	64.51628520527457	124.4270670518561	35.579372730008906	88,46,45,45	experimental_log_linear_extrapolation	approximate_95pct_joint_read_log_normal	experimental_joint_read_delta_method;k_values_are_correlated_not_replicates;requires_independent_reads;model_bias_not_calibrated;catalogue_specificity_not_background_verified;genome_size_treated_as_fixed	20	iid_high_indel	0.02	factorial	171	80.0	True	0.7488847730822691	0.1199589937508156
6303	condition_009	f029	94.9850642867319	0.030021739735496863	67.63468623146747	133.39549483053523	33.06364576661687	72,43,43,43	experimental_log_linear_extrapolation	approximate_95pct_joint_read_log_normal	experimental_joint_read_delta_method;k_values_are_correlated_not_replicates;requires_independent_reads;model_bias_not_calibrated;catalogue_specificity_not_background_verified;genome_size_treated_as_fixed	20	iid_high_indel	0.0	factorial	171	80.0	True	0.822010107488347	0.18731330358414872
6303	condition_009	f030	85.347618410472	0.03498328088740734	59.15401390824211	123.13984271022738	28.39463939902813	52,35,35,35	experimental_log_linear_extrapolation	approximate_95pct_joint_read_log_normal	experimental_joint_read_delta_method;k_values_are_correlated_not_replicates;requires_independent_reads;model_bias_not_calibrated;catalogue_specificity_not_background_verified;genome_size_treated_as_fixed	20	iid_high_indel	0.02	factorial	171	80.0	True	0.7998228600248158	0.06684523013089994
6303	condition_009	f031	229.68623582616797	0.01588151140184173	179.41756625081757	294.0390287885407	62.63283057490299	143,84,84,84	experimental_log_linear_extrapolation	approximate_95pct_joint_read_log_normal	experimental_joint_read_delta_method;k_values_are_correlated_not_replicates;requires_independent_reads;model_bias_not_calibrated;catalogue_specificity_not_background_verified;genome_size_treated_as_fixed	20	iid_high_indel	0.0	factorial	171	200.0	True	0.5731073126886156	0.14843117913083986
6303	condition_009	f032	207.3206075951625	0.017868009028516256	159.53694805165853	269.4161751151821	55.977249825951404	192,67,67,67	experimental_log_linear_extrapolation	approximate_95pct_joint_read_log_normal	experimental_joint_read_delta_method;k_values_are_correlated_not_replicates;requires_independent_reads;model_bias_not_calibrated;catalogue_specificity_not_background_verified;genome_size_treated_as_fixed	20	iid_high_indel	0.02	factorial	171	200.0	True	0.5493961353176179	0.0366030379758125
6303	condition_009	f033	234.44525770750488	0.015004948276684393	184.4054643351315	298.0637209407625	66.17655431760359	113,81,81,81	experimental_log_linear_extrapolation	approximate_95pct_joint_read_log_normal	experimental_joint_read_delta_method;k_values_are_correlated_not_replicates;requires_independent_reads;model_bias_not_calibrated;catalogue_specificity_not_background_verified;genome_size_treated_as_fixed	20	iid_high_indel	0.0	factorial	171	200.0	True	0.5682912830281549	0.1722262885375244
6303	condition_009	f034	183.32990971088967	0.018868822146278264	140.0583544094841	239.97037475064792	52.226551989438306	145,69,69,69	experimental_log_linear_extrapolation	approximate_95pct_joint_read_log_normal	experimental_joint_read_delta_method;k_values_are_correlated_not_replicates;requires_independent_reads;model_bias_not_calibrated;catalogue_specificity_not_background_verified;genome_size_treated_as_fixed	20	iid_high_indel	0.02	factorial	171	200.0	True	0.49956010170581905	-0.08335045144555167
6303	condition_009	f035	203.79760186436732	0.01760019548713046	157.13531356690748	264.31654083906744	56.5554159579902	91,68,68,68	experimental_log_linear_extrapolation	approximate_95pct_joint_read_log_normal	experimental_joint_read_delta_method;k_values_are_correlated_not_replicates;requires_independent_reads;model_bias_not_calibrated;catalogue_specificity_not_background_verified;genome_size_treated_as_fixed	20	iid_high_indel	0.0	factorial	171	200.0	True	0.5359061363607998	0.018988009321836613
6303	condition_009	f036	202.76010527382604	0.017403936114559173	156.56281232493816	262.58892313027604	57.38334485111013	82,73,73,73	experimental_log_linear_extrapolation	approximate_95pct_joint_read_log_normal	experimental_joint_read_delta_method;k_values_are_correlated_not_replicates;requires_independent_reads;model_bias_not_calibrated;catalogue_specificity_not_background_verified;genome_size_treated_as_fixed	20	iid_high_indel	0.02	factorial	171	200.0	True	0.5301305540266894	0.013800526369130211
6303	condition_009	f037	23.656825267589202	0.035379997228192794	16.36247895575111	34.20297029898039	28.111612684549723	222,35,35,35	experimental_log_linear_extrapolation	approximate_95pct_joint_read_log_normal	experimental_joint_read_delta_method;k_values_are_correlated_not_replicates;requires_independent_reads;model_bias_not_calibrated;catalogue_specificity_not_background_verified;genome_size_treated_as_fixed	20	iid_high_indel	0.0	factorial	421	20.0	True	0.8920245671614639	0.1828412633794601
6303	condition_009	f038	19.688368628287297	0.037206153381942934	13.490322939874064	28.73406818880394	26.371340431899892	201,34,34,34	experimental_log_linear_extrapolation	approximate_95pct_joint_read_log_normal	experimental_joint_read_delta_method;k_values_are_correlated_not_replicates;requires_independent_reads;model_bias_not_calibrated;catalogue_specificity_not_background_verified;genome_size_treated_as_fixed	20	iid_high_indel	0.02	factorial	421	20.0	True	0.7621872624464937	-0.015581568585635175
6303	condition_009	f039	21.129733375541626	0.035784015035061206	14.583947324935938	30.613497331967288	27.29695295535513	111,38,38,38	experimental_log_linear_extrapolation	approximate_95pct_joint_read_log_normal	experimental_joint_read_delta_method;k_values_are_correlated_not_replicates;requires_independent_reads;model_bias_not_calibrated;catalogue_specificity_not_background_verified;genome_size_treated_as_fixed	20	iid_high_indel	0.0	factorial	421	20.0	True	0.8014775003515675	0.056486668777081306
6303	condition_009	f040	16.350462513262276	NA	NA	NA	19.21812017249254	217,26,26,26	experimental_log_linear_extrapolation	insufficient_effective_reads	experimental_joint_read_delta_method;k_values_are_correlated_not_replicates;requires_independent_reads;model_bias_not_calibrated;catalogue_specificity_not_background_verified;genome_size_treated_as_fixed	20	iid_high_indel	0.02	factorial	421	20.0	NA	NA	-0.18247687433688622
6303	condition_009	f041	22.048125478398855	0.035922172516765764	15.206953035382103	31.966945382165846	27.331371162904134	102,33,33,33	experimental_log_linear_extrapolation	approximate_95pct_joint_read_log_normal	experimental_joint_read_delta_method;k_values_are_correlated_not_replicates;requires_independent_reads;model_bias_not_calibrated;catalogue_specificity_not_background_verified;genome_size_treated_as_fixed	20	iid_high_indel	0.0	factorial	421	20.0	True	0.8379996173391872	0.10240627391994277
6303	condition_009	f042	21.485225912596537	0.03944139841448031	14.557691157791398	31.70935057708306	24.867710913881254	55,31,31,31	experimental_log_linear_extrapolation	approximate_95pct_joint_read_log_normal	experimental_joint_read_delta_method;k_values_are_correlated_not_replicates;requires_independent_reads;model_bias_not_calibrated;catalogue_specificity_not_background_verified;genome_size_treated_as_fixed	20	iid_high_indel	0.02	factorial	421	20.0	True	0.857582970964583	0.07426129562982683
6303	condition_009	f043	104.86506378239157	0.014491895138700467	82.82496031388852	132.77014031048165	68.0005817492176	192,86,86,86	experimental_log_linear_extrapolation	approximate_95pct_joint_read_log_normal	experimental_joint_read_delta_method;k_values_are_correlated_not_replicates;requires_independent_reads;model_bias_not_calibrated;catalogue_specificity_not_background_verified;genome_size_treated_as_fixed	20	iid_high_indel	0.0	factorial	421	80.0	False	0.6243147499574141	0.31081329727989465
6303	condition_009	f044	90.58801403523114	0.016289061290448634	70.53961282243566	116.33446737940122	59.98364631254079	244,74,74,74	experimental_log_linear_extrapolation	approximate_95pct_joint_read_log_normal	experimental_joint_read_delta_method;k_values_are_correlated_not_replicates;requires_independent_reads;model_bias_not_calibrated;catalogue_specificity_not_background_verified;genome_size_treated_as_fixed	20	iid_high_indel	0.02	factorial	421	80.0	True	0.5724356819620695	0.13235017544038924
6303	condition_009	f045	78.06138036667544	0.01804549300529297	59.99172256691901	101.57366456603364	54.81242688523703	144,69,69,69	experimental_log_linear_extrapolation	approximate_95pct_joint_read_log_normal	experimental_joint_read_delta_method;k_values_are_correlated_not_replicates;requires_independent_reads;model_bias_not_calibrated;catalogue_specificity_not_background_verified;genome_size_treated_as_fixed	20	iid_high_indel	0.0	factorial	421	80.0	True	0.5197742749889329	-0.024232745416557046
6303	condition_009	f046	80.60992861626407	0.017242512899337488	62.31844729446996	104.27025822409742	58.538748279193136	173,74,74,74	experimental_log_linear_extrapolation	approximate_95pct_joint_read_log_normal	experimental_joint_read_delta_method;k_values_are_correlated_not_replicates;requires_independent_reads;model_bias_not_calibrated;catalogue_specificity_not_background_verified;genome_size_treated_as_fixed	20	iid_high_indel	0.02	factorial	421	80.0	True	0.5243976366203432	0.007624107703300886
6303	condition_009	f047	91.74732729473068	0.01642536363862572	71.3677781645169	117.94639376781855	60.70792191660083	134,72,72,72	experimental_log_linear_extrapolation	approximate_95pct_joint_read_log_normal	experimental_joint_read_delta_method;k_values_are_correlated_not_replicates;requires_independent_reads;model_bias_not_calibrated;catalogue_specificity_not_background_verified;genome_size_treated_as_fixed	20	iid_high_indel	0.0	factorial	421	80.0	True	0.5822326950412705	0.1468415911841335
6303	condition_009	f048	74.81231228445509	0.01976975737393448	56.79235936277894	98.54991291337265	49.83496877407528	100,60,60,60	experimental_log_linear_extrapolation	approximate_95pct_joint_read_log_normal	experimental_joint_read_delta_method;k_values_are_correlated_not_replicates;requires_independent_reads;model_bias_not_calibrated;catalogue_specificity_not_background_verified;genome_size_treated_as_fixed	20	iid_high_indel	0.02	factorial	421	80.0	True	0.5219694193824214	-0.06484609644431139
6303	condition_009	f049	226.67231158080273	0.006859951685809547	192.70716148030743	266.62390978466584	143.83583293188383	303,163,163,163	experimental_log_linear_extrapolation	approximate_95pct_joint_read_log_normal	experimental_joint_read_delta_method;k_values_are_correlated_not_replicates;requires_independent_reads;model_bias_not_calibrated;catalogue_specificity_not_background_verified;genome_size_treated_as_fixed	20	iid_high_indel	0.0	factorial	421	200.0	True	0.369583741521792	0.13336155790401363
6303	condition_009	f050	231.95821193953623	0.007071294918397926	196.71223385227842	273.51939954375956	139.33751713129718	275,154,154,154	experimental_log_linear_extrapolation	approximate_95pct_joint_read_log_normal	experimental_joint_read_delta_method;k_values_are_correlated_not_replicates;requires_independent_reads;model_bias_not_calibrated;catalogue_specificity_not_background_verified;genome_size_treated_as_fixed	20	iid_high_indel	0.02	factorial	421	200.0	True	0.38403582845740575	0.15979105969768115
6303	condition_009	f051	203.62099060177232	0.007786233087632405	171.28243678546227	242.06514451670932	126.82721000405765	218,146,146,146	experimental_log_linear_extrapolation	approximate_95pct_joint_read_log_normal	experimental_joint_read_delta_method;k_values_are_correlated_not_replicates;requires_independent_reads;model_bias_not_calibrated;catalogue_specificity_not_background_verified;genome_size_treated_as_fixed	20	iid_high_indel	0.0	factorial	421	200.0	True	0.3539135386562353	0.0181049530088616
6303	condition_009	f052	183.72968575438938	0.008953155454842685	152.62922284536384	221.1673282357412	109.59858401928608	201,127,127,127	experimental_log_linear_extrapolation	approximate_95pct_joint_read_log_normal	experimental_joint_read_delta_method;k_values_are_correlated_not_replicates;requires_independent_reads;model_bias_not_calibrated;catalogue_specificity_not_background_verified;genome_size_treated_as_fixed	20	iid_high_indel	0.02	factorial	421	200.0	True	0.3426905269518868	-0.0813515712280531
6303	condition_009	f053	197.53572516719413	0.007682691618002934	166.35544278842755	234.56018067864315	128.32980018766062	213,147,147,147	experimental_log_linear_extrapolation	approximate_95pct_joint_read_log_normal	experimental_joint_read_delta_method;k_values_are_correlated_not_replicates;requires_independent_reads;model_bias_not_calibrated;catalogue_specificity_not_background_verified;genome_size_treated_as_fixed	20	iid_high_indel	0.0	factorial	421	200.0	True	0.34102368945107797	-0.01232137416402935
6303	condition_009	f054	192.92293865763398	0.008007565583852062	161.88779090690616	229.90776544538926	123.9345597034895	211,145,145,145	experimental_log_linear_extrapolation	approximate_95pct_joint_read_log_normal	experimental_joint_read_delta_method;k_values_are_correlated_not_replicates;requires_independent_reads;model_bias_not_calibrated;catalogue_specificity_not_background_verified;genome_size_treated_as_fixed	20	iid_high_indel	0.02	factorial	421	200.0	True	0.3400998726924155	-0.035385306711830114
6303	condition_009	megabase_171	5989.8597372408	0.0006268431023677126	5703.024801332342	6291.121101811885	1431.1271868669637	1535,1495,1495,1495	experimental_log_linear_extrapolation	approximate_95pct_joint_read_log_normal	experimental_joint_read_delta_method;k_values_are_correlated_not_replicates;requires_independent_reads;model_bias_not_calibrated;catalogue_specificity_not_background_verified;genome_size_treated_as_fixed	20	iid_high_indel	0.01	megabase	171	6000.0	True	0.09801605007992384	-0.0016900437931999476
