family_id	monomer_length	diagnostic_kmer_count	median_kmer_depth	haploid_depth	estimated_copy_number	estimated_bp	depth_mad	copy_number_interval_low	copy_number_interval_high	normalization_method	raw_median_kmer_depth	kmer_survival_probability	single_copy_control_kmer_count	single_copy_control_mean_depth	single_copy_control_median_depth	single_copy_control_depth_mad	single_copy_control_zero_fraction	quality_window_count	confidence	warning
TXF000001	249	29	49554.3606	28.9058	1714.3424	426871.2550	4190.6392	4.5005	1809.6051	total_read_bases_divided_by_genome_size	47844.0000	0.96548517	0	NA	NA	NA	NA	22513640774	medium	haploid_depth_estimated_from_total_read_bases_and_genome_size;independent_base_error_survival_approximation;phred_scores_treated_as_calibrated_probabilities;genome_background_uniqueness_not_verified
TXF000002	51	0	0.0000	28.9058	0.0000	0.0000	0.0000	0.0000	0.0000	total_read_bases_divided_by_genome_size	0.0000	0.96548517	0	NA	NA	NA	NA	22513640774	low	haploid_depth_estimated_from_total_read_bases_and_genome_size;independent_base_error_survival_approximation;phred_scores_treated_as_calibrated_probabilities;no_diagnostic_kmers
TXF000003	43	8	6182.3840	28.9058	213.8807	9196.8715	562.4115	193.5390	299.8558	total_read_bases_divided_by_genome_size	5969.0000	0.96548517	0	NA	NA	NA	NA	22513640774	medium	haploid_depth_estimated_from_total_read_bases_and_genome_size;independent_base_error_survival_approximation;phred_scores_treated_as_calibrated_probabilities;genome_background_uniqueness_not_verified
TXF000004	30	24	103.5749	28.9058	3.5832	107.4958	45.5729	1.9815	14.2683	total_read_bases_divided_by_genome_size	100.0000	0.96548517	0	NA	NA	NA	NA	22513640774	medium	haploid_depth_estimated_from_total_read_bases_and_genome_size;independent_base_error_survival_approximation;phred_scores_treated_as_calibrated_probabilities;genome_background_uniqueness_not_verified
TXF000005	31	11	2273.4684	28.9058	78.6511	2438.1830	163.6483	73.1329	231.2950	total_read_bases_divided_by_genome_size	2195.0000	0.96548517	0	NA	NA	NA	NA	22513640774	medium	haploid_depth_estimated_from_total_read_bases_and_genome_size;independent_base_error_survival_approximation;phred_scores_treated_as_calibrated_probabilities;genome_background_uniqueness_not_verified
TXF000006	41	6	1454.7090	28.9058	50.3259	2063.3632	215.9536	42.8550	86.5520	total_read_bases_divided_by_genome_size	1404.5000	0.96548517	0	NA	NA	NA	NA	22513640774	medium	haploid_depth_estimated_from_total_read_bases_and_genome_size;independent_base_error_survival_approximation;phred_scores_treated_as_calibrated_probabilities;genome_background_uniqueness_not_verified
TXF000007	58	0	0.0000	28.9058	0.0000	0.0000	0.0000	0.0000	0.0000	total_read_bases_divided_by_genome_size	0.0000	0.96548517	0	NA	NA	NA	NA	22513640774	low	haploid_depth_estimated_from_total_read_bases_and_genome_size;independent_base_error_survival_approximation;phred_scores_treated_as_calibrated_probabilities;no_diagnostic_kmers
TXF000008	234	21	59.0377	28.9058	2.0424	477.9262	22.7865	0.0000	62.1325	total_read_bases_divided_by_genome_size	57.0000	0.96548517	0	NA	NA	NA	NA	22513640774	medium	haploid_depth_estimated_from_total_read_bases_and_genome_size;independent_base_error_survival_approximation;phred_scores_treated_as_calibrated_probabilities;genome_background_uniqueness_not_verified
TXF000009	240	45	14.5005	28.9058	0.5016	120.3953	14.5005	0.0000	350.1997	total_read_bases_divided_by_genome_size	14.0000	0.96548517	0	NA	NA	NA	NA	22513640774	medium	haploid_depth_estimated_from_total_read_bases_and_genome_size;independent_base_error_survival_approximation;phred_scores_treated_as_calibrated_probabilities;genome_background_uniqueness_not_verified
TXF000010	32	0	0.0000	28.9058	0.0000	0.0000	0.0000	0.0000	0.0000	total_read_bases_divided_by_genome_size	0.0000	0.96548517	0	NA	NA	NA	NA	22513640774	low	haploid_depth_estimated_from_total_read_bases_and_genome_size;independent_base_error_survival_approximation;phred_scores_treated_as_calibrated_probabilities;no_diagnostic_kmers
TXF000011	44	5	2218.5737	28.9058	76.7520	3377.0868	250.6512	63.2433	306.1838	total_read_bases_divided_by_genome_size	2142.0000	0.96548517	0	NA	NA	NA	NA	22513640774	medium	haploid_depth_estimated_from_total_read_bases_and_genome_size;independent_base_error_survival_approximation;phred_scores_treated_as_calibrated_probabilities;genome_background_uniqueness_not_verified
TXF000012	177	46	4401.4141	28.9058	152.2677	26951.3908	1193.7004	111.7777	439.8010	total_read_bases_divided_by_genome_size	4249.5000	0.96548517	0	NA	NA	NA	NA	22513640774	medium	haploid_depth_estimated_from_total_read_bases_and_genome_size;independent_base_error_survival_approximation;phred_scores_treated_as_calibrated_probabilities;genome_background_uniqueness_not_verified
TXF000013	54	0	0.0000	28.9058	0.0000	0.0000	0.0000	0.0000	0.0000	total_read_bases_divided_by_genome_size	0.0000	0.96548517	0	NA	NA	NA	NA	22513640774	low	haploid_depth_estimated_from_total_read_bases_and_genome_size;independent_base_error_survival_approximation;phred_scores_treated_as_calibrated_probabilities;no_diagnostic_kmers
TXF000014	341	7	54254.5881	28.9058	1876.9476	640039.1465	523.0531	1606.2088	1931.2617	total_read_bases_divided_by_genome_size	52382.0000	0.96548517	0	NA	NA	NA	NA	22513640774	medium	haploid_depth_estimated_from_total_read_bases_and_genome_size;independent_base_error_survival_approximation;phred_scores_treated_as_calibrated_probabilities;genome_background_uniqueness_not_verified
TXF000015	52	0	0.0000	28.9058	0.0000	0.0000	0.0000	0.0000	0.0000	total_read_bases_divided_by_genome_size	0.0000	0.96548517	0	NA	NA	NA	NA	22513640774	low	haploid_depth_estimated_from_total_read_bases_and_genome_size;independent_base_error_survival_approximation;phred_scores_treated_as_calibrated_probabilities;no_diagnostic_kmers
TXF000016	48	12	13249.8152	28.9058	458.3798	22002.2323	2574.8713	194.0943	536.9879	total_read_bases_divided_by_genome_size	12792.5000	0.96548517	0	NA	NA	NA	NA	22513640774	medium	haploid_depth_estimated_from_total_read_bases_and_genome_size;independent_base_error_survival_approximation;phred_scores_treated_as_calibrated_probabilities;genome_background_uniqueness_not_verified
TXF000017	36	0	0.0000	28.9058	0.0000	0.0000	0.0000	0.0000	0.0000	total_read_bases_divided_by_genome_size	0.0000	0.96548517	0	NA	NA	NA	NA	22513640774	low	haploid_depth_estimated_from_total_read_bases_and_genome_size;independent_base_error_survival_approximation;phred_scores_treated_as_calibrated_probabilities;no_diagnostic_kmers
TXF000018	84	0	0.0000	28.9058	0.0000	0.0000	0.0000	0.0000	0.0000	total_read_bases_divided_by_genome_size	0.0000	0.96548517	0	NA	NA	NA	NA	22513640774	low	haploid_depth_estimated_from_total_read_bases_and_genome_size;independent_base_error_survival_approximation;phred_scores_treated_as_calibrated_probabilities;no_diagnostic_kmers
TXF000019	50	2	1782.5235	28.9058	61.6667	3083.3367	33.1440	60.7494	62.5840	total_read_bases_divided_by_genome_size	1721.0000	0.96548517	0	NA	NA	NA	NA	22513640774	medium	haploid_depth_estimated_from_total_read_bases_and_genome_size;independent_base_error_survival_approximation;phred_scores_treated_as_calibrated_probabilities;genome_background_uniqueness_not_verified
TXF000020	30	30	3705.3910	28.9058	128.1887	3845.6608	606.9487	94.2380	171.3482	total_read_bases_divided_by_genome_size	3577.5000	0.96548517	0	NA	NA	NA	NA	22513640774	medium	haploid_depth_estimated_from_total_read_bases_and_genome_size;independent_base_error_survival_approximation;phred_scores_treated_as_calibrated_probabilities;genome_background_uniqueness_not_verified
TXF000021	49	35	5227.4237	28.9058	180.8437	8861.3414	1078.2144	15.0064	232.6782	total_read_bases_divided_by_genome_size	5047.0000	0.96548517	0	NA	NA	NA	NA	22513640774	medium	haploid_depth_estimated_from_total_read_bases_and_genome_size;independent_base_error_survival_approximation;phred_scores_treated_as_calibrated_probabilities;genome_background_uniqueness_not_verified
TXF000022	235	80	42832.3515	28.9058	1481.7932	348221.4085	14663.0943	0.0000	1988.5318	total_read_bases_divided_by_genome_size	41354.0000	0.96548517	0	NA	NA	NA	NA	22513640774	medium	haploid_depth_estimated_from_total_read_bases_and_genome_size;independent_base_error_survival_approximation;phred_scores_treated_as_calibrated_probabilities;genome_background_uniqueness_not_verified
TXF000023	52	36	1890.2414	28.9058	65.3933	3400.4492	387.8879	34.8824	131.0552	total_read_bases_divided_by_genome_size	1825.0000	0.96548517	0	NA	NA	NA	NA	22513640774	medium	haploid_depth_estimated_from_total_read_bases_and_genome_size;independent_base_error_survival_approximation;phred_scores_treated_as_calibrated_probabilities;genome_background_uniqueness_not_verified
TXF000024	49	18	2203.5553	28.9058	76.2324	3735.3881	120.1468	70.7895	112.3116	total_read_bases_divided_by_genome_size	2127.5000	0.96548517	0	NA	NA	NA	NA	22513640774	medium	haploid_depth_estimated_from_total_read_bases_and_genome_size;independent_base_error_survival_approximation;phred_scores_treated_as_calibrated_probabilities;genome_background_uniqueness_not_verified
TXF000025	43	21	3103.1031	28.9058	107.3524	4616.1546	1322.6511	46.8682	212.8416	total_read_bases_divided_by_genome_size	2996.0000	0.96548517	0	NA	NA	NA	NA	22513640774	medium	haploid_depth_estimated_from_total_read_bases_and_genome_size;independent_base_error_survival_approximation;phred_scores_treated_as_calibrated_probabilities;genome_background_uniqueness_not_verified
TXF000026	55	10	2113.4452	28.9058	73.1150	4021.3268	380.1198	55.9945	148.0718	total_read_bases_divided_by_genome_size	2040.5000	0.96548517	0	NA	NA	NA	NA	22513640774	medium	haploid_depth_estimated_from_total_read_bases_and_genome_size;independent_base_error_survival_approximation;phred_scores_treated_as_calibrated_probabilities;genome_background_uniqueness_not_verified
TXF000027	52	0	0.0000	28.9058	0.0000	0.0000	0.0000	0.0000	0.0000	total_read_bases_divided_by_genome_size	0.0000	0.96548517	0	NA	NA	NA	NA	22513640774	low	haploid_depth_estimated_from_total_read_bases_and_genome_size;independent_base_error_survival_approximation;phred_scores_treated_as_calibrated_probabilities;no_diagnostic_kmers
TXF000028	33	23	5029.5957	28.9058	173.9998	5741.9935	156.3981	127.0385	182.3630	total_read_bases_divided_by_genome_size	4856.0000	0.96548517	0	NA	NA	NA	NA	22513640774	medium	haploid_depth_estimated_from_total_read_bases_and_genome_size;independent_base_error_survival_approximation;phred_scores_treated_as_calibrated_probabilities;genome_background_uniqueness_not_verified
TXF000029	48	18	352.6724	28.9058	12.2008	585.6369	45.5729	10.6421	94.7288	total_read_bases_divided_by_genome_size	340.5000	0.96548517	0	NA	NA	NA	NA	22513640774	medium	haploid_depth_estimated_from_total_read_bases_and_genome_size;independent_base_error_survival_approximation;phred_scores_treated_as_calibrated_probabilities;genome_background_uniqueness_not_verified
TXF000030	42	28	72.5024	28.9058	2.5082	105.3458	72.5024	0.0000	250.5332	total_read_bases_divided_by_genome_size	70.0000	0.96548517	0	NA	NA	NA	NA	22513640774	medium	haploid_depth_estimated_from_total_read_bases_and_genome_size;independent_base_error_survival_approximation;phred_scores_treated_as_calibrated_probabilities;genome_background_uniqueness_not_verified
TXF000031	120	70	1379.6173	28.9058	47.7281	5727.3741	418.4425	0.8600	77.9380	total_read_bases_divided_by_genome_size	1332.0000	0.96548517	0	NA	NA	NA	NA	22513640774	medium	haploid_depth_estimated_from_total_read_bases_and_genome_size;independent_base_error_survival_approximation;phred_scores_treated_as_calibrated_probabilities;genome_background_uniqueness_not_verified
TXF000032	104	22	3007.8142	28.9058	104.0559	10821.8132	842.5816	55.7545	134.7674	total_read_bases_divided_by_genome_size	2904.0000	0.96548517	0	NA	NA	NA	NA	22513640774	medium	haploid_depth_estimated_from_total_read_bases_and_genome_size;independent_base_error_survival_approximation;phred_scores_treated_as_calibrated_probabilities;genome_background_uniqueness_not_verified
TXF000033	58	11	1837.4182	28.9058	63.5658	3686.8179	171.4164	50.7022	82.8076	total_read_bases_divided_by_genome_size	1774.0000	0.96548517	0	NA	NA	NA	NA	22513640774	medium	haploid_depth_estimated_from_total_read_bases_and_genome_size;independent_base_error_survival_approximation;phred_scores_treated_as_calibrated_probabilities;genome_background_uniqueness_not_verified
TXF000034	44	44	1919.7602	28.9058	66.4145	2922.2364	852.4212	7.4423	124.8241	total_read_bases_divided_by_genome_size	1853.5000	0.96548517	0	NA	NA	NA	NA	22513640774	medium	haploid_depth_estimated_from_total_read_bases_and_genome_size;independent_base_error_survival_approximation;phred_scores_treated_as_calibrated_probabilities;genome_background_uniqueness_not_verified
TXF000035	43	30	74.5739	28.9058	2.5799	110.9356	74.5739	0.0000	175.1679	total_read_bases_divided_by_genome_size	72.0000	0.96548517	0	NA	NA	NA	NA	22513640774	medium	haploid_depth_estimated_from_total_read_bases_and_genome_size;independent_base_error_survival_approximation;phred_scores_treated_as_calibrated_probabilities;genome_background_uniqueness_not_verified
TXF000036	30	0	0.0000	28.9058	0.0000	0.0000	0.0000	0.0000	0.0000	total_read_bases_divided_by_genome_size	0.0000	0.96548517	0	NA	NA	NA	NA	22513640774	low	haploid_depth_estimated_from_total_read_bases_and_genome_size;independent_base_error_survival_approximation;phred_scores_treated_as_calibrated_probabilities;no_diagnostic_kmers
TXF000037	43	32	2082.8906	28.9058	72.0580	3098.4936	456.2473	46.3343	98.4590	total_read_bases_divided_by_genome_size	2011.0000	0.96548517	0	NA	NA	NA	NA	22513640774	medium	haploid_depth_estimated_from_total_read_bases_and_genome_size;independent_base_error_survival_approximation;phred_scores_treated_as_calibrated_probabilities;genome_background_uniqueness_not_verified
TXF000038	53	0	0.0000	28.9058	0.0000	0.0000	0.0000	0.0000	0.0000	total_read_bases_divided_by_genome_size	0.0000	0.96548517	0	NA	NA	NA	NA	22513640774	low	haploid_depth_estimated_from_total_read_bases_and_genome_size;independent_base_error_survival_approximation;phred_scores_treated_as_calibrated_probabilities;no_diagnostic_kmers
TXF000039	42	0	0.0000	28.9058	0.0000	0.0000	0.0000	0.0000	0.0000	total_read_bases_divided_by_genome_size	0.0000	0.96548517	0	NA	NA	NA	NA	22513640774	low	haploid_depth_estimated_from_total_read_bases_and_genome_size;independent_base_error_survival_approximation;phred_scores_treated_as_calibrated_probabilities;no_diagnostic_kmers
TXF000040	130	23	92.1816	28.9058	3.1890	414.5753	0.0000	1.5336	31.0161	total_read_bases_divided_by_genome_size	89.0000	0.96548517	0	NA	NA	NA	NA	22513640774	medium	haploid_depth_estimated_from_total_read_bases_and_genome_size;independent_base_error_survival_approximation;phred_scores_treated_as_calibrated_probabilities;genome_background_uniqueness_not_verified
TXF000041	32	32	1973.6191	28.9058	68.2777	2184.8872	228.9005	58.0585	96.3377	total_read_bases_divided_by_genome_size	1905.5000	0.96548517	0	NA	NA	NA	NA	22513640774	medium	haploid_depth_estimated_from_total_read_bases_and_genome_size;independent_base_error_survival_approximation;phred_scores_treated_as_calibrated_probabilities;genome_background_uniqueness_not_verified
TXF000042	32	0	0.0000	28.9058	0.0000	0.0000	0.0000	0.0000	0.0000	total_read_bases_divided_by_genome_size	0.0000	0.96548517	0	NA	NA	NA	NA	22513640774	low	haploid_depth_estimated_from_total_read_bases_and_genome_size;independent_base_error_survival_approximation;phred_scores_treated_as_calibrated_probabilities;no_diagnostic_kmers
TXF000043	173	42	1395.6714	28.9058	48.2835	8353.0477	907.8337	0.6091	266.0305	total_read_bases_divided_by_genome_size	1347.5000	0.96548517	0	NA	NA	NA	NA	22513640774	medium	haploid_depth_estimated_from_total_read_bases_and_genome_size;independent_base_error_survival_approximation;phred_scores_treated_as_calibrated_probabilities;genome_background_uniqueness_not_verified
TXF000044	89	60	1874.7051	28.9058	64.8558	5772.1640	664.9507	37.6378	95.4025	total_read_bases_divided_by_genome_size	1810.0000	0.96548517	0	NA	NA	NA	NA	22513640774	medium	haploid_depth_estimated_from_total_read_bases_and_genome_size;independent_base_error_survival_approximation;phred_scores_treated_as_calibrated_probabilities;genome_background_uniqueness_not_verified
TXF000045	55	8	1307.1149	28.9058	45.2199	2487.0936	186.4348	38.1682	62.3081	total_read_bases_divided_by_genome_size	1262.0000	0.96548517	0	NA	NA	NA	NA	22513640774	medium	haploid_depth_estimated_from_total_read_bases_and_genome_size;independent_base_error_survival_approximation;phred_scores_treated_as_calibrated_probabilities;genome_background_uniqueness_not_verified
TXF000046	59	19	2101.5341	28.9058	72.7030	4289.4750	313.8319	61.8244	155.5965	total_read_bases_divided_by_genome_size	2029.0000	0.96548517	0	NA	NA	NA	NA	22513640774	medium	haploid_depth_estimated_from_total_read_bases_and_genome_size;independent_base_error_survival_approximation;phred_scores_treated_as_calibrated_probabilities;genome_background_uniqueness_not_verified
TXF000047	141	87	4573.8662	28.9058	158.2338	22310.9601	1314.3651	97.0328	226.2857	total_read_bases_divided_by_genome_size	4416.0000	0.96548517	0	NA	NA	NA	NA	22513640774	medium	haploid_depth_estimated_from_total_read_bases_and_genome_size;independent_base_error_survival_approximation;phred_scores_treated_as_calibrated_probabilities;genome_background_uniqueness_not_verified
TXF000048	101	25	122.2183	28.9058	4.2282	427.0448	33.1440	3.0600	90.8912	total_read_bases_divided_by_genome_size	118.0000	0.96548517	0	NA	NA	NA	NA	22513640774	medium	haploid_depth_estimated_from_total_read_bases_and_genome_size;independent_base_error_survival_approximation;phred_scores_treated_as_calibrated_probabilities;genome_background_uniqueness_not_verified
TXF000049	46	0	0.0000	28.9058	0.0000	0.0000	0.0000	0.0000	0.0000	total_read_bases_divided_by_genome_size	0.0000	0.96548517	0	NA	NA	NA	NA	22513640774	low	haploid_depth_estimated_from_total_read_bases_and_genome_size;independent_base_error_survival_approximation;phred_scores_treated_as_calibrated_probabilities;no_diagnostic_kmers
TXF000050	40	32	448.4792	28.9058	15.5152	620.6089	90.6280	12.1255	23.5057	total_read_bases_divided_by_genome_size	433.0000	0.96548517	0	NA	NA	NA	NA	22513640774	medium	haploid_depth_estimated_from_total_read_bases_and_genome_size;independent_base_error_survival_approximation;phred_scores_treated_as_calibrated_probabilities;genome_background_uniqueness_not_verified
TXF000051	61	32	3350.6470	28.9058	115.9163	7070.8920	265.1517	20.0480	179.9407	total_read_bases_divided_by_genome_size	3235.0000	0.96548517	0	NA	NA	NA	NA	22513640774	medium	haploid_depth_estimated_from_total_read_bases_and_genome_size;independent_base_error_survival_approximation;phred_scores_treated_as_calibrated_probabilities;genome_background_uniqueness_not_verified
TXF000052	49	7	5211.8874	28.9058	180.3062	8835.0049	174.0058	108.0261	189.6870	total_read_bases_divided_by_genome_size	5032.0000	0.96548517	0	NA	NA	NA	NA	22513640774	medium	haploid_depth_estimated_from_total_read_bases_and_genome_size;independent_base_error_survival_approximation;phred_scores_treated_as_calibrated_probabilities;genome_background_uniqueness_not_verified
TXF000053	52	19	372.8695	28.9058	12.8995	670.7735	130.5043	6.6934	27.5117	total_read_bases_divided_by_genome_size	360.0000	0.96548517	0	NA	NA	NA	NA	22513640774	medium	haploid_depth_estimated_from_total_read_bases_and_genome_size;independent_base_error_survival_approximation;phred_scores_treated_as_calibrated_probabilities;genome_background_uniqueness_not_verified
TXF000054	58	58	2041.4607	28.9058	70.6247	4096.2335	1227.3622	23.6813	133.2482	total_read_bases_divided_by_genome_size	1971.0000	0.96548517	0	NA	NA	NA	NA	22513640774	medium	haploid_depth_estimated_from_total_read_bases_and_genome_size;independent_base_error_survival_approximation;phred_scores_treated_as_calibrated_probabilities;genome_background_uniqueness_not_verified
TXF000055	52	13	429.8357	28.9058	14.8702	773.2528	130.5043	8.7788	22.2660	total_read_bases_divided_by_genome_size	415.0000	0.96548517	0	NA	NA	NA	NA	22513640774	medium	haploid_depth_estimated_from_total_read_bases_and_genome_size;independent_base_error_survival_approximation;phred_scores_treated_as_calibrated_probabilities;genome_background_uniqueness_not_verified
TXF000056	34	4	2966.9021	28.9058	102.6405	3489.7782	29.5188	98.6560	103.7907	total_read_bases_divided_by_genome_size	2864.5000	0.96548517	0	NA	NA	NA	NA	22513640774	medium	haploid_depth_estimated_from_total_read_bases_and_genome_size;independent_base_error_survival_approximation;phred_scores_treated_as_calibrated_probabilities;genome_background_uniqueness_not_verified
TXF000057	50	27	3628.2277	28.9058	125.5192	6275.9608	591.4125	91.1922	147.2119	total_read_bases_divided_by_genome_size	3503.0000	0.96548517	0	NA	NA	NA	NA	22513640774	medium	haploid_depth_estimated_from_total_read_bases_and_genome_size;independent_base_error_survival_approximation;phred_scores_treated_as_calibrated_probabilities;genome_background_uniqueness_not_verified
TXF000058	106	83	2090.1409	28.9058	72.3088	7664.7344	312.7961	30.5073	114.8915	total_read_bases_divided_by_genome_size	2018.0000	0.96548517	0	NA	NA	NA	NA	22513640774	medium	haploid_depth_estimated_from_total_read_bases_and_genome_size;independent_base_error_survival_approximation;phred_scores_treated_as_calibrated_probabilities;genome_background_uniqueness_not_verified
TXF000059	87	0	0.0000	28.9058	0.0000	0.0000	0.0000	0.0000	0.0000	total_read_bases_divided_by_genome_size	0.0000	0.96548517	0	NA	NA	NA	NA	22513640774	low	haploid_depth_estimated_from_total_read_bases_and_genome_size;independent_base_error_survival_approximation;phred_scores_treated_as_calibrated_probabilities;no_diagnostic_kmers
TXF000060	69	29	3163.1765	28.9058	109.4307	7550.7172	1259.4704	69.7074	223.0537	total_read_bases_divided_by_genome_size	3054.0000	0.96548517	0	NA	NA	NA	NA	22513640774	medium	haploid_depth_estimated_from_total_read_bases_and_genome_size;independent_base_error_survival_approximation;phred_scores_treated_as_calibrated_probabilities;genome_background_uniqueness_not_verified
TXF000061	59	25	1196.2897	28.9058	41.3859	2441.7662	100.4676	30.8871	76.7950	total_read_bases_divided_by_genome_size	1155.0000	0.96548517	0	NA	NA	NA	NA	22513640774	medium	haploid_depth_estimated_from_total_read_bases_and_genome_size;independent_base_error_survival_approximation;phred_scores_treated_as_calibrated_probabilities;genome_background_uniqueness_not_verified
TXF000062	33	23	3915.1301	28.9058	135.4447	4469.6737	1623.0182	85.9321	526.0628	total_read_bases_divided_by_genome_size	3780.0000	0.96548517	0	NA	NA	NA	NA	22513640774	medium	haploid_depth_estimated_from_total_read_bases_and_genome_size;independent_base_error_survival_approximation;phred_scores_treated_as_calibrated_probabilities;genome_background_uniqueness_not_verified
TXF000063	102	0	0.0000	28.9058	0.0000	0.0000	0.0000	0.0000	0.0000	total_read_bases_divided_by_genome_size	0.0000	0.96548517	0	NA	NA	NA	NA	22513640774	low	haploid_depth_estimated_from_total_read_bases_and_genome_size;independent_base_error_survival_approximation;phred_scores_treated_as_calibrated_probabilities;no_diagnostic_kmers
TXF000064	85	17	1183.8608	28.9058	40.9559	3481.2502	759.2038	11.0219	83.6245	total_read_bases_divided_by_genome_size	1143.0000	0.96548517	0	NA	NA	NA	NA	22513640774	medium	haploid_depth_estimated_from_total_read_bases_and_genome_size;independent_base_error_survival_approximation;phred_scores_treated_as_calibrated_probabilities;genome_background_uniqueness_not_verified
TXF000065	30	1	2428.8307	28.9058	84.0259	2520.7756	0.0000	84.0259	84.0259	total_read_bases_divided_by_genome_size	2345.0000	0.96548517	0	NA	NA	NA	NA	22513640774	medium	haploid_depth_estimated_from_total_read_bases_and_genome_size;independent_base_error_survival_approximation;phred_scores_treated_as_calibrated_probabilities;genome_background_uniqueness_not_verified
TXF000066	44	26	2191.6442	28.9058	75.8203	3336.0951	905.7622	25.7094	143.1844	total_read_bases_divided_by_genome_size	2116.0000	0.96548517	0	NA	NA	NA	NA	22513640774	medium	haploid_depth_estimated_from_total_read_bases_and_genome_size;independent_base_error_survival_approximation;phred_scores_treated_as_calibrated_probabilities;genome_background_uniqueness_not_verified
TXF000067	33	33	12819.4616	28.9058	443.4917	14635.2253	9921.4367	16.4110	786.5465	total_read_bases_divided_by_genome_size	12377.0000	0.96548517	0	NA	NA	NA	NA	22513640774	medium	haploid_depth_estimated_from_total_read_bases_and_genome_size;independent_base_error_survival_approximation;phred_scores_treated_as_calibrated_probabilities;genome_background_uniqueness_not_verified
TXF000068	33	0	0.0000	28.9058	0.0000	0.0000	0.0000	0.0000	0.0000	total_read_bases_divided_by_genome_size	0.0000	0.96548517	0	NA	NA	NA	NA	22513640774	low	haploid_depth_estimated_from_total_read_bases_and_genome_size;independent_base_error_survival_approximation;phred_scores_treated_as_calibrated_probabilities;no_diagnostic_kmers
TXF000069	48	40	1343.8839	28.9058	46.4919	2231.6120	59.5555	0.0000	48.2943	total_read_bases_divided_by_genome_size	1297.5000	0.96548517	0	NA	NA	NA	NA	22513640774	medium	haploid_depth_estimated_from_total_read_bases_and_genome_size;independent_base_error_survival_approximation;phred_scores_treated_as_calibrated_probabilities;genome_background_uniqueness_not_verified
TXF000070	615	209	4178.2102	28.9058	144.5460	88895.7691	1851.9187	16.2964	300.1927	total_read_bases_divided_by_genome_size	4034.0000	0.96548517	0	NA	NA	NA	NA	22513640774	medium	haploid_depth_estimated_from_total_read_bases_and_genome_size;independent_base_error_survival_approximation;phred_scores_treated_as_calibrated_probabilities;genome_background_uniqueness_not_verified
TXF000071	55	24	5169.4217	28.9058	178.8371	9836.0413	1605.9284	81.9046	460.8307	total_read_bases_divided_by_genome_size	4991.0000	0.96548517	0	NA	NA	NA	NA	22513640774	medium	haploid_depth_estimated_from_total_read_bases_and_genome_size;independent_base_error_survival_approximation;phred_scores_treated_as_calibrated_probabilities;genome_background_uniqueness_not_verified
TXF000072	31	3	1279.1496	28.9058	44.2524	1371.8251	33.1440	43.3351	54.1420	total_read_bases_divided_by_genome_size	1235.0000	0.96548517	0	NA	NA	NA	NA	22513640774	medium	haploid_depth_estimated_from_total_read_bases_and_genome_size;independent_base_error_survival_approximation;phred_scores_treated_as_calibrated_probabilities;genome_background_uniqueness_not_verified
TXF000073	35	0	0.0000	28.9058	0.0000	0.0000	0.0000	0.0000	0.0000	total_read_bases_divided_by_genome_size	0.0000	0.96548517	0	NA	NA	NA	NA	22513640774	low	haploid_depth_estimated_from_total_read_bases_and_genome_size;independent_base_error_survival_approximation;phred_scores_treated_as_calibrated_probabilities;no_diagnostic_kmers
TXF000074	51	0	0.0000	28.9058	0.0000	0.0000	0.0000	0.0000	0.0000	total_read_bases_divided_by_genome_size	0.0000	0.96548517	0	NA	NA	NA	NA	22513640774	low	haploid_depth_estimated_from_total_read_bases_and_genome_size;independent_base_error_survival_approximation;phred_scores_treated_as_calibrated_probabilities;no_diagnostic_kmers
TXF000075	143	143	1886.0984	28.9058	65.2499	9330.7395	456.7652	1.8346	84.7927	total_read_bases_divided_by_genome_size	1821.0000	0.96548517	0	NA	NA	NA	NA	22513640774	medium	haploid_depth_estimated_from_total_read_bases_and_genome_size;independent_base_error_survival_approximation;phred_scores_treated_as_calibrated_probabilities;genome_background_uniqueness_not_verified
TXF000076	51	0	0.0000	28.9058	0.0000	0.0000	0.0000	0.0000	0.0000	total_read_bases_divided_by_genome_size	0.0000	0.96548517	0	NA	NA	NA	NA	22513640774	low	haploid_depth_estimated_from_total_read_bases_and_genome_size;independent_base_error_survival_approximation;phred_scores_treated_as_calibrated_probabilities;no_diagnostic_kmers
TXF000077	50	49	7931.7635	28.9058	274.4008	13720.0422	640.0927	0.0000	297.2903	total_read_bases_divided_by_genome_size	7658.0000	0.96548517	0	NA	NA	NA	NA	22513640774	medium	haploid_depth_estimated_from_total_read_bases_and_genome_size;independent_base_error_survival_approximation;phred_scores_treated_as_calibrated_probabilities;genome_background_uniqueness_not_verified
TXF000078	50	25	1148.1274	28.9058	39.7197	1985.9842	158.4696	16.9162	43.6934	total_read_bases_divided_by_genome_size	1108.5000	0.96548517	0	NA	NA	NA	NA	22513640774	medium	haploid_depth_estimated_from_total_read_bases_and_genome_size;independent_base_error_survival_approximation;phred_scores_treated_as_calibrated_probabilities;genome_background_uniqueness_not_verified
TXF000079	104	20	3879.3967	28.9058	134.2085	13957.6795	609.0202	97.5596	159.0328	total_read_bases_divided_by_genome_size	3745.5000	0.96548517	0	NA	NA	NA	NA	22513640774	medium	haploid_depth_estimated_from_total_read_bases_and_genome_size;independent_base_error_survival_approximation;phred_scores_treated_as_calibrated_probabilities;genome_background_uniqueness_not_verified
TXF000080	101	71	815.1342	28.9058	28.1997	2848.1718	257.9014	9.2805	50.2722	total_read_bases_divided_by_genome_size	787.0000	0.96548517	0	NA	NA	NA	NA	22513640774	medium	haploid_depth_estimated_from_total_read_bases_and_genome_size;independent_base_error_survival_approximation;phred_scores_treated_as_calibrated_probabilities;genome_background_uniqueness_not_verified
TXF000081	81	0	0.0000	28.9058	0.0000	0.0000	0.0000	0.0000	0.0000	total_read_bases_divided_by_genome_size	0.0000	0.96548517	0	NA	NA	NA	NA	22513640774	low	haploid_depth_estimated_from_total_read_bases_and_genome_size;independent_base_error_survival_approximation;phred_scores_treated_as_calibrated_probabilities;no_diagnostic_kmers
TXF000082	50	0	0.0000	28.9058	0.0000	0.0000	0.0000	0.0000	0.0000	total_read_bases_divided_by_genome_size	0.0000	0.96548517	0	NA	NA	NA	NA	22513640774	low	haploid_depth_estimated_from_total_read_bases_and_genome_size;independent_base_error_survival_approximation;phred_scores_treated_as_calibrated_probabilities;no_diagnostic_kmers
TXF000083	58	0	0.0000	28.9058	0.0000	0.0000	0.0000	0.0000	0.0000	total_read_bases_divided_by_genome_size	0.0000	0.96548517	0	NA	NA	NA	NA	22513640774	low	haploid_depth_estimated_from_total_read_bases_and_genome_size;independent_base_error_survival_approximation;phred_scores_treated_as_calibrated_probabilities;no_diagnostic_kmers
TXF000084	205	205	4984.0227	28.9058	172.4232	35346.7560	2850.3804	34.4846	323.6984	total_read_bases_divided_by_genome_size	4812.0000	0.96548517	0	NA	NA	NA	NA	22513640774	medium	haploid_depth_estimated_from_total_read_bases_and_genome_size;independent_base_error_survival_approximation;phred_scores_treated_as_calibrated_probabilities;genome_background_uniqueness_not_verified
TXF000085	236	32	55467.9677	28.9058	1918.9247	452866.2382	814.0985	0.0000	1948.5649	total_read_bases_divided_by_genome_size	53553.5000	0.96548517	0	NA	NA	NA	NA	22513640774	medium	haploid_depth_estimated_from_total_read_bases_and_genome_size;independent_base_error_survival_approximation;phred_scores_treated_as_calibrated_probabilities;genome_background_uniqueness_not_verified
TXF000086	48	21	580.0193	28.9058	20.0659	963.1620	113.9324	16.5902	61.5592	total_read_bases_divided_by_genome_size	560.0000	0.96548517	0	NA	NA	NA	NA	22513640774	medium	haploid_depth_estimated_from_total_read_bases_and_genome_size;independent_base_error_survival_approximation;phred_scores_treated_as_calibrated_probabilities;genome_background_uniqueness_not_verified
TXF000087	50	49	1852.9544	28.9058	64.1033	3205.1653	1852.9544	0.0000	144.6678	total_read_bases_divided_by_genome_size	1789.0000	0.96548517	0	NA	NA	NA	NA	22513640774	medium	haploid_depth_estimated_from_total_read_bases_and_genome_size;independent_base_error_survival_approximation;phred_scores_treated_as_calibrated_probabilities;genome_background_uniqueness_not_verified
TXF000088	51	45	2793.4142	28.9058	96.6387	4928.5731	2208.2162	6.0341	224.3222	total_read_bases_divided_by_genome_size	2697.0000	0.96548517	0	NA	NA	NA	NA	22513640774	medium	haploid_depth_estimated_from_total_read_bases_and_genome_size;independent_base_error_survival_approximation;phred_scores_treated_as_calibrated_probabilities;genome_background_uniqueness_not_verified
TXF000089	43	38	1131.5554	28.9058	39.1464	1683.2940	123.7720	35.5381	54.0059	total_read_bases_divided_by_genome_size	1092.5000	0.96548517	0	NA	NA	NA	NA	22513640774	medium	haploid_depth_estimated_from_total_read_bases_and_genome_size;independent_base_error_survival_approximation;phred_scores_treated_as_calibrated_probabilities;genome_background_uniqueness_not_verified
TXF000090	52	23	1733.8433	28.9058	59.9826	3119.0970	249.6154	37.6163	77.1318	total_read_bases_divided_by_genome_size	1674.0000	0.96548517	0	NA	NA	NA	NA	22513640774	medium	haploid_depth_estimated_from_total_read_bases_and_genome_size;independent_base_error_survival_approximation;phred_scores_treated_as_calibrated_probabilities;genome_background_uniqueness_not_verified
TXF000091	49	32	4406.5928	28.9058	152.4469	7469.8983	1520.9970	0.0000	203.2351	total_read_bases_divided_by_genome_size	4254.5000	0.96548517	0	NA	NA	NA	NA	22513640774	medium	haploid_depth_estimated_from_total_read_bases_and_genome_size;independent_base_error_survival_approximation;phred_scores_treated_as_calibrated_probabilities;genome_background_uniqueness_not_verified
TXF000092	33	18	2116.5525	28.9058	73.2225	2416.3435	875.7255	42.6901	128.0704	total_read_bases_divided_by_genome_size	2043.5000	0.96548517	0	NA	NA	NA	NA	22513640774	medium	haploid_depth_estimated_from_total_read_bases_and_genome_size;independent_base_error_survival_approximation;phred_scores_treated_as_calibrated_probabilities;genome_background_uniqueness_not_verified
TXF000093	54	2	1377.5458	28.9058	47.6565	2573.4485	90.1101	45.1626	50.1504	total_read_bases_divided_by_genome_size	1330.0000	0.96548517	0	NA	NA	NA	NA	22513640774	medium	haploid_depth_estimated_from_total_read_bases_and_genome_size;independent_base_error_survival_approximation;phred_scores_treated_as_calibrated_probabilities;genome_background_uniqueness_not_verified
TXF000094	44	42	1025.3912	28.9058	35.4736	1560.8384	526.6782	9.9828	57.8650	total_read_bases_divided_by_genome_size	990.0000	0.96548517	0	NA	NA	NA	NA	22513640774	medium	haploid_depth_estimated_from_total_read_bases_and_genome_size;independent_base_error_survival_approximation;phred_scores_treated_as_calibrated_probabilities;genome_background_uniqueness_not_verified
TXF000095	44	18	2132.0887	28.9058	73.7600	3245.4403	149.1478	66.6366	154.2994	total_read_bases_divided_by_genome_size	2058.5000	0.96548517	0	NA	NA	NA	NA	22513640774	medium	haploid_depth_estimated_from_total_read_bases_and_genome_size;independent_base_error_survival_approximation;phred_scores_treated_as_calibrated_probabilities;genome_background_uniqueness_not_verified
TXF000096	36	0	0.0000	28.9058	0.0000	0.0000	0.0000	0.0000	0.0000	total_read_bases_divided_by_genome_size	0.0000	0.96548517	0	NA	NA	NA	NA	22513640774	low	haploid_depth_estimated_from_total_read_bases_and_genome_size;independent_base_error_survival_approximation;phred_scores_treated_as_calibrated_probabilities;no_diagnostic_kmers
TXF000097	58	14	1968.4404	28.9058	68.0986	3949.7167	269.2947	55.6613	97.1762	total_read_bases_divided_by_genome_size	1900.5000	0.96548517	0	NA	NA	NA	NA	22513640774	medium	haploid_depth_estimated_from_total_read_bases_and_genome_size;independent_base_error_survival_approximation;phred_scores_treated_as_calibrated_probabilities;genome_background_uniqueness_not_verified
TXF000098	41	28	694.4695	28.9058	24.0253	985.0374	361.9942	12.0610	101.2073	total_read_bases_divided_by_genome_size	670.5000	0.96548517	0	NA	NA	NA	NA	22513640774	medium	haploid_depth_estimated_from_total_read_bases_and_genome_size;independent_base_error_survival_approximation;phred_scores_treated_as_calibrated_probabilities;genome_background_uniqueness_not_verified
TXF000099	59	0	0.0000	28.9058	0.0000	0.0000	0.0000	0.0000	0.0000	total_read_bases_divided_by_genome_size	0.0000	0.96548517	0	NA	NA	NA	NA	22513640774	low	haploid_depth_estimated_from_total_read_bases_and_genome_size;independent_base_error_survival_approximation;phred_scores_treated_as_calibrated_probabilities;no_diagnostic_kmers
TXF000100	44	19	1868.4906	28.9058	64.6408	2844.1945	307.6174	32.9367	83.5959	total_read_bases_divided_by_genome_size	1804.0000	0.96548517	0	NA	NA	NA	NA	22513640774	medium	haploid_depth_estimated_from_total_read_bases_and_genome_size;independent_base_error_survival_approximation;phred_scores_treated_as_calibrated_probabilities;genome_background_uniqueness_not_verified
TXF000101	50	36	723.4705	28.9058	25.0286	1251.4298	302.4386	0.0000	34.3986	total_read_bases_divided_by_genome_size	698.5000	0.96548517	0	NA	NA	NA	NA	22513640774	medium	haploid_depth_estimated_from_total_read_bases_and_genome_size;independent_base_error_survival_approximation;phred_scores_treated_as_calibrated_probabilities;genome_background_uniqueness_not_verified
TXF000102	50	12	1139.8414	28.9058	39.4330	1971.6514	89.0744	37.2437	74.7705	total_read_bases_divided_by_genome_size	1100.5000	0.96548517	0	NA	NA	NA	NA	22513640774	medium	haploid_depth_estimated_from_total_read_bases_and_genome_size;independent_base_error_survival_approximation;phred_scores_treated_as_calibrated_probabilities;genome_background_uniqueness_not_verified
TXF000103	52	20	4563.5088	28.9058	157.8754	8209.5229	1055.9458	22.0545	190.6545	total_read_bases_divided_by_genome_size	4406.0000	0.96548517	0	NA	NA	NA	NA	22513640774	medium	haploid_depth_estimated_from_total_read_bases_and_genome_size;independent_base_error_survival_approximation;phred_scores_treated_as_calibrated_probabilities;genome_background_uniqueness_not_verified
TXF000104	57	37	1656.1622	28.9058	57.2952	3265.8287	625.5922	29.7262	88.7485	total_read_bases_divided_by_genome_size	1599.0000	0.96548517	0	NA	NA	NA	NA	22513640774	medium	haploid_depth_estimated_from_total_read_bases_and_genome_size;independent_base_error_survival_approximation;phred_scores_treated_as_calibrated_probabilities;genome_background_uniqueness_not_verified
TXF000105	49	29	16102.7850	28.9058	557.0789	27296.8643	1884.0269	1.0033	601.7326	total_read_bases_divided_by_genome_size	15547.0000	0.96548517	0	NA	NA	NA	NA	22513640774	medium	haploid_depth_estimated_from_total_read_bases_and_genome_size;independent_base_error_survival_approximation;phred_scores_treated_as_calibrated_probabilities;genome_background_uniqueness_not_verified
TXF000106	30	30	2265.7003	28.9058	78.3823	2351.4698	748.8463	52.5260	476.1883	total_read_bases_divided_by_genome_size	2187.5000	0.96548517	0	NA	NA	NA	NA	22513640774	medium	haploid_depth_estimated_from_total_read_bases_and_genome_size;independent_base_error_survival_approximation;phred_scores_treated_as_calibrated_probabilities;genome_background_uniqueness_not_verified
TXF000107	64	28	1121.7158	28.9058	38.8060	2483.5821	436.0502	20.9366	60.2335	total_read_bases_divided_by_genome_size	1083.0000	0.96548517	0	NA	NA	NA	NA	22513640774	medium	haploid_depth_estimated_from_total_read_bases_and_genome_size;independent_base_error_survival_approximation;phred_scores_treated_as_calibrated_probabilities;genome_background_uniqueness_not_verified
TXF000108	55	25	855.5284	28.9058	29.5972	1627.8441	277.5807	17.7368	60.5703	total_read_bases_divided_by_genome_size	826.0000	0.96548517	0	NA	NA	NA	NA	22513640774	medium	haploid_depth_estimated_from_total_read_bases_and_genome_size;independent_base_error_survival_approximation;phred_scores_treated_as_calibrated_probabilities;genome_background_uniqueness_not_verified
TXF000109	156	58	1435.0298	28.9058	49.6451	7744.6396	682.5584	25.3511	162.9277	total_read_bases_divided_by_genome_size	1385.5000	0.96548517	0	NA	NA	NA	NA	22513640774	medium	haploid_depth_estimated_from_total_read_bases_and_genome_size;independent_base_error_survival_approximation;phred_scores_treated_as_calibrated_probabilities;genome_background_uniqueness_not_verified
TXF000110	52	23	1150.7168	28.9058	39.8093	2070.0817	137.7546	33.8110	54.1349	total_read_bases_divided_by_genome_size	1111.0000	0.96548517	0	NA	NA	NA	NA	22513640774	medium	haploid_depth_estimated_from_total_read_bases_and_genome_size;independent_base_error_survival_approximation;phred_scores_treated_as_calibrated_probabilities;genome_background_uniqueness_not_verified
TXF000111	70	70	1802.2027	28.9058	62.3475	4364.3279	1408.1004	0.5805	112.3402	total_read_bases_divided_by_genome_size	1740.0000	0.96548517	0	NA	NA	NA	NA	22513640774	medium	haploid_depth_estimated_from_total_read_bases_and_genome_size;independent_base_error_survival_approximation;phred_scores_treated_as_calibrated_probabilities;genome_background_uniqueness_not_verified
TXF000112	99	64	336.6183	28.9058	11.6454	1152.8920	59.0377	8.8863	38.6161	total_read_bases_divided_by_genome_size	325.0000	0.96548517	0	NA	NA	NA	NA	22513640774	medium	haploid_depth_estimated_from_total_read_bases_and_genome_size;independent_base_error_survival_approximation;phred_scores_treated_as_calibrated_probabilities;genome_background_uniqueness_not_verified
TXF000113	48	39	888.6724	28.9058	30.7438	1475.7018	288.9739	13.0572	96.2732	total_read_bases_divided_by_genome_size	858.0000	0.96548517	0	NA	NA	NA	NA	22513640774	medium	haploid_depth_estimated_from_total_read_bases_and_genome_size;independent_base_error_survival_approximation;phred_scores_treated_as_calibrated_probabilities;genome_background_uniqueness_not_verified
TXF000114	49	20	0.0000	28.9058	0.0000	0.0000	0.0000	0.0000	150.8918	total_read_bases_divided_by_genome_size	0.0000	0.96548517	0	NA	NA	NA	NA	22513640774	medium	haploid_depth_estimated_from_total_read_bases_and_genome_size;independent_base_error_survival_approximation;phred_scores_treated_as_calibrated_probabilities;genome_background_uniqueness_not_verified
TXF000115	124	12	3069.9591	28.9058	106.2058	13169.5206	29.5188	104.6256	107.4205	total_read_bases_divided_by_genome_size	2964.0000	0.96548517	0	NA	NA	NA	NA	22513640774	medium	haploid_depth_estimated_from_total_read_bases_and_genome_size;independent_base_error_survival_approximation;phred_scores_treated_as_calibrated_probabilities;genome_background_uniqueness_not_verified
TXF000116	83	50	1127.9303	28.9058	39.0210	3238.7398	243.4009	25.1898	80.0628	total_read_bases_divided_by_genome_size	1089.0000	0.96548517	0	NA	NA	NA	NA	22513640774	medium	haploid_depth_estimated_from_total_read_bases_and_genome_size;independent_base_error_survival_approximation;phred_scores_treated_as_calibrated_probabilities;genome_background_uniqueness_not_verified
TXF000117	55	10	1963.2617	28.9058	67.9194	3735.5673	218.5430	58.9148	117.7473	total_read_bases_divided_by_genome_size	1895.5000	0.96548517	0	NA	NA	NA	NA	22513640774	medium	haploid_depth_estimated_from_total_read_bases_and_genome_size;independent_base_error_survival_approximation;phred_scores_treated_as_calibrated_probabilities;genome_background_uniqueness_not_verified
TXF000118	59	14	2387.9186	28.9058	82.6105	4874.0190	153.8087	58.2090	100.7988	total_read_bases_divided_by_genome_size	2305.5000	0.96548517	0	NA	NA	NA	NA	22513640774	medium	haploid_depth_estimated_from_total_read_bases_and_genome_size;independent_base_error_survival_approximation;phred_scores_treated_as_calibrated_probabilities;genome_background_uniqueness_not_verified
TXF000119	44	12	265.1517	28.9058	9.1730	403.6107	66.2879	5.8155	12.5197	total_read_bases_divided_by_genome_size	256.0000	0.96548517	0	NA	NA	NA	NA	22513640774	medium	haploid_depth_estimated_from_total_read_bases_and_genome_size;independent_base_error_survival_approximation;phred_scores_treated_as_calibrated_probabilities;genome_background_uniqueness_not_verified
TXF000120	40	0	0.0000	28.9058	0.0000	0.0000	0.0000	0.0000	0.0000	total_read_bases_divided_by_genome_size	0.0000	0.96548517	0	NA	NA	NA	NA	22513640774	low	haploid_depth_estimated_from_total_read_bases_and_genome_size;independent_base_error_survival_approximation;phred_scores_treated_as_calibrated_probabilities;no_diagnostic_kmers
TXF000121	41	5	203.0067	28.9058	7.0231	287.9453	63.1807	5.2386	11.2154	total_read_bases_divided_by_genome_size	196.0000	0.96548517	0	NA	NA	NA	NA	22513640774	medium	haploid_depth_estimated_from_total_read_bases_and_genome_size;independent_base_error_survival_approximation;phred_scores_treated_as_calibrated_probabilities;genome_background_uniqueness_not_verified
TXF000122	52	0	0.0000	28.9058	0.0000	0.0000	0.0000	0.0000	0.0000	total_read_bases_divided_by_genome_size	0.0000	0.96548517	0	NA	NA	NA	NA	22513640774	low	haploid_depth_estimated_from_total_read_bases_and_genome_size;independent_base_error_survival_approximation;phred_scores_treated_as_calibrated_probabilities;no_diagnostic_kmers
TXF000123	63	63	630.7710	28.9058	21.8216	1374.7633	141.8976	16.1244	43.5429	total_read_bases_divided_by_genome_size	609.0000	0.96548517	0	NA	NA	NA	NA	22513640774	medium	haploid_depth_estimated_from_total_read_bases_and_genome_size;independent_base_error_survival_approximation;phred_scores_treated_as_calibrated_probabilities;genome_background_uniqueness_not_verified
TXF000124	60	60	634.9140	28.9058	21.9650	1317.8980	284.3130	7.9547	38.8705	total_read_bases_divided_by_genome_size	613.0000	0.96548517	0	NA	NA	NA	NA	22513640774	medium	haploid_depth_estimated_from_total_read_bases_and_genome_size;independent_base_error_survival_approximation;phred_scores_treated_as_calibrated_probabilities;genome_background_uniqueness_not_verified
TXF000125	51	0	0.0000	28.9058	0.0000	0.0000	0.0000	0.0000	0.0000	total_read_bases_divided_by_genome_size	0.0000	0.96548517	0	NA	NA	NA	NA	22513640774	low	haploid_depth_estimated_from_total_read_bases_and_genome_size;independent_base_error_survival_approximation;phred_scores_treated_as_calibrated_probabilities;no_diagnostic_kmers
TXF000126	50	47	2804.8075	28.9058	97.0328	4851.6420	1199.3970	29.7047	116.3391	total_read_bases_divided_by_genome_size	2708.0000	0.96548517	0	NA	NA	NA	NA	22513640774	medium	haploid_depth_estimated_from_total_read_bases_and_genome_size;independent_base_error_survival_approximation;phred_scores_treated_as_calibrated_probabilities;genome_background_uniqueness_not_verified
TXF000127	31	21	2794.4500	28.9058	96.6745	2996.9101	1520.4791	39.8809	388.5255	total_read_bases_divided_by_genome_size	2698.0000	0.96548517	0	NA	NA	NA	NA	22513640774	medium	haploid_depth_estimated_from_total_read_bases_and_genome_size;independent_base_error_survival_approximation;phred_scores_treated_as_calibrated_probabilities;genome_background_uniqueness_not_verified
TXF000128	245	44	0.0000	28.9058	0.0000	0.0000	0.0000	0.0000	1816.5314	total_read_bases_divided_by_genome_size	0.0000	0.96548517	0	NA	NA	NA	NA	22513640774	medium	haploid_depth_estimated_from_total_read_bases_and_genome_size;independent_base_error_survival_approximation;phred_scores_treated_as_calibrated_probabilities;genome_background_uniqueness_not_verified
TXF000129	104	34	845.6888	28.9058	29.2568	3042.7033	481.6231	10.0079	69.5318	total_read_bases_divided_by_genome_size	816.5000	0.96548517	0	NA	NA	NA	NA	22513640774	medium	haploid_depth_estimated_from_total_read_bases_and_genome_size;independent_base_error_survival_approximation;phred_scores_treated_as_calibrated_probabilities;genome_background_uniqueness_not_verified
TXF000130	235	0	0.0000	28.9058	0.0000	0.0000	0.0000	0.0000	0.0000	total_read_bases_divided_by_genome_size	0.0000	0.96548517	0	NA	NA	NA	NA	22513640774	low	haploid_depth_estimated_from_total_read_bases_and_genome_size;independent_base_error_survival_approximation;phred_scores_treated_as_calibrated_probabilities;no_diagnostic_kmers
TXF000131	30	0	0.0000	28.9058	0.0000	0.0000	0.0000	0.0000	0.0000	total_read_bases_divided_by_genome_size	0.0000	0.96548517	0	NA	NA	NA	NA	22513640774	low	haploid_depth_estimated_from_total_read_bases_and_genome_size;independent_base_error_survival_approximation;phred_scores_treated_as_calibrated_probabilities;no_diagnostic_kmers
TXF000132	44	7	1115.5013	28.9058	38.5910	1698.0030	180.2203	28.3860	76.9598	total_read_bases_divided_by_genome_size	1077.0000	0.96548517	0	NA	NA	NA	NA	22513640774	medium	haploid_depth_estimated_from_total_read_bases_and_genome_size;independent_base_error_survival_approximation;phred_scores_treated_as_calibrated_probabilities;genome_background_uniqueness_not_verified
TXF000133	48	25	494.0521	28.9058	17.0918	820.4076	47.6444	7.4459	37.0717	total_read_bases_divided_by_genome_size	477.0000	0.96548517	0	NA	NA	NA	NA	22513640774	medium	haploid_depth_estimated_from_total_read_bases_and_genome_size;independent_base_error_survival_approximation;phred_scores_treated_as_calibrated_probabilities;genome_background_uniqueness_not_verified
TXF000134	40	40	992.7651	28.9058	34.3449	1373.7958	211.2927	23.2370	48.0040	total_read_bases_divided_by_genome_size	958.5000	0.96548517	0	NA	NA	NA	NA	22513640774	medium	haploid_depth_estimated_from_total_read_bases_and_genome_size;independent_base_error_survival_approximation;phred_scores_treated_as_calibrated_probabilities;genome_background_uniqueness_not_verified
TXF000135	30	28	5074.6507	28.9058	175.5585	5266.7548	2113.4452	89.1104	318.4634	total_read_bases_divided_by_genome_size	4899.5000	0.96548517	0	NA	NA	NA	NA	22513640774	medium	haploid_depth_estimated_from_total_read_bases_and_genome_size;independent_base_error_survival_approximation;phred_scores_treated_as_calibrated_probabilities;genome_background_uniqueness_not_verified
TXF000136	248	68	911.9767	28.9058	31.5500	7824.4014	700.6840	0.0000	87.9960	total_read_bases_divided_by_genome_size	880.5000	0.96548517	0	NA	NA	NA	NA	22513640774	medium	haploid_depth_estimated_from_total_read_bases_and_genome_size;independent_base_error_survival_approximation;phred_scores_treated_as_calibrated_probabilities;genome_background_uniqueness_not_verified
TXF000137	107	84	2063.7293	28.9058	71.3951	7639.2758	560.8579	8.2413	96.2087	total_read_bases_divided_by_genome_size	1992.5000	0.96548517	0	NA	NA	NA	NA	22513640774	medium	haploid_depth_estimated_from_total_read_bases_and_genome_size;independent_base_error_survival_approximation;phred_scores_treated_as_calibrated_probabilities;genome_background_uniqueness_not_verified
TXF000138	60	0	0.0000	28.9058	0.0000	0.0000	0.0000	0.0000	0.0000	total_read_bases_divided_by_genome_size	0.0000	0.96548517	0	NA	NA	NA	NA	22513640774	low	haploid_depth_estimated_from_total_read_bases_and_genome_size;independent_base_error_survival_approximation;phred_scores_treated_as_calibrated_probabilities;no_diagnostic_kmers
TXF000139	68	48	1398.2607	28.9058	48.3731	3289.3703	560.3400	0.5375	70.1410	total_read_bases_divided_by_genome_size	1350.0000	0.96548517	0	NA	NA	NA	NA	22513640774	medium	haploid_depth_estimated_from_total_read_bases_and_genome_size;independent_base_error_survival_approximation;phred_scores_treated_as_calibrated_probabilities;genome_background_uniqueness_not_verified
TXF000140	46	40	1838.4539	28.9058	63.6017	2925.6763	1317.9902	17.9876	164.9737	total_read_bases_divided_by_genome_size	1775.0000	0.96548517	0	NA	NA	NA	NA	22513640774	medium	haploid_depth_estimated_from_total_read_bases_and_genome_size;independent_base_error_survival_approximation;phred_scores_treated_as_calibrated_probabilities;genome_background_uniqueness_not_verified
TXF000141	45	38	883.4936	28.9058	30.5646	1375.4083	503.8917	12.9640	58.5279	total_read_bases_divided_by_genome_size	853.0000	0.96548517	0	NA	NA	NA	NA	22513640774	medium	haploid_depth_estimated_from_total_read_bases_and_genome_size;independent_base_error_survival_approximation;phred_scores_treated_as_calibrated_probabilities;genome_background_uniqueness_not_verified
TXF000142	606	326	4793.4450	28.9058	165.8301	100493.0568	2099.4626	69.2273	336.5334	total_read_bases_divided_by_genome_size	4628.0000	0.96548517	0	NA	NA	NA	NA	22513640774	medium	haploid_depth_estimated_from_total_read_bases_and_genome_size;independent_base_error_survival_approximation;phred_scores_treated_as_calibrated_probabilities;genome_background_uniqueness_not_verified
TXF000143	253	5	9.3217	28.9058	0.3225	81.5893	8.2860	0.0788	17.0703	total_read_bases_divided_by_genome_size	9.0000	0.96548517	0	NA	NA	NA	NA	22513640774	medium	haploid_depth_estimated_from_total_read_bases_and_genome_size;independent_base_error_survival_approximation;phred_scores_treated_as_calibrated_probabilities;genome_background_uniqueness_not_verified
TXF000144	52	23	528.2318	28.9058	18.2743	950.2625	164.6840	11.1939	86.1829	total_read_bases_divided_by_genome_size	510.0000	0.96548517	0	NA	NA	NA	NA	22513640774	medium	haploid_depth_estimated_from_total_read_bases_and_genome_size;independent_base_error_survival_approximation;phred_scores_treated_as_calibrated_probabilities;genome_background_uniqueness_not_verified
TXF000145	53	42	1254.8095	28.9058	43.4104	2300.7497	282.2415	16.5006	53.5687	total_read_bases_divided_by_genome_size	1211.5000	0.96548517	0	NA	NA	NA	NA	22513640774	medium	haploid_depth_estimated_from_total_read_bases_and_genome_size;independent_base_error_survival_approximation;phred_scores_treated_as_calibrated_probabilities;genome_background_uniqueness_not_verified
TXF000146	38	38	12200.0839	28.9058	422.0642	16038.4391	1396.1892	1.0284	588.6038	total_read_bases_divided_by_genome_size	11779.0000	0.96548517	0	NA	NA	NA	NA	22513640774	medium	haploid_depth_estimated_from_total_read_bases_and_genome_size;independent_base_error_survival_approximation;phred_scores_treated_as_calibrated_probabilities;genome_background_uniqueness_not_verified
TXF000147	103	17	1305.0434	28.9058	45.1482	4650.2666	409.1207	28.8590	213.7159	total_read_bases_divided_by_genome_size	1260.0000	0.96548517	0	NA	NA	NA	NA	22513640774	medium	haploid_depth_estimated_from_total_read_bases_and_genome_size;independent_base_error_survival_approximation;phred_scores_treated_as_calibrated_probabilities;genome_background_uniqueness_not_verified
TXF000148	52	29	1119.6443	28.9058	38.7343	2014.1839	287.9381	27.7769	88.0390	total_read_bases_divided_by_genome_size	1081.0000	0.96548517	0	NA	NA	NA	NA	22513640774	medium	haploid_depth_estimated_from_total_read_bases_and_genome_size;independent_base_error_survival_approximation;phred_scores_treated_as_calibrated_probabilities;genome_background_uniqueness_not_verified
TXF000149	101	35	483.6946	28.9058	16.7335	1690.0842	350.0831	2.9526	33.3094	total_read_bases_divided_by_genome_size	467.0000	0.96548517	0	NA	NA	NA	NA	22513640774	medium	haploid_depth_estimated_from_total_read_bases_and_genome_size;independent_base_error_survival_approximation;phred_scores_treated_as_calibrated_probabilities;genome_background_uniqueness_not_verified
TXF000150	91	74	446.4077	28.9058	15.4436	1405.3637	419.4782	0.0000	67.8585	total_read_bases_divided_by_genome_size	431.0000	0.96548517	0	NA	NA	NA	NA	22513640774	medium	haploid_depth_estimated_from_total_read_bases_and_genome_size;independent_base_error_survival_approximation;phred_scores_treated_as_calibrated_probabilities;genome_background_uniqueness_not_verified
TXF000151	129	103	1190.0753	28.9058	41.1709	5311.0430	258.9372	0.0000	57.7897	total_read_bases_divided_by_genome_size	1149.0000	0.96548517	0	NA	NA	NA	NA	22513640774	medium	haploid_depth_estimated_from_total_read_bases_and_genome_size;independent_base_error_survival_approximation;phred_scores_treated_as_calibrated_probabilities;genome_background_uniqueness_not_verified
TXF000152	86	34	134.6473	28.9058	4.6581	400.6009	101.5034	1.1466	147.9822	total_read_bases_divided_by_genome_size	130.0000	0.96548517	0	NA	NA	NA	NA	22513640774	medium	haploid_depth_estimated_from_total_read_bases_and_genome_size;independent_base_error_survival_approximation;phred_scores_treated_as_calibrated_probabilities;genome_background_uniqueness_not_verified
TXF000153	54	40	885.5651	28.9058	30.6363	1654.3598	283.7951	12.8887	75.2327	total_read_bases_divided_by_genome_size	855.0000	0.96548517	0	NA	NA	NA	NA	22513640774	medium	haploid_depth_estimated_from_total_read_bases_and_genome_size;independent_base_error_survival_approximation;phred_scores_treated_as_calibrated_probabilities;genome_background_uniqueness_not_verified
TXF000154	59	5	40.3942	28.9058	1.3974	82.4492	37.2870	0.1075	27.7267	total_read_bases_divided_by_genome_size	39.0000	0.96548517	0	NA	NA	NA	NA	22513640774	medium	haploid_depth_estimated_from_total_read_bases_and_genome_size;independent_base_error_survival_approximation;phred_scores_treated_as_calibrated_probabilities;genome_background_uniqueness_not_verified
TXF000155	39	20	0.0000	28.9058	0.0000	0.0000	0.0000	0.0000	0.0717	total_read_bases_divided_by_genome_size	0.0000	0.96548517	0	NA	NA	NA	NA	22513640774	medium	haploid_depth_estimated_from_total_read_bases_and_genome_size;independent_base_error_survival_approximation;phred_scores_treated_as_calibrated_probabilities;genome_background_uniqueness_not_verified
TXF000156	51	16	203.0067	28.9058	7.0231	358.1759	160.5410	1.2899	40.6692	total_read_bases_divided_by_genome_size	196.0000	0.96548517	0	NA	NA	NA	NA	22513640774	medium	haploid_depth_estimated_from_total_read_bases_and_genome_size;independent_base_error_survival_approximation;phred_scores_treated_as_calibrated_probabilities;genome_background_uniqueness_not_verified
TXF000157	42	0	0.0000	28.9058	0.0000	0.0000	0.0000	0.0000	0.0000	total_read_bases_divided_by_genome_size	0.0000	0.96548517	0	NA	NA	NA	NA	22513640774	low	haploid_depth_estimated_from_total_read_bases_and_genome_size;independent_base_error_survival_approximation;phred_scores_treated_as_calibrated_probabilities;no_diagnostic_kmers
TXF000158	104	38	211.8106	28.9058	7.3276	762.0733	198.8637	0.4551	72.3052	total_read_bases_divided_by_genome_size	204.5000	0.96548517	0	NA	NA	NA	NA	22513640774	medium	haploid_depth_estimated_from_total_read_bases_and_genome_size;independent_base_error_survival_approximation;phred_scores_treated_as_calibrated_probabilities;genome_background_uniqueness_not_verified
TXF000159	30	30	632.8425	28.9058	21.8933	656.7991	121.7005	6.5537	42.1204	total_read_bases_divided_by_genome_size	611.0000	0.96548517	0	NA	NA	NA	NA	22513640774	medium	haploid_depth_estimated_from_total_read_bases_and_genome_size;independent_base_error_survival_approximation;phred_scores_treated_as_calibrated_probabilities;genome_background_uniqueness_not_verified
TXF000160	50	3	230.9720	28.9058	7.9905	399.5259	24.8580	7.3025	75.0965	total_read_bases_divided_by_genome_size	223.0000	0.96548517	0	NA	NA	NA	NA	22513640774	medium	haploid_depth_estimated_from_total_read_bases_and_genome_size;independent_base_error_survival_approximation;phred_scores_treated_as_calibrated_probabilities;genome_background_uniqueness_not_verified
TXF000161	59	20	211.2927	28.9058	7.3097	431.2730	176.0773	0.8277	24.9713	total_read_bases_divided_by_genome_size	204.0000	0.96548517	0	NA	NA	NA	NA	22513640774	medium	haploid_depth_estimated_from_total_read_bases_and_genome_size;independent_base_error_survival_approximation;phred_scores_treated_as_calibrated_probabilities;genome_background_uniqueness_not_verified
TXF000162	74	74	785.0975	28.9058	27.1606	2009.8841	168.8270	16.8267	35.4987	total_read_bases_divided_by_genome_size	758.0000	0.96548517	0	NA	NA	NA	NA	22513640774	medium	haploid_depth_estimated_from_total_read_bases_and_genome_size;independent_base_error_survival_approximation;phred_scores_treated_as_calibrated_probabilities;genome_background_uniqueness_not_verified
TXF000163	58	49	1643.7332	28.9058	56.8653	3298.1849	1637.5187	0.2150	260.2257	total_read_bases_divided_by_genome_size	1587.0000	0.96548517	0	NA	NA	NA	NA	22513640774	medium	haploid_depth_estimated_from_total_read_bases_and_genome_size;independent_base_error_survival_approximation;phred_scores_treated_as_calibrated_probabilities;genome_background_uniqueness_not_verified
TXF000164	51	31	1374.4385	28.9058	47.5490	2424.9969	951.8531	0.0000	76.8595	total_read_bases_divided_by_genome_size	1327.0000	0.96548517	0	NA	NA	NA	NA	22513640774	medium	haploid_depth_estimated_from_total_read_bases_and_genome_size;independent_base_error_survival_approximation;phred_scores_treated_as_calibrated_probabilities;genome_background_uniqueness_not_verified
TXF000165	48	32	1236.1661	28.9058	42.7654	2052.7390	688.7729	18.7831	104.1885	total_read_bases_divided_by_genome_size	1193.5000	0.96548517	0	NA	NA	NA	NA	22513640774	medium	haploid_depth_estimated_from_total_read_bases_and_genome_size;independent_base_error_survival_approximation;phred_scores_treated_as_calibrated_probabilities;genome_background_uniqueness_not_verified
TXF000166	30	0	0.0000	28.9058	0.0000	0.0000	0.0000	0.0000	0.0000	total_read_bases_divided_by_genome_size	0.0000	0.96548517	0	NA	NA	NA	NA	22513640774	low	haploid_depth_estimated_from_total_read_bases_and_genome_size;independent_base_error_survival_approximation;phred_scores_treated_as_calibrated_probabilities;no_diagnostic_kmers
TXF000167	49	31	2244.4674	28.9058	77.6478	3804.7408	954.9603	10.1404	110.6848	total_read_bases_divided_by_genome_size	2167.0000	0.96548517	0	NA	NA	NA	NA	22513640774	medium	haploid_depth_estimated_from_total_read_bases_and_genome_size;independent_base_error_survival_approximation;phred_scores_treated_as_calibrated_probabilities;genome_background_uniqueness_not_verified
TXF000168	31	31	0.0000	28.9058	0.0000	0.0000	0.0000	0.0000	143.8293	total_read_bases_divided_by_genome_size	0.0000	0.96548517	0	NA	NA	NA	NA	22513640774	medium	haploid_depth_estimated_from_total_read_bases_and_genome_size;independent_base_error_survival_approximation;phred_scores_treated_as_calibrated_probabilities;genome_background_uniqueness_not_verified
TXF000169	31	18	917.6733	28.9058	31.7471	984.1595	435.0145	15.2859	57.1125	total_read_bases_divided_by_genome_size	886.0000	0.96548517	0	NA	NA	NA	NA	22513640774	medium	haploid_depth_estimated_from_total_read_bases_and_genome_size;independent_base_error_survival_approximation;phred_scores_treated_as_calibrated_probabilities;genome_background_uniqueness_not_verified
TXF000170	47	21	670.1294	28.9058	23.1833	1089.6129	327.2966	7.5247	39.1285	total_read_bases_divided_by_genome_size	647.0000	0.96548517	0	NA	NA	NA	NA	22513640774	medium	haploid_depth_estimated_from_total_read_bases_and_genome_size;independent_base_error_survival_approximation;phred_scores_treated_as_calibrated_probabilities;genome_background_uniqueness_not_verified
TXF000171	83	48	1945.1360	28.9058	67.2923	5585.2647	367.6908	53.0635	99.4730	total_read_bases_divided_by_genome_size	1878.0000	0.96548517	0	NA	NA	NA	NA	22513640774	medium	haploid_depth_estimated_from_total_read_bases_and_genome_size;independent_base_error_survival_approximation;phred_scores_treated_as_calibrated_probabilities;genome_background_uniqueness_not_verified
TXF000172	58	2	1073.0356	28.9058	37.1219	2153.0684	529.2676	22.4738	51.7700	total_read_bases_divided_by_genome_size	1036.0000	0.96548517	0	NA	NA	NA	NA	22513640774	medium	haploid_depth_estimated_from_total_read_bases_and_genome_size;independent_base_error_survival_approximation;phred_scores_treated_as_calibrated_probabilities;genome_background_uniqueness_not_verified
TXF000173	44	15	425.6927	28.9058	14.7269	647.9844	119.1111	11.4232	86.4409	total_read_bases_divided_by_genome_size	411.0000	0.96548517	0	NA	NA	NA	NA	22513640774	medium	haploid_depth_estimated_from_total_read_bases_and_genome_size;independent_base_error_survival_approximation;phred_scores_treated_as_calibrated_probabilities;genome_background_uniqueness_not_verified
TXF000174	40	20	1802.7206	28.9058	62.3655	2494.6183	506.9990	42.1312	119.4600	total_read_bases_divided_by_genome_size	1740.5000	0.96548517	0	NA	NA	NA	NA	22513640774	medium	haploid_depth_estimated_from_total_read_bases_and_genome_size;independent_base_error_survival_approximation;phred_scores_treated_as_calibrated_probabilities;genome_background_uniqueness_not_verified
TXF000175	77	77	2377.0433	28.9058	82.2343	6332.0378	383.2270	22.1656	245.1477	total_read_bases_divided_by_genome_size	2295.0000	0.96548517	0	NA	NA	NA	NA	22513640774	medium	haploid_depth_estimated_from_total_read_bases_and_genome_size;independent_base_error_survival_approximation;phred_scores_treated_as_calibrated_probabilities;genome_background_uniqueness_not_verified
TXF000176	156	0	0.0000	28.9058	0.0000	0.0000	0.0000	0.0000	0.0000	total_read_bases_divided_by_genome_size	0.0000	0.96548517	0	NA	NA	NA	NA	22513640774	low	haploid_depth_estimated_from_total_read_bases_and_genome_size;independent_base_error_survival_approximation;phred_scores_treated_as_calibrated_probabilities;no_diagnostic_kmers
TXF000177	100	14	1244.7110	28.9058	43.0610	4306.1010	157.1749	32.1932	49.8153	total_read_bases_divided_by_genome_size	1201.7500	0.96548517	0	NA	NA	NA	NA	22513640774	medium	haploid_depth_estimated_from_total_read_bases_and_genome_size;independent_base_error_survival_approximation;phred_scores_treated_as_calibrated_probabilities;genome_background_uniqueness_not_verified
TXF000178	47	25	268.2589	28.9058	9.2805	436.1820	190.5778	2.3219	155.1880	total_read_bases_divided_by_genome_size	259.0000	0.96548517	0	NA	NA	NA	NA	22513640774	medium	haploid_depth_estimated_from_total_read_bases_and_genome_size;independent_base_error_survival_approximation;phred_scores_treated_as_calibrated_probabilities;genome_background_uniqueness_not_verified
TXF000179	71	71	762.3110	28.9058	26.3723	1872.4328	292.0811	16.1244	57.5819	total_read_bases_divided_by_genome_size	736.0000	0.96548517	0	NA	NA	NA	NA	22513640774	medium	haploid_depth_estimated_from_total_read_bases_and_genome_size;independent_base_error_survival_approximation;phred_scores_treated_as_calibrated_probabilities;genome_background_uniqueness_not_verified
TXF000180	65	38	1671.6984	28.9058	57.8327	3759.1267	671.6830	30.4356	257.0797	total_read_bases_divided_by_genome_size	1614.0000	0.96548517	0	NA	NA	NA	NA	22513640774	medium	haploid_depth_estimated_from_total_read_bases_and_genome_size;independent_base_error_survival_approximation;phred_scores_treated_as_calibrated_probabilities;genome_background_uniqueness_not_verified
TXF000181	43	36	805.8125	28.9058	27.8772	1198.7211	179.1845	18.7938	48.8568	total_read_bases_divided_by_genome_size	778.0000	0.96548517	0	NA	NA	NA	NA	22513640774	medium	haploid_depth_estimated_from_total_read_bases_and_genome_size;independent_base_error_survival_approximation;phred_scores_treated_as_calibrated_probabilities;genome_background_uniqueness_not_verified
TXF000182	85	23	208.1855	28.9058	7.2022	612.1884	54.8947	5.3390	25.3690	total_read_bases_divided_by_genome_size	201.0000	0.96548517	0	NA	NA	NA	NA	22513640774	medium	haploid_depth_estimated_from_total_read_bases_and_genome_size;independent_base_error_survival_approximation;phred_scores_treated_as_calibrated_probabilities;genome_background_uniqueness_not_verified
TXF000183	32	32	581.0550	28.9058	20.1017	643.2546	137.7546	9.8251	55.2313	total_read_bases_divided_by_genome_size	561.0000	0.96548517	0	NA	NA	NA	NA	22513640774	medium	haploid_depth_estimated_from_total_read_bases_and_genome_size;independent_base_error_survival_approximation;phred_scores_treated_as_calibrated_probabilities;genome_background_uniqueness_not_verified
TXF000184	58	56	742.1139	28.9058	25.6736	1489.0671	12.9469	0.0000	26.1573	total_read_bases_divided_by_genome_size	716.5000	0.96548517	0	NA	NA	NA	NA	22513640774	medium	haploid_depth_estimated_from_total_read_bases_and_genome_size;independent_base_error_survival_approximation;phred_scores_treated_as_calibrated_probabilities;genome_background_uniqueness_not_verified
TXF000185	105	68	1275.0066	28.9058	44.1091	4631.4548	801.1516	6.9120	84.3770	total_read_bases_divided_by_genome_size	1231.0000	0.96548517	0	NA	NA	NA	NA	22513640774	medium	haploid_depth_estimated_from_total_read_bases_and_genome_size;independent_base_error_survival_approximation;phred_scores_treated_as_calibrated_probabilities;genome_background_uniqueness_not_verified
TXF000186	58	21	2667.0529	28.9058	92.2672	5351.4973	503.3739	73.0255	182.4920	total_read_bases_divided_by_genome_size	2575.0000	0.96548517	0	NA	NA	NA	NA	22513640774	medium	haploid_depth_estimated_from_total_read_bases_and_genome_size;independent_base_error_survival_approximation;phred_scores_treated_as_calibrated_probabilities;genome_background_uniqueness_not_verified
TXF000187	64	31	374.9410	28.9058	12.9712	830.1539	46.6087	8.4563	20.1734	total_read_bases_divided_by_genome_size	362.0000	0.96548517	0	NA	NA	NA	NA	22513640774	medium	haploid_depth_estimated_from_total_read_bases_and_genome_size;independent_base_error_survival_approximation;phred_scores_treated_as_calibrated_probabilities;genome_background_uniqueness_not_verified
TXF000188	43	30	614.1990	28.9058	21.2483	913.6781	280.1700	11.3766	67.7223	total_read_bases_divided_by_genome_size	593.0000	0.96548517	0	NA	NA	NA	NA	22513640774	medium	haploid_depth_estimated_from_total_read_bases_and_genome_size;independent_base_error_survival_approximation;phred_scores_treated_as_calibrated_probabilities;genome_background_uniqueness_not_verified
TXF000189	68	19	1162.1100	28.9058	40.2034	2733.8322	79.7526	34.6781	42.5898	total_read_bases_divided_by_genome_size	1122.0000	0.96548517	0	NA	NA	NA	NA	22513640774	medium	haploid_depth_estimated_from_total_read_bases_and_genome_size;independent_base_error_survival_approximation;phred_scores_treated_as_calibrated_probabilities;genome_background_uniqueness_not_verified
TXF000190	82	38	30.5546	28.9058	1.0570	86.6774	4.6609	0.8958	38.4369	total_read_bases_divided_by_genome_size	29.5000	0.96548517	0	NA	NA	NA	NA	22513640774	medium	haploid_depth_estimated_from_total_read_bases_and_genome_size;independent_base_error_survival_approximation;phred_scores_treated_as_calibrated_probabilities;genome_background_uniqueness_not_verified
TXF000191	30	7	1463.5129	28.9058	50.6305	1518.9151	297.2599	43.3781	73.6203	total_read_bases_divided_by_genome_size	1413.0000	0.96548517	0	NA	NA	NA	NA	22513640774	medium	haploid_depth_estimated_from_total_read_bases_and_genome_size;independent_base_error_survival_approximation;phred_scores_treated_as_calibrated_probabilities;genome_background_uniqueness_not_verified
TXF000192	61	38	778.8830	28.9058	26.9456	1643.6818	18.1256	18.0091	27.7912	total_read_bases_divided_by_genome_size	752.0000	0.96548517	0	NA	NA	NA	NA	22513640774	medium	haploid_depth_estimated_from_total_read_bases_and_genome_size;independent_base_error_survival_approximation;phred_scores_treated_as_calibrated_probabilities;genome_background_uniqueness_not_verified
TXF000193	70	70	1302.9719	28.9058	45.0766	3155.3589	381.6734	0.0000	89.8235	total_read_bases_divided_by_genome_size	1258.0000	0.96548517	0	NA	NA	NA	NA	22513640774	medium	haploid_depth_estimated_from_total_read_bases_and_genome_size;independent_base_error_survival_approximation;phred_scores_treated_as_calibrated_probabilities;genome_background_uniqueness_not_verified
TXF000194	48	10	1467.1380	28.9058	50.7559	2436.2839	200.9352	12.5878	56.9298	total_read_bases_divided_by_genome_size	1416.5000	0.96548517	0	NA	NA	NA	NA	22513640774	medium	haploid_depth_estimated_from_total_read_bases_and_genome_size;independent_base_error_survival_approximation;phred_scores_treated_as_calibrated_probabilities;genome_background_uniqueness_not_verified
TXF000195	36	21	4038.3842	28.9058	139.7087	5029.5116	1613.6965	28.8447	220.0797	total_read_bases_divided_by_genome_size	3899.0000	0.96548517	0	NA	NA	NA	NA	22513640774	medium	haploid_depth_estimated_from_total_read_bases_and_genome_size;independent_base_error_survival_approximation;phred_scores_treated_as_calibrated_probabilities;genome_background_uniqueness_not_verified
TXF000196	56	54	726.5777	28.9058	25.1361	1407.6212	32.6261	0.0000	26.2648	total_read_bases_divided_by_genome_size	701.5000	0.96548517	0	NA	NA	NA	NA	22513640774	medium	haploid_depth_estimated_from_total_read_bases_and_genome_size;independent_base_error_survival_approximation;phred_scores_treated_as_calibrated_probabilities;genome_background_uniqueness_not_verified
TXF000197	680	61	2583.1572	28.9058	89.3648	60768.0701	1788.7380	16.6977	249.3722	total_read_bases_divided_by_genome_size	2494.0000	0.96548517	0	NA	NA	NA	NA	22513640774	medium	haploid_depth_estimated_from_total_read_bases_and_genome_size;independent_base_error_survival_approximation;phred_scores_treated_as_calibrated_probabilities;genome_background_uniqueness_not_verified
TXF000198	52	7	1278.1139	28.9058	44.2166	2299.2627	90.1101	36.4196	53.5831	total_read_bases_divided_by_genome_size	1234.0000	0.96548517	0	NA	NA	NA	NA	22513640774	medium	haploid_depth_estimated_from_total_read_bases_and_genome_size;independent_base_error_survival_approximation;phred_scores_treated_as_calibrated_probabilities;genome_background_uniqueness_not_verified
TXF000199	238	3	411.1922	28.9058	14.2253	3385.6148	2.0715	12.7347	14.2826	total_read_bases_divided_by_genome_size	397.0000	0.96548517	0	NA	NA	NA	NA	22513640774	medium	haploid_depth_estimated_from_total_read_bases_and_genome_size;independent_base_error_survival_approximation;phred_scores_treated_as_calibrated_probabilities;genome_background_uniqueness_not_verified
TXF000200	93	24	445.3719	28.9058	15.4077	1432.9185	147.0763	9.8538	22.3627	total_read_bases_divided_by_genome_size	430.0000	0.96548517	0	NA	NA	NA	NA	22513640774	medium	haploid_depth_estimated_from_total_read_bases_and_genome_size;independent_base_error_survival_approximation;phred_scores_treated_as_calibrated_probabilities;genome_background_uniqueness_not_verified
TXF000201	82	71	899.0299	28.9058	31.1021	2550.3728	235.1150	14.1178	79.9410	total_read_bases_divided_by_genome_size	868.0000	0.96548517	0	NA	NA	NA	NA	22513640774	medium	haploid_depth_estimated_from_total_read_bases_and_genome_size;independent_base_error_survival_approximation;phred_scores_treated_as_calibrated_probabilities;genome_background_uniqueness_not_verified
TXF000202	33	5	824.4560	28.9058	28.5222	941.2329	30.0367	27.3971	29.7190	total_read_bases_divided_by_genome_size	796.0000	0.96548517	0	NA	NA	NA	NA	22513640774	medium	haploid_depth_estimated_from_total_read_bases_and_genome_size;independent_base_error_survival_approximation;phred_scores_treated_as_calibrated_probabilities;genome_background_uniqueness_not_verified
TXF000203	80	17	539.6251	28.9058	18.6684	1493.4744	31.0725	1.6841	24.9462	total_read_bases_divided_by_genome_size	521.0000	0.96548517	0	NA	NA	NA	NA	22513640774	medium	haploid_depth_estimated_from_total_read_bases_and_genome_size;independent_base_error_survival_approximation;phred_scores_treated_as_calibrated_probabilities;genome_background_uniqueness_not_verified
TXF000204	44	22	85.9671	28.9058	2.9740	130.8582	31.5903	1.1502	19.6287	total_read_bases_divided_by_genome_size	83.0000	0.96548517	0	NA	NA	NA	NA	22513640774	medium	haploid_depth_estimated_from_total_read_bases_and_genome_size;independent_base_error_survival_approximation;phred_scores_treated_as_calibrated_probabilities;genome_background_uniqueness_not_verified
TXF000205	33	0	0.0000	28.9058	0.0000	0.0000	0.0000	0.0000	0.0000	total_read_bases_divided_by_genome_size	0.0000	0.96548517	0	NA	NA	NA	NA	22513640774	low	haploid_depth_estimated_from_total_read_bases_and_genome_size;independent_base_error_survival_approximation;phred_scores_treated_as_calibrated_probabilities;no_diagnostic_kmers
TXF000206	51	33	1385.8318	28.9058	47.9431	2445.0986	59.0377	0.0000	49.7275	total_read_bases_divided_by_genome_size	1338.0000	0.96548517	0	NA	NA	NA	NA	22513640774	medium	haploid_depth_estimated_from_total_read_bases_and_genome_size;independent_base_error_survival_approximation;phred_scores_treated_as_calibrated_probabilities;genome_background_uniqueness_not_verified
TXF000207	38	23	12049.9003	28.9058	416.8686	15841.0053	5985.5917	0.7525	616.0080	total_read_bases_divided_by_genome_size	11634.0000	0.96548517	0	NA	NA	NA	NA	22513640774	medium	haploid_depth_estimated_from_total_read_bases_and_genome_size;independent_base_error_survival_approximation;phred_scores_treated_as_calibrated_probabilities;genome_background_uniqueness_not_verified
TXF000208	50	0	0.0000	28.9058	0.0000	0.0000	0.0000	0.0000	0.0000	total_read_bases_divided_by_genome_size	0.0000	0.96548517	0	NA	NA	NA	NA	22513640774	low	haploid_depth_estimated_from_total_read_bases_and_genome_size;independent_base_error_survival_approximation;phred_scores_treated_as_calibrated_probabilities;no_diagnostic_kmers
TXF000209	172	114	1518.9255	28.9058	52.5475	9038.1719	628.1816	4.5292	86.9032	total_read_bases_divided_by_genome_size	1466.5000	0.96548517	0	NA	NA	NA	NA	22513640774	medium	haploid_depth_estimated_from_total_read_bases_and_genome_size;independent_base_error_survival_approximation;phred_scores_treated_as_calibrated_probabilities;genome_background_uniqueness_not_verified
TXF000210	56	21	1330.9371	28.9058	46.0440	2578.4650	251.6869	37.2652	92.6972	total_read_bases_divided_by_genome_size	1285.0000	0.96548517	0	NA	NA	NA	NA	22513640774	medium	haploid_depth_estimated_from_total_read_bases_and_genome_size;independent_base_error_survival_approximation;phred_scores_treated_as_calibrated_probabilities;genome_background_uniqueness_not_verified
TXF000211	52	7	5051.3464	28.9058	174.7523	9087.1183	307.6174	163.8809	198.0000	total_read_bases_divided_by_genome_size	4877.0000	0.96548517	0	NA	NA	NA	NA	22513640774	medium	haploid_depth_estimated_from_total_read_bases_and_genome_size;independent_base_error_survival_approximation;phred_scores_treated_as_calibrated_probabilities;genome_background_uniqueness_not_verified
TXF000212	55	29	833.7777	28.9058	28.8447	1586.4583	481.6231	10.9502	63.5873	total_read_bases_divided_by_genome_size	805.0000	0.96548517	0	NA	NA	NA	NA	22513640774	medium	haploid_depth_estimated_from_total_read_bases_and_genome_size;independent_base_error_survival_approximation;phred_scores_treated_as_calibrated_probabilities;genome_background_uniqueness_not_verified
TXF000213	99	64	531.3391	28.9058	18.3818	1819.7957	300.8850	0.0000	29.0848	total_read_bases_divided_by_genome_size	513.0000	0.96548517	0	NA	NA	NA	NA	22513640774	medium	haploid_depth_estimated_from_total_read_bases_and_genome_size;independent_base_error_survival_approximation;phred_scores_treated_as_calibrated_probabilities;genome_background_uniqueness_not_verified
TXF000214	55	8	1094.2685	28.9058	37.8564	2082.1033	363.0299	26.6160	62.9603	total_read_bases_divided_by_genome_size	1056.5000	0.96548517	0	NA	NA	NA	NA	22513640774	medium	haploid_depth_estimated_from_total_read_bases_and_genome_size;independent_base_error_survival_approximation;phred_scores_treated_as_calibrated_probabilities;genome_background_uniqueness_not_verified
TXF000215	59	32	1013.9980	28.9058	35.0794	2069.6875	777.8473	0.3583	114.5224	total_read_bases_divided_by_genome_size	979.0000	0.96548517	0	NA	NA	NA	NA	22513640774	medium	haploid_depth_estimated_from_total_read_bases_and_genome_size;independent_base_error_survival_approximation;phred_scores_treated_as_calibrated_probabilities;genome_background_uniqueness_not_verified
TXF000216	74	68	429.8357	28.9058	14.8702	1100.3983	38.3227	0.0000	16.3394	total_read_bases_divided_by_genome_size	415.0000	0.96548517	0	NA	NA	NA	NA	22513640774	medium	haploid_depth_estimated_from_total_read_bases_and_genome_size;independent_base_error_survival_approximation;phred_scores_treated_as_calibrated_probabilities;genome_background_uniqueness_not_verified
TXF000217	41	41	6994.4109	28.9058	241.9730	9920.8912	4314.9291	7.9189	396.7310	total_read_bases_divided_by_genome_size	6753.0000	0.96548517	0	NA	NA	NA	NA	22513640774	medium	haploid_depth_estimated_from_total_read_bases_and_genome_size;independent_base_error_survival_approximation;phred_scores_treated_as_calibrated_probabilities;genome_background_uniqueness_not_verified
TXF000218	52	12	1165.2173	28.9058	40.3109	2096.1673	111.3430	13.8347	53.5293	total_read_bases_divided_by_genome_size	1125.0000	0.96548517	0	NA	NA	NA	NA	22513640774	medium	haploid_depth_estimated_from_total_read_bases_and_genome_size;independent_base_error_survival_approximation;phred_scores_treated_as_calibrated_probabilities;genome_background_uniqueness_not_verified
TXF000219	144	115	766.4540	28.9058	26.5156	3818.2494	522.0173	4.2282	62.5697	total_read_bases_divided_by_genome_size	740.0000	0.96548517	0	NA	NA	NA	NA	22513640774	medium	haploid_depth_estimated_from_total_read_bases_and_genome_size;independent_base_error_survival_approximation;phred_scores_treated_as_calibrated_probabilities;genome_background_uniqueness_not_verified
TXF000220	130	90	1269.8279	28.9058	43.9299	5710.8914	572.7690	0.0000	75.5874	total_read_bases_divided_by_genome_size	1226.0000	0.96548517	0	NA	NA	NA	NA	22513640774	medium	haploid_depth_estimated_from_total_read_bases_and_genome_size;independent_base_error_survival_approximation;phred_scores_treated_as_calibrated_probabilities;genome_background_uniqueness_not_verified
TXF000221	47	20	2226.3418	28.9058	77.0207	3619.9735	637.5033	56.0268	156.5389	total_read_bases_divided_by_genome_size	2149.5000	0.96548517	0	NA	NA	NA	NA	22513640774	medium	haploid_depth_estimated_from_total_read_bases_and_genome_size;independent_base_error_survival_approximation;phred_scores_treated_as_calibrated_probabilities;genome_background_uniqueness_not_verified
TXF000222	100	53	430.8715	28.9058	14.9061	1490.6079	131.5401	5.0953	68.9621	total_read_bases_divided_by_genome_size	416.0000	0.96548517	0	NA	NA	NA	NA	22513640774	medium	haploid_depth_estimated_from_total_read_bases_and_genome_size;independent_base_error_survival_approximation;phred_scores_treated_as_calibrated_probabilities;genome_background_uniqueness_not_verified
TXF000223	52	31	2316.9698	28.9058	80.1560	4168.1123	80.7884	75.0679	84.6350	total_read_bases_divided_by_genome_size	2237.0000	0.96548517	0	NA	NA	NA	NA	22513640774	medium	haploid_depth_estimated_from_total_read_bases_and_genome_size;independent_base_error_survival_approximation;phred_scores_treated_as_calibrated_probabilities;genome_background_uniqueness_not_verified
TXF000224	54	34	1022.8018	28.9058	35.3840	1910.7371	917.6733	3.5438	89.2609	total_read_bases_divided_by_genome_size	987.5000	0.96548517	0	NA	NA	NA	NA	22513640774	medium	haploid_depth_estimated_from_total_read_bases_and_genome_size;independent_base_error_survival_approximation;phred_scores_treated_as_calibrated_probabilities;genome_background_uniqueness_not_verified
TXF000225	52	52	704.8270	28.9058	24.3836	1267.9483	49.7159	22.5132	77.8735	total_read_bases_divided_by_genome_size	680.5000	0.96548517	0	NA	NA	NA	NA	22513640774	medium	haploid_depth_estimated_from_total_read_bases_and_genome_size;independent_base_error_survival_approximation;phred_scores_treated_as_calibrated_probabilities;genome_background_uniqueness_not_verified
TXF000226	31	21	47.6444	28.9058	1.6483	51.0963	47.6444	0.0000	24.4732	total_read_bases_divided_by_genome_size	46.0000	0.96548517	0	NA	NA	NA	NA	22513640774	medium	haploid_depth_estimated_from_total_read_bases_and_genome_size;independent_base_error_survival_approximation;phred_scores_treated_as_calibrated_probabilities;genome_background_uniqueness_not_verified
TXF000227	44	44	1277.5960	28.9058	44.1987	1944.7416	109.7894	2.0747	76.4080	total_read_bases_divided_by_genome_size	1233.5000	0.96548517	0	NA	NA	NA	NA	22513640774	medium	haploid_depth_estimated_from_total_read_bases_and_genome_size;independent_base_error_survival_approximation;phred_scores_treated_as_calibrated_probabilities;genome_background_uniqueness_not_verified
TXF000228	43	8	1839.4897	28.9058	63.6375	2736.4121	194.7208	52.2788	75.3223	total_read_bases_divided_by_genome_size	1776.0000	0.96548517	0	NA	NA	NA	NA	22513640774	medium	haploid_depth_estimated_from_total_read_bases_and_genome_size;independent_base_error_survival_approximation;phred_scores_treated_as_calibrated_probabilities;genome_background_uniqueness_not_verified
TXF000229	51	19	91.1459	28.9058	3.1532	160.8137	43.5014	1.4476	230.0553	total_read_bases_divided_by_genome_size	88.0000	0.96548517	0	NA	NA	NA	NA	22513640774	medium	haploid_depth_estimated_from_total_read_bases_and_genome_size;independent_base_error_survival_approximation;phred_scores_treated_as_calibrated_probabilities;genome_background_uniqueness_not_verified
TXF000230	34	17	4129.0122	28.9058	142.8439	4856.6943	710.5236	124.1397	219.6389	total_read_bases_divided_by_genome_size	3986.5000	0.96548517	0	NA	NA	NA	NA	22513640774	medium	haploid_depth_estimated_from_total_read_bases_and_genome_size;independent_base_error_survival_approximation;phred_scores_treated_as_calibrated_probabilities;genome_background_uniqueness_not_verified
TXF000231	71	63	1541.1941	28.9058	53.3179	3785.5707	445.3719	33.5100	118.4890	total_read_bases_divided_by_genome_size	1488.0000	0.96548517	0	NA	NA	NA	NA	22513640774	medium	haploid_depth_estimated_from_total_read_bases_and_genome_size;independent_base_error_survival_approximation;phred_scores_treated_as_calibrated_probabilities;genome_background_uniqueness_not_verified
TXF000232	153	117	735.3816	28.9058	25.4407	3892.4215	396.6918	3.8340	41.8803	total_read_bases_divided_by_genome_size	710.0000	0.96548517	0	NA	NA	NA	NA	22513640774	medium	haploid_depth_estimated_from_total_read_bases_and_genome_size;independent_base_error_survival_approximation;phred_scores_treated_as_calibrated_probabilities;genome_background_uniqueness_not_verified
TXF000233	77	48	1310.2221	28.9058	45.3274	3490.2082	707.4164	4.9341	69.7719	total_read_bases_divided_by_genome_size	1265.0000	0.96548517	0	NA	NA	NA	NA	22513640774	medium	haploid_depth_estimated_from_total_read_bases_and_genome_size;independent_base_error_survival_approximation;phred_scores_treated_as_calibrated_probabilities;genome_background_uniqueness_not_verified
TXF000234	36	0	0.0000	28.9058	0.0000	0.0000	0.0000	0.0000	0.0000	total_read_bases_divided_by_genome_size	0.0000	0.96548517	0	NA	NA	NA	NA	22513640774	low	haploid_depth_estimated_from_total_read_bases_and_genome_size;independent_base_error_survival_approximation;phred_scores_treated_as_calibrated_probabilities;no_diagnostic_kmers
TXF000235	91	82	1299.8646	28.9058	44.9691	4092.1844	443.8183	2.2932	89.4831	total_read_bases_divided_by_genome_size	1255.0000	0.96548517	0	NA	NA	NA	NA	22513640774	medium	haploid_depth_estimated_from_total_read_bases_and_genome_size;independent_base_error_survival_approximation;phred_scores_treated_as_calibrated_probabilities;genome_background_uniqueness_not_verified
TXF000236	85	26	881.9400	28.9058	30.5109	2593.4248	802.1874	2.8128	105.7579	total_read_bases_divided_by_genome_size	851.5000	0.96548517	0	NA	NA	NA	NA	22513640774	medium	haploid_depth_estimated_from_total_read_bases_and_genome_size;independent_base_error_survival_approximation;phred_scores_treated_as_calibrated_probabilities;genome_background_uniqueness_not_verified
TXF000237	50	21	61.1092	28.9058	2.1141	105.7042	27.9652	0.2867	404.2557	total_read_bases_divided_by_genome_size	59.0000	0.96548517	0	NA	NA	NA	NA	22513640774	medium	haploid_depth_estimated_from_total_read_bases_and_genome_size;independent_base_error_survival_approximation;phred_scores_treated_as_calibrated_probabilities;genome_background_uniqueness_not_verified
TXF000238	57	34	788.7226	28.9058	27.2860	1555.3024	24.8580	0.0000	28.0922	total_read_bases_divided_by_genome_size	761.5000	0.96548517	0	NA	NA	NA	NA	22513640774	medium	haploid_depth_estimated_from_total_read_bases_and_genome_size;independent_base_error_survival_approximation;phred_scores_treated_as_calibrated_probabilities;genome_background_uniqueness_not_verified
TXF000239	45	33	1528.7651	28.9058	52.8879	2379.9561	155.3623	41.2640	66.0812	total_read_bases_divided_by_genome_size	1476.0000	0.96548517	0	NA	NA	NA	NA	22513640774	medium	haploid_depth_estimated_from_total_read_bases_and_genome_size;independent_base_error_survival_approximation;phred_scores_treated_as_calibrated_probabilities;genome_background_uniqueness_not_verified
TXF000240	46	0	0.0000	28.9058	0.0000	0.0000	0.0000	0.0000	0.0000	total_read_bases_divided_by_genome_size	0.0000	0.96548517	0	NA	NA	NA	NA	22513640774	low	haploid_depth_estimated_from_total_read_bases_and_genome_size;independent_base_error_survival_approximation;phred_scores_treated_as_calibrated_probabilities;no_diagnostic_kmers
TXF000241	375	63	411.1922	28.9058	14.2253	5334.4771	387.3700	1.0463	101.0173	total_read_bases_divided_by_genome_size	397.0000	0.96548517	0	NA	NA	NA	NA	22513640774	medium	haploid_depth_estimated_from_total_read_bases_and_genome_size;independent_base_error_survival_approximation;phred_scores_treated_as_calibrated_probabilities;genome_background_uniqueness_not_verified
TXF000242	153	0	0.0000	28.9058	0.0000	0.0000	0.0000	0.0000	0.0000	total_read_bases_divided_by_genome_size	0.0000	0.96548517	0	NA	NA	NA	NA	22513640774	low	haploid_depth_estimated_from_total_read_bases_and_genome_size;independent_base_error_survival_approximation;phred_scores_treated_as_calibrated_probabilities;no_diagnostic_kmers
TXF000243	172	107	1417.9400	28.9058	49.0539	8437.2706	419.4782	13.2148	79.1240	total_read_bases_divided_by_genome_size	1369.0000	0.96548517	0	NA	NA	NA	NA	22513640774	medium	haploid_depth_estimated_from_total_read_bases_and_genome_size;independent_base_error_survival_approximation;phred_scores_treated_as_calibrated_probabilities;genome_background_uniqueness_not_verified
TXF000244	76	23	1911.9921	28.9058	66.1457	5027.0751	120.1468	36.1472	86.0468	total_read_bases_divided_by_genome_size	1846.0000	0.96548517	0	NA	NA	NA	NA	22513640774	medium	haploid_depth_estimated_from_total_read_bases_and_genome_size;independent_base_error_survival_approximation;phred_scores_treated_as_calibrated_probabilities;genome_background_uniqueness_not_verified
TXF000245	260	241	1093.7506	28.9058	37.8385	9838.0120	391.5130	0.5016	58.9435	total_read_bases_divided_by_genome_size	1056.0000	0.96548517	0	NA	NA	NA	NA	22513640774	medium	haploid_depth_estimated_from_total_read_bases_and_genome_size;independent_base_error_survival_approximation;phred_scores_treated_as_calibrated_probabilities;genome_background_uniqueness_not_verified
TXF000246	177	171	1793.9167	28.9058	62.0609	10984.7768	751.9536	0.7166	120.3236	total_read_bases_divided_by_genome_size	1732.0000	0.96548517	0	NA	NA	NA	NA	22513640774	medium	haploid_depth_estimated_from_total_read_bases_and_genome_size;independent_base_error_survival_approximation;phred_scores_treated_as_calibrated_probabilities;genome_background_uniqueness_not_verified
TXF000247	58	25	1763.8800	28.9058	61.0218	3539.2621	643.1999	35.1726	100.1717	total_read_bases_divided_by_genome_size	1703.0000	0.96548517	0	NA	NA	NA	NA	22513640774	medium	haploid_depth_estimated_from_total_read_bases_and_genome_size;independent_base_error_survival_approximation;phred_scores_treated_as_calibrated_probabilities;genome_background_uniqueness_not_verified
TXF000248	56	56	1252.2202	28.9058	43.3208	2425.9643	461.9439	11.5737	75.4620	total_read_bases_divided_by_genome_size	1209.0000	0.96548517	0	NA	NA	NA	NA	22513640774	medium	haploid_depth_estimated_from_total_read_bases_and_genome_size;independent_base_error_survival_approximation;phred_scores_treated_as_calibrated_probabilities;genome_background_uniqueness_not_verified
TXF000249	50	0	0.0000	28.9058	0.0000	0.0000	0.0000	0.0000	0.0000	total_read_bases_divided_by_genome_size	0.0000	0.96548517	0	NA	NA	NA	NA	22513640774	low	haploid_depth_estimated_from_total_read_bases_and_genome_size;independent_base_error_survival_approximation;phred_scores_treated_as_calibrated_probabilities;no_diagnostic_kmers
TXF000250	86	18	374.4232	28.9058	12.9532	1113.9786	1.5536	12.8887	13.5695	total_read_bases_divided_by_genome_size	361.5000	0.96548517	0	NA	NA	NA	NA	22513640774	medium	haploid_depth_estimated_from_total_read_bases_and_genome_size;independent_base_error_survival_approximation;phred_scores_treated_as_calibrated_probabilities;genome_background_uniqueness_not_verified
TXF000251	52	41	573.8048	28.9058	19.8509	1032.2460	214.4000	5.2315	168.6250	total_read_bases_divided_by_genome_size	554.0000	0.96548517	0	NA	NA	NA	NA	22513640774	medium	haploid_depth_estimated_from_total_read_bases_and_genome_size;independent_base_error_survival_approximation;phred_scores_treated_as_calibrated_probabilities;genome_background_uniqueness_not_verified
TXF000252	52	26	1524.6221	28.9058	52.7446	2742.7185	124.5488	49.0449	92.3030	total_read_bases_divided_by_genome_size	1472.0000	0.96548517	0	NA	NA	NA	NA	22513640774	medium	haploid_depth_estimated_from_total_read_bases_and_genome_size;independent_base_error_survival_approximation;phred_scores_treated_as_calibrated_probabilities;genome_background_uniqueness_not_verified
TXF000253	41	41	424.6570	28.9058	14.6911	602.3346	71.4667	12.0037	23.4341	total_read_bases_divided_by_genome_size	410.0000	0.96548517	0	NA	NA	NA	NA	22513640774	medium	haploid_depth_estimated_from_total_read_bases_and_genome_size;independent_base_error_survival_approximation;phred_scores_treated_as_calibrated_probabilities;genome_background_uniqueness_not_verified
TXF000254	40	40	482.6589	28.9058	16.6977	667.9070	250.1333	5.6614	50.1109	total_read_bases_divided_by_genome_size	466.0000	0.96548517	0	NA	NA	NA	NA	22513640774	medium	haploid_depth_estimated_from_total_read_bases_and_genome_size;independent_base_error_survival_approximation;phred_scores_treated_as_calibrated_probabilities;genome_background_uniqueness_not_verified
TXF000255	59	22	302.9565	28.9058	10.4808	618.3694	199.3816	0.0000	68.5106	total_read_bases_divided_by_genome_size	292.5000	0.96548517	0	NA	NA	NA	NA	22513640774	medium	haploid_depth_estimated_from_total_read_bases_and_genome_size;independent_base_error_survival_approximation;phred_scores_treated_as_calibrated_probabilities;genome_background_uniqueness_not_verified
TXF000256	49	32	483.6946	28.9058	16.7335	819.9418	483.6946	0.0000	240.9446	total_read_bases_divided_by_genome_size	467.0000	0.96548517	0	NA	NA	NA	NA	22513640774	medium	haploid_depth_estimated_from_total_read_bases_and_genome_size;independent_base_error_survival_approximation;phred_scores_treated_as_calibrated_probabilities;genome_background_uniqueness_not_verified
TXF000257	49	1	0.0000	28.9058	0.0000	0.0000	0.0000	0.0000	0.0000	total_read_bases_divided_by_genome_size	0.0000	0.96548517	0	NA	NA	NA	NA	22513640774	medium	haploid_depth_estimated_from_total_read_bases_and_genome_size;independent_base_error_survival_approximation;phred_scores_treated_as_calibrated_probabilities;genome_background_uniqueness_not_verified
TXF000258	34	34	302.9565	28.9058	10.4808	356.3484	23.3043	9.6854	20.1770	total_read_bases_divided_by_genome_size	292.5000	0.96548517	0	NA	NA	NA	NA	22513640774	medium	haploid_depth_estimated_from_total_read_bases_and_genome_size;independent_base_error_survival_approximation;phred_scores_treated_as_calibrated_probabilities;genome_background_uniqueness_not_verified
TXF000259	52	29	1774.2375	28.9058	61.3801	3191.7641	726.0598	0.0358	86.6058	total_read_bases_divided_by_genome_size	1713.0000	0.96548517	0	NA	NA	NA	NA	22513640774	medium	haploid_depth_estimated_from_total_read_bases_and_genome_size;independent_base_error_survival_approximation;phred_scores_treated_as_calibrated_probabilities;genome_background_uniqueness_not_verified
TXF000260	141	141	1272.9351	28.9058	44.0374	6209.2776	761.2753	0.0000	83.1301	total_read_bases_divided_by_genome_size	1229.0000	0.96548517	0	NA	NA	NA	NA	22513640774	medium	haploid_depth_estimated_from_total_read_bases_and_genome_size;independent_base_error_survival_approximation;phred_scores_treated_as_calibrated_probabilities;genome_background_uniqueness_not_verified
TXF000261	156	0	0.0000	28.9058	0.0000	0.0000	0.0000	0.0000	0.0000	total_read_bases_divided_by_genome_size	0.0000	0.96548517	0	NA	NA	NA	NA	22513640774	low	haploid_depth_estimated_from_total_read_bases_and_genome_size;independent_base_error_survival_approximation;phred_scores_treated_as_calibrated_probabilities;no_diagnostic_kmers
TXF000262	218	187	538.5893	28.9058	18.6326	4061.9065	123.2541	10.2121	23.2621	total_read_bases_divided_by_genome_size	520.0000	0.96548517	0	NA	NA	NA	NA	22513640774	medium	haploid_depth_estimated_from_total_read_bases_and_genome_size;independent_base_error_survival_approximation;phred_scores_treated_as_calibrated_probabilities;genome_background_uniqueness_not_verified
TXF000263	97	20	267.7410	28.9058	9.2626	898.4675	26.4116	7.0589	17.6508	total_read_bases_divided_by_genome_size	258.5000	0.96548517	0	NA	NA	NA	NA	22513640774	medium	haploid_depth_estimated_from_total_read_bases_and_genome_size;independent_base_error_survival_approximation;phred_scores_treated_as_calibrated_probabilities;genome_background_uniqueness_not_verified
TXF000264	193	161	1247.0414	28.9058	43.1416	8326.3350	544.8038	23.5774	102.2643	total_read_bases_divided_by_genome_size	1204.0000	0.96548517	0	NA	NA	NA	NA	22513640774	medium	haploid_depth_estimated_from_total_read_bases_and_genome_size;independent_base_error_survival_approximation;phred_scores_treated_as_calibrated_probabilities;genome_background_uniqueness_not_verified
TXF000265	158	44	468.1584	28.9058	16.1960	2558.9724	242.3652	4.7298	19.7577	total_read_bases_divided_by_genome_size	452.0000	0.96548517	0	NA	NA	NA	NA	22513640774	medium	haploid_depth_estimated_from_total_read_bases_and_genome_size;independent_base_error_survival_approximation;phred_scores_treated_as_calibrated_probabilities;genome_background_uniqueness_not_verified
TXF000266	64	28	0.0000	28.9058	0.0000	0.0000	0.0000	0.0000	0.0358	total_read_bases_divided_by_genome_size	0.0000	0.96548517	0	NA	NA	NA	NA	22513640774	medium	haploid_depth_estimated_from_total_read_bases_and_genome_size;independent_base_error_survival_approximation;phred_scores_treated_as_calibrated_probabilities;genome_background_uniqueness_not_verified
TXF000267	44	22	674.5313	28.9058	23.3355	1026.7637	61.3681	21.2179	32.4637	total_read_bases_divided_by_genome_size	651.2500	0.96548517	0	NA	NA	NA	NA	22513640774	medium	haploid_depth_estimated_from_total_read_bases_and_genome_size;independent_base_error_survival_approximation;phred_scores_treated_as_calibrated_probabilities;genome_background_uniqueness_not_verified
TXF000268	59	22	579.5014	28.9058	20.0480	1182.8296	91.1459	15.2107	26.3759	total_read_bases_divided_by_genome_size	559.5000	0.96548517	0	NA	NA	NA	NA	22513640774	medium	haploid_depth_estimated_from_total_read_bases_and_genome_size;independent_base_error_survival_approximation;phred_scores_treated_as_calibrated_probabilities;genome_background_uniqueness_not_verified
TXF000269	86	45	582.0908	28.9058	20.1375	1731.8284	135.6831	0.3583	46.2518	total_read_bases_divided_by_genome_size	562.0000	0.96548517	0	NA	NA	NA	NA	22513640774	medium	haploid_depth_estimated_from_total_read_bases_and_genome_size;independent_base_error_survival_approximation;phred_scores_treated_as_calibrated_probabilities;genome_background_uniqueness_not_verified
TXF000270	54	29	935.2811	28.9058	32.3562	1747.2361	654.5932	9.8753	252.4072	total_read_bases_divided_by_genome_size	903.0000	0.96548517	0	NA	NA	NA	NA	22513640774	medium	haploid_depth_estimated_from_total_read_bases_and_genome_size;independent_base_error_survival_approximation;phred_scores_treated_as_calibrated_probabilities;genome_background_uniqueness_not_verified
TXF000271	43	28	385.2985	28.9058	13.3295	573.1674	142.9333	9.2697	46.6102	total_read_bases_divided_by_genome_size	372.0000	0.96548517	0	NA	NA	NA	NA	22513640774	medium	haploid_depth_estimated_from_total_read_bases_and_genome_size;independent_base_error_survival_approximation;phred_scores_treated_as_calibrated_probabilities;genome_background_uniqueness_not_verified
TXF000272	64	46	1033.6772	28.9058	35.7603	2288.6564	49.7159	0.0000	37.8206	total_read_bases_divided_by_genome_size	998.0000	0.96548517	0	NA	NA	NA	NA	22513640774	medium	haploid_depth_estimated_from_total_read_bases_and_genome_size;independent_base_error_survival_approximation;phred_scores_treated_as_calibrated_probabilities;genome_background_uniqueness_not_verified
TXF000273	30	21	825.4917	28.9058	28.5580	856.7412	208.1855	20.2450	45.5782	total_read_bases_divided_by_genome_size	797.0000	0.96548517	0	NA	NA	NA	NA	22513640774	medium	haploid_depth_estimated_from_total_read_bases_and_genome_size;independent_base_error_survival_approximation;phred_scores_treated_as_calibrated_probabilities;genome_background_uniqueness_not_verified
TXF000274	49	11	40.3942	28.9058	1.3974	68.4748	15.5362	1.0033	3.5474	total_read_bases_divided_by_genome_size	39.0000	0.96548517	0	NA	NA	NA	NA	22513640774	medium	haploid_depth_estimated_from_total_read_bases_and_genome_size;independent_base_error_survival_approximation;phred_scores_treated_as_calibrated_probabilities;genome_background_uniqueness_not_verified
TXF000275	58	17	0.0000	28.9058	0.0000	0.0000	0.0000	0.0000	45.1554	total_read_bases_divided_by_genome_size	0.0000	0.96548517	0	NA	NA	NA	NA	22513640774	medium	haploid_depth_estimated_from_total_read_bases_and_genome_size;independent_base_error_survival_approximation;phred_scores_treated_as_calibrated_probabilities;genome_background_uniqueness_not_verified
TXF000276	53	0	0.0000	28.9058	0.0000	0.0000	0.0000	0.0000	0.0000	total_read_bases_divided_by_genome_size	0.0000	0.96548517	0	NA	NA	NA	NA	22513640774	low	haploid_depth_estimated_from_total_read_bases_and_genome_size;independent_base_error_survival_approximation;phred_scores_treated_as_calibrated_probabilities;no_diagnostic_kmers
TXF000277	44	44	237.7043	28.9058	8.2234	361.8307	237.7043	0.0000	35.7889	total_read_bases_divided_by_genome_size	229.5000	0.96548517	0	NA	NA	NA	NA	22513640774	medium	haploid_depth_estimated_from_total_read_bases_and_genome_size;independent_base_error_survival_approximation;phred_scores_treated_as_calibrated_probabilities;genome_background_uniqueness_not_verified
TXF000278	47	3	48.6802	28.9058	1.6841	79.1527	11.3932	0.8528	1.9994	total_read_bases_divided_by_genome_size	47.0000	0.96548517	0	NA	NA	NA	NA	22513640774	medium	haploid_depth_estimated_from_total_read_bases_and_genome_size;independent_base_error_survival_approximation;phred_scores_treated_as_calibrated_probabilities;genome_background_uniqueness_not_verified
TXF000279	50	42	621.4492	28.9058	21.4992	1074.9576	10.3575	0.0000	21.8216	total_read_bases_divided_by_genome_size	600.0000	0.96548517	0	NA	NA	NA	NA	22513640774	medium	haploid_depth_estimated_from_total_read_bases_and_genome_size;independent_base_error_survival_approximation;phred_scores_treated_as_calibrated_probabilities;genome_background_uniqueness_not_verified
TXF000280	204	0	0.0000	28.9058	0.0000	0.0000	0.0000	0.0000	0.0000	total_read_bases_divided_by_genome_size	0.0000	0.96548517	0	NA	NA	NA	NA	22513640774	low	haploid_depth_estimated_from_total_read_bases_and_genome_size;independent_base_error_survival_approximation;phred_scores_treated_as_calibrated_probabilities;no_diagnostic_kmers
TXF000281	104	44	706.8985	28.9058	24.4553	2543.3497	194.7208	13.4298	81.8724	total_read_bases_divided_by_genome_size	682.5000	0.96548517	0	NA	NA	NA	NA	22513640774	medium	haploid_depth_estimated_from_total_read_bases_and_genome_size;independent_base_error_survival_approximation;phred_scores_treated_as_calibrated_probabilities;genome_background_uniqueness_not_verified
TXF000282	104	0	0.0000	28.9058	0.0000	0.0000	0.0000	0.0000	0.0000	total_read_bases_divided_by_genome_size	0.0000	0.96548517	0	NA	NA	NA	NA	22513640774	low	haploid_depth_estimated_from_total_read_bases_and_genome_size;independent_base_error_survival_approximation;phred_scores_treated_as_calibrated_probabilities;no_diagnostic_kmers
TXF000283	117	15	1675.8414	28.9058	57.9760	6783.1975	58.0019	54.6222	66.6689	total_read_bases_divided_by_genome_size	1618.0000	0.96548517	0	NA	NA	NA	NA	22513640774	medium	haploid_depth_estimated_from_total_read_bases_and_genome_size;independent_base_error_survival_approximation;phred_scores_treated_as_calibrated_probabilities;genome_background_uniqueness_not_verified
TXF000284	43	43	629.7352	28.9058	21.7858	936.7897	159.5053	16.3465	51.8631	total_read_bases_divided_by_genome_size	608.0000	0.96548517	0	NA	NA	NA	NA	22513640774	medium	haploid_depth_estimated_from_total_read_bases_and_genome_size;independent_base_error_survival_approximation;phred_scores_treated_as_calibrated_probabilities;genome_background_uniqueness_not_verified
TXF000285	155	97	1387.9033	28.9058	48.0148	7442.2898	1070.9642	5.4321	156.0050	total_read_bases_divided_by_genome_size	1340.0000	0.96548517	0	NA	NA	NA	NA	22513640774	medium	haploid_depth_estimated_from_total_read_bases_and_genome_size;independent_base_error_survival_approximation;phred_scores_treated_as_calibrated_probabilities;genome_background_uniqueness_not_verified
TXF000286	47	19	1148.6453	28.9058	39.7376	1867.6672	303.4744	19.8294	117.7294	total_read_bases_divided_by_genome_size	1109.0000	0.96548517	0	NA	NA	NA	NA	22513640774	medium	haploid_depth_estimated_from_total_read_bases_and_genome_size;independent_base_error_survival_approximation;phred_scores_treated_as_calibrated_probabilities;genome_background_uniqueness_not_verified
TXF000287	55	17	1973.1013	28.9058	68.2598	3754.2894	823.4202	31.8116	198.2723	total_read_bases_divided_by_genome_size	1905.0000	0.96548517	0	NA	NA	NA	NA	22513640774	medium	haploid_depth_estimated_from_total_read_bases_and_genome_size;independent_base_error_survival_approximation;phred_scores_treated_as_calibrated_probabilities;genome_background_uniqueness_not_verified
TXF000288	74	4	3453.7040	28.9058	119.4815	8841.6338	435.0145	104.3246	136.7203	total_read_bases_divided_by_genome_size	3334.5000	0.96548517	0	NA	NA	NA	NA	22513640774	medium	haploid_depth_estimated_from_total_read_bases_and_genome_size;independent_base_error_survival_approximation;phred_scores_treated_as_calibrated_probabilities;genome_background_uniqueness_not_verified
TXF000289	93	93	125.3256	28.9058	4.3357	403.2166	68.3594	0.0000	5.6256	total_read_bases_divided_by_genome_size	121.0000	0.96548517	0	NA	NA	NA	NA	22513640774	medium	haploid_depth_estimated_from_total_read_bases_and_genome_size;independent_base_error_survival_approximation;phred_scores_treated_as_calibrated_probabilities;genome_background_uniqueness_not_verified
TXF000290	83	66	220.0966	28.9058	7.6143	631.9855	50.2338	5.5719	30.1167	total_read_bases_divided_by_genome_size	212.5000	0.96548517	0	NA	NA	NA	NA	22513640774	medium	haploid_depth_estimated_from_total_read_bases_and_genome_size;independent_base_error_survival_approximation;phred_scores_treated_as_calibrated_probabilities;genome_background_uniqueness_not_verified
TXF000291	75	75	1816.7032	28.9058	62.8492	4713.6891	1263.6134	0.0358	120.9972	total_read_bases_divided_by_genome_size	1754.0000	0.96548517	0	NA	NA	NA	NA	22513640774	medium	haploid_depth_estimated_from_total_read_bases_and_genome_size;independent_base_error_survival_approximation;phred_scores_treated_as_calibrated_probabilities;genome_background_uniqueness_not_verified
TXF000292	63	46	951.3352	28.9058	32.9116	2073.4320	212.3285	18.0414	41.4575	total_read_bases_divided_by_genome_size	918.5000	0.96548517	0	NA	NA	NA	NA	22513640774	medium	haploid_depth_estimated_from_total_read_bases_and_genome_size;independent_base_error_survival_approximation;phred_scores_treated_as_calibrated_probabilities;genome_background_uniqueness_not_verified
TXF000293	50	0	0.0000	28.9058	0.0000	0.0000	0.0000	0.0000	0.0000	total_read_bases_divided_by_genome_size	0.0000	0.96548517	0	NA	NA	NA	NA	22513640774	low	haploid_depth_estimated_from_total_read_bases_and_genome_size;independent_base_error_survival_approximation;phred_scores_treated_as_calibrated_probabilities;no_diagnostic_kmers
TXF000294	53	46	790.7941	28.9058	27.3577	1449.9566	95.2889	0.0000	32.1591	total_read_bases_divided_by_genome_size	763.5000	0.96548517	0	NA	NA	NA	NA	22513640774	medium	haploid_depth_estimated_from_total_read_bases_and_genome_size;independent_base_error_survival_approximation;phred_scores_treated_as_calibrated_probabilities;genome_background_uniqueness_not_verified
TXF000295	45	22	127.3971	28.9058	4.4073	198.3297	127.3971	0.0000	115.9664	total_read_bases_divided_by_genome_size	123.0000	0.96548517	0	NA	NA	NA	NA	22513640774	medium	haploid_depth_estimated_from_total_read_bases_and_genome_size;independent_base_error_survival_approximation;phred_scores_treated_as_calibrated_probabilities;genome_background_uniqueness_not_verified
TXF000296	40	29	256.8657	28.9058	8.8863	355.4526	53.8589	6.6146	21.4060	total_read_bases_divided_by_genome_size	248.0000	0.96548517	0	NA	NA	NA	NA	22513640774	medium	haploid_depth_estimated_from_total_read_bases_and_genome_size;independent_base_error_survival_approximation;phred_scores_treated_as_calibrated_probabilities;genome_background_uniqueness_not_verified
TXF000297	34	0	0.0000	28.9058	0.0000	0.0000	0.0000	0.0000	0.0000	total_read_bases_divided_by_genome_size	0.0000	0.96548517	0	NA	NA	NA	NA	22513640774	low	haploid_depth_estimated_from_total_read_bases_and_genome_size;independent_base_error_survival_approximation;phred_scores_treated_as_calibrated_probabilities;no_diagnostic_kmers
TXF000298	45	45	1356.8308	28.9058	46.9398	2112.2917	537.5536	2.4796	65.9594	total_read_bases_divided_by_genome_size	1310.0000	0.96548517	0	NA	NA	NA	NA	22513640774	medium	haploid_depth_estimated_from_total_read_bases_and_genome_size;independent_base_error_survival_approximation;phred_scores_treated_as_calibrated_probabilities;genome_background_uniqueness_not_verified
TXF000299	46	46	324.7072	28.9058	11.2333	516.7321	27.9652	10.5167	36.1723	total_read_bases_divided_by_genome_size	313.5000	0.96548517	0	NA	NA	NA	NA	22513640774	medium	haploid_depth_estimated_from_total_read_bases_and_genome_size;independent_base_error_survival_approximation;phred_scores_treated_as_calibrated_probabilities;genome_background_uniqueness_not_verified
TXF000300	363	63	633.8782	28.9058	21.9291	7960.2761	633.8782	0.0000	66.6474	total_read_bases_divided_by_genome_size	612.0000	0.96548517	0	NA	NA	NA	NA	22513640774	medium	haploid_depth_estimated_from_total_read_bases_and_genome_size;independent_base_error_survival_approximation;phred_scores_treated_as_calibrated_probabilities;genome_background_uniqueness_not_verified
TXF000301	54	18	3408.9079	28.9058	117.9318	6368.3176	160.0232	106.0392	123.7079	total_read_bases_divided_by_genome_size	3291.2500	0.96548517	0	NA	NA	NA	NA	22513640774	medium	haploid_depth_estimated_from_total_read_bases_and_genome_size;independent_base_error_survival_approximation;phred_scores_treated_as_calibrated_probabilities;genome_background_uniqueness_not_verified
TXF000302	52	24	372.3517	28.9058	12.8816	669.8419	144.4869	7.0159	46.4346	total_read_bases_divided_by_genome_size	359.5000	0.96548517	0	NA	NA	NA	NA	22513640774	medium	haploid_depth_estimated_from_total_read_bases_and_genome_size;independent_base_error_survival_approximation;phred_scores_treated_as_calibrated_probabilities;genome_background_uniqueness_not_verified
TXF000303	96	96	322.6357	28.9058	11.1616	1071.5177	140.8618	9.8179	24.0611	total_read_bases_divided_by_genome_size	311.5000	0.96548517	0	NA	NA	NA	NA	22513640774	medium	haploid_depth_estimated_from_total_read_bases_and_genome_size;independent_base_error_survival_approximation;phred_scores_treated_as_calibrated_probabilities;genome_background_uniqueness_not_verified
TXF000304	140	140	4719.9068	28.9058	163.2861	22860.0484	3418.4886	0.7489	303.2348	total_read_bases_divided_by_genome_size	4557.0000	0.96548517	0	NA	NA	NA	NA	22513640774	medium	haploid_depth_estimated_from_total_read_bases_and_genome_size;independent_base_error_survival_approximation;phred_scores_treated_as_calibrated_probabilities;genome_background_uniqueness_not_verified
TXF000305	44	43	252.7227	28.9058	8.7430	384.6915	130.5043	3.6979	17.4430	total_read_bases_divided_by_genome_size	244.0000	0.96548517	0	NA	NA	NA	NA	22513640774	medium	haploid_depth_estimated_from_total_read_bases_and_genome_size;independent_base_error_survival_approximation;phred_scores_treated_as_calibrated_probabilities;genome_background_uniqueness_not_verified
TXF000306	41	40	1583.1419	28.9058	54.7691	2245.5327	408.6029	34.7032	86.3979	total_read_bases_divided_by_genome_size	1528.5000	0.96548517	0	NA	NA	NA	NA	22513640774	medium	haploid_depth_estimated_from_total_read_bases_and_genome_size;independent_base_error_survival_approximation;phred_scores_treated_as_calibrated_probabilities;genome_background_uniqueness_not_verified
TXF000307	63	27	216.4715	28.9058	7.4889	471.7989	27.9652	5.5038	10.0903	total_read_bases_divided_by_genome_size	209.0000	0.96548517	0	NA	NA	NA	NA	22513640774	medium	haploid_depth_estimated_from_total_read_bases_and_genome_size;independent_base_error_survival_approximation;phred_scores_treated_as_calibrated_probabilities;genome_background_uniqueness_not_verified
TXF000308	99	81	730.2028	28.9058	25.2615	2500.8889	45.5729	0.0000	27.0531	total_read_bases_divided_by_genome_size	705.0000	0.96548517	0	NA	NA	NA	NA	22513640774	medium	haploid_depth_estimated_from_total_read_bases_and_genome_size;independent_base_error_survival_approximation;phred_scores_treated_as_calibrated_probabilities;genome_background_uniqueness_not_verified
TXF000309	31	27	692.9159	28.9058	23.9716	743.1182	153.2908	12.2545	31.6181	total_read_bases_divided_by_genome_size	669.0000	0.96548517	0	NA	NA	NA	NA	22513640774	medium	haploid_depth_estimated_from_total_read_bases_and_genome_size;independent_base_error_survival_approximation;phred_scores_treated_as_calibrated_probabilities;genome_background_uniqueness_not_verified
TXF000310	71	71	1136.2163	28.9058	39.3076	2790.8408	802.7052	12.7203	125.5192	total_read_bases_divided_by_genome_size	1097.0000	0.96548517	0	NA	NA	NA	NA	22513640774	medium	haploid_depth_estimated_from_total_read_bases_and_genome_size;independent_base_error_survival_approximation;phred_scores_treated_as_calibrated_probabilities;genome_background_uniqueness_not_verified
TXF000311	54	13	3104.1388	28.9058	107.3883	5798.9663	518.9101	57.9402	136.5053	total_read_bases_divided_by_genome_size	2997.0000	0.96548517	0	NA	NA	NA	NA	22513640774	medium	haploid_depth_estimated_from_total_read_bases_and_genome_size;independent_base_error_survival_approximation;phred_scores_treated_as_calibrated_probabilities;genome_background_uniqueness_not_verified
TXF000312	86	42	650.4502	28.9058	22.5024	1935.2103	517.8743	2.6874	79.4394	total_read_bases_divided_by_genome_size	628.0000	0.96548517	0	NA	NA	NA	NA	22513640774	medium	haploid_depth_estimated_from_total_read_bases_and_genome_size;independent_base_error_survival_approximation;phred_scores_treated_as_calibrated_probabilities;genome_background_uniqueness_not_verified
TXF000313	34	34	1074.0714	28.9058	37.1577	1263.3618	807.3661	8.6713	101.9167	total_read_bases_divided_by_genome_size	1037.0000	0.96548517	0	NA	NA	NA	NA	22513640774	medium	haploid_depth_estimated_from_total_read_bases_and_genome_size;independent_base_error_survival_approximation;phred_scores_treated_as_calibrated_probabilities;genome_background_uniqueness_not_verified
TXF000314	49	27	274.4734	28.9058	9.4955	465.2775	207.1497	2.3291	44.3456	total_read_bases_divided_by_genome_size	265.0000	0.96548517	0	NA	NA	NA	NA	22513640774	medium	haploid_depth_estimated_from_total_read_bases_and_genome_size;independent_base_error_survival_approximation;phred_scores_treated_as_calibrated_probabilities;genome_background_uniqueness_not_verified
TXF000315	48	41	591.4125	28.9058	20.4600	982.0813	461.9439	0.6091	101.2968	total_read_bases_divided_by_genome_size	571.0000	0.96548517	0	NA	NA	NA	NA	22513640774	medium	haploid_depth_estimated_from_total_read_bases_and_genome_size;independent_base_error_survival_approximation;phred_scores_treated_as_calibrated_probabilities;genome_background_uniqueness_not_verified
TXF000316	47	38	1948.7612	28.9058	67.4178	3168.6346	538.5893	42.5002	107.3596	total_read_bases_divided_by_genome_size	1881.5000	0.96548517	0	NA	NA	NA	NA	22513640774	medium	haploid_depth_estimated_from_total_read_bases_and_genome_size;independent_base_error_survival_approximation;phred_scores_treated_as_calibrated_probabilities;genome_background_uniqueness_not_verified
TXF000317	48	25	23.8222	28.9058	0.8241	39.5584	23.8222	0.0000	120.4024	total_read_bases_divided_by_genome_size	23.0000	0.96548517	0	NA	NA	NA	NA	22513640774	medium	haploid_depth_estimated_from_total_read_bases_and_genome_size;independent_base_error_survival_approximation;phred_scores_treated_as_calibrated_probabilities;genome_background_uniqueness_not_verified
TXF000318	30	30	269.2947	28.9058	9.3163	279.4890	55.9304	5.9051	14.1572	total_read_bases_divided_by_genome_size	260.0000	0.96548517	0	NA	NA	NA	NA	22513640774	medium	haploid_depth_estimated_from_total_read_bases_and_genome_size;independent_base_error_survival_approximation;phred_scores_treated_as_calibrated_probabilities;genome_background_uniqueness_not_verified
TXF000319	49	18	0.0000	28.9058	0.0000	0.0000	0.0000	0.0000	0.0215	total_read_bases_divided_by_genome_size	0.0000	0.96548517	0	NA	NA	NA	NA	22513640774	medium	haploid_depth_estimated_from_total_read_bases_and_genome_size;independent_base_error_survival_approximation;phred_scores_treated_as_calibrated_probabilities;genome_background_uniqueness_not_verified
TXF000320	686	173	1130.0018	28.9058	39.0926	26817.5407	485.7661	3.1532	58.0477	total_read_bases_divided_by_genome_size	1091.0000	0.96548517	0	NA	NA	NA	NA	22513640774	medium	haploid_depth_estimated_from_total_read_bases_and_genome_size;independent_base_error_survival_approximation;phred_scores_treated_as_calibrated_probabilities;genome_background_uniqueness_not_verified
TXF000321	749	749	643.1999	28.9058	22.2516	16666.4652	190.5778	13.5803	44.0733	total_read_bases_divided_by_genome_size	621.0000	0.96548517	0	NA	NA	NA	NA	22513640774	medium	haploid_depth_estimated_from_total_read_bases_and_genome_size;independent_base_error_survival_approximation;phred_scores_treated_as_calibrated_probabilities;genome_background_uniqueness_not_verified
TXF000322	52	42	435.5323	28.9058	15.0673	783.5008	273.9555	4.0454	69.1879	total_read_bases_divided_by_genome_size	420.5000	0.96548517	0	NA	NA	NA	NA	22513640774	medium	haploid_depth_estimated_from_total_read_bases_and_genome_size;independent_base_error_survival_approximation;phred_scores_treated_as_calibrated_probabilities;genome_background_uniqueness_not_verified
TXF000323	124	124	319.5285	28.9058	11.0541	1370.7143	254.7942	0.9316	28.3502	total_read_bases_divided_by_genome_size	308.5000	0.96548517	0	NA	NA	NA	NA	22513640774	medium	haploid_depth_estimated_from_total_read_bases_and_genome_size;independent_base_error_survival_approximation;phred_scores_treated_as_calibrated_probabilities;genome_background_uniqueness_not_verified
TXF000324	242	65	2.0715	28.9058	0.0717	17.3426	2.0715	0.0000	8.2987	total_read_bases_divided_by_genome_size	2.0000	0.96548517	0	NA	NA	NA	NA	22513640774	medium	haploid_depth_estimated_from_total_read_bases_and_genome_size;independent_base_error_survival_approximation;phred_scores_treated_as_calibrated_probabilities;genome_background_uniqueness_not_verified
TXF000325	52	0	0.0000	28.9058	0.0000	0.0000	0.0000	0.0000	0.0000	total_read_bases_divided_by_genome_size	0.0000	0.96548517	0	NA	NA	NA	NA	22513640774	low	haploid_depth_estimated_from_total_read_bases_and_genome_size;independent_base_error_survival_approximation;phred_scores_treated_as_calibrated_probabilities;no_diagnostic_kmers
TXF000326	196	196	249.6154	28.9058	8.6355	1692.5566	108.7536	3.4399	15.6585	total_read_bases_divided_by_genome_size	241.0000	0.96548517	0	NA	NA	NA	NA	22513640774	medium	haploid_depth_estimated_from_total_read_bases_and_genome_size;independent_base_error_survival_approximation;phred_scores_treated_as_calibrated_probabilities;genome_background_uniqueness_not_verified
TXF000327	193	170	1532.9081	28.9058	53.0312	10235.0297	257.3836	35.6098	95.6497	total_read_bases_divided_by_genome_size	1480.0000	0.96548517	0	NA	NA	NA	NA	22513640774	medium	haploid_depth_estimated_from_total_read_bases_and_genome_size;independent_base_error_survival_approximation;phred_scores_treated_as_calibrated_probabilities;genome_background_uniqueness_not_verified
TXF000328	124	102	570.6975	28.9058	19.7434	2448.1801	252.2048	5.3748	33.3165	total_read_bases_divided_by_genome_size	551.0000	0.96548517	0	NA	NA	NA	NA	22513640774	medium	haploid_depth_estimated_from_total_read_bases_and_genome_size;independent_base_error_survival_approximation;phred_scores_treated_as_calibrated_probabilities;genome_background_uniqueness_not_verified
TXF000329	101	55	1028.4985	28.9058	35.5811	3593.6908	648.3787	9.8896	67.3067	total_read_bases_divided_by_genome_size	993.0000	0.96548517	0	NA	NA	NA	NA	22513640774	medium	haploid_depth_estimated_from_total_read_bases_and_genome_size;independent_base_error_survival_approximation;phred_scores_treated_as_calibrated_probabilities;genome_background_uniqueness_not_verified
TXF000330	91	30	1802.7206	28.9058	62.3655	5675.2566	343.8686	48.1689	96.3914	total_read_bases_divided_by_genome_size	1740.5000	0.96548517	0	NA	NA	NA	NA	22513640774	medium	haploid_depth_estimated_from_total_read_bases_and_genome_size;independent_base_error_survival_approximation;phred_scores_treated_as_calibrated_probabilities;genome_background_uniqueness_not_verified
TXF000331	101	41	93.2174	28.9058	3.2249	325.7122	49.7159	1.5408	47.2265	total_read_bases_divided_by_genome_size	90.0000	0.96548517	0	NA	NA	NA	NA	22513640774	medium	haploid_depth_estimated_from_total_read_bases_and_genome_size;independent_base_error_survival_approximation;phred_scores_treated_as_calibrated_probabilities;genome_background_uniqueness_not_verified
TXF000332	58	29	327.2966	28.9058	11.3229	656.7274	90.6280	8.1697	26.4655	total_read_bases_divided_by_genome_size	316.0000	0.96548517	0	NA	NA	NA	NA	22513640774	medium	haploid_depth_estimated_from_total_read_bases_and_genome_size;independent_base_error_survival_approximation;phred_scores_treated_as_calibrated_probabilities;genome_background_uniqueness_not_verified
TXF000333	56	5	1131.0376	28.9058	39.1285	2191.1936	166.7555	34.3055	62.8994	total_read_bases_divided_by_genome_size	1092.0000	0.96548517	0	NA	NA	NA	NA	22513640774	medium	haploid_depth_estimated_from_total_read_bases_and_genome_size;independent_base_error_survival_approximation;phred_scores_treated_as_calibrated_probabilities;genome_background_uniqueness_not_verified
TXF000334	101	71	773.7043	28.9058	26.7664	2703.4109	418.4425	11.0362	57.4027	total_read_bases_divided_by_genome_size	747.0000	0.96548517	0	NA	NA	NA	NA	22513640774	medium	haploid_depth_estimated_from_total_read_bases_and_genome_size;independent_base_error_survival_approximation;phred_scores_treated_as_calibrated_probabilities;genome_background_uniqueness_not_verified
TXF000335	41	36	1083.3931	28.9058	37.4802	1536.6877	675.8260	9.6925	72.0222	total_read_bases_divided_by_genome_size	1046.0000	0.96548517	0	NA	NA	NA	NA	22513640774	medium	haploid_depth_estimated_from_total_read_bases_and_genome_size;independent_base_error_survival_approximation;phred_scores_treated_as_calibrated_probabilities;genome_background_uniqueness_not_verified
TXF000336	81	25	292.0811	28.9058	10.1046	818.4727	22.7865	0.6450	135.7528	total_read_bases_divided_by_genome_size	282.0000	0.96548517	0	NA	NA	NA	NA	22513640774	medium	haploid_depth_estimated_from_total_read_bases_and_genome_size;independent_base_error_survival_approximation;phred_scores_treated_as_calibrated_probabilities;genome_background_uniqueness_not_verified
TXF000337	55	17	2002.1022	28.9058	69.2631	3809.4706	218.5430	65.7444	121.0546	total_read_bases_divided_by_genome_size	1933.0000	0.96548517	0	NA	NA	NA	NA	22513640774	medium	haploid_depth_estimated_from_total_read_bases_and_genome_size;independent_base_error_survival_approximation;phred_scores_treated_as_calibrated_probabilities;genome_background_uniqueness_not_verified
TXF000338	99	81	730.2028	28.9058	25.2615	2500.8889	10.3575	23.1116	25.7990	total_read_bases_divided_by_genome_size	705.0000	0.96548517	0	NA	NA	NA	NA	22513640774	medium	haploid_depth_estimated_from_total_read_bases_and_genome_size;independent_base_error_survival_approximation;phred_scores_treated_as_calibrated_probabilities;genome_background_uniqueness_not_verified
TXF000339	68	63	888.6724	28.9058	30.7438	2090.5776	224.7575	21.2268	53.4612	total_read_bases_divided_by_genome_size	858.0000	0.96548517	0	NA	NA	NA	NA	22513640774	medium	haploid_depth_estimated_from_total_read_bases_and_genome_size;independent_base_error_survival_approximation;phred_scores_treated_as_calibrated_probabilities;genome_background_uniqueness_not_verified
TXF000340	50	0	0.0000	28.9058	0.0000	0.0000	0.0000	0.0000	0.0000	total_read_bases_divided_by_genome_size	0.0000	0.96548517	0	NA	NA	NA	NA	22513640774	low	haploid_depth_estimated_from_total_read_bases_and_genome_size;independent_base_error_survival_approximation;phred_scores_treated_as_calibrated_probabilities;no_diagnostic_kmers
TXF000341	51	51	113.9324	28.9058	3.9415	201.0171	70.4309	1.0750	14.4761	total_read_bases_divided_by_genome_size	110.0000	0.96548517	0	NA	NA	NA	NA	22513640774	medium	haploid_depth_estimated_from_total_read_bases_and_genome_size;independent_base_error_survival_approximation;phred_scores_treated_as_calibrated_probabilities;genome_background_uniqueness_not_verified
TXF000342	57	28	1038.8559	28.9058	35.9394	2048.5467	103.5749	30.1956	40.6441	total_read_bases_divided_by_genome_size	1003.0000	0.96548517	0	NA	NA	NA	NA	22513640774	medium	haploid_depth_estimated_from_total_read_bases_and_genome_size;independent_base_error_survival_approximation;phred_scores_treated_as_calibrated_probabilities;genome_background_uniqueness_not_verified
TXF000343	59	22	150.1836	28.9058	5.1956	306.5421	36.2512	3.1174	6.5931	total_read_bases_divided_by_genome_size	145.0000	0.96548517	0	NA	NA	NA	NA	22513640774	medium	haploid_depth_estimated_from_total_read_bases_and_genome_size;independent_base_error_survival_approximation;phred_scores_treated_as_calibrated_probabilities;genome_background_uniqueness_not_verified
TXF000344	66	46	228.3826	28.9058	7.9009	521.4619	28.4831	0.0000	77.2536	total_read_bases_divided_by_genome_size	220.5000	0.96548517	0	NA	NA	NA	NA	22513640774	medium	haploid_depth_estimated_from_total_read_bases_and_genome_size;independent_base_error_survival_approximation;phred_scores_treated_as_calibrated_probabilities;genome_background_uniqueness_not_verified
TXF000345	30	6	3075.4486	28.9058	106.3957	3191.8716	122.8398	97.4342	110.6454	total_read_bases_divided_by_genome_size	2969.3000	0.96548517	0	NA	NA	NA	NA	22513640774	medium	haploid_depth_estimated_from_total_read_bases_and_genome_size;independent_base_error_survival_approximation;phred_scores_treated_as_calibrated_probabilities;genome_background_uniqueness_not_verified
TXF000346	54	22	1317.9902	28.9058	45.5961	2462.1904	958.0675	4.0848	83.6281	total_read_bases_divided_by_genome_size	1272.5000	0.96548517	0	NA	NA	NA	NA	22513640774	medium	haploid_depth_estimated_from_total_read_bases_and_genome_size;independent_base_error_survival_approximation;phred_scores_treated_as_calibrated_probabilities;genome_background_uniqueness_not_verified
TXF000347	41	29	1188.0038	28.9058	41.0992	1685.0677	247.5439	25.4908	53.0957	total_read_bases_divided_by_genome_size	1147.0000	0.96548517	0	NA	NA	NA	NA	22513640774	medium	haploid_depth_estimated_from_total_read_bases_and_genome_size;independent_base_error_survival_approximation;phred_scores_treated_as_calibrated_probabilities;genome_background_uniqueness_not_verified
TXF000348	59	27	259.9729	28.9058	8.9938	530.6349	214.4000	1.5766	41.4719	total_read_bases_divided_by_genome_size	251.0000	0.96548517	0	NA	NA	NA	NA	22513640774	medium	haploid_depth_estimated_from_total_read_bases_and_genome_size;independent_base_error_survival_approximation;phred_scores_treated_as_calibrated_probabilities;genome_background_uniqueness_not_verified
TXF000349	60	60	197.3101	28.9058	6.8260	409.5588	20.7150	6.1953	16.5328	total_read_bases_divided_by_genome_size	190.5000	0.96548517	0	NA	NA	NA	NA	22513640774	medium	haploid_depth_estimated_from_total_read_bases_and_genome_size;independent_base_error_survival_approximation;phred_scores_treated_as_calibrated_probabilities;genome_background_uniqueness_not_verified
TXF000350	30	0	0.0000	28.9058	0.0000	0.0000	0.0000	0.0000	0.0000	total_read_bases_divided_by_genome_size	0.0000	0.96548517	0	NA	NA	NA	NA	22513640774	low	haploid_depth_estimated_from_total_read_bases_and_genome_size;independent_base_error_survival_approximation;phred_scores_treated_as_calibrated_probabilities;no_diagnostic_kmers
TXF000351	30	23	1404.4752	28.9058	48.5881	1457.6425	143.9691	12.1040	54.1564	total_read_bases_divided_by_genome_size	1356.0000	0.96548517	0	NA	NA	NA	NA	22513640774	medium	haploid_depth_estimated_from_total_read_bases_and_genome_size;independent_base_error_survival_approximation;phred_scores_treated_as_calibrated_probabilities;genome_background_uniqueness_not_verified
TXF000352	38	0	0.0000	28.9058	0.0000	0.0000	0.0000	0.0000	0.0000	total_read_bases_divided_by_genome_size	0.0000	0.96548517	0	NA	NA	NA	NA	22513640774	low	haploid_depth_estimated_from_total_read_bases_and_genome_size;independent_base_error_survival_approximation;phred_scores_treated_as_calibrated_probabilities;no_diagnostic_kmers
TXF000353	41	41	468.1584	28.9058	16.1960	664.0371	348.0116	0.0000	28.1997	total_read_bases_divided_by_genome_size	452.0000	0.96548517	0	NA	NA	NA	NA	22513640774	medium	haploid_depth_estimated_from_total_read_bases_and_genome_size;independent_base_error_survival_approximation;phred_scores_treated_as_calibrated_probabilities;genome_background_uniqueness_not_verified
TXF000354	53	53	365.6193	28.9058	12.6487	670.3794	63.1807	0.0000	14.8631	total_read_bases_divided_by_genome_size	353.0000	0.96548517	0	NA	NA	NA	NA	22513640774	medium	haploid_depth_estimated_from_total_read_bases_and_genome_size;independent_base_error_survival_approximation;phred_scores_treated_as_calibrated_probabilities;genome_background_uniqueness_not_verified
TXF000355	34	30	269.2947	28.9058	9.3163	316.7542	191.6135	0.6450	15.9882	total_read_bases_divided_by_genome_size	260.0000	0.96548517	0	NA	NA	NA	NA	22513640774	medium	haploid_depth_estimated_from_total_read_bases_and_genome_size;independent_base_error_survival_approximation;phred_scores_treated_as_calibrated_probabilities;genome_background_uniqueness_not_verified
TXF000356	31	16	609.5381	28.9058	21.0871	653.6996	125.3256	12.6128	175.6302	total_read_bases_divided_by_genome_size	588.5000	0.96548517	0	NA	NA	NA	NA	22513640774	medium	haploid_depth_estimated_from_total_read_bases_and_genome_size;independent_base_error_survival_approximation;phred_scores_treated_as_calibrated_probabilities;genome_background_uniqueness_not_verified
TXF000357	49	26	0.0000	28.9058	0.0000	0.0000	0.0000	0.0000	19.7792	total_read_bases_divided_by_genome_size	0.0000	0.96548517	0	NA	NA	NA	NA	22513640774	medium	haploid_depth_estimated_from_total_read_bases_and_genome_size;independent_base_error_survival_approximation;phred_scores_treated_as_calibrated_probabilities;genome_background_uniqueness_not_verified
TXF000358	615	102	6126.9714	28.9058	211.9637	130357.6902	6126.9714	0.0000	502.8795	total_read_bases_divided_by_genome_size	5915.5000	0.96548517	0	NA	NA	NA	NA	22513640774	medium	haploid_depth_estimated_from_total_read_bases_and_genome_size;independent_base_error_survival_approximation;phred_scores_treated_as_calibrated_probabilities;genome_background_uniqueness_not_verified
TXF000359	347	308	1297.2752	28.9058	44.8795	15573.1796	650.4502	0.4658	69.1484	total_read_bases_divided_by_genome_size	1252.5000	0.96548517	0	NA	NA	NA	NA	22513640774	medium	haploid_depth_estimated_from_total_read_bases_and_genome_size;independent_base_error_survival_approximation;phred_scores_treated_as_calibrated_probabilities;genome_background_uniqueness_not_verified
TXF000360	153	0	0.0000	28.9058	0.0000	0.0000	0.0000	0.0000	0.0000	total_read_bases_divided_by_genome_size	0.0000	0.96548517	0	NA	NA	NA	NA	22513640774	low	haploid_depth_estimated_from_total_read_bases_and_genome_size;independent_base_error_survival_approximation;phred_scores_treated_as_calibrated_probabilities;no_diagnostic_kmers
TXF000361	344	107	213.3642	28.9058	7.3814	2539.1932	166.7555	1.3616	31.5249	total_read_bases_divided_by_genome_size	206.0000	0.96548517	0	NA	NA	NA	NA	22513640774	medium	haploid_depth_estimated_from_total_read_bases_and_genome_size;independent_base_error_survival_approximation;phred_scores_treated_as_calibrated_probabilities;genome_background_uniqueness_not_verified
TXF000362	104	16	621.9671	28.9058	21.5171	2237.7751	142.4154	14.7448	29.2030	total_read_bases_divided_by_genome_size	600.5000	0.96548517	0	NA	NA	NA	NA	22513640774	medium	haploid_depth_estimated_from_total_read_bases_and_genome_size;independent_base_error_survival_approximation;phred_scores_treated_as_calibrated_probabilities;genome_background_uniqueness_not_verified
TXF000363	104	68	272.9198	28.9058	9.4417	981.9379	249.6154	0.7525	49.8816	total_read_bases_divided_by_genome_size	263.5000	0.96548517	0	NA	NA	NA	NA	22513640774	medium	haploid_depth_estimated_from_total_read_bases_and_genome_size;independent_base_error_survival_approximation;phred_scores_treated_as_calibrated_probabilities;genome_background_uniqueness_not_verified
TXF000364	54	14	2806.3611	28.9058	97.0866	5242.6757	1592.9815	33.8791	158.5240	total_read_bases_divided_by_genome_size	2709.5000	0.96548517	0	NA	NA	NA	NA	22513640774	medium	haploid_depth_estimated_from_total_read_bases_and_genome_size;independent_base_error_survival_approximation;phred_scores_treated_as_calibrated_probabilities;genome_background_uniqueness_not_verified
TXF000365	242	71	0.0000	28.9058	0.0000	0.0000	0.0000	0.0000	16.4469	total_read_bases_divided_by_genome_size	0.0000	0.96548517	0	NA	NA	NA	NA	22513640774	medium	haploid_depth_estimated_from_total_read_bases_and_genome_size;independent_base_error_survival_approximation;phred_scores_treated_as_calibrated_probabilities;genome_background_uniqueness_not_verified
TXF000366	84	71	139.8261	28.9058	4.8373	406.3340	139.8261	0.0000	15.5511	total_read_bases_divided_by_genome_size	135.0000	0.96548517	0	NA	NA	NA	NA	22513640774	medium	haploid_depth_estimated_from_total_read_bases_and_genome_size;independent_base_error_survival_approximation;phred_scores_treated_as_calibrated_probabilities;genome_background_uniqueness_not_verified
TXF000367	225	20	0.0000	28.9058	0.0000	0.0000	0.0000	0.0000	0.1899	total_read_bases_divided_by_genome_size	0.0000	0.96548517	0	NA	NA	NA	NA	22513640774	medium	haploid_depth_estimated_from_total_read_bases_and_genome_size;independent_base_error_survival_approximation;phred_scores_treated_as_calibrated_probabilities;genome_background_uniqueness_not_verified
TXF000368	85	85	245.4724	28.9058	8.4922	721.8340	117.0396	3.8412	18.8619	total_read_bases_divided_by_genome_size	237.0000	0.96548517	0	NA	NA	NA	NA	22513640774	medium	haploid_depth_estimated_from_total_read_bases_and_genome_size;independent_base_error_survival_approximation;phred_scores_treated_as_calibrated_probabilities;genome_background_uniqueness_not_verified
TXF000369	79	23	3284.3591	28.9058	113.6230	8976.2185	655.6289	81.4030	144.4456	total_read_bases_divided_by_genome_size	3171.0000	0.96548517	0	NA	NA	NA	NA	22513640774	medium	haploid_depth_estimated_from_total_read_bases_and_genome_size;independent_base_error_survival_approximation;phred_scores_treated_as_calibrated_probabilities;genome_background_uniqueness_not_verified
TXF000370	130	104	523.0531	28.9058	18.0951	2352.3656	169.8628	8.6355	52.2322	total_read_bases_divided_by_genome_size	505.0000	0.96548517	0	NA	NA	NA	NA	22513640774	medium	haploid_depth_estimated_from_total_read_bases_and_genome_size;independent_base_error_survival_approximation;phred_scores_treated_as_calibrated_probabilities;genome_background_uniqueness_not_verified
TXF000371	58	26	1193.1825	28.9058	41.2784	2394.1456	208.7034	30.1346	96.5133	total_read_bases_divided_by_genome_size	1152.0000	0.96548517	0	NA	NA	NA	NA	22513640774	medium	haploid_depth_estimated_from_total_read_bases_and_genome_size;independent_base_error_survival_approximation;phred_scores_treated_as_calibrated_probabilities;genome_background_uniqueness_not_verified
TXF000372	45	45	748.8463	28.9058	25.9065	1165.7915	119.1111	19.3564	32.3276	total_read_bases_divided_by_genome_size	723.0000	0.96548517	0	NA	NA	NA	NA	22513640774	medium	haploid_depth_estimated_from_total_read_bases_and_genome_size;independent_base_error_survival_approximation;phred_scores_treated_as_calibrated_probabilities;genome_background_uniqueness_not_verified
TXF000373	78	57	21.7507	28.9058	0.7525	58.6927	21.7507	0.0000	18.1023	total_read_bases_divided_by_genome_size	21.0000	0.96548517	0	NA	NA	NA	NA	22513640774	medium	haploid_depth_estimated_from_total_read_bases_and_genome_size;independent_base_error_survival_approximation;phred_scores_treated_as_calibrated_probabilities;genome_background_uniqueness_not_verified
TXF000374	55	29	175.0415	28.9058	6.0556	333.0577	58.0019	4.3643	92.1884	total_read_bases_divided_by_genome_size	169.0000	0.96548517	0	NA	NA	NA	NA	22513640774	medium	haploid_depth_estimated_from_total_read_bases_and_genome_size;independent_base_error_survival_approximation;phred_scores_treated_as_calibrated_probabilities;genome_background_uniqueness_not_verified
TXF000375	30	12	1690.8597	28.9058	58.4956	1754.8683	112.8966	40.6441	62.4443	total_read_bases_divided_by_genome_size	1632.5000	0.96548517	0	NA	NA	NA	NA	22513640774	medium	haploid_depth_estimated_from_total_read_bases_and_genome_size;independent_base_error_survival_approximation;phred_scores_treated_as_calibrated_probabilities;genome_background_uniqueness_not_verified
TXF000376	83	44	2505.4761	28.9058	86.6774	7194.2254	1253.2559	36.6023	382.6383	total_read_bases_divided_by_genome_size	2419.0000	0.96548517	0	NA	NA	NA	NA	22513640774	medium	haploid_depth_estimated_from_total_read_bases_and_genome_size;independent_base_error_survival_approximation;phred_scores_treated_as_calibrated_probabilities;genome_background_uniqueness_not_verified
TXF000377	42	38	70.4309	28.9058	2.4366	102.3360	45.5729	0.8958	50.2901	total_read_bases_divided_by_genome_size	68.0000	0.96548517	0	NA	NA	NA	NA	22513640774	medium	haploid_depth_estimated_from_total_read_bases_and_genome_size;independent_base_error_survival_approximation;phred_scores_treated_as_calibrated_probabilities;genome_background_uniqueness_not_verified
TXF000378	43	41	83.8956	28.9058	2.9024	124.8026	83.8956	0.0000	31.1738	total_read_bases_divided_by_genome_size	81.0000	0.96548517	0	NA	NA	NA	NA	22513640774	medium	haploid_depth_estimated_from_total_read_bases_and_genome_size;independent_base_error_survival_approximation;phred_scores_treated_as_calibrated_probabilities;genome_background_uniqueness_not_verified
TXF000379	49	35	1785.6308	28.9058	61.7742	3026.9373	60.0734	59.8106	97.0973	total_read_bases_divided_by_genome_size	1724.0000	0.96548517	0	NA	NA	NA	NA	22513640774	medium	haploid_depth_estimated_from_total_read_bases_and_genome_size;independent_base_error_survival_approximation;phred_scores_treated_as_calibrated_probabilities;genome_background_uniqueness_not_verified
TXF000380	59	29	875.2076	28.9058	30.2780	1786.4004	536.5178	7.2094	77.3898	total_read_bases_divided_by_genome_size	845.0000	0.96548517	0	NA	NA	NA	NA	22513640774	medium	haploid_depth_estimated_from_total_read_bases_and_genome_size;independent_base_error_survival_approximation;phred_scores_treated_as_calibrated_probabilities;genome_background_uniqueness_not_verified
TXF000381	64	57	296.2241	28.9058	10.2479	655.8675	296.2241	0.0000	23.7566	total_read_bases_divided_by_genome_size	286.0000	0.96548517	0	NA	NA	NA	NA	22513640774	medium	haploid_depth_estimated_from_total_read_bases_and_genome_size;independent_base_error_survival_approximation;phred_scores_treated_as_calibrated_probabilities;genome_background_uniqueness_not_verified
TXF000382	44	30	1321.6153	28.9058	45.7215	2011.7473	960.6569	8.8612	101.5835	total_read_bases_divided_by_genome_size	1276.0000	0.96548517	0	NA	NA	NA	NA	22513640774	medium	haploid_depth_estimated_from_total_read_bases_and_genome_size;independent_base_error_survival_approximation;phred_scores_treated_as_calibrated_probabilities;genome_background_uniqueness_not_verified
TXF000383	59	33	266.1874	28.9058	9.2088	543.3194	266.1874	0.0000	26.8739	total_read_bases_divided_by_genome_size	257.0000	0.96548517	0	NA	NA	NA	NA	22513640774	medium	haploid_depth_estimated_from_total_read_bases_and_genome_size;independent_base_error_survival_approximation;phred_scores_treated_as_calibrated_probabilities;genome_background_uniqueness_not_verified
TXF000384	54	32	1998.9950	28.9058	69.1556	3734.4027	350.6009	37.2437	134.8678	total_read_bases_divided_by_genome_size	1930.0000	0.96548517	0	NA	NA	NA	NA	22513640774	medium	haploid_depth_estimated_from_total_read_bases_and_genome_size;independent_base_error_survival_approximation;phred_scores_treated_as_calibrated_probabilities;genome_background_uniqueness_not_verified
TXF000385	54	21	83.8956	28.9058	2.9024	156.7288	67.3237	0.0000	516.4813	total_read_bases_divided_by_genome_size	81.0000	0.96548517	0	NA	NA	NA	NA	22513640774	medium	haploid_depth_estimated_from_total_read_bases_and_genome_size;independent_base_error_survival_approximation;phred_scores_treated_as_calibrated_probabilities;genome_background_uniqueness_not_verified
TXF000386	51	51	2457.8317	28.9058	85.0291	4336.4865	897.9941	15.5869	170.8824	total_read_bases_divided_by_genome_size	2373.0000	0.96548517	0	NA	NA	NA	NA	22513640774	medium	haploid_depth_estimated_from_total_read_bases_and_genome_size;independent_base_error_survival_approximation;phred_scores_treated_as_calibrated_probabilities;genome_background_uniqueness_not_verified
TXF000387	63	54	1783.5593	28.9058	61.7026	3887.2617	955.4782	0.0000	94.8793	total_read_bases_divided_by_genome_size	1722.0000	0.96548517	0	NA	NA	NA	NA	22513640774	medium	haploid_depth_estimated_from_total_read_bases_and_genome_size;independent_base_error_survival_approximation;phred_scores_treated_as_calibrated_probabilities;genome_background_uniqueness_not_verified
TXF000388	49	6	217.5072	28.9058	7.5247	368.7105	9.8396	7.1664	8.0264	total_read_bases_divided_by_genome_size	210.0000	0.96548517	0	NA	NA	NA	NA	22513640774	medium	haploid_depth_estimated_from_total_read_bases_and_genome_size;independent_base_error_survival_approximation;phred_scores_treated_as_calibrated_probabilities;genome_background_uniqueness_not_verified
TXF000389	34	34	376.4947	28.9058	13.0249	442.8467	162.0947	8.0478	80.9873	total_read_bases_divided_by_genome_size	363.5000	0.96548517	0	NA	NA	NA	NA	22513640774	medium	haploid_depth_estimated_from_total_read_bases_and_genome_size;independent_base_error_survival_approximation;phred_scores_treated_as_calibrated_probabilities;genome_background_uniqueness_not_verified
TXF000390	30	30	620.4135	28.9058	21.4633	643.8996	129.4686	16.9843	47.8141	total_read_bases_divided_by_genome_size	599.0000	0.96548517	0	NA	NA	NA	NA	22513640774	medium	haploid_depth_estimated_from_total_read_bases_and_genome_size;independent_base_error_survival_approximation;phred_scores_treated_as_calibrated_probabilities;genome_background_uniqueness_not_verified
TXF000391	52	52	388.9236	28.9058	13.4549	699.6541	18.1256	0.0000	14.2504	total_read_bases_divided_by_genome_size	375.5000	0.96548517	0	NA	NA	NA	NA	22513640774	medium	haploid_depth_estimated_from_total_read_bases_and_genome_size;independent_base_error_survival_approximation;phred_scores_treated_as_calibrated_probabilities;genome_background_uniqueness_not_verified
TXF000392	31	18	154.3266	28.9058	5.3390	165.5076	127.3971	0.9316	74.1327	total_read_bases_divided_by_genome_size	149.0000	0.96548517	0	NA	NA	NA	NA	22513640774	medium	haploid_depth_estimated_from_total_read_bases_and_genome_size;independent_base_error_survival_approximation;phred_scores_treated_as_calibrated_probabilities;genome_background_uniqueness_not_verified
TXF000393	31	19	1338.1873	28.9058	46.2948	1435.1401	692.9159	21.7070	220.8106	total_read_bases_divided_by_genome_size	1292.0000	0.96548517	0	NA	NA	NA	NA	22513640774	medium	haploid_depth_estimated_from_total_read_bases_and_genome_size;independent_base_error_survival_approximation;phred_scores_treated_as_calibrated_probabilities;genome_background_uniqueness_not_verified
TXF000394	31	21	77.6812	28.9058	2.6874	83.3092	77.6812	0.0000	7.5964	total_read_bases_divided_by_genome_size	75.0000	0.96548517	0	NA	NA	NA	NA	22513640774	medium	haploid_depth_estimated_from_total_read_bases_and_genome_size;independent_base_error_survival_approximation;phred_scores_treated_as_calibrated_probabilities;genome_background_uniqueness_not_verified
TXF000395	50	0	0.0000	28.9058	0.0000	0.0000	0.0000	0.0000	0.0000	total_read_bases_divided_by_genome_size	0.0000	0.96548517	0	NA	NA	NA	NA	22513640774	low	haploid_depth_estimated_from_total_read_bases_and_genome_size;independent_base_error_survival_approximation;phred_scores_treated_as_calibrated_probabilities;no_diagnostic_kmers
TXF000396	50	50	773.1864	28.9058	26.7485	1337.4264	60.0734	23.4448	30.8226	total_read_bases_divided_by_genome_size	746.5000	0.96548517	0	NA	NA	NA	NA	22513640774	medium	haploid_depth_estimated_from_total_read_bases_and_genome_size;independent_base_error_survival_approximation;phred_scores_treated_as_calibrated_probabilities;genome_background_uniqueness_not_verified
TXF000397	692	181	1147.6096	28.9058	39.7018	27473.6232	1109.2869	1.2183	146.7317	total_read_bases_divided_by_genome_size	1108.0000	0.96548517	0	NA	NA	NA	NA	22513640774	medium	haploid_depth_estimated_from_total_read_bases_and_genome_size;independent_base_error_survival_approximation;phred_scores_treated_as_calibrated_probabilities;genome_background_uniqueness_not_verified
TXF000398	204	8	3018.6896	28.9058	104.4321	21304.1548	87.5208	101.5333	117.3639	total_read_bases_divided_by_genome_size	2914.5000	0.96548517	0	NA	NA	NA	NA	22513640774	medium	haploid_depth_estimated_from_total_read_bases_and_genome_size;independent_base_error_survival_approximation;phred_scores_treated_as_calibrated_probabilities;genome_background_uniqueness_not_verified
TXF000399	105	50	1208.2009	28.9058	41.7979	4388.7832	907.8337	4.1529	72.6313	total_read_bases_divided_by_genome_size	1166.5000	0.96548517	0	NA	NA	NA	NA	22513640774	medium	haploid_depth_estimated_from_total_read_bases_and_genome_size;independent_base_error_survival_approximation;phred_scores_treated_as_calibrated_probabilities;genome_background_uniqueness_not_verified
TXF000400	51	19	15142.6459	28.9058	523.8627	26716.9963	4308.7146	64.7984	603.0369	total_read_bases_divided_by_genome_size	14620.0000	0.96548517	0	NA	NA	NA	NA	22513640774	medium	haploid_depth_estimated_from_total_read_bases_and_genome_size;independent_base_error_survival_approximation;phred_scores_treated_as_calibrated_probabilities;genome_background_uniqueness_not_verified
TXF000401	110	40	505.9632	28.9058	17.5039	1925.4282	299.3314	1.4691	29.2532	total_read_bases_divided_by_genome_size	488.5000	0.96548517	0	NA	NA	NA	NA	22513640774	medium	haploid_depth_estimated_from_total_read_bases_and_genome_size;independent_base_error_survival_approximation;phred_scores_treated_as_calibrated_probabilities;genome_background_uniqueness_not_verified
TXF000402	125	103	588.3053	28.9058	20.3525	2544.0663	232.0077	0.0000	34.7498	total_read_bases_divided_by_genome_size	568.0000	0.96548517	0	NA	NA	NA	NA	22513640774	medium	haploid_depth_estimated_from_total_read_bases_and_genome_size;independent_base_error_survival_approximation;phred_scores_treated_as_calibrated_probabilities;genome_background_uniqueness_not_verified
TXF000403	47	23	2157.4645	28.9058	74.6379	3507.9808	788.2048	47.3411	148.1077	total_read_bases_divided_by_genome_size	2083.0000	0.96548517	0	NA	NA	NA	NA	22513640774	medium	haploid_depth_estimated_from_total_read_bases_and_genome_size;independent_base_error_survival_approximation;phred_scores_treated_as_calibrated_probabilities;genome_background_uniqueness_not_verified
TXF000404	97	23	590.3768	28.9058	20.4242	1981.1469	179.1845	15.1282	68.0448	total_read_bases_divided_by_genome_size	570.0000	0.96548517	0	NA	NA	NA	NA	22513640774	medium	haploid_depth_estimated_from_total_read_bases_and_genome_size;independent_base_error_survival_approximation;phred_scores_treated_as_calibrated_probabilities;genome_background_uniqueness_not_verified
TXF000405	66	66	778.3651	28.9058	26.9277	1777.2274	197.3101	13.6699	31.4604	total_read_bases_divided_by_genome_size	751.5000	0.96548517	0	NA	NA	NA	NA	22513640774	medium	haploid_depth_estimated_from_total_read_bases_and_genome_size;independent_base_error_survival_approximation;phred_scores_treated_as_calibrated_probabilities;genome_background_uniqueness_not_verified
TXF000406	202	202	358.3690	28.9058	12.3978	2504.3646	131.0222	4.3715	19.9512	total_read_bases_divided_by_genome_size	346.0000	0.96548517	0	NA	NA	NA	NA	22513640774	medium	haploid_depth_estimated_from_total_read_bases_and_genome_size;independent_base_error_survival_approximation;phred_scores_treated_as_calibrated_probabilities;genome_background_uniqueness_not_verified
TXF000407	52	26	581.0550	28.9058	20.1017	1045.2888	65.2522	17.3606	26.8202	total_read_bases_divided_by_genome_size	561.0000	0.96548517	0	NA	NA	NA	NA	22513640774	medium	haploid_depth_estimated_from_total_read_bases_and_genome_size;independent_base_error_survival_approximation;phred_scores_treated_as_calibrated_probabilities;genome_background_uniqueness_not_verified
TXF000408	74	53	864.8502	28.9058	29.9197	2214.0543	199.8995	23.4556	53.8124	total_read_bases_divided_by_genome_size	835.0000	0.96548517	0	NA	NA	NA	NA	22513640774	medium	haploid_depth_estimated_from_total_read_bases_and_genome_size;independent_base_error_survival_approximation;phred_scores_treated_as_calibrated_probabilities;genome_background_uniqueness_not_verified
TXF000409	82	41	279.6521	28.9058	9.6746	793.3187	73.5382	7.1306	50.9888	total_read_bases_divided_by_genome_size	270.0000	0.96548517	0	NA	NA	NA	NA	22513640774	medium	haploid_depth_estimated_from_total_read_bases_and_genome_size;independent_base_error_survival_approximation;phred_scores_treated_as_calibrated_probabilities;genome_background_uniqueness_not_verified
TXF000410	73	18	0.0000	28.9058	0.0000	0.0000	0.0000	0.0000	5.2709	total_read_bases_divided_by_genome_size	0.0000	0.96548517	0	NA	NA	NA	NA	22513640774	medium	haploid_depth_estimated_from_total_read_bases_and_genome_size;independent_base_error_survival_approximation;phred_scores_treated_as_calibrated_probabilities;genome_background_uniqueness_not_verified
TXF000411	70	63	290.0096	28.9058	10.0329	702.3056	276.5449	0.5948	102.4435	total_read_bases_divided_by_genome_size	280.0000	0.96548517	0	NA	NA	NA	NA	22513640774	medium	haploid_depth_estimated_from_total_read_bases_and_genome_size;independent_base_error_survival_approximation;phred_scores_treated_as_calibrated_probabilities;genome_background_uniqueness_not_verified
TXF000412	64	26	573.2869	28.9058	19.8330	1269.3099	203.0067	6.9872	28.8268	total_read_bases_divided_by_genome_size	553.5000	0.96548517	0	NA	NA	NA	NA	22513640774	medium	haploid_depth_estimated_from_total_read_bases_and_genome_size;independent_base_error_survival_approximation;phred_scores_treated_as_calibrated_probabilities;genome_background_uniqueness_not_verified
TXF000413	54	20	1619.9110	28.9058	56.0411	3026.2207	111.8609	17.8765	59.2803	total_read_bases_divided_by_genome_size	1564.0000	0.96548517	0	NA	NA	NA	NA	22513640774	medium	haploid_depth_estimated_from_total_read_bases_and_genome_size;independent_base_error_survival_approximation;phred_scores_treated_as_calibrated_probabilities;genome_background_uniqueness_not_verified
TXF000414	46	38	556.1970	28.9058	19.2417	885.1201	197.3101	12.3262	40.8663	total_read_bases_divided_by_genome_size	537.0000	0.96548517	0	NA	NA	NA	NA	22513640774	medium	haploid_depth_estimated_from_total_read_bases_and_genome_size;independent_base_error_survival_approximation;phred_scores_treated_as_calibrated_probabilities;genome_background_uniqueness_not_verified
TXF000415	65	23	1.0357	28.9058	0.0358	2.3291	1.0357	0.0000	233.2228	total_read_bases_divided_by_genome_size	1.0000	0.96548517	0	NA	NA	NA	NA	22513640774	medium	haploid_depth_estimated_from_total_read_bases_and_genome_size;independent_base_error_survival_approximation;phred_scores_treated_as_calibrated_probabilities;genome_background_uniqueness_not_verified
TXF000416	55	19	2063.2114	28.9058	71.3772	3925.7452	1167.2888	29.5398	156.3705	total_read_bases_divided_by_genome_size	1992.0000	0.96548517	0	NA	NA	NA	NA	22513640774	medium	haploid_depth_estimated_from_total_read_bases_and_genome_size;independent_base_error_survival_approximation;phred_scores_treated_as_calibrated_probabilities;genome_background_uniqueness_not_verified
TXF000417	90	59	1107.2154	28.9058	38.3043	3447.3890	509.5884	20.7897	84.7067	total_read_bases_divided_by_genome_size	1069.0000	0.96548517	0	NA	NA	NA	NA	22513640774	medium	haploid_depth_estimated_from_total_read_bases_and_genome_size;independent_base_error_survival_approximation;phred_scores_treated_as_calibrated_probabilities;genome_background_uniqueness_not_verified
TXF000418	90	90	187.4705	28.9058	6.4856	583.7020	93.7353	1.1466	16.8410	total_read_bases_divided_by_genome_size	181.0000	0.96548517	0	NA	NA	NA	NA	22513640774	medium	haploid_depth_estimated_from_total_read_bases_and_genome_size;independent_base_error_survival_approximation;phred_scores_treated_as_calibrated_probabilities;genome_background_uniqueness_not_verified
TXF000419	55	19	2037.3177	28.9058	70.4814	3876.4763	305.5459	53.5257	92.2385	total_read_bases_divided_by_genome_size	1967.0000	0.96548517	0	NA	NA	NA	NA	22513640774	medium	haploid_depth_estimated_from_total_read_bases_and_genome_size;independent_base_error_survival_approximation;phred_scores_treated_as_calibrated_probabilities;genome_background_uniqueness_not_verified
TXF000420	53	41	328.3323	28.9058	11.3587	602.0121	126.3613	5.8764	43.0341	total_read_bases_divided_by_genome_size	317.0000	0.96548517	0	NA	NA	NA	NA	22513640774	medium	haploid_depth_estimated_from_total_read_bases_and_genome_size;independent_base_error_survival_approximation;phred_scores_treated_as_calibrated_probabilities;genome_background_uniqueness_not_verified
TXF000421	45	45	561.3758	28.9058	19.4209	873.9405	327.2966	6.3566	30.1203	total_read_bases_divided_by_genome_size	542.0000	0.96548517	0	NA	NA	NA	NA	22513640774	medium	haploid_depth_estimated_from_total_read_bases_and_genome_size;independent_base_error_survival_approximation;phred_scores_treated_as_calibrated_probabilities;genome_background_uniqueness_not_verified
TXF000422	74	68	472.8193	28.9058	16.3573	1210.4381	5.6966	0.0717	16.5651	total_read_bases_divided_by_genome_size	456.5000	0.96548517	0	NA	NA	NA	NA	22513640774	medium	haploid_depth_estimated_from_total_read_bases_and_genome_size;independent_base_error_survival_approximation;phred_scores_treated_as_calibrated_probabilities;genome_background_uniqueness_not_verified
TXF000423	30	30	7.2502	28.9058	0.2508	7.5247	7.2502	0.0000	2.1893	total_read_bases_divided_by_genome_size	7.0000	0.96548517	0	NA	NA	NA	NA	22513640774	medium	haploid_depth_estimated_from_total_read_bases_and_genome_size;independent_base_error_survival_approximation;phred_scores_treated_as_calibrated_probabilities;genome_background_uniqueness_not_verified
TXF000424	51	46	668.5758	28.9058	23.1295	1179.6047	133.0937	6.9693	39.6659	total_read_bases_divided_by_genome_size	645.5000	0.96548517	0	NA	NA	NA	NA	22513640774	medium	haploid_depth_estimated_from_total_read_bases_and_genome_size;independent_base_error_survival_approximation;phred_scores_treated_as_calibrated_probabilities;genome_background_uniqueness_not_verified
TXF000425	31	2	1192.6646	28.9058	41.2605	1279.0741	118.5932	37.9783	44.5427	total_read_bases_divided_by_genome_size	1151.5000	0.96548517	0	NA	NA	NA	NA	22513640774	medium	haploid_depth_estimated_from_total_read_bases_and_genome_size;independent_base_error_survival_approximation;phred_scores_treated_as_calibrated_probabilities;genome_background_uniqueness_not_verified
TXF000426	56	0	0.0000	28.9058	0.0000	0.0000	0.0000	0.0000	0.0000	total_read_bases_divided_by_genome_size	0.0000	0.96548517	0	NA	NA	NA	NA	22513640774	low	haploid_depth_estimated_from_total_read_bases_and_genome_size;independent_base_error_survival_approximation;phred_scores_treated_as_calibrated_probabilities;no_diagnostic_kmers
TXF000427	38	38	21.7507	28.9058	0.7525	28.5939	21.7507	0.0000	9.5492	total_read_bases_divided_by_genome_size	21.0000	0.96548517	0	NA	NA	NA	NA	22513640774	medium	haploid_depth_estimated_from_total_read_bases_and_genome_size;independent_base_error_survival_approximation;phred_scores_treated_as_calibrated_probabilities;genome_background_uniqueness_not_verified
TXF000428	31	31	991.2115	28.9058	34.2911	1063.0256	286.9024	1.7199	85.9608	total_read_bases_divided_by_genome_size	957.0000	0.96548517	0	NA	NA	NA	NA	22513640774	medium	haploid_depth_estimated_from_total_read_bases_and_genome_size;independent_base_error_survival_approximation;phred_scores_treated_as_calibrated_probabilities;genome_background_uniqueness_not_verified
TXF000429	31	18	506.9990	28.9058	17.5397	543.7315	244.4367	8.4348	32.1448	total_read_bases_divided_by_genome_size	489.5000	0.96548517	0	NA	NA	NA	NA	22513640774	medium	haploid_depth_estimated_from_total_read_bases_and_genome_size;independent_base_error_survival_approximation;phred_scores_treated_as_calibrated_probabilities;genome_background_uniqueness_not_verified
TXF000430	34	0	0.0000	28.9058	0.0000	0.0000	0.0000	0.0000	0.0000	total_read_bases_divided_by_genome_size	0.0000	0.96548517	0	NA	NA	NA	NA	22513640774	low	haploid_depth_estimated_from_total_read_bases_and_genome_size;independent_base_error_survival_approximation;phred_scores_treated_as_calibrated_probabilities;no_diagnostic_kmers
TXF000431	53	53	25.8937	28.9058	0.8958	47.4773	25.8937	0.0000	4.3715	total_read_bases_divided_by_genome_size	25.0000	0.96548517	0	NA	NA	NA	NA	22513640774	medium	haploid_depth_estimated_from_total_read_bases_and_genome_size;independent_base_error_survival_approximation;phred_scores_treated_as_calibrated_probabilities;genome_background_uniqueness_not_verified
TXF000432	51	51	71.4667	28.9058	2.4724	126.0925	17.6077	1.5049	5.6614	total_read_bases_divided_by_genome_size	69.0000	0.96548517	0	NA	NA	NA	NA	22513640774	medium	haploid_depth_estimated_from_total_read_bases_and_genome_size;independent_base_error_survival_approximation;phred_scores_treated_as_calibrated_probabilities;genome_background_uniqueness_not_verified
TXF000433	41	41	391.5130	28.9058	13.5445	555.3231	262.0444	3.4399	29.4897	total_read_bases_divided_by_genome_size	378.0000	0.96548517	0	NA	NA	NA	NA	22513640774	medium	haploid_depth_estimated_from_total_read_bases_and_genome_size;independent_base_error_survival_approximation;phred_scores_treated_as_calibrated_probabilities;genome_background_uniqueness_not_verified
TXF000434	50	40	1494.0675	28.9058	51.6875	2584.3772	1494.0675	0.0000	369.0580	total_read_bases_divided_by_genome_size	1442.5000	0.96548517	0	NA	NA	NA	NA	22513640774	medium	haploid_depth_estimated_from_total_read_bases_and_genome_size;independent_base_error_survival_approximation;phred_scores_treated_as_calibrated_probabilities;genome_background_uniqueness_not_verified
TXF000435	50	22	18.6435	28.9058	0.6450	32.2487	18.6435	0.0000	52.4794	total_read_bases_divided_by_genome_size	18.0000	0.96548517	0	NA	NA	NA	NA	22513640774	medium	haploid_depth_estimated_from_total_read_bases_and_genome_size;independent_base_error_survival_approximation;phred_scores_treated_as_calibrated_probabilities;genome_background_uniqueness_not_verified
TXF000436	50	21	0.0000	28.9058	0.0000	0.0000	0.0000	0.0000	128.8516	total_read_bases_divided_by_genome_size	0.0000	0.96548517	0	NA	NA	NA	NA	22513640774	medium	haploid_depth_estimated_from_total_read_bases_and_genome_size;independent_base_error_survival_approximation;phred_scores_treated_as_calibrated_probabilities;genome_background_uniqueness_not_verified
TXF000437	343	162	114.9681	28.9058	3.9773	1364.2287	114.9681	0.0000	38.4691	total_read_bases_divided_by_genome_size	111.0000	0.96548517	0	NA	NA	NA	NA	22513640774	medium	haploid_depth_estimated_from_total_read_bases_and_genome_size;independent_base_error_survival_approximation;phred_scores_treated_as_calibrated_probabilities;genome_background_uniqueness_not_verified
TXF000438	344	68	273.9555	28.9058	9.4775	3260.2748	239.7758	0.8492	42.7331	total_read_bases_divided_by_genome_size	264.5000	0.96548517	0	NA	NA	NA	NA	22513640774	medium	haploid_depth_estimated_from_total_read_bases_and_genome_size;independent_base_error_survival_approximation;phred_scores_treated_as_calibrated_probabilities;genome_background_uniqueness_not_verified
TXF000439	102	28	24583.4953	28.9058	850.4706	86748.0038	2112.4095	178.3032	1011.8146	total_read_bases_divided_by_genome_size	23735.0000	0.96548517	0	NA	NA	NA	NA	22513640774	medium	haploid_depth_estimated_from_total_read_bases_and_genome_size;independent_base_error_survival_approximation;phred_scores_treated_as_calibrated_probabilities;genome_background_uniqueness_not_verified
TXF000440	354	101	603.8415	28.9058	20.8900	7395.0634	400.8347	0.6091	35.4736	total_read_bases_divided_by_genome_size	583.0000	0.96548517	0	NA	NA	NA	NA	22513640774	medium	haploid_depth_estimated_from_total_read_bases_and_genome_size;independent_base_error_survival_approximation;phred_scores_treated_as_calibrated_probabilities;genome_background_uniqueness_not_verified
TXF000441	193	162	236.1507	28.9058	8.1697	1576.7478	152.2551	2.1857	24.8100	total_read_bases_divided_by_genome_size	228.0000	0.96548517	0	NA	NA	NA	NA	22513640774	medium	haploid_depth_estimated_from_total_read_bases_and_genome_size;independent_base_error_survival_approximation;phred_scores_treated_as_calibrated_probabilities;genome_background_uniqueness_not_verified
TXF000442	104	55	107.7179	28.9058	3.7265	387.5580	64.2164	1.5049	64.2968	total_read_bases_divided_by_genome_size	104.0000	0.96548517	0	NA	NA	NA	NA	22513640774	medium	haploid_depth_estimated_from_total_read_bases_and_genome_size;independent_base_error_survival_approximation;phred_scores_treated_as_calibrated_probabilities;genome_background_uniqueness_not_verified
TXF000443	52	9	2717.8046	28.9058	94.0230	4889.1938	489.9091	78.2641	203.1742	total_read_bases_divided_by_genome_size	2624.0000	0.96548517	0	NA	NA	NA	NA	22513640774	medium	haploid_depth_estimated_from_total_read_bases_and_genome_size;independent_base_error_survival_approximation;phred_scores_treated_as_calibrated_probabilities;genome_background_uniqueness_not_verified
TXF000444	56	20	214.9179	28.9058	7.4351	416.3669	41.4299	5.5145	11.5988	total_read_bases_divided_by_genome_size	207.5000	0.96548517	0	NA	NA	NA	NA	22513640774	medium	haploid_depth_estimated_from_total_read_bases_and_genome_size;independent_base_error_survival_approximation;phred_scores_treated_as_calibrated_probabilities;genome_background_uniqueness_not_verified
TXF000445	59	59	78.7169	28.9058	2.7232	160.6703	60.0734	0.8026	16.5400	total_read_bases_divided_by_genome_size	76.0000	0.96548517	0	NA	NA	NA	NA	22513640774	medium	haploid_depth_estimated_from_total_read_bases_and_genome_size;independent_base_error_survival_approximation;phred_scores_treated_as_calibrated_probabilities;genome_background_uniqueness_not_verified
TXF000446	56	17	2425.7234	28.9058	83.9184	4699.4280	208.1855	75.0392	125.6267	total_read_bases_divided_by_genome_size	2342.0000	0.96548517	0	NA	NA	NA	NA	22513640774	medium	haploid_depth_estimated_from_total_read_bases_and_genome_size;independent_base_error_survival_approximation;phred_scores_treated_as_calibrated_probabilities;genome_background_uniqueness_not_verified
TXF000447	52	18	162.6125	28.9058	5.6256	292.5318	73.5382	3.0457	20.4493	total_read_bases_divided_by_genome_size	157.0000	0.96548517	0	NA	NA	NA	NA	22513640774	medium	haploid_depth_estimated_from_total_read_bases_and_genome_size;independent_base_error_survival_approximation;phred_scores_treated_as_calibrated_probabilities;genome_background_uniqueness_not_verified
TXF000448	41	3	2969.4915	28.9058	102.7301	4211.9347	10.3575	102.4435	103.4181	total_read_bases_divided_by_genome_size	2867.0000	0.96548517	0	NA	NA	NA	NA	22513640774	medium	haploid_depth_estimated_from_total_read_bases_and_genome_size;independent_base_error_survival_approximation;phred_scores_treated_as_calibrated_probabilities;genome_background_uniqueness_not_verified
TXF000449	135	135	243.4009	28.9058	8.4205	1136.7677	68.3594	6.7006	17.2782	total_read_bases_divided_by_genome_size	235.0000	0.96548517	0	NA	NA	NA	NA	22513640774	medium	haploid_depth_estimated_from_total_read_bases_and_genome_size;independent_base_error_survival_approximation;phred_scores_treated_as_calibrated_probabilities;genome_background_uniqueness_not_verified
TXF000450	58	48	704.3091	28.9058	24.3657	1413.2109	356.8154	8.7681	61.9140	total_read_bases_divided_by_genome_size	680.0000	0.96548517	0	NA	NA	NA	NA	22513640774	medium	haploid_depth_estimated_from_total_read_bases_and_genome_size;independent_base_error_survival_approximation;phred_scores_treated_as_calibrated_probabilities;genome_background_uniqueness_not_verified
TXF000451	32	15	2365.6500	28.9058	81.8401	2618.8834	58.0019	78.0563	87.6807	total_read_bases_divided_by_genome_size	2284.0000	0.96548517	0	NA	NA	NA	NA	22513640774	medium	haploid_depth_estimated_from_total_read_bases_and_genome_size;independent_base_error_survival_approximation;phred_scores_treated_as_calibrated_probabilities;genome_background_uniqueness_not_verified
TXF000452	47	15	1360.9738	28.9058	47.0831	2212.9077	586.2338	24.6739	102.6728	total_read_bases_divided_by_genome_size	1314.0000	0.96548517	0	NA	NA	NA	NA	22513640774	medium	haploid_depth_estimated_from_total_read_bases_and_genome_size;independent_base_error_survival_approximation;phred_scores_treated_as_calibrated_probabilities;genome_background_uniqueness_not_verified
TXF000453	151	151	187.4705	28.9058	6.4856	979.3222	54.8947	2.5441	10.8571	total_read_bases_divided_by_genome_size	181.0000	0.96548517	0	NA	NA	NA	NA	22513640774	medium	haploid_depth_estimated_from_total_read_bases_and_genome_size;independent_base_error_survival_approximation;phred_scores_treated_as_calibrated_probabilities;genome_background_uniqueness_not_verified
TXF000454	56	35	210.2570	28.9058	7.2739	407.3373	146.0406	2.5082	57.5532	total_read_bases_divided_by_genome_size	203.0000	0.96548517	0	NA	NA	NA	NA	22513640774	medium	haploid_depth_estimated_from_total_read_bases_and_genome_size;independent_base_error_survival_approximation;phred_scores_treated_as_calibrated_probabilities;genome_background_uniqueness_not_verified
TXF000455	56	53	251.6869	28.9058	8.7072	487.6008	65.2522	2.8092	12.5268	total_read_bases_divided_by_genome_size	243.0000	0.96548517	0	NA	NA	NA	NA	22513640774	medium	haploid_depth_estimated_from_total_read_bases_and_genome_size;independent_base_error_survival_approximation;phred_scores_treated_as_calibrated_probabilities;genome_background_uniqueness_not_verified
TXF000456	86	78	59.0377	28.9058	2.0424	175.6481	30.0367	1.0033	16.8482	total_read_bases_divided_by_genome_size	57.0000	0.96548517	0	NA	NA	NA	NA	22513640774	medium	haploid_depth_estimated_from_total_read_bases_and_genome_size;independent_base_error_survival_approximation;phred_scores_treated_as_calibrated_probabilities;genome_background_uniqueness_not_verified
TXF000457	52	47	475.4087	28.9058	16.4469	855.2363	164.6840	5.7403	26.1000	total_read_bases_divided_by_genome_size	459.0000	0.96548517	0	NA	NA	NA	NA	22513640774	medium	haploid_depth_estimated_from_total_read_bases_and_genome_size;independent_base_error_survival_approximation;phred_scores_treated_as_calibrated_probabilities;genome_background_uniqueness_not_verified
TXF000458	74	56	200.9352	28.9058	6.9514	514.4030	200.9352	0.0000	21.2483	total_read_bases_divided_by_genome_size	194.0000	0.96548517	0	NA	NA	NA	NA	22513640774	medium	haploid_depth_estimated_from_total_read_bases_and_genome_size;independent_base_error_survival_approximation;phred_scores_treated_as_calibrated_probabilities;genome_background_uniqueness_not_verified
TXF000459	117	117	542.7323	28.9058	18.7759	2196.7834	30.0367	0.0000	37.6378	total_read_bases_divided_by_genome_size	524.0000	0.96548517	0	NA	NA	NA	NA	22513640774	medium	haploid_depth_estimated_from_total_read_bases_and_genome_size;independent_base_error_survival_approximation;phred_scores_treated_as_calibrated_probabilities;genome_background_uniqueness_not_verified
TXF000460	64	45	193.6850	28.9058	6.7006	428.8364	107.7179	2.9526	22.7891	total_read_bases_divided_by_genome_size	187.0000	0.96548517	0	NA	NA	NA	NA	22513640774	medium	haploid_depth_estimated_from_total_read_bases_and_genome_size;independent_base_error_survival_approximation;phred_scores_treated_as_calibrated_probabilities;genome_background_uniqueness_not_verified
TXF000461	66	47	320.0463	28.9058	11.0721	730.7562	251.6869	1.6554	19.2632	total_read_bases_divided_by_genome_size	309.0000	0.96548517	0	NA	NA	NA	NA	22513640774	medium	haploid_depth_estimated_from_total_read_bases_and_genome_size;independent_base_error_survival_approximation;phred_scores_treated_as_calibrated_probabilities;genome_background_uniqueness_not_verified
TXF000462	90	90	375.4589	28.9058	12.9891	1169.0164	173.4879	1.8991	19.4245	total_read_bases_divided_by_genome_size	362.5000	0.96548517	0	NA	NA	NA	NA	22513640774	medium	haploid_depth_estimated_from_total_read_bases_and_genome_size;independent_base_error_survival_approximation;phred_scores_treated_as_calibrated_probabilities;genome_background_uniqueness_not_verified
TXF000463	45	39	277.5807	28.9058	9.6030	432.1330	119.1111	5.4823	62.4407	total_read_bases_divided_by_genome_size	268.0000	0.96548517	0	NA	NA	NA	NA	22513640774	medium	haploid_depth_estimated_from_total_read_bases_and_genome_size;independent_base_error_survival_approximation;phred_scores_treated_as_calibrated_probabilities;genome_background_uniqueness_not_verified
TXF000464	64	39	0.0000	28.9058	0.0000	0.0000	0.0000	0.0000	1.0391	total_read_bases_divided_by_genome_size	0.0000	0.96548517	0	NA	NA	NA	NA	22513640774	medium	haploid_depth_estimated_from_total_read_bases_and_genome_size;independent_base_error_survival_approximation;phred_scores_treated_as_calibrated_probabilities;genome_background_uniqueness_not_verified
TXF000465	63	60	0.0000	28.9058	0.0000	0.0000	0.0000	0.0000	11.7887	total_read_bases_divided_by_genome_size	0.0000	0.96548517	0	NA	NA	NA	NA	22513640774	medium	haploid_depth_estimated_from_total_read_bases_and_genome_size;independent_base_error_survival_approximation;phred_scores_treated_as_calibrated_probabilities;genome_background_uniqueness_not_verified
TXF000466	41	24	278.0985	28.9058	9.6209	394.4557	179.7024	1.3329	57.9940	total_read_bases_divided_by_genome_size	268.5000	0.96548517	0	NA	NA	NA	NA	22513640774	medium	haploid_depth_estimated_from_total_read_bases_and_genome_size;independent_base_error_survival_approximation;phred_scores_treated_as_calibrated_probabilities;genome_background_uniqueness_not_verified
TXF000467	85	23	558.2685	28.9058	19.3134	1641.6394	258.9372	0.0000	391.7719	total_read_bases_divided_by_genome_size	539.0000	0.96548517	0	NA	NA	NA	NA	22513640774	medium	haploid_depth_estimated_from_total_read_bases_and_genome_size;independent_base_error_survival_approximation;phred_scores_treated_as_calibrated_probabilities;genome_background_uniqueness_not_verified
TXF000468	31	31	855.5284	28.9058	29.5972	917.5121	181.2560	22.9324	44.6466	total_read_bases_divided_by_genome_size	826.0000	0.96548517	0	NA	NA	NA	NA	22513640774	medium	haploid_depth_estimated_from_total_read_bases_and_genome_size;independent_base_error_survival_approximation;phred_scores_treated_as_calibrated_probabilities;genome_background_uniqueness_not_verified
TXF000469	85	55	430.8715	28.9058	14.9061	1267.0167	287.9381	3.6907	42.7833	total_read_bases_divided_by_genome_size	416.0000	0.96548517	0	NA	NA	NA	NA	22513640774	medium	haploid_depth_estimated_from_total_read_bases_and_genome_size;independent_base_error_survival_approximation;phred_scores_treated_as_calibrated_probabilities;genome_background_uniqueness_not_verified
TXF000470	46	18	90.1101	28.9058	3.1174	143.3993	90.1101	0.0000	14.7413	total_read_bases_divided_by_genome_size	87.0000	0.96548517	0	NA	NA	NA	NA	22513640774	medium	haploid_depth_estimated_from_total_read_bases_and_genome_size;independent_base_error_survival_approximation;phred_scores_treated_as_calibrated_probabilities;genome_background_uniqueness_not_verified
TXF000471	65	55	1773.2018	28.9058	61.3442	3987.3761	293.1169	45.2270	105.8977	total_read_bases_divided_by_genome_size	1712.0000	0.96548517	0	NA	NA	NA	NA	22513640774	medium	haploid_depth_estimated_from_total_read_bases_and_genome_size;independent_base_error_survival_approximation;phred_scores_treated_as_calibrated_probabilities;genome_background_uniqueness_not_verified
TXF000472	31	31	379.0840	28.9058	13.1145	406.5490	59.0377	7.3814	16.7693	total_read_bases_divided_by_genome_size	366.0000	0.96548517	0	NA	NA	NA	NA	22513640774	medium	haploid_depth_estimated_from_total_read_bases_and_genome_size;independent_base_error_survival_approximation;phred_scores_treated_as_calibrated_probabilities;genome_background_uniqueness_not_verified
TXF000473	45	28	1205.6115	28.9058	41.7084	1876.8760	617.3062	7.7039	66.2568	total_read_bases_divided_by_genome_size	1164.0000	0.96548517	0	NA	NA	NA	NA	22513640774	medium	haploid_depth_estimated_from_total_read_bases_and_genome_size;independent_base_error_survival_approximation;phred_scores_treated_as_calibrated_probabilities;genome_background_uniqueness_not_verified
TXF000474	52	47	338.6898	28.9058	11.7170	609.2860	291.0454	1.8991	24.7025	total_read_bases_divided_by_genome_size	327.0000	0.96548517	0	NA	NA	NA	NA	22513640774	medium	haploid_depth_estimated_from_total_read_bases_and_genome_size;independent_base_error_survival_approximation;phred_scores_treated_as_calibrated_probabilities;genome_background_uniqueness_not_verified
TXF000475	55	24	1734.8791	28.9058	60.0185	3301.0156	1170.3960	11.1616	132.0299	total_read_bases_divided_by_genome_size	1675.0000	0.96548517	0	NA	NA	NA	NA	22513640774	medium	haploid_depth_estimated_from_total_read_bases_and_genome_size;independent_base_error_survival_approximation;phred_scores_treated_as_calibrated_probabilities;genome_background_uniqueness_not_verified
TXF000476	59	33	2008.3167	28.9058	69.4781	4099.2075	1440.7264	1.0606	118.3672	total_read_bases_divided_by_genome_size	1939.0000	0.96548517	0	NA	NA	NA	NA	22513640774	medium	haploid_depth_estimated_from_total_read_bases_and_genome_size;independent_base_error_survival_approximation;phred_scores_treated_as_calibrated_probabilities;genome_background_uniqueness_not_verified
TXF000477	50	21	217.5072	28.9058	7.5247	376.2352	67.3237	5.3748	31.4963	total_read_bases_divided_by_genome_size	210.0000	0.96548517	0	NA	NA	NA	NA	22513640774	medium	haploid_depth_estimated_from_total_read_bases_and_genome_size;independent_base_error_survival_approximation;phred_scores_treated_as_calibrated_probabilities;genome_background_uniqueness_not_verified
TXF000478	42	38	234.0792	28.9058	8.0980	340.1166	98.3961	1.4942	14.3686	total_read_bases_divided_by_genome_size	226.0000	0.96548517	0	NA	NA	NA	NA	22513640774	medium	haploid_depth_estimated_from_total_read_bases_and_genome_size;independent_base_error_survival_approximation;phred_scores_treated_as_calibrated_probabilities;genome_background_uniqueness_not_verified
TXF000479	44	35	593.4840	28.9058	20.5317	903.3944	378.0483	7.6250	46.5958	total_read_bases_divided_by_genome_size	573.0000	0.96548517	0	NA	NA	NA	NA	22513640774	medium	haploid_depth_estimated_from_total_read_bases_and_genome_size;independent_base_error_survival_approximation;phred_scores_treated_as_calibrated_probabilities;genome_background_uniqueness_not_verified
TXF000480	48	14	1960.1544	28.9058	67.8119	3254.9716	75.0918	0.0000	71.1980	total_read_bases_divided_by_genome_size	1892.5000	0.96548517	0	NA	NA	NA	NA	22513640774	medium	haploid_depth_estimated_from_total_read_bases_and_genome_size;independent_base_error_survival_approximation;phred_scores_treated_as_calibrated_probabilities;genome_background_uniqueness_not_verified
TXF000481	59	47	647.3429	28.9058	22.3950	1321.3021	113.9324	0.0000	27.2394	total_read_bases_divided_by_genome_size	625.0000	0.96548517	0	NA	NA	NA	NA	22513640774	medium	haploid_depth_estimated_from_total_read_bases_and_genome_size;independent_base_error_survival_approximation;phred_scores_treated_as_calibrated_probabilities;genome_background_uniqueness_not_verified
TXF000482	59	22	0.0000	28.9058	0.0000	0.0000	0.0000	0.0000	26.5192	total_read_bases_divided_by_genome_size	0.0000	0.96548517	0	NA	NA	NA	NA	22513640774	medium	haploid_depth_estimated_from_total_read_bases_and_genome_size;independent_base_error_survival_approximation;phred_scores_treated_as_calibrated_probabilities;genome_background_uniqueness_not_verified
TXF000483	59	25	0.0000	28.9058	0.0000	0.0000	0.0000	0.0000	33.5100	total_read_bases_divided_by_genome_size	0.0000	0.96548517	0	NA	NA	NA	NA	22513640774	medium	haploid_depth_estimated_from_total_read_bases_and_genome_size;independent_base_error_survival_approximation;phred_scores_treated_as_calibrated_probabilities;genome_background_uniqueness_not_verified
TXF000484	59	36	216.4715	28.9058	7.4889	441.8434	216.4715	0.0000	186.7022	total_read_bases_divided_by_genome_size	209.0000	0.96548517	0	NA	NA	NA	NA	22513640774	medium	haploid_depth_estimated_from_total_read_bases_and_genome_size;independent_base_error_survival_approximation;phred_scores_treated_as_calibrated_probabilities;genome_background_uniqueness_not_verified
TXF000485	48	26	287.4203	28.9058	9.9434	477.2812	287.4203	0.0000	29.6867	total_read_bases_divided_by_genome_size	277.5000	0.96548517	0	NA	NA	NA	NA	22513640774	medium	haploid_depth_estimated_from_total_read_bases_and_genome_size;independent_base_error_survival_approximation;phred_scores_treated_as_calibrated_probabilities;genome_background_uniqueness_not_verified
TXF000486	48	48	276.0270	28.9058	9.5492	458.3619	77.1633	0.0000	15.5152	total_read_bases_divided_by_genome_size	266.5000	0.96548517	0	NA	NA	NA	NA	22513640774	medium	haploid_depth_estimated_from_total_read_bases_and_genome_size;independent_base_error_survival_approximation;phred_scores_treated_as_calibrated_probabilities;genome_background_uniqueness_not_verified
TXF000487	43	26	0.0000	28.9058	0.0000	0.0000	0.0000	0.0000	71.4668	total_read_bases_divided_by_genome_size	0.0000	0.96548517	0	NA	NA	NA	NA	22513640774	medium	haploid_depth_estimated_from_total_read_bases_and_genome_size;independent_base_error_survival_approximation;phred_scores_treated_as_calibrated_probabilities;genome_background_uniqueness_not_verified
TXF000488	42	42	504.9275	28.9058	17.4681	733.6586	62.1449	14.4259	28.6118	total_read_bases_divided_by_genome_size	487.5000	0.96548517	0	NA	NA	NA	NA	22513640774	medium	haploid_depth_estimated_from_total_read_bases_and_genome_size;independent_base_error_survival_approximation;phred_scores_treated_as_calibrated_probabilities;genome_background_uniqueness_not_verified
TXF000489	46	6	641.6463	28.9058	22.1979	1021.1022	2.5894	22.1083	22.7354	total_read_bases_divided_by_genome_size	619.5000	0.96548517	0	NA	NA	NA	NA	22513640774	medium	haploid_depth_estimated_from_total_read_bases_and_genome_size;independent_base_error_survival_approximation;phred_scores_treated_as_calibrated_probabilities;genome_background_uniqueness_not_verified
TXF000490	50	50	701.2019	28.9058	24.2582	1212.9105	701.2019	0.0000	121.3412	total_read_bases_divided_by_genome_size	677.0000	0.96548517	0	NA	NA	NA	NA	22513640774	medium	haploid_depth_estimated_from_total_read_bases_and_genome_size;independent_base_error_survival_approximation;phred_scores_treated_as_calibrated_probabilities;genome_background_uniqueness_not_verified
TXF000491	613	217	8110.9480	28.9058	280.5998	172007.6572	181.2560	152.8303	289.0561	total_read_bases_divided_by_genome_size	7831.0000	0.96548517	0	NA	NA	NA	NA	22513640774	medium	haploid_depth_estimated_from_total_read_bases_and_genome_size;independent_base_error_survival_approximation;phred_scores_treated_as_calibrated_probabilities;genome_background_uniqueness_not_verified
TXF000492	665	37	24.8580	28.9058	0.8600	571.8774	3.1072	0.7883	58.4347	total_read_bases_divided_by_genome_size	24.0000	0.96548517	0	NA	NA	NA	NA	22513640774	medium	haploid_depth_estimated_from_total_read_bases_and_genome_size;independent_base_error_survival_approximation;phred_scores_treated_as_calibrated_probabilities;genome_background_uniqueness_not_verified
TXF000493	35	0	0.0000	28.9058	0.0000	0.0000	0.0000	0.0000	0.0000	total_read_bases_divided_by_genome_size	0.0000	0.96548517	0	NA	NA	NA	NA	22513640774	low	haploid_depth_estimated_from_total_read_bases_and_genome_size;independent_base_error_survival_approximation;phred_scores_treated_as_calibrated_probabilities;no_diagnostic_kmers
TXF000494	51	21	477.4801	28.9058	16.5185	842.4443	304.5101	5.6614	51.9921	total_read_bases_divided_by_genome_size	461.0000	0.96548517	0	NA	NA	NA	NA	22513640774	medium	haploid_depth_estimated_from_total_read_bases_and_genome_size;independent_base_error_survival_approximation;phred_scores_treated_as_calibrated_probabilities;genome_background_uniqueness_not_verified
TXF000495	108	18	4124.0061	28.9058	142.6708	15408.4423	224.2396	116.2901	150.3830	total_read_bases_divided_by_genome_size	3981.6667	0.96548517	0	NA	NA	NA	NA	22513640774	medium	haploid_depth_estimated_from_total_read_bases_and_genome_size;independent_base_error_survival_approximation;phred_scores_treated_as_calibrated_probabilities;genome_background_uniqueness_not_verified
TXF000496	640	572	57511.4999	28.9058	1989.6211	1273357.5146	1591.9457	1845.2041	2068.4263	total_read_bases_divided_by_genome_size	55526.5000	0.96548517	0	NA	NA	NA	NA	22513640774	medium	haploid_depth_estimated_from_total_read_bases_and_genome_size;independent_base_error_survival_approximation;phred_scores_treated_as_calibrated_probabilities;genome_background_uniqueness_not_verified
TXF000497	83	56	305.0280	28.9058	10.5525	875.8575	305.0280	0.0000	117.8512	total_read_bases_divided_by_genome_size	294.5000	0.96548517	0	NA	NA	NA	NA	22513640774	medium	haploid_depth_estimated_from_total_read_bases_and_genome_size;independent_base_error_survival_approximation;phred_scores_treated_as_calibrated_probabilities;genome_background_uniqueness_not_verified
TXF000498	130	85	234.0792	28.9058	8.0980	1052.7418	180.2203	0.3583	20.7897	total_read_bases_divided_by_genome_size	226.0000	0.96548517	0	NA	NA	NA	NA	22513640774	medium	haploid_depth_estimated_from_total_read_bases_and_genome_size;independent_base_error_survival_approximation;phred_scores_treated_as_calibrated_probabilities;genome_background_uniqueness_not_verified
TXF000499	130	0	0.0000	28.9058	0.0000	0.0000	0.0000	0.0000	0.0000	total_read_bases_divided_by_genome_size	0.0000	0.96548517	0	NA	NA	NA	NA	22513640774	low	haploid_depth_estimated_from_total_read_bases_and_genome_size;independent_base_error_survival_approximation;phred_scores_treated_as_calibrated_probabilities;no_diagnostic_kmers
TXF000500	181	181	457.8009	28.9058	15.8377	2866.6253	308.6531	1.2541	54.1062	total_read_bases_divided_by_genome_size	442.0000	0.96548517	0	NA	NA	NA	NA	22513640774	medium	haploid_depth_estimated_from_total_read_bases_and_genome_size;independent_base_error_survival_approximation;phred_scores_treated_as_calibrated_probabilities;genome_background_uniqueness_not_verified
TXF000501	230	155	237.1865	28.9058	8.2055	1887.2672	123.2541	1.1108	20.9187	total_read_bases_divided_by_genome_size	229.0000	0.96548517	0	NA	NA	NA	NA	22513640774	medium	haploid_depth_estimated_from_total_read_bases_and_genome_size;independent_base_error_survival_approximation;phred_scores_treated_as_calibrated_probabilities;genome_background_uniqueness_not_verified
TXF000502	229	165	85.9671	28.9058	2.9740	681.0573	85.9671	0.0000	12.1470	total_read_bases_divided_by_genome_size	83.0000	0.96548517	0	NA	NA	NA	NA	22513640774	medium	haploid_depth_estimated_from_total_read_bases_and_genome_size;independent_base_error_survival_approximation;phred_scores_treated_as_calibrated_probabilities;genome_background_uniqueness_not_verified
TXF000503	104	69	90.1101	28.9058	3.1174	324.2072	90.1101	0.0000	38.4405	total_read_bases_divided_by_genome_size	87.0000	0.96548517	0	NA	NA	NA	NA	22513640774	medium	haploid_depth_estimated_from_total_read_bases_and_genome_size;independent_base_error_survival_approximation;phred_scores_treated_as_calibrated_probabilities;genome_background_uniqueness_not_verified
TXF000504	181	168	456.7652	28.9058	15.8019	2860.1397	63.1807	8.2055	27.8522	total_read_bases_divided_by_genome_size	441.0000	0.96548517	0	NA	NA	NA	NA	22513640774	medium	haploid_depth_estimated_from_total_read_bases_and_genome_size;independent_base_error_survival_approximation;phred_scores_treated_as_calibrated_probabilities;genome_background_uniqueness_not_verified
TXF000505	65	21	0.0000	28.9058	0.0000	0.0000	0.0000	0.0000	0.0000	total_read_bases_divided_by_genome_size	0.0000	0.96548517	0	NA	NA	NA	NA	22513640774	medium	haploid_depth_estimated_from_total_read_bases_and_genome_size;independent_base_error_survival_approximation;phred_scores_treated_as_calibrated_probabilities;genome_background_uniqueness_not_verified
TXF000506	84	12	2326.8094	28.9058	80.4964	6761.6983	1742.1293	20.6464	160.3371	total_read_bases_divided_by_genome_size	2246.5000	0.96548517	0	NA	NA	NA	NA	22513640774	medium	haploid_depth_estimated_from_total_read_bases_and_genome_size;independent_base_error_survival_approximation;phred_scores_treated_as_calibrated_probabilities;genome_background_uniqueness_not_verified
TXF000507	52	4	408.0850	28.9058	14.1178	734.1244	46.6087	11.9320	48.1330	total_read_bases_divided_by_genome_size	394.0000	0.96548517	0	NA	NA	NA	NA	22513640774	medium	haploid_depth_estimated_from_total_read_bases_and_genome_size;independent_base_error_survival_approximation;phred_scores_treated_as_calibrated_probabilities;genome_background_uniqueness_not_verified
TXF000508	87	12	3842.6277	28.9058	132.9364	11565.4689	2044.5679	37.4909	202.5614	total_read_bases_divided_by_genome_size	3710.0000	0.96548517	0	NA	NA	NA	NA	22513640774	medium	haploid_depth_estimated_from_total_read_bases_and_genome_size;independent_base_error_survival_approximation;phred_scores_treated_as_calibrated_probabilities;genome_background_uniqueness_not_verified
TXF000509	62	53	196.7923	28.9058	6.8081	422.1000	59.0377	4.3715	11.1151	total_read_bases_divided_by_genome_size	190.0000	0.96548517	0	NA	NA	NA	NA	22513640774	medium	haploid_depth_estimated_from_total_read_bases_and_genome_size;independent_base_error_survival_approximation;phred_scores_treated_as_calibrated_probabilities;genome_background_uniqueness_not_verified
TXF000510	105	59	396.6918	28.9058	13.7236	1440.9807	389.4415	0.0000	77.9918	total_read_bases_divided_by_genome_size	383.0000	0.96548517	0	NA	NA	NA	NA	22513640774	medium	haploid_depth_estimated_from_total_read_bases_and_genome_size;independent_base_error_survival_approximation;phred_scores_treated_as_calibrated_probabilities;genome_background_uniqueness_not_verified
TXF000511	173	105	51.7874	28.9058	1.7916	309.9461	33.1440	0.6450	287.7590	total_read_bases_divided_by_genome_size	50.0000	0.96548517	0	NA	NA	NA	NA	22513640774	medium	haploid_depth_estimated_from_total_read_bases_and_genome_size;independent_base_error_survival_approximation;phred_scores_treated_as_calibrated_probabilities;genome_background_uniqueness_not_verified
TXF000512	102	102	257.9014	28.9058	8.9221	910.0591	160.0232	1.1466	19.0554	total_read_bases_divided_by_genome_size	249.0000	0.96548517	0	NA	NA	NA	NA	22513640774	medium	haploid_depth_estimated_from_total_read_bases_and_genome_size;independent_base_error_survival_approximation;phred_scores_treated_as_calibrated_probabilities;genome_background_uniqueness_not_verified
TXF000513	158	77	443.3004	28.9058	15.3361	2423.0978	67.3237	0.0000	18.6326	total_read_bases_divided_by_genome_size	428.0000	0.96548517	0	NA	NA	NA	NA	22513640774	medium	haploid_depth_estimated_from_total_read_bases_and_genome_size;independent_base_error_survival_approximation;phred_scores_treated_as_calibrated_probabilities;genome_background_uniqueness_not_verified
TXF000514	116	116	202.4889	28.9058	7.0051	812.5963	146.5584	0.0358	24.5628	total_read_bases_divided_by_genome_size	195.5000	0.96548517	0	NA	NA	NA	NA	22513640774	medium	haploid_depth_estimated_from_total_read_bases_and_genome_size;independent_base_error_survival_approximation;phred_scores_treated_as_calibrated_probabilities;genome_background_uniqueness_not_verified
TXF000515	55	30	3714.7127	28.9058	128.5112	7068.1150	1654.6085	49.8852	200.8021	total_read_bases_divided_by_genome_size	3586.5000	0.96548517	0	NA	NA	NA	NA	22513640774	medium	haploid_depth_estimated_from_total_read_bases_and_genome_size;independent_base_error_survival_approximation;phred_scores_treated_as_calibrated_probabilities;genome_background_uniqueness_not_verified
TXF000516	47	38	605.9130	28.9058	20.9617	985.1986	274.9913	8.5531	59.2947	total_read_bases_divided_by_genome_size	585.0000	0.96548517	0	NA	NA	NA	NA	22513640774	medium	haploid_depth_estimated_from_total_read_bases_and_genome_size;independent_base_error_survival_approximation;phred_scores_treated_as_calibrated_probabilities;genome_background_uniqueness_not_verified
TXF000517	149	149	284.8309	28.9058	9.8538	1468.2129	69.3952	0.0358	12.8135	total_read_bases_divided_by_genome_size	275.0000	0.96548517	0	NA	NA	NA	NA	22513640774	medium	haploid_depth_estimated_from_total_read_bases_and_genome_size;independent_base_error_survival_approximation;phred_scores_treated_as_calibrated_probabilities;genome_background_uniqueness_not_verified
TXF000518	138	138	343.8686	28.9058	11.8962	1641.6753	68.3594	1.8633	33.7286	total_read_bases_divided_by_genome_size	332.0000	0.96548517	0	NA	NA	NA	NA	22513640774	medium	haploid_depth_estimated_from_total_read_bases_and_genome_size;independent_base_error_survival_approximation;phred_scores_treated_as_calibrated_probabilities;genome_background_uniqueness_not_verified
TXF000519	65	65	283.7951	28.9058	9.8179	638.1665	213.3642	1.7916	19.3349	total_read_bases_divided_by_genome_size	274.0000	0.96548517	0	NA	NA	NA	NA	22513640774	medium	haploid_depth_estimated_from_total_read_bases_and_genome_size;independent_base_error_survival_approximation;phred_scores_treated_as_calibrated_probabilities;genome_background_uniqueness_not_verified
TXF000520	64	35	408.0850	28.9058	14.1178	903.5377	95.2889	10.8714	24.0146	total_read_bases_divided_by_genome_size	394.0000	0.96548517	0	NA	NA	NA	NA	22513640774	medium	haploid_depth_estimated_from_total_read_bases_and_genome_size;independent_base_error_survival_approximation;phred_scores_treated_as_calibrated_probabilities;genome_background_uniqueness_not_verified
TXF000521	112	112	636.9854	28.9058	22.0366	2468.1027	29.5188	9.3306	24.6524	total_read_bases_divided_by_genome_size	615.0000	0.96548517	0	NA	NA	NA	NA	22513640774	medium	haploid_depth_estimated_from_total_read_bases_and_genome_size;independent_base_error_survival_approximation;phred_scores_treated_as_calibrated_probabilities;genome_background_uniqueness_not_verified
TXF000522	97	97	377.0125	28.9058	13.0428	1265.1534	114.9681	5.8119	20.7825	total_read_bases_divided_by_genome_size	364.0000	0.96548517	0	NA	NA	NA	NA	22513640774	medium	haploid_depth_estimated_from_total_read_bases_and_genome_size;independent_base_error_survival_approximation;phred_scores_treated_as_calibrated_probabilities;genome_background_uniqueness_not_verified
TXF000523	40	40	629.2173	28.9058	21.7679	870.7157	252.2048	11.5737	35.7029	total_read_bases_divided_by_genome_size	607.5000	0.96548517	0	NA	NA	NA	NA	22513640774	medium	haploid_depth_estimated_from_total_read_bases_and_genome_size;independent_base_error_survival_approximation;phred_scores_treated_as_calibrated_probabilities;genome_background_uniqueness_not_verified
TXF000524	43	31	525.1246	28.9058	18.1668	781.1717	203.0067	7.4530	38.0177	total_read_bases_divided_by_genome_size	507.0000	0.96548517	0	NA	NA	NA	NA	22513640774	medium	haploid_depth_estimated_from_total_read_bases_and_genome_size;independent_base_error_survival_approximation;phred_scores_treated_as_calibrated_probabilities;genome_background_uniqueness_not_verified
TXF000525	72	29	2351.1495	28.9058	81.3385	5856.3690	293.1169	68.8904	108.7427	total_read_bases_divided_by_genome_size	2270.0000	0.96548517	0	NA	NA	NA	NA	22513640774	medium	haploid_depth_estimated_from_total_read_bases_and_genome_size;independent_base_error_survival_approximation;phred_scores_treated_as_calibrated_probabilities;genome_background_uniqueness_not_verified
TXF000526	54	54	307.6174	28.9058	10.6421	574.6723	198.8637	3.4757	44.0052	total_read_bases_divided_by_genome_size	297.0000	0.96548517	0	NA	NA	NA	NA	22513640774	medium	haploid_depth_estimated_from_total_read_bases_and_genome_size;independent_base_error_survival_approximation;phred_scores_treated_as_calibrated_probabilities;genome_background_uniqueness_not_verified
TXF000527	70	53	60.0734	28.9058	2.0783	145.4776	26.9295	1.1108	16.2892	total_read_bases_divided_by_genome_size	58.0000	0.96548517	0	NA	NA	NA	NA	22513640774	medium	haploid_depth_estimated_from_total_read_bases_and_genome_size;independent_base_error_survival_approximation;phred_scores_treated_as_calibrated_probabilities;genome_background_uniqueness_not_verified
TXF000528	85	79	333.5111	28.9058	11.5379	980.7197	38.3227	9.3665	13.2578	total_read_bases_divided_by_genome_size	322.0000	0.96548517	0	NA	NA	NA	NA	22513640774	medium	haploid_depth_estimated_from_total_read_bases_and_genome_size;independent_base_error_survival_approximation;phred_scores_treated_as_calibrated_probabilities;genome_background_uniqueness_not_verified
TXF000529	50	35	101.5034	28.9058	3.5115	175.5764	101.5034	0.0000	12.1112	total_read_bases_divided_by_genome_size	98.0000	0.96548517	0	NA	NA	NA	NA	22513640774	medium	haploid_depth_estimated_from_total_read_bases_and_genome_size;independent_base_error_survival_approximation;phred_scores_treated_as_calibrated_probabilities;genome_background_uniqueness_not_verified
TXF000530	30	1	842.0637	28.9058	29.1314	873.9405	0.0000	29.1314	29.1314	total_read_bases_divided_by_genome_size	813.0000	0.96548517	0	NA	NA	NA	NA	22513640774	medium	haploid_depth_estimated_from_total_read_bases_and_genome_size;independent_base_error_survival_approximation;phred_scores_treated_as_calibrated_probabilities;genome_background_uniqueness_not_verified
TXF000531	91	57	245.4724	28.9058	8.4922	772.7870	77.6812	1.6483	12.8422	total_read_bases_divided_by_genome_size	237.0000	0.96548517	0	NA	NA	NA	NA	22513640774	medium	haploid_depth_estimated_from_total_read_bases_and_genome_size;independent_base_error_survival_approximation;phred_scores_treated_as_calibrated_probabilities;genome_background_uniqueness_not_verified
TXF000532	52	48	564.4830	28.9058	19.5284	1015.4766	245.4724	8.2413	30.0988	total_read_bases_divided_by_genome_size	545.0000	0.96548517	0	NA	NA	NA	NA	22513640774	medium	haploid_depth_estimated_from_total_read_bases_and_genome_size;independent_base_error_survival_approximation;phred_scores_treated_as_calibrated_probabilities;genome_background_uniqueness_not_verified
TXF000533	56	26	560.3400	28.9058	19.3851	1085.5639	217.5072	6.4856	47.7998	total_read_bases_divided_by_genome_size	541.0000	0.96548517	0	NA	NA	NA	NA	22513640774	medium	haploid_depth_estimated_from_total_read_bases_and_genome_size;independent_base_error_survival_approximation;phred_scores_treated_as_calibrated_probabilities;genome_background_uniqueness_not_verified
TXF000534	55	38	5080.8652	28.9058	175.7735	9667.5416	3186.4809	55.6685	638.5177	total_read_bases_divided_by_genome_size	4905.5000	0.96548517	0	NA	NA	NA	NA	22513640774	medium	haploid_depth_estimated_from_total_read_bases_and_genome_size;independent_base_error_survival_approximation;phred_scores_treated_as_calibrated_probabilities;genome_background_uniqueness_not_verified
TXF000535	85	39	118.0754	28.9058	4.0848	347.2113	82.8599	1.0750	18.1596	total_read_bases_divided_by_genome_size	114.0000	0.96548517	0	NA	NA	NA	NA	22513640774	medium	haploid_depth_estimated_from_total_read_bases_and_genome_size;independent_base_error_survival_approximation;phred_scores_treated_as_calibrated_probabilities;genome_background_uniqueness_not_verified
TXF000536	59	19	349.0473	28.9058	12.0754	712.4461	349.0473	0.0000	80.9013	total_read_bases_divided_by_genome_size	337.0000	0.96548517	0	NA	NA	NA	NA	22513640774	medium	haploid_depth_estimated_from_total_read_bases_and_genome_size;independent_base_error_survival_approximation;phred_scores_treated_as_calibrated_probabilities;genome_background_uniqueness_not_verified
TXF000537	53	53	136.7188	28.9058	4.7298	250.6801	27.9652	3.7337	12.7633	total_read_bases_divided_by_genome_size	132.0000	0.96548517	0	NA	NA	NA	NA	22513640774	medium	haploid_depth_estimated_from_total_read_bases_and_genome_size;independent_base_error_survival_approximation;phred_scores_treated_as_calibrated_probabilities;genome_background_uniqueness_not_verified
TXF000538	49	45	383.2270	28.9058	13.2578	649.6327	137.7546	3.7265	29.5542	total_read_bases_divided_by_genome_size	370.0000	0.96548517	0	NA	NA	NA	NA	22513640774	medium	haploid_depth_estimated_from_total_read_bases_and_genome_size;independent_base_error_survival_approximation;phred_scores_treated_as_calibrated_probabilities;genome_background_uniqueness_not_verified
TXF000539	48	41	15.5362	28.9058	0.5375	25.7990	15.5362	0.0000	5.9481	total_read_bases_divided_by_genome_size	15.0000	0.96548517	0	NA	NA	NA	NA	22513640774	medium	haploid_depth_estimated_from_total_read_bases_and_genome_size;independent_base_error_survival_approximation;phred_scores_treated_as_calibrated_probabilities;genome_background_uniqueness_not_verified
TXF000540	49	31	625.5922	28.9058	21.6425	1060.4815	625.5922	0.0000	54.1779	total_read_bases_divided_by_genome_size	604.0000	0.96548517	0	NA	NA	NA	NA	22513640774	medium	haploid_depth_estimated_from_total_read_bases_and_genome_size;independent_base_error_survival_approximation;phred_scores_treated_as_calibrated_probabilities;genome_background_uniqueness_not_verified
TXF000541	42	38	236.6686	28.9058	8.1876	343.8789	49.1981	5.9087	11.5379	total_read_bases_divided_by_genome_size	228.5000	0.96548517	0	NA	NA	NA	NA	22513640774	medium	haploid_depth_estimated_from_total_read_bases_and_genome_size;independent_base_error_survival_approximation;phred_scores_treated_as_calibrated_probabilities;genome_background_uniqueness_not_verified
TXF000542	41	15	0.0000	28.9058	0.0000	0.0000	0.0000	0.0000	0.1792	total_read_bases_divided_by_genome_size	0.0000	0.96548517	0	NA	NA	NA	NA	22513640774	medium	haploid_depth_estimated_from_total_read_bases_and_genome_size;independent_base_error_survival_approximation;phred_scores_treated_as_calibrated_probabilities;genome_background_uniqueness_not_verified
TXF000543	48	27	0.0000	28.9058	0.0000	0.0000	0.0000	0.0000	51.0103	total_read_bases_divided_by_genome_size	0.0000	0.96548517	0	NA	NA	NA	NA	22513640774	medium	haploid_depth_estimated_from_total_read_bases_and_genome_size;independent_base_error_survival_approximation;phred_scores_treated_as_calibrated_probabilities;genome_background_uniqueness_not_verified
TXF000544	59	39	623.5207	28.9058	21.5708	1272.6781	142.9333	11.7099	34.5778	total_read_bases_divided_by_genome_size	602.0000	0.96548517	0	NA	NA	NA	NA	22513640774	medium	haploid_depth_estimated_from_total_read_bases_and_genome_size;independent_base_error_survival_approximation;phred_scores_treated_as_calibrated_probabilities;genome_background_uniqueness_not_verified
TXF000545	44	23	106.6821	28.9058	3.6907	162.3903	25.8937	2.7949	13.5230	total_read_bases_divided_by_genome_size	103.0000	0.96548517	0	NA	NA	NA	NA	22513640774	medium	haploid_depth_estimated_from_total_read_bases_and_genome_size;independent_base_error_survival_approximation;phred_scores_treated_as_calibrated_probabilities;genome_background_uniqueness_not_verified
TXF000546	59	59	480.5874	28.9058	16.6260	980.9346	85.9671	0.0000	20.6392	total_read_bases_divided_by_genome_size	464.0000	0.96548517	0	NA	NA	NA	NA	22513640774	medium	haploid_depth_estimated_from_total_read_bases_and_genome_size;independent_base_error_survival_approximation;phred_scores_treated_as_calibrated_probabilities;genome_background_uniqueness_not_verified
TXF000547	31	31	228.9005	28.9058	7.9189	245.4845	226.8290	0.0717	22.6458	total_read_bases_divided_by_genome_size	221.0000	0.96548517	0	NA	NA	NA	NA	22513640774	medium	haploid_depth_estimated_from_total_read_bases_and_genome_size;independent_base_error_survival_approximation;phred_scores_treated_as_calibrated_probabilities;genome_background_uniqueness_not_verified
TXF000548	44	29	59.0377	28.9058	2.0424	89.8665	8.2860	1.7558	111.6594	total_read_bases_divided_by_genome_size	57.0000	0.96548517	0	NA	NA	NA	NA	22513640774	medium	haploid_depth_estimated_from_total_read_bases_and_genome_size;independent_base_error_survival_approximation;phred_scores_treated_as_calibrated_probabilities;genome_background_uniqueness_not_verified
TXF000549	36	36	413.2637	28.9058	14.2969	514.6897	92.6995	11.6454	36.8352	total_read_bases_divided_by_genome_size	399.0000	0.96548517	0	NA	NA	NA	NA	22513640774	medium	haploid_depth_estimated_from_total_read_bases_and_genome_size;independent_base_error_survival_approximation;phred_scores_treated_as_calibrated_probabilities;genome_background_uniqueness_not_verified
TXF000550	31	28	1464.5487	28.9058	50.6663	1570.6564	600.7342	27.0638	160.4410	total_read_bases_divided_by_genome_size	1414.0000	0.96548517	0	NA	NA	NA	NA	22513640774	medium	haploid_depth_estimated_from_total_read_bases_and_genome_size;independent_base_error_survival_approximation;phred_scores_treated_as_calibrated_probabilities;genome_background_uniqueness_not_verified
TXF000551	45	34	58.0019	28.9058	2.0066	90.2964	58.0019	0.0000	5.2422	total_read_bases_divided_by_genome_size	56.0000	0.96548517	0	NA	NA	NA	NA	22513640774	medium	haploid_depth_estimated_from_total_read_bases_and_genome_size;independent_base_error_survival_approximation;phred_scores_treated_as_calibrated_probabilities;genome_background_uniqueness_not_verified
TXF000552	41	41	84.9314	28.9058	2.9382	120.4669	2.0715	0.0000	3.0099	total_read_bases_divided_by_genome_size	82.0000	0.96548517	0	NA	NA	NA	NA	22513640774	medium	haploid_depth_estimated_from_total_read_bases_and_genome_size;independent_base_error_survival_approximation;phred_scores_treated_as_calibrated_probabilities;genome_background_uniqueness_not_verified
TXF000553	49	34	160.5410	28.9058	5.5539	272.1434	160.5410	0.0000	19.8186	total_read_bases_divided_by_genome_size	155.0000	0.96548517	0	NA	NA	NA	NA	22513640774	medium	haploid_depth_estimated_from_total_read_bases_and_genome_size;independent_base_error_survival_approximation;phred_scores_treated_as_calibrated_probabilities;genome_background_uniqueness_not_verified
TXF000554	31	21	1088.5719	28.9058	37.6593	1167.4398	185.3990	31.0304	498.1354	total_read_bases_divided_by_genome_size	1051.0000	0.96548517	0	NA	NA	NA	NA	22513640774	medium	haploid_depth_estimated_from_total_read_bases_and_genome_size;independent_base_error_survival_approximation;phred_scores_treated_as_calibrated_probabilities;genome_background_uniqueness_not_verified
TXF000555	30	0	0.0000	28.9058	0.0000	0.0000	0.0000	0.0000	0.0000	total_read_bases_divided_by_genome_size	0.0000	0.96548517	0	NA	NA	NA	NA	22513640774	low	haploid_depth_estimated_from_total_read_bases_and_genome_size;independent_base_error_survival_approximation;phred_scores_treated_as_calibrated_probabilities;no_diagnostic_kmers
TXF000556	33	26	26.9295	28.9058	0.9316	30.7438	26.9295	0.0000	25.0107	total_read_bases_divided_by_genome_size	26.0000	0.96548517	0	NA	NA	NA	NA	22513640774	medium	haploid_depth_estimated_from_total_read_bases_and_genome_size;independent_base_error_survival_approximation;phred_scores_treated_as_calibrated_probabilities;genome_background_uniqueness_not_verified
TXF000557	31	21	13.4647	28.9058	0.4658	14.4403	13.4647	0.0000	44.1808	total_read_bases_divided_by_genome_size	13.0000	0.96548517	0	NA	NA	NA	NA	22513640774	medium	haploid_depth_estimated_from_total_read_bases_and_genome_size;independent_base_error_survival_approximation;phred_scores_treated_as_calibrated_probabilities;genome_background_uniqueness_not_verified
TXF000558	50	50	558.7864	28.9058	19.3313	966.5660	361.4763	0.0000	30.1275	total_read_bases_divided_by_genome_size	539.5000	0.96548517	0	NA	NA	NA	NA	22513640774	medium	haploid_depth_estimated_from_total_read_bases_and_genome_size;independent_base_error_survival_approximation;phred_scores_treated_as_calibrated_probabilities;genome_background_uniqueness_not_verified
TXF000559	50	30	100.9855	28.9058	3.4936	174.6806	100.9855	0.0000	14.3543	total_read_bases_divided_by_genome_size	97.5000	0.96548517	0	NA	NA	NA	NA	22513640774	medium	haploid_depth_estimated_from_total_read_bases_and_genome_size;independent_base_error_survival_approximation;phred_scores_treated_as_calibrated_probabilities;genome_background_uniqueness_not_verified
TXF000560	48	48	611.6096	28.9058	21.1587	1015.6199	575.8763	0.0000	40.2321	total_read_bases_divided_by_genome_size	590.5000	0.96548517	0	NA	NA	NA	NA	22513640774	medium	haploid_depth_estimated_from_total_read_bases_and_genome_size;independent_base_error_survival_approximation;phred_scores_treated_as_calibrated_probabilities;genome_background_uniqueness_not_verified
TXF000561	38	23	219.5787	28.9058	7.5964	288.6619	4.1430	7.1377	12.9783	total_read_bases_divided_by_genome_size	212.0000	0.96548517	0	NA	NA	NA	NA	22513640774	medium	haploid_depth_estimated_from_total_read_bases_and_genome_size;independent_base_error_survival_approximation;phred_scores_treated_as_calibrated_probabilities;genome_background_uniqueness_not_verified
TXF000562	751	128	949.2637	28.9058	32.8400	24662.8061	895.9226	0.5554	161.7166	total_read_bases_divided_by_genome_size	916.5000	0.96548517	0	NA	NA	NA	NA	22513640774	medium	haploid_depth_estimated_from_total_read_bases_and_genome_size;independent_base_error_survival_approximation;phred_scores_treated_as_calibrated_probabilities;genome_background_uniqueness_not_verified
TXF000563	121	121	6676.4361	28.9058	230.9726	27947.6795	1249.1129	69.1198	280.7431	total_read_bases_divided_by_genome_size	6446.0000	0.96548517	0	NA	NA	NA	NA	22513640774	medium	haploid_depth_estimated_from_total_read_bases_and_genome_size;independent_base_error_survival_approximation;phred_scores_treated_as_calibrated_probabilities;genome_background_uniqueness_not_verified
TXF000564	302	127	26.9295	28.9058	0.9316	281.3522	26.9295	0.0000	16.7407	total_read_bases_divided_by_genome_size	26.0000	0.96548517	0	NA	NA	NA	NA	22513640774	medium	haploid_depth_estimated_from_total_read_bases_and_genome_size;independent_base_error_survival_approximation;phred_scores_treated_as_calibrated_probabilities;genome_background_uniqueness_not_verified
TXF000565	660	265	534.4463	28.9058	18.4893	12202.9187	424.6570	0.0358	99.5841	total_read_bases_divided_by_genome_size	516.0000	0.96548517	0	NA	NA	NA	NA	22513640774	medium	haploid_depth_estimated_from_total_read_bases_and_genome_size;independent_base_error_survival_approximation;phred_scores_treated_as_calibrated_probabilities;genome_background_uniqueness_not_verified
TXF000566	152	16	2347.5244	28.9058	81.2130	12344.3832	336.1005	63.1000	135.6238	total_read_bases_divided_by_genome_size	2266.5000	0.96548517	0	NA	NA	NA	NA	22513640774	medium	haploid_depth_estimated_from_total_read_bases_and_genome_size;independent_base_error_survival_approximation;phred_scores_treated_as_calibrated_probabilities;genome_background_uniqueness_not_verified
TXF000567	156	26	1850.3650	28.9058	64.0137	9986.1412	167.2734	49.1793	92.0343	total_read_bases_divided_by_genome_size	1786.5000	0.96548517	0	NA	NA	NA	NA	22513640774	medium	haploid_depth_estimated_from_total_read_bases_and_genome_size;independent_base_error_survival_approximation;phred_scores_treated_as_calibrated_probabilities;genome_background_uniqueness_not_verified
TXF000568	236	140	193.1671	28.9058	6.6827	1577.1061	193.1671	0.0000	41.9592	total_read_bases_divided_by_genome_size	186.5000	0.96548517	0	NA	NA	NA	NA	22513640774	medium	haploid_depth_estimated_from_total_read_bases_and_genome_size;independent_base_error_survival_approximation;phred_scores_treated_as_calibrated_probabilities;genome_background_uniqueness_not_verified
TXF000569	346	240	80.7884	28.9058	2.7949	967.0319	80.7884	0.0000	19.7828	total_read_bases_divided_by_genome_size	78.0000	0.96548517	0	NA	NA	NA	NA	22513640774	medium	haploid_depth_estimated_from_total_read_bases_and_genome_size;independent_base_error_survival_approximation;phred_scores_treated_as_calibrated_probabilities;genome_background_uniqueness_not_verified
TXF000570	144	115	186.4348	28.9058	6.4497	928.7634	186.4348	0.0000	30.9588	total_read_bases_divided_by_genome_size	180.0000	0.96548517	0	NA	NA	NA	NA	22513640774	medium	haploid_depth_estimated_from_total_read_bases_and_genome_size;independent_base_error_survival_approximation;phred_scores_treated_as_calibrated_probabilities;genome_background_uniqueness_not_verified
TXF000571	52	28	180.7381	28.9058	6.2527	325.1388	66.2879	1.7916	14.8810	total_read_bases_divided_by_genome_size	174.5000	0.96548517	0	NA	NA	NA	NA	22513640774	medium	haploid_depth_estimated_from_total_read_bases_and_genome_size;independent_base_error_survival_approximation;phred_scores_treated_as_calibrated_probabilities;genome_background_uniqueness_not_verified
TXF000572	111	39	1191.1110	28.9058	41.2067	4573.9446	459.8724	25.3833	125.0391	total_read_bases_divided_by_genome_size	1150.0000	0.96548517	0	NA	NA	NA	NA	22513640774	medium	haploid_depth_estimated_from_total_read_bases_and_genome_size;independent_base_error_survival_approximation;phred_scores_treated_as_calibrated_probabilities;genome_background_uniqueness_not_verified
TXF000573	62	62	268.7768	28.9058	9.2984	576.4998	88.5565	2.4724	13.2614	total_read_bases_divided_by_genome_size	259.5000	0.96548517	0	NA	NA	NA	NA	22513640774	medium	haploid_depth_estimated_from_total_read_bases_and_genome_size;independent_base_error_survival_approximation;phred_scores_treated_as_calibrated_probabilities;genome_background_uniqueness_not_verified
TXF000574	105	60	427.2463	28.9058	14.7807	1551.9700	308.1352	3.5724	55.4069	total_read_bases_divided_by_genome_size	412.5000	0.96548517	0	NA	NA	NA	NA	22513640774	medium	haploid_depth_estimated_from_total_read_bases_and_genome_size;independent_base_error_survival_approximation;phred_scores_treated_as_calibrated_probabilities;genome_background_uniqueness_not_verified
TXF000575	123	107	451.5864	28.9058	15.6227	1921.5942	388.4058	1.0678	41.6725	total_read_bases_divided_by_genome_size	436.0000	0.96548517	0	NA	NA	NA	NA	22513640774	medium	haploid_depth_estimated_from_total_read_bases_and_genome_size;independent_base_error_survival_approximation;phred_scores_treated_as_calibrated_probabilities;genome_background_uniqueness_not_verified
TXF000576	297	297	64.2164	28.9058	2.2216	659.8090	1.0357	2.0783	2.2932	total_read_bases_divided_by_genome_size	62.0000	0.96548517	0	NA	NA	NA	NA	22513640774	medium	haploid_depth_estimated_from_total_read_bases_and_genome_size;independent_base_error_survival_approximation;phred_scores_treated_as_calibrated_probabilities;genome_background_uniqueness_not_verified
TXF000577	104	78	271.3662	28.9058	9.3880	976.3482	113.9324	2.2932	20.7789	total_read_bases_divided_by_genome_size	262.0000	0.96548517	0	NA	NA	NA	NA	22513640774	medium	haploid_depth_estimated_from_total_read_bases_and_genome_size;independent_base_error_survival_approximation;phred_scores_treated_as_calibrated_probabilities;genome_background_uniqueness_not_verified
TXF000578	101	45	510.6241	28.9058	17.6651	1784.1788	103.5749	4.6940	23.1689	total_read_bases_divided_by_genome_size	493.0000	0.96548517	0	NA	NA	NA	NA	22513640774	medium	haploid_depth_estimated_from_total_read_bases_and_genome_size;independent_base_error_survival_approximation;phred_scores_treated_as_calibrated_probabilities;genome_background_uniqueness_not_verified
TXF000579	97	53	2107.7486	28.9058	72.9180	7073.0419	555.1613	49.4122	360.3186	total_read_bases_divided_by_genome_size	2035.0000	0.96548517	0	NA	NA	NA	NA	22513640774	medium	haploid_depth_estimated_from_total_read_bases_and_genome_size;independent_base_error_survival_approximation;phred_scores_treated_as_calibrated_probabilities;genome_background_uniqueness_not_verified
TXF000580	108	36	3844.6992	28.9058	133.0081	14364.8735	726.3188	13.1682	223.2329	total_read_bases_divided_by_genome_size	3712.0000	0.96548517	0	NA	NA	NA	NA	22513640774	medium	haploid_depth_estimated_from_total_read_bases_and_genome_size;independent_base_error_survival_approximation;phred_scores_treated_as_calibrated_probabilities;genome_background_uniqueness_not_verified
TXF000581	129	129	276.5449	28.9058	9.5671	1234.1588	94.2531	1.4691	17.7368	total_read_bases_divided_by_genome_size	267.0000	0.96548517	0	NA	NA	NA	NA	22513640774	medium	haploid_depth_estimated_from_total_read_bases_and_genome_size;independent_base_error_survival_approximation;phred_scores_treated_as_calibrated_probabilities;genome_background_uniqueness_not_verified
TXF000582	49	31	1301.9361	28.9058	45.0407	2206.9955	460.9082	19.3134	83.7392	total_read_bases_divided_by_genome_size	1257.0000	0.96548517	0	NA	NA	NA	NA	22513640774	medium	haploid_depth_estimated_from_total_read_bases_and_genome_size;independent_base_error_survival_approximation;phred_scores_treated_as_calibrated_probabilities;genome_background_uniqueness_not_verified
TXF000583	47	22	567.5903	28.9058	19.6359	922.8869	379.6019	6.5214	56.0877	total_read_bases_divided_by_genome_size	548.0000	0.96548517	0	NA	NA	NA	NA	22513640774	medium	haploid_depth_estimated_from_total_read_bases_and_genome_size;independent_base_error_survival_approximation;phred_scores_treated_as_calibrated_probabilities;genome_background_uniqueness_not_verified
TXF000584	78	71	60.0734	28.9058	2.0783	162.1036	40.3942	0.0000	5.1956	total_read_bases_divided_by_genome_size	58.0000	0.96548517	0	NA	NA	NA	NA	22513640774	medium	haploid_depth_estimated_from_total_read_bases_and_genome_size;independent_base_error_survival_approximation;phred_scores_treated_as_calibrated_probabilities;genome_background_uniqueness_not_verified
TXF000585	129	94	432.9430	28.9058	14.9777	1932.1288	135.6831	8.2772	32.2129	total_read_bases_divided_by_genome_size	418.0000	0.96548517	0	NA	NA	NA	NA	22513640774	medium	haploid_depth_estimated_from_total_read_bases_and_genome_size;independent_base_error_survival_approximation;phred_scores_treated_as_calibrated_probabilities;genome_background_uniqueness_not_verified
TXF000586	47	17	1694.4849	28.9058	58.6210	2755.1880	519.9458	34.2267	77.6191	total_read_bases_divided_by_genome_size	1636.0000	0.96548517	0	NA	NA	NA	NA	22513640774	medium	haploid_depth_estimated_from_total_read_bases_and_genome_size;independent_base_error_survival_approximation;phred_scores_treated_as_calibrated_probabilities;genome_background_uniqueness_not_verified
TXF000587	55	18	2395.1689	28.9058	82.8613	4557.3723	299.3314	71.3091	101.5477	total_read_bases_divided_by_genome_size	2312.5000	0.96548517	0	NA	NA	NA	NA	22513640774	medium	haploid_depth_estimated_from_total_read_bases_and_genome_size;independent_base_error_survival_approximation;phred_scores_treated_as_calibrated_probabilities;genome_background_uniqueness_not_verified
TXF000588	133	133	146.0406	28.9058	5.0523	671.9560	47.6444	2.8737	9.9971	total_read_bases_divided_by_genome_size	141.0000	0.96548517	0	NA	NA	NA	NA	22513640774	medium	haploid_depth_estimated_from_total_read_bases_and_genome_size;independent_base_error_survival_approximation;phred_scores_treated_as_calibrated_probabilities;genome_background_uniqueness_not_verified
TXF000589	47	23	3186.9987	28.9058	110.2548	5181.9765	1215.9690	51.0892	196.1726	total_read_bases_divided_by_genome_size	3077.0000	0.96548517	0	NA	NA	NA	NA	22513640774	medium	haploid_depth_estimated_from_total_read_bases_and_genome_size;independent_base_error_survival_approximation;phred_scores_treated_as_calibrated_probabilities;genome_background_uniqueness_not_verified
TXF000590	99	51	194.7208	28.9058	6.7364	666.9037	194.7208	0.0000	93.3780	total_read_bases_divided_by_genome_size	188.0000	0.96548517	0	NA	NA	NA	NA	22513640774	medium	haploid_depth_estimated_from_total_read_bases_and_genome_size;independent_base_error_survival_approximation;phred_scores_treated_as_calibrated_probabilities;genome_background_uniqueness_not_verified
TXF000591	52	40	418.4425	28.9058	14.4761	752.7570	72.5024	11.6095	57.0122	total_read_bases_divided_by_genome_size	404.0000	0.96548517	0	NA	NA	NA	NA	22513640774	medium	haploid_depth_estimated_from_total_read_bases_and_genome_size;independent_base_error_survival_approximation;phred_scores_treated_as_calibrated_probabilities;genome_background_uniqueness_not_verified
TXF000592	47	35	814.0985	28.9058	28.1639	1323.7028	609.0202	4.3787	98.8173	total_read_bases_divided_by_genome_size	786.0000	0.96548517	0	NA	NA	NA	NA	22513640774	medium	haploid_depth_estimated_from_total_read_bases_and_genome_size;independent_base_error_survival_approximation;phred_scores_treated_as_calibrated_probabilities;genome_background_uniqueness_not_verified
TXF000593	102	96	95.8068	28.9058	3.3145	338.0742	87.0029	0.0000	10.8392	total_read_bases_divided_by_genome_size	92.5000	0.96548517	0	NA	NA	NA	NA	22513640774	medium	haploid_depth_estimated_from_total_read_bases_and_genome_size;independent_base_error_survival_approximation;phred_scores_treated_as_calibrated_probabilities;genome_background_uniqueness_not_verified
TXF000594	66	48	592.9661	28.9058	20.5138	1353.9091	188.5063	14.5048	36.6274	total_read_bases_divided_by_genome_size	572.5000	0.96548517	0	NA	NA	NA	NA	22513640774	medium	haploid_depth_estimated_from_total_read_bases_and_genome_size;independent_base_error_survival_approximation;phred_scores_treated_as_calibrated_probabilities;genome_background_uniqueness_not_verified
TXF000595	82	49	134.6473	28.9058	4.6581	381.9683	45.5729	2.8451	18.6469	total_read_bases_divided_by_genome_size	130.0000	0.96548517	0	NA	NA	NA	NA	22513640774	medium	haploid_depth_estimated_from_total_read_bases_and_genome_size;independent_base_error_survival_approximation;phred_scores_treated_as_calibrated_probabilities;genome_background_uniqueness_not_verified
TXF000596	109	42	69.9130	28.9058	2.4187	263.6334	17.0899	1.7235	7.5140	total_read_bases_divided_by_genome_size	67.5000	0.96548517	0	NA	NA	NA	NA	22513640774	medium	haploid_depth_estimated_from_total_read_bases_and_genome_size;independent_base_error_survival_approximation;phred_scores_treated_as_calibrated_probabilities;genome_background_uniqueness_not_verified
TXF000597	52	32	451.0686	28.9058	15.6048	811.4497	266.7053	6.2706	50.5373	total_read_bases_divided_by_genome_size	435.5000	0.96548517	0	NA	NA	NA	NA	22513640774	medium	haploid_depth_estimated_from_total_read_bases_and_genome_size;independent_base_error_survival_approximation;phred_scores_treated_as_calibrated_probabilities;genome_background_uniqueness_not_verified
TXF000598	47	23	743.6676	28.9058	25.7273	1209.1840	604.8772	4.4862	55.4248	total_read_bases_divided_by_genome_size	718.0000	0.96548517	0	NA	NA	NA	NA	22513640774	medium	haploid_depth_estimated_from_total_read_bases_and_genome_size;independent_base_error_survival_approximation;phred_scores_treated_as_calibrated_probabilities;genome_background_uniqueness_not_verified
TXF000599	62	62	485.2483	28.9058	16.7873	1040.8098	141.8976	10.4235	28.0636	total_read_bases_divided_by_genome_size	468.5000	0.96548517	0	NA	NA	NA	NA	22513640774	medium	haploid_depth_estimated_from_total_read_bases_and_genome_size;independent_base_error_survival_approximation;phred_scores_treated_as_calibrated_probabilities;genome_background_uniqueness_not_verified
TXF000600	64	30	486.2840	28.9058	16.8231	1076.6775	74.0560	12.2151	24.6237	total_read_bases_divided_by_genome_size	469.5000	0.96548517	0	NA	NA	NA	NA	22513640774	medium	haploid_depth_estimated_from_total_read_bases_and_genome_size;independent_base_error_survival_approximation;phred_scores_treated_as_calibrated_probabilities;genome_background_uniqueness_not_verified
TXF000601	131	131	94.2531	28.9058	3.2607	427.1523	63.1807	0.9675	6.8439	total_read_bases_divided_by_genome_size	91.0000	0.96548517	0	NA	NA	NA	NA	22513640774	medium	haploid_depth_estimated_from_total_read_bases_and_genome_size;independent_base_error_survival_approximation;phred_scores_treated_as_calibrated_probabilities;genome_background_uniqueness_not_verified
TXF000602	36	0	0.0000	28.9058	0.0000	0.0000	0.0000	0.0000	0.0000	total_read_bases_divided_by_genome_size	0.0000	0.96548517	0	NA	NA	NA	NA	22513640774	low	haploid_depth_estimated_from_total_read_bases_and_genome_size;independent_base_error_survival_approximation;phred_scores_treated_as_calibrated_probabilities;no_diagnostic_kmers
TXF000603	79	58	0.0000	28.9058	0.0000	0.0000	0.0000	0.0000	20.8900	total_read_bases_divided_by_genome_size	0.0000	0.96548517	0	NA	NA	NA	NA	22513640774	medium	haploid_depth_estimated_from_total_read_bases_and_genome_size;independent_base_error_survival_approximation;phred_scores_treated_as_calibrated_probabilities;genome_background_uniqueness_not_verified
TXF000604	56	31	359.4048	28.9058	12.4337	696.2859	187.4705	3.0815	22.3591	total_read_bases_divided_by_genome_size	347.0000	0.96548517	0	NA	NA	NA	NA	22513640774	medium	haploid_depth_estimated_from_total_read_bases_and_genome_size;independent_base_error_survival_approximation;phred_scores_treated_as_calibrated_probabilities;genome_background_uniqueness_not_verified
TXF000605	124	124	90.1101	28.9058	3.1174	386.5548	48.6802	1.4333	32.2846	total_read_bases_divided_by_genome_size	87.0000	0.96548517	0	NA	NA	NA	NA	22513640774	medium	haploid_depth_estimated_from_total_read_bases_and_genome_size;independent_base_error_survival_approximation;phred_scores_treated_as_calibrated_probabilities;genome_background_uniqueness_not_verified
TXF000606	86	45	266.1874	28.9058	9.2088	791.9571	192.6493	2.5441	47.8141	total_read_bases_divided_by_genome_size	257.0000	0.96548517	0	NA	NA	NA	NA	22513640774	medium	haploid_depth_estimated_from_total_read_bases_and_genome_size;independent_base_error_survival_approximation;phred_scores_treated_as_calibrated_probabilities;genome_background_uniqueness_not_verified
TXF000607	58	50	605.3951	28.9058	20.9438	1214.7379	186.9526	12.9282	38.9780	total_read_bases_divided_by_genome_size	584.5000	0.96548517	0	NA	NA	NA	NA	22513640774	medium	haploid_depth_estimated_from_total_read_bases_and_genome_size;independent_base_error_survival_approximation;phred_scores_treated_as_calibrated_probabilities;genome_background_uniqueness_not_verified
TXF000608	70	22	966.8714	28.9058	33.4491	2341.4368	418.4425	1.5766	48.7135	total_read_bases_divided_by_genome_size	933.5000	0.96548517	0	NA	NA	NA	NA	22513640774	medium	haploid_depth_estimated_from_total_read_bases_and_genome_size;independent_base_error_survival_approximation;phred_scores_treated_as_calibrated_probabilities;genome_background_uniqueness_not_verified
TXF000609	120	72	50.2338	28.9058	1.7378	208.5418	23.3043	0.0000	16.5902	total_read_bases_divided_by_genome_size	48.5000	0.96548517	0	NA	NA	NA	NA	22513640774	medium	haploid_depth_estimated_from_total_read_bases_and_genome_size;independent_base_error_survival_approximation;phred_scores_treated_as_calibrated_probabilities;genome_background_uniqueness_not_verified
TXF000610	64	64	104.6106	28.9058	3.6190	231.6175	62.6628	1.7558	15.1247	total_read_bases_divided_by_genome_size	101.0000	0.96548517	0	NA	NA	NA	NA	22513640774	medium	haploid_depth_estimated_from_total_read_bases_and_genome_size;independent_base_error_survival_approximation;phred_scores_treated_as_calibrated_probabilities;genome_background_uniqueness_not_verified
TXF000611	43	38	70.4309	28.9058	2.4366	104.7725	54.8947	0.0000	27.8522	total_read_bases_divided_by_genome_size	68.0000	0.96548517	0	NA	NA	NA	NA	22513640774	medium	haploid_depth_estimated_from_total_read_bases_and_genome_size;independent_base_error_survival_approximation;phred_scores_treated_as_calibrated_probabilities;genome_background_uniqueness_not_verified
TXF000612	114	114	81.3063	28.9058	2.8128	320.6599	81.3063	0.0000	9.3880	total_read_bases_divided_by_genome_size	78.5000	0.96548517	0	NA	NA	NA	NA	22513640774	medium	haploid_depth_estimated_from_total_read_bases_and_genome_size;independent_base_error_survival_approximation;phred_scores_treated_as_calibrated_probabilities;genome_background_uniqueness_not_verified
TXF000613	58	42	1779.4163	28.9058	61.5592	3570.4359	845.1709	11.5988	111.5698	total_read_bases_divided_by_genome_size	1718.0000	0.96548517	0	NA	NA	NA	NA	22513640774	medium	haploid_depth_estimated_from_total_read_bases_and_genome_size;independent_base_error_survival_approximation;phred_scores_treated_as_calibrated_probabilities;genome_background_uniqueness_not_verified
TXF000614	38	22	970.4965	28.9058	33.5745	1275.8314	166.7555	28.0170	50.8849	total_read_bases_divided_by_genome_size	937.0000	0.96548517	0	NA	NA	NA	NA	22513640774	medium	haploid_depth_estimated_from_total_read_bases_and_genome_size;independent_base_error_survival_approximation;phred_scores_treated_as_calibrated_probabilities;genome_background_uniqueness_not_verified
TXF000615	64	35	290.0096	28.9058	10.0329	642.1080	51.7874	6.3781	26.3866	total_read_bases_divided_by_genome_size	280.0000	0.96548517	0	NA	NA	NA	NA	22513640774	medium	haploid_depth_estimated_from_total_read_bases_and_genome_size;independent_base_error_survival_approximation;phred_scores_treated_as_calibrated_probabilities;genome_background_uniqueness_not_verified
TXF000616	56	24	70.9488	28.9058	2.4545	137.4512	70.9488	0.1397	22.8070	total_read_bases_divided_by_genome_size	68.5000	0.96548517	0	NA	NA	NA	NA	22513640774	medium	haploid_depth_estimated_from_total_read_bases_and_genome_size;independent_base_error_survival_approximation;phred_scores_treated_as_calibrated_probabilities;genome_background_uniqueness_not_verified
TXF000617	107	107	47.6444	28.9058	1.6483	176.3647	17.6077	0.5016	2.5082	total_read_bases_divided_by_genome_size	46.0000	0.96548517	0	NA	NA	NA	NA	22513640774	medium	haploid_depth_estimated_from_total_read_bases_and_genome_size;independent_base_error_survival_approximation;phred_scores_treated_as_calibrated_probabilities;genome_background_uniqueness_not_verified
TXF000618	55	21	459.8724	28.9058	15.9094	875.0155	269.2947	4.3357	62.1684	total_read_bases_divided_by_genome_size	444.0000	0.96548517	0	NA	NA	NA	NA	22513640774	medium	haploid_depth_estimated_from_total_read_bases_and_genome_size;independent_base_error_survival_approximation;phred_scores_treated_as_calibrated_probabilities;genome_background_uniqueness_not_verified
TXF000619	50	21	841.0279	28.9058	29.0955	1454.7760	206.1140	21.9650	53.5687	total_read_bases_divided_by_genome_size	812.0000	0.96548517	0	NA	NA	NA	NA	22513640774	medium	haploid_depth_estimated_from_total_read_bases_and_genome_size;independent_base_error_survival_approximation;phred_scores_treated_as_calibrated_probabilities;genome_background_uniqueness_not_verified
TXF000620	55	27	727.0956	28.9058	25.1540	1383.4704	435.0145	5.9051	252.6079	total_read_bases_divided_by_genome_size	702.0000	0.96548517	0	NA	NA	NA	NA	22513640774	medium	haploid_depth_estimated_from_total_read_bases_and_genome_size;independent_base_error_survival_approximation;phred_scores_treated_as_calibrated_probabilities;genome_background_uniqueness_not_verified
TXF000621	85	79	180.2203	28.9058	6.2348	529.9541	100.4676	1.1108	9.7176	total_read_bases_divided_by_genome_size	174.0000	0.96548517	0	NA	NA	NA	NA	22513640774	medium	haploid_depth_estimated_from_total_read_bases_and_genome_size;independent_base_error_survival_approximation;phred_scores_treated_as_calibrated_probabilities;genome_background_uniqueness_not_verified
TXF000622	41	30	941.4956	28.9058	32.5712	1335.4198	346.4579	20.0336	114.7732	total_read_bases_divided_by_genome_size	909.0000	0.96548517	0	NA	NA	NA	NA	22513640774	medium	haploid_depth_estimated_from_total_read_bases_and_genome_size;independent_base_error_survival_approximation;phred_scores_treated_as_calibrated_probabilities;genome_background_uniqueness_not_verified
TXF000623	55	49	95.2889	28.9058	3.2965	181.3095	95.2889	0.0000	14.6194	total_read_bases_divided_by_genome_size	92.0000	0.96548517	0	NA	NA	NA	NA	22513640774	medium	haploid_depth_estimated_from_total_read_bases_and_genome_size;independent_base_error_survival_approximation;phred_scores_treated_as_calibrated_probabilities;genome_background_uniqueness_not_verified
TXF000624	63	27	328.3323	28.9058	11.3587	715.5993	38.3227	9.8108	14.5549	total_read_bases_divided_by_genome_size	317.0000	0.96548517	0	NA	NA	NA	NA	22513640774	medium	haploid_depth_estimated_from_total_read_bases_and_genome_size;independent_base_error_survival_approximation;phred_scores_treated_as_calibrated_probabilities;genome_background_uniqueness_not_verified
TXF000625	96	96	609.0202	28.9058	21.0692	2022.6402	258.4193	11.6095	32.8220	total_read_bases_divided_by_genome_size	588.0000	0.96548517	0	NA	NA	NA	NA	22513640774	medium	haploid_depth_estimated_from_total_read_bases_and_genome_size;independent_base_error_survival_approximation;phred_scores_treated_as_calibrated_probabilities;genome_background_uniqueness_not_verified
TXF000626	85	24	49.7159	28.9058	1.7199	146.1942	17.6077	1.1466	46.2447	total_read_bases_divided_by_genome_size	48.0000	0.96548517	0	NA	NA	NA	NA	22513640774	medium	haploid_depth_estimated_from_total_read_bases_and_genome_size;independent_base_error_survival_approximation;phred_scores_treated_as_calibrated_probabilities;genome_background_uniqueness_not_verified
TXF000627	35	7	627.0423	28.9058	21.6926	759.2426	0.4143	21.0849	21.7070	total_read_bases_divided_by_genome_size	605.4000	0.96548517	0	NA	NA	NA	NA	22513640774	medium	haploid_depth_estimated_from_total_read_bases_and_genome_size;independent_base_error_survival_approximation;phred_scores_treated_as_calibrated_probabilities;genome_background_uniqueness_not_verified
TXF000628	86	86	99.9497	28.9058	3.4578	297.3691	26.4116	0.5016	4.8731	total_read_bases_divided_by_genome_size	96.5000	0.96548517	0	NA	NA	NA	NA	22513640774	medium	haploid_depth_estimated_from_total_read_bases_and_genome_size;independent_base_error_survival_approximation;phred_scores_treated_as_calibrated_probabilities;genome_background_uniqueness_not_verified
TXF000629	43	37	332.4753	28.9058	11.5020	494.5880	167.7913	4.8230	27.7841	total_read_bases_divided_by_genome_size	321.0000	0.96548517	0	NA	NA	NA	NA	22513640774	medium	haploid_depth_estimated_from_total_read_bases_and_genome_size;independent_base_error_survival_approximation;phred_scores_treated_as_calibrated_probabilities;genome_background_uniqueness_not_verified
TXF000630	84	44	222.1681	28.9058	7.6859	645.6195	214.4000	0.0000	28.7121	total_read_bases_divided_by_genome_size	214.5000	0.96548517	0	NA	NA	NA	NA	22513640774	medium	haploid_depth_estimated_from_total_read_bases_and_genome_size;independent_base_error_survival_approximation;phred_scores_treated_as_calibrated_probabilities;genome_background_uniqueness_not_verified
TXF000631	85	54	298.2956	28.9058	10.3196	877.1654	243.9188	1.3616	123.1686	total_read_bases_divided_by_genome_size	288.0000	0.96548517	0	NA	NA	NA	NA	22513640774	medium	haploid_depth_estimated_from_total_read_bases_and_genome_size;independent_base_error_survival_approximation;phred_scores_treated_as_calibrated_probabilities;genome_background_uniqueness_not_verified
TXF000632	53	24	213.8821	28.9058	7.3993	392.1625	32.1082	5.7331	8.9150	total_read_bases_divided_by_genome_size	206.5000	0.96548517	0	NA	NA	NA	NA	22513640774	medium	haploid_depth_estimated_from_total_read_bases_and_genome_size;independent_base_error_survival_approximation;phred_scores_treated_as_calibrated_probabilities;genome_background_uniqueness_not_verified
TXF000633	85	42	51.7874	28.9058	1.7916	152.2857	17.6077	1.1825	30.4679	total_read_bases_divided_by_genome_size	50.0000	0.96548517	0	NA	NA	NA	NA	22513640774	medium	haploid_depth_estimated_from_total_read_bases_and_genome_size;independent_base_error_survival_approximation;phred_scores_treated_as_calibrated_probabilities;genome_background_uniqueness_not_verified
TXF000634	85	40	151.7372	28.9058	5.2494	446.1970	41.9478	2.4222	7.3133	total_read_bases_divided_by_genome_size	146.5000	0.96548517	0	NA	NA	NA	NA	22513640774	medium	haploid_depth_estimated_from_total_read_bases_and_genome_size;independent_base_error_survival_approximation;phred_scores_treated_as_calibrated_probabilities;genome_background_uniqueness_not_verified
TXF000635	59	22	47.6444	28.9058	1.6483	97.2478	47.6444	0.0000	11.2011	total_read_bases_divided_by_genome_size	46.0000	0.96548517	0	NA	NA	NA	NA	22513640774	medium	haploid_depth_estimated_from_total_read_bases_and_genome_size;independent_base_error_survival_approximation;phred_scores_treated_as_calibrated_probabilities;genome_background_uniqueness_not_verified
TXF000636	34	34	209.2212	28.9058	7.2380	246.0936	116.0039	0.7166	13.4047	total_read_bases_divided_by_genome_size	202.0000	0.96548517	0	NA	NA	NA	NA	22513640774	medium	haploid_depth_estimated_from_total_read_bases_and_genome_size;independent_base_error_survival_approximation;phred_scores_treated_as_calibrated_probabilities;genome_background_uniqueness_not_verified
TXF000637	49	21	257.9014	28.9058	8.9221	437.1853	83.8956	5.9481	22.6816	total_read_bases_divided_by_genome_size	249.0000	0.96548517	0	NA	NA	NA	NA	22513640774	medium	haploid_depth_estimated_from_total_read_bases_and_genome_size;independent_base_error_survival_approximation;phred_scores_treated_as_calibrated_probabilities;genome_background_uniqueness_not_verified
TXF000638	83	58	112.8966	28.9058	3.9057	324.1714	69.3952	0.5518	18.7186	total_read_bases_divided_by_genome_size	109.0000	0.96548517	0	NA	NA	NA	NA	22513640774	medium	haploid_depth_estimated_from_total_read_bases_and_genome_size;independent_base_error_survival_approximation;phred_scores_treated_as_calibrated_probabilities;genome_background_uniqueness_not_verified
TXF000639	83	83	127.3971	28.9058	4.4073	365.8081	102.5391	0.8600	11.9034	total_read_bases_divided_by_genome_size	123.0000	0.96548517	0	NA	NA	NA	NA	22513640774	medium	haploid_depth_estimated_from_total_read_bases_and_genome_size;independent_base_error_survival_approximation;phred_scores_treated_as_calibrated_probabilities;genome_background_uniqueness_not_verified
TXF000640	41	37	275.5092	28.9058	9.5313	390.7829	275.5092	0.0000	32.4709	total_read_bases_divided_by_genome_size	266.0000	0.96548517	0	NA	NA	NA	NA	22513640774	medium	haploid_depth_estimated_from_total_read_bases_and_genome_size;independent_base_error_survival_approximation;phred_scores_treated_as_calibrated_probabilities;genome_background_uniqueness_not_verified
TXF000641	81	81	208.1855	28.9058	7.2022	583.3795	39.3585	3.1532	8.0980	total_read_bases_divided_by_genome_size	201.0000	0.96548517	0	NA	NA	NA	NA	22513640774	medium	haploid_depth_estimated_from_total_read_bases_and_genome_size;independent_base_error_survival_approximation;phred_scores_treated_as_calibrated_probabilities;genome_background_uniqueness_not_verified
TXF000642	54	54	8965.9586	28.9058	310.1790	16749.6669	1392.0462	156.2953	404.5818	total_read_bases_divided_by_genome_size	8656.5000	0.96548517	0	NA	NA	NA	NA	22513640774	medium	haploid_depth_estimated_from_total_read_bases_and_genome_size;independent_base_error_survival_approximation;phred_scores_treated_as_calibrated_probabilities;genome_background_uniqueness_not_verified
TXF000643	54	38	532.3748	28.9058	18.4176	994.5508	135.6831	2.2216	68.2025	total_read_bases_divided_by_genome_size	514.0000	0.96548517	0	NA	NA	NA	NA	22513640774	medium	haploid_depth_estimated_from_total_read_bases_and_genome_size;independent_base_error_survival_approximation;phred_scores_treated_as_calibrated_probabilities;genome_background_uniqueness_not_verified
TXF000644	50	39	195.7565	28.9058	6.7722	338.6116	195.7565	0.7811	49.5412	total_read_bases_divided_by_genome_size	189.0000	0.96548517	0	NA	NA	NA	NA	22513640774	medium	haploid_depth_estimated_from_total_read_bases_and_genome_size;independent_base_error_survival_approximation;phred_scores_treated_as_calibrated_probabilities;genome_background_uniqueness_not_verified
TXF000645	30	30	1354.7593	28.9058	46.8682	1406.0445	663.9149	22.9181	390.1093	total_read_bases_divided_by_genome_size	1308.0000	0.96548517	0	NA	NA	NA	NA	22513640774	medium	haploid_depth_estimated_from_total_read_bases_and_genome_size;independent_base_error_survival_approximation;phred_scores_treated_as_calibrated_probabilities;genome_background_uniqueness_not_verified
TXF000646	58	58	226.3111	28.9058	7.8293	454.0979	226.3111	0.0000	32.6715	total_read_bases_divided_by_genome_size	218.5000	0.96548517	0	NA	NA	NA	NA	22513640774	medium	haploid_depth_estimated_from_total_read_bases_and_genome_size;independent_base_error_survival_approximation;phred_scores_treated_as_calibrated_probabilities;genome_background_uniqueness_not_verified
TXF000647	41	37	0.0000	28.9058	0.0000	0.0000	0.0000	0.0000	63.1932	total_read_bases_divided_by_genome_size	0.0000	0.96548517	0	NA	NA	NA	NA	22513640774	medium	haploid_depth_estimated_from_total_read_bases_and_genome_size;independent_base_error_survival_approximation;phred_scores_treated_as_calibrated_probabilities;genome_background_uniqueness_not_verified
TXF000648	46	41	275.5092	28.9058	9.5313	438.4394	149.1478	4.4073	100.1860	total_read_bases_divided_by_genome_size	266.0000	0.96548517	0	NA	NA	NA	NA	22513640774	medium	haploid_depth_estimated_from_total_read_bases_and_genome_size;independent_base_error_survival_approximation;phred_scores_treated_as_calibrated_probabilities;genome_background_uniqueness_not_verified
TXF000649	32	32	282.7594	28.9058	9.7821	313.0277	82.8599	3.5832	12.3871	total_read_bases_divided_by_genome_size	273.0000	0.96548517	0	NA	NA	NA	NA	22513640774	medium	haploid_depth_estimated_from_total_read_bases_and_genome_size;independent_base_error_survival_approximation;phred_scores_treated_as_calibrated_probabilities;genome_background_uniqueness_not_verified
TXF000650	44	25	432.9430	28.9058	14.9777	659.0207	408.0850	0.9101	57.1806	total_read_bases_divided_by_genome_size	418.0000	0.96548517	0	NA	NA	NA	NA	22513640774	medium	haploid_depth_estimated_from_total_read_bases_and_genome_size;independent_base_error_survival_approximation;phred_scores_treated_as_calibrated_probabilities;genome_background_uniqueness_not_verified
TXF000651	59	39	342.8328	28.9058	11.8604	699.7616	277.5807	3.5545	57.7252	total_read_bases_divided_by_genome_size	331.0000	0.96548517	0	NA	NA	NA	NA	22513640774	medium	haploid_depth_estimated_from_total_read_bases_and_genome_size;independent_base_error_survival_approximation;phred_scores_treated_as_calibrated_probabilities;genome_background_uniqueness_not_verified
TXF000652	65	65	142.9333	28.9058	4.9448	321.4123	14.5005	0.0000	5.4465	total_read_bases_divided_by_genome_size	138.0000	0.96548517	0	NA	NA	NA	NA	22513640774	medium	haploid_depth_estimated_from_total_read_bases_and_genome_size;independent_base_error_survival_approximation;phred_scores_treated_as_calibrated_probabilities;genome_background_uniqueness_not_verified
TXF000653	55	51	14082.0393	28.9058	487.1708	26794.3933	2379.1148	407.3014	804.5699	total_read_bases_divided_by_genome_size	13596.0000	0.96548517	0	NA	NA	NA	NA	22513640774	medium	haploid_depth_estimated_from_total_read_bases_and_genome_size;independent_base_error_survival_approximation;phred_scores_treated_as_calibrated_probabilities;genome_background_uniqueness_not_verified
TXF000654	48	0	0.0000	28.9058	0.0000	0.0000	0.0000	0.0000	0.0000	total_read_bases_divided_by_genome_size	0.0000	0.96548517	0	NA	NA	NA	NA	22513640774	low	haploid_depth_estimated_from_total_read_bases_and_genome_size;independent_base_error_survival_approximation;phred_scores_treated_as_calibrated_probabilities;no_diagnostic_kmers
TXF000655	41	30	550.5004	28.9058	19.0447	780.8313	124.8077	14.2969	40.0171	total_read_bases_divided_by_genome_size	531.5000	0.96548517	0	NA	NA	NA	NA	22513640774	medium	haploid_depth_estimated_from_total_read_bases_and_genome_size;independent_base_error_survival_approximation;phred_scores_treated_as_calibrated_probabilities;genome_background_uniqueness_not_verified
TXF000656	63	63	140.8618	28.9058	4.8731	307.0079	9.3217	0.0000	5.5898	total_read_bases_divided_by_genome_size	136.0000	0.96548517	0	NA	NA	NA	NA	22513640774	medium	haploid_depth_estimated_from_total_read_bases_and_genome_size;independent_base_error_survival_approximation;phred_scores_treated_as_calibrated_probabilities;genome_background_uniqueness_not_verified
TXF000657	40	40	29.0010	28.9058	1.0033	40.1318	29.0010	0.0000	30.1741	total_read_bases_divided_by_genome_size	28.0000	0.96548517	0	NA	NA	NA	NA	22513640774	medium	haploid_depth_estimated_from_total_read_bases_and_genome_size;independent_base_error_survival_approximation;phred_scores_treated_as_calibrated_probabilities;genome_background_uniqueness_not_verified
TXF000658	42	40	136.7188	28.9058	4.7298	198.6522	81.3063	1.8633	30.7832	total_read_bases_divided_by_genome_size	132.0000	0.96548517	0	NA	NA	NA	NA	22513640774	medium	haploid_depth_estimated_from_total_read_bases_and_genome_size;independent_base_error_survival_approximation;phred_scores_treated_as_calibrated_probabilities;genome_background_uniqueness_not_verified
TXF000659	42	42	273.4377	28.9058	9.4596	397.3043	52.3053	6.9084	11.6812	total_read_bases_divided_by_genome_size	264.0000	0.96548517	0	NA	NA	NA	NA	22513640774	medium	haploid_depth_estimated_from_total_read_bases_and_genome_size;independent_base_error_survival_approximation;phred_scores_treated_as_calibrated_probabilities;genome_background_uniqueness_not_verified
TXF000660	48	7	745.7391	28.9058	25.7990	1238.3512	134.1295	16.7908	32.3849	total_read_bases_divided_by_genome_size	720.0000	0.96548517	0	NA	NA	NA	NA	22513640774	medium	haploid_depth_estimated_from_total_read_bases_and_genome_size;independent_base_error_survival_approximation;phred_scores_treated_as_calibrated_probabilities;genome_background_uniqueness_not_verified
TXF000661	42	37	259.9729	28.9058	8.9938	377.7401	41.4299	2.9239	11.7242	total_read_bases_divided_by_genome_size	251.0000	0.96548517	0	NA	NA	NA	NA	22513640774	medium	haploid_depth_estimated_from_total_read_bases_and_genome_size;independent_base_error_survival_approximation;phred_scores_treated_as_calibrated_probabilities;genome_background_uniqueness_not_verified
TXF000662	62	62	349.5652	28.9058	12.0933	749.7829	2.5894	4.0490	12.1829	total_read_bases_divided_by_genome_size	337.5000	0.96548517	0	NA	NA	NA	NA	22513640774	medium	haploid_depth_estimated_from_total_read_bases_and_genome_size;independent_base_error_survival_approximation;phred_scores_treated_as_calibrated_probabilities;genome_background_uniqueness_not_verified
TXF000663	48	36	188.5063	28.9058	6.5214	313.0277	188.5063	0.0000	241.5071	total_read_bases_divided_by_genome_size	182.0000	0.96548517	0	NA	NA	NA	NA	22513640774	medium	haploid_depth_estimated_from_total_read_bases_and_genome_size;independent_base_error_survival_approximation;phred_scores_treated_as_calibrated_probabilities;genome_background_uniqueness_not_verified
TXF000664	57	42	329.3681	28.9058	11.3946	649.4894	329.3681	0.0000	69.1914	total_read_bases_divided_by_genome_size	318.0000	0.96548517	0	NA	NA	NA	NA	22513640774	medium	haploid_depth_estimated_from_total_read_bases_and_genome_size;independent_base_error_survival_approximation;phred_scores_treated_as_calibrated_probabilities;genome_background_uniqueness_not_verified
TXF000665	41	30	3331.4857	28.9058	115.2534	4725.3882	405.4956	89.1785	155.3565	total_read_bases_divided_by_genome_size	3216.5000	0.96548517	0	NA	NA	NA	NA	22513640774	medium	haploid_depth_estimated_from_total_read_bases_and_genome_size;independent_base_error_survival_approximation;phred_scores_treated_as_calibrated_probabilities;genome_background_uniqueness_not_verified
TXF000666	55	49	1648.9119	28.9058	57.0444	3137.4429	103.5749	0.0000	60.8426	total_read_bases_divided_by_genome_size	1592.0000	0.96548517	0	NA	NA	NA	NA	22513640774	medium	haploid_depth_estimated_from_total_read_bases_and_genome_size;independent_base_error_survival_approximation;phred_scores_treated_as_calibrated_probabilities;genome_background_uniqueness_not_verified
TXF000667	47	20	2.5894	28.9058	0.0896	4.2103	2.5894	0.0000	125.6733	total_read_bases_divided_by_genome_size	2.5000	0.96548517	0	NA	NA	NA	NA	22513640774	medium	haploid_depth_estimated_from_total_read_bases_and_genome_size;independent_base_error_survival_approximation;phred_scores_treated_as_calibrated_probabilities;genome_background_uniqueness_not_verified
TXF000668	54	43	423.6212	28.9058	14.6553	791.3838	271.3662	3.8340	23.8211	total_read_bases_divided_by_genome_size	409.0000	0.96548517	0	NA	NA	NA	NA	22513640774	medium	haploid_depth_estimated_from_total_read_bases_and_genome_size;independent_base_error_survival_approximation;phred_scores_treated_as_calibrated_probabilities;genome_background_uniqueness_not_verified
TXF000669	48	4	1039.3738	28.9058	35.9573	1725.9519	17.6077	34.6889	36.5736	total_read_bases_divided_by_genome_size	1003.5000	0.96548517	0	NA	NA	NA	NA	22513640774	medium	haploid_depth_estimated_from_total_read_bases_and_genome_size;independent_base_error_survival_approximation;phred_scores_treated_as_calibrated_probabilities;genome_background_uniqueness_not_verified
TXF000670	48	42	158.4696	28.9058	5.4823	263.1496	158.4696	0.0000	16.6798	total_read_bases_divided_by_genome_size	153.0000	0.96548517	0	NA	NA	NA	NA	22513640774	medium	haploid_depth_estimated_from_total_read_bases_and_genome_size;independent_base_error_survival_approximation;phred_scores_treated_as_calibrated_probabilities;genome_background_uniqueness_not_verified
TXF000671	51	23	31.0725	28.9058	1.0750	54.8228	31.0725	0.0000	302.4142	total_read_bases_divided_by_genome_size	30.0000	0.96548517	0	NA	NA	NA	NA	22513640774	medium	haploid_depth_estimated_from_total_read_bases_and_genome_size;independent_base_error_survival_approximation;phred_scores_treated_as_calibrated_probabilities;genome_background_uniqueness_not_verified
TXF000672	42	42	161.5768	28.9058	5.5898	234.7707	17.0899	0.0000	5.9123	total_read_bases_divided_by_genome_size	156.0000	0.96548517	0	NA	NA	NA	NA	22513640774	medium	haploid_depth_estimated_from_total_read_bases_and_genome_size;independent_base_error_survival_approximation;phred_scores_treated_as_calibrated_probabilities;genome_background_uniqueness_not_verified
TXF000673	43	23	258.9372	28.9058	8.9580	385.1931	8.2860	8.7932	26.0641	total_read_bases_divided_by_genome_size	250.0000	0.96548517	0	NA	NA	NA	NA	22513640774	medium	haploid_depth_estimated_from_total_read_bases_and_genome_size;independent_base_error_survival_approximation;phred_scores_treated_as_calibrated_probabilities;genome_background_uniqueness_not_verified
TXF000674	46	38	422.0676	28.9058	14.6015	671.6693	396.1739	0.0717	29.7047	total_read_bases_divided_by_genome_size	407.5000	0.96548517	0	NA	NA	NA	NA	22513640774	medium	haploid_depth_estimated_from_total_read_bases_and_genome_size;independent_base_error_survival_approximation;phred_scores_treated_as_calibrated_probabilities;genome_background_uniqueness_not_verified
TXF000675	46	39	49.7159	28.9058	1.7199	79.1169	7.2502	1.4691	28.4290	total_read_bases_divided_by_genome_size	48.0000	0.96548517	0	NA	NA	NA	NA	22513640774	medium	haploid_depth_estimated_from_total_read_bases_and_genome_size;independent_base_error_survival_approximation;phred_scores_treated_as_calibrated_probabilities;genome_background_uniqueness_not_verified
TXF000676	48	41	381.1555	28.9058	13.1861	632.9350	381.1555	0.0000	219.1122	total_read_bases_divided_by_genome_size	368.0000	0.96548517	0	NA	NA	NA	NA	22513640774	medium	haploid_depth_estimated_from_total_read_bases_and_genome_size;independent_base_error_survival_approximation;phred_scores_treated_as_calibrated_probabilities;genome_background_uniqueness_not_verified
TXF000677	45	45	297.2599	28.9058	10.2838	462.7692	95.2889	0.0000	13.1002	total_read_bases_divided_by_genome_size	287.0000	0.96548517	0	NA	NA	NA	NA	22513640774	medium	haploid_depth_estimated_from_total_read_bases_and_genome_size;independent_base_error_survival_approximation;phred_scores_treated_as_calibrated_probabilities;genome_background_uniqueness_not_verified
TXF000678	40	8	14685.3629	28.9058	508.0429	20321.7152	7157.5414	181.4242	886.1771	total_read_bases_divided_by_genome_size	14178.5000	0.96548517	0	NA	NA	NA	NA	22513640774	medium	haploid_depth_estimated_from_total_read_bases_and_genome_size;independent_base_error_survival_approximation;phred_scores_treated_as_calibrated_probabilities;genome_background_uniqueness_not_verified
TXF000679	255	0	0.0000	28.9058	0.0000	0.0000	0.0000	0.0000	0.0000	total_read_bases_divided_by_genome_size	0.0000	0.96548517	0	NA	NA	NA	NA	22513640774	low	haploid_depth_estimated_from_total_read_bases_and_genome_size;independent_base_error_survival_approximation;phred_scores_treated_as_calibrated_probabilities;no_diagnostic_kmers
TXF000680	616	263	6575.9685	28.9058	227.4969	140138.0666	1703.8066	3.2679	397.4692	total_read_bases_divided_by_genome_size	6349.0000	0.96548517	0	NA	NA	NA	NA	22513640774	medium	haploid_depth_estimated_from_total_read_bases_and_genome_size;independent_base_error_survival_approximation;phred_scores_treated_as_calibrated_probabilities;genome_background_uniqueness_not_verified
TXF000681	340	154	708.4521	28.9058	24.5090	8333.0714	346.4579	6.9514	96.4559	total_read_bases_divided_by_genome_size	684.0000	0.96548517	0	NA	NA	NA	NA	22513640774	medium	haploid_depth_estimated_from_total_read_bases_and_genome_size;independent_base_error_survival_approximation;phred_scores_treated_as_calibrated_probabilities;genome_background_uniqueness_not_verified
TXF000682	343	114	281.7236	28.9058	9.7463	3342.9748	281.7236	0.0000	64.8307	total_read_bases_divided_by_genome_size	272.0000	0.96548517	0	NA	NA	NA	NA	22513640774	medium	haploid_depth_estimated_from_total_read_bases_and_genome_size;independent_base_error_survival_approximation;phred_scores_treated_as_calibrated_probabilities;genome_background_uniqueness_not_verified
TXF000683	208	22	262.8212	28.9058	9.0923	1891.2087	94.2531	5.4321	73.2619	total_read_bases_divided_by_genome_size	253.7500	0.96548517	0	NA	NA	NA	NA	22513640774	medium	haploid_depth_estimated_from_total_read_bases_and_genome_size;independent_base_error_survival_approximation;phred_scores_treated_as_calibrated_probabilities;genome_background_uniqueness_not_verified
TXF000684	343	115	292.0811	28.9058	10.1046	3465.8783	238.2222	1.0893	55.2743	total_read_bases_divided_by_genome_size	282.0000	0.96548517	0	NA	NA	NA	NA	22513640774	medium	haploid_depth_estimated_from_total_read_bases_and_genome_size;independent_base_error_survival_approximation;phred_scores_treated_as_calibrated_probabilities;genome_background_uniqueness_not_verified
TXF000685	42	0	0.0000	28.9058	0.0000	0.0000	0.0000	0.0000	0.0000	total_read_bases_divided_by_genome_size	0.0000	0.96548517	0	NA	NA	NA	NA	22513640774	low	haploid_depth_estimated_from_total_read_bases_and_genome_size;independent_base_error_survival_approximation;phred_scores_treated_as_calibrated_probabilities;no_diagnostic_kmers
TXF000686	727	468	74.5739	28.9058	2.5799	1875.5860	68.3594	0.3225	55.0199	total_read_bases_divided_by_genome_size	72.0000	0.96548517	0	NA	NA	NA	NA	22513640774	medium	haploid_depth_estimated_from_total_read_bases_and_genome_size;independent_base_error_survival_approximation;phred_scores_treated_as_calibrated_probabilities;genome_background_uniqueness_not_verified
TXF000687	729	724	324.7072	28.9058	11.2333	8189.0808	36.7691	4.9090	13.0787	total_read_bases_divided_by_genome_size	313.5000	0.96548517	0	NA	NA	NA	NA	22513640774	medium	haploid_depth_estimated_from_total_read_bases_and_genome_size;independent_base_error_survival_approximation;phred_scores_treated_as_calibrated_probabilities;genome_background_uniqueness_not_verified
TXF000688	325	122	921.8163	28.9058	31.8904	10364.3829	641.1284	6.1237	62.8420	total_read_bases_divided_by_genome_size	890.0000	0.96548517	0	NA	NA	NA	NA	22513640774	medium	haploid_depth_estimated_from_total_read_bases_and_genome_size;independent_base_error_survival_approximation;phred_scores_treated_as_calibrated_probabilities;genome_background_uniqueness_not_verified
TXF000689	116	112	314.3497	28.9058	10.8750	1261.4986	39.8763	5.2315	12.2868	total_read_bases_divided_by_genome_size	303.5000	0.96548517	0	NA	NA	NA	NA	22513640774	medium	haploid_depth_estimated_from_total_read_bases_and_genome_size;independent_base_error_survival_approximation;phred_scores_treated_as_calibrated_probabilities;genome_background_uniqueness_not_verified
TXF000690	104	21	2425.7234	28.9058	83.9184	8727.5091	475.4087	33.7895	100.7235	total_read_bases_divided_by_genome_size	2342.0000	0.96548517	0	NA	NA	NA	NA	22513640774	medium	haploid_depth_estimated_from_total_read_bases_and_genome_size;independent_base_error_survival_approximation;phred_scores_treated_as_calibrated_probabilities;genome_background_uniqueness_not_verified
TXF000691	512	491	50.7517	28.9058	1.7558	898.9512	3.1072	1.6483	3.5474	total_read_bases_divided_by_genome_size	49.0000	0.96548517	0	NA	NA	NA	NA	22513640774	medium	haploid_depth_estimated_from_total_read_bases_and_genome_size;independent_base_error_survival_approximation;phred_scores_treated_as_calibrated_probabilities;genome_background_uniqueness_not_verified
TXF000692	156	87	795.4550	28.9058	27.5189	4292.9507	293.1169	10.5346	53.0456	total_read_bases_divided_by_genome_size	768.0000	0.96548517	0	NA	NA	NA	NA	22513640774	medium	haploid_depth_estimated_from_total_read_bases_and_genome_size;independent_base_error_survival_approximation;phred_scores_treated_as_calibrated_probabilities;genome_background_uniqueness_not_verified
TXF000693	359	79	620.4135	28.9058	21.4633	7705.3320	374.9410	0.0000	35.1941	total_read_bases_divided_by_genome_size	599.0000	0.96548517	0	NA	NA	NA	NA	22513640774	medium	haploid_depth_estimated_from_total_read_bases_and_genome_size;independent_base_error_survival_approximation;phred_scores_treated_as_calibrated_probabilities;genome_background_uniqueness_not_verified
TXF000694	234	123	419.4782	28.9058	14.5119	3395.7911	316.9391	0.0000	29.3248	total_read_bases_divided_by_genome_size	405.0000	0.96548517	0	NA	NA	NA	NA	22513640774	medium	haploid_depth_estimated_from_total_read_bases_and_genome_size;independent_base_error_survival_approximation;phred_scores_treated_as_calibrated_probabilities;genome_background_uniqueness_not_verified
TXF000695	467	467	51457.0309	28.9058	1780.1656	831337.3479	7158.0592	0.5016	2008.5296	total_read_bases_divided_by_genome_size	49681.0000	0.96548517	0	NA	NA	NA	NA	22513640774	medium	haploid_depth_estimated_from_total_read_bases_and_genome_size;independent_base_error_survival_approximation;phred_scores_treated_as_calibrated_probabilities;genome_background_uniqueness_not_verified
TXF000696	237	111	29.0010	28.9058	1.0033	237.7806	29.0010	0.0000	27.8772	total_read_bases_divided_by_genome_size	28.0000	0.96548517	0	NA	NA	NA	NA	22513640774	medium	haploid_depth_estimated_from_total_read_bases_and_genome_size;independent_base_error_survival_approximation;phred_scores_treated_as_calibrated_probabilities;genome_background_uniqueness_not_verified
TXF000697	36	36	2470.2606	28.9058	85.4591	3076.5287	808.4019	58.7106	182.4203	total_read_bases_divided_by_genome_size	2385.0000	0.96548517	0	NA	NA	NA	NA	22513640774	medium	haploid_depth_estimated_from_total_read_bases_and_genome_size;independent_base_error_survival_approximation;phred_scores_treated_as_calibrated_probabilities;genome_background_uniqueness_not_verified
TXF000698	59	59	129.4686	28.9058	4.4790	264.2604	65.2522	0.9316	8.2915	total_read_bases_divided_by_genome_size	125.0000	0.96548517	0	NA	NA	NA	NA	22513640774	medium	haploid_depth_estimated_from_total_read_bases_and_genome_size;independent_base_error_survival_approximation;phred_scores_treated_as_calibrated_probabilities;genome_background_uniqueness_not_verified
TXF000699	348	56	186.4348	28.9058	6.4497	2244.5115	19.6792	5.6973	24.2045	total_read_bases_divided_by_genome_size	180.0000	0.96548517	0	NA	NA	NA	NA	22513640774	medium	haploid_depth_estimated_from_total_read_bases_and_genome_size;independent_base_error_survival_approximation;phred_scores_treated_as_calibrated_probabilities;genome_background_uniqueness_not_verified
TXF000700	50	21	58.0019	28.9058	2.0066	100.3294	24.8580	1.1466	6.6289	total_read_bases_divided_by_genome_size	56.0000	0.96548517	0	NA	NA	NA	NA	22513640774	medium	haploid_depth_estimated_from_total_read_bases_and_genome_size;independent_base_error_survival_approximation;phred_scores_treated_as_calibrated_probabilities;genome_background_uniqueness_not_verified
TXF000701	270	270	97.3604	28.9058	3.3682	909.4141	71.4667	0.0000	7.7755	total_read_bases_divided_by_genome_size	94.0000	0.96548517	0	NA	NA	NA	NA	22513640774	medium	haploid_depth_estimated_from_total_read_bases_and_genome_size;independent_base_error_survival_approximation;phred_scores_treated_as_calibrated_probabilities;genome_background_uniqueness_not_verified
TXF000702	356	356	65.2522	28.9058	2.2574	803.6383	33.1440	0.8600	23.6312	total_read_bases_divided_by_genome_size	63.0000	0.96548517	0	NA	NA	NA	NA	22513640774	medium	haploid_depth_estimated_from_total_read_bases_and_genome_size;independent_base_error_survival_approximation;phred_scores_treated_as_calibrated_probabilities;genome_background_uniqueness_not_verified
TXF000703	161	127	508.5526	28.9058	17.5935	2832.5491	356.2976	4.1422	93.9871	total_read_bases_divided_by_genome_size	491.0000	0.96548517	0	NA	NA	NA	NA	22513640774	medium	haploid_depth_estimated_from_total_read_bases_and_genome_size;independent_base_error_survival_approximation;phred_scores_treated_as_calibrated_probabilities;genome_background_uniqueness_not_verified
TXF000704	335	335	135.6831	28.9058	4.6940	1572.4838	66.2879	2.4007	42.4537	total_read_bases_divided_by_genome_size	131.0000	0.96548517	0	NA	NA	NA	NA	22513640774	medium	haploid_depth_estimated_from_total_read_bases_and_genome_size;independent_base_error_survival_approximation;phred_scores_treated_as_calibrated_probabilities;genome_background_uniqueness_not_verified
TXF000705	115	17	441.2289	28.9058	15.2644	1755.4058	137.7546	10.6922	27.7626	total_read_bases_divided_by_genome_size	426.0000	0.96548517	0	NA	NA	NA	NA	22513640774	medium	haploid_depth_estimated_from_total_read_bases_and_genome_size;independent_base_error_survival_approximation;phred_scores_treated_as_calibrated_probabilities;genome_background_uniqueness_not_verified
TXF000706	311	311	31.0725	28.9058	1.0750	334.3118	2.0715	0.9675	11.6812	total_read_bases_divided_by_genome_size	30.0000	0.96548517	0	NA	NA	NA	NA	22513640774	medium	haploid_depth_estimated_from_total_read_bases_and_genome_size;independent_base_error_survival_approximation;phred_scores_treated_as_calibrated_probabilities;genome_background_uniqueness_not_verified
TXF000707	262	25	2555.1920	28.9058	88.3973	23160.1049	264.1159	0.0358	97.0615	total_read_bases_divided_by_genome_size	2467.0000	0.96548517	0	NA	NA	NA	NA	22513640774	medium	haploid_depth_estimated_from_total_read_bases_and_genome_size;independent_base_error_survival_approximation;phred_scores_treated_as_calibrated_probabilities;genome_background_uniqueness_not_verified
TXF000708	81	81	220.6145	28.9058	7.6322	618.2081	93.2174	4.1207	16.5902	total_read_bases_divided_by_genome_size	213.0000	0.96548517	0	NA	NA	NA	NA	22513640774	medium	haploid_depth_estimated_from_total_read_bases_and_genome_size;independent_base_error_survival_approximation;phred_scores_treated_as_calibrated_probabilities;genome_background_uniqueness_not_verified
TXF000709	125	124	434.4966	28.9058	15.0315	1878.9363	124.8077	5.0881	33.2771	total_read_bases_divided_by_genome_size	419.5000	0.96548517	0	NA	NA	NA	NA	22513640774	medium	haploid_depth_estimated_from_total_read_bases_and_genome_size;independent_base_error_survival_approximation;phred_scores_treated_as_calibrated_probabilities;genome_background_uniqueness_not_verified
TXF000710	104	25	205.0782	28.9058	7.0947	737.8509	72.5024	3.2607	37.9818	total_read_bases_divided_by_genome_size	198.0000	0.96548517	0	NA	NA	NA	NA	22513640774	medium	haploid_depth_estimated_from_total_read_bases_and_genome_size;independent_base_error_survival_approximation;phred_scores_treated_as_calibrated_probabilities;genome_background_uniqueness_not_verified
TXF000711	69	69	0.0000	28.9058	0.0000	0.0000	0.0000	0.0000	1.8991	total_read_bases_divided_by_genome_size	0.0000	0.96548517	0	NA	NA	NA	NA	22513640774	medium	haploid_depth_estimated_from_total_read_bases_and_genome_size;independent_base_error_survival_approximation;phred_scores_treated_as_calibrated_probabilities;genome_background_uniqueness_not_verified
TXF000712	47	29	1792.8810	28.9058	62.0251	2915.1775	1207.6830	17.8371	141.9374	total_read_bases_divided_by_genome_size	1731.0000	0.96548517	0	NA	NA	NA	NA	22513640774	medium	haploid_depth_estimated_from_total_read_bases_and_genome_size;independent_base_error_survival_approximation;phred_scores_treated_as_calibrated_probabilities;genome_background_uniqueness_not_verified
TXF000713	230	74	2.5894	28.9058	0.0896	20.6034	2.5894	0.0000	18.9981	total_read_bases_divided_by_genome_size	2.5000	0.96548517	0	NA	NA	NA	NA	22513640774	medium	haploid_depth_estimated_from_total_read_bases_and_genome_size;independent_base_error_survival_approximation;phred_scores_treated_as_calibrated_probabilities;genome_background_uniqueness_not_verified
TXF000714	184	183	192.6493	28.9058	6.6647	1226.3116	49.7159	1.9349	9.4811	total_read_bases_divided_by_genome_size	186.0000	0.96548517	0	NA	NA	NA	NA	22513640774	medium	haploid_depth_estimated_from_total_read_bases_and_genome_size;independent_base_error_survival_approximation;phred_scores_treated_as_calibrated_probabilities;genome_background_uniqueness_not_verified
TXF000715	42	42	785.0975	28.9058	27.1606	1140.7450	365.1014	4.9090	53.0241	total_read_bases_divided_by_genome_size	758.0000	0.96548517	0	NA	NA	NA	NA	22513640774	medium	haploid_depth_estimated_from_total_read_bases_and_genome_size;independent_base_error_survival_approximation;phred_scores_treated_as_calibrated_probabilities;genome_background_uniqueness_not_verified
TXF000716	93	86	336.6183	28.9058	11.6454	1083.0198	127.3971	0.0000	17.9697	total_read_bases_divided_by_genome_size	325.0000	0.96548517	0	NA	NA	NA	NA	22513640774	medium	haploid_depth_estimated_from_total_read_bases_and_genome_size;independent_base_error_survival_approximation;phred_scores_treated_as_calibrated_probabilities;genome_background_uniqueness_not_verified
TXF000717	52	22	418.9603	28.9058	14.4940	753.6886	313.3140	3.7301	54.2388	total_read_bases_divided_by_genome_size	404.5000	0.96548517	0	NA	NA	NA	NA	22513640774	medium	haploid_depth_estimated_from_total_read_bases_and_genome_size;independent_base_error_survival_approximation;phred_scores_treated_as_calibrated_probabilities;genome_background_uniqueness_not_verified
TXF000718	141	141	181.2560	28.9058	6.2706	884.1526	66.2879	3.3324	10.6421	total_read_bases_divided_by_genome_size	175.0000	0.96548517	0	NA	NA	NA	NA	22513640774	medium	haploid_depth_estimated_from_total_read_bases_and_genome_size;independent_base_error_survival_approximation;phred_scores_treated_as_calibrated_probabilities;genome_background_uniqueness_not_verified
TXF000719	201	201	14968.6401	28.9058	517.8429	104086.4250	14553.3049	1.2183	1426.1104	total_read_bases_divided_by_genome_size	14452.0000	0.96548517	0	NA	NA	NA	NA	22513640774	medium	haploid_depth_estimated_from_total_read_bases_and_genome_size;independent_base_error_survival_approximation;phred_scores_treated_as_calibrated_probabilities;genome_background_uniqueness_not_verified
TXF000720	189	189	101.5034	28.9058	3.5115	663.6788	29.0010	2.1857	6.7794	total_read_bases_divided_by_genome_size	98.0000	0.96548517	0	NA	NA	NA	NA	22513640774	medium	haploid_depth_estimated_from_total_read_bases_and_genome_size;independent_base_error_survival_approximation;phred_scores_treated_as_calibrated_probabilities;genome_background_uniqueness_not_verified
TXF000721	123	123	31.0725	28.9058	1.0750	132.2198	31.0725	0.0000	4.2210	total_read_bases_divided_by_genome_size	30.0000	0.96548517	0	NA	NA	NA	NA	22513640774	medium	haploid_depth_estimated_from_total_read_bases_and_genome_size;independent_base_error_survival_approximation;phred_scores_treated_as_calibrated_probabilities;genome_background_uniqueness_not_verified
TXF000722	127	127	213.3642	28.9058	7.3814	937.4347	184.3633	0.0000	39.2646	total_read_bases_divided_by_genome_size	206.0000	0.96548517	0	NA	NA	NA	NA	22513640774	medium	haploid_depth_estimated_from_total_read_bases_and_genome_size;independent_base_error_survival_approximation;phred_scores_treated_as_calibrated_probabilities;genome_background_uniqueness_not_verified
TXF000723	192	183	331.4396	28.9058	11.4662	2201.5132	296.2241	1.2183	486.7838	total_read_bases_divided_by_genome_size	320.0000	0.96548517	0	NA	NA	NA	NA	22513640774	medium	haploid_depth_estimated_from_total_read_bases_and_genome_size;independent_base_error_survival_approximation;phred_scores_treated_as_calibrated_probabilities;genome_background_uniqueness_not_verified
TXF000724	58	34	1804.7921	28.9058	62.4371	3621.3530	250.1333	50.8957	79.0309	total_read_bases_divided_by_genome_size	1742.5000	0.96548517	0	NA	NA	NA	NA	22513640774	medium	haploid_depth_estimated_from_total_read_bases_and_genome_size;independent_base_error_survival_approximation;phred_scores_treated_as_calibrated_probabilities;genome_background_uniqueness_not_verified
TXF000725	169	169	30.0367	28.9058	1.0391	175.6122	1.0357	0.0358	1.9851	total_read_bases_divided_by_genome_size	29.0000	0.96548517	0	NA	NA	NA	NA	22513640774	medium	haploid_depth_estimated_from_total_read_bases_and_genome_size;independent_base_error_survival_approximation;phred_scores_treated_as_calibrated_probabilities;genome_background_uniqueness_not_verified
TXF000726	166	166	102.5391	28.9058	3.5474	588.8618	19.6792	0.8600	8.0264	total_read_bases_divided_by_genome_size	99.0000	0.96548517	0	NA	NA	NA	NA	22513640774	medium	haploid_depth_estimated_from_total_read_bases_and_genome_size;independent_base_error_survival_approximation;phred_scores_treated_as_calibrated_probabilities;genome_background_uniqueness_not_verified
TXF000727	163	123	73.5382	28.9058	2.5441	414.6828	73.5382	0.0000	32.5855	total_read_bases_divided_by_genome_size	71.0000	0.96548517	0	NA	NA	NA	NA	22513640774	medium	haploid_depth_estimated_from_total_read_bases_and_genome_size;independent_base_error_survival_approximation;phred_scores_treated_as_calibrated_probabilities;genome_background_uniqueness_not_verified
TXF000728	111	111	89.0744	28.9058	3.0815	342.0515	33.1440	1.2183	5.0523	total_read_bases_divided_by_genome_size	86.0000	0.96548517	0	NA	NA	NA	NA	22513640774	medium	haploid_depth_estimated_from_total_read_bases_and_genome_size;independent_base_error_survival_approximation;phred_scores_treated_as_calibrated_probabilities;genome_background_uniqueness_not_verified
TXF000729	55	28	1236.1661	28.9058	42.7654	2352.0968	495.0879	23.1223	197.8531	total_read_bases_divided_by_genome_size	1193.5000	0.96548517	0	NA	NA	NA	NA	22513640774	medium	haploid_depth_estimated_from_total_read_bases_and_genome_size;independent_base_error_survival_approximation;phred_scores_treated_as_calibrated_probabilities;genome_background_uniqueness_not_verified
TXF000730	162	162	92.1816	28.9058	3.1890	516.6246	3.1072	1.2899	4.1529	total_read_bases_divided_by_genome_size	89.0000	0.96548517	0	NA	NA	NA	NA	22513640774	medium	haploid_depth_estimated_from_total_read_bases_and_genome_size;independent_base_error_survival_approximation;phred_scores_treated_as_calibrated_probabilities;genome_background_uniqueness_not_verified
TXF000731	157	157	148.1121	28.9058	5.1240	804.4624	47.6444	1.5766	6.7722	total_read_bases_divided_by_genome_size	143.0000	0.96548517	0	NA	NA	NA	NA	22513640774	medium	haploid_depth_estimated_from_total_read_bases_and_genome_size;independent_base_error_survival_approximation;phred_scores_treated_as_calibrated_probabilities;genome_background_uniqueness_not_verified
TXF000732	100	28	17.6077	28.9058	0.6091	60.9143	17.6077	0.0000	19.9512	total_read_bases_divided_by_genome_size	17.0000	0.96548517	0	NA	NA	NA	NA	22513640774	medium	haploid_depth_estimated_from_total_read_bases_and_genome_size;independent_base_error_survival_approximation;phred_scores_treated_as_calibrated_probabilities;genome_background_uniqueness_not_verified
TXF000733	77	42	1362.0095	28.9058	47.1190	3628.1611	404.9777	33.3309	156.2523	total_read_bases_divided_by_genome_size	1315.0000	0.96548517	0	NA	NA	NA	NA	22513640774	medium	haploid_depth_estimated_from_total_read_bases_and_genome_size;independent_base_error_survival_approximation;phred_scores_treated_as_calibrated_probabilities;genome_background_uniqueness_not_verified
TXF000734	158	157	76.6454	28.9058	2.6516	418.9468	45.5729	1.1108	14.4761	total_read_bases_divided_by_genome_size	74.0000	0.96548517	0	NA	NA	NA	NA	22513640774	medium	haploid_depth_estimated_from_total_read_bases_and_genome_size;independent_base_error_survival_approximation;phred_scores_treated_as_calibrated_probabilities;genome_background_uniqueness_not_verified
TXF000735	47	21	89.0744	28.9058	3.0815	144.8326	27.9652	2.1141	7.4530	total_read_bases_divided_by_genome_size	86.0000	0.96548517	0	NA	NA	NA	NA	22513640774	medium	haploid_depth_estimated_from_total_read_bases_and_genome_size;independent_base_error_survival_approximation;phred_scores_treated_as_calibrated_probabilities;genome_background_uniqueness_not_verified
TXF000736	98	56	33.1440	28.9058	1.1466	112.3689	33.1440	0.0000	27.0173	total_read_bases_divided_by_genome_size	32.0000	0.96548517	0	NA	NA	NA	NA	22513640774	medium	haploid_depth_estimated_from_total_read_bases_and_genome_size;independent_base_error_survival_approximation;phred_scores_treated_as_calibrated_probabilities;genome_background_uniqueness_not_verified
TXF000737	132	132	120.1468	28.9058	4.1565	548.6584	29.0010	0.0000	12.1255	total_read_bases_divided_by_genome_size	116.0000	0.96548517	0	NA	NA	NA	NA	22513640774	medium	haploid_depth_estimated_from_total_read_bases_and_genome_size;independent_base_error_survival_approximation;phred_scores_treated_as_calibrated_probabilities;genome_background_uniqueness_not_verified
TXF000738	58	21	458.8367	28.9058	15.8735	920.6654	211.2927	8.5638	72.8463	total_read_bases_divided_by_genome_size	443.0000	0.96548517	0	NA	NA	NA	NA	22513640774	medium	haploid_depth_estimated_from_total_read_bases_and_genome_size;independent_base_error_survival_approximation;phred_scores_treated_as_calibrated_probabilities;genome_background_uniqueness_not_verified
TXF000739	67	64	2963.7949	28.9058	102.5330	6869.7137	1047.1419	56.9584	193.9582	total_read_bases_divided_by_genome_size	2861.5000	0.96548517	0	NA	NA	NA	NA	22513640774	medium	haploid_depth_estimated_from_total_read_bases_and_genome_size;independent_base_error_survival_approximation;phred_scores_treated_as_calibrated_probabilities;genome_background_uniqueness_not_verified
TXF000740	136	136	81.8241	28.9058	2.8307	384.9782	42.4657	0.6271	4.6223	total_read_bases_divided_by_genome_size	79.0000	0.96548517	0	NA	NA	NA	NA	22513640774	medium	haploid_depth_estimated_from_total_read_bases_and_genome_size;independent_base_error_survival_approximation;phred_scores_treated_as_calibrated_probabilities;genome_background_uniqueness_not_verified
TXF000741	147	147	33.1440	28.9058	1.1466	168.5534	13.4647	0.0000	2.2932	total_read_bases_divided_by_genome_size	32.0000	0.96548517	0	NA	NA	NA	NA	22513640774	medium	haploid_depth_estimated_from_total_read_bases_and_genome_size;independent_base_error_survival_approximation;phred_scores_treated_as_calibrated_probabilities;genome_background_uniqueness_not_verified
TXF000742	55	23	917.6733	28.9058	31.7471	1746.0895	72.5024	16.0312	63.4297	total_read_bases_divided_by_genome_size	886.0000	0.96548517	0	NA	NA	NA	NA	22513640774	medium	haploid_depth_estimated_from_total_read_bases_and_genome_size;independent_base_error_survival_approximation;phred_scores_treated_as_calibrated_probabilities;genome_background_uniqueness_not_verified
TXF000743	59	19	279.6521	28.9058	9.6746	570.8025	219.5787	1.7271	18.3961	total_read_bases_divided_by_genome_size	270.0000	0.96548517	0	NA	NA	NA	NA	22513640774	medium	haploid_depth_estimated_from_total_read_bases_and_genome_size;independent_base_error_survival_approximation;phred_scores_treated_as_calibrated_probabilities;genome_background_uniqueness_not_verified
TXF000744	45	45	60.0734	28.9058	2.0783	93.5213	35.2155	0.0000	3.9415	total_read_bases_divided_by_genome_size	58.0000	0.96548517	0	NA	NA	NA	NA	22513640774	medium	haploid_depth_estimated_from_total_read_bases_and_genome_size;independent_base_error_survival_approximation;phred_scores_treated_as_calibrated_probabilities;genome_background_uniqueness_not_verified
TXF000745	52	38	207.1497	28.9058	7.1664	372.6520	130.5043	2.4115	24.6344	total_read_bases_divided_by_genome_size	200.0000	0.96548517	0	NA	NA	NA	NA	22513640774	medium	haploid_depth_estimated_from_total_read_bases_and_genome_size;independent_base_error_survival_approximation;phred_scores_treated_as_calibrated_probabilities;genome_background_uniqueness_not_verified
TXF000746	141	141	125.3256	28.9058	4.3357	611.3284	110.8251	1.1825	110.4698	total_read_bases_divided_by_genome_size	121.0000	0.96548517	0	NA	NA	NA	NA	22513640774	medium	haploid_depth_estimated_from_total_read_bases_and_genome_size;independent_base_error_survival_approximation;phred_scores_treated_as_calibrated_probabilities;genome_background_uniqueness_not_verified
TXF000747	70	49	459.8724	28.9058	15.9094	1113.6561	240.2937	7.4530	81.0805	total_read_bases_divided_by_genome_size	444.0000	0.96548517	0	NA	NA	NA	NA	22513640774	medium	haploid_depth_estimated_from_total_read_bases_and_genome_size;independent_base_error_survival_approximation;phred_scores_treated_as_calibrated_probabilities;genome_background_uniqueness_not_verified
TXF000748	137	97	149.1478	28.9058	5.1598	706.8921	91.1459	1.3258	16.2104	total_read_bases_divided_by_genome_size	144.0000	0.96548517	0	NA	NA	NA	NA	22513640774	medium	haploid_depth_estimated_from_total_read_bases_and_genome_size;independent_base_error_survival_approximation;phred_scores_treated_as_calibrated_probabilities;genome_background_uniqueness_not_verified
TXF000749	86	42	35.7333	28.9058	1.2362	106.3133	9.8396	0.8958	11.0721	total_read_bases_divided_by_genome_size	34.5000	0.96548517	0	NA	NA	NA	NA	22513640774	medium	haploid_depth_estimated_from_total_read_bases_and_genome_size;independent_base_error_survival_approximation;phred_scores_treated_as_calibrated_probabilities;genome_background_uniqueness_not_verified
TXF000750	72	72	226.3111	28.9058	7.8293	563.7078	154.8444	0.0000	16.2964	total_read_bases_divided_by_genome_size	218.5000	0.96548517	0	NA	NA	NA	NA	22513640774	medium	haploid_depth_estimated_from_total_read_bases_and_genome_size;independent_base_error_survival_approximation;phred_scores_treated_as_calibrated_probabilities;genome_background_uniqueness_not_verified
TXF000751	58	40	1380.6530	28.9058	47.7639	2770.3091	242.3652	35.0221	105.4713	total_read_bases_divided_by_genome_size	1333.0000	0.96548517	0	NA	NA	NA	NA	22513640774	medium	haploid_depth_estimated_from_total_read_bases_and_genome_size;independent_base_error_survival_approximation;phred_scores_treated_as_calibrated_probabilities;genome_background_uniqueness_not_verified
TXF000752	125	125	43.5014	28.9058	1.5049	188.1176	1.0357	0.0000	1.5049	total_read_bases_divided_by_genome_size	42.0000	0.96548517	0	NA	NA	NA	NA	22513640774	medium	haploid_depth_estimated_from_total_read_bases_and_genome_size;independent_base_error_survival_approximation;phred_scores_treated_as_calibrated_probabilities;genome_background_uniqueness_not_verified
TXF000753	84	67	209.2212	28.9058	7.2380	607.9960	158.4696	1.7199	15.5511	total_read_bases_divided_by_genome_size	202.0000	0.96548517	0	NA	NA	NA	NA	22513640774	medium	haploid_depth_estimated_from_total_read_bases_and_genome_size;independent_base_error_survival_approximation;phred_scores_treated_as_calibrated_probabilities;genome_background_uniqueness_not_verified
TXF000754	55	43	251.6869	28.9058	8.7072	478.8936	215.4357	1.7988	29.7620	total_read_bases_divided_by_genome_size	243.0000	0.96548517	0	NA	NA	NA	NA	22513640774	medium	haploid_depth_estimated_from_total_read_bases_and_genome_size;independent_base_error_survival_approximation;phred_scores_treated_as_calibrated_probabilities;genome_background_uniqueness_not_verified
TXF000755	125	125	33.1440	28.9058	1.1466	143.3277	1.0357	0.0000	1.1466	total_read_bases_divided_by_genome_size	32.0000	0.96548517	0	NA	NA	NA	NA	22513640774	medium	haploid_depth_estimated_from_total_read_bases_and_genome_size;independent_base_error_survival_approximation;phred_scores_treated_as_calibrated_probabilities;genome_background_uniqueness_not_verified
TXF000756	81	44	42.4657	28.9058	1.4691	118.9978	19.1614	0.0000	38.6340	total_read_bases_divided_by_genome_size	41.0000	0.96548517	0	NA	NA	NA	NA	22513640774	medium	haploid_depth_estimated_from_total_read_bases_and_genome_size;independent_base_error_survival_approximation;phred_scores_treated_as_calibrated_probabilities;genome_background_uniqueness_not_verified
TXF000757	48	40	1275.5245	28.9058	44.1270	2118.0965	576.9120	9.8609	80.4964	total_read_bases_divided_by_genome_size	1231.5000	0.96548517	0	NA	NA	NA	NA	22513640774	medium	haploid_depth_estimated_from_total_read_bases_and_genome_size;independent_base_error_survival_approximation;phred_scores_treated_as_calibrated_probabilities;genome_background_uniqueness_not_verified
TXF000758	86	38	513.2135	28.9058	17.7547	1526.9056	398.7632	3.7982	194.3058	total_read_bases_divided_by_genome_size	495.5000	0.96548517	0	NA	NA	NA	NA	22513640774	medium	haploid_depth_estimated_from_total_read_bases_and_genome_size;independent_base_error_survival_approximation;phred_scores_treated_as_calibrated_probabilities;genome_background_uniqueness_not_verified
TXF000759	91	66	97.3604	28.9058	3.3682	306.5062	38.8406	2.0066	32.0696	total_read_bases_divided_by_genome_size	94.0000	0.96548517	0	NA	NA	NA	NA	22513640774	medium	haploid_depth_estimated_from_total_read_bases_and_genome_size;independent_base_error_survival_approximation;phred_scores_treated_as_calibrated_probabilities;genome_background_uniqueness_not_verified
TXF000760	76	72	27.9652	28.9058	0.9675	73.5271	1.0357	0.0000	1.0033	total_read_bases_divided_by_genome_size	27.0000	0.96548517	0	NA	NA	NA	NA	22513640774	medium	haploid_depth_estimated_from_total_read_bases_and_genome_size;independent_base_error_survival_approximation;phred_scores_treated_as_calibrated_probabilities;genome_background_uniqueness_not_verified
TXF000761	54	20	886.0830	28.9058	30.6542	1655.3272	414.8174	15.3970	172.8998	total_read_bases_divided_by_genome_size	855.5000	0.96548517	0	NA	NA	NA	NA	22513640774	medium	haploid_depth_estimated_from_total_read_bases_and_genome_size;independent_base_error_survival_approximation;phred_scores_treated_as_calibrated_probabilities;genome_background_uniqueness_not_verified
TXF000762	52	52	881.9400	28.9058	30.5109	1586.5658	649.4144	0.1756	61.8172	total_read_bases_divided_by_genome_size	851.5000	0.96548517	0	NA	NA	NA	NA	22513640774	medium	haploid_depth_estimated_from_total_read_bases_and_genome_size;independent_base_error_survival_approximation;phred_scores_treated_as_calibrated_probabilities;genome_background_uniqueness_not_verified
TXF000763	74	21	179.1845	28.9058	6.1989	458.7202	124.2898	1.8274	21.1050	total_read_bases_divided_by_genome_size	173.0000	0.96548517	0	NA	NA	NA	NA	22513640774	medium	haploid_depth_estimated_from_total_read_bases_and_genome_size;independent_base_error_survival_approximation;phred_scores_treated_as_calibrated_probabilities;genome_background_uniqueness_not_verified
TXF000764	64	27	133.6116	28.9058	4.6223	295.8283	24.8580	3.8340	12.7848	total_read_bases_divided_by_genome_size	129.0000	0.96548517	0	NA	NA	NA	NA	22513640774	medium	haploid_depth_estimated_from_total_read_bases_and_genome_size;independent_base_error_survival_approximation;phred_scores_treated_as_calibrated_probabilities;genome_background_uniqueness_not_verified
TXF000765	107	107	43.5014	28.9058	1.5049	161.0286	29.0010	0.5016	3.1532	total_read_bases_divided_by_genome_size	42.0000	0.96548517	0	NA	NA	NA	NA	22513640774	medium	haploid_depth_estimated_from_total_read_bases_and_genome_size;independent_base_error_survival_approximation;phred_scores_treated_as_calibrated_probabilities;genome_background_uniqueness_not_verified
TXF000766	89	89	2760.2703	28.9058	95.4921	8498.7940	2693.9824	2.2932	795.8341	total_read_bases_divided_by_genome_size	2665.0000	0.96548517	0	NA	NA	NA	NA	22513640774	medium	haploid_depth_estimated_from_total_read_bases_and_genome_size;independent_base_error_survival_approximation;phred_scores_treated_as_calibrated_probabilities;genome_background_uniqueness_not_verified
TXF000767	43	40	371.8338	28.9058	12.8637	553.1374	207.6676	4.8696	27.1033	total_read_bases_divided_by_genome_size	359.0000	0.96548517	0	NA	NA	NA	NA	22513640774	medium	haploid_depth_estimated_from_total_read_bases_and_genome_size;independent_base_error_survival_approximation;phred_scores_treated_as_calibrated_probabilities;genome_background_uniqueness_not_verified
TXF000768	56	56	0.0000	28.9058	0.0000	0.0000	0.0000	0.0000	4.5686	total_read_bases_divided_by_genome_size	0.0000	0.96548517	0	NA	NA	NA	NA	22513640774	medium	haploid_depth_estimated_from_total_read_bases_and_genome_size;independent_base_error_survival_approximation;phred_scores_treated_as_calibrated_probabilities;genome_background_uniqueness_not_verified
TXF000769	52	52	26.9295	28.9058	0.9316	48.4448	26.9295	0.0000	2.5441	total_read_bases_divided_by_genome_size	26.0000	0.96548517	0	NA	NA	NA	NA	22513640774	medium	haploid_depth_estimated_from_total_read_bases_and_genome_size;independent_base_error_survival_approximation;phred_scores_treated_as_calibrated_probabilities;genome_background_uniqueness_not_verified
TXF000770	45	22	410.6744	28.9058	14.2074	639.3310	91.6638	6.9442	28.9164	total_read_bases_divided_by_genome_size	396.5000	0.96548517	0	NA	NA	NA	NA	22513640774	medium	haploid_depth_estimated_from_total_read_bases_and_genome_size;independent_base_error_survival_approximation;phred_scores_treated_as_calibrated_probabilities;genome_background_uniqueness_not_verified
TXF000771	97	85	79.7526	28.9058	2.7591	267.6286	36.2512	0.0000	7.1162	total_read_bases_divided_by_genome_size	77.0000	0.96548517	0	NA	NA	NA	NA	22513640774	medium	haploid_depth_estimated_from_total_read_bases_and_genome_size;independent_base_error_survival_approximation;phred_scores_treated_as_calibrated_probabilities;genome_background_uniqueness_not_verified
TXF000772	31	31	26.9295	28.9058	0.9316	28.8805	0.0000	0.9316	8.8505	total_read_bases_divided_by_genome_size	26.0000	0.96548517	0	NA	NA	NA	NA	22513640774	medium	haploid_depth_estimated_from_total_read_bases_and_genome_size;independent_base_error_survival_approximation;phred_scores_treated_as_calibrated_probabilities;genome_background_uniqueness_not_verified
TXF000773	102	102	96.3246	28.9058	3.3324	339.9016	45.5729	0.0000	13.1145	total_read_bases_divided_by_genome_size	93.0000	0.96548517	0	NA	NA	NA	NA	22513640774	medium	haploid_depth_estimated_from_total_read_bases_and_genome_size;independent_base_error_survival_approximation;phred_scores_treated_as_calibrated_probabilities;genome_background_uniqueness_not_verified
TXF000774	99	99	37.2870	28.9058	1.2899	127.7050	12.4290	0.0000	1.7988	total_read_bases_divided_by_genome_size	36.0000	0.96548517	0	NA	NA	NA	NA	22513640774	medium	haploid_depth_estimated_from_total_read_bases_and_genome_size;independent_base_error_survival_approximation;phred_scores_treated_as_calibrated_probabilities;genome_background_uniqueness_not_verified
TXF000775	66	48	168.8270	28.9058	5.8406	385.4798	134.6473	1.1825	52.0208	total_read_bases_divided_by_genome_size	163.0000	0.96548517	0	NA	NA	NA	NA	22513640774	medium	haploid_depth_estimated_from_total_read_bases_and_genome_size;independent_base_error_survival_approximation;phred_scores_treated_as_calibrated_probabilities;genome_background_uniqueness_not_verified
TXF000776	46	46	116.0039	28.9058	4.0132	184.6061	33.1440	2.8666	8.6355	total_read_bases_divided_by_genome_size	112.0000	0.96548517	0	NA	NA	NA	NA	22513640774	medium	haploid_depth_estimated_from_total_read_bases_and_genome_size;independent_base_error_survival_approximation;phred_scores_treated_as_calibrated_probabilities;genome_background_uniqueness_not_verified
TXF000777	63	30	0.0000	28.9058	0.0000	0.0000	0.0000	0.0000	7.1664	total_read_bases_divided_by_genome_size	0.0000	0.96548517	0	NA	NA	NA	NA	22513640774	medium	haploid_depth_estimated_from_total_read_bases_and_genome_size;independent_base_error_survival_approximation;phred_scores_treated_as_calibrated_probabilities;genome_background_uniqueness_not_verified
TXF000778	86	54	67.3237	28.9058	2.3291	200.3004	33.1440	0.0000	8.5602	total_read_bases_divided_by_genome_size	65.0000	0.96548517	0	NA	NA	NA	NA	22513640774	medium	haploid_depth_estimated_from_total_read_bases_and_genome_size;independent_base_error_survival_approximation;phred_scores_treated_as_calibrated_probabilities;genome_background_uniqueness_not_verified
TXF000779	53	21	446.4077	28.9058	15.4436	818.5086	76.6454	7.8830	23.6849	total_read_bases_divided_by_genome_size	431.0000	0.96548517	0	NA	NA	NA	NA	22513640774	medium	haploid_depth_estimated_from_total_read_bases_and_genome_size;independent_base_error_survival_approximation;phred_scores_treated_as_calibrated_probabilities;genome_background_uniqueness_not_verified
TXF000780	85	58	131.0222	28.9058	4.5327	385.2827	81.8241	1.7558	20.1196	total_read_bases_divided_by_genome_size	126.5000	0.96548517	0	NA	NA	NA	NA	22513640774	medium	haploid_depth_estimated_from_total_read_bases_and_genome_size;independent_base_error_survival_approximation;phred_scores_treated_as_calibrated_probabilities;genome_background_uniqueness_not_verified
TXF000781	59	36	68.8773	28.9058	2.3828	140.5865	68.8773	0.0000	71.2339	total_read_bases_divided_by_genome_size	66.5000	0.96548517	0	NA	NA	NA	NA	22513640774	medium	haploid_depth_estimated_from_total_read_bases_and_genome_size;independent_base_error_survival_approximation;phred_scores_treated_as_calibrated_probabilities;genome_background_uniqueness_not_verified
TXF000782	86	56	483.6946	28.9058	16.7335	1439.0816	329.8860	0.9854	41.5650	total_read_bases_divided_by_genome_size	467.0000	0.96548517	0	NA	NA	NA	NA	22513640774	medium	haploid_depth_estimated_from_total_read_bases_and_genome_size;independent_base_error_survival_approximation;phred_scores_treated_as_calibrated_probabilities;genome_background_uniqueness_not_verified
TXF000783	85	49	382.1913	28.9058	13.2220	1123.8682	382.1913	0.0000	46.2948	total_read_bases_divided_by_genome_size	369.0000	0.96548517	0	NA	NA	NA	NA	22513640774	medium	haploid_depth_estimated_from_total_read_bases_and_genome_size;independent_base_error_survival_approximation;phred_scores_treated_as_calibrated_probabilities;genome_background_uniqueness_not_verified
TXF000784	84	44	33.1440	28.9058	1.1466	96.3162	33.1440	0.0000	27.2573	total_read_bases_divided_by_genome_size	32.0000	0.96548517	0	NA	NA	NA	NA	22513640774	medium	haploid_depth_estimated_from_total_read_bases_and_genome_size;independent_base_error_survival_approximation;phred_scores_treated_as_calibrated_probabilities;genome_background_uniqueness_not_verified
TXF000785	59	35	46.6087	28.9058	1.6124	95.1337	21.7507	0.8241	50.1719	total_read_bases_divided_by_genome_size	45.0000	0.96548517	0	NA	NA	NA	NA	22513640774	medium	haploid_depth_estimated_from_total_read_bases_and_genome_size;independent_base_error_survival_approximation;phred_scores_treated_as_calibrated_probabilities;genome_background_uniqueness_not_verified
TXF000786	65	54	106.6821	28.9058	3.6907	239.8947	28.4831	0.0000	5.8764	total_read_bases_divided_by_genome_size	103.0000	0.96548517	0	NA	NA	NA	NA	22513640774	medium	haploid_depth_estimated_from_total_read_bases_and_genome_size;independent_base_error_survival_approximation;phred_scores_treated_as_calibrated_probabilities;genome_background_uniqueness_not_verified
TXF000787	75	75	324.1893	28.9058	11.2154	841.1543	68.3594	9.4238	25.3905	total_read_bases_divided_by_genome_size	313.0000	0.96548517	0	NA	NA	NA	NA	22513640774	medium	haploid_depth_estimated_from_total_read_bases_and_genome_size;independent_base_error_survival_approximation;phred_scores_treated_as_calibrated_probabilities;genome_background_uniqueness_not_verified
TXF000788	85	31	128.4328	28.9058	4.4432	377.6684	102.5391	1.8633	32.2487	total_read_bases_divided_by_genome_size	124.0000	0.96548517	0	NA	NA	NA	NA	22513640774	medium	haploid_depth_estimated_from_total_read_bases_and_genome_size;independent_base_error_survival_approximation;phred_scores_treated_as_calibrated_probabilities;genome_background_uniqueness_not_verified
TXF000789	86	86	514.7671	28.9058	17.8085	1531.5279	428.2821	0.0000	28.1639	total_read_bases_divided_by_genome_size	497.0000	0.96548517	0	NA	NA	NA	NA	22513640774	medium	haploid_depth_estimated_from_total_read_bases_and_genome_size;independent_base_error_survival_approximation;phred_scores_treated_as_calibrated_probabilities;genome_background_uniqueness_not_verified
TXF000790	67	21	0.0000	28.9058	0.0000	0.0000	0.0000	0.0000	2.9740	total_read_bases_divided_by_genome_size	0.0000	0.96548517	0	NA	NA	NA	NA	22513640774	medium	haploid_depth_estimated_from_total_read_bases_and_genome_size;independent_base_error_survival_approximation;phred_scores_treated_as_calibrated_probabilities;genome_background_uniqueness_not_verified
TXF000791	80	80	54.8947	28.9058	1.8991	151.9273	21.7507	0.9495	5.8621	total_read_bases_divided_by_genome_size	53.0000	0.96548517	0	NA	NA	NA	NA	22513640774	medium	haploid_depth_estimated_from_total_read_bases_and_genome_size;independent_base_error_survival_approximation;phred_scores_treated_as_calibrated_probabilities;genome_background_uniqueness_not_verified
TXF000792	80	80	139.8261	28.9058	4.8373	386.9847	33.1440	2.0783	8.7107	total_read_bases_divided_by_genome_size	135.0000	0.96548517	0	NA	NA	NA	NA	22513640774	medium	haploid_depth_estimated_from_total_read_bases_and_genome_size;independent_base_error_survival_approximation;phred_scores_treated_as_calibrated_probabilities;genome_background_uniqueness_not_verified
TXF000793	43	38	167.7913	28.9058	5.8048	249.6052	73.0203	2.9633	12.0001	total_read_bases_divided_by_genome_size	162.0000	0.96548517	0	NA	NA	NA	NA	22513640774	medium	haploid_depth_estimated_from_total_read_bases_and_genome_size;independent_base_error_survival_approximation;phred_scores_treated_as_calibrated_probabilities;genome_background_uniqueness_not_verified
TXF000794	72	72	506.4811	28.9058	17.5218	1261.5702	501.8202	0.0000	47.5239	total_read_bases_divided_by_genome_size	489.0000	0.96548517	0	NA	NA	NA	NA	22513640774	medium	haploid_depth_estimated_from_total_read_bases_and_genome_size;independent_base_error_survival_approximation;phred_scores_treated_as_calibrated_probabilities;genome_background_uniqueness_not_verified
TXF000795	48	21	255.8299	28.9058	8.8505	424.8232	149.1478	1.9708	49.8064	total_read_bases_divided_by_genome_size	247.0000	0.96548517	0	NA	NA	NA	NA	22513640774	medium	haploid_depth_estimated_from_total_read_bases_and_genome_size;independent_base_error_survival_approximation;phred_scores_treated_as_calibrated_probabilities;genome_background_uniqueness_not_verified
TXF000796	49	0	0.0000	28.9058	0.0000	0.0000	0.0000	0.0000	0.0000	total_read_bases_divided_by_genome_size	0.0000	0.96548517	0	NA	NA	NA	NA	22513640774	low	haploid_depth_estimated_from_total_read_bases_and_genome_size;independent_base_error_survival_approximation;phred_scores_treated_as_calibrated_probabilities;no_diagnostic_kmers
TXF000797	36	36	125.3256	28.9058	4.3357	156.0838	100.4676	0.8600	17.4681	total_read_bases_divided_by_genome_size	121.0000	0.96548517	0	NA	NA	NA	NA	22513640774	medium	haploid_depth_estimated_from_total_read_bases_and_genome_size;independent_base_error_survival_approximation;phred_scores_treated_as_calibrated_probabilities;genome_background_uniqueness_not_verified
TXF000798	74	74	27.9652	28.9058	0.9675	71.5922	1.0357	0.0000	2.0066	total_read_bases_divided_by_genome_size	27.0000	0.96548517	0	NA	NA	NA	NA	22513640774	medium	haploid_depth_estimated_from_total_read_bases_and_genome_size;independent_base_error_survival_approximation;phred_scores_treated_as_calibrated_probabilities;genome_background_uniqueness_not_verified
TXF000799	43	25	290.0096	28.9058	10.0329	431.4163	111.8609	5.0666	49.6989	total_read_bases_divided_by_genome_size	280.0000	0.96548517	0	NA	NA	NA	NA	22513640774	medium	haploid_depth_estimated_from_total_read_bases_and_genome_size;independent_base_error_survival_approximation;phred_scores_treated_as_calibrated_probabilities;genome_background_uniqueness_not_verified
TXF000800	59	31	25.8937	28.9058	0.8958	52.8521	21.7507	0.0000	1.6483	total_read_bases_divided_by_genome_size	25.0000	0.96548517	0	NA	NA	NA	NA	22513640774	medium	haploid_depth_estimated_from_total_read_bases_and_genome_size;independent_base_error_survival_approximation;phred_scores_treated_as_calibrated_probabilities;genome_background_uniqueness_not_verified
TXF000801	74	74	125.8435	28.9058	4.3536	322.1648	13.9826	3.7480	5.3031	total_read_bases_divided_by_genome_size	121.5000	0.96548517	0	NA	NA	NA	NA	22513640774	medium	haploid_depth_estimated_from_total_read_bases_and_genome_size;independent_base_error_survival_approximation;phred_scores_treated_as_calibrated_probabilities;genome_background_uniqueness_not_verified
TXF000802	59	32	262.0444	28.9058	9.0655	534.8631	78.1990	3.4757	14.6087	total_read_bases_divided_by_genome_size	253.0000	0.96548517	0	NA	NA	NA	NA	22513640774	medium	haploid_depth_estimated_from_total_read_bases_and_genome_size;independent_base_error_survival_approximation;phred_scores_treated_as_calibrated_probabilities;genome_background_uniqueness_not_verified
TXF000803	46	23	0.0000	28.9058	0.0000	0.0000	0.0000	0.0000	15.7589	total_read_bases_divided_by_genome_size	0.0000	0.96548517	0	NA	NA	NA	NA	22513640774	medium	haploid_depth_estimated_from_total_read_bases_and_genome_size;independent_base_error_survival_approximation;phred_scores_treated_as_calibrated_probabilities;genome_background_uniqueness_not_verified
TXF000804	47	38	784.0618	28.9058	27.1248	1274.8639	614.7169	5.4429	138.0210	total_read_bases_divided_by_genome_size	757.0000	0.96548517	0	NA	NA	NA	NA	22513640774	medium	haploid_depth_estimated_from_total_read_bases_and_genome_size;independent_base_error_survival_approximation;phred_scores_treated_as_calibrated_probabilities;genome_background_uniqueness_not_verified
TXF000805	44	42	971.5323	28.9058	33.6103	1478.8550	552.0541	13.6555	193.2236	total_read_bases_divided_by_genome_size	938.0000	0.96548517	0	NA	NA	NA	NA	22513640774	medium	haploid_depth_estimated_from_total_read_bases_and_genome_size;independent_base_error_survival_approximation;phred_scores_treated_as_calibrated_probabilities;genome_background_uniqueness_not_verified
TXF000806	71	71	409.1207	28.9058	14.1536	1004.9062	296.2241	1.8991	26.7306	total_read_bases_divided_by_genome_size	395.0000	0.96548517	0	NA	NA	NA	NA	22513640774	medium	haploid_depth_estimated_from_total_read_bases_and_genome_size;independent_base_error_survival_approximation;phred_scores_treated_as_calibrated_probabilities;genome_background_uniqueness_not_verified
TXF000807	52	17	501.3024	28.9058	17.3426	901.8178	47.6444	15.9954	59.6028	total_read_bases_divided_by_genome_size	484.0000	0.96548517	0	NA	NA	NA	NA	22513640774	medium	haploid_depth_estimated_from_total_read_bases_and_genome_size;independent_base_error_survival_approximation;phred_scores_treated_as_calibrated_probabilities;genome_background_uniqueness_not_verified
TXF000808	35	7	993.0758	28.9058	34.3556	1202.4476	16.9863	33.1933	36.5930	total_read_bases_divided_by_genome_size	958.8000	0.96548517	0	NA	NA	NA	NA	22513640774	medium	haploid_depth_estimated_from_total_read_bases_and_genome_size;independent_base_error_survival_approximation;phred_scores_treated_as_calibrated_probabilities;genome_background_uniqueness_not_verified
TXF000809	44	27	417.4067	28.9058	14.4403	635.3716	275.5092	3.4184	40.5259	total_read_bases_divided_by_genome_size	403.0000	0.96548517	0	NA	NA	NA	NA	22513640774	medium	haploid_depth_estimated_from_total_read_bases_and_genome_size;independent_base_error_survival_approximation;phred_scores_treated_as_calibrated_probabilities;genome_background_uniqueness_not_verified
TXF000810	44	30	745.7391	28.9058	25.7990	1135.1552	592.9661	2.5082	57.6321	total_read_bases_divided_by_genome_size	720.0000	0.96548517	0	NA	NA	NA	NA	22513640774	medium	haploid_depth_estimated_from_total_read_bases_and_genome_size;independent_base_error_survival_approximation;phred_scores_treated_as_calibrated_probabilities;genome_background_uniqueness_not_verified
TXF000811	32	5	786.1333	28.9058	27.1964	870.2857	40.9121	13.5480	28.5330	total_read_bases_divided_by_genome_size	759.0000	0.96548517	0	NA	NA	NA	NA	22513640774	medium	haploid_depth_estimated_from_total_read_bases_and_genome_size;independent_base_error_survival_approximation;phred_scores_treated_as_calibrated_probabilities;genome_background_uniqueness_not_verified
TXF000812	35	35	408.0850	28.9058	14.1178	494.1222	32.1082	6.1273	16.7550	total_read_bases_divided_by_genome_size	394.0000	0.96548517	0	NA	NA	NA	NA	22513640774	medium	haploid_depth_estimated_from_total_read_bases_and_genome_size;independent_base_error_survival_approximation;phred_scores_treated_as_calibrated_probabilities;genome_background_uniqueness_not_verified
TXF000813	66	66	30.0367	28.9058	1.0391	68.5823	1.0357	0.0000	1.1108	total_read_bases_divided_by_genome_size	29.0000	0.96548517	0	NA	NA	NA	NA	22513640774	medium	haploid_depth_estimated_from_total_read_bases_and_genome_size;independent_base_error_survival_approximation;phred_scores_treated_as_calibrated_probabilities;genome_background_uniqueness_not_verified
TXF000814	52	48	321.0821	28.9058	11.1079	577.6106	133.6116	2.7949	95.8611	total_read_bases_divided_by_genome_size	310.0000	0.96548517	0	NA	NA	NA	NA	22513640774	medium	haploid_depth_estimated_from_total_read_bases_and_genome_size;independent_base_error_survival_approximation;phred_scores_treated_as_calibrated_probabilities;genome_background_uniqueness_not_verified
TXF000815	36	33	155.3623	28.9058	5.3748	193.4924	128.4328	0.9316	28.6154	total_read_bases_divided_by_genome_size	150.0000	0.96548517	0	NA	NA	NA	NA	22513640774	medium	haploid_depth_estimated_from_total_read_bases_and_genome_size;independent_base_error_survival_approximation;phred_scores_treated_as_calibrated_probabilities;genome_background_uniqueness_not_verified
TXF000816	63	41	616.2705	28.9058	21.3200	1343.1595	154.3266	9.9971	144.5101	total_read_bases_divided_by_genome_size	595.0000	0.96548517	0	NA	NA	NA	NA	22513640774	medium	haploid_depth_estimated_from_total_read_bases_and_genome_size;independent_base_error_survival_approximation;phred_scores_treated_as_calibrated_probabilities;genome_background_uniqueness_not_verified
TXF000817	59	22	80.7884	28.9058	2.7949	164.8985	20.7150	1.6124	4.8946	total_read_bases_divided_by_genome_size	78.0000	0.96548517	0	NA	NA	NA	NA	22513640774	medium	haploid_depth_estimated_from_total_read_bases_and_genome_size;independent_base_error_survival_approximation;phred_scores_treated_as_calibrated_probabilities;genome_background_uniqueness_not_verified
TXF000818	44	21	179.1845	28.9058	6.1989	272.7526	44.5372	3.7624	13.2220	total_read_bases_divided_by_genome_size	173.0000	0.96548517	0	NA	NA	NA	NA	22513640774	medium	haploid_depth_estimated_from_total_read_bases_and_genome_size;independent_base_error_survival_approximation;phred_scores_treated_as_calibrated_probabilities;genome_background_uniqueness_not_verified
TXF000819	64	45	48.6802	28.9058	1.6841	107.7824	1.0357	0.0143	2.1499	total_read_bases_divided_by_genome_size	47.0000	0.96548517	0	NA	NA	NA	NA	22513640774	medium	haploid_depth_estimated_from_total_read_bases_and_genome_size;independent_base_error_survival_approximation;phred_scores_treated_as_calibrated_probabilities;genome_background_uniqueness_not_verified
TXF000820	49	34	23.8222	28.9058	0.8241	40.3826	23.8222	0.0000	14.1715	total_read_bases_divided_by_genome_size	23.0000	0.96548517	0	NA	NA	NA	NA	22513640774	medium	haploid_depth_estimated_from_total_read_bases_and_genome_size;independent_base_error_survival_approximation;phred_scores_treated_as_calibrated_probabilities;genome_background_uniqueness_not_verified
TXF000821	34	21	2032.1389	28.9058	70.3022	2390.2757	882.4579	16.8410	100.8310	total_read_bases_divided_by_genome_size	1962.0000	0.96548517	0	NA	NA	NA	NA	22513640774	medium	haploid_depth_estimated_from_total_read_bases_and_genome_size;independent_base_error_survival_approximation;phred_scores_treated_as_calibrated_probabilities;genome_background_uniqueness_not_verified
TXF000822	39	39	170.8985	28.9058	5.9123	230.5784	1.0357	5.8764	13.1575	total_read_bases_divided_by_genome_size	165.0000	0.96548517	0	NA	NA	NA	NA	22513640774	medium	haploid_depth_estimated_from_total_read_bases_and_genome_size;independent_base_error_survival_approximation;phred_scores_treated_as_calibrated_probabilities;genome_background_uniqueness_not_verified
TXF000823	62	38	459.3545	28.9058	15.8915	985.2703	276.5449	0.0000	34.7964	total_read_bases_divided_by_genome_size	443.5000	0.96548517	0	NA	NA	NA	NA	22513640774	medium	haploid_depth_estimated_from_total_read_bases_and_genome_size;independent_base_error_survival_approximation;phred_scores_treated_as_calibrated_probabilities;genome_background_uniqueness_not_verified
TXF000824	62	24	177.1130	28.9058	6.1273	379.8900	74.5739	0.0000	11.8783	total_read_bases_divided_by_genome_size	171.0000	0.96548517	0	NA	NA	NA	NA	22513640774	medium	haploid_depth_estimated_from_total_read_bases_and_genome_size;independent_base_error_survival_approximation;phred_scores_treated_as_calibrated_probabilities;genome_background_uniqueness_not_verified
TXF000825	62	35	13.4647	28.9058	0.4658	28.8805	13.4647	0.0000	1.7773	total_read_bases_divided_by_genome_size	13.0000	0.96548517	0	NA	NA	NA	NA	22513640774	medium	haploid_depth_estimated_from_total_read_bases_and_genome_size;independent_base_error_survival_approximation;phred_scores_treated_as_calibrated_probabilities;genome_background_uniqueness_not_verified
TXF000826	49	23	0.0000	28.9058	0.0000	0.0000	0.0000	0.0000	33.1374	total_read_bases_divided_by_genome_size	0.0000	0.96548517	0	NA	NA	NA	NA	22513640774	medium	haploid_depth_estimated_from_total_read_bases_and_genome_size;independent_base_error_survival_approximation;phred_scores_treated_as_calibrated_probabilities;genome_background_uniqueness_not_verified
TXF000827	46	44	465.0512	28.9058	16.0885	740.0725	465.0512	0.0000	45.9043	total_read_bases_divided_by_genome_size	449.0000	0.96548517	0	NA	NA	NA	NA	22513640774	medium	haploid_depth_estimated_from_total_read_bases_and_genome_size;independent_base_error_survival_approximation;phred_scores_treated_as_calibrated_probabilities;genome_background_uniqueness_not_verified
TXF000828	44	24	62.1449	28.9058	2.1499	94.5963	25.3758	1.2649	53.1423	total_read_bases_divided_by_genome_size	60.0000	0.96548517	0	NA	NA	NA	NA	22513640774	medium	haploid_depth_estimated_from_total_read_bases_and_genome_size;independent_base_error_survival_approximation;phred_scores_treated_as_calibrated_probabilities;genome_background_uniqueness_not_verified
TXF000829	44	32	328.8502	28.9058	11.3766	500.5719	280.6879	0.0430	37.9281	total_read_bases_divided_by_genome_size	317.5000	0.96548517	0	NA	NA	NA	NA	22513640774	medium	haploid_depth_estimated_from_total_read_bases_and_genome_size;independent_base_error_survival_approximation;phred_scores_treated_as_calibrated_probabilities;genome_background_uniqueness_not_verified
TXF000830	52	52	100.4676	28.9058	3.4757	180.7362	55.9304	1.5408	37.3476	total_read_bases_divided_by_genome_size	97.0000	0.96548517	0	NA	NA	NA	NA	22513640774	medium	haploid_depth_estimated_from_total_read_bases_and_genome_size;independent_base_error_survival_approximation;phred_scores_treated_as_calibrated_probabilities;genome_background_uniqueness_not_verified
TXF000831	60	60	96.8425	28.9058	3.3503	201.0171	44.0193	1.8274	12.2545	total_read_bases_divided_by_genome_size	93.5000	0.96548517	0	NA	NA	NA	NA	22513640774	medium	haploid_depth_estimated_from_total_read_bases_and_genome_size;independent_base_error_survival_approximation;phred_scores_treated_as_calibrated_probabilities;genome_background_uniqueness_not_verified
TXF000832	42	42	51.7874	28.9058	1.7916	75.2470	1.0357	1.7558	4.4002	total_read_bases_divided_by_genome_size	50.0000	0.96548517	0	NA	NA	NA	NA	22513640774	medium	haploid_depth_estimated_from_total_read_bases_and_genome_size;independent_base_error_survival_approximation;phred_scores_treated_as_calibrated_probabilities;genome_background_uniqueness_not_verified
TXF000833	51	51	419.4782	28.9058	14.5119	740.1083	128.4328	10.7496	59.0510	total_read_bases_divided_by_genome_size	405.0000	0.96548517	0	NA	NA	NA	NA	22513640774	medium	haploid_depth_estimated_from_total_read_bases_and_genome_size;independent_base_error_survival_approximation;phred_scores_treated_as_calibrated_probabilities;genome_background_uniqueness_not_verified
TXF000834	44	38	782.5081	28.9058	27.0710	1191.1247	473.8550	0.0752	50.8025	total_read_bases_divided_by_genome_size	755.5000	0.96548517	0	NA	NA	NA	NA	22513640774	medium	haploid_depth_estimated_from_total_read_bases_and_genome_size;independent_base_error_survival_approximation;phred_scores_treated_as_calibrated_probabilities;genome_background_uniqueness_not_verified
TXF000835	44	44	164.1662	28.9058	5.6794	249.8918	117.0396	1.6124	148.8028	total_read_bases_divided_by_genome_size	158.5000	0.96548517	0	NA	NA	NA	NA	22513640774	medium	haploid_depth_estimated_from_total_read_bases_and_genome_size;independent_base_error_survival_approximation;phred_scores_treated_as_calibrated_probabilities;genome_background_uniqueness_not_verified
TXF000836	30	30	272.9198	28.9058	9.4417	283.2513	208.7034	1.9063	18.0987	total_read_bases_divided_by_genome_size	263.5000	0.96548517	0	NA	NA	NA	NA	22513640774	medium	haploid_depth_estimated_from_total_read_bases_and_genome_size;independent_base_error_survival_approximation;phred_scores_treated_as_calibrated_probabilities;genome_background_uniqueness_not_verified
TXF000837	55	51	733.3101	28.9058	25.3690	1395.2950	277.5807	0.0000	53.4612	total_read_bases_divided_by_genome_size	708.0000	0.96548517	0	NA	NA	NA	NA	22513640774	medium	haploid_depth_estimated_from_total_read_bases_and_genome_size;independent_base_error_survival_approximation;phred_scores_treated_as_calibrated_probabilities;genome_background_uniqueness_not_verified
TXF000838	54	43	962.2105	28.9058	33.2879	1797.5441	849.8318	7.8544	112.6914	total_read_bases_divided_by_genome_size	929.0000	0.96548517	0	NA	NA	NA	NA	22513640774	medium	haploid_depth_estimated_from_total_read_bases_and_genome_size;independent_base_error_survival_approximation;phred_scores_treated_as_calibrated_probabilities;genome_background_uniqueness_not_verified
TXF000839	45	45	80.7884	28.9058	2.7949	125.7700	80.7884	0.0000	15.5797	total_read_bases_divided_by_genome_size	78.0000	0.96548517	0	NA	NA	NA	NA	22513640774	medium	haploid_depth_estimated_from_total_read_bases_and_genome_size;independent_base_error_survival_approximation;phred_scores_treated_as_calibrated_probabilities;genome_background_uniqueness_not_verified
TXF000840	56	56	1522.0327	28.9058	52.6550	2948.6804	1156.9313	11.6991	105.1667	total_read_bases_divided_by_genome_size	1469.5000	0.96548517	0	NA	NA	NA	NA	22513640774	medium	haploid_depth_estimated_from_total_read_bases_and_genome_size;independent_base_error_survival_approximation;phred_scores_treated_as_calibrated_probabilities;genome_background_uniqueness_not_verified
TXF000841	48	48	827.5632	28.9058	28.6297	1374.2258	827.5632	0.0000	61.8638	total_read_bases_divided_by_genome_size	799.0000	0.96548517	0	NA	NA	NA	NA	22513640774	medium	haploid_depth_estimated_from_total_read_bases_and_genome_size;independent_base_error_survival_approximation;phred_scores_treated_as_calibrated_probabilities;genome_background_uniqueness_not_verified
TXF000842	30	30	576.9120	28.9058	19.9584	598.7514	117.5575	10.1798	201.0171	total_read_bases_divided_by_genome_size	557.0000	0.96548517	0	NA	NA	NA	NA	22513640774	medium	haploid_depth_estimated_from_total_read_bases_and_genome_size;independent_base_error_survival_approximation;phred_scores_treated_as_calibrated_probabilities;genome_background_uniqueness_not_verified
TXF000843	51	51	230.9720	28.9058	7.9905	407.5164	176.0773	0.0000	34.8645	total_read_bases_divided_by_genome_size	223.0000	0.96548517	0	NA	NA	NA	NA	22513640774	medium	haploid_depth_estimated_from_total_read_bases_and_genome_size;independent_base_error_survival_approximation;phred_scores_treated_as_calibrated_probabilities;genome_background_uniqueness_not_verified
TXF000844	53	53	132.5758	28.9058	4.5865	243.0837	22.7865	0.0000	6.9514	total_read_bases_divided_by_genome_size	128.0000	0.96548517	0	NA	NA	NA	NA	22513640774	medium	haploid_depth_estimated_from_total_read_bases_and_genome_size;independent_base_error_survival_approximation;phred_scores_treated_as_calibrated_probabilities;genome_background_uniqueness_not_verified
TXF000845	42	42	45.5729	28.9058	1.5766	66.2174	45.5729	0.0000	4.5148	total_read_bases_divided_by_genome_size	44.0000	0.96548517	0	NA	NA	NA	NA	22513640774	medium	haploid_depth_estimated_from_total_read_bases_and_genome_size;independent_base_error_survival_approximation;phred_scores_treated_as_calibrated_probabilities;genome_background_uniqueness_not_verified
TXF000846	40	28	18.6435	28.9058	0.6450	25.7990	18.6435	0.0000	97.4055	total_read_bases_divided_by_genome_size	18.0000	0.96548517	0	NA	NA	NA	NA	22513640774	medium	haploid_depth_estimated_from_total_read_bases_and_genome_size;independent_base_error_survival_approximation;phred_scores_treated_as_calibrated_probabilities;genome_background_uniqueness_not_verified
TXF000847	52	36	245.4724	28.9058	8.4922	441.5926	245.4724	0.0000	17.6114	total_read_bases_divided_by_genome_size	237.0000	0.96548517	0	NA	NA	NA	NA	22513640774	medium	haploid_depth_estimated_from_total_read_bases_and_genome_size;independent_base_error_survival_approximation;phred_scores_treated_as_calibrated_probabilities;genome_background_uniqueness_not_verified
TXF000848	45	45	40.3942	28.9058	1.3974	62.8850	40.3942	0.0000	14.3328	total_read_bases_divided_by_genome_size	39.0000	0.96548517	0	NA	NA	NA	NA	22513640774	medium	haploid_depth_estimated_from_total_read_bases_and_genome_size;independent_base_error_survival_approximation;phred_scores_treated_as_calibrated_probabilities;genome_background_uniqueness_not_verified
TXF000849	33	33	348.0116	28.9058	12.0395	397.3043	97.3604	2.7089	15.7230	total_read_bases_divided_by_genome_size	336.0000	0.96548517	0	NA	NA	NA	NA	22513640774	medium	haploid_depth_estimated_from_total_read_bases_and_genome_size;independent_base_error_survival_approximation;phred_scores_treated_as_calibrated_probabilities;genome_background_uniqueness_not_verified
TXF000850	43	43	120.1468	28.9058	4.1565	178.7296	49.7159	0.0000	9.0726	total_read_bases_divided_by_genome_size	116.0000	0.96548517	0	NA	NA	NA	NA	22513640774	medium	haploid_depth_estimated_from_total_read_bases_and_genome_size;independent_base_error_survival_approximation;phred_scores_treated_as_calibrated_probabilities;genome_background_uniqueness_not_verified
TXF000851	36	30	2575.3891	28.9058	89.0961	3207.4585	848.7961	17.8335	299.3219	total_read_bases_divided_by_genome_size	2486.5000	0.96548517	0	NA	NA	NA	NA	22513640774	medium	haploid_depth_estimated_from_total_read_bases_and_genome_size;independent_base_error_survival_approximation;phred_scores_treated_as_calibrated_probabilities;genome_background_uniqueness_not_verified
TXF000852	48	22	0.0000	28.9058	0.0000	0.0000	0.0000	0.0000	29.9161	total_read_bases_divided_by_genome_size	0.0000	0.96548517	0	NA	NA	NA	NA	22513640774	medium	haploid_depth_estimated_from_total_read_bases_and_genome_size;independent_base_error_survival_approximation;phred_scores_treated_as_calibrated_probabilities;genome_background_uniqueness_not_verified
TXF000853	45	45	6654.6854	28.9058	230.2201	10359.9039	1863.3119	0.0000	300.8735	total_read_bases_divided_by_genome_size	6425.0000	0.96548517	0	NA	NA	NA	NA	22513640774	medium	haploid_depth_estimated_from_total_read_bases_and_genome_size;independent_base_error_survival_approximation;phred_scores_treated_as_calibrated_probabilities;genome_background_uniqueness_not_verified
TXF000854	51	51	563.4473	28.9058	19.4926	994.1208	24.8580	0.0000	20.6750	total_read_bases_divided_by_genome_size	544.0000	0.96548517	0	NA	NA	NA	NA	22513640774	medium	haploid_depth_estimated_from_total_read_bases_and_genome_size;independent_base_error_survival_approximation;phred_scores_treated_as_calibrated_probabilities;genome_background_uniqueness_not_verified
TXF000855	45	11	321.0821	28.9058	11.1079	499.8553	1.0357	7.0947	11.1437	total_read_bases_divided_by_genome_size	310.0000	0.96548517	0	NA	NA	NA	NA	22513640774	medium	haploid_depth_estimated_from_total_read_bases_and_genome_size;independent_base_error_survival_approximation;phred_scores_treated_as_calibrated_probabilities;genome_background_uniqueness_not_verified
TXF000856	51	51	167.7913	28.9058	5.8048	296.0433	137.7546	0.0000	10.5704	total_read_bases_divided_by_genome_size	162.0000	0.96548517	0	NA	NA	NA	NA	22513640774	medium	haploid_depth_estimated_from_total_read_bases_and_genome_size;independent_base_error_survival_approximation;phred_scores_treated_as_calibrated_probabilities;genome_background_uniqueness_not_verified
TXF000857	50	22	20.7150	28.9058	0.7166	35.8319	20.7150	0.0000	169.3417	total_read_bases_divided_by_genome_size	20.0000	0.96548517	0	NA	NA	NA	NA	22513640774	medium	haploid_depth_estimated_from_total_read_bases_and_genome_size;independent_base_error_survival_approximation;phred_scores_treated_as_calibrated_probabilities;genome_background_uniqueness_not_verified
TXF000858	46	13	0.0000	28.9058	0.0000	0.0000	0.0000	0.0000	0.7811	total_read_bases_divided_by_genome_size	0.0000	0.96548517	0	NA	NA	NA	NA	22513640774	medium	haploid_depth_estimated_from_total_read_bases_and_genome_size;independent_base_error_survival_approximation;phred_scores_treated_as_calibrated_probabilities;genome_background_uniqueness_not_verified
TXF000859	39	28	21.7507	28.9058	0.7525	29.3463	1.5536	0.6808	11.5235	total_read_bases_divided_by_genome_size	21.0000	0.96548517	0	NA	NA	NA	NA	22513640774	medium	haploid_depth_estimated_from_total_read_bases_and_genome_size;independent_base_error_survival_approximation;phred_scores_treated_as_calibrated_probabilities;genome_background_uniqueness_not_verified
TXF000860	38	38	94.7710	28.9058	3.2786	124.5876	26.4116	2.1607	4.3715	total_read_bases_divided_by_genome_size	91.5000	0.96548517	0	NA	NA	NA	NA	22513640774	medium	haploid_depth_estimated_from_total_read_bases_and_genome_size;independent_base_error_survival_approximation;phred_scores_treated_as_calibrated_probabilities;genome_background_uniqueness_not_verified
TXF000861	48	48	138.7903	28.9058	4.8015	230.4709	29.0010	3.5079	61.8065	total_read_bases_divided_by_genome_size	134.0000	0.96548517	0	NA	NA	NA	NA	22513640774	medium	haploid_depth_estimated_from_total_read_bases_and_genome_size;independent_base_error_survival_approximation;phred_scores_treated_as_calibrated_probabilities;genome_background_uniqueness_not_verified
TXF000862	31	31	84.9314	28.9058	2.9382	91.0847	1.0357	2.7949	4.2282	total_read_bases_divided_by_genome_size	82.0000	0.96548517	0	NA	NA	NA	NA	22513640774	medium	haploid_depth_estimated_from_total_read_bases_and_genome_size;independent_base_error_survival_approximation;phred_scores_treated_as_calibrated_probabilities;genome_background_uniqueness_not_verified
TXF000863	48	30	111.8609	28.9058	3.8698	185.7527	101.5034	0.0000	17.0524	total_read_bases_divided_by_genome_size	108.0000	0.96548517	0	NA	NA	NA	NA	22513640774	medium	haploid_depth_estimated_from_total_read_bases_and_genome_size;independent_base_error_survival_approximation;phred_scores_treated_as_calibrated_probabilities;genome_background_uniqueness_not_verified
TXF000864	43	43	137.7546	28.9058	4.7656	204.9228	18.6435	2.4366	5.2673	total_read_bases_divided_by_genome_size	133.0000	0.96548517	0	NA	NA	NA	NA	22513640774	medium	haploid_depth_estimated_from_total_read_bases_and_genome_size;independent_base_error_survival_approximation;phred_scores_treated_as_calibrated_probabilities;genome_background_uniqueness_not_verified
TXF000865	40	40	1327.3120	28.9058	45.9186	1836.7442	527.1961	0.0000	94.4529	total_read_bases_divided_by_genome_size	1281.5000	0.96548517	0	NA	NA	NA	NA	22513640774	medium	haploid_depth_estimated_from_total_read_bases_and_genome_size;independent_base_error_survival_approximation;phred_scores_treated_as_calibrated_probabilities;genome_background_uniqueness_not_verified
TXF000866	41	41	118.0754	28.9058	4.0848	167.4784	24.8580	3.2965	6.1989	total_read_bases_divided_by_genome_size	114.0000	0.96548517	0	NA	NA	NA	NA	22513640774	medium	haploid_depth_estimated_from_total_read_bases_and_genome_size;independent_base_error_survival_approximation;phred_scores_treated_as_calibrated_probabilities;genome_background_uniqueness_not_verified
TXF000867	369	103	3138.3185	28.9058	108.5707	40062.5950	1110.3226	2.9382	162.2469	total_read_bases_divided_by_genome_size	3030.0000	0.96548517	0	NA	NA	NA	NA	22513640774	medium	haploid_depth_estimated_from_total_read_bases_and_genome_size;independent_base_error_survival_approximation;phred_scores_treated_as_calibrated_probabilities;genome_background_uniqueness_not_verified
TXF000868	306	0	0.0000	28.9058	0.0000	0.0000	0.0000	0.0000	0.0000	total_read_bases_divided_by_genome_size	0.0000	0.96548517	0	NA	NA	NA	NA	22513640774	low	haploid_depth_estimated_from_total_read_bases_and_genome_size;independent_base_error_survival_approximation;phred_scores_treated_as_calibrated_probabilities;no_diagnostic_kmers
TXF000869	254	22	30.0367	28.9058	1.0391	263.9379	19.1614	0.3583	106.4566	total_read_bases_divided_by_genome_size	29.0000	0.96548517	0	NA	NA	NA	NA	22513640774	medium	haploid_depth_estimated_from_total_read_bases_and_genome_size;independent_base_error_survival_approximation;phred_scores_treated_as_calibrated_probabilities;genome_background_uniqueness_not_verified
TXF000870	920	506	751.4357	28.9058	25.9961	23916.3735	562.9294	2.9024	89.5261	total_read_bases_divided_by_genome_size	725.5000	0.96548517	0	NA	NA	NA	NA	22513640774	medium	haploid_depth_estimated_from_total_read_bases_and_genome_size;independent_base_error_survival_approximation;phred_scores_treated_as_calibrated_probabilities;genome_background_uniqueness_not_verified
TXF000871	921	498	367.6908	28.9058	12.7203	11715.4255	367.6908	0.0000	110.4913	total_read_bases_divided_by_genome_size	355.0000	0.96548517	0	NA	NA	NA	NA	22513640774	medium	haploid_depth_estimated_from_total_read_bases_and_genome_size;independent_base_error_survival_approximation;phred_scores_treated_as_calibrated_probabilities;genome_background_uniqueness_not_verified
TXF000872	52	4	862.7787	28.9058	29.8480	1552.0955	467.1227	10.3913	96.0080	total_read_bases_divided_by_genome_size	833.0000	0.96548517	0	NA	NA	NA	NA	22513640774	medium	haploid_depth_estimated_from_total_read_bases_and_genome_size;independent_base_error_survival_approximation;phred_scores_treated_as_calibrated_probabilities;genome_background_uniqueness_not_verified
TXF000873	904	904	63.1807	28.9058	2.1857	1975.9154	15.5362	1.0391	3.6907	total_read_bases_divided_by_genome_size	61.0000	0.96548517	0	NA	NA	NA	NA	22513640774	medium	haploid_depth_estimated_from_total_read_bases_and_genome_size;independent_base_error_survival_approximation;phred_scores_treated_as_calibrated_probabilities;genome_background_uniqueness_not_verified
TXF000874	343	137	183.3275	28.9058	6.3422	2175.3917	182.2918	0.0358	65.3861	total_read_bases_divided_by_genome_size	177.0000	0.96548517	0	NA	NA	NA	NA	22513640774	medium	haploid_depth_estimated_from_total_read_bases_and_genome_size;independent_base_error_survival_approximation;phred_scores_treated_as_calibrated_probabilities;genome_background_uniqueness_not_verified
TXF000875	724	520	325.7430	28.9058	11.2691	8158.8566	40.3942	0.0717	13.9064	total_read_bases_divided_by_genome_size	314.5000	0.96548517	0	NA	NA	NA	NA	22513640774	medium	haploid_depth_estimated_from_total_read_bases_and_genome_size;independent_base_error_survival_approximation;phred_scores_treated_as_calibrated_probabilities;genome_background_uniqueness_not_verified
TXF000876	338	202	175.5594	28.9058	6.0735	2052.8465	173.4879	0.0000	32.2380	total_read_bases_divided_by_genome_size	169.5000	0.96548517	0	NA	NA	NA	NA	22513640774	medium	haploid_depth_estimated_from_total_read_bases_and_genome_size;independent_base_error_survival_approximation;phred_scores_treated_as_calibrated_probabilities;genome_background_uniqueness_not_verified
TXF000877	451	450	89.0744	28.9058	3.0815	1389.7769	89.0744	0.0000	8.9974	total_read_bases_divided_by_genome_size	86.0000	0.96548517	0	NA	NA	NA	NA	22513640774	medium	haploid_depth_estimated_from_total_read_bases_and_genome_size;independent_base_error_survival_approximation;phred_scores_treated_as_calibrated_probabilities;genome_background_uniqueness_not_verified
TXF000878	138	138	393.5845	28.9058	13.6161	1879.0259	370.7980	0.0251	32.8328	total_read_bases_divided_by_genome_size	380.0000	0.96548517	0	NA	NA	NA	NA	22513640774	medium	haploid_depth_estimated_from_total_read_bases_and_genome_size;independent_base_error_survival_approximation;phred_scores_treated_as_calibrated_probabilities;genome_background_uniqueness_not_verified
TXF000879	626	626	180.2203	28.9058	6.2348	3902.9561	137.7546	1.4512	64.0496	total_read_bases_divided_by_genome_size	174.0000	0.96548517	0	NA	NA	NA	NA	22513640774	medium	haploid_depth_estimated_from_total_read_bases_and_genome_size;independent_base_error_survival_approximation;phred_scores_treated_as_calibrated_probabilities;genome_background_uniqueness_not_verified
TXF000880	144	144	166.2377	28.9058	5.7510	828.1473	50.2338	2.4366	9.0440	total_read_bases_divided_by_genome_size	160.5000	0.96548517	0	NA	NA	NA	NA	22513640774	medium	haploid_depth_estimated_from_total_read_bases_and_genome_size;independent_base_error_survival_approximation;phred_scores_treated_as_calibrated_probabilities;genome_background_uniqueness_not_verified
TXF000881	193	162	133.0937	28.9058	4.6044	888.6495	74.0560	1.6483	17.1097	total_read_bases_divided_by_genome_size	128.5000	0.96548517	0	NA	NA	NA	NA	22513640774	medium	haploid_depth_estimated_from_total_read_bases_and_genome_size;independent_base_error_survival_approximation;phred_scores_treated_as_calibrated_probabilities;genome_background_uniqueness_not_verified
TXF000882	558	558	48.6802	28.9058	1.6841	939.7279	23.8222	0.3225	9.2876	total_read_bases_divided_by_genome_size	47.0000	0.96548517	0	NA	NA	NA	NA	22513640774	medium	haploid_depth_estimated_from_total_read_bases_and_genome_size;independent_base_error_survival_approximation;phred_scores_treated_as_calibrated_probabilities;genome_background_uniqueness_not_verified
TXF000883	33	33	88.0386	28.9058	3.0457	100.5085	69.3952	0.6163	10.5919	total_read_bases_divided_by_genome_size	85.0000	0.96548517	0	NA	NA	NA	NA	22513640774	medium	haploid_depth_estimated_from_total_read_bases_and_genome_size;independent_base_error_survival_approximation;phred_scores_treated_as_calibrated_probabilities;genome_background_uniqueness_not_verified
TXF000884	415	415	148.1121	28.9058	5.1240	2126.4453	82.8599	1.1251	11.5952	total_read_bases_divided_by_genome_size	143.0000	0.96548517	0	NA	NA	NA	NA	22513640774	medium	haploid_depth_estimated_from_total_read_bases_and_genome_size;independent_base_error_survival_approximation;phred_scores_treated_as_calibrated_probabilities;genome_background_uniqueness_not_verified
TXF000885	503	491	257.9014	28.9058	8.9221	4487.8405	203.0067	1.2541	18.6326	total_read_bases_divided_by_genome_size	249.0000	0.96548517	0	NA	NA	NA	NA	22513640774	medium	haploid_depth_estimated_from_total_read_bases_and_genome_size;independent_base_error_survival_approximation;phred_scores_treated_as_calibrated_probabilities;genome_background_uniqueness_not_verified
TXF000886	104	12	1167.8067	28.9058	40.4005	4201.6510	212.3285	7.9529	53.5705	total_read_bases_divided_by_genome_size	1127.5000	0.96548517	0	NA	NA	NA	NA	22513640774	medium	haploid_depth_estimated_from_total_read_bases_and_genome_size;independent_base_error_survival_approximation;phred_scores_treated_as_calibrated_probabilities;genome_background_uniqueness_not_verified
TXF000887	103	84	379.6019	28.9058	13.1324	1352.6371	216.9894	0.0000	25.1003	total_read_bases_divided_by_genome_size	366.5000	0.96548517	0	NA	NA	NA	NA	22513640774	medium	haploid_depth_estimated_from_total_read_bases_and_genome_size;independent_base_error_survival_approximation;phred_scores_treated_as_calibrated_probabilities;genome_background_uniqueness_not_verified
TXF000888	387	387	352.1546	28.9058	12.1829	4714.7641	321.0821	1.0750	65.3144	total_read_bases_divided_by_genome_size	340.0000	0.96548517	0	NA	NA	NA	NA	22513640774	medium	haploid_depth_estimated_from_total_read_bases_and_genome_size;independent_base_error_survival_approximation;phred_scores_treated_as_calibrated_probabilities;genome_background_uniqueness_not_verified
TXF000889	104	47	61.1092	28.9058	2.1141	219.8647	61.1092	0.0000	7.3527	total_read_bases_divided_by_genome_size	59.0000	0.96548517	0	NA	NA	NA	NA	22513640774	medium	haploid_depth_estimated_from_total_read_bases_and_genome_size;independent_base_error_survival_approximation;phred_scores_treated_as_calibrated_probabilities;genome_background_uniqueness_not_verified
TXF000890	103	42	8635.5547	28.9058	298.7486	30771.1094	2255.3428	230.3598	495.6988	total_read_bases_divided_by_genome_size	8337.5000	0.96548517	0	NA	NA	NA	NA	22513640774	medium	haploid_depth_estimated_from_total_read_bases_and_genome_size;independent_base_error_survival_approximation;phred_scores_treated_as_calibrated_probabilities;genome_background_uniqueness_not_verified
TXF000891	102	62	96.3246	28.9058	3.3324	339.9016	96.3246	0.0000	72.5131	total_read_bases_divided_by_genome_size	93.0000	0.96548517	0	NA	NA	NA	NA	22513640774	medium	haploid_depth_estimated_from_total_read_bases_and_genome_size;independent_base_error_survival_approximation;phred_scores_treated_as_calibrated_probabilities;genome_background_uniqueness_not_verified
TXF000892	162	162	667.0222	28.9058	23.0758	3738.2726	666.5043	0.0000	156.1483	total_read_bases_divided_by_genome_size	644.0000	0.96548517	0	NA	NA	NA	NA	22513640774	medium	haploid_depth_estimated_from_total_read_bases_and_genome_size;independent_base_error_survival_approximation;phred_scores_treated_as_calibrated_probabilities;genome_background_uniqueness_not_verified
TXF000893	153	80	1503.3892	28.9058	52.0100	7957.5349	432.4251	2.0639	265.6794	total_read_bases_divided_by_genome_size	1451.5000	0.96548517	0	NA	NA	NA	NA	22513640774	medium	haploid_depth_estimated_from_total_read_bases_and_genome_size;independent_base_error_survival_approximation;phred_scores_treated_as_calibrated_probabilities;genome_background_uniqueness_not_verified
TXF000894	407	407	2191.6442	28.9058	75.8203	30858.8797	2134.6781	2.0424	937.5709	total_read_bases_divided_by_genome_size	2116.0000	0.96548517	0	NA	NA	NA	NA	22513640774	medium	haploid_depth_estimated_from_total_read_bases_and_genome_size;independent_base_error_survival_approximation;phred_scores_treated_as_calibrated_probabilities;genome_background_uniqueness_not_verified
TXF000895	358	73	89.0744	28.9058	3.0815	1103.1932	33.1440	0.9675	24.7097	total_read_bases_divided_by_genome_size	86.0000	0.96548517	0	NA	NA	NA	NA	22513640774	medium	haploid_depth_estimated_from_total_read_bases_and_genome_size;independent_base_error_survival_approximation;phred_scores_treated_as_calibrated_probabilities;genome_background_uniqueness_not_verified
TXF000896	234	106	287.9381	28.9058	9.9613	2330.9381	190.0599	2.0603	36.6561	total_read_bases_divided_by_genome_size	278.0000	0.96548517	0	NA	NA	NA	NA	22513640774	medium	haploid_depth_estimated_from_total_read_bases_and_genome_size;independent_base_error_survival_approximation;phred_scores_treated_as_calibrated_probabilities;genome_background_uniqueness_not_verified
TXF000897	100	43	768.5255	28.9058	26.5873	2658.7285	553.0898	7.3957	152.1638	total_read_bases_divided_by_genome_size	742.0000	0.96548517	0	NA	NA	NA	NA	22513640774	medium	haploid_depth_estimated_from_total_read_bases_and_genome_size;independent_base_error_survival_approximation;phred_scores_treated_as_calibrated_probabilities;genome_background_uniqueness_not_verified
TXF000898	360	335	52.8232	28.9058	1.8274	657.8741	17.6077	0.6808	2.5799	total_read_bases_divided_by_genome_size	51.0000	0.96548517	0	NA	NA	NA	NA	22513640774	medium	haploid_depth_estimated_from_total_read_bases_and_genome_size;independent_base_error_survival_approximation;phred_scores_treated_as_calibrated_probabilities;genome_background_uniqueness_not_verified
TXF000899	34	17	4392.6102	28.9058	151.9632	5166.7479	744.7033	77.3826	186.3797	total_read_bases_divided_by_genome_size	4241.0000	0.96548517	0	NA	NA	NA	NA	22513640774	medium	haploid_depth_estimated_from_total_read_bases_and_genome_size;independent_base_error_survival_approximation;phred_scores_treated_as_calibrated_probabilities;genome_background_uniqueness_not_verified
TXF000900	156	72	554.1256	28.9058	19.1701	2990.5321	425.6927	3.4399	49.7096	total_read_bases_divided_by_genome_size	535.0000	0.96548517	0	NA	NA	NA	NA	22513640774	medium	haploid_depth_estimated_from_total_read_bases_and_genome_size;independent_base_error_survival_approximation;phred_scores_treated_as_calibrated_probabilities;genome_background_uniqueness_not_verified
TXF000901	333	311	30.0367	28.9058	1.0391	346.0289	1.0357	0.9675	2.1141	total_read_bases_divided_by_genome_size	29.0000	0.96548517	0	NA	NA	NA	NA	22513640774	medium	haploid_depth_estimated_from_total_read_bases_and_genome_size;independent_base_error_survival_approximation;phred_scores_treated_as_calibrated_probabilities;genome_background_uniqueness_not_verified
TXF000902	138	138	26.9295	28.9058	0.9316	128.5649	26.9295	0.0000	4.3715	total_read_bases_divided_by_genome_size	26.0000	0.96548517	0	NA	NA	NA	NA	22513640774	medium	haploid_depth_estimated_from_total_read_bases_and_genome_size;independent_base_error_survival_approximation;phred_scores_treated_as_calibrated_probabilities;genome_background_uniqueness_not_verified
TXF000903	131	54	416.3710	28.9058	14.4044	1886.9806	222.1681	0.3332	65.3933	total_read_bases_divided_by_genome_size	402.0000	0.96548517	0	NA	NA	NA	NA	22513640774	medium	haploid_depth_estimated_from_total_read_bases_and_genome_size;independent_base_error_survival_approximation;phred_scores_treated_as_calibrated_probabilities;genome_background_uniqueness_not_verified
TXF000904	337	276	116.0039	28.9058	4.0132	1352.4400	82.3420	0.9675	12.8457	total_read_bases_divided_by_genome_size	112.0000	0.96548517	0	NA	NA	NA	NA	22513640774	medium	haploid_depth_estimated_from_total_read_bases_and_genome_size;independent_base_error_survival_approximation;phred_scores_treated_as_calibrated_probabilities;genome_background_uniqueness_not_verified
TXF000905	333	333	1693.4491	28.9058	58.5852	19508.8681	833.7777	26.2003	232.6853	total_read_bases_divided_by_genome_size	1635.0000	0.96548517	0	NA	NA	NA	NA	22513640774	medium	haploid_depth_estimated_from_total_read_bases_and_genome_size;independent_base_error_survival_approximation;phred_scores_treated_as_calibrated_probabilities;genome_background_uniqueness_not_verified
TXF000906	334	328	62.1449	28.9058	2.1499	718.0717	29.0010	1.1000	5.0989	total_read_bases_divided_by_genome_size	60.0000	0.96548517	0	NA	NA	NA	NA	22513640774	medium	haploid_depth_estimated_from_total_read_bases_and_genome_size;independent_base_error_survival_approximation;phred_scores_treated_as_calibrated_probabilities;genome_background_uniqueness_not_verified
TXF000907	86	75	68.3594	28.9058	2.3649	203.3820	35.2155	1.0391	7.3885	total_read_bases_divided_by_genome_size	66.0000	0.96548517	0	NA	NA	NA	NA	22513640774	medium	haploid_depth_estimated_from_total_read_bases_and_genome_size;independent_base_error_survival_approximation;phred_scores_treated_as_calibrated_probabilities;genome_background_uniqueness_not_verified
TXF000908	115	115	162.6125	28.9058	5.6256	646.9453	131.5401	0.5016	44.7326	total_read_bases_divided_by_genome_size	157.0000	0.96548517	0	NA	NA	NA	NA	22513640774	medium	haploid_depth_estimated_from_total_read_bases_and_genome_size;independent_base_error_survival_approximation;phred_scores_treated_as_calibrated_probabilities;genome_background_uniqueness_not_verified
TXF000909	224	164	432.9430	28.9058	14.9777	3355.0144	307.6174	1.3974	31.1881	total_read_bases_divided_by_genome_size	418.0000	0.96548517	0	NA	NA	NA	NA	22513640774	medium	haploid_depth_estimated_from_total_read_bases_and_genome_size;independent_base_error_survival_approximation;phred_scores_treated_as_calibrated_probabilities;genome_background_uniqueness_not_verified
TXF000910	301	301	197.8280	28.9058	6.8439	2060.0129	166.7555	1.0750	87.6807	total_read_bases_divided_by_genome_size	191.0000	0.96548517	0	NA	NA	NA	NA	22513640774	medium	haploid_depth_estimated_from_total_read_bases_and_genome_size;independent_base_error_survival_approximation;phred_scores_treated_as_calibrated_probabilities;genome_background_uniqueness_not_verified
TXF000911	302	302	108.7536	28.9058	3.7624	1136.2302	33.1440	1.6196	27.8772	total_read_bases_divided_by_genome_size	105.0000	0.96548517	0	NA	NA	NA	NA	22513640774	medium	haploid_depth_estimated_from_total_read_bases_and_genome_size;independent_base_error_survival_approximation;phred_scores_treated_as_calibrated_probabilities;genome_background_uniqueness_not_verified
TXF000912	104	43	240.2937	28.9058	8.3130	864.5526	72.5024	4.7298	98.2225	total_read_bases_divided_by_genome_size	232.0000	0.96548517	0	NA	NA	NA	NA	22513640774	medium	haploid_depth_estimated_from_total_read_bases_and_genome_size;independent_base_error_survival_approximation;phred_scores_treated_as_calibrated_probabilities;genome_background_uniqueness_not_verified
TXF000913	267	267	25.8937	28.9058	0.8958	239.1781	1.0357	0.8241	0.9316	total_read_bases_divided_by_genome_size	25.0000	0.96548517	0	NA	NA	NA	NA	22513640774	medium	haploid_depth_estimated_from_total_read_bases_and_genome_size;independent_base_error_survival_approximation;phred_scores_treated_as_calibrated_probabilities;genome_background_uniqueness_not_verified
TXF000914	47	26	1436.5834	28.9058	49.6989	2335.8470	263.5980	24.8853	77.8269	total_read_bases_divided_by_genome_size	1387.0000	0.96548517	0	NA	NA	NA	NA	22513640774	medium	haploid_depth_estimated_from_total_read_bases_and_genome_size;independent_base_error_survival_approximation;phred_scores_treated_as_calibrated_probabilities;genome_background_uniqueness_not_verified
TXF000915	99	80	85.4493	28.9058	2.9561	292.6572	29.5188	1.5014	10.3268	total_read_bases_divided_by_genome_size	82.5000	0.96548517	0	NA	NA	NA	NA	22513640774	medium	haploid_depth_estimated_from_total_read_bases_and_genome_size;independent_base_error_survival_approximation;phred_scores_treated_as_calibrated_probabilities;genome_background_uniqueness_not_verified
TXF000916	149	113	561.3758	28.9058	19.4209	2893.7142	358.3690	0.0717	70.1159	total_read_bases_divided_by_genome_size	542.0000	0.96548517	0	NA	NA	NA	NA	22513640774	medium	haploid_depth_estimated_from_total_read_bases_and_genome_size;independent_base_error_survival_approximation;phred_scores_treated_as_calibrated_probabilities;genome_background_uniqueness_not_verified
TXF000917	124	99	70.4309	28.9058	2.4366	302.1348	32.1082	1.2183	3.6979	total_read_bases_divided_by_genome_size	68.0000	0.96548517	0	NA	NA	NA	NA	22513640774	medium	haploid_depth_estimated_from_total_read_bases_and_genome_size;independent_base_error_survival_approximation;phred_scores_treated_as_calibrated_probabilities;genome_background_uniqueness_not_verified
TXF000918	51	17	1161.0743	28.9058	40.1676	2048.5467	122.2183	15.4579	46.0201	total_read_bases_divided_by_genome_size	1121.0000	0.96548517	0	NA	NA	NA	NA	22513640774	medium	haploid_depth_estimated_from_total_read_bases_and_genome_size;independent_base_error_survival_approximation;phred_scores_treated_as_calibrated_probabilities;genome_background_uniqueness_not_verified
TXF000919	52	21	528.2318	28.9058	18.2743	950.2625	187.4705	3.3682	72.9896	total_read_bases_divided_by_genome_size	510.0000	0.96548517	0	NA	NA	NA	NA	22513640774	medium	haploid_depth_estimated_from_total_read_bases_and_genome_size;independent_base_error_survival_approximation;phred_scores_treated_as_calibrated_probabilities;genome_background_uniqueness_not_verified
TXF000920	238	238	23.8222	28.9058	0.8241	196.1439	1.0357	0.7166	5.8048	total_read_bases_divided_by_genome_size	23.0000	0.96548517	0	NA	NA	NA	NA	22513640774	medium	haploid_depth_estimated_from_total_read_bases_and_genome_size;independent_base_error_survival_approximation;phred_scores_treated_as_calibrated_probabilities;genome_background_uniqueness_not_verified
TXF000921	223	186	37.8048	28.9058	1.3079	291.6539	37.8048	0.5733	32.9833	total_read_bases_divided_by_genome_size	36.5000	0.96548517	0	NA	NA	NA	NA	22513640774	medium	haploid_depth_estimated_from_total_read_bases_and_genome_size;independent_base_error_survival_approximation;phred_scores_treated_as_calibrated_probabilities;genome_background_uniqueness_not_verified
TXF000922	235	235	309.6889	28.9058	10.7137	2517.7299	255.8299	0.6091	20.1734	total_read_bases_divided_by_genome_size	299.0000	0.96548517	0	NA	NA	NA	NA	22513640774	medium	haploid_depth_estimated_from_total_read_bases_and_genome_size;independent_base_error_survival_approximation;phred_scores_treated_as_calibrated_probabilities;genome_background_uniqueness_not_verified
TXF000923	159	159	17.6077	28.9058	0.6091	96.8537	17.6077	0.0000	1.3616	total_read_bases_divided_by_genome_size	17.0000	0.96548517	0	NA	NA	NA	NA	22513640774	medium	haploid_depth_estimated_from_total_read_bases_and_genome_size;independent_base_error_survival_approximation;phred_scores_treated_as_calibrated_probabilities;genome_background_uniqueness_not_verified
TXF000924	42	37	340.7613	28.9058	11.7887	495.1255	182.2918	2.7089	22.2230	total_read_bases_divided_by_genome_size	329.0000	0.96548517	0	NA	NA	NA	NA	22513640774	medium	haploid_depth_estimated_from_total_read_bases_and_genome_size;independent_base_error_survival_approximation;phred_scores_treated_as_calibrated_probabilities;genome_background_uniqueness_not_verified
TXF000925	52	34	302.4386	28.9058	10.4629	544.0719	163.6483	3.3216	53.1638	total_read_bases_divided_by_genome_size	292.0000	0.96548517	0	NA	NA	NA	NA	22513640774	medium	haploid_depth_estimated_from_total_read_bases_and_genome_size;independent_base_error_survival_approximation;phred_scores_treated_as_calibrated_probabilities;genome_background_uniqueness_not_verified
TXF000926	89	57	65.2522	28.9058	2.2574	200.9096	3.1072	2.1499	12.6415	total_read_bases_divided_by_genome_size	63.0000	0.96548517	0	NA	NA	NA	NA	22513640774	medium	haploid_depth_estimated_from_total_read_bases_and_genome_size;independent_base_error_survival_approximation;phred_scores_treated_as_calibrated_probabilities;genome_background_uniqueness_not_verified
TXF000927	224	224	153.2908	28.9058	5.3031	1187.8998	129.4686	1.5408	79.4644	total_read_bases_divided_by_genome_size	148.0000	0.96548517	0	NA	NA	NA	NA	22513640774	medium	haploid_depth_estimated_from_total_read_bases_and_genome_size;independent_base_error_survival_approximation;phred_scores_treated_as_calibrated_probabilities;genome_background_uniqueness_not_verified
TXF000928	158	120	987.5864	28.9058	34.1657	5398.1863	308.1352	13.0070	42.7905	total_read_bases_divided_by_genome_size	953.5000	0.96548517	0	NA	NA	NA	NA	22513640774	medium	haploid_depth_estimated_from_total_read_bases_and_genome_size;independent_base_error_survival_approximation;phred_scores_treated_as_calibrated_probabilities;genome_background_uniqueness_not_verified
TXF000929	217	217	29.0010	28.9058	1.0033	217.7147	13.4647	0.5016	9.6531	total_read_bases_divided_by_genome_size	28.0000	0.96548517	0	NA	NA	NA	NA	22513640774	medium	haploid_depth_estimated_from_total_read_bases_and_genome_size;independent_base_error_survival_approximation;phred_scores_treated_as_calibrated_probabilities;genome_background_uniqueness_not_verified
TXF000930	201	201	66.2879	28.9058	2.2932	460.9418	1.0357	1.0391	2.3649	total_read_bases_divided_by_genome_size	64.0000	0.96548517	0	NA	NA	NA	NA	22513640774	medium	haploid_depth_estimated_from_total_read_bases_and_genome_size;independent_base_error_survival_approximation;phred_scores_treated_as_calibrated_probabilities;genome_background_uniqueness_not_verified
TXF000931	82	42	475.9265	28.9058	16.4648	1350.1109	244.9546	6.7436	37.5769	total_read_bases_divided_by_genome_size	459.5000	0.96548517	0	NA	NA	NA	NA	22513640774	medium	haploid_depth_estimated_from_total_read_bases_and_genome_size;independent_base_error_survival_approximation;phred_scores_treated_as_calibrated_probabilities;genome_background_uniqueness_not_verified
TXF000932	139	75	5959.6980	28.9058	206.1769	28658.5848	3138.3185	2.1069	389.8800	total_read_bases_divided_by_genome_size	5754.0000	0.96548517	0	NA	NA	NA	NA	22513640774	medium	haploid_depth_estimated_from_total_read_bases_and_genome_size;independent_base_error_survival_approximation;phred_scores_treated_as_calibrated_probabilities;genome_background_uniqueness_not_verified
TXF000933	206	155	21.7507	28.9058	0.7525	155.0089	9.3217	0.6450	8.3703	total_read_bases_divided_by_genome_size	21.0000	0.96548517	0	NA	NA	NA	NA	22513640774	medium	haploid_depth_estimated_from_total_read_bases_and_genome_size;independent_base_error_survival_approximation;phred_scores_treated_as_calibrated_probabilities;genome_background_uniqueness_not_verified
TXF000934	104	37	36.2512	28.9058	1.2541	130.4282	1.0357	1.2040	20.9473	total_read_bases_divided_by_genome_size	35.0000	0.96548517	0	NA	NA	NA	NA	22513640774	medium	haploid_depth_estimated_from_total_read_bases_and_genome_size;independent_base_error_survival_approximation;phred_scores_treated_as_calibrated_probabilities;genome_background_uniqueness_not_verified
TXF000935	209	209	411.1922	28.9058	14.2253	2973.0819	411.1922	1.1825	264.1314	total_read_bases_divided_by_genome_size	397.0000	0.96548517	0	NA	NA	NA	NA	22513640774	medium	haploid_depth_estimated_from_total_read_bases_and_genome_size;independent_base_error_survival_approximation;phred_scores_treated_as_calibrated_probabilities;genome_background_uniqueness_not_verified
TXF000936	81	81	43.5014	28.9058	1.5049	121.9002	2.0715	0.0000	3.0815	total_read_bases_divided_by_genome_size	42.0000	0.96548517	0	NA	NA	NA	NA	22513640774	medium	haploid_depth_estimated_from_total_read_bases_and_genome_size;independent_base_error_survival_approximation;phred_scores_treated_as_calibrated_probabilities;genome_background_uniqueness_not_verified
TXF000937	200	147	87.0029	28.9058	3.0099	601.9763	56.9662	1.0391	19.0626	total_read_bases_divided_by_genome_size	84.0000	0.96548517	0	NA	NA	NA	NA	22513640774	medium	haploid_depth_estimated_from_total_read_bases_and_genome_size;independent_base_error_survival_approximation;phred_scores_treated_as_calibrated_probabilities;genome_background_uniqueness_not_verified
TXF000938	60	51	121.1826	28.9058	4.1923	251.5401	105.6464	0.5375	26.9098	total_read_bases_divided_by_genome_size	117.0000	0.96548517	0	NA	NA	NA	NA	22513640774	medium	haploid_depth_estimated_from_total_read_bases_and_genome_size;independent_base_error_survival_approximation;phred_scores_treated_as_calibrated_probabilities;genome_background_uniqueness_not_verified
TXF000939	52	52	257.3836	28.9058	8.9042	463.0201	161.5768	2.1141	27.4867	total_read_bases_divided_by_genome_size	248.5000	0.96548517	0	NA	NA	NA	NA	22513640774	medium	haploid_depth_estimated_from_total_read_bases_and_genome_size;independent_base_error_survival_approximation;phred_scores_treated_as_calibrated_probabilities;genome_background_uniqueness_not_verified
TXF000940	97	97	2157.4645	28.9058	74.6379	7239.8753	779.9188	39.5656	118.4245	total_read_bases_divided_by_genome_size	2083.0000	0.96548517	0	NA	NA	NA	NA	22513640774	medium	haploid_depth_estimated_from_total_read_bases_and_genome_size;independent_base_error_survival_approximation;phred_scores_treated_as_calibrated_probabilities;genome_background_uniqueness_not_verified
TXF000941	153	117	191.6135	28.9058	6.6289	1014.2225	63.1807	3.7624	21.1552	total_read_bases_divided_by_genome_size	185.0000	0.96548517	0	NA	NA	NA	NA	22513640774	medium	haploid_depth_estimated_from_total_read_bases_and_genome_size;independent_base_error_survival_approximation;phred_scores_treated_as_calibrated_probabilities;genome_background_uniqueness_not_verified
TXF000942	182	174	1863.8298	28.9058	64.4795	11735.2764	1698.1100	1.7558	183.5060	total_read_bases_divided_by_genome_size	1799.5000	0.96548517	0	NA	NA	NA	NA	22513640774	medium	haploid_depth_estimated_from_total_read_bases_and_genome_size;independent_base_error_survival_approximation;phred_scores_treated_as_calibrated_probabilities;genome_background_uniqueness_not_verified
TXF000943	182	182	60.0734	28.9058	2.0783	378.2417	31.0725	0.9675	27.5117	total_read_bases_divided_by_genome_size	58.0000	0.96548517	0	NA	NA	NA	NA	22513640774	medium	haploid_depth_estimated_from_total_read_bases_and_genome_size;independent_base_error_survival_approximation;phred_scores_treated_as_calibrated_probabilities;genome_background_uniqueness_not_verified
TXF000944	52	36	231.4898	28.9058	8.0084	416.4386	204.0425	1.9708	33.7895	total_read_bases_divided_by_genome_size	223.5000	0.96548517	0	NA	NA	NA	NA	22513640774	medium	haploid_depth_estimated_from_total_read_bases_and_genome_size;independent_base_error_survival_approximation;phred_scores_treated_as_calibrated_probabilities;genome_background_uniqueness_not_verified
TXF000945	70	70	946.1564	28.9058	32.7325	2291.2721	778.3651	5.4465	79.9912	total_read_bases_divided_by_genome_size	913.5000	0.96548517	0	NA	NA	NA	NA	22513640774	medium	haploid_depth_estimated_from_total_read_bases_and_genome_size;independent_base_error_survival_approximation;phred_scores_treated_as_calibrated_probabilities;genome_background_uniqueness_not_verified
TXF000946	99	75	364.5835	28.9058	12.6128	1248.6708	277.5807	2.9884	31.0376	total_read_bases_divided_by_genome_size	352.0000	0.96548517	0	NA	NA	NA	NA	22513640774	medium	haploid_depth_estimated_from_total_read_bases_and_genome_size;independent_base_error_survival_approximation;phred_scores_treated_as_calibrated_probabilities;genome_background_uniqueness_not_verified
TXF000947	93	29	0.0000	28.9058	0.0000	0.0000	0.0000	0.0000	38.8848	total_read_bases_divided_by_genome_size	0.0000	0.96548517	0	NA	NA	NA	NA	22513640774	medium	haploid_depth_estimated_from_total_read_bases_and_genome_size;independent_base_error_survival_approximation;phred_scores_treated_as_calibrated_probabilities;genome_background_uniqueness_not_verified
TXF000948	150	145	187.4705	28.9058	6.4856	972.8366	158.4696	1.0033	86.2976	total_read_bases_divided_by_genome_size	181.0000	0.96548517	0	NA	NA	NA	NA	22513640774	medium	haploid_depth_estimated_from_total_read_bases_and_genome_size;independent_base_error_survival_approximation;phred_scores_treated_as_calibrated_probabilities;genome_background_uniqueness_not_verified
TXF000949	125	81	808.9197	28.9058	27.9847	3498.0912	243.4009	19.4567	50.5230	total_read_bases_divided_by_genome_size	781.0000	0.96548517	0	NA	NA	NA	NA	22513640774	medium	haploid_depth_estimated_from_total_read_bases_and_genome_size;independent_base_error_survival_approximation;phred_scores_treated_as_calibrated_probabilities;genome_background_uniqueness_not_verified
TXF000950	100	85	603.8415	28.9058	20.8900	2089.0009	147.0763	13.0357	32.2344	total_read_bases_divided_by_genome_size	583.0000	0.96548517	0	NA	NA	NA	NA	22513640774	medium	haploid_depth_estimated_from_total_read_bases_and_genome_size;independent_base_error_survival_approximation;phred_scores_treated_as_calibrated_probabilities;genome_background_uniqueness_not_verified
TXF000951	111	92	53.8589	28.9058	1.8633	206.8218	24.8580	0.8600	4.3070	total_read_bases_divided_by_genome_size	52.0000	0.96548517	0	NA	NA	NA	NA	22513640774	medium	haploid_depth_estimated_from_total_read_bases_and_genome_size;independent_base_error_survival_approximation;phred_scores_treated_as_calibrated_probabilities;genome_background_uniqueness_not_verified
TXF000952	62	62	329.3681	28.9058	11.3946	706.4621	300.3671	0.8062	34.9433	total_read_bases_divided_by_genome_size	318.0000	0.96548517	0	NA	NA	NA	NA	22513640774	medium	haploid_depth_estimated_from_total_read_bases_and_genome_size;independent_base_error_survival_approximation;phred_scores_treated_as_calibrated_probabilities;genome_background_uniqueness_not_verified
TXF000953	167	167	30.0367	28.9058	1.0391	173.5340	20.7150	0.0358	2.6587	total_read_bases_divided_by_genome_size	29.0000	0.96548517	0	NA	NA	NA	NA	22513640774	medium	haploid_depth_estimated_from_total_read_bases_and_genome_size;independent_base_error_survival_approximation;phred_scores_treated_as_calibrated_probabilities;genome_background_uniqueness_not_verified
TXF000954	47	38	167.7913	28.9058	5.8048	272.8242	151.7372	0.0000	26.7019	total_read_bases_divided_by_genome_size	162.0000	0.96548517	0	NA	NA	NA	NA	22513640774	medium	haploid_depth_estimated_from_total_read_bases_and_genome_size;independent_base_error_survival_approximation;phred_scores_treated_as_calibrated_probabilities;genome_background_uniqueness_not_verified
TXF000955	100	64	194.2029	28.9058	6.7185	671.8485	168.3092	0.9316	41.3536	total_read_bases_divided_by_genome_size	187.5000	0.96548517	0	NA	NA	NA	NA	22513640774	medium	haploid_depth_estimated_from_total_read_bases_and_genome_size;independent_base_error_survival_approximation;phred_scores_treated_as_calibrated_probabilities;genome_background_uniqueness_not_verified
TXF000956	162	122	95.2889	28.9058	3.2965	534.0389	50.7517	0.0000	17.4501	total_read_bases_divided_by_genome_size	92.0000	0.96548517	0	NA	NA	NA	NA	22513640774	medium	haploid_depth_estimated_from_total_read_bases_and_genome_size;independent_base_error_survival_approximation;phred_scores_treated_as_calibrated_probabilities;genome_background_uniqueness_not_verified
TXF000957	158	71	154.3266	28.9058	5.3390	843.5551	29.0010	5.0881	19.6359	total_read_bases_divided_by_genome_size	149.0000	0.96548517	0	NA	NA	NA	NA	22513640774	medium	haploid_depth_estimated_from_total_read_bases_and_genome_size;independent_base_error_survival_approximation;phred_scores_treated_as_calibrated_probabilities;genome_background_uniqueness_not_verified
TXF000958	152	143	49.7159	28.9058	1.7199	261.4297	1.0357	0.7525	1.8203	total_read_bases_divided_by_genome_size	48.0000	0.96548517	0	NA	NA	NA	NA	22513640774	medium	haploid_depth_estimated_from_total_read_bases_and_genome_size;independent_base_error_survival_approximation;phred_scores_treated_as_calibrated_probabilities;genome_background_uniqueness_not_verified
TXF000959	155	155	29.0010	28.9058	1.0033	155.5105	1.0357	0.9675	1.0391	total_read_bases_divided_by_genome_size	28.0000	0.96548517	0	NA	NA	NA	NA	22513640774	medium	haploid_depth_estimated_from_total_read_bases_and_genome_size;independent_base_error_survival_approximation;phred_scores_treated_as_calibrated_probabilities;genome_background_uniqueness_not_verified
TXF000960	58	23	268.2589	28.9058	9.2805	538.2671	113.9324	5.3390	63.7450	total_read_bases_divided_by_genome_size	259.0000	0.96548517	0	NA	NA	NA	NA	22513640774	medium	haploid_depth_estimated_from_total_read_bases_and_genome_size;independent_base_error_survival_approximation;phred_scores_treated_as_calibrated_probabilities;genome_background_uniqueness_not_verified
TXF000961	63	63	89.0744	28.9058	3.0815	194.1373	64.2164	0.0000	5.7689	total_read_bases_divided_by_genome_size	86.0000	0.96548517	0	NA	NA	NA	NA	22513640774	medium	haploid_depth_estimated_from_total_read_bases_and_genome_size;independent_base_error_survival_approximation;phred_scores_treated_as_calibrated_probabilities;genome_background_uniqueness_not_verified
TXF000962	58	58	28.4831	28.9058	0.9854	57.1519	28.4831	0.0000	3.6190	total_read_bases_divided_by_genome_size	27.5000	0.96548517	0	NA	NA	NA	NA	22513640774	medium	haploid_depth_estimated_from_total_read_bases_and_genome_size;independent_base_error_survival_approximation;phred_scores_treated_as_calibrated_probabilities;genome_background_uniqueness_not_verified
TXF000963	54	36	1219.5941	28.9058	42.1921	2278.3726	620.9313	8.9759	246.4161	total_read_bases_divided_by_genome_size	1177.5000	0.96548517	0	NA	NA	NA	NA	22513640774	medium	haploid_depth_estimated_from_total_read_bases_and_genome_size;independent_base_error_survival_approximation;phred_scores_treated_as_calibrated_probabilities;genome_background_uniqueness_not_verified
TXF000964	119	119	43.5014	28.9058	1.5049	179.0879	1.0357	1.0893	4.6223	total_read_bases_divided_by_genome_size	42.0000	0.96548517	0	NA	NA	NA	NA	22513640774	medium	haploid_depth_estimated_from_total_read_bases_and_genome_size;independent_base_error_survival_approximation;phred_scores_treated_as_calibrated_probabilities;genome_background_uniqueness_not_verified
TXF000965	58	40	257.3836	28.9058	8.9042	516.4455	257.3836	0.9280	78.6726	total_read_bases_divided_by_genome_size	248.5000	0.96548517	0	NA	NA	NA	NA	22513640774	medium	haploid_depth_estimated_from_total_read_bases_and_genome_size;independent_base_error_survival_approximation;phred_scores_treated_as_calibrated_probabilities;genome_background_uniqueness_not_verified
TXF000966	98	76	573.8048	28.9058	19.8509	1945.3866	160.0232	0.9854	27.2681	total_read_bases_divided_by_genome_size	554.0000	0.96548517	0	NA	NA	NA	NA	22513640774	medium	haploid_depth_estimated_from_total_read_bases_and_genome_size;independent_base_error_survival_approximation;phred_scores_treated_as_calibrated_probabilities;genome_background_uniqueness_not_verified
TXF000967	140	140	32.1082	28.9058	1.1108	155.5105	2.0715	1.0391	3.2965	total_read_bases_divided_by_genome_size	31.0000	0.96548517	0	NA	NA	NA	NA	22513640774	medium	haploid_depth_estimated_from_total_read_bases_and_genome_size;independent_base_error_survival_approximation;phred_scores_treated_as_calibrated_probabilities;genome_background_uniqueness_not_verified
TXF000968	142	142	65.2522	28.9058	2.2574	320.5524	32.1082	1.1108	3.5832	total_read_bases_divided_by_genome_size	63.0000	0.96548517	0	NA	NA	NA	NA	22513640774	medium	haploid_depth_estimated_from_total_read_bases_and_genome_size;independent_base_error_survival_approximation;phred_scores_treated_as_calibrated_probabilities;genome_background_uniqueness_not_verified
TXF000969	145	145	2234.1099	28.9058	77.2895	11206.9705	2160.5718	0.0000	603.5099	total_read_bases_divided_by_genome_size	2157.0000	0.96548517	0	NA	NA	NA	NA	22513640774	medium	haploid_depth_estimated_from_total_read_bases_and_genome_size;independent_base_error_survival_approximation;phred_scores_treated_as_calibrated_probabilities;genome_background_uniqueness_not_verified
TXF000970	132	132	50.7517	28.9058	1.7558	231.7609	26.9295	0.8241	3.4363	total_read_bases_divided_by_genome_size	49.0000	0.96548517	0	NA	NA	NA	NA	22513640774	medium	haploid_depth_estimated_from_total_read_bases_and_genome_size;independent_base_error_survival_approximation;phred_scores_treated_as_calibrated_probabilities;genome_background_uniqueness_not_verified
TXF000971	145	136	815.6521	28.9058	28.2176	4091.5574	815.6521	0.4479	233.2837	total_read_bases_divided_by_genome_size	787.5000	0.96548517	0	NA	NA	NA	NA	22513640774	medium	haploid_depth_estimated_from_total_read_bases_and_genome_size;independent_base_error_survival_approximation;phred_scores_treated_as_calibrated_probabilities;genome_background_uniqueness_not_verified
TXF000972	52	49	242.3652	28.9058	8.3847	436.0028	174.0058	2.0783	27.3828	total_read_bases_divided_by_genome_size	234.0000	0.96548517	0	NA	NA	NA	NA	22513640774	medium	haploid_depth_estimated_from_total_read_bases_and_genome_size;independent_base_error_survival_approximation;phred_scores_treated_as_calibrated_probabilities;genome_background_uniqueness_not_verified
TXF000973	139	139	38.3227	28.9058	1.3258	184.2836	13.4647	0.4658	1.7916	total_read_bases_divided_by_genome_size	37.0000	0.96548517	0	NA	NA	NA	NA	22513640774	medium	haploid_depth_estimated_from_total_read_bases_and_genome_size;independent_base_error_survival_approximation;phred_scores_treated_as_calibrated_probabilities;genome_background_uniqueness_not_verified
TXF000974	140	140	22.7865	28.9058	0.7883	110.3623	8.2860	0.0000	1.5766	total_read_bases_divided_by_genome_size	22.0000	0.96548517	0	NA	NA	NA	NA	22513640774	medium	haploid_depth_estimated_from_total_read_bases_and_genome_size;independent_base_error_survival_approximation;phred_scores_treated_as_calibrated_probabilities;genome_background_uniqueness_not_verified
TXF000975	141	141	29.0010	28.9058	1.0033	141.4644	1.0357	0.9316	1.8991	total_read_bases_divided_by_genome_size	28.0000	0.96548517	0	NA	NA	NA	NA	22513640774	medium	haploid_depth_estimated_from_total_read_bases_and_genome_size;independent_base_error_survival_approximation;phred_scores_treated_as_calibrated_probabilities;genome_background_uniqueness_not_verified
TXF000976	41	33	305.5459	28.9058	10.5704	433.3871	305.5459	0.0000	69.1914	total_read_bases_divided_by_genome_size	295.0000	0.96548517	0	NA	NA	NA	NA	22513640774	medium	haploid_depth_estimated_from_total_read_bases_and_genome_size;independent_base_error_survival_approximation;phred_scores_treated_as_calibrated_probabilities;genome_background_uniqueness_not_verified
TXF000977	141	141	89.0744	28.9058	3.0815	434.4979	36.2512	0.0000	7.5247	total_read_bases_divided_by_genome_size	86.0000	0.96548517	0	NA	NA	NA	NA	22513640774	medium	haploid_depth_estimated_from_total_read_bases_and_genome_size;independent_base_error_survival_approximation;phred_scores_treated_as_calibrated_probabilities;genome_background_uniqueness_not_verified
TXF000978	55	23	2369.7930	28.9058	81.9834	4509.0888	888.6724	32.2559	129.3891	total_read_bases_divided_by_genome_size	2288.0000	0.96548517	0	NA	NA	NA	NA	22513640774	medium	haploid_depth_estimated_from_total_read_bases_and_genome_size;independent_base_error_survival_approximation;phred_scores_treated_as_calibrated_probabilities;genome_background_uniqueness_not_verified
TXF000979	39	32	59.0377	28.9058	2.0424	79.6544	37.8048	0.0000	3.9773	total_read_bases_divided_by_genome_size	57.0000	0.96548517	0	NA	NA	NA	NA	22513640774	medium	haploid_depth_estimated_from_total_read_bases_and_genome_size;independent_base_error_survival_approximation;phred_scores_treated_as_calibrated_probabilities;genome_background_uniqueness_not_verified
TXF000980	98	89	38.3227	28.9058	1.3258	129.9265	20.7150	0.6091	14.3758	total_read_bases_divided_by_genome_size	37.0000	0.96548517	0	NA	NA	NA	NA	22513640774	medium	haploid_depth_estimated_from_total_read_bases_and_genome_size;independent_base_error_survival_approximation;phred_scores_treated_as_calibrated_probabilities;genome_background_uniqueness_not_verified
TXF000981	133	133	53.8589	28.9058	1.8633	247.8136	24.8580	1.0105	152.3717	total_read_bases_divided_by_genome_size	52.0000	0.96548517	0	NA	NA	NA	NA	22513640774	medium	haploid_depth_estimated_from_total_read_bases_and_genome_size;independent_base_error_survival_approximation;phred_scores_treated_as_calibrated_probabilities;genome_background_uniqueness_not_verified
TXF000982	134	94	29.0010	28.9058	1.0033	134.4414	16.5720	0.4049	5.6149	total_read_bases_divided_by_genome_size	28.0000	0.96548517	0	NA	NA	NA	NA	22513640774	medium	haploid_depth_estimated_from_total_read_bases_and_genome_size;independent_base_error_survival_approximation;phred_scores_treated_as_calibrated_probabilities;genome_background_uniqueness_not_verified
TXF000983	70	66	281.7236	28.9058	9.7463	682.2398	166.2377	3.6907	56.7219	total_read_bases_divided_by_genome_size	272.0000	0.96548517	0	NA	NA	NA	NA	22513640774	medium	haploid_depth_estimated_from_total_read_bases_and_genome_size;independent_base_error_survival_approximation;phred_scores_treated_as_calibrated_probabilities;genome_background_uniqueness_not_verified
TXF000984	128	128	32.1082	28.9058	1.1108	142.1811	1.0357	0.0000	1.1466	total_read_bases_divided_by_genome_size	31.0000	0.96548517	0	NA	NA	NA	NA	22513640774	medium	haploid_depth_estimated_from_total_read_bases_and_genome_size;independent_base_error_survival_approximation;phred_scores_treated_as_calibrated_probabilities;genome_background_uniqueness_not_verified
TXF000985	93	93	72.5024	28.9058	2.5082	233.2658	72.5024	0.0000	90.7049	total_read_bases_divided_by_genome_size	70.0000	0.96548517	0	NA	NA	NA	NA	22513640774	medium	haploid_depth_estimated_from_total_read_bases_and_genome_size;independent_base_error_survival_approximation;phred_scores_treated_as_calibrated_probabilities;genome_background_uniqueness_not_verified
TXF000986	79	36	290.0096	28.9058	10.0329	792.6021	60.0734	7.2022	62.5625	total_read_bases_divided_by_genome_size	280.0000	0.96548517	0	NA	NA	NA	NA	22513640774	medium	haploid_depth_estimated_from_total_read_bases_and_genome_size;independent_base_error_survival_approximation;phred_scores_treated_as_calibrated_probabilities;genome_background_uniqueness_not_verified
TXF000987	130	130	64.2164	28.9058	2.2216	288.8053	5.1787	1.1108	2.4007	total_read_bases_divided_by_genome_size	62.0000	0.96548517	0	NA	NA	NA	NA	22513640774	medium	haploid_depth_estimated_from_total_read_bases_and_genome_size;independent_base_error_survival_approximation;phred_scores_treated_as_calibrated_probabilities;genome_background_uniqueness_not_verified
TXF000988	40	27	32.1082	28.9058	1.1108	44.4316	1.0357	0.0000	1.1108	total_read_bases_divided_by_genome_size	31.0000	0.96548517	0	NA	NA	NA	NA	22513640774	medium	haploid_depth_estimated_from_total_read_bases_and_genome_size;independent_base_error_survival_approximation;phred_scores_treated_as_calibrated_probabilities;genome_background_uniqueness_not_verified
TXF000989	116	116	92.6995	28.9058	3.2070	372.0070	16.0541	1.5049	4.0311	total_read_bases_divided_by_genome_size	89.5000	0.96548517	0	NA	NA	NA	NA	22513640774	medium	haploid_depth_estimated_from_total_read_bases_and_genome_size;independent_base_error_survival_approximation;phred_scores_treated_as_calibrated_probabilities;genome_background_uniqueness_not_verified
TXF000990	52	38	487.8376	28.9058	16.8768	877.5954	214.9179	7.3599	67.1849	total_read_bases_divided_by_genome_size	471.0000	0.96548517	0	NA	NA	NA	NA	22513640774	medium	haploid_depth_estimated_from_total_read_bases_and_genome_size;independent_base_error_survival_approximation;phred_scores_treated_as_calibrated_probabilities;genome_background_uniqueness_not_verified
TXF000991	66	26	616.7883	28.9058	21.3379	1408.3020	205.5961	4.6402	28.2714	total_read_bases_divided_by_genome_size	595.5000	0.96548517	0	NA	NA	NA	NA	22513640774	medium	haploid_depth_estimated_from_total_read_bases_and_genome_size;independent_base_error_survival_approximation;phred_scores_treated_as_calibrated_probabilities;genome_background_uniqueness_not_verified
TXF000992	52	52	1238.2376	28.9058	42.8371	2227.5272	714.1487	8.9616	101.3219	total_read_bases_divided_by_genome_size	1195.5000	0.96548517	0	NA	NA	NA	NA	22513640774	medium	haploid_depth_estimated_from_total_read_bases_and_genome_size;independent_base_error_survival_approximation;phred_scores_treated_as_calibrated_probabilities;genome_background_uniqueness_not_verified
TXF000993	52	42	451.0686	28.9058	15.6048	811.4497	234.5971	5.9696	56.9477	total_read_bases_divided_by_genome_size	435.5000	0.96548517	0	NA	NA	NA	NA	22513640774	medium	haploid_depth_estimated_from_total_read_bases_and_genome_size;independent_base_error_survival_approximation;phred_scores_treated_as_calibrated_probabilities;genome_background_uniqueness_not_verified
TXF000994	54	49	161.5768	28.9058	5.5898	301.8481	132.5758	1.0033	24.0289	total_read_bases_divided_by_genome_size	156.0000	0.96548517	0	NA	NA	NA	NA	22513640774	medium	haploid_depth_estimated_from_total_read_bases_and_genome_size;independent_base_error_survival_approximation;phred_scores_treated_as_calibrated_probabilities;genome_background_uniqueness_not_verified
TXF000995	75	75	900.0656	28.9058	31.1379	2335.3454	741.5961	1.5766	64.0388	total_read_bases_divided_by_genome_size	869.0000	0.96548517	0	NA	NA	NA	NA	22513640774	medium	haploid_depth_estimated_from_total_read_bases_and_genome_size;independent_base_error_survival_approximation;phred_scores_treated_as_calibrated_probabilities;genome_background_uniqueness_not_verified
TXF000996	54	18	1058.0173	28.9058	36.6023	1976.5245	632.8425	14.0999	102.1711	total_read_bases_divided_by_genome_size	1021.5000	0.96548517	0	NA	NA	NA	NA	22513640774	medium	haploid_depth_estimated_from_total_read_bases_and_genome_size;independent_base_error_survival_approximation;phred_scores_treated_as_calibrated_probabilities;genome_background_uniqueness_not_verified
TXF000997	122	122	56.9662	28.9058	1.9708	240.4322	1.0357	1.9349	3.8698	total_read_bases_divided_by_genome_size	55.0000	0.96548517	0	NA	NA	NA	NA	22513640774	medium	haploid_depth_estimated_from_total_read_bases_and_genome_size;independent_base_error_survival_approximation;phred_scores_treated_as_calibrated_probabilities;genome_background_uniqueness_not_verified
TXF000998	87	87	714.6666	28.9058	24.7240	2150.9902	668.0579	0.0573	69.0338	total_read_bases_divided_by_genome_size	690.0000	0.96548517	0	NA	NA	NA	NA	22513640774	medium	haploid_depth_estimated_from_total_read_bases_and_genome_size;independent_base_error_survival_approximation;phred_scores_treated_as_calibrated_probabilities;genome_background_uniqueness_not_verified
TXF000999	47	39	213.3642	28.9058	7.3814	346.9247	129.4686	1.9708	28.0707	total_read_bases_divided_by_genome_size	206.0000	0.96548517	0	NA	NA	NA	NA	22513640774	medium	haploid_depth_estimated_from_total_read_bases_and_genome_size;independent_base_error_survival_approximation;phred_scores_treated_as_calibrated_probabilities;genome_background_uniqueness_not_verified
TXF001000	120	66	251.6869	28.9058	8.7072	1044.8588	192.6493	0.0000	16.8410	total_read_bases_divided_by_genome_size	243.0000	0.96548517	0	NA	NA	NA	NA	22513640774	medium	haploid_depth_estimated_from_total_read_bases_and_genome_size;independent_base_error_survival_approximation;phred_scores_treated_as_calibrated_probabilities;genome_background_uniqueness_not_verified
TXF001001	55	21	1383.7603	28.9058	47.8714	2632.9295	679.4511	21.5350	98.1795	total_read_bases_divided_by_genome_size	1336.0000	0.96548517	0	NA	NA	NA	NA	22513640774	medium	haploid_depth_estimated_from_total_read_bases_and_genome_size;independent_base_error_survival_approximation;phred_scores_treated_as_calibrated_probabilities;genome_background_uniqueness_not_verified
TXF001002	107	80	618.8598	28.9058	21.4096	2290.8242	515.8029	0.5375	69.4781	total_read_bases_divided_by_genome_size	597.5000	0.96548517	0	NA	NA	NA	NA	22513640774	medium	haploid_depth_estimated_from_total_read_bases_and_genome_size;independent_base_error_survival_approximation;phred_scores_treated_as_calibrated_probabilities;genome_background_uniqueness_not_verified
TXF001003	31	27	32.1082	28.9058	1.1108	34.4345	31.0725	0.0358	5.2028	total_read_bases_divided_by_genome_size	31.0000	0.96548517	0	NA	NA	NA	NA	22513640774	medium	haploid_depth_estimated_from_total_read_bases_and_genome_size;independent_base_error_survival_approximation;phred_scores_treated_as_calibrated_probabilities;genome_background_uniqueness_not_verified
TXF001004	114	114	428.2821	28.9058	14.8165	1689.0809	177.1130	0.0000	24.3729	total_read_bases_divided_by_genome_size	413.5000	0.96548517	0	NA	NA	NA	NA	22513640774	medium	haploid_depth_estimated_from_total_read_bases_and_genome_size;independent_base_error_survival_approximation;phred_scores_treated_as_calibrated_probabilities;genome_background_uniqueness_not_verified
TXF001005	57	54	42.4657	28.9058	1.4691	83.7392	21.2328	0.0000	21.7786	total_read_bases_divided_by_genome_size	41.0000	0.96548517	0	NA	NA	NA	NA	22513640774	medium	haploid_depth_estimated_from_total_read_bases_and_genome_size;independent_base_error_survival_approximation;phred_scores_treated_as_calibrated_probabilities;genome_background_uniqueness_not_verified
TXF001006	118	118	72.5024	28.9058	2.5082	295.9717	41.4299	0.0000	3.9523	total_read_bases_divided_by_genome_size	70.0000	0.96548517	0	NA	NA	NA	NA	22513640774	medium	haploid_depth_estimated_from_total_read_bases_and_genome_size;independent_base_error_survival_approximation;phred_scores_treated_as_calibrated_probabilities;genome_background_uniqueness_not_verified
TXF001007	86	48	198.3459	28.9058	6.8618	590.1159	198.3459	0.0000	167.1917	total_read_bases_divided_by_genome_size	191.5000	0.96548517	0	NA	NA	NA	NA	22513640774	medium	haploid_depth_estimated_from_total_read_bases_and_genome_size;independent_base_error_survival_approximation;phred_scores_treated_as_calibrated_probabilities;genome_background_uniqueness_not_verified
TXF001008	81	81	69.3952	28.9058	2.4007	194.4598	40.3942	1.0033	10.8571	total_read_bases_divided_by_genome_size	67.0000	0.96548517	0	NA	NA	NA	NA	22513640774	medium	haploid_depth_estimated_from_total_read_bases_and_genome_size;independent_base_error_survival_approximation;phred_scores_treated_as_calibrated_probabilities;genome_background_uniqueness_not_verified
TXF001009	48	27	167.7913	28.9058	5.8048	278.6290	15.5362	5.4178	46.0942	total_read_bases_divided_by_genome_size	162.0000	0.96548517	0	NA	NA	NA	NA	22513640774	medium	haploid_depth_estimated_from_total_read_bases_and_genome_size;independent_base_error_survival_approximation;phred_scores_treated_as_calibrated_probabilities;genome_background_uniqueness_not_verified
TXF001010	67	67	24.8580	28.9058	0.8600	57.6177	24.8580	0.0000	1.7199	total_read_bases_divided_by_genome_size	24.0000	0.96548517	0	NA	NA	NA	NA	22513640774	medium	haploid_depth_estimated_from_total_read_bases_and_genome_size;independent_base_error_survival_approximation;phred_scores_treated_as_calibrated_probabilities;genome_background_uniqueness_not_verified
TXF001011	79	47	573.8048	28.9058	19.8509	1568.2198	525.1246	0.5733	45.5710	total_read_bases_divided_by_genome_size	554.0000	0.96548517	0	NA	NA	NA	NA	22513640774	medium	haploid_depth_estimated_from_total_read_bases_and_genome_size;independent_base_error_survival_approximation;phred_scores_treated_as_calibrated_probabilities;genome_background_uniqueness_not_verified
TXF001012	111	107	55.9304	28.9058	1.9349	214.7765	20.7150	1.1825	2.9382	total_read_bases_divided_by_genome_size	54.0000	0.96548517	0	NA	NA	NA	NA	22513640774	medium	haploid_depth_estimated_from_total_read_bases_and_genome_size;independent_base_error_survival_approximation;phred_scores_treated_as_calibrated_probabilities;genome_background_uniqueness_not_verified
TXF001013	105	85	37.2870	28.9058	1.2899	135.4447	32.1082	0.0000	7.0804	total_read_bases_divided_by_genome_size	36.0000	0.96548517	0	NA	NA	NA	NA	22513640774	medium	haploid_depth_estimated_from_total_read_bases_and_genome_size;independent_base_error_survival_approximation;phred_scores_treated_as_calibrated_probabilities;genome_background_uniqueness_not_verified
TXF001014	64	35	217.5072	28.9058	7.5247	481.5810	170.8985	1.9421	36.2476	total_read_bases_divided_by_genome_size	210.0000	0.96548517	0	NA	NA	NA	NA	22513640774	medium	haploid_depth_estimated_from_total_read_bases_and_genome_size;independent_base_error_survival_approximation;phred_scores_treated_as_calibrated_probabilities;genome_background_uniqueness_not_verified
TXF001015	110	110	52.8232	28.9058	1.8274	201.0171	1.0357	0.0000	1.8991	total_read_bases_divided_by_genome_size	51.0000	0.96548517	0	NA	NA	NA	NA	22513640774	medium	haploid_depth_estimated_from_total_read_bases_and_genome_size;independent_base_error_survival_approximation;phred_scores_treated_as_calibrated_probabilities;genome_background_uniqueness_not_verified
TXF001016	55	36	767.4898	28.9058	26.5515	1460.3299	489.9091	6.8081	252.8659	total_read_bases_divided_by_genome_size	741.0000	0.96548517	0	NA	NA	NA	NA	22513640774	medium	haploid_depth_estimated_from_total_read_bases_and_genome_size;independent_base_error_survival_approximation;phred_scores_treated_as_calibrated_probabilities;genome_background_uniqueness_not_verified
TXF001017	85	66	55.4126	28.9058	1.9170	162.9457	25.3758	0.3762	9.8359	total_read_bases_divided_by_genome_size	53.5000	0.96548517	0	NA	NA	NA	NA	22513640774	medium	haploid_depth_estimated_from_total_read_bases_and_genome_size;independent_base_error_survival_approximation;phred_scores_treated_as_calibrated_probabilities;genome_background_uniqueness_not_verified
TXF001018	34	34	106.1642	28.9058	3.6728	124.8742	8.2860	2.7591	3.9308	total_read_bases_divided_by_genome_size	102.5000	0.96548517	0	NA	NA	NA	NA	22513640774	medium	haploid_depth_estimated_from_total_read_bases_and_genome_size;independent_base_error_survival_approximation;phred_scores_treated_as_calibrated_probabilities;genome_background_uniqueness_not_verified
TXF001019	64	63	295.1884	28.9058	10.2121	653.5742	270.3304	0.0000	51.0462	total_read_bases_divided_by_genome_size	285.0000	0.96548517	0	NA	NA	NA	NA	22513640774	medium	haploid_depth_estimated_from_total_read_bases_and_genome_size;independent_base_error_survival_approximation;phred_scores_treated_as_calibrated_probabilities;genome_background_uniqueness_not_verified
TXF001020	89	57	37.2870	28.9058	1.2899	114.8055	1.0357	1.2899	12.6845	total_read_bases_divided_by_genome_size	36.0000	0.96548517	0	NA	NA	NA	NA	22513640774	medium	haploid_depth_estimated_from_total_read_bases_and_genome_size;independent_base_error_survival_approximation;phred_scores_treated_as_calibrated_probabilities;genome_background_uniqueness_not_verified
TXF001021	86	31	88.0386	28.9058	3.0457	261.9313	48.6802	1.3258	65.6441	total_read_bases_divided_by_genome_size	85.0000	0.96548517	0	NA	NA	NA	NA	22513640774	medium	haploid_depth_estimated_from_total_read_bases_and_genome_size;independent_base_error_survival_approximation;phred_scores_treated_as_calibrated_probabilities;genome_background_uniqueness_not_verified
TXF001022	58	21	207.1497	28.9058	7.1664	415.6503	75.6097	4.1207	13.9744	total_read_bases_divided_by_genome_size	200.0000	0.96548517	0	NA	NA	NA	NA	22513640774	medium	haploid_depth_estimated_from_total_read_bases_and_genome_size;independent_base_error_survival_approximation;phred_scores_treated_as_calibrated_probabilities;genome_background_uniqueness_not_verified
TXF001023	55	39	353.1903	28.9058	12.2187	672.0277	196.7923	1.8633	35.2801	total_read_bases_divided_by_genome_size	341.0000	0.96548517	0	NA	NA	NA	NA	22513640774	medium	haploid_depth_estimated_from_total_read_bases_and_genome_size;independent_base_error_survival_approximation;phred_scores_treated_as_calibrated_probabilities;genome_background_uniqueness_not_verified
TXF001024	55	22	2082.3728	28.9058	72.0401	3962.2042	1990.7090	2.0173	184.8748	total_read_bases_divided_by_genome_size	2010.5000	0.96548517	0	NA	NA	NA	NA	22513640774	medium	haploid_depth_estimated_from_total_read_bases_and_genome_size;independent_base_error_survival_approximation;phred_scores_treated_as_calibrated_probabilities;genome_background_uniqueness_not_verified
TXF001025	103	103	74.5739	28.9058	2.5799	265.7295	1.0357	1.3258	2.6157	total_read_bases_divided_by_genome_size	72.0000	0.96548517	0	NA	NA	NA	NA	22513640774	medium	haploid_depth_estimated_from_total_read_bases_and_genome_size;independent_base_error_survival_approximation;phred_scores_treated_as_calibrated_probabilities;genome_background_uniqueness_not_verified
TXF001026	69	52	282.2415	28.9058	9.7642	673.7297	137.2367	0.0000	14.1930	total_read_bases_divided_by_genome_size	272.5000	0.96548517	0	NA	NA	NA	NA	22513640774	medium	haploid_depth_estimated_from_total_read_bases_and_genome_size;independent_base_error_survival_approximation;phred_scores_treated_as_calibrated_probabilities;genome_background_uniqueness_not_verified
TXF001027	31	31	224.7575	28.9058	7.7755	241.0413	153.2908	0.0000	13.1145	total_read_bases_divided_by_genome_size	217.0000	0.96548517	0	NA	NA	NA	NA	22513640774	medium	haploid_depth_estimated_from_total_read_bases_and_genome_size;independent_base_error_survival_approximation;phred_scores_treated_as_calibrated_probabilities;genome_background_uniqueness_not_verified
TXF001028	91	91	26.9295	28.9058	0.9316	84.7783	1.0357	0.5733	0.9675	total_read_bases_divided_by_genome_size	26.0000	0.96548517	0	NA	NA	NA	NA	22513640774	medium	haploid_depth_estimated_from_total_read_bases_and_genome_size;independent_base_error_survival_approximation;phred_scores_treated_as_calibrated_probabilities;genome_background_uniqueness_not_verified
TXF001029	55	29	51.7874	28.9058	1.7916	98.5378	51.7874	0.0000	30.8083	total_read_bases_divided_by_genome_size	50.0000	0.96548517	0	NA	NA	NA	NA	22513640774	medium	haploid_depth_estimated_from_total_read_bases_and_genome_size;independent_base_error_survival_approximation;phred_scores_treated_as_calibrated_probabilities;genome_background_uniqueness_not_verified
TXF001030	99	64	37.2870	28.9058	1.2899	127.7050	37.2870	1.2541	11.4483	total_read_bases_divided_by_genome_size	36.0000	0.96548517	0	NA	NA	NA	NA	22513640774	medium	haploid_depth_estimated_from_total_read_bases_and_genome_size;independent_base_error_survival_approximation;phred_scores_treated_as_calibrated_probabilities;genome_background_uniqueness_not_verified
TXF001031	56	55	158.4696	28.9058	5.4823	307.0079	158.4696	0.0000	69.8006	total_read_bases_divided_by_genome_size	153.0000	0.96548517	0	NA	NA	NA	NA	22513640774	medium	haploid_depth_estimated_from_total_read_bases_and_genome_size;independent_base_error_survival_approximation;phred_scores_treated_as_calibrated_probabilities;genome_background_uniqueness_not_verified
TXF001032	99	99	72.5024	28.9058	2.5082	248.3152	11.3932	0.0000	3.4757	total_read_bases_divided_by_genome_size	70.0000	0.96548517	0	NA	NA	NA	NA	22513640774	medium	haploid_depth_estimated_from_total_read_bases_and_genome_size;independent_base_error_survival_approximation;phred_scores_treated_as_calibrated_probabilities;genome_background_uniqueness_not_verified
TXF001033	86	66	52.3053	28.9058	1.8095	155.6180	13.9826	1.3258	54.1241	total_read_bases_divided_by_genome_size	50.5000	0.96548517	0	NA	NA	NA	NA	22513640774	medium	haploid_depth_estimated_from_total_read_bases_and_genome_size;independent_base_error_survival_approximation;phred_scores_treated_as_calibrated_probabilities;genome_background_uniqueness_not_verified
TXF001034	76	76	135.6831	28.9058	4.6940	356.7426	29.0010	0.0000	8.4026	total_read_bases_divided_by_genome_size	131.0000	0.96548517	0	NA	NA	NA	NA	22513640774	medium	haploid_depth_estimated_from_total_read_bases_and_genome_size;independent_base_error_survival_approximation;phred_scores_treated_as_calibrated_probabilities;genome_background_uniqueness_not_verified
TXF001035	91	91	21.7507	28.9058	0.7525	68.4748	2.0715	0.7166	1.2541	total_read_bases_divided_by_genome_size	21.0000	0.96548517	0	NA	NA	NA	NA	22513640774	medium	haploid_depth_estimated_from_total_read_bases_and_genome_size;independent_base_error_survival_approximation;phred_scores_treated_as_calibrated_probabilities;genome_background_uniqueness_not_verified
TXF001036	89	82	778.8830	28.9058	26.9456	2398.1588	279.1343	3.0780	58.6999	total_read_bases_divided_by_genome_size	752.0000	0.96548517	0	NA	NA	NA	NA	22513640774	medium	haploid_depth_estimated_from_total_read_bases_and_genome_size;independent_base_error_survival_approximation;phred_scores_treated_as_calibrated_probabilities;genome_background_uniqueness_not_verified
TXF001037	40	33	821.3487	28.9058	28.4147	1136.5885	592.4483	7.4889	138.7627	total_read_bases_divided_by_genome_size	793.0000	0.96548517	0	NA	NA	NA	NA	22513640774	medium	haploid_depth_estimated_from_total_read_bases_and_genome_size;independent_base_error_survival_approximation;phred_scores_treated_as_calibrated_probabilities;genome_background_uniqueness_not_verified
TXF001038	86	51	163.6483	28.9058	5.6614	486.8841	163.6483	0.0000	45.9724	total_read_bases_divided_by_genome_size	158.0000	0.96548517	0	NA	NA	NA	NA	22513640774	medium	haploid_depth_estimated_from_total_read_bases_and_genome_size;independent_base_error_survival_approximation;phred_scores_treated_as_calibrated_probabilities;genome_background_uniqueness_not_verified
TXF001039	93	93	25.8937	28.9058	0.8958	83.3092	1.0357	0.8600	7.9475	total_read_bases_divided_by_genome_size	25.0000	0.96548517	0	NA	NA	NA	NA	22513640774	medium	haploid_depth_estimated_from_total_read_bases_and_genome_size;independent_base_error_survival_approximation;phred_scores_treated_as_calibrated_probabilities;genome_background_uniqueness_not_verified
TXF001040	91	91	70.4309	28.9058	2.4366	221.7279	2.0715	1.2183	3.5115	total_read_bases_divided_by_genome_size	68.0000	0.96548517	0	NA	NA	NA	NA	22513640774	medium	haploid_depth_estimated_from_total_read_bases_and_genome_size;independent_base_error_survival_approximation;phred_scores_treated_as_calibrated_probabilities;genome_background_uniqueness_not_verified
TXF001041	48	0	0.0000	28.9058	0.0000	0.0000	0.0000	0.0000	0.0000	total_read_bases_divided_by_genome_size	0.0000	0.96548517	0	NA	NA	NA	NA	22513640774	low	haploid_depth_estimated_from_total_read_bases_and_genome_size;independent_base_error_survival_approximation;phred_scores_treated_as_calibrated_probabilities;no_diagnostic_kmers
TXF001042	85	45	39.3585	28.9058	1.3616	115.7371	10.3575	1.1825	8.4707	total_read_bases_divided_by_genome_size	38.0000	0.96548517	0	NA	NA	NA	NA	22513640774	medium	haploid_depth_estimated_from_total_read_bases_and_genome_size;independent_base_error_survival_approximation;phred_scores_treated_as_calibrated_probabilities;genome_background_uniqueness_not_verified
TXF001043	87	78	488.8734	28.9058	16.9127	1471.4020	371.3159	1.6124	33.1875	total_read_bases_divided_by_genome_size	472.0000	0.96548517	0	NA	NA	NA	NA	22513640774	medium	haploid_depth_estimated_from_total_read_bases_and_genome_size;independent_base_error_survival_approximation;phred_scores_treated_as_calibrated_probabilities;genome_background_uniqueness_not_verified
TXF001044	43	39	187.4705	28.9058	6.4856	278.8798	187.4705	1.1108	38.7486	total_read_bases_divided_by_genome_size	181.0000	0.96548517	0	NA	NA	NA	NA	22513640774	medium	haploid_depth_estimated_from_total_read_bases_and_genome_size;independent_base_error_survival_approximation;phred_scores_treated_as_calibrated_probabilities;genome_background_uniqueness_not_verified
TXF001045	63	54	931.6560	28.9058	32.2308	2030.5412	213.8821	1.4440	64.5763	total_read_bases_divided_by_genome_size	899.5000	0.96548517	0	NA	NA	NA	NA	22513640774	medium	haploid_depth_estimated_from_total_read_bases_and_genome_size;independent_base_error_survival_approximation;phred_scores_treated_as_calibrated_probabilities;genome_background_uniqueness_not_verified
TXF001046	75	75	269.2947	28.9058	9.3163	698.7224	188.5063	0.0000	27.7196	total_read_bases_divided_by_genome_size	260.0000	0.96548517	0	NA	NA	NA	NA	22513640774	medium	haploid_depth_estimated_from_total_read_bases_and_genome_size;independent_base_error_survival_approximation;phred_scores_treated_as_calibrated_probabilities;genome_background_uniqueness_not_verified
TXF001047	58	29	61.6270	28.9058	2.1320	123.6560	19.6792	1.3974	5.7331	total_read_bases_divided_by_genome_size	59.5000	0.96548517	0	NA	NA	NA	NA	22513640774	medium	haploid_depth_estimated_from_total_read_bases_and_genome_size;independent_base_error_survival_approximation;phred_scores_treated_as_calibrated_probabilities;genome_background_uniqueness_not_verified
TXF001048	91	91	262.0444	28.9058	9.0655	824.9583	68.3594	0.0000	11.3229	total_read_bases_divided_by_genome_size	253.0000	0.96548517	0	NA	NA	NA	NA	22513640774	medium	haploid_depth_estimated_from_total_read_bases_and_genome_size;independent_base_error_survival_approximation;phred_scores_treated_as_calibrated_probabilities;genome_background_uniqueness_not_verified
TXF001049	65	33	104.6106	28.9058	3.6190	235.2366	104.6106	0.0000	8.6355	total_read_bases_divided_by_genome_size	101.0000	0.96548517	0	NA	NA	NA	NA	22513640774	medium	haploid_depth_estimated_from_total_read_bases_and_genome_size;independent_base_error_survival_approximation;phred_scores_treated_as_calibrated_probabilities;genome_background_uniqueness_not_verified
TXF001050	86	23	37.2870	28.9058	1.2899	110.9356	2.0715	0.0000	5.6758	total_read_bases_divided_by_genome_size	36.0000	0.96548517	0	NA	NA	NA	NA	22513640774	medium	haploid_depth_estimated_from_total_read_bases_and_genome_size;independent_base_error_survival_approximation;phred_scores_treated_as_calibrated_probabilities;genome_background_uniqueness_not_verified
TXF001051	52	52	68.8773	28.9058	2.3828	123.9068	59.5555	0.3225	25.6306	total_read_bases_divided_by_genome_size	66.5000	0.96548517	0	NA	NA	NA	NA	22513640774	medium	haploid_depth_estimated_from_total_read_bases_and_genome_size;independent_base_error_survival_approximation;phred_scores_treated_as_calibrated_probabilities;genome_background_uniqueness_not_verified
TXF001052	64	64	67.3237	28.9058	2.3291	149.0608	10.8754	1.3974	6.0699	total_read_bases_divided_by_genome_size	65.0000	0.96548517	0	NA	NA	NA	NA	22513640774	medium	haploid_depth_estimated_from_total_read_bases_and_genome_size;independent_base_error_survival_approximation;phred_scores_treated_as_calibrated_probabilities;genome_background_uniqueness_not_verified
TXF001053	85	37	306.5816	28.9058	10.6062	901.5311	128.4328	6.0914	28.7874	total_read_bases_divided_by_genome_size	296.0000	0.96548517	0	NA	NA	NA	NA	22513640774	medium	haploid_depth_estimated_from_total_read_bases_and_genome_size;independent_base_error_survival_approximation;phred_scores_treated_as_calibrated_probabilities;genome_background_uniqueness_not_verified
TXF001054	85	57	36.2512	28.9058	1.2541	106.6000	36.2512	0.0000	12.2975	total_read_bases_divided_by_genome_size	35.0000	0.96548517	0	NA	NA	NA	NA	22513640774	medium	haploid_depth_estimated_from_total_read_bases_and_genome_size;independent_base_error_survival_approximation;phred_scores_treated_as_calibrated_probabilities;genome_background_uniqueness_not_verified
TXF001055	84	66	67.3237	28.9058	2.3291	195.6423	60.0734	0.9316	47.5131	total_read_bases_divided_by_genome_size	65.0000	0.96548517	0	NA	NA	NA	NA	22513640774	medium	haploid_depth_estimated_from_total_read_bases_and_genome_size;independent_base_error_survival_approximation;phred_scores_treated_as_calibrated_probabilities;genome_background_uniqueness_not_verified
TXF001056	86	45	848.2782	28.9058	29.3463	2523.7855	752.9893	2.3792	62.8420	total_read_bases_divided_by_genome_size	819.0000	0.96548517	0	NA	NA	NA	NA	22513640774	medium	haploid_depth_estimated_from_total_read_bases_and_genome_size;independent_base_error_survival_approximation;phred_scores_treated_as_calibrated_probabilities;genome_background_uniqueness_not_verified
TXF001057	85	30	74.0560	28.9058	2.5620	217.7685	11.9111	2.1499	11.1401	total_read_bases_divided_by_genome_size	71.5000	0.96548517	0	NA	NA	NA	NA	22513640774	medium	haploid_depth_estimated_from_total_read_bases_and_genome_size;independent_base_error_survival_approximation;phred_scores_treated_as_calibrated_probabilities;genome_background_uniqueness_not_verified
TXF001058	62	62	74.5739	28.9058	2.5799	159.9537	53.3411	0.0000	5.0881	total_read_bases_divided_by_genome_size	72.0000	0.96548517	0	NA	NA	NA	NA	22513640774	medium	haploid_depth_estimated_from_total_read_bases_and_genome_size;independent_base_error_survival_approximation;phred_scores_treated_as_calibrated_probabilities;genome_background_uniqueness_not_verified
TXF001059	51	51	243.4009	28.9058	8.4205	429.4456	76.6454	3.4040	10.8212	total_read_bases_divided_by_genome_size	235.0000	0.96548517	0	NA	NA	NA	NA	22513640774	medium	haploid_depth_estimated_from_total_read_bases_and_genome_size;independent_base_error_survival_approximation;phred_scores_treated_as_calibrated_probabilities;genome_background_uniqueness_not_verified
TXF001060	85	85	32.1082	28.9058	1.1108	94.4171	0.0000	0.0000	2.1714	total_read_bases_divided_by_genome_size	31.0000	0.96548517	0	NA	NA	NA	NA	22513640774	medium	haploid_depth_estimated_from_total_read_bases_and_genome_size;independent_base_error_survival_approximation;phred_scores_treated_as_calibrated_probabilities;genome_background_uniqueness_not_verified
TXF001061	85	31	35.2155	28.9058	1.2183	103.5542	1.0357	1.1466	10.9646	total_read_bases_divided_by_genome_size	34.0000	0.96548517	0	NA	NA	NA	NA	22513640774	medium	haploid_depth_estimated_from_total_read_bases_and_genome_size;independent_base_error_survival_approximation;phred_scores_treated_as_calibrated_probabilities;genome_background_uniqueness_not_verified
TXF001062	42	42	82.8599	28.9058	2.8666	120.3953	59.5555	0.0000	5.1849	total_read_bases_divided_by_genome_size	80.0000	0.96548517	0	NA	NA	NA	NA	22513640774	medium	haploid_depth_estimated_from_total_read_bases_and_genome_size;independent_base_error_survival_approximation;phred_scores_treated_as_calibrated_probabilities;genome_background_uniqueness_not_verified
TXF001063	85	47	235.1150	28.9058	8.1338	691.3769	235.1150	0.0000	22.2373	total_read_bases_divided_by_genome_size	227.0000	0.96548517	0	NA	NA	NA	NA	22513640774	medium	haploid_depth_estimated_from_total_read_bases_and_genome_size;independent_base_error_survival_approximation;phred_scores_treated_as_calibrated_probabilities;genome_background_uniqueness_not_verified
TXF001064	82	46	33.6618	28.9058	1.1645	95.4921	2.0715	1.0929	18.3459	total_read_bases_divided_by_genome_size	32.5000	0.96548517	0	NA	NA	NA	NA	22513640774	medium	haploid_depth_estimated_from_total_read_bases_and_genome_size;independent_base_error_survival_approximation;phred_scores_treated_as_calibrated_probabilities;genome_background_uniqueness_not_verified
TXF001065	83	77	60.0734	28.9058	2.0783	172.4949	60.0734	0.0000	10.7496	total_read_bases_divided_by_genome_size	58.0000	0.96548517	0	NA	NA	NA	NA	22513640774	medium	haploid_depth_estimated_from_total_read_bases_and_genome_size;independent_base_error_survival_approximation;phred_scores_treated_as_calibrated_probabilities;genome_background_uniqueness_not_verified
TXF001066	44	21	170.8985	28.9058	5.9123	260.1397	106.6821	1.6483	24.1865	total_read_bases_divided_by_genome_size	165.0000	0.96548517	0	NA	NA	NA	NA	22513640774	medium	haploid_depth_estimated_from_total_read_bases_and_genome_size;independent_base_error_survival_approximation;phred_scores_treated_as_calibrated_probabilities;genome_background_uniqueness_not_verified
TXF001067	82	66	44.5372	28.9058	1.5408	126.3434	44.5372	0.0000	30.7617	total_read_bases_divided_by_genome_size	43.0000	0.96548517	0	NA	NA	NA	NA	22513640774	medium	haploid_depth_estimated_from_total_read_bases_and_genome_size;independent_base_error_survival_approximation;phred_scores_treated_as_calibrated_probabilities;genome_background_uniqueness_not_verified
TXF001068	85	85	46.6087	28.9058	1.6124	137.0571	1.0357	0.0000	1.6483	total_read_bases_divided_by_genome_size	45.0000	0.96548517	0	NA	NA	NA	NA	22513640774	medium	haploid_depth_estimated_from_total_read_bases_and_genome_size;independent_base_error_survival_approximation;phred_scores_treated_as_calibrated_probabilities;genome_background_uniqueness_not_verified
TXF001069	53	53	70.4309	28.9058	2.4366	129.1382	68.3594	0.0860	15.2357	total_read_bases_divided_by_genome_size	68.0000	0.96548517	0	NA	NA	NA	NA	22513640774	medium	haploid_depth_estimated_from_total_read_bases_and_genome_size;independent_base_error_survival_approximation;phred_scores_treated_as_calibrated_probabilities;genome_background_uniqueness_not_verified
TXF001070	82	82	59.0377	28.9058	2.0424	167.4784	16.5720	0.0000	5.4787	total_read_bases_divided_by_genome_size	57.0000	0.96548517	0	NA	NA	NA	NA	22513640774	medium	haploid_depth_estimated_from_total_read_bases_and_genome_size;independent_base_error_survival_approximation;phred_scores_treated_as_calibrated_probabilities;genome_background_uniqueness_not_verified
TXF001071	60	39	30.0367	28.9058	1.0391	62.3475	23.8222	0.4658	21.9793	total_read_bases_divided_by_genome_size	29.0000	0.96548517	0	NA	NA	NA	NA	22513640774	medium	haploid_depth_estimated_from_total_read_bases_and_genome_size;independent_base_error_survival_approximation;phred_scores_treated_as_calibrated_probabilities;genome_background_uniqueness_not_verified
TXF001072	61	22	75.0918	28.9058	2.5978	158.4667	11.9111	1.8633	2.9776	total_read_bases_divided_by_genome_size	72.5000	0.96548517	0	NA	NA	NA	NA	22513640774	medium	haploid_depth_estimated_from_total_read_bases_and_genome_size;independent_base_error_survival_approximation;phred_scores_treated_as_calibrated_probabilities;genome_background_uniqueness_not_verified
TXF001073	70	70	19.6792	28.9058	0.6808	47.6565	8.2860	0.0000	1.2935	total_read_bases_divided_by_genome_size	19.0000	0.96548517	0	NA	NA	NA	NA	22513640774	medium	haploid_depth_estimated_from_total_read_bases_and_genome_size;independent_base_error_survival_approximation;phred_scores_treated_as_calibrated_probabilities;genome_background_uniqueness_not_verified
TXF001074	58	58	188.5063	28.9058	6.5214	378.2417	32.1082	0.0000	8.8075	total_read_bases_divided_by_genome_size	182.0000	0.96548517	0	NA	NA	NA	NA	22513640774	medium	haploid_depth_estimated_from_total_read_bases_and_genome_size;independent_base_error_survival_approximation;phred_scores_treated_as_calibrated_probabilities;genome_background_uniqueness_not_verified
TXF001075	59	43	783.0260	28.9058	27.0889	1598.2470	450.5507	11.5020	79.8335	total_read_bases_divided_by_genome_size	756.0000	0.96548517	0	NA	NA	NA	NA	22513640774	medium	haploid_depth_estimated_from_total_read_bases_and_genome_size;independent_base_error_survival_approximation;phred_scores_treated_as_calibrated_probabilities;genome_background_uniqueness_not_verified
TXF001076	82	82	34.1797	28.9058	1.1825	96.9612	1.0357	0.1147	3.2607	total_read_bases_divided_by_genome_size	33.0000	0.96548517	0	NA	NA	NA	NA	22513640774	medium	haploid_depth_estimated_from_total_read_bases_and_genome_size;independent_base_error_survival_approximation;phred_scores_treated_as_calibrated_probabilities;genome_background_uniqueness_not_verified
TXF001077	65	54	26.9295	28.9058	0.9316	60.5559	2.0715	0.0000	4.7656	total_read_bases_divided_by_genome_size	26.0000	0.96548517	0	NA	NA	NA	NA	22513640774	medium	haploid_depth_estimated_from_total_read_bases_and_genome_size;independent_base_error_survival_approximation;phred_scores_treated_as_calibrated_probabilities;genome_background_uniqueness_not_verified
TXF001078	59	40	168.8270	28.9058	5.8406	344.5956	97.3604	1.8991	15.7768	total_read_bases_divided_by_genome_size	163.0000	0.96548517	0	NA	NA	NA	NA	22513640774	medium	haploid_depth_estimated_from_total_read_bases_and_genome_size;independent_base_error_survival_approximation;phred_scores_treated_as_calibrated_probabilities;genome_background_uniqueness_not_verified
TXF001079	82	80	471.7835	28.9058	16.3214	1338.3581	471.7835	0.0000	75.0858	total_read_bases_divided_by_genome_size	455.5000	0.96548517	0	NA	NA	NA	NA	22513640774	medium	haploid_depth_estimated_from_total_read_bases_and_genome_size;independent_base_error_survival_approximation;phred_scores_treated_as_calibrated_probabilities;genome_background_uniqueness_not_verified
TXF001080	83	63	129.4686	28.9058	4.4790	371.7562	129.4686	0.0000	39.1070	total_read_bases_divided_by_genome_size	125.0000	0.96548517	0	NA	NA	NA	NA	22513640774	medium	haploid_depth_estimated_from_total_read_bases_and_genome_size;independent_base_error_survival_approximation;phred_scores_treated_as_calibrated_probabilities;genome_background_uniqueness_not_verified
TXF001081	82	82	364.0657	28.9058	12.5949	1032.7834	364.0657	0.0000	53.1459	total_read_bases_divided_by_genome_size	351.5000	0.96548517	0	NA	NA	NA	NA	22513640774	medium	haploid_depth_estimated_from_total_read_bases_and_genome_size;independent_base_error_survival_approximation;phred_scores_treated_as_calibrated_probabilities;genome_background_uniqueness_not_verified
TXF001082	81	81	105.6464	28.9058	3.6549	296.0433	14.5005	0.0000	3.7624	total_read_bases_divided_by_genome_size	102.0000	0.96548517	0	NA	NA	NA	NA	22513640774	medium	haploid_depth_estimated_from_total_read_bases_and_genome_size;independent_base_error_survival_approximation;phred_scores_treated_as_calibrated_probabilities;genome_background_uniqueness_not_verified
TXF001083	66	61	85.9671	28.9058	2.9740	196.2873	15.5362	1.7916	17.5576	total_read_bases_divided_by_genome_size	83.0000	0.96548517	0	NA	NA	NA	NA	22513640774	medium	haploid_depth_estimated_from_total_read_bases_and_genome_size;independent_base_error_survival_approximation;phred_scores_treated_as_calibrated_probabilities;genome_background_uniqueness_not_verified
TXF001084	78	78	33.1440	28.9058	1.1466	89.4365	1.0357	0.0000	2.2574	total_read_bases_divided_by_genome_size	32.0000	0.96548517	0	NA	NA	NA	NA	22513640774	medium	haploid_depth_estimated_from_total_read_bases_and_genome_size;independent_base_error_survival_approximation;phred_scores_treated_as_calibrated_probabilities;genome_background_uniqueness_not_verified
TXF001085	77	77	31.0725	28.9058	1.0750	82.7717	2.0715	0.0000	1.1466	total_read_bases_divided_by_genome_size	30.0000	0.96548517	0	NA	NA	NA	NA	22513640774	medium	haploid_depth_estimated_from_total_read_bases_and_genome_size;independent_base_error_survival_approximation;phred_scores_treated_as_calibrated_probabilities;genome_background_uniqueness_not_verified
TXF001086	44	27	182.2918	28.9058	6.3064	277.4824	50.7517	4.5507	125.3831	total_read_bases_divided_by_genome_size	176.0000	0.96548517	0	NA	NA	NA	NA	22513640774	medium	haploid_depth_estimated_from_total_read_bases_and_genome_size;independent_base_error_survival_approximation;phred_scores_treated_as_calibrated_probabilities;genome_background_uniqueness_not_verified
TXF001087	60	60	61.6270	28.9058	2.1320	127.9200	32.6261	1.0033	16.7944	total_read_bases_divided_by_genome_size	59.5000	0.96548517	0	NA	NA	NA	NA	22513640774	medium	haploid_depth_estimated_from_total_read_bases_and_genome_size;independent_base_error_survival_approximation;phred_scores_treated_as_calibrated_probabilities;genome_background_uniqueness_not_verified
TXF001088	44	42	2.0715	28.9058	0.0717	3.1532	2.0715	0.0000	40.2285	total_read_bases_divided_by_genome_size	2.0000	0.96548517	0	NA	NA	NA	NA	22513640774	medium	haploid_depth_estimated_from_total_read_bases_and_genome_size;independent_base_error_survival_approximation;phred_scores_treated_as_calibrated_probabilities;genome_background_uniqueness_not_verified
TXF001089	74	74	25.8937	28.9058	0.8958	66.2891	2.0715	0.8241	2.9740	total_read_bases_divided_by_genome_size	25.0000	0.96548517	0	NA	NA	NA	NA	22513640774	medium	haploid_depth_estimated_from_total_read_bases_and_genome_size;independent_base_error_survival_approximation;phred_scores_treated_as_calibrated_probabilities;genome_background_uniqueness_not_verified
TXF001090	48	32	211.2927	28.9058	7.3097	350.8662	83.8956	3.4076	12.1434	total_read_bases_divided_by_genome_size	204.0000	0.96548517	0	NA	NA	NA	NA	22513640774	medium	haploid_depth_estimated_from_total_read_bases_and_genome_size;independent_base_error_survival_approximation;phred_scores_treated_as_calibrated_probabilities;genome_background_uniqueness_not_verified
TXF001091	64	64	49.7159	28.9058	1.7199	110.0757	2.0715	0.0000	1.8274	total_read_bases_divided_by_genome_size	48.0000	0.96548517	0	NA	NA	NA	NA	22513640774	medium	haploid_depth_estimated_from_total_read_bases_and_genome_size;independent_base_error_survival_approximation;phred_scores_treated_as_calibrated_probabilities;genome_background_uniqueness_not_verified
TXF001092	76	76	120.1468	28.9058	4.1565	315.8942	17.6077	0.0000	8.3668	total_read_bases_divided_by_genome_size	116.0000	0.96548517	0	NA	NA	NA	NA	22513640774	medium	haploid_depth_estimated_from_total_read_bases_and_genome_size;independent_base_error_survival_approximation;phred_scores_treated_as_calibrated_probabilities;genome_background_uniqueness_not_verified
TXF001093	55	55	246.5082	28.9058	8.5280	469.0398	73.5382	5.3175	11.3946	total_read_bases_divided_by_genome_size	238.0000	0.96548517	0	NA	NA	NA	NA	22513640774	medium	haploid_depth_estimated_from_total_read_bases_and_genome_size;independent_base_error_survival_approximation;phred_scores_treated_as_calibrated_probabilities;genome_background_uniqueness_not_verified
TXF001094	51	51	44.5372	28.9058	1.5408	78.5794	44.5372	0.0000	1.6124	total_read_bases_divided_by_genome_size	43.0000	0.96548517	0	NA	NA	NA	NA	22513640774	medium	haploid_depth_estimated_from_total_read_bases_and_genome_size;independent_base_error_survival_approximation;phred_scores_treated_as_calibrated_probabilities;genome_background_uniqueness_not_verified
TXF001095	70	70	750.3999	28.9058	25.9602	1817.2158	452.1043	1.2899	45.1554	total_read_bases_divided_by_genome_size	724.5000	0.96548517	0	NA	NA	NA	NA	22513640774	medium	haploid_depth_estimated_from_total_read_bases_and_genome_size;independent_base_error_survival_approximation;phred_scores_treated_as_calibrated_probabilities;genome_background_uniqueness_not_verified
TXF001096	53	48	197.3101	28.9058	6.8260	361.7770	196.7923	0.0000	24.4015	total_read_bases_divided_by_genome_size	190.5000	0.96548517	0	NA	NA	NA	NA	22513640774	medium	haploid_depth_estimated_from_total_read_bases_and_genome_size;independent_base_error_survival_approximation;phred_scores_treated_as_calibrated_probabilities;genome_background_uniqueness_not_verified
TXF001097	56	25	2417.4375	28.9058	83.6317	4683.3753	881.4221	24.6022	111.7024	total_read_bases_divided_by_genome_size	2334.0000	0.96548517	0	NA	NA	NA	NA	22513640774	medium	haploid_depth_estimated_from_total_read_bases_and_genome_size;independent_base_error_survival_approximation;phred_scores_treated_as_calibrated_probabilities;genome_background_uniqueness_not_verified
TXF001098	57	56	237.7043	28.9058	8.2234	468.7353	237.7043	0.0000	45.1841	total_read_bases_divided_by_genome_size	229.5000	0.96548517	0	NA	NA	NA	NA	22513640774	medium	haploid_depth_estimated_from_total_read_bases_and_genome_size;independent_base_error_survival_approximation;phred_scores_treated_as_calibrated_probabilities;genome_background_uniqueness_not_verified
TXF001099	54	39	53.8589	28.9058	1.8633	100.6160	53.8589	0.0000	4.7083	total_read_bases_divided_by_genome_size	52.0000	0.96548517	0	NA	NA	NA	NA	22513640774	medium	haploid_depth_estimated_from_total_read_bases_and_genome_size;independent_base_error_survival_approximation;phred_scores_treated_as_calibrated_probabilities;genome_background_uniqueness_not_verified
TXF001100	70	70	31.0725	28.9058	1.0750	75.2470	27.9652	0.0000	9.7964	total_read_bases_divided_by_genome_size	30.0000	0.96548517	0	NA	NA	NA	NA	22513640774	medium	haploid_depth_estimated_from_total_read_bases_and_genome_size;independent_base_error_survival_approximation;phred_scores_treated_as_calibrated_probabilities;genome_background_uniqueness_not_verified
TXF001101	36	36	41.4299	28.9058	1.4333	51.5980	0.0000	1.4333	2.9024	total_read_bases_divided_by_genome_size	40.0000	0.96548517	0	NA	NA	NA	NA	22513640774	medium	haploid_depth_estimated_from_total_read_bases_and_genome_size;independent_base_error_survival_approximation;phred_scores_treated_as_calibrated_probabilities;genome_background_uniqueness_not_verified
TXF001102	59	22	94.7710	28.9058	3.2786	193.4386	31.0725	2.4366	8.3524	total_read_bases_divided_by_genome_size	91.5000	0.96548517	0	NA	NA	NA	NA	22513640774	medium	haploid_depth_estimated_from_total_read_bases_and_genome_size;independent_base_error_survival_approximation;phred_scores_treated_as_calibrated_probabilities;genome_background_uniqueness_not_verified
TXF001103	49	23	456.7652	28.9058	15.8019	774.2920	220.6145	8.8147	45.7645	total_read_bases_divided_by_genome_size	441.0000	0.96548517	0	NA	NA	NA	NA	22513640774	medium	haploid_depth_estimated_from_total_read_bases_and_genome_size;independent_base_error_survival_approximation;phred_scores_treated_as_calibrated_probabilities;genome_background_uniqueness_not_verified
TXF001104	65	63	130.5043	28.9058	4.5148	293.4634	50.7517	2.7591	15.3504	total_read_bases_divided_by_genome_size	126.0000	0.96548517	0	NA	NA	NA	NA	22513640774	medium	haploid_depth_estimated_from_total_read_bases_and_genome_size;independent_base_error_survival_approximation;phred_scores_treated_as_calibrated_probabilities;genome_background_uniqueness_not_verified
TXF001105	71	71	29.0010	28.9058	1.0033	71.2339	12.4290	0.0000	1.8991	total_read_bases_divided_by_genome_size	28.0000	0.96548517	0	NA	NA	NA	NA	22513640774	medium	haploid_depth_estimated_from_total_read_bases_and_genome_size;independent_base_error_survival_approximation;phred_scores_treated_as_calibrated_probabilities;genome_background_uniqueness_not_verified
TXF001106	40	40	43.5014	28.9058	1.5049	60.1976	43.5014	0.0000	7.6824	total_read_bases_divided_by_genome_size	42.0000	0.96548517	0	NA	NA	NA	NA	22513640774	medium	haploid_depth_estimated_from_total_read_bases_and_genome_size;independent_base_error_survival_approximation;phred_scores_treated_as_calibrated_probabilities;genome_background_uniqueness_not_verified
TXF001107	46	44	25.8937	28.9058	0.8958	41.2067	25.8937	0.0000	11.7887	total_read_bases_divided_by_genome_size	25.0000	0.96548517	0	NA	NA	NA	NA	22513640774	medium	haploid_depth_estimated_from_total_read_bases_and_genome_size;independent_base_error_survival_approximation;phred_scores_treated_as_calibrated_probabilities;genome_background_uniqueness_not_verified
TXF001108	48	24	0.0000	28.9058	0.0000	0.0000	0.0000	0.0000	230.0660	total_read_bases_divided_by_genome_size	0.0000	0.96548517	0	NA	NA	NA	NA	22513640774	medium	haploid_depth_estimated_from_total_read_bases_and_genome_size;independent_base_error_survival_approximation;phred_scores_treated_as_calibrated_probabilities;genome_background_uniqueness_not_verified
TXF001109	31	31	227.8647	28.9058	7.8830	244.3737	96.3246	4.5507	19.7434	total_read_bases_divided_by_genome_size	220.0000	0.96548517	0	NA	NA	NA	NA	22513640774	medium	haploid_depth_estimated_from_total_read_bases_and_genome_size;independent_base_error_survival_approximation;phred_scores_treated_as_calibrated_probabilities;genome_background_uniqueness_not_verified
TXF001110	49	21	174.0058	28.9058	6.0198	294.9684	158.4696	0.5375	26.9814	total_read_bases_divided_by_genome_size	168.0000	0.96548517	0	NA	NA	NA	NA	22513640774	medium	haploid_depth_estimated_from_total_read_bases_and_genome_size;independent_base_error_survival_approximation;phred_scores_treated_as_calibrated_probabilities;genome_background_uniqueness_not_verified
TXF001111	51	51	1526.6936	28.9058	52.8163	2693.6288	1387.9033	0.0000	307.1154	total_read_bases_divided_by_genome_size	1474.0000	0.96548517	0	NA	NA	NA	NA	22513640774	medium	haploid_depth_estimated_from_total_read_bases_and_genome_size;independent_base_error_survival_approximation;phred_scores_treated_as_calibrated_probabilities;genome_background_uniqueness_not_verified
TXF001112	44	22	403.4241	28.9058	13.9565	614.0874	83.8956	6.2419	29.7405	total_read_bases_divided_by_genome_size	389.5000	0.96548517	0	NA	NA	NA	NA	22513640774	medium	haploid_depth_estimated_from_total_read_bases_and_genome_size;independent_base_error_survival_approximation;phred_scores_treated_as_calibrated_probabilities;genome_background_uniqueness_not_verified
TXF001113	68	66	13697.7765	28.9058	473.8771	32223.6458	4755.6401	1.0750	637.1095	total_read_bases_divided_by_genome_size	13225.0000	0.96548517	0	NA	NA	NA	NA	22513640774	medium	haploid_depth_estimated_from_total_read_bases_and_genome_size;independent_base_error_survival_approximation;phred_scores_treated_as_calibrated_probabilities;genome_background_uniqueness_not_verified
TXF001114	65	65	103.5749	28.9058	3.5832	232.9075	54.8947	1.0750	9.6388	total_read_bases_divided_by_genome_size	100.0000	0.96548517	0	NA	NA	NA	NA	22513640774	medium	haploid_depth_estimated_from_total_read_bases_and_genome_size;independent_base_error_survival_approximation;phred_scores_treated_as_calibrated_probabilities;genome_background_uniqueness_not_verified
TXF001115	67	67	70.4309	28.9058	2.4366	163.2502	0.0000	0.0000	2.4366	total_read_bases_divided_by_genome_size	68.0000	0.96548517	0	NA	NA	NA	NA	22513640774	medium	haploid_depth_estimated_from_total_read_bases_and_genome_size;independent_base_error_survival_approximation;phred_scores_treated_as_calibrated_probabilities;genome_background_uniqueness_not_verified
TXF001116	54	48	615.2347	28.9058	21.2842	1149.3447	241.3294	12.4229	59.9755	total_read_bases_divided_by_genome_size	594.0000	0.96548517	0	NA	NA	NA	NA	22513640774	medium	haploid_depth_estimated_from_total_read_bases_and_genome_size;independent_base_error_survival_approximation;phred_scores_treated_as_calibrated_probabilities;genome_background_uniqueness_not_verified
TXF001117	59	40	166.2377	28.9058	5.7510	339.3104	133.0937	1.1466	44.4925	total_read_bases_divided_by_genome_size	160.5000	0.96548517	0	NA	NA	NA	NA	22513640774	medium	haploid_depth_estimated_from_total_read_bases_and_genome_size;independent_base_error_survival_approximation;phred_scores_treated_as_calibrated_probabilities;genome_background_uniqueness_not_verified
TXF001118	63	26	0.0000	28.9058	0.0000	0.0000	0.0000	0.0000	20.2092	total_read_bases_divided_by_genome_size	0.0000	0.96548517	0	NA	NA	NA	NA	22513640774	medium	haploid_depth_estimated_from_total_read_bases_and_genome_size;independent_base_error_survival_approximation;phred_scores_treated_as_calibrated_probabilities;genome_background_uniqueness_not_verified
TXF001119	54	42	88.2976	28.9058	3.0547	164.9522	55.1536	1.1466	12.8995	total_read_bases_divided_by_genome_size	85.2500	0.96548517	0	NA	NA	NA	NA	22513640774	medium	haploid_depth_estimated_from_total_read_bases_and_genome_size;independent_base_error_survival_approximation;phred_scores_treated_as_calibrated_probabilities;genome_background_uniqueness_not_verified
TXF001120	51	51	47.6444	28.9058	1.6483	84.0617	26.9295	0.0000	8.4922	total_read_bases_divided_by_genome_size	46.0000	0.96548517	0	NA	NA	NA	NA	22513640774	medium	haploid_depth_estimated_from_total_read_bases_and_genome_size;independent_base_error_survival_approximation;phred_scores_treated_as_calibrated_probabilities;genome_background_uniqueness_not_verified
TXF001121	49	42	5270.9251	28.9058	182.3486	8935.0835	5145.5995	5.6184	963.8930	total_read_bases_divided_by_genome_size	5089.0000	0.96548517	0	NA	NA	NA	NA	22513640774	medium	haploid_depth_estimated_from_total_read_bases_and_genome_size;independent_base_error_survival_approximation;phred_scores_treated_as_calibrated_probabilities;genome_background_uniqueness_not_verified
TXF001122	58	58	53.8589	28.9058	1.8633	108.0691	26.9295	0.9316	4.6223	total_read_bases_divided_by_genome_size	52.0000	0.96548517	0	NA	NA	NA	NA	22513640774	medium	haploid_depth_estimated_from_total_read_bases_and_genome_size;independent_base_error_survival_approximation;phred_scores_treated_as_calibrated_probabilities;genome_background_uniqueness_not_verified
TXF001123	50	30	7.2502	28.9058	0.2508	12.5412	7.2502	0.0000	21.8754	total_read_bases_divided_by_genome_size	7.0000	0.96548517	0	NA	NA	NA	NA	22513640774	medium	haploid_depth_estimated_from_total_read_bases_and_genome_size;independent_base_error_survival_approximation;phred_scores_treated_as_calibrated_probabilities;genome_background_uniqueness_not_verified
TXF001124	59	36	42.4657	28.9058	1.4691	86.6774	42.4657	0.0000	38.7701	total_read_bases_divided_by_genome_size	41.0000	0.96548517	0	NA	NA	NA	NA	22513640774	medium	haploid_depth_estimated_from_total_read_bases_and_genome_size;independent_base_error_survival_approximation;phred_scores_treated_as_calibrated_probabilities;genome_background_uniqueness_not_verified
TXF001125	44	32	172.4522	28.9058	5.9660	262.5046	172.4522	0.0000	16.0169	total_read_bases_divided_by_genome_size	166.5000	0.96548517	0	NA	NA	NA	NA	22513640774	medium	haploid_depth_estimated_from_total_read_bases_and_genome_size;independent_base_error_survival_approximation;phred_scores_treated_as_calibrated_probabilities;genome_background_uniqueness_not_verified
TXF001126	51	30	1417.9400	28.9058	49.0539	2501.7488	97.8783	42.7618	65.0958	total_read_bases_divided_by_genome_size	1369.0000	0.96548517	0	NA	NA	NA	NA	22513640774	medium	haploid_depth_estimated_from_total_read_bases_and_genome_size;independent_base_error_survival_approximation;phred_scores_treated_as_calibrated_probabilities;genome_background_uniqueness_not_verified
TXF001127	63	63	36.2512	28.9058	1.2541	79.0094	25.8937	0.0000	2.1499	total_read_bases_divided_by_genome_size	35.0000	0.96548517	0	NA	NA	NA	NA	22513640774	medium	haploid_depth_estimated_from_total_read_bases_and_genome_size;independent_base_error_survival_approximation;phred_scores_treated_as_calibrated_probabilities;genome_background_uniqueness_not_verified
TXF001128	46	44	462.9797	28.9058	16.0169	736.7759	364.5835	2.5799	38.7200	total_read_bases_divided_by_genome_size	447.0000	0.96548517	0	NA	NA	NA	NA	22513640774	medium	haploid_depth_estimated_from_total_read_bases_and_genome_size;independent_base_error_survival_approximation;phred_scores_treated_as_calibrated_probabilities;genome_background_uniqueness_not_verified
TXF001129	63	63	18.6435	28.9058	0.6450	40.6334	1.0357	0.0000	0.6808	total_read_bases_divided_by_genome_size	18.0000	0.96548517	0	NA	NA	NA	NA	22513640774	medium	haploid_depth_estimated_from_total_read_bases_and_genome_size;independent_base_error_survival_approximation;phred_scores_treated_as_calibrated_probabilities;genome_background_uniqueness_not_verified
TXF001130	63	29	1082.3574	28.9058	37.4444	2358.9945	288.9739	0.0000	49.1901	total_read_bases_divided_by_genome_size	1045.0000	0.96548517	0	NA	NA	NA	NA	22513640774	medium	haploid_depth_estimated_from_total_read_bases_and_genome_size;independent_base_error_survival_approximation;phred_scores_treated_as_calibrated_probabilities;genome_background_uniqueness_not_verified
TXF001131	43	35	51.7874	28.9058	1.7916	77.0386	51.7874	0.0000	54.5863	total_read_bases_divided_by_genome_size	50.0000	0.96548517	0	NA	NA	NA	NA	22513640774	medium	haploid_depth_estimated_from_total_read_bases_and_genome_size;independent_base_error_survival_approximation;phred_scores_treated_as_calibrated_probabilities;genome_background_uniqueness_not_verified
TXF001132	53	16	37653.6081	28.9058	1302.6336	69039.5822	844.1352	1276.5659	2061.8941	total_read_bases_divided_by_genome_size	36354.0000	0.96548517	0	NA	NA	NA	NA	22513640774	medium	haploid_depth_estimated_from_total_read_bases_and_genome_size;independent_base_error_survival_approximation;phred_scores_treated_as_calibrated_probabilities;genome_background_uniqueness_not_verified
TXF001133	62	62	33.1440	28.9058	1.1466	71.0905	0.0000	1.1466	2.2932	total_read_bases_divided_by_genome_size	32.0000	0.96548517	0	NA	NA	NA	NA	22513640774	medium	haploid_depth_estimated_from_total_read_bases_and_genome_size;independent_base_error_survival_approximation;phred_scores_treated_as_calibrated_probabilities;genome_background_uniqueness_not_verified
TXF001134	60	60	74.5739	28.9058	2.5799	154.7939	62.1449	0.0000	7.1843	total_read_bases_divided_by_genome_size	72.0000	0.96548517	0	NA	NA	NA	NA	22513640774	medium	haploid_depth_estimated_from_total_read_bases_and_genome_size;independent_base_error_survival_approximation;phred_scores_treated_as_calibrated_probabilities;genome_background_uniqueness_not_verified
TXF001135	58	58	76.6454	28.9058	2.6516	153.7906	40.3942	1.2541	20.5138	total_read_bases_divided_by_genome_size	74.0000	0.96548517	0	NA	NA	NA	NA	22513640774	medium	haploid_depth_estimated_from_total_read_bases_and_genome_size;independent_base_error_survival_approximation;phred_scores_treated_as_calibrated_probabilities;genome_background_uniqueness_not_verified
TXF001136	54	54	23.8222	28.9058	0.8241	44.5032	0.0000	0.8241	0.8600	total_read_bases_divided_by_genome_size	23.0000	0.96548517	0	NA	NA	NA	NA	22513640774	medium	haploid_depth_estimated_from_total_read_bases_and_genome_size;independent_base_error_survival_approximation;phred_scores_treated_as_calibrated_probabilities;genome_background_uniqueness_not_verified
TXF001137	50	50	149.1478	28.9058	5.1598	257.9898	60.0734	3.0815	41.4504	total_read_bases_divided_by_genome_size	144.0000	0.96548517	0	NA	NA	NA	NA	22513640774	medium	haploid_depth_estimated_from_total_read_bases_and_genome_size;independent_base_error_survival_approximation;phred_scores_treated_as_calibrated_probabilities;genome_background_uniqueness_not_verified
TXF001138	57	57	47.6444	28.9058	1.6483	93.9513	44.5372	0.8958	42.7260	total_read_bases_divided_by_genome_size	46.0000	0.96548517	0	NA	NA	NA	NA	22513640774	medium	haploid_depth_estimated_from_total_read_bases_and_genome_size;independent_base_error_survival_approximation;phred_scores_treated_as_calibrated_probabilities;genome_background_uniqueness_not_verified
TXF001139	60	59	31.0725	28.9058	1.0750	64.4975	31.0725	0.0000	4.2998	total_read_bases_divided_by_genome_size	30.0000	0.96548517	0	NA	NA	NA	NA	22513640774	medium	haploid_depth_estimated_from_total_read_bases_and_genome_size;independent_base_error_survival_approximation;phred_scores_treated_as_calibrated_probabilities;genome_background_uniqueness_not_verified
TXF001140	49	22	30.0367	28.9058	1.0391	50.9172	10.3575	0.0000	1.3974	total_read_bases_divided_by_genome_size	29.0000	0.96548517	0	NA	NA	NA	NA	22513640774	medium	haploid_depth_estimated_from_total_read_bases_and_genome_size;independent_base_error_survival_approximation;phred_scores_treated_as_calibrated_probabilities;genome_background_uniqueness_not_verified
TXF001141	59	59	35.2155	28.9058	1.2183	71.8788	1.0357	0.0000	1.2541	total_read_bases_divided_by_genome_size	34.0000	0.96548517	0	NA	NA	NA	NA	22513640774	medium	haploid_depth_estimated_from_total_read_bases_and_genome_size;independent_base_error_survival_approximation;phred_scores_treated_as_calibrated_probabilities;genome_background_uniqueness_not_verified
TXF001142	48	33	389.4415	28.9058	13.4728	646.6945	389.4415	0.0000	40.0171	total_read_bases_divided_by_genome_size	376.0000	0.96548517	0	NA	NA	NA	NA	22513640774	medium	haploid_depth_estimated_from_total_read_bases_and_genome_size;independent_base_error_survival_approximation;phred_scores_treated_as_calibrated_probabilities;genome_background_uniqueness_not_verified
TXF001143	42	42	82.8599	28.9058	2.8666	120.3953	79.7526	0.0000	14.7986	total_read_bases_divided_by_genome_size	80.0000	0.96548517	0	NA	NA	NA	NA	22513640774	medium	haploid_depth_estimated_from_total_read_bases_and_genome_size;independent_base_error_survival_approximation;phred_scores_treated_as_calibrated_probabilities;genome_background_uniqueness_not_verified
TXF001144	43	32	138.7903	28.9058	4.8015	206.4635	138.7903	0.1541	59.1692	total_read_bases_divided_by_genome_size	134.0000	0.96548517	0	NA	NA	NA	NA	22513640774	medium	haploid_depth_estimated_from_total_read_bases_and_genome_size;independent_base_error_survival_approximation;phred_scores_treated_as_calibrated_probabilities;genome_background_uniqueness_not_verified
TXF001145	37	22	0.0000	28.9058	0.0000	0.0000	0.0000	0.0000	10.0867	total_read_bases_divided_by_genome_size	0.0000	0.96548517	0	NA	NA	NA	NA	22513640774	medium	haploid_depth_estimated_from_total_read_bases_and_genome_size;independent_base_error_survival_approximation;phred_scores_treated_as_calibrated_probabilities;genome_background_uniqueness_not_verified
TXF001146	42	0	0.0000	28.9058	0.0000	0.0000	0.0000	0.0000	0.0000	total_read_bases_divided_by_genome_size	0.0000	0.96548517	0	NA	NA	NA	NA	22513640774	low	haploid_depth_estimated_from_total_read_bases_and_genome_size;independent_base_error_survival_approximation;phred_scores_treated_as_calibrated_probabilities;no_diagnostic_kmers
TXF001147	44	44	80.7884	28.9058	2.7949	122.9752	80.7884	0.0000	15.9775	total_read_bases_divided_by_genome_size	78.0000	0.96548517	0	NA	NA	NA	NA	22513640774	medium	haploid_depth_estimated_from_total_read_bases_and_genome_size;independent_base_error_survival_approximation;phred_scores_treated_as_calibrated_probabilities;genome_background_uniqueness_not_verified
TXF001148	51	51	56.9662	28.9058	1.9708	100.5085	30.0367	0.9675	50.3797	total_read_bases_divided_by_genome_size	55.0000	0.96548517	0	NA	NA	NA	NA	22513640774	medium	haploid_depth_estimated_from_total_read_bases_and_genome_size;independent_base_error_survival_approximation;phred_scores_treated_as_calibrated_probabilities;genome_background_uniqueness_not_verified
TXF001149	59	59	19.6792	28.9058	0.6808	40.1676	1.0357	0.6450	2.5154	total_read_bases_divided_by_genome_size	19.0000	0.96548517	0	NA	NA	NA	NA	22513640774	medium	haploid_depth_estimated_from_total_read_bases_and_genome_size;independent_base_error_survival_approximation;phred_scores_treated_as_calibrated_probabilities;genome_background_uniqueness_not_verified
TXF001150	36	34	1646.8404	28.9058	56.9728	2051.0191	310.2067	39.7340	72.7854	total_read_bases_divided_by_genome_size	1590.0000	0.96548517	0	NA	NA	NA	NA	22513640774	medium	haploid_depth_estimated_from_total_read_bases_and_genome_size;independent_base_error_survival_approximation;phred_scores_treated_as_calibrated_probabilities;genome_background_uniqueness_not_verified
TXF001151	36	36	431.3893	28.9058	14.9240	537.2638	335.0647	3.3324	68.0448	total_read_bases_divided_by_genome_size	416.5000	0.96548517	0	NA	NA	NA	NA	22513640774	medium	haploid_depth_estimated_from_total_read_bases_and_genome_size;independent_base_error_survival_approximation;phred_scores_treated_as_calibrated_probabilities;genome_background_uniqueness_not_verified
TXF001152	60	60	32.6261	28.9058	1.1287	67.7223	32.6261	0.0000	25.9566	total_read_bases_divided_by_genome_size	31.5000	0.96548517	0	NA	NA	NA	NA	22513640774	medium	haploid_depth_estimated_from_total_read_bases_and_genome_size;independent_base_error_survival_approximation;phred_scores_treated_as_calibrated_probabilities;genome_background_uniqueness_not_verified
TXF001153	59	59	33.1440	28.9058	1.1466	67.6507	1.0357	1.1036	2.2574	total_read_bases_divided_by_genome_size	32.0000	0.96548517	0	NA	NA	NA	NA	22513640774	medium	haploid_depth_estimated_from_total_read_bases_and_genome_size;independent_base_error_survival_approximation;phred_scores_treated_as_calibrated_probabilities;genome_background_uniqueness_not_verified
TXF001154	48	46	858.1178	28.9058	29.6867	1424.9638	805.2946	0.0000	70.0156	total_read_bases_divided_by_genome_size	828.5000	0.96548517	0	NA	NA	NA	NA	22513640774	medium	haploid_depth_estimated_from_total_read_bases_and_genome_size;independent_base_error_survival_approximation;phred_scores_treated_as_calibrated_probabilities;genome_background_uniqueness_not_verified
TXF001155	33	33	595.5555	28.9058	20.6034	679.9107	548.9468	1.6124	183.2229	total_read_bases_divided_by_genome_size	575.0000	0.96548517	0	NA	NA	NA	NA	22513640774	medium	haploid_depth_estimated_from_total_read_bases_and_genome_size;independent_base_error_survival_approximation;phred_scores_treated_as_calibrated_probabilities;genome_background_uniqueness_not_verified
TXF001156	41	37	1178.6820	28.9058	40.7767	1671.8457	591.4125	19.0124	346.1292	total_read_bases_divided_by_genome_size	1138.0000	0.96548517	0	NA	NA	NA	NA	22513640774	medium	haploid_depth_estimated_from_total_read_bases_and_genome_size;independent_base_error_survival_approximation;phred_scores_treated_as_calibrated_probabilities;genome_background_uniqueness_not_verified
TXF001157	59	59	62.1449	28.9058	2.1499	126.8450	4.1430	1.1108	3.0815	total_read_bases_divided_by_genome_size	60.0000	0.96548517	0	NA	NA	NA	NA	22513640774	medium	haploid_depth_estimated_from_total_read_bases_and_genome_size;independent_base_error_survival_approximation;phred_scores_treated_as_calibrated_probabilities;genome_background_uniqueness_not_verified
TXF001158	43	23	1.0357	28.9058	0.0358	1.5408	1.0357	0.0000	33.6820	total_read_bases_divided_by_genome_size	1.0000	0.96548517	0	NA	NA	NA	NA	22513640774	medium	haploid_depth_estimated_from_total_read_bases_and_genome_size;independent_base_error_survival_approximation;phred_scores_treated_as_calibrated_probabilities;genome_background_uniqueness_not_verified
TXF001159	56	45	139.8261	28.9058	4.8373	270.8893	128.4328	0.0000	36.4554	total_read_bases_divided_by_genome_size	135.0000	0.96548517	0	NA	NA	NA	NA	22513640774	medium	haploid_depth_estimated_from_total_read_bases_and_genome_size;independent_base_error_survival_approximation;phred_scores_treated_as_calibrated_probabilities;genome_background_uniqueness_not_verified
TXF001160	43	28	55.9304	28.9058	1.9349	83.2017	29.0010	0.9316	53.9736	total_read_bases_divided_by_genome_size	54.0000	0.96548517	0	NA	NA	NA	NA	22513640774	medium	haploid_depth_estimated_from_total_read_bases_and_genome_size;independent_base_error_survival_approximation;phred_scores_treated_as_calibrated_probabilities;genome_background_uniqueness_not_verified
TXF001161	54	47	65.2522	28.9058	2.2574	121.9002	65.2522	0.0000	8.1338	total_read_bases_divided_by_genome_size	63.0000	0.96548517	0	NA	NA	NA	NA	22513640774	medium	haploid_depth_estimated_from_total_read_bases_and_genome_size;independent_base_error_survival_approximation;phred_scores_treated_as_calibrated_probabilities;genome_background_uniqueness_not_verified
TXF001162	56	56	32.1082	28.9058	1.1108	62.2042	2.0715	1.0391	1.7199	total_read_bases_divided_by_genome_size	31.0000	0.96548517	0	NA	NA	NA	NA	22513640774	medium	haploid_depth_estimated_from_total_read_bases_and_genome_size;independent_base_error_survival_approximation;phred_scores_treated_as_calibrated_probabilities;genome_background_uniqueness_not_verified
TXF001163	36	18	53.8589	28.9058	1.8633	67.0774	16.5720	0.9155	3.3377	total_read_bases_divided_by_genome_size	52.0000	0.96548517	0	NA	NA	NA	NA	22513640774	medium	haploid_depth_estimated_from_total_read_bases_and_genome_size;independent_base_error_survival_approximation;phred_scores_treated_as_calibrated_probabilities;genome_background_uniqueness_not_verified
TXF001164	56	7	79.7526	28.9058	2.7591	154.5072	3.1072	2.0281	2.8666	total_read_bases_divided_by_genome_size	77.0000	0.96548517	0	NA	NA	NA	NA	22513640774	medium	haploid_depth_estimated_from_total_read_bases_and_genome_size;independent_base_error_survival_approximation;phred_scores_treated_as_calibrated_probabilities;genome_background_uniqueness_not_verified
TXF001165	50	50	34.1797	28.9058	1.1825	59.1227	1.0357	1.1466	2.4903	total_read_bases_divided_by_genome_size	33.0000	0.96548517	0	NA	NA	NA	NA	22513640774	medium	haploid_depth_estimated_from_total_read_bases_and_genome_size;independent_base_error_survival_approximation;phred_scores_treated_as_calibrated_probabilities;genome_background_uniqueness_not_verified
TXF001166	47	47	27.9652	28.9058	0.9675	45.4707	0.0000	0.0000	0.9675	total_read_bases_divided_by_genome_size	27.0000	0.96548517	0	NA	NA	NA	NA	22513640774	medium	haploid_depth_estimated_from_total_read_bases_and_genome_size;independent_base_error_survival_approximation;phred_scores_treated_as_calibrated_probabilities;genome_background_uniqueness_not_verified
TXF001167	56	56	30.0367	28.9058	1.0391	58.1910	1.0357	0.0000	1.0750	total_read_bases_divided_by_genome_size	29.0000	0.96548517	0	NA	NA	NA	NA	22513640774	medium	haploid_depth_estimated_from_total_read_bases_and_genome_size;independent_base_error_survival_approximation;phred_scores_treated_as_calibrated_probabilities;genome_background_uniqueness_not_verified
TXF001168	56	37	495.0879	28.9058	17.1277	959.1488	495.0879	0.0000	52.7804	total_read_bases_divided_by_genome_size	478.0000	0.96548517	0	NA	NA	NA	NA	22513640774	medium	haploid_depth_estimated_from_total_read_bases_and_genome_size;independent_base_error_survival_approximation;phred_scores_treated_as_calibrated_probabilities;genome_background_uniqueness_not_verified
TXF001169	31	21	364.5835	28.9058	12.6128	390.9979	308.6531	1.0033	23.9357	total_read_bases_divided_by_genome_size	352.0000	0.96548517	0	NA	NA	NA	NA	22513640774	medium	haploid_depth_estimated_from_total_read_bases_and_genome_size;independent_base_error_survival_approximation;phred_scores_treated_as_calibrated_probabilities;genome_background_uniqueness_not_verified
TXF001170	39	19	54431.7012	28.9058	1883.0749	73439.9212	2894.9176	1780.5956	3426.2769	total_read_bases_divided_by_genome_size	52553.0000	0.96548517	0	NA	NA	NA	NA	22513640774	medium	haploid_depth_estimated_from_total_read_bases_and_genome_size;independent_base_error_survival_approximation;phred_scores_treated_as_calibrated_probabilities;genome_background_uniqueness_not_verified
TXF001171	48	45	2386.3650	28.9058	82.5567	3962.7237	292.0811	0.0000	211.9100	total_read_bases_divided_by_genome_size	2304.0000	0.96548517	0	NA	NA	NA	NA	22513640774	medium	haploid_depth_estimated_from_total_read_bases_and_genome_size;independent_base_error_survival_approximation;phred_scores_treated_as_calibrated_probabilities;genome_background_uniqueness_not_verified
TXF001172	48	38	319.0106	28.9058	11.0362	529.7391	80.2705	0.0000	15.1677	total_read_bases_divided_by_genome_size	308.0000	0.96548517	0	NA	NA	NA	NA	22513640774	medium	haploid_depth_estimated_from_total_read_bases_and_genome_size;independent_base_error_survival_approximation;phred_scores_treated_as_calibrated_probabilities;genome_background_uniqueness_not_verified
TXF001173	54	0	0.0000	28.9058	0.0000	0.0000	0.0000	0.0000	0.0000	total_read_bases_divided_by_genome_size	0.0000	0.96548517	0	NA	NA	NA	NA	22513640774	low	haploid_depth_estimated_from_total_read_bases_and_genome_size;independent_base_error_survival_approximation;phred_scores_treated_as_calibrated_probabilities;no_diagnostic_kmers
TXF001174	31	31	1.0357	28.9058	0.0358	1.1108	1.0357	0.0000	1.7916	total_read_bases_divided_by_genome_size	1.0000	0.96548517	0	NA	NA	NA	NA	22513640774	medium	haploid_depth_estimated_from_total_read_bases_and_genome_size;independent_base_error_survival_approximation;phred_scores_treated_as_calibrated_probabilities;genome_background_uniqueness_not_verified
TXF001175	53	53	74.5739	28.9058	2.5799	136.7346	53.8589	0.0000	4.4432	total_read_bases_divided_by_genome_size	72.0000	0.96548517	0	NA	NA	NA	NA	22513640774	medium	haploid_depth_estimated_from_total_read_bases_and_genome_size;independent_base_error_survival_approximation;phred_scores_treated_as_calibrated_probabilities;genome_background_uniqueness_not_verified
TXF001176	44	44	46.6087	28.9058	1.6124	70.9472	2.0715	0.8241	1.6841	total_read_bases_divided_by_genome_size	45.0000	0.96548517	0	NA	NA	NA	NA	22513640774	medium	haploid_depth_estimated_from_total_read_bases_and_genome_size;independent_base_error_survival_approximation;phred_scores_treated_as_calibrated_probabilities;genome_background_uniqueness_not_verified
TXF001177	40	40	929.0666	28.9058	32.1412	1285.6493	641.6463	8.2736	66.4503	total_read_bases_divided_by_genome_size	897.0000	0.96548517	0	NA	NA	NA	NA	22513640774	medium	haploid_depth_estimated_from_total_read_bases_and_genome_size;independent_base_error_survival_approximation;phred_scores_treated_as_calibrated_probabilities;genome_background_uniqueness_not_verified
TXF001178	45	45	11.3932	28.9058	0.3942	17.7368	11.3932	0.0000	2.6874	total_read_bases_divided_by_genome_size	11.0000	0.96548517	0	NA	NA	NA	NA	22513640774	medium	haploid_depth_estimated_from_total_read_bases_and_genome_size;independent_base_error_survival_approximation;phred_scores_treated_as_calibrated_probabilities;genome_background_uniqueness_not_verified
TXF001179	54	54	34.1797	28.9058	1.1825	63.8525	0.0000	1.1466	1.2183	total_read_bases_divided_by_genome_size	33.0000	0.96548517	0	NA	NA	NA	NA	22513640774	medium	haploid_depth_estimated_from_total_read_bases_and_genome_size;independent_base_error_survival_approximation;phred_scores_treated_as_calibrated_probabilities;genome_background_uniqueness_not_verified
TXF001180	43	43	116.0039	28.9058	4.0132	172.5665	116.0039	0.0000	68.1380	total_read_bases_divided_by_genome_size	112.0000	0.96548517	0	NA	NA	NA	NA	22513640774	medium	haploid_depth_estimated_from_total_read_bases_and_genome_size;independent_base_error_survival_approximation;phred_scores_treated_as_calibrated_probabilities;genome_background_uniqueness_not_verified
TXF001181	51	51	29.0010	28.9058	1.0033	51.1680	1.0357	0.0000	1.0391	total_read_bases_divided_by_genome_size	28.0000	0.96548517	0	NA	NA	NA	NA	22513640774	medium	haploid_depth_estimated_from_total_read_bases_and_genome_size;independent_base_error_survival_approximation;phred_scores_treated_as_calibrated_probabilities;genome_background_uniqueness_not_verified
TXF001182	47	40	120.1468	28.9058	4.1565	195.3556	61.1092	2.1499	13.2614	total_read_bases_divided_by_genome_size	116.0000	0.96548517	0	NA	NA	NA	NA	22513640774	medium	haploid_depth_estimated_from_total_read_bases_and_genome_size;independent_base_error_survival_approximation;phred_scores_treated_as_calibrated_probabilities;genome_background_uniqueness_not_verified
TXF001183	43	38	308.6531	28.9058	10.6779	459.1502	254.7942	1.1825	30.9194	total_read_bases_divided_by_genome_size	298.0000	0.96548517	0	NA	NA	NA	NA	22513640774	medium	haploid_depth_estimated_from_total_read_bases_and_genome_size;independent_base_error_survival_approximation;phred_scores_treated_as_calibrated_probabilities;genome_background_uniqueness_not_verified
TXF001184	43	43	776.8115	28.9058	26.8739	1155.5794	731.2386	1.5766	73.4124	total_read_bases_divided_by_genome_size	750.0000	0.96548517	0	NA	NA	NA	NA	22513640774	medium	haploid_depth_estimated_from_total_read_bases_and_genome_size;independent_base_error_survival_approximation;phred_scores_treated_as_calibrated_probabilities;genome_background_uniqueness_not_verified
TXF001185	53	53	36.2512	28.9058	1.2541	66.4682	20.7150	0.0000	1.9708	total_read_bases_divided_by_genome_size	35.0000	0.96548517	0	NA	NA	NA	NA	22513640774	medium	haploid_depth_estimated_from_total_read_bases_and_genome_size;independent_base_error_survival_approximation;phred_scores_treated_as_calibrated_probabilities;genome_background_uniqueness_not_verified
TXF001186	31	27	102.5391	28.9058	3.5474	109.9682	62.1449	1.9994	533.0428	total_read_bases_divided_by_genome_size	99.0000	0.96548517	0	NA	NA	NA	NA	22513640774	medium	haploid_depth_estimated_from_total_read_bases_and_genome_size;independent_base_error_survival_approximation;phred_scores_treated_as_calibrated_probabilities;genome_background_uniqueness_not_verified
TXF001187	33	26	689.2908	28.9058	23.8461	786.9227	123.2541	8.4026	33.3416	total_read_bases_divided_by_genome_size	665.5000	0.96548517	0	NA	NA	NA	NA	22513640774	medium	haploid_depth_estimated_from_total_read_bases_and_genome_size;independent_base_error_survival_approximation;phred_scores_treated_as_calibrated_probabilities;genome_background_uniqueness_not_verified
TXF001188	42	22	27.9652	28.9058	0.9675	40.6334	2.0715	0.8958	28.5760	total_read_bases_divided_by_genome_size	27.0000	0.96548517	0	NA	NA	NA	NA	22513640774	medium	haploid_depth_estimated_from_total_read_bases_and_genome_size;independent_base_error_survival_approximation;phred_scores_treated_as_calibrated_probabilities;genome_background_uniqueness_not_verified
TXF001189	43	25	0.0000	28.9058	0.0000	0.0000	0.0000	0.0000	4.8373	total_read_bases_divided_by_genome_size	0.0000	0.96548517	0	NA	NA	NA	NA	22513640774	medium	haploid_depth_estimated_from_total_read_bases_and_genome_size;independent_base_error_survival_approximation;phred_scores_treated_as_calibrated_probabilities;genome_background_uniqueness_not_verified
TXF001190	36	23	84.9314	28.9058	2.9382	105.7758	8.2860	2.6516	4.6438	total_read_bases_divided_by_genome_size	82.0000	0.96548517	0	NA	NA	NA	NA	22513640774	medium	haploid_depth_estimated_from_total_read_bases_and_genome_size;independent_base_error_survival_approximation;phred_scores_treated_as_calibrated_probabilities;genome_background_uniqueness_not_verified
TXF001191	34	22	0.0000	28.9058	0.0000	0.0000	0.0000	0.0000	2.1033	total_read_bases_divided_by_genome_size	0.0000	0.96548517	0	NA	NA	NA	NA	22513640774	medium	haploid_depth_estimated_from_total_read_bases_and_genome_size;independent_base_error_survival_approximation;phred_scores_treated_as_calibrated_probabilities;genome_background_uniqueness_not_verified
TXF001192	44	21	49.7159	28.9058	1.7199	75.6770	12.4290	1.1645	4.1386	total_read_bases_divided_by_genome_size	48.0000	0.96548517	0	NA	NA	NA	NA	22513640774	medium	haploid_depth_estimated_from_total_read_bases_and_genome_size;independent_base_error_survival_approximation;phred_scores_treated_as_calibrated_probabilities;genome_background_uniqueness_not_verified
TXF001193	50	50	48.6802	28.9058	1.6841	84.2050	16.0541	0.0358	2.2216	total_read_bases_divided_by_genome_size	47.0000	0.96548517	0	NA	NA	NA	NA	22513640774	medium	haploid_depth_estimated_from_total_read_bases_and_genome_size;independent_base_error_survival_approximation;phred_scores_treated_as_calibrated_probabilities;genome_background_uniqueness_not_verified
TXF001194	30	30	7265.2592	28.9058	251.3430	7540.2901	6335.6748	27.2143	605.6992	total_read_bases_divided_by_genome_size	7014.5000	0.96548517	0	NA	NA	NA	NA	22513640774	medium	haploid_depth_estimated_from_total_read_bases_and_genome_size;independent_base_error_survival_approximation;phred_scores_treated_as_calibrated_probabilities;genome_background_uniqueness_not_verified
TXF001195	48	48	316.4212	28.9058	10.9467	525.4393	109.7894	0.0000	15.0136	total_read_bases_divided_by_genome_size	305.5000	0.96548517	0	NA	NA	NA	NA	22513640774	medium	haploid_depth_estimated_from_total_read_bases_and_genome_size;independent_base_error_survival_approximation;phred_scores_treated_as_calibrated_probabilities;genome_background_uniqueness_not_verified
TXF001196	45	28	42.4657	28.9058	1.4691	66.1099	42.4657	0.0000	671.7518	total_read_bases_divided_by_genome_size	41.0000	0.96548517	0	NA	NA	NA	NA	22513640774	medium	haploid_depth_estimated_from_total_read_bases_and_genome_size;independent_base_error_survival_approximation;phred_scores_treated_as_calibrated_probabilities;genome_background_uniqueness_not_verified
TXF001197	50	45	61.1092	28.9058	2.1141	105.7042	61.1092	0.0000	93.2992	total_read_bases_divided_by_genome_size	59.0000	0.96548517	0	NA	NA	NA	NA	22513640774	medium	haploid_depth_estimated_from_total_read_bases_and_genome_size;independent_base_error_survival_approximation;phred_scores_treated_as_calibrated_probabilities;genome_background_uniqueness_not_verified
TXF001198	46	46	79.7526	28.9058	2.7591	126.9167	26.4116	1.3974	3.5474	total_read_bases_divided_by_genome_size	77.0000	0.96548517	0	NA	NA	NA	NA	22513640774	medium	haploid_depth_estimated_from_total_read_bases_and_genome_size;independent_base_error_survival_approximation;phred_scores_treated_as_calibrated_probabilities;genome_background_uniqueness_not_verified
TXF001199	40	40	32.1082	28.9058	1.1108	44.4316	2.0715	1.0391	9.1371	total_read_bases_divided_by_genome_size	31.0000	0.96548517	0	NA	NA	NA	NA	22513640774	medium	haploid_depth_estimated_from_total_read_bases_and_genome_size;independent_base_error_survival_approximation;phred_scores_treated_as_calibrated_probabilities;genome_background_uniqueness_not_verified
TXF001200	48	27	169.8628	28.9058	5.8764	282.0689	5.1787	5.5539	6.6289	total_read_bases_divided_by_genome_size	164.0000	0.96548517	0	NA	NA	NA	NA	22513640774	medium	haploid_depth_estimated_from_total_read_bases_and_genome_size;independent_base_error_survival_approximation;phred_scores_treated_as_calibrated_probabilities;genome_background_uniqueness_not_verified
TXF001201	47	47	76.6454	28.9058	2.6516	124.6234	3.1072	1.3616	2.7591	total_read_bases_divided_by_genome_size	74.0000	0.96548517	0	NA	NA	NA	NA	22513640774	medium	haploid_depth_estimated_from_total_read_bases_and_genome_size;independent_base_error_survival_approximation;phred_scores_treated_as_calibrated_probabilities;genome_background_uniqueness_not_verified
TXF001202	42	42	36.2512	28.9058	1.2541	52.6729	1.0357	1.1108	51.9133	total_read_bases_divided_by_genome_size	35.0000	0.96548517	0	NA	NA	NA	NA	22513640774	medium	haploid_depth_estimated_from_total_read_bases_and_genome_size;independent_base_error_survival_approximation;phred_scores_treated_as_calibrated_probabilities;genome_background_uniqueness_not_verified
TXF001203	38	38	33.1440	28.9058	1.1466	43.5716	1.0357	1.1108	2.2574	total_read_bases_divided_by_genome_size	32.0000	0.96548517	0	NA	NA	NA	NA	22513640774	medium	haploid_depth_estimated_from_total_read_bases_and_genome_size;independent_base_error_survival_approximation;phred_scores_treated_as_calibrated_probabilities;genome_background_uniqueness_not_verified
TXF001204	50	18	1684.1274	28.9058	58.2627	2913.1351	1209.7545	9.2841	156.2308	total_read_bases_divided_by_genome_size	1626.0000	0.96548517	0	NA	NA	NA	NA	22513640774	medium	haploid_depth_estimated_from_total_read_bases_and_genome_size;independent_base_error_survival_approximation;phred_scores_treated_as_calibrated_probabilities;genome_background_uniqueness_not_verified
TXF001205	49	9	288.9739	28.9058	9.9971	489.8582	263.0802	0.0000	13.2435	total_read_bases_divided_by_genome_size	279.0000	0.96548517	0	NA	NA	NA	NA	22513640774	medium	haploid_depth_estimated_from_total_read_bases_and_genome_size;independent_base_error_survival_approximation;phred_scores_treated_as_calibrated_probabilities;genome_background_uniqueness_not_verified
TXF001206	50	43	592.4483	28.9058	20.4959	1024.7929	582.0908	0.0000	44.4531	total_read_bases_divided_by_genome_size	572.0000	0.96548517	0	NA	NA	NA	NA	22513640774	medium	haploid_depth_estimated_from_total_read_bases_and_genome_size;independent_base_error_survival_approximation;phred_scores_treated_as_calibrated_probabilities;genome_background_uniqueness_not_verified
TXF001207	43	43	1417.9400	28.9058	49.0539	2109.3176	123.2541	28.7515	52.8377	total_read_bases_divided_by_genome_size	1369.0000	0.96548517	0	NA	NA	NA	NA	22513640774	medium	haploid_depth_estimated_from_total_read_bases_and_genome_size;independent_base_error_survival_approximation;phred_scores_treated_as_calibrated_probabilities;genome_background_uniqueness_not_verified
TXF001208	46	46	65.2522	28.9058	2.2574	103.8409	5.1787	1.0750	2.4366	total_read_bases_divided_by_genome_size	63.0000	0.96548517	0	NA	NA	NA	NA	22513640774	medium	haploid_depth_estimated_from_total_read_bases_and_genome_size;independent_base_error_survival_approximation;phred_scores_treated_as_calibrated_probabilities;genome_background_uniqueness_not_verified
TXF001209	43	43	29.0010	28.9058	1.0033	43.1416	1.0357	0.0000	1.0033	total_read_bases_divided_by_genome_size	28.0000	0.96548517	0	NA	NA	NA	NA	22513640774	medium	haploid_depth_estimated_from_total_read_bases_and_genome_size;independent_base_error_survival_approximation;phred_scores_treated_as_calibrated_probabilities;genome_background_uniqueness_not_verified
TXF001210	44	23	8.2860	28.9058	0.2867	12.6128	8.2860	0.0000	4.6008	total_read_bases_divided_by_genome_size	8.0000	0.96548517	0	NA	NA	NA	NA	22513640774	medium	haploid_depth_estimated_from_total_read_bases_and_genome_size;independent_base_error_survival_approximation;phred_scores_treated_as_calibrated_probabilities;genome_background_uniqueness_not_verified
TXF001211	46	45	23.8222	28.9058	0.8241	37.9102	18.6435	0.0000	1.9779	total_read_bases_divided_by_genome_size	23.0000	0.96548517	0	NA	NA	NA	NA	22513640774	medium	haploid_depth_estimated_from_total_read_bases_and_genome_size;independent_base_error_survival_approximation;phred_scores_treated_as_calibrated_probabilities;genome_background_uniqueness_not_verified
TXF001212	49	49	31.0725	28.9058	1.0750	52.6729	2.0715	0.0000	2.2216	total_read_bases_divided_by_genome_size	30.0000	0.96548517	0	NA	NA	NA	NA	22513640774	medium	haploid_depth_estimated_from_total_read_bases_and_genome_size;independent_base_error_survival_approximation;phred_scores_treated_as_calibrated_probabilities;genome_background_uniqueness_not_verified
TXF001213	45	45	150.1836	28.9058	5.1956	233.8033	24.8580	3.6549	6.4856	total_read_bases_divided_by_genome_size	145.0000	0.96548517	0	NA	NA	NA	NA	22513640774	medium	haploid_depth_estimated_from_total_read_bases_and_genome_size;independent_base_error_survival_approximation;phred_scores_treated_as_calibrated_probabilities;genome_background_uniqueness_not_verified
TXF001214	50	50	64.2164	28.9058	2.2216	111.0790	17.6077	1.3974	2.7985	total_read_bases_divided_by_genome_size	62.0000	0.96548517	0	NA	NA	NA	NA	22513640774	medium	haploid_depth_estimated_from_total_read_bases_and_genome_size;independent_base_error_survival_approximation;phred_scores_treated_as_calibrated_probabilities;genome_background_uniqueness_not_verified
TXF001215	33	33	407.0492	28.9058	14.0819	464.7042	92.1816	8.2413	16.0885	total_read_bases_divided_by_genome_size	393.0000	0.96548517	0	NA	NA	NA	NA	22513640774	medium	haploid_depth_estimated_from_total_read_bases_and_genome_size;independent_base_error_survival_approximation;phred_scores_treated_as_calibrated_probabilities;genome_background_uniqueness_not_verified
TXF001216	48	48	42.4657	28.9058	1.4691	70.5172	33.6618	0.0000	4.5148	total_read_bases_divided_by_genome_size	41.0000	0.96548517	0	NA	NA	NA	NA	22513640774	medium	haploid_depth_estimated_from_total_read_bases_and_genome_size;independent_base_error_survival_approximation;phred_scores_treated_as_calibrated_probabilities;genome_background_uniqueness_not_verified
TXF001217	48	48	21.2328	28.9058	0.7346	35.2586	5.6966	0.0000	0.9316	total_read_bases_divided_by_genome_size	20.5000	0.96548517	0	NA	NA	NA	NA	22513640774	medium	haploid_depth_estimated_from_total_read_bases_and_genome_size;independent_base_error_survival_approximation;phred_scores_treated_as_calibrated_probabilities;genome_background_uniqueness_not_verified
TXF001218	49	49	113.9324	28.9058	3.9415	193.1340	35.2155	1.5408	8.3847	total_read_bases_divided_by_genome_size	110.0000	0.96548517	0	NA	NA	NA	NA	22513640774	medium	haploid_depth_estimated_from_total_read_bases_and_genome_size;independent_base_error_survival_approximation;phred_scores_treated_as_calibrated_probabilities;genome_background_uniqueness_not_verified
TXF001219	48	48	23.8222	28.9058	0.8241	39.5584	1.0357	0.7883	1.7199	total_read_bases_divided_by_genome_size	23.0000	0.96548517	0	NA	NA	NA	NA	22513640774	medium	haploid_depth_estimated_from_total_read_bases_and_genome_size;independent_base_error_survival_approximation;phred_scores_treated_as_calibrated_probabilities;genome_background_uniqueness_not_verified
TXF001220	44	22	3328.3784	28.9058	115.1459	5066.4185	985.2559	62.5052	158.0582	total_read_bases_divided_by_genome_size	3213.5000	0.96548517	0	NA	NA	NA	NA	22513640774	medium	haploid_depth_estimated_from_total_read_bases_and_genome_size;independent_base_error_survival_approximation;phred_scores_treated_as_calibrated_probabilities;genome_background_uniqueness_not_verified
TXF001221	36	36	162.0947	28.9058	5.6077	201.8770	162.0947	0.0000	12.0574	total_read_bases_divided_by_genome_size	156.5000	0.96548517	0	NA	NA	NA	NA	22513640774	medium	haploid_depth_estimated_from_total_read_bases_and_genome_size;independent_base_error_survival_approximation;phred_scores_treated_as_calibrated_probabilities;genome_background_uniqueness_not_verified
TXF001222	42	42	94.7710	28.9058	3.2786	137.7021	30.0367	0.8958	4.3321	total_read_bases_divided_by_genome_size	91.5000	0.96548517	0	NA	NA	NA	NA	22513640774	medium	haploid_depth_estimated_from_total_read_bases_and_genome_size;independent_base_error_survival_approximation;phred_scores_treated_as_calibrated_probabilities;genome_background_uniqueness_not_verified
TXF001223	47	47	440.1932	28.9058	15.2286	715.7426	440.1932	0.0000	110.5988	total_read_bases_divided_by_genome_size	425.0000	0.96548517	0	NA	NA	NA	NA	22513640774	medium	haploid_depth_estimated_from_total_read_bases_and_genome_size;independent_base_error_survival_approximation;phred_scores_treated_as_calibrated_probabilities;genome_background_uniqueness_not_verified
TXF001224	36	36	264.1159	28.9058	9.1371	328.9370	3.1072	3.5832	9.6746	total_read_bases_divided_by_genome_size	255.0000	0.96548517	0	NA	NA	NA	NA	22513640774	medium	haploid_depth_estimated_from_total_read_bases_and_genome_size;independent_base_error_survival_approximation;phred_scores_treated_as_calibrated_probabilities;genome_background_uniqueness_not_verified
TXF001225	49	49	31.0725	28.9058	1.0750	52.6729	2.0715	1.0033	2.1141	total_read_bases_divided_by_genome_size	30.0000	0.96548517	0	NA	NA	NA	NA	22513640774	medium	haploid_depth_estimated_from_total_read_bases_and_genome_size;independent_base_error_survival_approximation;phred_scores_treated_as_calibrated_probabilities;genome_background_uniqueness_not_verified
TXF001226	49	41	620.4135	28.9058	21.4633	1051.7027	17.6077	0.0000	21.9291	total_read_bases_divided_by_genome_size	599.0000	0.96548517	0	NA	NA	NA	NA	22513640774	medium	haploid_depth_estimated_from_total_read_bases_and_genome_size;independent_base_error_survival_approximation;phred_scores_treated_as_calibrated_probabilities;genome_background_uniqueness_not_verified
TXF001227	40	25	4.1430	28.9058	0.1433	5.7331	4.1430	0.0358	24.8745	total_read_bases_divided_by_genome_size	4.0000	0.96548517	0	NA	NA	NA	NA	22513640774	medium	haploid_depth_estimated_from_total_read_bases_and_genome_size;independent_base_error_survival_approximation;phred_scores_treated_as_calibrated_probabilities;genome_background_uniqueness_not_verified
