length_bp	read_count
214	1
294	1
349	1
372	1
393	1
394	1
414	1
424	1
438	1
456	1
459	1
474	1
483	1
487	2
499	1
506	1
507	1
508	1
515	1
518	1
522	2
524	1
531	1
533	1
537	1
543	1
544	1
545	1
546	1
549	1
550	1
552	1
553	3
558	1
564	1
567	1
569	1
570	1
581	1
582	1
585	1
591	1
601	2
602	1
603	1
604	1
611	1
615	1
619	1
621	1
625	1
627	1
628	2
632	2
633	2
639	1
642	1
645	1
647	1
648	1
651	3
652	2
655	1
656	2
658	2
660	2
661	1
662	2
664	1
668	1
669	1
670	1
672	1
674	2
675	2
677	3
679	3
681	1
682	1
683	1
684	1
686	2
688	1
689	1
693	1
694	2
695	2
697	1
700	1
701	1
702	2
703	1
704	1
705	1
706	2
707	3
708	1
709	1
710	1
712	2
713	1
716	1
717	1
721	1
723	1
727	1
728	2
730	1
736	1
739	1
740	1
741	1
742	1
743	1
748	2
749	2
754	1
755	2
757	1
759	2
760	1
762	5
763	1
764	2
765	2
766	1
767	2
768	2
769	1
770	1
771	1
772	1
773	2
774	2
777	1
779	2
780	1
782	1
785	2
788	2
790	1
791	1
792	1
794	1
795	2
796	2
797	1
798	2
801	1
802	1
807	3
809	1
812	2
813	1
814	1
816	1
817	1
818	2
819	1
821	1
824	1
826	2
828	2
829	1
831	2
834	1
835	3
837	2
839	1
840	2
844	1
846	2
847	2
848	3
849	1
851	1
852	1
854	1
855	1
857	1
860	1
861	1
863	1
867	1
868	1
872	2
875	2
878	1
879	1
883	1
884	1
885	1
887	2
888	1
890	2
891	1
892	1
893	1
894	1
895	1
896	1
898	2
901	2
902	1
903	3
904	1
905	2
907	1
908	1
910	1
912	1
913	1
916	1
918	1
920	1
922	1
928	2
929	1
933	4
934	1
935	1
936	1
937	1
938	1
940	1
941	1
943	1
944	1
945	1
948	1
950	1
951	1
952	4
953	1
959	2
961	1
966	1
968	1
970	1
974	1
976	1
979	1
980	1
981	1
986	1
988	2
990	1
992	1
994	1
996	1
998	1
1001	1
1002	1
1003	2
1004	1
1008	1
1009	1
1013	1
1015	1
1018	1
1020	1
1021	2
1023	2
1025	1
1026	1
1028	1
1031	2
1038	2
1040	1
1043	1
1047	2
1048	2
1052	3
1054	1
1055	1
1056	1
1059	1
1062	1
1064	1
1067	1
1069	1
1071	1
1073	2
1074	1
1075	1
1076	1
1077	1
1079	1
1081	1
1082	1
1083	1
1084	1
1087	1
1088	1
1089	1
1090	1
1092	1
1093	1
1096	1
1098	1
1099	1
1102	1
1104	1
1106	1
1107	1
1108	1
1109	1
1113	1
1114	1
1115	2
1117	1
1119	1
1120	1
1124	1
1130	1
1132	2
1133	1
1137	2
1140	1
1141	1
1143	2
1149	1
1151	1
1152	2
1153	2
1156	1
1157	1
1159	1
1161	1
1162	2
1164	1
1165	1
1167	2
1169	1
1171	2
1177	2
1179	1
1180	1
1181	2
1183	1
1184	1
1185	2
1188	1
1189	2
1191	1
1195	1
1196	1
1197	1
1201	2
1203	1
1210	2
1212	1
1213	1
1214	1
1217	2
1219	1
1222	2
1223	1
1226	1
1227	1
1231	2
1232	1
1235	1
1236	1
1237	1
1238	1
1239	1
1240	1
1242	2
1243	1
1247	2
1248	1
1249	1
1250	3
1251	1
1252	1
1258	1
1259	1
1260	2
1262	1
1263	2
1264	1
1268	1
1270	1
1273	1
1274	1
1276	2
1277	1
1278	1
1279	1
1280	1
1281	1
1283	1
1285	1
1288	1
1292	1
1293	1
1295	1
1296	1
1297	2
1298	3
1300	1
1306	1
1308	1
1309	1
1310	1
1322	1
1326	1
1328	2
1329	3
1330	1
1332	1
1333	1
1334	1
1336	2
1337	1
1339	1
1340	1
1341	2
1344	1
1345	1
1350	1
1352	1
1353	1
1356	1
1357	2
1358	1
1360	2
1362	1
1364	1
1368	1
1370	1
1371	1
1373	1
1375	2
1376	1
1380	1
1381	1
1382	2
1383	2
1384	1
1386	1
1391	1
1393	1
1394	2
1396	1
1399	2
1401	2
1403	1
1405	1
1406	1
1407	2
1408	1
1410	2
1414	3
1415	3
1416	2
1419	1
1421	1
1423	1
1425	4
1427	1
1436	1
1437	1
1438	1
1439	2
1440	3
1444	3
1445	1
1448	1
1449	2
1450	1
1452	2
1453	1
1456	1
1462	2
1465	2
1467	1
1468	1
1470	1
1471	3
1475	2
1479	1
1480	1
1482	2
1485	1
1486	2
1489	1
1490	1
1492	1
1493	1
1496	1
1498	2
1500	2
1501	1
1502	1
1503	1
1504	1
1506	1
1508	2
1510	1
1511	1
1513	4
1514	1
1517	2
1518	1
1521	1
1524	1
1527	1
1532	1
1534	1
1535	2
1536	1
1539	2
1540	1
1541	1
1542	1
1544	1
1546	1
1549	1
1550	1
1551	1
1554	3
1557	1
1558	1
1560	1
1561	1
1564	1
1566	1
1567	1
1570	1
1572	2
1573	1
1574	1
1575	1
1579	1
1580	1
1581	1
1582	1
1583	1
1585	1
1587	1
1589	2
1590	1
1594	1
1595	1
1596	1
1598	1
1600	1
1602	1
1603	1
1604	1
1605	2
1606	1
1610	2
1611	1
1612	1
1614	1
1615	1
1619	1
1622	1
1628	1
1630	1
1632	1
1634	1
1635	2
1638	1
1639	1
1642	1
1644	1
1647	1
1648	1
1649	1
1650	3
1655	3
1656	1
1657	1
1659	2
1660	1
1661	1
1663	1
1665	1
1667	5
1669	1
1670	1
1672	1
1675	1
1679	2
1681	1
1682	1
1684	1
1691	1
1692	1
1696	1
1697	3
1698	1
1699	1
1701	2
1703	1
1704	2
1706	1
1710	1
1711	1
1714	1
1715	1
1716	1
1717	1
1718	2
1719	1
1720	3
1721	2
1723	2
1726	1
1727	1
1728	1
1730	1
1731	1
1732	1
1733	1
1734	1
1737	2
1738	1
1741	1
1747	1
1749	3
1751	1
1752	3
1753	2
1755	2
1757	1
1759	1
1760	1
1761	2
1763	1
1764	3
1767	1
1768	1
1769	1
1770	1
1771	1
1774	1
1777	1
1779	1
1780	1
1781	1
1782	1
1785	1
1786	2
1787	1
1788	2
1789	2
1791	1
1792	2
1794	2
1795	2
1796	1
1797	1
1798	1
1799	1
1801	2
1803	3
1805	3
1806	1
1807	1
1809	1
1811	1
1812	1
1813	2
1814	1
1815	2
1818	1
1822	1
1823	1
1825	1
1826	1
1829	1
1831	1
1834	1
1835	1
1836	1
1837	2
1839	1
1841	2
1843	2
1846	1
1847	1
1848	4
1851	1
1852	2
1853	1
1855	1
1856	1
1859	1
1861	2
1863	2
1864	1
1866	2
1867	3
1868	1
1870	1
1871	1
1872	1
1874	4
1877	1
1878	1
1880	1
1882	1
1884	1
1885	1
1886	1
1887	1
1888	1
1889	1
1890	1
1892	1
1893	1
1894	3
1896	1
1899	4
1901	1
1903	1
1904	1
1905	1
1906	1
1909	1
1912	1
1913	1
1915	1
1917	1
1918	1
1919	1
1920	2
1921	1
1924	1
1926	1
1927	1
1929	1
1932	1
1935	1
1937	1
1939	3
1940	2
1943	1
1944	1
1947	1
1948	1
1949	1
1950	3
1953	1
1956	1
1957	1
1959	2
1965	1
1966	1
1967	1
1968	2
1970	1
1971	1
1972	2
1973	1
1978	1
1981	1
1984	3
1985	1
1986	1
1987	1
1988	1
1990	1
1991	1
1992	1
1993	1
1995	2
1996	1
1997	1
1998	1
2000	1
2002	1
2003	1
2004	1
2008	1
2009	1
2010	1
2013	2
2017	1
2019	1
2020	1
2021	2
2022	2
2024	3
2025	1
2026	1
2027	2
2030	1
2033	1
2034	2
2035	1
2036	1
2037	3
2038	1
2039	2
2040	2
2042	1
2044	1
2047	1
2048	1
2049	2
2051	2
2054	1
2056	1
2057	1
2060	1
2061	2
2063	1
2064	2
2067	1
2071	1
2073	1
2074	1
2075	1
2079	1
2082	1
2090	1
2094	3
2099	1
2100	1
2102	1
2103	2
2104	1
2105	1
2108	1
2112	1
2117	2
2119	2
2120	2
2121	2
2122	1
2125	1
2127	2
2128	2
2129	2
2130	1
2134	1
2135	2
2136	1
2137	1
2138	1
2140	2
2141	1
2143	2
2144	1
2145	5
2147	1
2148	1
2149	1
2150	1
2151	1
2152	1
2156	1
2157	2
2158	3
2159	1
2162	2
2163	1
2164	1
2167	1
2168	1
2169	1
2171	1
2173	1
2174	2
2176	3
2177	2
2179	1
2185	1
2186	1
2187	2
2188	1
2189	1
2191	1
2197	1
2201	3
2202	4
2203	1
2204	1
2205	1
2207	1
2208	1
2209	2
2210	1
2212	1
2213	2
2214	2
2215	1
2216	1
2219	3
2223	2
2224	2
2225	4
2227	2
2229	1
2230	1
2231	1
2234	1
2235	1
2239	1
2240	1
2241	1
2245	2
2246	2
2249	1
2250	2
2253	1
2254	1
2256	1
2257	3
2258	1
2260	2
2264	1
2269	1
2270	1
2274	2
2278	1
2279	1
2280	1
2282	2
2284	1
2286	1
2287	3
2288	3
2291	2
2292	2
2293	2
2295	1
2296	2
2297	1
2298	2
2299	3
2303	2
2305	2
2306	2
2308	2
2309	2
2310	1
2313	2
2315	1
2316	2
2317	1
2319	1
2321	1
2322	1
2324	1
2325	2
2326	1
2327	1
2328	1
2334	1
2335	1
2336	2
2337	4
2338	1
2339	1
2341	1
2346	2
2347	1
2348	1
2349	1
2350	1
2351	1
2352	1
2354	1
2359	1
2360	1
2365	2
2366	1
2371	2
2372	3
2373	1
2374	2
2375	1
2377	2
2383	1
2387	2
2389	1
2390	2
2391	1
2392	1
2394	2
2395	1
2396	1
2397	3
2401	1
2402	3
2403	1
2404	2
2405	1
2409	1
2410	1
2411	2
2412	1
2414	3
2416	1
2418	2
2419	5
2421	1
2422	2
2423	1
2424	3
2426	1
2427	1
2428	1
2431	2
2432	1
2435	1
2437	3
2438	1
2440	1
2441	2
2443	3
2444	1
2445	3
2446	1
2449	3
2451	2
2452	3
2454	4
2455	1
2456	1
2457	3
2458	1
2460	1
2462	1
2463	1
2465	2
2466	2
2467	2
2470	1
2471	1
2472	1
2473	1
2474	2
2475	1
2476	1
2477	1
2478	2
2479	1
2482	2
2487	1
2490	2
2491	2
2493	1
2497	2
2498	2
2500	1
2501	1
2502	1
2503	1
2506	1
2507	1
2508	2
2511	1
2512	2
2513	1
2514	1
2515	2
2517	1
2518	1
2520	1
2522	2
2524	1
2525	1
2526	1
2528	1
2530	1
2531	2
2532	1
2533	1
2535	2
2537	1
2539	2
2540	1
2541	2
2543	3
2546	1
2552	2
2553	1
2554	1
2556	1
2557	1
2558	1
2560	4
2561	2
2562	1
2563	2
2565	1
2566	1
2567	1
2568	2
2569	1
2570	2
2571	2
2572	1
2574	1
2577	2
2580	1
2583	1
2584	2
2585	3
2586	2
2587	2
2588	3
2590	1
2593	1
2595	1
2596	1
2600	1
2601	1
2602	1
2603	3
2605	2
2609	1
2610	2
2613	2
2614	1
2615	2
2619	2
2623	1
2624	1
2625	2
2628	1
2630	2
2631	2
2632	2
2633	1
2634	3
2635	2
2637	1
2638	1
2639	2
2640	1
2641	1
2642	1
2644	1
2645	2
2647	3
2649	3
2654	3
2658	1
2661	2
2662	1
2665	1
2667	2
2671	3
2672	2
2673	2
2674	3
2677	1
2678	3
2680	1
2685	2
2687	2
2688	1
2689	1
2690	2
2691	1
2692	1
2693	2
2694	4
2695	1
2696	2
2698	3
2699	1
2700	1
2704	1
2705	2
2706	1
2708	3
2709	3
2711	1
2712	2
2713	2
2715	1
2716	2
2718	1
2719	1
2720	3
2721	1
2723	1
2724	2
2725	1
2726	1
2728	1
2729	2
2732	1
2733	3
2734	1
2736	1
2737	3
2738	1
2741	1
2744	2
2745	1
2746	2
2747	1
2748	2
2749	2
2751	3
2753	2
2755	1
2756	1
2758	1
2759	4
2760	1
2761	2
2764	3
2765	1
2769	1
2770	1
2771	1
2772	2
2773	1
2776	2
2778	1
2780	2
2781	1
2783	2
2784	1
2786	1
2787	1
2788	1
2789	2
2790	2
2791	2
2792	1
2793	1
2797	1
2800	1
2801	1
2802	1
2803	1
2804	1
2806	1
2807	1
2808	1
2809	1
2810	2
2811	2
2814	1
2815	3
2816	1
2817	2
2818	4
2819	1
2820	1
2821	2
2822	2
2824	1
2826	2
2827	2
2828	1
2829	1
2830	1
2831	1
2834	2
2835	2
2837	2
2838	2
2839	1
2840	4
2841	3
2842	1
2843	1
2846	1
2847	3
2849	1
2850	1
2851	2
2854	2
2856	1
2858	1
2859	1
2860	1
2863	3
2864	1
2866	1
2868	2
2869	1
2870	1
2872	1
2874	1
2877	1
2878	1
2880	1
2881	1
2883	3
2884	2
2888	1
2892	2
2894	1
2896	1
2897	3
2898	2
2899	2
2900	2
2902	1
2903	1
2905	2
2906	1
2909	1
2914	1
2916	3
2917	1
2918	1
2919	1
2920	2
2921	1
2922	1
2923	1
2924	2
2925	2
2928	1
2929	2
2930	1
2932	3
2933	1
2937	1
2939	2
2943	1
2945	2
2946	1
2949	2
2950	2
2951	3
2952	1
2954	1
2957	1
2958	1
2959	1
2960	1
2963	3
2965	1
2967	2
2968	1
2969	2
2971	1
2973	2
2976	1
2977	4
2979	2
2980	1
2981	1
2982	2
2985	1
2986	1
2989	1
2990	1
2991	1
2992	1
2995	2
2996	1
2998	2
2999	1
3000	4
3001	1
3002	1
3004	2
3005	2
3006	1
3008	2
3009	1
3013	4
3017	1
3019	1
3020	1
3024	1
3025	2
3026	3
3030	3
3032	1
3033	2
3034	1
3035	2
3037	2
3039	2
3040	1
3042	1
3043	1
3044	3
3045	2
3046	1
3047	1
3052	2
3053	2
3055	1
3057	2
3059	1
3060	1
3061	1
3062	4
3064	1
3067	2
3068	1
3070	1
3073	2
3074	1
3075	1
3079	3
3080	2
3081	2
3083	1
3084	1
3088	2
3089	4
3090	1
3092	2
3094	2
3095	1
3096	1
3098	2
3099	2
3100	1
3101	3
3102	1
3103	4
3104	1
3107	1
3109	1
3110	1
3111	5
3113	2
3116	1
3117	2
3118	1
3119	2
3120	1
3121	1
3122	1
3123	1
3126	1
3127	2
3128	1
3130	1
3131	1
3133	6
3134	2
3136	1
3137	1
3138	2
3140	1
3142	1
3143	1
3145	3
3148	1
3149	2
3151	1
3152	1
3153	3
3157	1
3159	1
3160	2
3161	2
3162	1
3164	1
3165	1
3168	2
3169	2
3170	2
3171	2
3173	2
3174	1
3175	3
3176	3
3177	1
3178	3
3179	1
3180	1
3182	1
3184	2
3185	1
3186	3
3187	1
3189	1
3190	1
3191	1
3192	2
3193	1
3195	1
3196	2
3197	2
3198	1
3203	1
3204	1
3205	3
3206	1
3207	1
3208	1
3211	2
3214	2
3215	1
3216	1
3217	1
3220	3
3221	1
3222	2
3224	1
3225	3
3226	1
3227	1
3228	1
3231	1
3232	1
3234	1
3235	2
3236	3
3237	1
3238	1
3241	1
3242	3
3244	2
3245	1
3246	1
3249	2
3250	1
3253	2
3254	1
3255	2
3257	3
3258	1
3259	2
3261	1
3264	1
3265	3
3266	1
3267	1
3268	1
3269	2
3270	3
3272	2
3275	2
3276	3
3277	2
3279	1
3280	1
3282	1
3283	1
3285	1
3287	2
3288	1
3289	5
3290	1
3292	2
3293	2
3294	2
3296	3
3298	2
3299	2
3300	2
3301	1
3302	2
3303	2
3305	3
3306	2
3308	1
3309	1
3310	1
3311	2
3312	1
3313	4
3314	1
3316	3
3317	2
3318	3
3320	1
3321	2
3322	1
3323	1
3326	2
3329	1
3331	1
3334	1
3335	1
3336	1
3337	4
3338	1
3339	1
3341	1
3342	2
3343	1
3344	2
3345	3
3346	1
3347	1
3348	2
3349	2
3351	1
3355	3
3356	1
3357	1
3359	2
3360	3
3363	1
3367	1
3369	1
3370	1
3372	1
3373	1
3376	2
3378	2
3379	2
3380	1
3381	3
3383	2
3385	2
3388	2
3390	3
3394	1
3395	1
3396	1
3398	4
3399	2
3400	1
3401	1
3410	2
3411	1
3412	2
3413	2
3414	1
3415	1
3417	2
3418	2
3420	2
3421	1
3422	1
3426	1
3427	1
3428	3
3429	1
3430	2
3432	1
3433	1
3435	1
3436	1
3437	2
3439	1
3441	1
3442	2
3443	1
3444	1
3445	2
3446	1
3447	1
3449	1
3450	1
3451	1
3452	1
3453	2
3454	1
3455	1
3456	1
3457	1
3458	1
3459	2
3460	2
3462	3
3464	1
3466	3
3467	1
3469	2
3470	2
3471	2
3473	1
3474	1
3475	1
3476	2
3477	1
3478	2
3479	4
3480	1
3481	2
3483	1
3484	1
3488	1
3490	1
3491	1
3492	2
3493	3
3495	2
3496	2
3497	2
3498	1
3499	1
3500	3
3502	1
3503	4
3506	2
3507	2
3508	2
3512	7
3513	1
3514	1
3515	1
3516	1
3517	1
3518	2
3520	1
3521	1
3522	1
3523	1
3524	2
3525	1
3526	1
3529	1
3530	1
3531	2
3532	1
3533	1
3534	1
3536	1
3538	1
3539	3
3541	1
3544	2
3545	1
3547	1
3548	3
3549	2
3550	1
3551	4
3555	1
3556	1
3557	1
3559	2
3560	1
3561	2
3562	3
3563	2
3564	2
3565	1
3566	2
3568	1
3570	1
3573	1
3574	2
3575	1
3577	1
3579	1
3580	1
3581	1
3582	1
3583	3
3584	3
3585	2
3588	1
3589	2
3590	1
3591	3
3592	2
3595	2
3596	1
3597	1
3598	1
3599	1
3600	1
3601	2
3603	1
3606	2
3607	1
3608	1
3609	2
3610	2
3611	2
3614	1
3619	2
3620	1
3621	1
3624	1
3626	2
3627	4
3628	2
3629	1
3632	1
3633	1
3634	1
3636	1
3637	3
3638	1
3639	1
3640	1
3641	1
3642	2
3644	1
3645	3
3646	1
3648	4
3651	2
3653	1
3654	1
3655	1
3657	1
3658	2
3660	6
3661	3
3662	1
3664	2
3670	1
3672	1
3674	1
3677	3
3678	1
3679	1
3680	1
3682	2
3684	1
3685	1
3687	2
3688	2
3689	1
3691	1
3692	1
3693	2
3694	1
3696	1
3697	1
3698	4
3699	3
3700	3
3701	2
3704	1
3705	3
3707	2
3708	2
3709	2
3710	1
3711	2
3712	2
3714	1
3715	2
3716	1
3717	1
3718	1
3719	3
3720	1
3721	1
3722	1
3723	2
3727	1
3729	1
3730	1
3731	1
3732	3
3735	1
3736	2
3738	1
3740	1
3742	1
3743	2
3744	1
3748	3
3749	2
3750	2
3751	2
3752	2
3754	1
3755	2
3756	1
3757	1
3758	2
3760	2
3761	3
3762	3
3763	1
3764	2
3765	2
3767	1
3768	2
3769	1
3770	2
3772	1
3773	1
3775	4
3776	3
3777	1
3778	5
3784	1
3785	1
3787	2
3788	3
3789	2
3791	1
3793	1
3794	1
3795	2
3796	1
3797	1
3798	1
3799	2
3801	1
3802	3
3803	2
3806	2
3808	1
3810	2
3812	1
3813	3
3814	4
3815	2
3816	1
3820	2
3823	1
3824	1
3826	1
3827	3
3831	1
3832	2
3833	2
3834	2
3835	3
3836	4
3837	1
3838	3
3839	1
3840	1
3841	3
3842	2
3843	1
3844	1
3845	1
3846	1
3847	1
3848	2
3849	1
3850	1
3851	4
3853	1
3854	2
3855	1
3858	2
3859	1
3860	2
3862	1
3864	4
3865	2
3866	2
3867	3
3868	2
3869	2
3870	2
3871	1
3872	1
3873	2
3874	1
3876	2
3877	2
3878	1
3879	1
3880	1
3882	2
3884	2
3885	2
3886	1
3887	1
3888	1
3889	1
3890	2
3893	3
3894	2
3896	1
3897	1
3898	2
3901	3
3903	1
3904	2
3905	1
3906	2
3907	1
3908	1
3910	2
3911	1
3912	1
3915	2
3916	1
3918	2
3922	1
3923	1
3924	1
3925	2
3926	4
3927	1
3928	1
3930	3
3932	4
3936	1
3939	1
3940	1
3941	1
3942	2
3943	2
3944	4
3945	1
3946	1
3947	1
3948	1
3950	1
3951	2
3952	1
3953	1
3954	1
3956	2
3957	1
3958	2
3960	2
3961	1
3962	1
3963	2
3964	1
3965	1
3968	1
3969	2
3970	1
3973	3
3974	1
3975	1
3976	3
3978	1
3979	4
3981	2
3985	1
3986	1
3987	1
3989	1
3990	2
3992	1
3993	1
3996	4
3997	1
3998	1
3999	3
4000	2
4001	1
4002	2
4004	2
4005	1
4006	2
4007	1
4008	1
4011	2
4012	1
4014	3
4015	1
4016	1
4017	2
4018	1
4019	1
4020	1
4021	4
4023	5
4024	1
4025	3
4026	3
4029	3
4030	2
4031	1
4032	2
4034	2
4035	1
4036	3
4037	2
4038	2
4039	3
4040	1
4041	1
4042	2
4044	1
4045	1
4046	1
4047	2
4048	2
4049	3
4050	2
4051	1
4052	1
4054	1
4056	2
4057	1
4058	2
4059	1
4061	1
4062	1
4063	1
4064	2
4065	2
4066	1
4067	1
4070	4
4072	3
4073	1
4074	1
4077	1
4078	1
4079	2
4081	3
4082	3
4083	2
4085	1
4086	1
4087	1
4088	4
4089	1
4090	2
4091	1
4092	3
4093	1
4094	2
4095	3
4096	2
4097	2
4098	1
4099	2
4100	2
4101	3
4104	1
4107	2
4109	2
4110	2
4111	1
4113	3
4114	5
4115	2
4116	1
4117	4
4118	1
4121	3
4123	1
4124	2
4126	2
4127	2
4128	2
4130	1
4131	1
4132	1
4133	1
4134	3
4135	1
4137	1
4138	2
4139	2
4143	1
4144	2
4146	1
4148	1
4149	1
4150	1
4151	2
4154	1
4155	2
4156	2
4157	1
4158	2
4159	1
4160	1
4161	1
4162	1
4163	2
4166	3
4167	1
4168	1
4170	1
4171	1
4172	1
4173	1
4175	2
4176	4
4177	1
4178	2
4179	2
4181	5
4182	2
4183	1
4184	2
4187	2
4188	1
4189	1
4190	1
4193	1
4194	1
4195	1
4196	3
4197	1
4201	3
4203	4
4204	3
4206	1
4208	1
4209	1
4210	1
4211	1
4212	1
4213	1
4214	3
4215	2
4216	1
4217	1
4218	1
4219	1
4221	2
4222	4
4224	2
4225	1
4228	4
4229	1
4230	3
4231	1
4232	3
4233	1
4234	2
4235	1
4236	1
4237	1
4238	3
4239	1
4241	3
4242	1
4245	1
4246	1
4247	1
4248	4
4249	4
4251	1
4253	2
4254	1
4256	2
4257	1
4258	2
4264	1
4265	1
4267	1
4268	2
4269	1
4270	2
4271	1
4274	1
4275	5
4277	1
4279	2
4280	1
4281	1
4283	1
4284	3
4285	1
4287	1
4289	1
4290	1
4291	3
4292	1
4293	4
4295	1
4297	2
4298	2
4300	1
4301	2
4303	3
4306	3
4308	2
4309	3
4310	1
4311	2
4312	2
4314	3
4316	4
4317	1
4318	1
4319	3
4320	1
4322	3
4323	4
4324	1
4325	1
4327	1
4328	1
4329	1
4330	2
4331	2
4332	2
4333	1
4335	1
4336	2
4337	1
4338	1
4339	2
4340	1
4341	2
4342	2
4343	1
4344	2
4346	2
4348	2
4349	3
4351	1
4352	1
4354	1
4355	1
4356	1
4357	2
4359	1
4360	1
4361	1
4363	2
4364	2
4365	1
4366	2
4367	1
4368	1
4370	3
4373	4
4374	3
4375	1
4377	3
4378	2
4379	2
4380	3
4382	1
4383	3
4384	1
4386	2
4387	4
4390	1
4395	2
4396	2
4397	1
4398	1
4399	1
4401	1
4402	1
4403	1
4404	3
4405	2
4407	1
4408	1
4412	1
4414	4
4415	1
4416	1
4417	2
4418	1
4420	1
4422	2
4424	2
4425	1
4431	1
4432	2
4435	2
4436	1
4439	1
4444	2
4445	3
4446	1
4449	2
4450	1
4451	2
4452	2
4453	2
4454	1
4457	1
4458	2
4459	1
4460	2
4461	1
4463	3
4465	1
4468	1
4469	4
4471	2
4472	1
4475	1
4476	1
4477	2
4478	1
4480	2
4483	1
4484	2
4485	2
4486	1
4487	1
4488	1
4492	2
4494	2
4495	1
4496	1
4501	1
4502	1
4503	1
4506	1
4510	1
4511	1
4512	2
4514	3
4515	1
4516	1
4517	1
4518	4
4519	3
4520	1
4521	1
4522	1
4523	3
4524	2
4525	3
4526	1
4527	3
4528	1
4529	1
4531	3
4532	3
4534	1
4535	4
4536	1
4537	1
4539	1
4542	2
4545	1
4546	1
4548	3
4549	3
4550	2
4551	1
4554	2
4555	4
4557	3
4558	2
4559	3
4560	1
4561	2
4562	1
4564	1
4565	1
4566	1
4571	1
4574	1
4576	1
4577	2
4578	1
4579	1
4581	1
4584	1
4586	1
4588	3
4589	3
4590	1
4591	1
4594	3
4595	2
4596	1
4597	2
4598	1
4599	3
4600	1
4602	2
4603	2
4604	1
4605	2
4606	1
4607	1
4609	1
4611	1
4613	2
4614	2
4615	2
4616	1
4617	2
4619	1
4620	2
4621	1
4623	1
4624	1
4625	1
4627	2
4629	2
4632	2
4633	1
4635	2
4636	1
4638	1
4641	1
4642	1
4643	1
4645	1
4646	2
4647	1
4648	2
4650	1
4652	2
4653	1
4654	2
4655	1
4657	2
4659	2
4660	1
4661	4
4662	1
4665	1
4666	3
4667	1
4668	2
4669	2
4672	4
4673	2
4674	1
4675	1
4676	1
4677	1
4679	2
4680	2
4681	3
4682	1
4684	2
4685	2
4689	1
4690	1
4691	2
4692	1
4693	1
4694	1
4695	1
4696	2
4697	1
4700	2
4701	2
4702	1
4704	3
4705	2
4706	3
4709	4
4710	1
4711	1
4712	3
4714	1
4716	4
4717	3
4718	2
4719	1
4720	2
4721	2
4723	2
4724	2
4725	1
4727	1
4728	1
4729	1
4731	1
4732	1
4733	1
4734	2
4735	1
4736	3
4737	2
4739	3
4741	1
4744	1
4745	2
4747	3
4749	1
4750	1
4751	3
4752	3
4753	2
4754	2
4755	3
4757	1
4758	1
4760	1
4762	1
4763	2
4764	1
4765	1
4766	1
4767	2
4768	2
4770	2
4772	2
4773	1
4778	1
4779	1
4780	3
4782	4
4783	1
4784	1
4785	1
4786	2
4787	2
4788	4
4789	3
4790	2
4791	1
4793	1
4794	2
4795	3
4797	2
4798	2
4799	1
4801	2
4803	1
4805	2
4807	1
4808	2
4809	2
4810	1
4811	2
4813	1
4815	2
4816	1
4817	4
4818	3
4819	1
4820	3
4822	1
4823	2
4824	1
4825	2
4826	1
4827	2
4830	3
4831	1
4833	1
4835	2
4836	1
4839	2
4841	3
4842	2
4843	2
4844	1
4845	2
4847	2
4852	1
4853	2
4854	3
4855	4
4856	1
4857	1
4858	1
4859	1
4861	1
4862	1
4863	1
4864	1
4865	1
4866	1
4868	1
4869	1
4871	1
4872	1
4873	1
4875	2
4876	2
4878	1
4879	1
4880	1
4881	2
4882	2
4884	3
4885	2
4886	1
4887	2
4893	1
4895	1
4896	2
4898	1
4899	1
4900	1
4901	1
4902	2
4903	1
4904	2
4906	1
4908	1
4909	3
4912	1
4913	3
4914	1
4915	2
4916	1
4917	2
4918	2
4919	1
4920	1
4921	3
4922	1
4923	1
4927	3
4928	1
4929	4
4930	2
4931	2
4932	1
4936	3
4937	3
4938	1
4939	1
4941	1
4942	2
4943	3
4945	1
4948	2
4949	2
4951	7
4953	1
4954	1
4955	2
4956	2
4957	4
4958	1
4959	2
4960	1
4961	1
4962	3
4964	1
4965	1
4966	2
4967	1
4970	1
4972	1
4974	1
4976	3
4978	1
4980	2
4981	5
4984	1
4985	1
4986	1
4988	2
4989	1
4990	1
4991	4
4992	3
4993	2
4994	2
4995	3
4996	2
4999	1
5000	2
5001	1
5004	1
5005	3
5006	6
5007	1
5009	2
5011	1
5012	2
5014	2
5015	1
5017	2
5018	1
5019	2
5020	1
5023	4
5024	2
5025	1
5027	1
5030	1
5031	4
5032	2
5033	2
5034	1
5035	1
5036	2
5037	2
5038	1
5039	2
5040	2
5042	1
5044	1
5047	2
5049	2
5050	2
5051	1
5052	1
5053	1
5055	3
5057	1
5059	1
5060	3
5061	2
5062	2
5063	1
5066	1
5068	3
5069	2
5071	1
5072	1
5075	1
5076	1
5080	1
5081	1
5082	2
5084	1
5085	1
5087	3
5090	1
5093	1
5095	2
5096	1
5098	1
5099	1
5100	1
5103	1
5104	2
5106	2
5107	1
5108	1
5109	3
5110	2
5112	3
5113	1
5114	4
5115	1
5116	2
5117	2
5118	1
5119	1
5120	1
5121	1
5123	1
5124	1
5125	2
5126	1
5127	1
5128	1
5129	1
5130	2
5132	1
5135	1
5136	1
5142	1
5143	2
5145	2
5149	2
5150	3
5151	1
5153	1
5155	1
5156	2
5159	4
5160	1
5161	2
5163	1
5164	3
5165	1
5166	1
5167	3
5168	3
5169	2
5172	2
5173	3
5174	2
5175	3
5176	1
5177	1
5178	2
5179	1
5182	1
5183	2
5185	1
5186	1
5188	1
5189	3
5190	1
5191	1
5193	1
5195	1
5196	2
5197	1
5198	2
5199	1
5202	2
5203	2
5205	1
5206	1
5210	1
5211	5
5212	1
5213	2
5214	2
5215	1
5218	1
5219	1
5221	1
5222	2
5223	4
5224	2
5225	2
5226	1
5227	2
5229	3
5230	2
5231	2
5234	2
5236	3
5237	1
5239	1
5240	1
5241	1
5242	4
5243	1
5246	1
5248	1
5249	2
5251	1
5253	4
5254	1
5255	2
5256	1
5258	1
5259	1
5261	2
5262	3
5263	2
5265	1
5267	2
5268	2
5269	3
5273	1
5274	2
5275	3
5276	1
5277	1
5278	1
5279	2
5280	1
5281	1
5282	3
5283	2
5284	1
5285	1
5286	1
5287	2
5288	2
5289	2
5290	2
5291	2
5292	1
5293	3
5294	1
5295	3
5296	1
5297	2
5298	2
5299	1
5300	1
5301	2
5302	1
5303	3
5306	1
5307	3
5308	1
5309	1
5310	5
5311	1
5312	1
5313	2
5314	4
5315	3
5316	3
5317	1
5318	1
5319	2
5320	2
5321	2
5322	1
5323	2
5324	2
5325	2
5331	1
5332	2
5333	2
5335	3
5336	2
5337	1
5339	1
5341	1
5342	1
5343	2
5344	1
5345	1
5346	1
5347	1
5349	3
5351	1
5352	2
5356	1
5358	1
5360	1
5361	1
5363	1
5364	2
5366	2
5367	3
5369	2
5370	2
5373	1
5377	1
5378	1
5382	1
5383	1
5385	1
5388	1
5390	1
5393	2
5394	1
5397	2
5399	2
5401	2
5403	2
5404	2
5405	2
5406	1
5408	2
5409	1
5410	1
5411	2
5412	1
5413	1
5414	1
5415	1
5416	1
5417	1
5419	2
5421	5
5426	1
5429	2
5430	1
5432	1
5433	2
5435	1
5436	1
5437	1
5442	1
5443	1
5444	1
5445	1
5446	2
5447	1
5448	4
5450	2
5452	1
5453	1
5454	1
5455	2
5457	3
5459	1
5460	2
5461	1
5464	1
5465	2
5466	3
5467	1
5468	1
5469	1
5470	2
5471	3
5472	1
5474	1
5475	1
5476	2
5477	3
5478	3
5479	2
5480	1
5482	2
5485	1
5486	3
5487	1
5489	1
5490	1
5493	2
5495	4
5498	2
5499	1
5500	1
5501	3
5506	1
5507	1
5508	1
5509	2
5510	1
5511	1
5512	1
5514	1
5516	2
5517	1
5520	2
5522	2
5523	1
5525	3
5526	1
5527	1
5529	2
5530	1
5532	1
5533	3
5534	1
5535	2
5537	3
5538	1
5539	1
5541	1
5542	1
5545	1
5547	1
5548	5
5549	1
5551	1
5553	1
5554	1
5555	1
5557	1
5560	1
5562	3
5564	3
5565	1
5567	1
5568	1
5570	1
5572	1
5573	1
5574	2
5575	4
5576	1
5578	2
5579	1
5580	1
5581	3
5583	1
5584	1
5585	1
5586	1
5587	2
5588	1
5589	3
5590	1
5592	1
5593	1
5594	3
5595	1
5596	2
5597	2
5598	1
5601	3
5602	1
5603	2
5604	1
5605	3
5607	1
5609	3
5611	1
5613	1
5614	3
5615	1
5616	1
5617	1
5618	2
5619	2
5621	1
5622	1
5623	2
5624	2
5625	1
5627	1
5629	1
5630	1
5631	1
5633	1
5636	1
5637	1
5640	1
5641	2
5642	1
5644	1
5648	1
5651	1
5652	2
5653	2
5654	3
5655	2
5656	6
5658	1
5660	2
5662	2
5663	1
5665	2
5668	1
5670	1
5671	2
5672	3
5673	2
5676	1
5678	1
5679	3
5680	2
5681	2
5682	1
5684	1
5685	1
5686	1
5688	2
5689	2
5690	1
5691	2
5693	2
5694	2
5695	4
5698	1
5699	1
5701	2
5703	2
5704	3
5705	1
5707	2
5709	2
5710	1
5711	2
5714	2
5716	2
5717	1
5718	1
5719	2
5722	2
5726	1
5729	2
5731	1
5732	1
5733	1
5734	2
5736	2
5737	1
5738	1
5739	2
5740	2
5742	2
5743	3
5744	2
5745	4
5746	2
5747	1
5750	2
5751	1
5752	2
5753	1
5754	2
5755	1
5756	1
5760	1
5761	1
5763	1
5764	3
5767	1
5768	2
5769	2
5770	1
5771	2
5772	2
5773	1
5779	1
5780	1
5781	1
5782	2
5784	3
5788	1
5789	1
5790	1
5792	1
5793	1
5794	2
5795	1
5797	3
5801	2
5802	2
5803	3
5804	1
5806	1
5807	1
5808	1
5809	3
5811	1
5812	1
5813	1
5815	2
5816	1
5817	1
5820	1
5821	2
5823	2
5824	1
5826	1
5828	1
5829	3
5831	2
5832	1
5834	2
5835	1
5836	1
5837	2
5838	1
5839	3
5841	3
5842	1
5843	1
5844	3
5845	2
5846	1
5847	2
5848	1
5849	1
5850	2
5851	2
5852	1
5854	1
5855	1
5856	1
5857	2
5858	1
5860	3
5862	1
5863	2
5864	2
5865	1
5867	1
5868	3
5869	2
5870	2
5871	2
5873	1
5874	1
5876	3
5878	1
5879	1
5880	1
5881	2
5883	2
5884	3
5885	1
5886	1
5887	1
5892	1
5893	2
5894	1
5895	2
5896	3
5897	3
5899	1
5900	1
5901	1
5902	1
5903	1
5904	2
5906	1
5907	1
5908	1
5909	1
5911	1
5912	2
5914	1
5915	1
5916	2
5917	1
5920	1
5921	1
5923	2
5924	1
5925	3
5927	2
5928	2
5929	2
5930	2
5931	1
5933	1
5934	1
5936	3
5937	1
5939	1
5940	4
5942	1
5944	1
5945	1
5946	1
5947	1
5948	1
5949	2
5950	2
5952	1
5955	1
5956	3
5959	2
5960	1
5961	1
5962	2
5963	1
5965	1
5967	2
5970	2
5971	1
5972	1
5973	1
5974	1
5975	1
5978	3
5979	3
5980	2
5981	3
5982	1
5985	1
5986	1
5989	3
5990	1
5992	1
5996	2
5997	1
5998	4
5999	1
6003	1
6004	2
6005	2
6006	1
6008	1
6009	3
6010	1
6012	1
6013	2
6016	2
6017	1
6018	2
6019	1
6020	1
6022	1
6023	2
6024	1
6025	3
6027	1
6028	2
6030	1
6034	1
6035	2
6038	1
6040	1
6041	1
6042	1
6043	2
6044	1
6045	3
6046	1
6047	2
6048	1
6049	1
6050	1
6051	3
6052	1
6055	1
6057	1
6058	1
6059	3
6061	1
6062	2
6063	1
6064	2
6067	2
6069	1
6070	4
6071	1
6073	1
6074	1
6078	1
6081	3
6082	1
6084	1
6087	2
6088	1
6090	1
6096	2
6099	3
6102	2
6105	1
6106	1
6107	2
6108	1
6109	1
6110	1
6111	3
6112	1
6116	1
6118	2
6119	2
6120	1
6121	1
6122	1
6124	1
6125	1
6128	1
6130	1
6131	1
6133	1
6135	1
6136	1
6137	1
6139	1
6141	1
6142	1
6144	1
6145	1
6146	2
6147	1
6148	2
6149	2
6150	1
6151	3
6152	1
6153	1
6155	2
6158	2
6161	1
6162	1
6163	1
6164	2
6165	5
6166	2
6167	1
6168	2
6169	2
6171	2
6172	2
6175	1
6176	1
6178	1
6179	3
6180	1
6183	1
6184	2
6185	1
6187	1
6188	2
6189	2
6190	1
6193	3
6195	1
6196	1
6198	1
6199	2
6201	1
6204	2
6207	1
6208	2
6209	1
6210	2
6213	3
6215	1
6220	1
6221	2
6222	1
6223	1
6224	2
6229	1
6231	1
6233	5
6235	1
6236	2
6237	1
6239	1
6240	2
6243	1
6246	2
6248	2
6250	2
6251	2
6252	3
6253	2
6254	1
6256	2
6259	4
6260	2
6263	1
6264	1
6266	2
6269	2
6272	1
6273	3
6275	1
6276	2
6280	2
6282	1
6283	1
6284	1
6285	1
6286	1
6287	2
6289	1
6290	5
6291	1
6293	2
6295	1
6296	2
6297	5
6299	2
6301	1
6303	2
6304	1
6306	2
6307	1
6311	1
6312	2
6314	1
6316	1
6317	1
6319	3
6320	2
6325	1
6327	1
6331	1
6332	1
6333	1
6334	1
6336	5
6337	1
6338	2
6339	1
6340	2
6341	2
6342	2
6343	2
6344	1
6345	1
6346	2
6347	3
6349	1
6350	1
6351	2
6352	1
6353	1
6354	4
6357	1
6358	1
6359	1
6360	3
6361	1
6363	2
6364	1
6365	1
6366	1
6368	2
6369	1
6370	3
6371	1
6373	1
6375	1
6376	1
6378	2
6379	4
6381	1
6382	2
6386	2
6387	3
6388	2
6390	3
6391	1
6392	1
6393	1
6396	2
6398	1
6400	1
6401	1
6403	1
6405	1
6406	1
6408	1
6410	2
6411	1
6412	1
6413	1
6415	1
6417	1
6419	2
6420	1
6422	3
6423	1
6424	1
6428	1
6431	2
6432	1
6433	1
6434	1
6436	3
6437	2
6438	2
6439	2
6440	1
6441	2
6442	2
6443	1
6445	1
6446	1
6449	2
6450	1
6451	2
6452	2
6453	2
6455	2
6456	2
6457	1
6459	1
6460	1
6461	1
6462	2
6463	1
6464	1
6465	3
6467	2
6468	1
6469	1
6472	2
6474	1
6476	1
6477	1
6478	1
6480	1
6481	1
6482	1
6483	1
6484	3
6487	1
6489	3
6491	2
6493	2
6495	4
6496	3
6498	1
6499	1
6500	1
6501	2
6502	2
6503	2
6507	1
6508	1
6510	1
6511	2
6512	1
6513	1
6514	3
6515	2
6516	2
6517	1
6519	1
6520	1
6521	1
6522	2
6525	1
6526	1
6528	2
6529	1
6530	1
6531	2
6532	1
6536	1
6540	2
6542	1
6543	2
6544	1
6546	2
6547	1
6549	1
6551	2
6552	3
6553	1
6555	2
6556	2
6559	3
6560	1
6561	2
6562	2
6563	1
6564	1
6566	2
6567	1
6568	4
6569	2
6572	2
6575	2
6576	1
6577	2
6579	2
6580	1
6581	3
6583	3
6584	1
6586	1
6587	1
6588	1
6589	2
6590	1
6591	1
6593	2
6594	1
6595	1
6596	3
6597	1
6599	1
6600	1
6601	2
6603	1
6604	3
6607	1
6608	1
6610	1
6612	3
6614	3
6615	1
6616	2
6617	1
6619	1
6621	1
6622	1
6624	1
6625	2
6626	2
6627	3
6628	1
6629	2
6630	4
6631	1
6632	2
6633	2
6634	1
6635	3
6636	1
6638	2
6639	1
6640	1
6641	1
6642	3
6643	1
6644	2
6645	1
6646	2
6649	1
6650	2
6652	1
6654	2
6655	1
6656	1
6657	1
6658	1
6659	1
6660	1
6661	1
6662	2
6666	1
6667	2
6671	1
6672	1
6674	1
6676	2
6677	3
6679	2
6681	1
6682	2
6684	1
6685	3
6686	2
6687	1
6688	1
6690	3
6691	1
6692	1
6694	1
6695	1
6696	2
6697	1
6698	2
6699	3
6700	1
6704	2
6705	2
6707	1
6708	1
6709	1
6710	2
6711	1
6714	1
6715	3
6716	1
6718	1
6720	1
6721	1
6722	2
6723	1
6725	2
6727	1
6728	1
6729	3
6730	1
6732	1
6733	1
6734	1
6735	1
6736	2
6742	1
6743	3
6745	2
6746	2
6747	1
6748	2
6753	1
6756	3
6757	2
6758	2
6759	1
6760	1
6762	3
6763	1
6765	1
6767	1
6768	1
6769	2
6770	4
6771	1
6774	3
6776	2
6777	3
6778	1
6781	2
6782	1
6783	1
6784	1
6786	1
6787	1
6789	1
6790	1
6791	1
6792	3
6794	1
6797	2
6798	1
6799	4
6800	2
6801	2
6802	2
6803	1
6804	3
6805	2
6807	2
6808	2
6809	2
6810	1
6816	2
6821	1
6822	2
6823	1
6824	1
6825	1
6826	1
6827	1
6828	2
6830	2
6832	2
6834	1
6835	1
6841	1
6842	1
6843	1
6845	1
6846	1
6848	2
6849	2
6850	3
6851	1
6852	1
6855	1
6856	2
6857	1
6858	1
6859	1
6860	2
6862	1
6863	2
6864	1
6865	1
6867	3
6868	3
6869	1
6870	1
6871	2
6872	1
6873	2
6875	1
6876	1
6882	1
6883	1
6884	1
6885	2
6889	3
6890	1
6891	2
6893	2
6894	2
6897	2
6898	3
6899	1
6902	2
6904	1
6905	1
6906	1
6907	1
6909	1
6911	1
6912	2
6913	2
6914	1
6915	1
6916	1
6917	1
6918	1
6919	1
6921	3
6924	3
6925	1
6926	2
6927	2
6929	1
6930	3
6932	1
6933	3
6935	1
6936	1
6937	1
6939	2
6940	2
6941	1
6942	1
6943	2
6944	2
6945	1
6947	1
6948	2
6949	1
6951	2
6952	1
6955	2
6957	1
6959	2
6960	1
6961	1
6962	1
6964	1
6965	2
6967	3
6971	2
6972	1
6973	1
6974	1
6976	1
6977	1
6978	2
6979	1
6981	2
6982	2
6983	1
6984	1
6985	3
6986	1
6987	1
6993	3
6994	1
6995	2
6996	2
6997	2
6999	4
7000	3
7003	2
7004	1
7005	2
7009	3
7012	1
7016	1
7018	2
7020	1
7021	4
7022	3
7023	2
7024	1
7025	1
7027	1
7028	1
7029	3
7031	1
7034	1
7035	1
7036	1
7039	1
7041	1
7042	1
7043	2
7044	1
7045	2
7046	3
7047	1
7048	1
7051	2
7052	1
7054	1
7055	1
7056	1
7057	1
7058	3
7061	1
7062	2
7063	1
7066	1
7067	3
7068	1
7069	1
7071	1
7073	1
7077	1
7078	1
7080	1
7083	1
7084	1
7085	4
7086	2
7087	3
7088	1
7092	2
7094	1
7095	3
7096	1
7097	2
7099	2
7100	1
7101	1
7103	7
7104	1
7108	1
7109	1
7111	3
7112	2
7113	3
7114	2
7116	2
7117	2
7118	2
7119	3
7120	2
7121	1
7123	1
7124	1
7125	2
7126	1
7128	2
7129	1
7131	2
7132	1
7133	2
7134	1
7135	1
7136	1
7137	4
7141	1
7143	1
7144	1
7145	1
7147	1
7148	1
7149	1
7150	2
7155	2
7156	3
7157	1
7159	1
7163	2
7164	1
7166	2
7168	2
7171	1
7172	1
7173	2
7175	3
7176	1
7177	1
7178	3
7180	1
7181	2
7182	2
7183	3
7185	1
7186	2
7187	2
7188	3
7192	1
7193	1
7194	2
7195	3
7197	1
7198	1
7199	1
7200	1
7201	1
7202	1
7203	2
7206	2
7207	1
7210	1
7211	3
7213	1
7214	2
7215	1
7216	2
7218	2
7219	3
7220	1
7221	1
7222	2
7223	2
7224	1
7225	1
7228	1
7229	2
7231	2
7232	1
7233	1
7236	1
7237	4
7239	1
7241	1
7242	1
7244	1
7245	1
7249	2
7251	2
7252	1
7254	2
7255	1
7256	2
7258	1
7261	1
7263	2
7264	1
7266	2
7267	1
7269	1
7270	3
7272	1
7274	1
7275	3
7276	2
7277	2
7278	1
7279	2
7280	1
7281	4
7283	1
7285	1
7287	1
7288	3
7290	1
7291	2
7292	1
7293	1
7294	2
7295	1
7297	3
7298	1
7299	1
7300	3
7302	2
7303	1
7304	3
7305	4
7306	1
7308	2
7309	3
7311	2
7312	1
7313	1
7314	2
7316	1
7318	3
7319	2
7320	3
7321	1
7322	1
7323	4
7326	1
7327	1
7328	1
7331	3
7332	1
7333	1
7335	1
7336	2
7337	2
7338	2
7340	1
7341	1
7342	1
7343	2
7346	1
7348	2
7349	3
7350	1
7352	2
7358	1
7360	2
7362	4
7363	4
7364	1
7365	1
7366	3
7367	2
7369	2
7370	1
7371	1
7372	3
7374	1
7375	2
7376	1
7380	5
7381	2
7382	3
7383	2
7386	1
7387	1
7388	3
7390	2
7391	2
7392	1
7393	2
7394	1
7397	1
7398	2
7400	4
7402	2
7403	1
7405	1
7406	1
7408	1
7409	1
7411	1
7412	3
7415	2
7416	2
7417	3
7418	1
7421	1
7422	3
7423	1
7424	2
7429	2
7430	3
7431	1
7432	1
7435	1
7436	1
7438	1
7439	1
7440	3
7441	1
7442	1
7444	3
7445	3
7446	2
7447	1
7448	2
7450	2
7452	1
7453	3
7454	1
7455	2
7456	2
7457	3
7459	1
7460	2
7462	2
7463	1
7464	1
7465	3
7471	2
7472	2
7476	1
7477	2
7478	1
7479	1
7480	1
7483	1
7484	1
7485	1
7486	1
7488	2
7489	1
7490	1
7494	3
7495	1
7498	1
7499	1
7500	1
7501	1
7504	1
7505	5
7507	2
7510	2
7512	1
7513	1
7514	1
7515	1
7516	2
7519	3
7520	1
7522	2
7524	1
7525	3
7526	1
7527	3
7528	1
7529	5
7530	4
7531	3
7532	2
7533	3
7535	1
7536	1
7537	1
7539	2
7541	2
7542	1
7546	1
7547	1
7548	1
7549	6
7552	2
7553	1
7554	2
7555	2
7558	1
7559	2
7560	2
7563	1
7564	1
7565	2
7566	1
7568	1
7571	2
7572	1
7575	2
7576	2
7577	1
7578	1
7579	1
7580	1
7581	1
7582	2
7584	1
7585	2
7587	1
7588	3
7590	2
7592	1
7593	3
7594	2
7595	1
7596	2
7597	1
7598	2
7599	2
7602	1
7604	2
7605	1
7606	1
7607	1
7610	2
7614	1
7616	2
7617	2
7619	3
7620	1
7621	4
7622	2
7623	1
7624	1
7625	2
7627	1
7629	1
7633	1
7634	1
7635	1
7636	1
7637	3
7638	3
7639	3
7640	1
7643	2
7645	3
7646	1
7647	2
7648	1
7649	1
7650	1
7651	2
7653	1
7654	1
7656	1
7658	1
7661	2
7663	2
7664	3
7665	4
7666	1
7667	2
7669	1
7670	1
7672	1
7673	1
7674	1
7675	2
7676	1
7678	3
7679	2
7680	1
7681	2
7682	2
7683	4
7684	1
7685	1
7686	1
7687	2
7689	2
7690	2
7692	1
7693	1
7695	1
7696	1
7698	1
7699	2
7700	1
7701	1
7702	1
7704	2
7705	3
7707	1
7708	1
7711	1
7712	3
7715	1
7716	1
7717	1
7718	1
7719	1
7720	1
7722	2
7724	1
7725	2
7726	2
7728	1
7729	1
7731	1
7732	1
7733	4
7734	2
7737	1
7738	3
7740	1
7744	5
7745	2
7747	2
7748	3
7749	2
7750	2
7751	2
7752	1
7753	2
7754	1
7756	1
7757	3
7759	3
7760	1
7762	2
7763	2
7764	4
7766	2
7768	4
7769	1
7770	2
7772	2
7774	1
7776	5
7778	1
7780	2
7781	1
7782	2
7783	1
7786	1
7788	2
7791	2
7793	1
7794	2
7795	1
7796	1
7797	1
7798	1
7799	2
7800	1
7801	1
7803	2
7805	1
7806	3
7808	4
7809	1
7811	1
7812	1
7813	3
7814	1
7817	2
7819	2
7821	2
7824	1
7825	2
7827	1
7828	3
7829	1
7830	1
7831	3
7832	2
7833	1
7837	1
7838	1
7839	2
7840	1
7841	1
7842	3
7843	1
7844	2
7846	1
7847	1
7848	2
7850	2
7851	1
7852	1
7853	2
7854	2
7855	1
7856	2
7857	4
7859	1
7860	1
7861	2
7862	2
7863	1
7866	2
7867	2
7869	1
7870	1
7871	1
7872	1
7874	1
7875	1
7877	2
7878	2
7879	1
7880	1
7881	2
7882	2
7883	2
7884	1
7888	1
7891	3
7893	1
7894	3
7895	2
7896	1
7897	3
7899	1
7900	1
7901	2
7902	2
7903	2
7906	1
7907	3
7908	1
7910	2
7911	3
7912	1
7913	3
7914	3
7916	2
7917	2
7918	3
7919	3
7920	2
7921	4
7922	1
7924	1
7927	1
7928	1
7929	2
7930	1
7932	1
7934	2
7937	2
7938	1
7939	2
7940	1
7941	2
7942	3
7944	1
7945	2
7946	3
7947	1
7948	3
7951	5
7953	1
7955	2
7956	1
7959	2
7961	1
7964	2
7965	1
7966	2
7967	2
7968	2
7969	2
7970	2
7972	4
7973	1
7974	3
7975	1
7976	2
7977	2
7978	1
7979	2
7980	2
7981	1
7982	2
7984	3
7985	1
7986	3
7988	1
7989	2
7990	1
7992	1
7993	1
7995	2
7997	2
7998	3
7999	1
8000	2
8001	1
8002	1
8003	1
8004	2
8005	1
8008	2
8009	1
8010	3
8012	1
8014	1
8017	2
8020	3
8021	1
8022	1
8023	2
8024	2
8025	1
8026	2
8028	2
8029	2
8030	1
8031	2
8033	2
8034	1
8036	2
8038	1
8039	4
8041	1
8043	2
8044	1
8045	1
8046	1
8048	1
8049	1
8050	3
8051	2
8052	2
8056	3
8057	1
8058	2
8059	1
8060	2
8064	2
8065	3
8066	3
8067	1
8068	3
8070	1
8071	2
8072	2
8073	3
8074	1
8076	3
8077	2
8078	2
8079	2
8080	2
8081	1
8082	1
8083	2
8084	3
8087	2
8089	1
8090	2
8091	1
8093	1
8094	4
8096	2
8098	5
8100	1
8102	5
8104	1
8108	2
8109	1
8111	1
8112	2
8113	3
8114	2
8115	2
8116	3
8117	3
8119	2
8120	1
8121	1
8122	1
8123	1
8126	2
8128	3
8129	3
8130	1
8131	2
8132	2
8133	1
8134	2
8135	1
8136	1
8137	3
8138	3
8139	1
8142	3
8143	3
8147	1
8149	1
8150	1
8151	2
8153	1
8155	1
8156	3
8157	2
8158	1
8159	4
8160	4
8162	2
8165	2
8166	2
8167	1
8168	2
8169	2
8170	1
8171	1
8172	2
8173	2
8174	3
8175	2
8176	4
8177	1
8180	4
8181	2
8182	3
8183	1
8184	2
8185	3
8186	3
8187	1
8188	1
8190	2
8191	2
8192	1
8193	3
8195	2
8196	1
8197	2
8198	2
8199	1
8200	1
8201	1
8203	1
8204	3
8205	1
8206	2
8207	4
8208	1
8209	3
8210	2
8211	1
8212	2
8214	2
8215	2
8216	5
8217	1
8220	2
8221	2
8222	7
8223	5
8224	5
8226	1
8229	1
8231	2
8232	1
8234	2
8236	1
8237	3
8238	3
8239	2
8241	3
8242	1
8243	3
8244	1
8245	2
8248	1
8251	1
8252	4
8253	2
8254	1
8255	3
8256	2
8257	1
8259	1
8260	2
8261	1
8262	1
8263	1
8264	2
8265	1
8266	5
8267	2
8268	2
8269	2
8271	1
8272	4
8273	1
8274	1
8275	1
8276	2
8277	5
8278	2
8279	2
8280	2
8281	2
8282	4
8283	2
8284	2
8285	2
8286	3
8287	2
8288	1
8289	1
8290	1
8291	1
8292	1
8293	5
8294	2
8295	1
8296	1
8298	1
8299	1
8300	2
8302	4
8304	2
8306	2
8308	2
8309	2
8310	1
8311	1
8312	1
8313	3
8314	4
8315	1
8316	1
8317	3
8318	2
8319	3
8320	3
8321	1
8322	1
8323	1
8324	2
8325	3
8326	2
8327	2
8330	2
8331	3
8332	1
8335	1
8336	1
8338	5
8339	1
8340	1
8341	1
8345	2
8346	2
8347	3
8348	2
8349	1
8351	2
8352	1
8353	3
8354	3
8355	1
8356	1
8357	2
8358	1
8359	2
8361	2
8362	1
8363	2
8364	1
8365	3
8366	1
8367	3
8368	1
8369	2
8370	4
8371	5
8372	2
8373	1
8374	2
8375	4
8377	1
8380	3
8382	3
8385	2
8386	2
8387	2
8388	2
8389	1
8392	1
8393	1
8394	1
8395	3
8396	1
8397	1
8398	1
8399	2
8400	2
8402	1
8403	2
8407	3
8410	2
8411	2
8412	1
8414	3
8415	4
8416	3
8417	2
8418	4
8419	5
8421	1
8422	2
8423	3
8424	1
8425	1
8427	1
8428	2
8430	3
8432	2
8433	1
8436	2
8437	1
8438	2
8439	1
8440	1
8444	2
8445	2
8446	2
8447	1
8449	1
8450	1
8451	7
8452	1
8453	1
8454	1
8455	2
8456	1
8457	1
8458	2
8459	1
8460	1
8461	2
8462	2
8463	2
8464	2
8465	3
8466	3
8467	1
8472	1
8473	1
8474	1
8475	1
8476	2
8477	1
8478	3
8479	1
8480	3
8481	1
8482	1
8483	3
8484	2
8486	2
8488	1
8489	1
8490	2
8491	1
8493	1
8495	1
8496	2
8497	1
8499	1
8500	4
8502	2
8503	1
8504	2
8506	3
8507	4
8509	1
8510	1
8511	1
8512	3
8513	2
8514	2
8515	1
8516	3
8517	2
8518	1
8520	1
8522	1
8523	1
8524	1
8525	3
8528	3
8529	1
8531	2
8532	3
8535	2
8537	1
8538	1
8539	4
8540	2
8541	3
8542	1
8545	1
8546	2
8547	1
8548	2
8549	1
8550	1
8551	2
8552	4
8555	2
8556	2
8558	3
8559	2
8560	1
8561	2
8562	3
8563	1
8564	1
8566	3
8567	2
8568	4
8569	1
8570	1
8571	1
8572	1
8573	2
8574	1
8576	1
8577	2
8581	1
8582	2
8583	1
8584	6
8586	2
8587	3
8588	2
8589	1
8590	2
8592	3
8593	2
8594	2
8595	1
8596	1
8597	2
8598	2
8599	1
8600	1
8601	1
8602	1
8603	3
8604	3
8607	2
8608	1
8609	1
8610	2
8611	5
8613	2
8614	1
8615	4
8617	5
8618	3
8620	2
8621	4
8622	2
8623	3
8626	2
8627	2
8629	1
8630	4
8632	1
8633	1
8634	2
8635	1
8636	2
8637	1
8641	3
8642	1
8643	1
8644	1
8646	4
8647	1
8648	4
8649	1
8651	1
8652	2
8653	2
8654	1
8655	5
8656	2
8657	5
8658	1
8659	1
8660	3
8661	1
8662	2
8664	1
8665	1
8666	1
8667	1
8668	3
8670	2
8671	2
8672	2
8673	2
8674	1
8675	1
8676	1
8677	3
8678	1
8679	3
8681	1
8682	2
8683	1
8684	1
8685	3
8686	1
8687	1
8688	3
8689	2
8690	1
8691	3
8692	3
8694	3
8695	2
8696	1
8699	1
8700	1
8701	2
8702	1
8703	5
8704	1
8705	2
8706	1
8707	1
8708	2
8709	1
8710	5
8711	1
8712	1
8713	1
8714	2
8715	1
8716	2
8717	3
8718	2
8719	5
8720	1
8721	2
8722	6
8723	1
8724	3
8725	1
8726	4
8727	1
8728	3
8729	2
8730	2
8731	2
8732	2
8733	1
8734	1
8735	2
8736	4
8737	1
8738	1
8739	1
8741	3
8742	2
8743	1
8744	3
8747	4
8748	2
8750	3
8751	1
8752	2
8753	1
8756	1
8757	1
8758	1
8760	2
8761	3
8762	2
8764	1
8765	2
8766	5
8767	4
8768	2
8769	2
8770	5
8772	1
8773	3
8774	1
8775	1
8777	4
8778	1
8779	2
8780	2
8781	8
8783	2
8784	1
8785	1
8786	2
8787	4
8788	1
8789	2
8790	1
8791	2
8792	3
8793	1
8796	1
8797	2
8798	1
8799	2
8801	2
8802	2
8803	1
8804	3
8805	1
8806	4
8807	2
8808	1
8809	1
8810	2
8811	3
8812	2
8813	1
8814	1
8816	1
8817	1
8818	1
8819	1
8820	4
8821	3
8822	1
8823	1
8824	1
8825	3
8826	3
8827	3
8828	3
8829	3
8831	2
8832	3
8833	4
8834	4
8835	2
8836	2
8837	4
8838	3
8839	1
8840	1
8841	3
8842	3
8843	1
8844	1
8845	2
8847	4
8848	3
8849	3
8850	1
8851	2
8853	4
8854	2
8855	1
8856	1
8857	1
8858	1
8859	1
8860	2
8861	1
8862	2
8863	2
8864	3
8866	1
8867	4
8868	2
8869	2
8870	2
8871	3
8872	5
8873	2
8874	1
8875	1
8877	3
8878	1
8880	1
8881	3
8882	1
8887	1
8888	3
8890	1
8891	1
8892	1
8893	3
8895	2
8896	3
8897	3
8898	2
8899	1
8901	2
8902	1
8903	1
8904	2
8906	2
8907	3
8908	2
8909	1
8910	3
8911	2
8912	3
8914	1
8915	3
8916	3
8917	1
8918	1
8919	2
8921	1
8922	2
8923	1
8924	2
8925	3
8926	1
8927	2
8928	1
8929	1
8930	1
8931	1
8932	5
8933	1
8934	2
8935	1
8936	2
8937	2
8938	3
8940	1
8941	3
8943	1
8946	1
8948	2
8949	1
8950	3
8951	2
8952	1
8954	3
8956	4
8957	3
8959	3
8962	1
8963	3
8965	2
8967	3
8968	2
8969	2
8970	2
8971	4
8972	2
8973	1
8974	1
8975	3
8976	3
8977	2
8979	1
8980	1
8981	3
8982	2
8983	4
8984	2
8985	3
8986	1
8989	1
8990	2
8991	2
8992	2
8993	5
8994	1
8995	3
8997	5
8999	2
9000	5
9001	4
9002	1
9004	1
9006	1
9007	3
9008	1
9009	1
9010	4
9011	1
9012	1
9015	1
9016	2
9018	2
9020	1
9021	5
9022	1
9023	3
9024	1
9025	1
9026	2
9027	1
9028	1
9029	1
9030	2
9032	2
9033	2
9035	2
9036	1
9037	1
9038	3
9039	3
9040	2
9041	2
9042	5
9043	1
9044	1
9045	4
9046	2
9047	4
9048	1
9049	1
9050	1
9052	4
9053	3
9054	1
9055	2
9056	2
9057	2
9059	5
9060	1
9061	1
9062	2
9063	1
9064	1
9066	5
9067	2
9068	1
9069	1
9070	1
9071	3
9072	1
9074	1
9075	2
9076	2
9077	3
9080	2
9082	2
9083	3
9084	3
9085	3
9087	3
9088	3
9089	1
9090	2
9091	2
9092	2
9093	2
9094	3
9095	2
9096	1
9097	2
9098	2
9099	2
9100	1
9101	2
9102	2
9103	1
9104	1
9105	3
9106	1
9107	3
9108	3
9109	1
9110	1
9111	2
9113	4
9117	2
9118	1
9119	1
9120	1
9121	3
9122	1
9124	1
9126	3
9127	3
9128	2
9129	5
9131	1
9132	2
9133	3
9134	1
9135	1
9136	1
9137	3
9138	2
9139	5
9140	1
9141	1
9142	2
9143	3
9144	1
9146	2
9147	2
9148	7
9149	3
9150	3
9151	2
9153	2
9156	3
9159	4
9160	6
9161	4
9162	2
9163	1
9164	2
9165	1
9166	1
9168	6
9169	1
9170	1
9171	3
9173	4
9175	4
9176	1
9177	3
9178	1
9179	6
9180	4
9181	1
9182	3
9183	2
9184	2
9185	2
9186	4
9187	2
9188	3
9189	1
9190	1
9192	2
9193	3
9194	2
9195	5
9196	2
9197	3
9198	1
9199	3
9200	4
9201	2
9202	2
9203	2
9204	1
9205	3
9206	4
9207	2
9208	2
9209	5
9210	3
9211	2
9213	2
9214	3
9215	2
9216	6
9217	2
9218	3
9219	2
9220	5
9221	2
9222	2
9223	2
9224	1
9225	4
9227	2
9228	1
9229	4
9230	1
9231	1
9232	4
9234	2
9235	2
9239	1
9240	3
9241	1
9242	1
9243	1
9244	3
9245	3
9246	2
9247	4
9248	3
9249	1
9250	2
9252	2
9255	3
9256	2
9257	2
9258	4
9259	3
9260	4
9261	1
9262	3
9263	2
9264	3
9265	1
9267	3
9269	1
9270	4
9271	1
9274	4
9275	4
9277	4
9278	3
9279	1
9280	2
9281	3
9283	1
9284	3
9285	1
9287	4
9289	2
9290	5
9291	3
9292	2
9293	2
9294	4
9295	3
9296	1
9297	1
9298	2
9299	1
9300	3
9301	3
9302	3
9303	3
9304	1
9305	1
9309	2
9310	3
9311	3
9312	2
9313	1
9314	2
9315	1
9316	1
9317	2
9318	4
9319	1
9320	2
9321	1
9322	5
9323	2
9324	3
9325	1
9326	3
9327	1
9328	2
9329	1
9330	3
9331	2
9332	1
9333	4
9334	2
9335	3
9336	2
9338	1
9340	3
9343	2
9345	5
9346	2
9347	2
9348	2
9349	1
9350	2
9352	5
9353	3
9354	1
9355	1
9356	1
9358	1
9359	1
9360	2
9361	2
9362	1
9363	2
9364	1
9365	1
9367	1
9368	2
9369	2
9370	1
9371	3
9372	4
9373	2
9374	3
9375	2
9376	2
9377	1
9378	3
9379	2
9380	1
9381	3
9382	1
9383	1
9384	1
9385	3
9386	2
9387	2
9389	2
9390	4
9391	3
9392	2
9393	3
9395	5
9396	2
9397	1
9398	2
9399	2
9400	4
9401	1
9402	1
9403	3
9404	2
9405	2
9406	2
9407	1
9408	1
9409	4
9410	1
9411	1
9412	2
9413	3
9414	4
9415	1
9416	3
9417	3
9418	2
9419	1
9420	3
9421	3
9422	1
9423	1
9424	1
9425	3
9426	1
9428	3
9429	1
9430	3
9431	1
9432	1
9434	4
9435	5
9436	3
9437	1
9438	1
9439	1
9440	2
9441	1
9442	5
9443	2
9444	1
9445	1
9446	1
9447	1
9448	3
9450	4
9451	1
9452	2
9453	1
9454	2
9455	1
9456	5
9457	1
9458	4
9459	2
9460	3
9461	4
9462	1
9463	2
9464	4
9465	4
9466	2
9467	2
9468	2
9469	3
9470	1
9472	2
9474	2
9475	1
9476	2
9478	1
9479	1
9480	2
9481	1
9482	5
9483	1
9484	2
9485	4
9486	3
9487	3
9489	3
9490	2
9491	4
9492	3
9493	1
9494	1
9495	3
9496	4
9497	1
9498	2
9499	1
9500	1
9501	3
9502	2
9504	3
9505	1
9506	2
9507	3
9508	2
9509	2
9510	1
9511	1
9512	1
9513	3
9514	1
9515	3
9516	2
9517	2
9518	3
9519	3
9520	1
9521	3
9522	1
9523	1
9524	4
9525	1
9526	3
9527	3
9528	2
9530	3
9531	4
9532	2
9533	2
9534	2
9536	3
9537	4
9538	3
9539	2
9540	3
9541	4
9542	5
9543	1
9544	1
9545	1
9546	4
9547	5
9548	1
9549	4
9550	2
9552	4
9555	4
9556	2
9557	2
9558	1
9559	2
9560	1
9561	4
9562	1
9563	2
9564	1
9565	2
9566	4
9567	1
9568	2
9569	1
9570	5
9571	1
9572	2
9573	2
9574	1
9575	1
9576	3
9577	1
9578	1
9579	1
9580	4
9582	2
9583	1
9584	3
9585	4
9586	5
9587	3
9588	2
9589	3
9590	2
9591	1
9592	2
9594	5
9595	3
9596	2
9597	1
9598	2
9599	2
9600	3
9601	4
9603	3
9604	4
9605	4
9606	1
9607	3
9608	2
9609	3
9610	1
9611	3
9612	1
9613	2
9614	1
9615	4
9616	2
9617	1
9618	4
9619	1
9620	1
9621	2
9622	3
9623	3
9624	7
9625	3
9626	3
9627	2
9630	1
9631	3
9632	3
9634	3
9636	4
9637	3
9638	3
9639	4
9640	1
9641	2
9642	5
9644	3
9647	2
9649	1
9650	1
9651	2
9652	2
9653	1
9655	4
9656	2
9657	3
9658	6
9659	2
9660	2
9661	5
9662	3
9663	1
9665	5
9666	3
9667	2
9668	4
9669	1
9670	2
9671	2
9672	3
9673	3
9674	4
9675	1
9678	5
9679	3
9680	2
9681	3
9683	1
9684	4
9685	1
9686	8
9687	1
9688	1
9689	1
9690	1
9691	1
9692	2
9693	1
9694	3
9695	1
9696	2
9697	1
9698	2
9699	3
9700	3
9701	1
9703	2
9704	2
9705	1
9706	2
9707	1
9708	3
9709	2
9710	2
9711	3
9712	3
9714	3
9716	1
9717	6
9718	2
9720	1
9721	1
9722	2
9723	2
9724	1
9726	6
9728	2
9729	1
9730	2
9731	3
9732	2
9733	3
9734	5
9735	3
9736	3
9737	4
9738	3
9740	1
9741	5
9742	2
9744	2
9745	1
9746	3
9747	2
9748	4
9749	6
9750	2
9751	2
9752	5
9753	4
9754	1
9755	3
9756	6
9757	1
9759	1
9760	3
9761	5
9762	5
9763	3
9764	6
9766	2
9767	8
9769	1
9770	1
9771	2
9772	5
9773	2
9774	5
9775	2
9776	2
9777	2
9778	1
9779	4
9781	2
9782	2
9783	1
9784	5
9785	2
9786	7
9787	4
9788	3
9789	1
9790	3
9791	1
9792	3
9793	3
9794	1
9795	4
9796	6
9797	4
9798	5
9799	1
9800	3
9801	4
9802	4
9803	2
9804	2
9805	1
9806	1
9807	5
9808	4
9809	3
9810	3
9811	3
9812	2
9813	2
9815	1
9816	3
9817	2
9818	2
9819	1
9820	5
9821	3
9822	3
9823	3
9824	4
9825	4
9826	1
9827	4
9828	3
9829	6
9830	4
9831	2
9832	1
9833	2
9834	1
9836	2
9837	1
9838	3
9839	4
9840	1
9841	2
9842	2
9843	2
9844	6
9846	2
9848	2
9849	1
9850	2
9851	1
9852	3
9853	2
9855	2
9856	7
9857	3
9858	3
9859	2
9860	1
9861	1
9863	2
9864	3
9865	2
9866	2
9867	4
9869	2
9871	2
9872	2
9873	2
9874	4
9875	3
9876	4
9877	3
9878	2
9879	1
9880	4
9881	2
9882	3
9883	4
9884	3
9885	3
9886	7
9887	2
9888	1
9889	3
9890	2
9891	3
9892	2
9893	3
9894	3
9895	4
9896	2
9897	4
9898	4
9899	2
9900	2
9901	5
9902	1
9904	11
9906	1
9908	1
9909	4
9910	2
9911	1
9912	2
9913	1
9914	1
9915	3
9916	1
9918	3
9919	4
9920	1
9921	3
9922	4
9923	4
9924	3
9925	4
9927	1
9928	3
9929	1
9930	5
9931	1
9932	3
9933	5
9934	4
9935	2
9936	3
9937	3
9938	2
9939	3
9940	2
9941	3
9942	3
9943	2
9944	3
9945	2
9946	2
9947	4
9948	3
9949	1
9950	2
9951	1
9953	1
9954	3
9955	3
9956	2
9957	3
9958	2
9959	3
9960	1
9961	3
9962	2
9963	2
9964	3
9965	3
9966	2
9967	5
9968	3
9969	1
9970	3
9971	1
9972	1
9974	3
9975	5
9978	3
9979	3
9980	1
9981	2
9982	4
9983	5
9984	3
9986	1
9988	1
9989	1
9991	3
9992	5
9993	3
9994	3
9995	2
9996	2
9997	3
9998	1
9999	1
10000	3
10001	3
10002	2
10003	1
10004	2
10005	1
10006	4
10007	2
10008	3
10009	3
10010	2
10011	3
10012	1
10013	3
10014	1
10015	1
10016	4
10017	4
10018	5
10019	4
10020	4
10021	2
10022	2
10023	4
10024	5
10025	2
10026	1
10027	5
10028	4
10029	1
10030	2
10031	2
10033	4
10034	5
10035	3
10036	3
10037	2
10038	3
10039	1
10040	3
10041	2
10042	1
10043	3
10044	1
10045	4
10046	4
10047	2
10048	4
10049	1
10050	5
10051	3
10052	1
10053	1
10054	2
10056	5
10057	2
10058	3
10059	3
10060	5
10061	1
10062	2
10064	3
10066	6
10067	3
10068	1
10069	2
10070	2
10071	2
10072	2
10073	2
10074	1
10075	2
10076	7
10077	1
10078	4
10079	1
10080	4
10081	2
10082	5
10083	4
10084	1
10086	1
10087	2
10089	2
10090	4
10092	1
10093	5
10094	3
10095	3
10096	3
10097	4
10098	2
10099	7
10100	4
10101	4
10102	2
10103	1
10104	1
10105	6
10106	2
10107	2
10108	1
10109	2
10110	2
10111	1
10112	3
10113	1
10114	3
10115	1
10116	4
10117	3
10118	6
10119	3
10120	2
10121	3
10122	3
10123	4
10124	3
10125	1
10126	2
10127	5
10128	5
10129	5
10130	1
10131	2
10132	3
10133	3
10134	5
10135	1
10136	5
10137	4
10138	1
10139	2
10140	2
10141	1
10142	3
10143	2
10144	2
10145	3
10146	3
10147	2
10148	5
10149	2
10150	3
10151	5
10154	4
10155	5
10156	3
10157	2
10158	4
10159	6
10160	6
10161	2
10162	1
10163	3
10164	1
10166	4
10167	2
10168	4
10170	3
10171	4
10172	1
10173	3
10174	1
10175	4
10176	4
10177	1
10178	3
10179	4
10180	2
10181	3
10182	5
10183	3
10185	1
10186	1
10188	4
10189	2
10190	6
10191	4
10192	3
10193	3
10194	1
10195	1
10196	6
10197	1
10199	2
10200	5
10201	5
10202	2
10203	2
10204	4
10205	3
10206	3
10207	1
10208	4
10209	2
10210	2
10211	6
10212	4
10213	6
10214	1
10215	1
10216	1
10217	2
10218	2
10219	3
10220	4
10221	5
10222	2
10223	3
10224	1
10225	3
10226	2
10227	1
10228	2
10229	4
10230	2
10231	3
10232	1
10233	4
10234	4
10235	7
10237	1
10238	2
10239	2
10241	2
10242	3
10243	2
10244	6
10245	2
10246	3
10248	2
10249	3
10250	4
10251	1
10252	2
10253	2
10254	4
10255	3
10256	5
10257	5
10258	2
10259	3
10260	4
10261	8
10262	1
10264	1
10265	6
10266	5
10267	1
10268	4
10269	1
10271	5
10272	1
10273	3
10274	3
10275	1
10276	1
10277	4
10278	5
10279	1
10280	3
10281	3
10283	2
10284	6
10285	1
10286	4
10287	2
10288	2
10289	2
10290	2
10291	4
10292	3
10293	2
10294	1
10295	1
10296	3
10297	3
10298	2
10299	3
10300	3
10301	3
10302	2
10303	5
10304	6
10305	4
10306	2
10307	4
10308	4
10309	3
10310	2
10311	3
10312	2
10313	3
10314	5
10315	4
10316	4
10317	1
10318	8
10319	2
10320	2
10322	2
10323	2
10325	2
10326	4
10327	5
10328	2
10329	5
10330	1
10331	5
10332	3
10333	1
10334	2
10335	3
10337	1
10338	1
10339	4
10340	3
10341	3
10342	3
10343	7
10344	3
10345	3
10346	6
10347	7
10348	4
10349	5
10350	2
10351	2
10352	3
10353	2
10354	2
10355	3
10356	5
10357	3
10358	4
10359	6
10360	1
10361	3
10362	3
10363	6
10364	3
10365	2
10366	3
10367	5
10368	2
10369	6
10370	3
10371	3
10372	2
10373	2
10374	5
10375	1
10377	2
10378	4
10379	1
10380	1
10381	1
10382	1
10383	3
10384	1
10386	2
10387	1
10388	4
10389	4
10390	3
10391	3
10392	2
10393	1
10394	3
10395	6
10396	4
10397	2
10398	4
10399	4
10400	2
10402	1
10403	6
10404	5
10405	5
10406	3
10407	4
10408	3
10409	4
10410	2
10411	2
10412	2
10413	3
10414	2
10415	3
10416	7
10417	2
10418	2
10419	7
10420	2
10421	4
10422	3
10423	5
10424	2
10426	4
10427	3
10428	2
10429	2
10430	3
10431	7
10432	1
10434	2
10435	2
10436	1
10437	1
10438	5
10439	3
10440	2
10441	4
10442	1
10443	4
10444	2
10445	1
10447	6
10448	3
10449	4
10451	1
10452	2
10453	2
10454	4
10455	1
10456	3
10457	6
10458	4
10459	5
10460	2
10461	4
10462	2
10463	4
10464	3
10465	3
10466	8
10467	4
10468	2
10469	4
10470	4
10471	4
10472	4
10473	2
10474	3
10475	3
10476	4
10477	1
10478	5
10479	8
10480	2
10481	3
10482	2
10485	2
10486	2
10487	4
10488	3
10489	2
10490	2
10491	2
10492	3
10493	1
10494	6
10495	4
10496	3
10497	1
10499	2
10500	3
10501	3
10503	4
10504	8
10505	4
10506	2
10507	2
10508	2
10509	5
10510	1
10511	3
10512	6
10513	3
10514	10
10515	1
10516	3
10517	3
10518	4
10519	3
10520	1
10521	3
10522	2
10523	2
10524	5
10525	4
10526	1
10527	3
10528	2
10529	5
10530	2
10531	5
10533	3
10534	6
10535	3
10536	2
10537	5
10538	6
10539	2
10540	3
10541	3
10542	1
10543	4
10544	4
10545	5
10546	3
10547	4
10548	3
10549	4
10550	9
10551	4
10552	3
10553	2
10554	8
10555	3
10556	4
10557	2
10558	4
10559	4
10560	1
10562	5
10563	1
10564	1
10565	3
10566	1
10567	4
10568	4
10569	3
10570	3
10571	3
10572	2
10573	3
10574	6
10575	5
10576	4
10577	2
10578	2
10580	4
10582	3
10583	1
10585	1
10586	1
10587	1
10588	2
10589	6
10590	3
10591	6
10592	4
10593	1
10594	4
10595	3
10596	1
10597	2
10598	5
10599	3
10600	5
10601	5
10602	3
10603	6
10604	3
10605	5
10606	2
10607	4
10608	1
10609	2
10610	3
10611	2
10612	4
10613	4
10614	4
10615	8
10616	4
10617	7
10618	3
10619	4
10620	5
10621	3
10622	3
10623	7
10624	6
10625	3
10626	3
10627	10
10628	6
10629	4
10630	5
10631	2
10632	4
10633	5
10634	3
10635	3
10636	2
10637	3
10638	8
10639	1
10640	3
10641	5
10642	6
10643	8
10644	8
10645	4
10646	1
10647	2
10648	6
10649	7
10650	2
10651	4
10652	3
10653	4
10654	5
10655	6
10656	1
10657	2
10658	8
10659	9
10660	6
10661	3
10662	3
10663	4
10664	1
10665	5
10666	4
10667	4
10668	4
10669	1
10670	2
10671	5
10672	10
10673	3
10674	8
10675	5
10676	6
10677	7
10678	3
10679	3
10680	7
10681	4
10682	8
10683	1
10684	4
10685	3
10686	4
10687	5
10688	2
10689	2
10690	2
10691	4
10692	4
10693	2
10694	5
10695	9
10696	4
10697	3
10698	7
10699	3
10700	5
10701	5
10702	5
10703	4
10704	6
10705	7
10706	6
10707	8
10708	7
10709	4
10710	4
10711	7
10712	2
10713	3
10714	5
10715	3
10716	9
10717	5
10718	5
10719	6
10720	4
10721	3
10722	5
10723	3
10724	5
10725	7
10726	6
10727	2
10728	7
10729	7
10730	5
10731	4
10732	11
10733	3
10734	5
10735	9
10736	1
10737	5
10738	5
10739	3
10740	5
10741	5
10742	7
10743	4
10744	6
10745	3
10746	2
10747	4
10748	3
10749	7
10750	3
10751	5
10752	5
10753	5
10754	8
10755	2
10756	11
10757	2
10758	4
10759	6
10760	3
10761	6
10762	3
10763	2
10764	7
10765	3
10766	5
10767	5
10768	8
10769	6
10770	5
10771	6
10772	9
10773	8
10774	3
10775	9
10776	5
10777	5
10778	6
10779	4
10780	4
10781	6
10782	2
10783	4
10784	7
10785	4
10786	9
10787	7
10788	2
10789	8
10790	5
10791	7
10792	8
10793	3
10794	5
10795	4
10796	11
10797	4
10798	4
10799	9
10800	6
10801	5
10802	7
10803	3
10804	4
10805	1
10806	9
10807	3
10808	10
10809	4
10810	4
10811	3
10812	3
10813	5
10814	4
10815	3
10816	6
10817	4
10818	11
10819	5
10820	6
10821	7
10822	4
10823	2
10824	7
10825	5
10826	4
10827	11
10828	4
10829	5
10830	2
10831	4
10832	4
10833	8
10834	6
10835	6
10836	7
10837	4
10838	4
10839	1
10840	3
10841	8
10842	6
10843	7
10844	7
10845	10
10846	7
10847	6
10848	11
10849	8
10850	8
10851	4
10852	2
10853	12
10854	6
10855	7
10856	5
10857	7
10858	2
10859	3
10860	4
10861	4
10862	7
10863	4
10864	7
10865	12
10866	3
10867	6
10868	5
10869	11
10870	4
10871	5
10872	10
10873	7
10874	3
10875	6
10876	6
10877	4
10878	11
10879	5
10880	3
10881	7
10882	8
10883	3
10884	6
10885	9
10886	9
10887	8
10888	8
10889	8
10890	5
10891	5
10892	7
10893	13
10894	6
10895	10
10896	10
10897	4
10898	6
10899	3
10900	3
10901	12
10902	5
10903	5
10904	3
10905	9
10906	16
10907	8
10908	9
10909	7
10910	3
10911	9
10912	7
10913	4
10914	10
10915	7
10916	7
10917	7
10918	8
10919	8
10920	8
10921	8
10922	14
10923	2
10924	8
10925	7
10926	8
10927	9
10928	5
10929	11
10930	11
10931	13
10932	10
10933	10
10934	4
10935	9
10936	10
10937	4
10938	4
10939	9
10940	7
10941	3
10942	9
10943	6
10944	6
10945	9
10946	5
10947	8
10948	5
10949	12
10950	6
10951	9
10952	6
10953	5
10954	5
10955	6
10956	14
10957	12
10958	3
10959	5
10960	7
10961	13
10962	7
10963	7
10964	7
10965	8
10966	6
10967	14
10968	9
10969	5
10970	5
10971	8
10972	6
10973	5
10974	6
10975	7
10976	11
10977	12
10978	8
10979	13
10980	8
10981	6
10982	6
10983	9
10984	8
10985	5
10986	6
10987	6
10988	13
10989	10
10990	5
10991	4
10992	8
10993	12
10994	6
10995	6
10996	8
10997	4
10998	5
10999	8
11000	10
11001	5
11002	5
11003	5
11004	11
11005	7
11006	7
11007	12
11008	12
11009	3
11010	7
11011	14
11012	9
11013	10
11014	6
11015	12
11016	6
11017	10
11018	11
11019	5
11020	4
11021	7
11022	9
11023	10
11024	9
11025	11
11026	11
11027	9
11028	13
11029	11
11030	14
11031	9
11032	12
11033	6
11034	10
11035	7
11036	10
11037	12
11038	7
11039	6
11040	10
11041	10
11042	7
11043	9
11044	15
11045	5
11046	9
11047	6
11048	8
11049	8
11050	8
11051	10
11052	10
11053	16
11054	7
11055	10
11056	8
11057	4
11058	9
11059	6
11060	10
11061	7
11062	8
11063	9
11064	11
11065	6
11066	8
11067	12
11068	10
11069	10
11070	14
11071	11
11072	11
11073	14
11074	7
11075	8
11076	5
11077	7
11078	11
11079	8
11080	5
11081	10
11082	7
11083	8
11084	6
11085	8
11086	10
11087	11
11088	7
11089	7
11090	7
11091	13
11092	5
11093	10
11094	5
11095	11
11096	5
11097	10
11098	11
11099	9
11100	8
11101	8
11102	11
11103	10
11104	9
11105	4
11106	7
11107	9
11108	14
11109	6
11110	7
11111	11
11112	10
11113	18
11114	5
11115	14
11116	14
11117	5
11118	14
11119	11
11120	15
11121	5
11122	4
11123	12
11124	14
11125	7
11126	7
11127	8
11128	12
11129	13
11130	2
11131	10
11132	9
11133	13
11134	12
11135	9
11136	18
11137	6
11138	12
11139	11
11140	9
11141	12
11142	10
11143	12
11144	11
11145	11
11146	16
11147	4
11148	9
11149	14
11150	12
11151	14
11152	11
11153	10
11154	12
11155	17
11156	17
11157	13
11158	15
11159	6
11160	15
11161	11
11162	15
11163	7
11164	11
11165	15
11166	13
11167	15
11168	19
11169	16
11170	7
11171	9
11172	9
11173	10
11174	10
11175	11
11176	11
11177	12
11178	15
11179	12
11180	17
11181	12
11182	9
11183	7
11184	7
11185	12
11186	7
11187	12
11188	8
11189	13
11190	19
11191	14
11192	11
11193	14
11194	18
11195	6
11196	14
11197	14
11198	10
11199	10
11200	19
11201	15
11202	10
11203	14
11204	13
11205	14
11206	16
11207	13
11208	11
11209	6
11210	14
11211	20
11212	7
11213	8
11214	16
11215	13
11216	14
11217	13
11218	10
11219	18
11220	10
11221	14
11222	11
11223	14
11224	6
11225	14
11226	14
11227	8
11228	16
11229	12
11230	14
11231	15
11232	16
11233	15
11234	13
11235	13
11236	21
11237	18
11238	11
11239	14
11240	11
11241	12
11242	5
11243	14
11244	13
11245	17
11246	10
11247	12
11248	15
11249	16
11250	10
11251	12
11252	12
11253	13
11254	12
11255	22
11256	11
11257	16
11258	7
11259	17
11260	16
11261	14
11262	15
11263	12
11264	18
11265	27
11266	10
11267	5
11268	17
11269	21
11270	16
11271	16
11272	12
11273	15
11274	10
11275	9
11276	15
11277	14
11278	14
11279	17
11280	16
11281	20
11282	17
11283	9
11284	14
11285	15
11286	15
11287	15
11288	10
11289	14
11290	12
11291	10
11292	17
11293	15
11294	17
11295	17
11296	11
11297	17
11298	17
11299	9
11300	13
11301	13
11302	18
11303	12
11304	15
11305	16
11306	14
11307	23
11308	12
11309	11
11310	17
11311	15
11312	17
11313	15
11314	13
11315	10
11316	20
11317	14
11318	16
11319	10
11320	13
11321	18
11322	14
11323	13
11324	14
11325	15
11326	23
11327	11
11328	20
11329	14
11330	16
11331	11
11332	21
11333	19
11334	17
11335	15
11336	14
11337	18
11338	14
11339	13
11340	21
11341	15
11342	11
11343	18
11344	19
11345	21
11346	14
11347	11
11348	18
11349	17
11350	14
11351	15
11352	15
11353	11
11354	16
11355	8
11356	14
11357	10
11358	19
11359	8
11360	15
11361	25
11362	14
11363	11
11364	14
11365	17
11366	16
11367	21
11368	18
11369	16
11370	19
11371	12
11372	11
11373	10
11374	16
11375	17
11376	14
11377	21
11378	25
11379	13
11380	14
11381	13
11382	23
11383	14
11384	16
11385	14
11386	19
11387	14
11388	18
11389	19
11390	11
11391	14
11392	21
11393	10
11394	11
11395	14
11396	26
11397	12
11398	19
11399	21
11400	18
11401	11
11402	19
11403	21
11404	17
11405	21
11406	17
11407	17
11408	14
11409	22
11410	18
11411	18
11412	12
11413	26
11414	22
11415	14
11416	14
11417	11
11418	15
11419	19
11420	16
11421	20
11422	17
11423	28
11424	11
11425	21
11426	13
11427	13
11428	19
11429	20
11430	20
11431	21
11432	21
11433	20
11434	22
11435	13
11436	19
11437	26
11438	22
11439	16
11440	29
11441	20
11442	22
11443	12
11444	10
11445	23
11446	16
11447	9
11448	22
11449	24
11450	19
11451	19
11452	21
11453	23
11454	17
11455	13
11456	12
11457	12
11458	21
11459	14
11460	19
11461	27
11462	27
11463	16
11464	10
11465	20
11466	23
11467	16
11468	16
11469	17
11470	24
11471	16
11472	17
11473	20
11474	16
11475	14
11476	16
11477	21
11478	20
11479	21
11480	18
11481	23
11482	12
11483	18
11484	23
11485	14
11486	14
11487	21
11488	17
11489	23
11490	20
11491	13
11492	22
11493	25
11494	21
11495	18
11496	22
11497	25
11498	19
11499	20
11500	18
11501	17
11502	14
11503	22
11504	12
11505	17
11506	17
11507	25
11508	18
11509	19
11510	19
11511	29
11512	19
11513	18
11514	20
11515	14
11516	26
11517	22
11518	15
11519	17
11520	18
11521	15
11522	29
11523	18
11524	17
11525	18
11526	20
11527	22
11528	21
11529	23
11530	26
11531	19
11532	9
11533	16
11534	21
11535	26
11536	20
11537	14
11538	21
11539	24
11540	18
11541	19
11542	27
11543	14
11544	30
11545	11
11546	19
11547	18
11548	25
11549	8
11550	18
11551	25
11552	13
11553	27
11554	14
11555	14
11556	20
11557	23
11558	25
11559	23
11560	24
11561	21
11562	18
11563	25
11564	22
11565	20
11566	13
11567	22
11568	18
11569	23
11570	29
11571	24
11572	18
11573	20
11574	18
11575	18
11576	25
11577	20
11578	19
11579	33
11580	15
11581	29
11582	28
11583	21
11584	19
11585	19
11586	19
11587	21
11588	23
11589	21
11590	13
11591	23
11592	24
11593	21
11594	23
11595	20
11596	18
11597	32
11598	21
11599	22
11600	16
11601	25
11602	30
11603	29
11604	25
11605	21
11606	13
11607	28
11608	21
11609	28
11610	26
11611	26
11612	11
11613	21
11614	15
11615	15
11616	17
11617	18
11618	29
11619	28
11620	21
11621	30
11622	31
11623	16
11624	24
11625	30
11626	18
11627	16
11628	20
11629	25
11630	22
11631	18
11632	19
11633	25
11634	19
11635	15
11636	17
11637	20
11638	25
11639	18
11640	20
11641	18
11642	27
11643	15
11644	30
11645	21
11646	16
11647	20
11648	20
11649	18
11650	28
11651	27
11652	18
11653	19
11654	23
11655	28
11656	25
11657	21
11658	32
11659	23
11660	24
11661	24
11662	25
11663	16
11664	22
11665	40
11666	19
11667	35
11668	34
11669	16
11670	25
11671	25
11672	25
11673	34
11674	18
11675	27
11676	23
11677	21
11678	31
11679	25
11680	25
11681	15
11682	31
11683	24
11684	25
11685	20
11686	21
11687	22
11688	32
11689	20
11690	24
11691	24
11692	28
11693	21
11694	26
11695	21
11696	19
11697	28
11698	30
11699	22
11700	31
11701	21
11702	24
11703	25
11704	18
11705	18
11706	20
11707	25
11708	27
11709	23
11710	22
11711	25
11712	20
11713	25
11714	19
11715	24
11716	23
11717	30
11718	22
11719	26
11720	26
11721	26
11722	33
11723	27
11724	29
11725	31
11726	23
11727	30
11728	27
11729	32
11730	21
11731	24
11732	27
11733	23
11734	23
11735	24
11736	22
11737	25
11738	26
11739	31
11740	19
11741	22
11742	32
11743	24
11744	32
11745	32
11746	28
11747	24
11748	24
11749	31
11750	26
11751	33
11752	39
11753	27
11754	17
11755	33
11756	28
11757	36
11758	35
11759	28
11760	23
11761	25
11762	24
11763	31
11764	25
11765	29
11766	30
11767	27
11768	28
11769	32
11770	27
11771	34
11772	32
11773	24
11774	30
11775	29
11776	22
11777	23
11778	28
11779	21
11780	20
11781	30
11782	28
11783	28
11784	26
11785	31
11786	31
11787	17
11788	31
11789	32
11790	24
11791	20
11792	30
11793	22
11794	33
11795	19
11796	35
11797	37
11798	29
11799	21
11800	27
11801	17
11802	30
11803	26
11804	36
11805	30
11806	27
11807	27
11808	21
11809	33
11810	27
11811	33
11812	34
11813	18
11814	31
11815	41
11816	45
11817	28
11818	23
11819	31
11820	26
11821	27
11822	34
11823	30
11824	24
11825	30
11826	22
11827	39
11828	37
11829	27
11830	31
11831	32
11832	17
11833	39
11834	28
11835	26
11836	26
11837	31
11838	31
11839	33
11840	40
11841	28
11842	25
11843	32
11844	28
11845	37
11846	29
11847	30
11848	36
11849	34
11850	31
11851	34
11852	38
11853	31
11854	31
11855	39
11856	31
11857	36
11858	21
11859	30
11860	22
11861	17
11862	32
11863	40
11864	26
11865	20
11866	20
11867	22
11868	25
11869	30
11870	25
11871	30
11872	21
11873	30
11874	41
11875	26
11876	37
11877	34
11878	26
11879	39
11880	30
11881	35
11882	22
11883	25
11884	31
11885	29
11886	35
11887	36
11888	36
11889	27
11890	32
11891	33
11892	28
11893	35
11894	24
11895	23
11896	32
11897	34
11898	29
11899	22
11900	37
11901	26
11902	35
11903	27
11904	27
11905	40
11906	25
11907	30
11908	33
11909	21
11910	32
11911	31
11912	21
11913	32
11914	31
11915	23
11916	34
11917	31
11918	35
11919	36
11920	33
11921	28
11922	30
11923	30
11924	36
11925	34
11926	30
11927	33
11928	19
11929	36
11930	36
11931	24
11932	27
11933	32
11934	27
11935	34
11936	33
11937	22
11938	26
11939	37
11940	38
11941	27
11942	37
11943	38
11944	25
11945	32
11946	30
11947	31
11948	21
11949	33
11950	30
11951	38
11952	38
11953	37
11954	37
11955	27
11956	31
11957	35
11958	26
11959	24
11960	29
11961	36
11962	33
11963	28
11964	28
11965	37
11966	34
11967	39
11968	29
11969	29
11970	34
11971	34
11972	25
11973	47
11974	30
11975	31
11976	41
11977	35
11978	29
11979	27
11980	25
11981	40
11982	42
11983	28
11984	23
11985	26
11986	33
11987	38
11988	29
11989	37
11990	27
11991	41
11992	38
11993	26
11994	39
11995	29
11996	35
11997	24
11998	32
11999	33
12000	45
12001	26
12002	28
12003	29
12004	35
12005	35
12006	44
12007	26
12008	40
12009	33
12010	36
12011	26
12012	34
12013	31
12014	33
12015	29
12016	34
12017	30
12018	30
12019	48
12020	30
12021	44
12022	26
12023	41
12024	30
12025	26
12026	42
12027	35
12028	25
12029	39
12030	27
12031	36
12032	34
12033	40
12034	31
12035	37
12036	35
12037	27
12038	27
12039	44
12040	35
12041	28
12042	37
12043	32
12044	33
12045	35
12046	46
12047	34
12048	25
12049	30
12050	41
12051	45
12052	42
12053	30
12054	36
12055	39
12056	45
12057	42
12058	41
12059	36
12060	40
12061	27
12062	28
12063	38
12064	26
12065	31
12066	38
12067	44
12068	32
12069	41
12070	44
12071	36
12072	27
12073	26
12074	45
12075	37
12076	36
12077	33
12078	40
12079	36
12080	34
12081	41
12082	28
12083	43
12084	25
12085	36
12086	29
12087	43
12088	46
12089	37
12090	33
12091	39
12092	46
12093	35
12094	36
12095	30
12096	42
12097	27
12098	36
12099	45
12100	28
12101	41
12102	38
12103	37
12104	35
12105	33
12106	32
12107	39
12108	31
12109	37
12110	35
12111	42
12112	49
12113	37
12114	26
12115	37
12116	34
12117	44
12118	27
12119	40
12120	39
12121	42
12122	32
12123	32
12124	35
12125	24
12126	40
12127	32
12128	44
12129	45
12130	36
12131	42
12132	31
12133	40
12134	30
12135	36
12136	36
12137	34
12138	45
12139	41
12140	47
12141	43
12142	32
12143	30
12144	41
12145	36
12146	40
12147	32
12148	42
12149	53
12150	38
12151	38
12152	40
12153	37
12154	33
12155	35
12156	36
12157	41
12158	44
12159	29
12160	44
12161	28
12162	42
12163	35
12164	35
12165	30
12166	36
12167	25
12168	43
12169	40
12170	29
12171	33
12172	37
12173	29
12174	32
12175	44
12176	49
12177	39
12178	38
12179	35
12180	31
12181	31
12182	39
12183	39
12184	42
12185	31
12186	46
12187	39
12188	32
12189	34
12190	29
12191	43
12192	31
12193	45
12194	37
12195	49
12196	42
12197	34
12198	31
12199	31
12200	36
12201	31
12202	38
12203	43
12204	34
12205	42
12206	37
12207	36
12208	36
12209	34
12210	35
12211	46
12212	41
12213	30
12214	32
12215	32
12216	37
12217	53
12218	45
12219	52
12220	37
12221	29
12222	29
12223	47
12224	40
12225	31
12226	36
12227	35
12228	41
12229	39
12230	43
12231	49
12232	31
12233	33
12234	35
12235	38
12236	39
12237	43
12238	38
12239	30
12240	27
12241	40
12242	35
12243	39
12244	46
12245	40
12246	45
12247	31
12248	43
12249	38
12250	46
12251	30
12252	43
12253	38
12254	29
12255	42
12256	43
12257	43
12258	33
12259	38
12260	35
12261	50
12262	40
12263	41
12264	29
12265	39
12266	32
12267	34
12268	41
12269	38
12270	39
12271	43
12272	35
12273	34
12274	52
12275	37
12276	40
12277	41
12278	49
12279	41
12280	30
12281	40
12282	30
12283	42
12284	46
12285	46
12286	39
12287	44
12288	52
12289	46
12290	49
12291	39
12292	37
12293	31
12294	36
12295	33
12296	54
12297	45
12298	32
12299	41
12300	43
12301	32
12302	36
12303	51
12304	29
12305	53
12306	41
12307	40
12308	46
12309	38
12310	36
12311	42
12312	38
12313	30
12314	42
12315	38
12316	37
12317	35
12318	39
12319	31
12320	41
12321	34
12322	43
12323	35
12324	46
12325	41
12326	48
12327	48
12328	34
12329	34
12330	57
12331	45
12332	38
12333	36
12334	35
12335	43
12336	39
12337	42
12338	43
12339	39
12340	36
12341	37
12342	39
12343	56
12344	40
12345	40
12346	40
12347	38
12348	37
12349	42
12350	48
12351	40
12352	36
12353	35
12354	42
12355	41
12356	45
12357	32
12358	46
12359	49
12360	37
12361	38
12362	54
12363	42
12364	38
12365	28
12366	51
12367	38
12368	48
12369	56
12370	39
12371	34
12372	36
12373	39
12374	46
12375	35
12376	48
12377	42
12378	44
12379	36
12380	41
12381	39
12382	42
12383	37
12384	33
12385	41
12386	52
12387	49
12388	49
12389	43
12390	34
12391	43
12392	30
12393	42
12394	39
12395	36
12396	46
12397	44
12398	48
12399	37
12400	41
12401	33
12402	45
12403	35
12404	40
12405	34
12406	48
12407	57
12408	41
12409	40
12410	44
12411	45
12412	35
12413	38
12414	54
12415	46
12416	45
12417	45
12418	41
12419	46
12420	40
12421	48
12422	45
12423	44
12424	49
12425	54
12426	39
12427	50
12428	41
12429	31
12430	38
12431	51
12432	37
12433	46
12434	39
12435	40
12436	31
12437	33
12438	57
12439	52
12440	48
12441	44
12442	44
12443	35
12444	45
12445	55
12446	36
12447	40
12448	44
12449	34
12450	39
12451	43
12452	48
12453	34
12454	41
12455	40
12456	42
12457	49
12458	45
12459	37
12460	44
12461	40
12462	42
12463	41
12464	51
12465	30
12466	38
12467	38
12468	40
12469	48
12470	37
12471	45
12472	44
12473	32
12474	44
12475	50
12476	45
12477	47
12478	36
12479	44
12480	48
12481	36
12482	51
12483	47
12484	44
12485	43
12486	38
12487	48
12488	47
12489	34
12490	40
12491	43
12492	32
12493	38
12494	37
12495	38
12496	44
12497	51
12498	44
12499	49
12500	36
12501	38
12502	36
12503	38
12504	31
12505	45
12506	34
12507	39
12508	44
12509	43
12510	47
12511	53
12512	38
12513	41
12514	47
12515	39
12516	42
12517	41
12518	45
12519	49
12520	48
12521	33
12522	43
12523	33
12524	41
12525	40
12526	40
12527	53
12528	53
12529	37
12530	47
12531	46
12532	39
12533	41
12534	32
12535	38
12536	53
12537	35
12538	44
12539	37
12540	34
12541	39
12542	28
12543	32
12544	39
12545	52
12546	44
12547	51
12548	54
12549	41
12550	41
12551	40
12552	34
12553	44
12554	40
12555	36
12556	29
12557	47
12558	42
12559	54
12560	45
12561	44
12562	48
12563	48
12564	47
12565	44
12566	48
12567	42
12568	40
12569	48
12570	39
12571	50
12572	54
12573	36
12574	37
12575	35
12576	49
12577	36
12578	31
12579	36
12580	41
12581	36
12582	43
12583	42
12584	47
12585	33
12586	40
12587	45
12588	45
12589	39
12590	34
12591	46
12592	38
12593	41
12594	42
12595	38
12596	40
12597	41
12598	49
12599	37
12600	43
12601	39
12602	41
12603	46
12604	37
12605	40
12606	37
12607	34
12608	51
12609	49
12610	53
12611	51
12612	41
12613	39
12614	42
12615	40
12616	36
12617	43
12618	38
12619	38
12620	33
12621	32
12622	48
12623	44
12624	36
12625	43
12626	35
12627	40
12628	49
12629	50
12630	42
12631	51
12632	41
12633	47
12634	53
12635	50
12636	41
12637	50
12638	42
12639	42
12640	36
12641	43
12642	46
12643	47
12644	51
12645	46
12646	41
12647	42
12648	53
12649	39
12650	53
12651	36
12652	55
12653	46
12654	41
12655	38
12656	48
12657	40
12658	46
12659	52
12660	60
12661	55
12662	42
12663	46
12664	37
12665	49
12666	40
12667	37
12668	41
12669	45
12670	46
12671	40
12672	40
12673	61
12674	45
12675	43
12676	35
12677	37
12678	47
12679	51
12680	49
12681	36
12682	44
12683	48
12684	50
12685	40
12686	48
12687	39
12688	47
12689	48
12690	43
12691	57
12692	48
12693	48
12694	53
12695	49
12696	55
12697	50
12698	42
12699	33
12700	45
12701	42
12702	41
12703	40
12704	37
12705	43
12706	43
12707	50
12708	44
12709	35
12710	42
12711	46
12712	39
12713	30
12714	42
12715	48
12716	51
12717	36
12718	46
12719	45
12720	42
12721	36
12722	55
12723	50
12724	36
12725	48
12726	50
12727	41
12728	63
12729	53
12730	35
12731	44
12732	29
12733	30
12734	39
12735	41
12736	45
12737	36
12738	40
12739	39
12740	56
12741	42
12742	46
12743	48
12744	42
12745	47
12746	47
12747	47
12748	46
12749	50
12750	49
12751	34
12752	59
12753	44
12754	47
12755	43
12756	41
12757	46
12758	32
12759	51
12760	53
12761	26
12762	47
12763	43
12764	47
12765	38
12766	51
12767	55
12768	35
12769	39
12770	42
12771	47
12772	37
12773	46
12774	41
12775	41
12776	47
12777	39
12778	49
12779	40
12780	51
12781	42
12782	35
12783	59
12784	31
12785	40
12786	53
12787	48
12788	56
12789	54
12790	38
12791	50
12792	51
12793	44
12794	48
12795	46
12796	41
12797	41
12798	41
12799	42
12800	42
12801	42
12802	36
12803	34
12804	56
12805	34
12806	39
12807	59
12808	47
12809	50
12810	49
12811	38
12812	52
12813	48
12814	46
12815	35
12816	42
12817	49
12818	52
12819	43
12820	47
12821	52
12822	46
12823	51
12824	37
12825	54
12826	41
12827	43
12828	43
12829	50
12830	40
12831	41
12832	54
12833	49
12834	49
12835	55
12836	43
12837	55
12838	52
12839	39
12840	31
12841	58
12842	48
12843	48
12844	55
12845	37
12846	53
12847	56
12848	38
12849	39
12850	34
12851	50
12852	51
12853	46
12854	49
12855	50
12856	36
12857	34
12858	41
12859	46
12860	38
12861	40
12862	52
12863	43
12864	36
12865	49
12866	54
12867	44
12868	58
12869	45
12870	40
12871	41
12872	58
12873	54
12874	41
12875	40
12876	50
12877	48
12878	37
12879	42
12880	48
12881	53
12882	50
12883	46
12884	45
12885	45
12886	55
12887	48
12888	54
12889	48
12890	48
12891	46
12892	40
12893	41
12894	53
12895	58
12896	38
12897	59
12898	52
12899	58
12900	26
12901	48
12902	39
12903	52
12904	54
12905	40
12906	44
12907	47
12908	41
12909	53
12910	47
12911	36
12912	39
12913	46
12914	39
12915	48
12916	38
12917	48
12918	52
12919	39
12920	56
12921	43
12922	43
12923	55
12924	45
12925	37
12926	41
12927	42
12928	39
12929	41
12930	39
12931	49
12932	38
12933	58
12934	38
12935	43
12936	49
12937	36
12938	42
12939	34
12940	43
12941	34
12942	43
12943	37
12944	48
12945	52
12946	40
12947	39
12948	66
12949	47
12950	42
12951	48
12952	44
12953	33
12954	37
12955	46
12956	45
12957	46
12958	27
12959	50
12960	43
12961	48
12962	54
12963	46
12964	47
12965	49
12966	44
12967	45
12968	46
12969	55
12970	45
12971	46
12972	31
12973	39
12974	42
12975	46
12976	32
12977	51
12978	49
12979	57
12980	51
12981	44
12982	29
12983	45
12984	44
12985	45
12986	49
12987	52
12988	47
12989	50
12990	48
12991	42
12992	52
12993	41
12994	45
12995	45
12996	32
12997	44
12998	42
12999	43
13000	46
13001	42
13002	38
13003	45
13004	40
13005	45
13006	47
13007	55
13008	46
13009	29
13010	34
13011	52
13012	47
13013	39
13014	48
13015	34
13016	69
13017	34
13018	46
13019	43
13020	42
13021	39
13022	55
13023	52
13024	51
13025	41
13026	51
13027	54
13028	41
13029	39
13030	41
13031	43
13032	35
13033	51
13034	50
13035	39
13036	50
13037	52
13038	40
13039	45
13040	47
13041	57
13042	56
13043	46
13044	44
13045	43
13046	52
13047	46
13048	38
13049	48
13050	43
13051	50
13052	42
13053	60
13054	38
13055	53
13056	56
13057	46
13058	40
13059	35
13060	42
13061	41
13062	40
13063	53
13064	47
13065	43
13066	40
13067	41
13068	47
13069	47
13070	39
13071	47
13072	45
13073	35
13074	54
13075	45
13076	66
13077	42
13078	41
13079	50
13080	32
13081	29
13082	45
13083	46
13084	45
13085	51
13086	47
13087	46
13088	42
13089	41
13090	50
13091	51
13092	36
13093	41
13094	47
13095	44
13096	40
13097	45
13098	51
13099	51
13100	42
13101	42
13102	63
13103	44
13104	43
13105	63
13106	51
13107	45
13108	62
13109	37
13110	58
13111	62
13112	49
13113	36
13114	32
13115	47
13116	44
13117	49
13118	36
13119	46
13120	44
13121	47
13122	65
13123	49
13124	40
13125	40
13126	59
13127	50
13128	51
13129	35
13130	48
13131	43
13132	53
13133	48
13134	48
13135	45
13136	61
13137	53
13138	45
13139	43
13140	46
13141	42
13142	43
13143	43
13144	43
13145	45
13146	45
13147	47
13148	53
13149	49
13150	53
13151	35
13152	34
13153	59
13154	47
13155	46
13156	56
13157	45
13158	53
13159	45
13160	46
13161	45
13162	47
13163	39
13164	47
13165	49
13166	42
13167	54
13168	45
13169	57
13170	42
13171	44
13172	46
13173	37
13174	49
13175	57
13176	43
13177	51
13178	45
13179	56
13180	50
13181	48
13182	49
13183	49
13184	47
13185	31
13186	43
13187	39
13188	49
13189	49
13190	43
13191	50
13192	50
13193	39
13194	39
13195	40
13196	57
13197	47
13198	49
13199	39
13200	49
13201	49
13202	43
13203	43
13204	50
13205	51
13206	48
13207	45
13208	48
13209	58
13210	41
13211	39
13212	52
13213	35
13214	41
13215	41
13216	35
13217	60
13218	38
13219	46
13220	45
13221	51
13222	42
13223	48
13224	45
13225	55
13226	36
13227	41
13228	42
13229	41
13230	51
13231	54
13232	39
13233	39
13234	32
13235	44
13236	47
13237	42
13238	42
13239	46
13240	40
13241	45
13242	55
13243	53
13244	59
13245	44
13246	40
13247	46
13248	49
13249	41
13250	43
13251	45
13252	47
13253	53
13254	40
13255	39
13256	44
13257	58
13258	48
13259	40
13260	43
13261	51
13262	45
13263	49
13264	58
13265	46
13266	54
13267	43
13268	58
13269	49
13270	39
13271	44
13272	48
13273	42
13274	38
13275	44
13276	47
13277	43
13278	45
13279	42
13280	44
13281	45
13282	41
13283	40
13284	50
13285	33
13286	44
13287	44
13288	50
13289	39
13290	47
13291	43
13292	39
13293	36
13294	35
13295	47
13296	46
13297	52
13298	50
13299	39
13300	41
13301	41
13302	46
13303	55
13304	48
13305	35
13306	46
13307	58
13308	43
13309	47
13310	49
13311	42
13312	40
13313	48
13314	46
13315	47
13316	39
13317	41
13318	51
13319	43
13320	35
13321	38
13322	30
13323	50
13324	42
13325	40
13326	39
13327	41
13328	31
13329	47
13330	37
13331	49
13332	35
13333	49
13334	52
13335	38
13336	56
13337	51
13338	47
13339	59
13340	47
13341	47
13342	56
13343	42
13344	47
13345	43
13346	33
13347	42
13348	43
13349	53
13350	48
13351	62
13352	43
13353	28
13354	51
13355	43
13356	52
13357	46
13358	45
13359	45
13360	43
13361	46
13362	56
13363	47
13364	45
13365	53
13366	34
13367	55
13368	55
13369	65
13370	33
13371	50
13372	44
13373	44
13374	50
13375	42
13376	46
13377	46
13378	29
13379	50
13380	45
13381	45
13382	42
13383	46
13384	40
13385	46
13386	49
13387	38
13388	49
13389	45
13390	37
13391	42
13392	60
13393	42
13394	56
13395	59
13396	42
13397	36
13398	45
13399	45
13400	38
13401	52
13402	45
13403	44
13404	50
13405	46
13406	41
13407	55
13408	47
13409	49
13410	46
13411	44
13412	45
13413	40
13414	49
13415	53
13416	39
13417	49
13418	53
13419	47
13420	41
13421	43
13422	42
13423	42
13424	44
13425	42
13426	40
13427	39
13428	53
13429	43
13430	36
13431	53
13432	51
13433	40
13434	43
13435	48
13436	26
13437	56
13438	42
13439	36
13440	51
13441	56
13442	37
13443	47
13444	46
13445	37
13446	54
13447	48
13448	46
13449	48
13450	47
13451	51
13452	36
13453	48
13454	61
13455	49
13456	48
13457	46
13458	46
13459	35
13460	40
13461	52
13462	45
13463	43
13464	54
13465	42
13466	50
13467	42
13468	53
13469	51
13470	58
13471	38
13472	47
13473	42
13474	47
13475	59
13476	50
13477	37
13478	48
13479	44
13480	44
13481	41
13482	35
13483	43
13484	45
13485	53
13486	48
13487	42
13488	44
13489	62
13490	49
13491	47
13492	37
13493	52
13494	42
13495	36
13496	48
13497	49
13498	58
13499	52
13500	41
13501	44
13502	45
13503	41
13504	41
13505	49
13506	59
13507	52
13508	43
13509	31
13510	49
13511	40
13512	50
13513	52
13514	47
13515	38
13516	49
13517	46
13518	47
13519	65
13520	41
13521	47
13522	43
13523	46
13524	48
13525	55
13526	62
13527	49
13528	47
13529	43
13530	51
13531	59
13532	43
13533	54
13534	39
13535	35
13536	42
13537	44
13538	55
13539	45
13540	43
13541	33
13542	40
13543	43
13544	30
13545	49
13546	53
13547	44
13548	42
13549	46
13550	41
13551	42
13552	46
13553	41
13554	30
13555	50
13556	49
13557	48
13558	35
13559	46
13560	47
13561	46
13562	43
13563	55
13564	41
13565	50
13566	46
13567	43
13568	42
13569	61
13570	42
13571	45
13572	55
13573	54
13574	53
13575	54
13576	43
13577	34
13578	46
13579	45
13580	47
13581	64
13582	45
13583	43
13584	44
13585	45
13586	45
13587	39
13588	48
13589	50
13590	44
13591	39
13592	57
13593	55
13594	35
13595	61
13596	51
13597	45
13598	41
13599	32
13600	39
13601	47
13602	47
13603	49
13604	49
13605	45
13606	57
13607	44
13608	52
13609	37
13610	48
13611	43
13612	57
13613	58
13614	36
13615	59
13616	47
13617	60
13618	57
13619	44
13620	36
13621	43
13622	38
13623	47
13624	39
13625	39
13626	50
13627	39
13628	52
13629	39
13630	38
13631	47
13632	34
13633	59
13634	39
13635	50
13636	41
13637	45
13638	48
13639	41
13640	43
13641	51
13642	52
13643	37
13644	49
13645	45
13646	53
13647	45
13648	51
13649	38
13650	44
13651	40
13652	45
13653	49
13654	43
13655	29
13656	50
13657	63
13658	45
13659	44
13660	37
13661	52
13662	48
13663	50
13664	65
13665	47
13666	44
13667	56
13668	45
13669	46
13670	48
13671	47
13672	58
13673	41
13674	38
13675	45
13676	47
13677	39
13678	41
13679	48
13680	38
13681	51
13682	56
13683	51
13684	47
13685	44
13686	54
13687	52
13688	51
13689	55
13690	39
13691	49
13692	49
13693	52
13694	46
13695	49
13696	54
13697	47
13698	47
13699	48
13700	52
13701	41
13702	56
13703	52
13704	44
13705	44
13706	54
13707	41
13708	45
13709	49
13710	41
13711	60
13712	44
13713	40
13714	39
13715	68
13716	50
13717	39
13718	49
13719	43
13720	55
13721	43
13722	57
13723	39
13724	50
13725	37
13726	49
13727	51
13728	49
13729	36
13730	50
13731	50
13732	41
13733	51
13734	39
13735	48
13736	44
13737	42
13738	60
13739	44
13740	47
13741	42
13742	44
13743	46
13744	64
13745	50
13746	38
13747	41
13748	50
13749	47
13750	49
13751	52
13752	46
13753	43
13754	39
13755	35
13756	48
13757	51
13758	35
13759	49
13760	46
13761	55
13762	46
13763	63
13764	49
13765	57
13766	54
13767	60
13768	57
13769	39
13770	40
13771	41
13772	46
13773	50
13774	54
13775	54
13776	58
13777	46
13778	46
13779	50
13780	50
13781	54
13782	53
13783	54
13784	58
13785	57
13786	51
13787	60
13788	49
13789	63
13790	47
13791	48
13792	56
13793	35
13794	55
13795	45
13796	53
13797	51
13798	42
13799	42
13800	42
13801	38
13802	58
13803	52
13804	40
13805	43
13806	53
13807	45
13808	50
13809	58
13810	45
13811	40
13812	47
13813	48
13814	54
13815	52
13816	50
13817	54
13818	53
13819	64
13820	37
13821	49
13822	48
13823	38
13824	53
13825	44
13826	49
13827	49
13828	38
13829	45
13830	49
13831	55
13832	40
13833	47
13834	44
13835	44
13836	51
13837	36
13838	53
13839	35
13840	56
13841	48
13842	53
13843	52
13844	62
13845	44
13846	44
13847	54
13848	41
13849	40
13850	51
13851	49
13852	45
13853	46
13854	41
13855	50
13856	37
13857	58
13858	58
13859	30
13860	51
13861	44
13862	41
13863	57
13864	38
13865	39
13866	59
13867	46
13868	35
13869	43
13870	39
13871	51
13872	36
13873	48
13874	51
13875	39
13876	50
13877	51
13878	46
13879	46
13880	55
13881	41
13882	43
13883	40
13884	60
13885	45
13886	54
13887	46
13888	56
13889	41
13890	50
13891	39
13892	60
13893	42
13894	50
13895	41
13896	47
13897	58
13898	43
13899	50
13900	55
13901	51
13902	41
13903	47
13904	48
13905	52
13906	47
13907	37
13908	34
13909	50
13910	52
13911	49
13912	50
13913	44
13914	46
13915	41
13916	48
13917	54
13918	40
13919	49
13920	40
13921	47
13922	54
13923	46
13924	50
13925	54
13926	54
13927	43
13928	41
13929	44
13930	56
13931	54
13932	56
13933	39
13934	41
13935	50
13936	33
13937	52
13938	45
13939	53
13940	52
13941	51
13942	45
13943	47
13944	42
13945	49
13946	47
13947	56
13948	42
13949	43
13950	48
13951	42
13952	53
13953	36
13954	56
13955	33
13956	47
13957	46
13958	44
13959	52
13960	52
13961	47
13962	37
13963	60
13964	50
13965	46
13966	58
13967	47
13968	49
13969	51
13970	48
13971	48
13972	49
13973	49
13974	45
13975	47
13976	57
13977	53
13978	40
13979	40
13980	33
13981	41
13982	52
13983	43
13984	39
13985	53
13986	41
13987	42
13988	39
13989	58
13990	44
13991	44
13992	41
13993	55
13994	63
13995	39
13996	43
13997	47
13998	52
13999	45
14000	58
14001	44
14002	46
14003	41
14004	49
14005	55
14006	51
14007	46
14008	62
14009	48
14010	43
14011	42
14012	43
14013	49
14014	48
14015	38
14016	42
14017	39
14018	27
14019	38
14020	54
14021	44
14022	50
14023	32
14024	47
14025	46
14026	37
14027	48
14028	40
14029	37
14030	56
14031	31
14032	56
14033	39
14034	50
14035	36
14036	61
14037	47
14038	45
14039	45
14040	45
14041	37
14042	42
14043	58
14044	50
14045	61
14046	44
14047	45
14048	39
14049	37
14050	56
14051	45
14052	48
14053	44
14054	53
14055	40
14056	42
14057	58
14058	51
14059	51
14060	35
14061	51
14062	47
14063	41
14064	39
14065	48
14066	47
14067	50
14068	45
14069	56
14070	47
14071	37
14072	71
14073	55
14074	42
14075	46
14076	43
14077	44
14078	48
14079	49
14080	42
14081	47
14082	39
14083	53
14084	49
14085	51
14086	55
14087	38
14088	46
14089	47
14090	48
14091	52
14092	58
14093	38
14094	49
14095	60
14096	37
14097	49
14098	56
14099	36
14100	36
14101	47
14102	45
14103	48
14104	51
14105	48
14106	62
14107	53
14108	44
14109	38
14110	57
14111	47
14112	51
14113	39
14114	50
14115	44
14116	49
14117	43
14118	56
14119	51
14120	44
14121	35
14122	48
14123	36
14124	52
14125	41
14126	50
14127	56
14128	47
14129	47
14130	37
14131	43
14132	35
14133	43
14134	54
14135	37
14136	38
14137	36
14138	43
14139	45
14140	55
14141	53
14142	48
14143	51
14144	41
14145	43
14146	43
14147	44
14148	53
14149	38
14150	39
14151	66
14152	46
14153	34
14154	59
14155	45
14156	52
14157	41
14158	43
14159	50
14160	57
14161	52
14162	57
14163	40
14164	43
14165	49
14166	43
14167	48
14168	46
14169	51
14170	53
14171	51
14172	47
14173	43
14174	44
14175	43
14176	42
14177	47
14178	37
14179	57
14180	54
14181	45
14182	37
14183	46
14184	56
14185	49
14186	56
14187	54
14188	41
14189	45
14190	46
14191	52
14192	43
14193	54
14194	51
14195	62
14196	50
14197	35
14198	48
14199	45
14200	40
14201	35
14202	50
14203	45
14204	37
14205	42
14206	46
14207	42
14208	49
14209	39
14210	56
14211	38
14212	46
14213	43
14214	36
14215	55
14216	47
14217	40
14218	37
14219	53
14220	45
14221	45
14222	44
14223	59
14224	40
14225	42
14226	42
14227	42
14228	51
14229	57
14230	45
14231	60
14232	54
14233	38
14234	50
14235	47
14236	72
14237	54
14238	55
14239	43
14240	45
14241	49
14242	48
14243	57
14244	45
14245	44
14246	43
14247	51
14248	47
14249	53
14250	50
14251	40
14252	44
14253	44
14254	50
14255	49
14256	41
14257	46
14258	47
14259	39
14260	42
14261	52
14262	44
14263	47
14264	44
14265	42
14266	38
14267	37
14268	42
14269	41
14270	48
14271	45
14272	41
14273	46
14274	38
14275	46
14276	48
14277	58
14278	49
14279	64
14280	47
14281	51
14282	43
14283	48
14284	53
14285	44
14286	45
14287	52
14288	45
14289	50
14290	53
14291	57
14292	45
14293	47
14294	47
14295	40
14296	53
14297	44
14298	54
14299	45
14300	37
14301	47
14302	39
14303	57
14304	44
14305	54
14306	49
14307	56
14308	51
14309	41
14310	55
14311	56
14312	46
14313	41
14314	46
14315	49
14316	42
14317	30
14318	43
14319	47
14320	49
14321	54
14322	43
14323	51
14324	50
14325	53
14326	63
14327	38
14328	49
14329	44
14330	59
14331	51
14332	47
14333	37
14334	39
14335	44
14336	53
14337	38
14338	44
14339	46
14340	55
14341	38
14342	44
14343	59
14344	52
14345	46
14346	40
14347	49
14348	44
14349	40
14350	50
14351	58
14352	46
14353	54
14354	45
14355	63
14356	52
14357	47
14358	44
14359	47
14360	60
14361	51
14362	55
14363	58
14364	59
14365	61
14366	51
14367	47
14368	40
14369	44
14370	49
14371	39
14372	48
14373	49
14374	44
14375	39
14376	44
14377	44
14378	56
14379	44
14380	43
14381	43
14382	34
14383	56
14384	53
14385	45
14386	44
14387	49
14388	47
14389	49
14390	41
14391	35
14392	55
14393	39
14394	53
14395	53
14396	40
14397	42
14398	50
14399	51
14400	51
14401	42
14402	43
14403	50
14404	43
14405	42
14406	52
14407	52
14408	61
14409	51
14410	40
14411	54
14412	40
14413	46
14414	54
14415	49
14416	58
14417	42
14418	55
14419	45
14420	37
14421	46
14422	43
14423	41
14424	47
14425	42
14426	49
14427	47
14428	42
14429	53
14430	39
14431	44
14432	50
14433	53
14434	44
14435	50
14436	48
14437	45
14438	40
14439	52
14440	41
14441	35
14442	50
14443	45
14444	52
14445	44
14446	44
14447	51
14448	47
14449	52
14450	34
14451	37
14452	48
14453	31
14454	38
14455	43
14456	37
14457	44
14458	46
14459	49
14460	47
14461	49
14462	40
14463	59
14464	60
14465	50
14466	47
14467	54
14468	43
14469	42
14470	45
14471	47
14472	45
14473	44
14474	57
14475	56
14476	56
14477	37
14478	44
14479	60
14480	45
14481	47
14482	52
14483	50
14484	51
14485	45
14486	44
14487	40
14488	41
14489	37
14490	51
14491	57
14492	46
14493	44
14494	44
14495	45
14496	62
14497	49
14498	46
14499	52
14500	51
14501	46
14502	43
14503	48
14504	49
14505	46
14506	46
14507	40
14508	44
14509	44
14510	50
14511	48
14512	43
14513	56
14514	53
14515	59
14516	41
14517	46
14518	40
14519	51
14520	44
14521	50
14522	50
14523	50
14524	46
14525	51
14526	44
14527	52
14528	42
14529	43
14530	34
14531	50
14532	49
14533	44
14534	44
14535	52
14536	46
14537	52
14538	52
14539	39
14540	49
14541	41
14542	45
14543	47
14544	49
14545	58
14546	32
14547	41
14548	33
14549	47
14550	40
14551	35
14552	37
14553	42
14554	44
14555	47
14556	49
14557	41
14558	40
14559	44
14560	42
14561	38
14562	51
14563	60
14564	54
14565	41
14566	42
14567	65
14568	37
14569	42
14570	41
14571	42
14572	44
14573	47
14574	51
14575	47
14576	42
14577	43
14578	56
14579	52
14580	38
14581	36
14582	49
14583	41
14584	53
14585	57
14586	50
14587	50
14588	46
14589	51
14590	40
14591	66
14592	42
14593	44
14594	42
14595	49
14596	40
14597	53
14598	49
14599	47
14600	43
14601	53
14602	47
14603	60
14604	50
14605	49
14606	41
14607	55
14608	53
14609	51
14610	35
14611	61
14612	49
14613	45
14614	47
14615	43
14616	53
14617	51
14618	42
14619	46
14620	46
14621	56
14622	36
14623	59
14624	50
14625	53
14626	45
14627	49
14628	33
14629	45
14630	41
14631	45
14632	54
14633	40
14634	53
14635	52
14636	43
14637	57
14638	57
14639	49
14640	40
14641	36
14642	37
14643	50
14644	44
14645	50
14646	48
14647	52
14648	45
14649	48
14650	43
14651	47
14652	41
14653	59
14654	43
14655	40
14656	38
14657	48
14658	50
14659	48
14660	52
14661	52
14662	49
14663	53
14664	53
14665	53
14666	46
14667	43
14668	47
14669	45
14670	44
14671	44
14672	56
14673	46
14674	64
14675	40
14676	60
14677	49
14678	50
14679	62
14680	31
14681	62
14682	43
14683	44
14684	36
14685	43
14686	51
14687	54
14688	40
14689	64
14690	50
14691	39
14692	40
14693	41
14694	41
14695	43
14696	71
14697	45
14698	58
14699	44
14700	59
14701	39
14702	46
14703	48
14704	44
14705	54
14706	54
14707	65
14708	53
14709	56
14710	48
14711	44
14712	54
14713	45
14714	58
14715	45
14716	38
14717	46
14718	52
14719	41
14720	52
14721	43
14722	44
14723	49
14724	51
14725	48
14726	47
14727	45
14728	44
14729	50
14730	39
14731	57
14732	43
14733	58
14734	58
14735	53
14736	48
14737	41
14738	56
14739	51
14740	35
14741	46
14742	51
14743	65
14744	47
14745	51
14746	47
14747	47
14748	45
14749	41
14750	57
14751	47
14752	40
14753	48
14754	43
14755	43
14756	61
14757	37
14758	39
14759	47
14760	55
14761	51
14762	42
14763	42
14764	55
14765	54
14766	58
14767	54
14768	49
14769	53
14770	50
14771	39
14772	40
14773	48
14774	56
14775	58
14776	42
14777	58
14778	59
14779	43
14780	56
14781	61
14782	39
14783	38
14784	35
14785	41
14786	44
14787	47
14788	45
14789	57
14790	56
14791	45
14792	40
14793	48
14794	53
14795	49
14796	54
14797	45
14798	40
14799	40
14800	61
14801	35
14802	34
14803	47
14804	56
14805	47
14806	41
14807	56
14808	59
14809	54
14810	41
14811	35
14812	53
14813	53
14814	40
14815	47
14816	51
14817	54
14818	54
14819	55
14820	51
14821	51
14822	37
14823	53
14824	46
14825	58
14826	53
14827	37
14828	43
14829	44
14830	39
14831	41
14832	53
14833	45
14834	52
14835	46
14836	55
14837	53
14838	53
14839	50
14840	53
14841	31
14842	42
14843	43
14844	41
14845	56
14846	52
14847	38
14848	46
14849	43
14850	45
14851	47
14852	52
14853	49
14854	49
14855	44
14856	43
14857	42
14858	49
14859	46
14860	39
14861	39
14862	46
14863	44
14864	50
14865	46
14866	48
14867	45
14868	46
14869	46
14870	46
14871	45
14872	39
14873	52
14874	51
14875	44
14876	43
14877	58
14878	54
14879	52
14880	39
14881	45
14882	45
14883	47
14884	36
14885	50
14886	50
14887	59
14888	37
14889	49
14890	50
14891	44
14892	50
14893	45
14894	50
14895	53
14896	49
14897	54
14898	54
14899	53
14900	55
14901	45
14902	44
14903	58
14904	48
14905	40
14906	50
14907	47
14908	57
14909	44
14910	43
14911	33
14912	50
14913	64
14914	39
14915	44
14916	58
14917	46
14918	53
14919	33
14920	47
14921	54
14922	45
14923	53
14924	43
14925	38
14926	64
14927	37
14928	40
14929	62
14930	47
14931	41
14932	48
14933	38
14934	45
14935	50
14936	51
14937	48
14938	42
14939	39
14940	37
14941	37
14942	41
14943	48
14944	45
14945	43
14946	60
14947	54
14948	57
14949	50
14950	35
14951	52
14952	42
14953	48
14954	37
14955	33
14956	43
14957	34
14958	56
14959	52
14960	49
14961	37
14962	45
14963	54
14964	62
14965	43
14966	56
14967	56
14968	57
14969	45
14970	48
14971	64
14972	50
14973	45
14974	53
14975	50
14976	45
14977	46
14978	51
14979	57
14980	46
14981	45
14982	49
14983	54
14984	42
14985	43
14986	48
14987	46
14988	47
14989	41
14990	63
14991	50
14992	51
14993	51
14994	56
14995	40
14996	50
14997	38
14998	58
14999	58
15000	38
15001	51
15002	48
15003	55
15004	51
15005	41
15006	45
15007	41
15008	49
15009	50
15010	42
15011	53
15012	46
15013	46
15014	45
15015	33
15016	53
15017	44
15018	57
15019	39
15020	44
15021	54
15022	50
15023	57
15024	45
15025	48
15026	48
15027	51
15028	52
15029	43
15030	43
15031	51
15032	62
15033	47
15034	52
15035	46
15036	45
15037	46
15038	50
15039	49
15040	50
15041	53
15042	47
15043	48
15044	53
15045	35
15046	51
15047	53
15048	45
15049	44
15050	34
15051	49
15052	54
15053	49
15054	38
15055	69
15056	46
15057	56
15058	51
15059	55
15060	50
15061	39
15062	54
15063	48
15064	39
15065	63
15066	55
15067	47
15068	69
15069	51
15070	53
15071	60
15072	55
15073	56
15074	37
15075	42
15076	57
15077	56
15078	57
15079	36
15080	44
15081	58
15082	36
15083	44
15084	49
15085	52
15086	66
15087	38
15088	52
15089	55
15090	42
15091	44
15092	55
15093	35
15094	44
15095	50
15096	49
15097	40
15098	31
15099	54
15100	54
15101	49
15102	54
15103	61
15104	48
15105	47
15106	45
15107	40
15108	44
15109	46
15110	45
15111	43
15112	37
15113	58
15114	54
15115	48
15116	48
15117	53
15118	39
15119	59
15120	41
15121	31
15122	50
15123	42
15124	48
15125	47
15126	46
15127	41
15128	45
15129	48
15130	34
15131	46
15132	60
15133	62
15134	44
15135	46
15136	50
15137	46
15138	42
15139	45
15140	44
15141	44
15142	38
15143	49
15144	59
15145	51
15146	56
15147	41
15148	49
15149	41
15150	48
15151	43
15152	42
15153	47
15154	56
15155	47
15156	35
15157	48
15158	43
15159	46
15160	60
15161	43
15162	41
15163	45
15164	57
15165	54
15166	52
15167	47
15168	39
15169	46
15170	47
15171	48
15172	33
15173	41
15174	40
15175	47
15176	45
15177	54
15178	51
15179	36
15180	49
15181	50
15182	37
15183	61
15184	44
15185	56
15186	40
15187	42
15188	54
15189	54
15190	62
15191	50
15192	41
15193	50
15194	53
15195	58
15196	68
15197	43
15198	54
15199	48
15200	51
15201	39
15202	48
15203	54
15204	43
15205	54
15206	53
15207	65
15208	49
15209	63
15210	43
15211	52
15212	55
15213	50
15214	54
15215	47
15216	49
15217	37
15218	46
15219	33
15220	38
15221	55
15222	42
15223	49
15224	39
15225	46
15226	55
15227	45
15228	54
15229	39
15230	38
15231	50
15232	50
15233	48
15234	36
15235	65
15236	61
15237	47
15238	50
15239	39
15240	39
15241	59
15242	37
15243	34
15244	42
15245	38
15246	36
15247	35
15248	47
15249	49
15250	48
15251	51
15252	54
15253	42
15254	61
15255	50
15256	38
15257	36
15258	63
15259	48
15260	49
15261	46
15262	48
15263	51
15264	45
15265	60
15266	52
15267	42
15268	58
15269	45
15270	61
15271	55
15272	38
15273	42
15274	38
15275	52
15276	42
15277	37
15278	51
15279	52
15280	46
15281	55
15282	52
15283	50
15284	54
15285	29
15286	32
15287	45
15288	53
15289	51
15290	30
15291	40
15292	48
15293	53
15294	48
15295	58
15296	43
15297	54
15298	44
15299	50
15300	53
15301	43
15302	48
15303	42
15304	44
15305	55
15306	38
15307	50
15308	55
15309	52
15310	52
15311	48
15312	47
15313	34
15314	55
15315	49
15316	55
15317	42
15318	39
15319	51
15320	48
15321	47
15322	36
15323	49
15324	52
15325	42
15326	48
15327	49
15328	60
15329	42
15330	43
15331	41
15332	56
15333	46
15334	42
15335	47
15336	42
15337	57
15338	43
15339	54
15340	59
15341	56
15342	47
15343	38
15344	55
15345	60
15346	52
15347	48
15348	61
15349	40
15350	50
15351	54
15352	53
15353	44
15354	51
15355	46
15356	48
15357	48
15358	57
15359	43
15360	53
15361	38
15362	54
15363	56
15364	50
15365	54
15366	40
15367	49
15368	54
15369	57
15370	40
15371	37
15372	38
15373	58
15374	47
15375	48
15376	57
15377	43
15378	41
15379	46
15380	51
15381	45
15382	43
15383	45
15384	58
15385	41
15386	44
15387	43
15388	51
15389	50
15390	52
15391	47
15392	42
15393	50
15394	49
15395	49
15396	43
15397	37
15398	51
15399	55
15400	40
15401	46
15402	49
15403	42
15404	35
15405	45
15406	63
15407	46
15408	44
15409	50
15410	38
15411	34
15412	46
15413	47
15414	50
15415	42
15416	39
15417	56
15418	35
15419	48
15420	52
15421	39
15422	46
15423	48
15424	39
15425	47
15426	54
15427	46
15428	47
15429	45
15430	56
15431	53
15432	48
15433	49
15434	47
15435	43
15436	42
15437	37
15438	36
15439	46
15440	48
15441	48
15442	46
15443	55
15444	51
15445	57
15446	49
15447	44
15448	53
15449	51
15450	47
15451	54
15452	38
15453	40
15454	44
15455	36
15456	56
15457	44
15458	51
15459	42
15460	41
15461	42
15462	43
15463	52
15464	41
15465	54
15466	41
15467	57
15468	39
15469	49
15470	55
15471	57
15472	47
15473	53
15474	61
15475	49
15476	54
15477	47
15478	38
15479	37
15480	47
15481	40
15482	56
15483	37
15484	52
15485	51
15486	52
15487	49
15488	43
15489	51
15490	48
15491	69
15492	42
15493	50
15494	51
15495	48
15496	52
15497	59
15498	58
15499	56
15500	50
15501	52
15502	45
15503	52
15504	48
15505	48
15506	35
15507	45
15508	45
15509	43
15510	32
15511	48
15512	40
15513	54
15514	66
15515	44
15516	49
15517	51
15518	45
15519	55
15520	57
15521	32
15522	45
15523	40
15524	42
15525	50
15526	64
15527	38
15528	43
15529	59
15530	40
15531	34
15532	41
15533	37
15534	56
15535	60
15536	48
15537	48
15538	38
15539	41
15540	57
15541	30
15542	51
15543	58
15544	45
15545	48
15546	49
15547	53
15548	44
15549	47
15550	44
15551	52
15552	47
15553	54
15554	53
15555	47
15556	61
15557	53
15558	67
15559	45
15560	44
15561	49
15562	38
15563	36
15564	42
15565	44
15566	38
15567	48
15568	45
15569	43
15570	49
15571	49
15572	38
15573	45
15574	43
15575	44
15576	52
15577	45
15578	39
15579	50
15580	41
15581	46
15582	39
15583	45
15584	38
15585	52
15586	60
15587	46
15588	47
15589	56
15590	61
15591	50
15592	39
15593	43
15594	52
15595	48
15596	45
15597	56
15598	48
15599	57
15600	52
15601	53
15602	48
15603	37
15604	48
15605	43
15606	50
15607	41
15608	45
15609	53
15610	48
15611	44
15612	46
15613	47
15614	42
15615	44
15616	49
15617	60
15618	44
15619	32
15620	50
15621	44
15622	49
15623	57
15624	51
15625	50
15626	48
15627	45
15628	81
15629	46
15630	43
15631	47
15632	48
15633	54
15634	41
15635	49
15636	59
15637	46
15638	43
15639	36
15640	44
15641	53
15642	54
15643	48
15644	39
15645	35
15646	49
15647	45
15648	59
15649	57
15650	43
15651	39
15652	63
15653	50
15654	44
15655	41
15656	44
15657	51
15658	50
15659	47
15660	50
15661	41
15662	53
15663	38
15664	44
15665	55
15666	65
15667	50
15668	41
15669	57
15670	67
15671	64
15672	49
15673	47
15674	50
15675	48
15676	45
15677	51
15678	53
15679	46
15680	57
15681	36
15682	42
15683	46
15684	48
15685	47
15686	38
15687	40
15688	49
15689	58
15690	55
15691	58
15692	58
15693	48
15694	57
15695	49
15696	51
15697	49
15698	55
15699	59
15700	48
15701	45
15702	44
15703	45
15704	60
15705	42
15706	53
15707	52
15708	57
15709	45
15710	58
15711	60
15712	42
15713	54
15714	45
15715	41
15716	52
15717	43
15718	46
15719	48
15720	48
15721	49
15722	42
15723	48
15724	47
15725	37
15726	50
15727	44
15728	36
15729	52
15730	55
15731	32
15732	47
15733	47
15734	48
15735	61
15736	47
15737	49
15738	48
15739	54
15740	68
15741	48
15742	40
15743	49
15744	47
15745	41
15746	48
15747	37
15748	42
15749	46
15750	46
15751	43
15752	43
15753	56
15754	46
15755	46
15756	53
15757	46
15758	61
15759	45
15760	40
15761	55
15762	47
15763	51
15764	50
15765	45
15766	50
15767	49
15768	39
15769	46
15770	41
15771	43
15772	55
15773	51
15774	41
15775	49
15776	43
15777	43
15778	47
15779	48
15780	43
15781	54
15782	47
15783	53
15784	40
15785	46
15786	43
15787	43
15788	58
15789	37
15790	52
15791	54
15792	39
15793	37
15794	54
15795	51
15796	50
15797	56
15798	46
15799	56
15800	54
15801	47
15802	40
15803	55
15804	48
15805	48
15806	45
15807	45
15808	49
15809	50
15810	54
15811	53
15812	45
15813	47
15814	43
15815	51
15816	53
15817	47
15818	49
15819	42
15820	41
15821	49
15822	45
15823	58
15824	45
15825	50
15826	45
15827	41
15828	42
15829	47
15830	50
15831	49
15832	54
15833	37
15834	42
15835	44
15836	43
15837	49
15838	47
15839	35
15840	49
15841	42
15842	40
15843	54
15844	44
15845	38
15846	45
15847	42
15848	44
15849	42
15850	48
15851	48
15852	41
15853	48
15854	59
15855	51
15856	45
15857	56
15858	44
15859	52
15860	43
15861	51
15862	50
15863	53
15864	50
15865	39
15866	44
15867	52
15868	56
15869	55
15870	50
15871	49
15872	30
15873	40
15874	49
15875	38
15876	63
15877	35
15878	51
15879	50
15880	40
15881	51
15882	63
15883	65
15884	42
15885	54
15886	46
15887	50
15888	37
15889	44
15890	42
15891	43
15892	43
15893	51
15894	45
15895	47
15896	52
15897	39
15898	37
15899	55
15900	52
15901	40
15902	48
15903	35
15904	50
15905	42
15906	35
15907	41
15908	44
15909	44
15910	60
15911	44
15912	46
15913	53
15914	52
15915	54
15916	41
15917	64
15918	43
15919	61
15920	48
15921	55
15922	47
15923	58
15924	40
15925	41
15926	48
15927	52
15928	38
15929	38
15930	50
15931	46
15932	45
15933	48
15934	46
15935	50
15936	39
15937	47
15938	53
15939	52
15940	47
15941	42
15942	55
15943	60
15944	43
15945	38
15946	47
15947	48
15948	43
15949	43
15950	45
15951	53
15952	41
15953	41
15954	40
15955	48
15956	40
15957	53
15958	49
15959	41
15960	49
15961	47
15962	63
15963	51
15964	55
15965	36
15966	58
15967	38
15968	42
15969	49
15970	65
15971	39
15972	60
15973	52
15974	57
15975	31
15976	51
15977	44
15978	49
15979	51
15980	42
15981	41
15982	52
15983	44
15984	50
15985	46
15986	47
15987	43
15988	55
15989	50
15990	40
15991	35
15992	47
15993	41
15994	46
15995	47
15996	41
15997	29
15998	41
15999	50
16000	49
16001	44
16002	38
16003	56
16004	44
16005	44
16006	61
16007	51
16008	35
16009	37
16010	45
16011	63
16012	53
16013	47
16014	37
16015	41
16016	47
16017	45
16018	47
16019	46
16020	44
16021	45
16022	45
16023	38
16024	62
16025	54
16026	56
16027	46
16028	54
16029	43
16030	52
16031	44
16032	37
16033	55
16034	62
16035	44
16036	49
16037	42
16038	50
16039	42
16040	39
16041	56
16042	62
16043	42
16044	40
16045	58
16046	50
16047	41
16048	51
16049	56
16050	41
16051	46
16052	51
16053	46
16054	44
16055	35
16056	47
16057	42
16058	51
16059	36
16060	66
16061	48
16062	45
16063	52
16064	44
16065	54
16066	42
16067	51
16068	54
16069	50
16070	48
16071	42
16072	44
16073	50
16074	53
16075	51
16076	49
16077	38
16078	40
16079	42
16080	53
16081	40
16082	39
16083	45
16084	41
16085	54
16086	47
16087	68
16088	35
16089	48
16090	48
16091	35
16092	44
16093	38
16094	47
16095	43
16096	38
16097	54
16098	53
16099	43
16100	57
16101	60
16102	43
16103	43
16104	62
16105	44
16106	57
16107	42
16108	54
16109	33
16110	42
16111	49
16112	46
16113	45
16114	52
16115	46
16116	48
16117	54
16118	52
16119	55
16120	49
16121	40
16122	47
16123	50
16124	41
16125	44
16126	34
16127	44
16128	42
16129	45
16130	42
16131	46
16132	45
16133	34
16134	43
16135	51
16136	53
16137	52
16138	55
16139	54
16140	51
16141	43
16142	48
16143	32
16144	53
16145	36
16146	48
16147	49
16148	46
16149	67
16150	43
16151	41
16152	54
16153	39
16154	45
16155	39
16156	45
16157	41
16158	36
16159	34
16160	35
16161	42
16162	52
16163	45
16164	41
16165	46
16166	40
16167	47
16168	37
16169	46
16170	48
16171	52
16172	45
16173	56
16174	32
16175	44
16176	49
16177	44
16178	44
16179	36
16180	44
16181	45
16182	43
16183	39
16184	44
16185	59
16186	41
16187	62
16188	41
16189	47
16190	46
16191	49
16192	47
16193	36
16194	43
16195	39
16196	42
16197	47
16198	37
16199	51
16200	40
16201	47
16202	46
16203	43
16204	49
16205	43
16206	43
16207	51
16208	46
16209	39
16210	52
16211	47
16212	52
16213	50
16214	44
16215	31
16216	49
16217	54
16218	35
16219	45
16220	26
16221	48
16222	58
16223	46
16224	45
16225	53
16226	40
16227	40
16228	45
16229	46
16230	45
16231	39
16232	47
16233	52
16234	55
16235	55
16236	50
16237	49
16238	45
16239	47
16240	46
16241	41
16242	43
16243	47
16244	53
16245	39
16246	49
16247	57
16248	54
16249	44
16250	42
16251	42
16252	53
16253	50
16254	47
16255	39
16256	52
16257	44
16258	47
16259	45
16260	42
16261	38
16262	43
16263	53
16264	56
16265	35
16266	37
16267	50
16268	30
16269	46
16270	56
16271	60
16272	42
16273	40
16274	52
16275	49
16276	53
16277	43
16278	46
16279	47
16280	57
16281	46
16282	43
16283	40
16284	55
16285	33
16286	46
16287	52
16288	42
16289	45
16290	48
16291	38
16292	44
16293	44
16294	45
16295	60
16296	40
16297	44
16298	58
16299	40
16300	51
16301	51
16302	46
16303	51
16304	44
16305	46
16306	47
16307	52
16308	39
16309	58
16310	49
16311	52
16312	43
16313	45
16314	49
16315	47
16316	37
16317	50
16318	43
16319	37
16320	28
16321	50
16322	48
16323	57
16324	40
16325	41
16326	53
16327	43
16328	42
16329	45
16330	37
16331	44
16332	63
16333	42
16334	34
16335	54
16336	44
16337	53
16338	52
16339	36
16340	49
16341	49
16342	38
16343	43
16344	44
16345	39
16346	64
16347	59
16348	47
16349	48
16350	46
16351	50
16352	50
16353	58
16354	40
16355	42
16356	49
16357	51
16358	41
16359	48
16360	55
16361	50
16362	47
16363	42
16364	56
16365	43
16366	52
16367	38
16368	52
16369	48
16370	52
16371	48
16372	46
16373	49
16374	57
16375	46
16376	45
16377	50
16378	61
16379	48
16380	50
16381	42
16382	43
16383	38
16384	49
16385	42
16386	49
16387	39
16388	52
16389	52
16390	46
16391	49
16392	45
16393	42
16394	38
16395	44
16396	46
16397	50
16398	47
16399	43
16400	35
16401	50
16402	35
16403	44
16404	52
16405	34
16406	34
16407	47
16408	43
16409	67
16410	42
16411	51
16412	44
16413	45
16414	50
16415	56
16416	40
16417	37
16418	35
16419	37
16420	44
16421	43
16422	54
16423	51
16424	50
16425	44
16426	45
16427	46
16428	46
16429	51
16430	50
16431	51
16432	37
16433	43
16434	40
16435	43
16436	36
16437	41
16438	57
16439	48
16440	51
16441	47
16442	42
16443	47
16444	31
16445	55
16446	43
16447	48
16448	37
16449	39
16450	35
16451	44
16452	48
16453	36
16454	59
16455	57
16456	49
16457	42
16458	50
16459	58
16460	45
16461	51
16462	28
16463	48
16464	58
16465	40
16466	48
16467	58
16468	34
16469	50
16470	51
16471	59
16472	51
16473	46
16474	58
16475	43
16476	56
16477	41
16478	44
16479	43
16480	49
16481	56
16482	52
16483	56
16484	53
16485	53
16486	38
16487	59
16488	42
16489	52
16490	35
16491	48
16492	56
16493	54
16494	46
16495	49
16496	54
16497	51
16498	54
16499	53
16500	49
16501	47
16502	50
16503	46
16504	48
16505	51
16506	59
16507	60
16508	33
16509	56
16510	41
16511	47
16512	51
16513	39
16514	40
16515	45
16516	39
16517	44
16518	46
16519	50
16520	46
16521	46
16522	41
16523	56
16524	44
16525	48
16526	39
16527	43
16528	43
16529	43
16530	44
16531	46
16532	53
16533	43
16534	38
16535	47
16536	57
16537	42
16538	47
16539	31
16540	44
16541	50
16542	47
16543	45
16544	48
16545	55
16546	41
16547	43
16548	57
16549	35
16550	50
16551	45
16552	39
16553	47
16554	38
16555	53
16556	48
16557	42
16558	52
16559	51
16560	47
16561	33
16562	50
16563	49
16564	43
16565	51
16566	51
16567	53
16568	33
16569	53
16570	56
16571	56
16572	49
16573	36
16574	40
16575	46
16576	55
16577	50
16578	41
16579	36
16580	53
16581	43
16582	44
16583	57
16584	43
16585	52
16586	55
16587	59
16588	33
16589	51
16590	50
16591	40
16592	48
16593	36
16594	43
16595	52
16596	41
16597	72
16598	43
16599	51
16600	45
16601	44
16602	39
16603	45
16604	44
16605	42
16606	42
16607	34
16608	48
16609	46
16610	42
16611	36
16612	50
16613	38
16614	49
16615	48
16616	46
16617	55
16618	47
16619	58
16620	45
16621	35
16622	34
16623	49
16624	42
16625	44
16626	44
16627	53
16628	43
16629	41
16630	37
16631	55
16632	55
16633	54
16634	43
16635	36
16636	48
16637	40
16638	39
16639	41
16640	37
16641	36
16642	35
16643	61
16644	50
16645	52
16646	49
16647	45
16648	49
16649	34
16650	50
16651	45
16652	50
16653	49
16654	42
16655	52
16656	48
16657	49
16658	37
16659	38
16660	56
16661	45
16662	44
16663	52
16664	45
16665	49
16666	40
16667	44
16668	52
16669	44
16670	52
16671	48
16672	53
16673	47
16674	40
16675	52
16676	49
16677	50
16678	41
16679	52
16680	56
16681	46
16682	49
16683	41
16684	34
16685	45
16686	44
16687	51
16688	50
16689	66
16690	50
16691	51
16692	41
16693	51
16694	37
16695	49
16696	49
16697	43
16698	48
16699	43
16700	41
16701	42
16702	55
16703	44
16704	45
16705	41
16706	51
16707	49
16708	46
16709	46
16710	48
16711	59
16712	42
16713	35
16714	43
16715	53
16716	46
16717	45
16718	43
16719	60
16720	43
16721	37
16722	46
16723	39
16724	46
16725	45
16726	49
16727	43
16728	53
16729	50
16730	41
16731	48
16732	56
16733	40
16734	44
16735	50
16736	40
16737	35
16738	46
16739	46
16740	52
16741	46
16742	44
16743	50
16744	49
16745	41
16746	51
16747	33
16748	34
16749	46
16750	41
16751	42
16752	34
16753	47
16754	41
16755	35
16756	49
16757	38
16758	44
16759	36
16760	41
16761	53
16762	55
16763	44
16764	65
16765	49
16766	45
16767	51
16768	54
16769	42
16770	37
16771	50
16772	38
16773	35
16774	48
16775	43
16776	42
16777	52
16778	48
16779	53
16780	39
16781	49
16782	41
16783	47
16784	48
16785	37
16786	35
16787	59
16788	45
16789	35
16790	45
16791	38
16792	49
16793	49
16794	40
16795	48
16796	51
16797	47
16798	46
16799	47
16800	54
16801	42
16802	37
16803	33
16804	44
16805	53
16806	42
16807	44
16808	41
16809	37
16810	37
16811	52
16812	46
16813	45
16814	54
16815	39
16816	45
16817	50
16818	49
16819	50
16820	43
16821	52
16822	35
16823	51
16824	44
16825	48
16826	55
16827	43
16828	49
16829	34
16830	28
16831	45
16832	37
16833	41
16834	43
16835	57
16836	44
16837	51
16838	38
16839	55
16840	44
16841	48
16842	45
16843	46
16844	48
16845	39
16846	42
16847	48
16848	46
16849	35
16850	38
16851	59
16852	49
16853	53
16854	54
16855	45
16856	48
16857	29
16858	40
16859	40
16860	51
16861	53
16862	38
16863	42
16864	41
16865	32
16866	38
16867	39
16868	46
16869	40
16870	48
16871	45
16872	30
16873	61
16874	41
16875	49
16876	42
16877	55
16878	50
16879	55
16880	39
16881	49
16882	43
16883	44
16884	47
16885	48
16886	47
16887	38
16888	43
16889	51
16890	55
16891	51
16892	49
16893	27
16894	44
16895	44
16896	50
16897	43
16898	43
16899	43
16900	40
16901	49
16902	44
16903	54
16904	45
16905	47
16906	43
16907	44
16908	47
16909	52
16910	50
16911	43
16912	52
16913	34
16914	32
16915	46
16916	38
16917	49
16918	39
16919	34
16920	50
16921	51
16922	31
16923	56
16924	43
16925	41
16926	50
16927	33
16928	26
16929	54
16930	48
16931	39
16932	52
16933	31
16934	35
16935	57
16936	47
16937	52
16938	42
16939	53
16940	50
16941	35
16942	44
16943	49
16944	41
16945	40
16946	43
16947	59
16948	56
16949	46
16950	37
16951	38
16952	49
16953	42
16954	50
16955	36
16956	48
16957	53
16958	43
16959	53
16960	37
16961	42
16962	47
16963	38
16964	49
16965	48
16966	41
16967	51
16968	53
16969	57
16970	51
16971	34
16972	44
16973	60
16974	44
16975	37
16976	49
16977	53
16978	37
16979	48
16980	33
16981	45
16982	40
16983	46
16984	49
16985	52
16986	45
16987	42
16988	55
16989	40
16990	46
16991	44
16992	47
16993	43
16994	34
16995	40
16996	41
16997	59
16998	59
16999	47
17000	41
17001	36
17002	41
17003	38
17004	45
17005	52
17006	39
17007	33
17008	44
17009	51
17010	50
17011	34
17012	47
17013	42
17014	32
17015	43
17016	39
17017	46
17018	58
17019	47
17020	51
17021	46
17022	45
17023	56
17024	44
17025	34
17026	42
17027	51
17028	34
17029	42
17030	46
17031	54
17032	41
17033	42
17034	38
17035	32
17036	44
17037	41
17038	37
17039	38
17040	45
17041	51
17042	37
17043	39
17044	41
17045	52
17046	54
17047	43
17048	43
17049	44
17050	31
17051	49
17052	37
17053	35
17054	61
17055	46
17056	52
17057	41
17058	54
17059	35
17060	38
17061	44
17062	45
17063	43
17064	34
17065	45
17066	54
17067	38
17068	49
17069	36
17070	48
17071	43
17072	31
17073	49
17074	35
17075	38
17076	39
17077	41
17078	46
17079	46
17080	40
17081	44
17082	48
17083	54
17084	52
17085	37
17086	39
17087	49
17088	45
17089	50
17090	37
17091	45
17092	54
17093	49
17094	49
17095	48
17096	47
17097	38
17098	53
17099	39
17100	38
17101	56
17102	43
17103	48
17104	46
17105	40
17106	38
17107	41
17108	32
17109	45
17110	49
17111	32
17112	49
17113	46
17114	56
17115	36
17116	49
17117	38
17118	31
17119	41
17120	50
17121	43
17122	38
17123	46
17124	45
17125	51
17126	49
17127	43
17128	39
17129	45
17130	40
17131	40
17132	46
17133	53
17134	52
17135	42
17136	33
17137	44
17138	46
17139	51
17140	54
17141	44
17142	55
17143	44
17144	46
17145	44
17146	50
17147	46
17148	40
17149	42
17150	48
17151	52
17152	47
17153	42
17154	48
17155	37
17156	34
17157	48
17158	38
17159	45
17160	46
17161	53
17162	55
17163	42
17164	37
17165	55
17166	43
17167	46
17168	42
17169	48
17170	48
17171	42
17172	37
17173	33
17174	34
17175	49
17176	36
17177	60
17178	48
17179	47
17180	39
17181	46
17182	39
17183	45
17184	39
17185	52
17186	43
17187	39
17188	44
17189	38
17190	42
17191	52
17192	45
17193	39
17194	48
17195	41
17196	46
17197	53
17198	44
17199	53
17200	32
17201	43
17202	38
17203	39
17204	50
17205	40
17206	43
17207	43
17208	42
17209	38
17210	38
17211	47
17212	56
17213	36
17214	47
17215	43
17216	51
17217	49
17218	45
17219	47
17220	44
17221	45
17222	56
17223	48
17224	30
17225	49
17226	45
17227	43
17228	45
17229	45
17230	56
17231	42
17232	49
17233	41
17234	45
17235	46
17236	40
17237	51
17238	36
17239	57
17240	42
17241	44
17242	44
17243	38
17244	41
17245	38
17246	53
17247	49
17248	48
17249	31
17250	46
17251	46
17252	41
17253	48
17254	36
17255	44
17256	52
17257	51
17258	42
17259	46
17260	47
17261	41
17262	33
17263	41
17264	53
17265	47
17266	49
17267	39
17268	47
17269	49
17270	35
17271	28
17272	49
17273	50
17274	41
17275	46
17276	45
17277	48
17278	33
17279	46
17280	46
17281	49
17282	39
17283	41
17284	50
17285	40
17286	36
17287	38
17288	40
17289	42
17290	55
17291	57
17292	47
17293	39
17294	45
17295	39
17296	37
17297	41
17298	46
17299	43
17300	42
17301	41
17302	44
17303	40
17304	40
17305	42
17306	43
17307	38
17308	40
17309	49
17310	39
17311	47
17312	49
17313	42
17314	49
17315	54
17316	39
17317	56
17318	41
17319	48
17320	41
17321	44
17322	43
17323	36
17324	39
17325	48
17326	50
17327	43
17328	36
17329	43
17330	56
17331	41
17332	48
17333	49
17334	42
17335	49
17336	33
17337	42
17338	52
17339	36
17340	47
17341	39
17342	32
17343	47
17344	51
17345	36
17346	44
17347	59
17348	45
17349	47
17350	40
17351	43
17352	40
17353	50
17354	36
17355	52
17356	53
17357	43
17358	42
17359	45
17360	39
17361	35
17362	43
17363	48
17364	38
17365	32
17366	36
17367	52
17368	38
17369	40
17370	40
17371	44
17372	46
17373	34
17374	39
17375	49
17376	59
17377	37
17378	53
17379	46
17380	33
17381	45
17382	39
17383	36
17384	39
17385	40
17386	49
17387	46
17388	47
17389	44
17390	43
17391	49
17392	47
17393	38
17394	43
17395	46
17396	44
17397	42
17398	49
17399	46
17400	46
17401	44
17402	35
17403	52
17404	47
17405	43
17406	42
17407	39
17408	32
17409	52
17410	42
17411	30
17412	45
17413	40
17414	30
17415	46
17416	45
17417	53
17418	47
17419	42
17420	39
17421	44
17422	39
17423	53
17424	46
17425	41
17426	35
17427	35
17428	34
17429	37
17430	52
17431	57
17432	41
17433	43
17434	53
17435	36
17436	39
17437	48
17438	44
17439	42
17440	39
17441	35
17442	46
17443	35
17444	49
17445	50
17446	45
17447	37
17448	41
17449	35
17450	47
17451	46
17452	50
17453	40
17454	51
17455	42
17456	42
17457	45
17458	33
17459	43
17460	54
17461	34
17462	49
17463	39
17464	40
17465	43
17466	54
17467	42
17468	43
17469	44
17470	39
17471	52
17472	42
17473	37
17474	38
17475	44
17476	37
17477	49
17478	32
17479	42
17480	46
17481	44
17482	51
17483	37
17484	45
17485	60
17486	37
17487	33
17488	45
17489	46
17490	51
17491	49
17492	41
17493	37
17494	54
17495	45
17496	55
17497	37
17498	42
17499	28
17500	42
17501	36
17502	36
17503	33
17504	49
17505	53
17506	49
17507	47
17508	42
17509	41
17510	41
17511	34
17512	51
17513	46
17514	60
17515	50
17516	32
17517	42
17518	34
17519	31
17520	41
17521	45
17522	38
17523	44
17524	45
17525	50
17526	43
17527	50
17528	51
17529	41
17530	26
17531	56
17532	48
17533	42
17534	35
17535	36
17536	36
17537	48
17538	31
17539	51
17540	39
17541	38
17542	56
17543	41
17544	55
17545	35
17546	40
17547	55
17548	39
17549	43
17550	31
17551	48
17552	40
17553	46
17554	31
17555	43
17556	46
17557	48
17558	36
17559	42
17560	47
17561	43
17562	37
17563	44
17564	49
17565	43
17566	49
17567	42
17568	42
17569	40
17570	47
17571	46
17572	36
17573	42
17574	46
17575	45
17576	36
17577	30
17578	41
17579	42
17580	48
17581	55
17582	48
17583	40
17584	42
17585	45
17586	45
17587	50
17588	42
17589	34
17590	53
17591	46
17592	43
17593	51
17594	48
17595	45
17596	38
17597	36
17598	47
17599	40
17600	45
17601	53
17602	58
17603	42
17604	39
17605	41
17606	47
17607	35
17608	50
17609	46
17610	39
17611	45
17612	44
17613	31
17614	39
17615	39
17616	32
17617	43
17618	65
17619	50
17620	40
17621	41
17622	44
17623	37
17624	45
17625	37
17626	47
17627	41
17628	46
17629	43
17630	32
17631	53
17632	54
17633	45
17634	45
17635	43
17636	41
17637	48
17638	49
17639	40
17640	45
17641	55
17642	37
17643	34
17644	53
17645	48
17646	47
17647	36
17648	43
17649	44
17650	41
17651	40
17652	36
17653	47
17654	32
17655	49
17656	46
17657	52
17658	38
17659	50
17660	45
17661	48
17662	50
17663	43
17664	35
17665	38
17666	38
17667	56
17668	39
17669	38
17670	45
17671	37
17672	41
17673	44
17674	42
17675	57
17676	36
17677	41
17678	39
17679	44
17680	36
17681	47
17682	52
17683	51
17684	38
17685	54
17686	39
17687	49
17688	41
17689	38
17690	45
17691	51
17692	35
17693	40
17694	42
17695	43
17696	48
17697	35
17698	43
17699	41
17700	35
17701	50
17702	35
17703	39
17704	56
17705	43
17706	48
17707	49
17708	45
17709	44
17710	53
17711	44
17712	49
17713	36
17714	49
17715	32
17716	50
17717	47
17718	37
17719	49
17720	34
17721	53
17722	38
17723	51
17724	44
17725	33
17726	45
17727	31
17728	41
17729	52
17730	35
17731	46
17732	46
17733	57
17734	40
17735	38
17736	47
17737	47
17738	52
17739	37
17740	45
17741	47
17742	52
17743	36
17744	58
17745	44
17746	43
17747	40
17748	47
17749	36
17750	45
17751	48
17752	38
17753	42
17754	46
17755	44
17756	32
17757	40
17758	41
17759	47
17760	38
17761	48
17762	43
17763	41
17764	43
17765	39
17766	41
17767	39
17768	45
17769	38
17770	43
17771	41
17772	50
17773	42
17774	36
17775	31
17776	48
17777	46
17778	42
17779	47
17780	53
17781	33
17782	38
17783	47
17784	30
17785	42
17786	47
17787	48
17788	43
17789	39
17790	30
17791	32
17792	39
17793	33
17794	41
17795	40
17796	41
17797	39
17798	40
17799	44
17800	56
17801	53
17802	53
17803	31
17804	44
17805	52
17806	50
17807	45
17808	46
17809	54
17810	36
17811	36
17812	48
17813	37
17814	36
17815	30
17816	44
17817	42
17818	45
17819	49
17820	28
17821	43
17822	48
17823	50
17824	41
17825	33
17826	43
17827	47
17828	53
17829	46
17830	40
17831	31
17832	53
17833	48
17834	42
17835	46
17836	36
17837	44
17838	37
17839	48
17840	33
17841	37
17842	42
17843	30
17844	42
17845	28
17846	44
17847	55
17848	43
17849	45
17850	37
17851	57
17852	50
17853	37
17854	41
17855	56
17856	42
17857	37
17858	35
17859	40
17860	36
17861	45
17862	56
17863	46
17864	35
17865	46
17866	54
17867	39
17868	39
17869	48
17870	35
17871	38
17872	37
17873	32
17874	51
17875	48
17876	38
17877	44
17878	52
17879	53
17880	42
17881	42
17882	55
17883	45
17884	40
17885	38
17886	44
17887	50
17888	58
17889	46
17890	33
17891	44
17892	51
17893	41
17894	43
17895	52
17896	31
17897	38
17898	40
17899	35
17900	42
17901	41
17902	40
17903	42
17904	53
17905	44
17906	45
17907	39
17908	49
17909	31
17910	39
17911	38
17912	48
17913	49
17914	35
17915	48
17916	38
17917	31
17918	41
17919	33
17920	44
17921	40
17922	42
17923	42
17924	47
17925	34
17926	41
17927	36
17928	45
17929	47
17930	44
17931	32
17932	43
17933	42
17934	46
17935	48
17936	38
17937	51
17938	38
17939	45
17940	43
17941	38
17942	45
17943	36
17944	49
17945	34
17946	29
17947	42
17948	49
17949	43
17950	51
17951	39
17952	56
17953	38
17954	57
17955	26
17956	33
17957	42
17958	42
17959	40
17960	41
17961	39
17962	51
17963	40
17964	43
17965	35
17966	32
17967	32
17968	43
17969	42
17970	49
17971	31
17972	45
17973	44
17974	44
17975	39
17976	54
17977	43
17978	44
17979	47
17980	44
17981	33
17982	41
17983	46
17984	37
17985	41
17986	37
17987	32
17988	44
17989	34
17990	47
17991	39
17992	39
17993	41
17994	44
17995	36
17996	32
17997	50
17998	44
17999	41
18000	29
18001	34
18002	41
18003	52
18004	43
18005	39
18006	39
18007	57
18008	37
18009	41
18010	51
18011	53
18012	39
18013	56
18014	43
18015	40
18016	51
18017	41
18018	51
18019	40
18020	52
18021	41
18022	53
18023	45
18024	48
18025	38
18026	27
18027	43
18028	45
18029	44
18030	49
18031	44
18032	41
18033	46
18034	34
18035	35
18036	41
18037	50
18038	35
18039	46
18040	46
18041	29
18042	43
18043	51
18044	43
18045	45
18046	33
18047	42
18048	33
18049	37
18050	46
18051	47
18052	42
18053	36
18054	37
18055	45
18056	49
18057	43
18058	49
18059	36
18060	42
18061	59
18062	38
18063	30
18064	38
18065	30
18066	36
18067	45
18068	32
18069	33
18070	44
18071	30
18072	37
18073	37
18074	43
18075	46
18076	43
18077	43
18078	32
18079	40
18080	38
18081	37
18082	39
18083	43
18084	42
18085	36
18086	44
18087	37
18088	37
18089	37
18090	43
18091	33
18092	43
18093	36
18094	45
18095	47
18096	49
18097	34
18098	32
18099	41
18100	47
18101	42
18102	44
18103	42
18104	38
18105	37
18106	39
18107	39
18108	40
18109	42
18110	42
18111	29
18112	39
18113	41
18114	49
18115	29
18116	38
18117	42
18118	41
18119	49
18120	41
18121	27
18122	44
18123	38
18124	40
18125	40
18126	42
18127	40
18128	39
18129	45
18130	32
18131	31
18132	31
18133	51
18134	34
18135	44
18136	48
18137	53
18138	44
18139	29
18140	37
18141	30
18142	46
18143	38
18144	41
18145	35
18146	43
18147	40
18148	45
18149	51
18150	43
18151	41
18152	33
18153	44
18154	32
18155	45
18156	31
18157	48
18158	43
18159	50
18160	41
18161	30
18162	40
18163	45
18164	30
18165	42
18166	48
18167	42
18168	46
18169	40
18170	41
18171	39
18172	43
18173	51
18174	32
18175	45
18176	55
18177	47
18178	48
18179	35
18180	50
18181	44
18182	45
18183	48
18184	37
18185	43
18186	55
18187	30
18188	52
18189	45
18190	46
18191	41
18192	28
18193	44
18194	38
18195	42
18196	57
18197	38
18198	47
18199	29
18200	48
18201	40
18202	43
18203	50
18204	34
18205	42
18206	28
18207	28
18208	40
18209	43
18210	35
18211	28
18212	48
18213	45
18214	39
18215	42
18216	41
18217	42
18218	45
18219	41
18220	41
18221	54
18222	43
18223	25
18224	41
18225	51
18226	36
18227	41
18228	31
18229	40
18230	47
18231	39
18232	44
18233	37
18234	39
18235	31
18236	41
18237	42
18238	39
18239	30
18240	46
18241	51
18242	56
18243	48
18244	37
18245	37
18246	32
18247	31
18248	42
18249	37
18250	55
18251	35
18252	42
18253	40
18254	47
18255	45
18256	40
18257	37
18258	29
18259	36
18260	48
18261	45
18262	47
18263	42
18264	52
18265	45
18266	39
18267	31
18268	34
18269	38
18270	37
18271	46
18272	42
18273	40
18274	52
18275	33
18276	44
18277	48
18278	41
18279	51
18280	47
18281	31
18282	37
18283	32
18284	43
18285	50
18286	43
18287	43
18288	47
18289	43
18290	39
18291	37
18292	41
18293	48
18294	42
18295	30
18296	34
18297	41
18298	29
18299	42
18300	40
18301	34
18302	35
18303	35
18304	44
18305	44
18306	35
18307	38
18308	34
18309	44
18310	34
18311	40
18312	44
18313	32
18314	45
18315	52
18316	47
18317	41
18318	39
18319	45
18320	39
18321	38
18322	35
18323	43
18324	43
18325	40
18326	37
18327	37
18328	34
18329	54
18330	28
18331	41
18332	39
18333	26
18334	42
18335	41
18336	44
18337	37
18338	34
18339	36
18340	48
18341	42
18342	39
18343	36
18344	29
18345	43
18346	41
18347	35
18348	51
18349	47
18350	44
18351	26
18352	41
18353	34
18354	40
18355	44
18356	42
18357	35
18358	41
18359	42
18360	32
18361	43
18362	38
18363	31
18364	38
18365	34
18366	43
18367	36
18368	30
18369	52
18370	51
18371	47
18372	42
18373	49
18374	25
18375	37
18376	33
18377	48
18378	40
18379	48
18380	39
18381	41
18382	42
18383	42
18384	41
18385	42
18386	41
18387	42
18388	39
18389	41
18390	33
18391	40
18392	34
18393	36
18394	42
18395	38
18396	43
18397	42
18398	42
18399	46
18400	40
18401	47
18402	43
18403	41
18404	43
18405	42
18406	41
18407	41
18408	38
18409	39
18410	33
18411	42
18412	47
18413	45
18414	51
18415	41
18416	50
18417	48
18418	28
18419	38
18420	40
18421	43
18422	38
18423	51
18424	36
18425	39
18426	53
18427	27
18428	36
18429	45
18430	42
18431	44
18432	33
18433	52
18434	47
18435	35
18436	42
18437	34
18438	54
18439	31
18440	39
18441	54
18442	34
18443	37
18444	37
18445	40
18446	39
18447	49
18448	45
18449	35
18450	38
18451	47
18452	37
18453	26
18454	48
18455	34
18456	36
18457	35
18458	41
18459	30
18460	43
18461	35
18462	28
18463	37
18464	31
18465	40
18466	36
18467	40
18468	43
18469	50
18470	39
18471	36
18472	37
18473	44
18474	52
18475	34
18476	38
18477	31
18478	49
18479	41
18480	42
18481	36
18482	35
18483	30
18484	49
18485	40
18486	39
18487	34
18488	45
18489	29
18490	45
18491	47
18492	40
18493	41
18494	42
18495	36
18496	44
18497	35
18498	46
18499	34
18500	32
18501	37
18502	46
18503	34
18504	55
18505	29
18506	39
18507	40
18508	34
18509	53
18510	36
18511	42
18512	36
18513	44
18514	35
18515	37
18516	41
18517	44
18518	35
18519	33
18520	42
18521	45
18522	36
18523	43
18524	39
18525	37
18526	39
18527	35
18528	50
18529	34
18530	37
18531	36
18532	37
18533	36
18534	28
18535	27
18536	36
18537	27
18538	41
18539	38
18540	37
18541	33
18542	36
18543	48
18544	37
18545	30
18546	31
18547	44
18548	27
18549	43
18550	45
18551	34
18552	44
18553	38
18554	49
18555	25
18556	42
18557	42
18558	43
18559	35
18560	28
18561	46
18562	32
18563	34
18564	39
18565	24
18566	32
18567	46
18568	48
18569	38
18570	45
18571	41
18572	40
18573	43
18574	35
18575	33
18576	40
18577	27
18578	41
18579	40
18580	27
18581	34
18582	46
18583	44
18584	44
18585	34
18586	48
18587	28
18588	40
18589	38
18590	37
18591	37
18592	49
18593	50
18594	49
18595	29
18596	42
18597	44
18598	52
18599	45
18600	43
18601	32
18602	42
18603	45
18604	38
18605	46
18606	47
18607	44
18608	35
18609	39
18610	34
18611	47
18612	31
18613	41
18614	32
18615	34
18616	36
18617	45
18618	50
18619	40
18620	42
18621	30
18622	41
18623	46
18624	42
18625	32
18626	38
18627	44
18628	29
18629	35
18630	35
18631	39
18632	34
18633	24
18634	44
18635	38
18636	31
18637	42
18638	38
18639	31
18640	37
18641	34
18642	43
18643	43
18644	41
18645	44
18646	35
18647	50
18648	35
18649	32
18650	45
18651	37
18652	30
18653	27
18654	37
18655	29
18656	38
18657	37
18658	25
18659	28
18660	38
18661	44
18662	41
18663	35
18664	47
18665	39
18666	33
18667	39
18668	39
18669	33
18670	34
18671	45
18672	42
18673	31
18674	38
18675	31
18676	30
18677	40
18678	41
18679	36
18680	41
18681	41
18682	39
18683	48
18684	41
18685	53
18686	38
18687	31
18688	47
18689	45
18690	41
18691	49
18692	42
18693	41
18694	59
18695	38
18696	38
18697	37
18698	37
18699	33
18700	35
18701	33
18702	39
18703	30
18704	37
18705	44
18706	48
18707	38
18708	44
18709	36
18710	44
18711	37
18712	40
18713	41
18714	45
18715	50
18716	36
18717	31
18718	36
18719	36
18720	33
18721	36
18722	35
18723	32
18724	35
18725	30
18726	30
18727	35
18728	44
18729	40
18730	53
18731	40
18732	32
18733	52
18734	39
18735	40
18736	39
18737	43
18738	29
18739	37
18740	42
18741	40
18742	48
18743	34
18744	38
18745	39
18746	35
18747	51
18748	24
18749	34
18750	24
18751	52
18752	32
18753	46
18754	35
18755	39
18756	40
18757	40
18758	42
18759	38
18760	38
18761	28
18762	36
18763	29
18764	32
18765	34
18766	39
18767	37
18768	25
18769	32
18770	42
18771	45
18772	37
18773	43
18774	32
18775	32
18776	30
18777	42
18778	40
18779	32
18780	41
18781	38
18782	51
18783	41
18784	41
18785	41
18786	37
18787	29
18788	40
18789	36
18790	44
18791	37
18792	32
18793	36
18794	32
18795	42
18796	42
18797	39
18798	32
18799	33
18800	36
18801	32
18802	45
18803	39
18804	32
18805	46
18806	33
18807	37
18808	42
18809	32
18810	29
18811	45
18812	48
18813	42
18814	49
18815	34
18816	36
18817	44
18818	27
18819	39
18820	50
18821	51
18822	49
18823	31
18824	52
18825	37
18826	38
18827	37
18828	37
18829	37
18830	44
18831	48
18832	34
18833	30
18834	38
18835	38
18836	38
18837	38
18838	42
18839	36
18840	39
18841	35
18842	36
18843	36
18844	30
18845	36
18846	41
18847	39
18848	30
18849	36
18850	38
18851	37
18852	44
18853	37
18854	52
18855	29
18856	30
18857	37
18858	24
18859	42
18860	41
18861	35
18862	36
18863	43
18864	32
18865	30
18866	29
18867	34
18868	37
18869	39
18870	34
18871	41
18872	40
18873	42
18874	37
18875	33
18876	34
18877	37
18878	35
18879	39
18880	44
18881	48
18882	47
18883	44
18884	38
18885	34
18886	28
18887	39
18888	38
18889	38
18890	43
18891	34
18892	36
18893	44
18894	41
18895	32
18896	40
18897	28
18898	46
18899	36
18900	43
18901	40
18902	30
18903	33
18904	36
18905	44
18906	37
18907	31
18908	43
18909	56
18910	43
18911	38
18912	36
18913	43
18914	40
18915	46
18916	37
18917	34
18918	44
18919	38
18920	33
18921	36
18922	48
18923	47
18924	37
18925	33
18926	33
18927	38
18928	48
18929	47
18930	36
18931	30
18932	29
18933	44
18934	37
18935	39
18936	43
18937	37
18938	34
18939	43
18940	36
18941	36
18942	33
18943	28
18944	43
18945	41
18946	36
18947	24
18948	48
18949	42
18950	53
18951	34
18952	30
18953	32
18954	36
18955	32
18956	47
18957	46
18958	35
18959	37
18960	38
18961	42
18962	42
18963	39
18964	32
18965	38
18966	35
18967	46
18968	35
18969	35
18970	38
18971	36
18972	47
18973	33
18974	34
18975	39
18976	44
18977	41
18978	46
18979	46
18980	35
18981	40
18982	44
18983	35
18984	40
18985	48
18986	50
18987	27
18988	29
18989	48
18990	31
18991	42
18992	29
18993	42
18994	42
18995	33
18996	49
18997	41
18998	33
18999	36
19000	33
19001	34
19002	36
19003	34
19004	30
19005	51
19006	43
19007	40
19008	45
19009	33
19010	34
19011	47
19012	46
19013	43
19014	42
19015	39
19016	35
19017	36
19018	32
19019	35
19020	39
19021	35
19022	43
19023	34
19024	44
19025	37
19026	44
19027	38
19028	41
19029	34
19030	31
19031	34
19032	46
19033	40
19034	41
19035	33
19036	55
19037	33
19038	36
19039	34
19040	42
19041	30
19042	39
19043	42
19044	31
19045	37
19046	28
19047	47
19048	34
19049	28
19050	25
19051	37
19052	35
19053	34
19054	39
19055	40
19056	31
19057	28
19058	35
19059	36
19060	33
19061	36
19062	25
19063	48
19064	32
19065	47
19066	30
19067	55
19068	40
19069	53
19070	44
19071	30
19072	32
19073	29
19074	49
19075	27
19076	54
19077	31
19078	40
19079	33
19080	31
19081	35
19082	34
19083	20
19084	50
19085	33
19086	41
19087	38
19088	38
19089	34
19090	35
19091	42
19092	33
19093	26
19094	46
19095	33
19096	41
19097	46
19098	44
19099	37
19100	52
19101	43
19102	24
19103	50
19104	21
19105	31
19106	29
19107	28
19108	35
19109	38
19110	46
19111	42
19112	31
19113	39
19114	38
19115	38
19116	17
19117	33
19118	35
19119	32
19120	39
19121	38
19122	32
19123	36
19124	48
19125	50
19126	58
19127	33
19128	31
19129	53
19130	41
19131	48
19132	40
19133	25
19134	28
19135	48
19136	33
19137	42
19138	32
19139	47
19140	33
19141	46
19142	40
19143	28
19144	38
19145	39
19146	29
19147	41
19148	42
19149	37
19150	35
19151	41
19152	29
19153	37
19154	34
19155	26
19156	28
19157	38
19158	33
19159	39
19160	40
19161	29
19162	42
19163	27
19164	27
19165	30
19166	36
19167	26
19168	27
19169	36
19170	31
19171	33
19172	42
19173	43
19174	35
19175	40
19176	41
19177	40
19178	33
19179	34
19180	34
19181	37
19182	38
19183	44
19184	31
19185	32
19186	30
19187	41
19188	24
19189	35
19190	50
19191	35
19192	33
19193	45
19194	39
19195	35
19196	39
19197	34
19198	39
19199	32
19200	46
19201	34
19202	28
19203	38
19204	33
19205	39
19206	38
19207	29
19208	33
19209	37
19210	34
19211	41
19212	32
19213	39
19214	29
19215	30
19216	41
19217	51
19218	37
19219	36
19220	35
19221	43
19222	37
19223	39
19224	35
19225	29
19226	30
19227	34
19228	32
19229	38
19230	38
19231	40
19232	27
19233	37
19234	36
19235	44
19236	39
19237	36
19238	46
19239	46
19240	32
19241	44
19242	40
19243	34
19244	39
19245	33
19246	40
19247	51
19248	37
19249	41
19250	37
19251	38
19252	32
19253	47
19254	43
19255	38
19256	41
19257	49
19258	37
19259	33
19260	40
19261	25
19262	30
19263	31
19264	26
19265	39
19266	29
19267	43
19268	44
19269	38
19270	36
19271	26
19272	38
19273	40
19274	42
19275	38
19276	37
19277	29
19278	47
19279	43
19280	35
19281	29
19282	37
19283	38
19284	26
19285	26
19286	33
19287	27
19288	24
19289	37
19290	21
19291	30
19292	37
19293	45
19294	38
19295	36
19296	44
19297	38
19298	29
19299	48
19300	48
19301	44
19302	50
19303	40
19304	32
19305	39
19306	34
19307	35
19308	29
19309	34
19310	50
19311	40
19312	33
19313	36
19314	32
19315	25
19316	45
19317	33
19318	30
19319	38
19320	39
19321	29
19322	42
19323	33
19324	47
19325	36
19326	29
19327	37
19328	34
19329	50
19330	37
19331	33
19332	41
19333	34
19334	32
19335	31
19336	44
19337	32
19338	30
19339	30
19340	41
19341	38
19342	29
19343	28
19344	47
19345	52
19346	28
19347	40
19348	37
19349	43
19350	38
19351	30
19352	38
19353	31
19354	42
19355	26
19356	23
19357	34
19358	30
19359	36
19360	37
19361	28
19362	41
19363	21
19364	30
19365	31
19366	29
19367	25
19368	48
19369	39
19370	31
19371	37
19372	30
19373	39
19374	36
19375	31
19376	40
19377	33
19378	40
19379	34
19380	30
19381	47
19382	30
19383	43
19384	32
19385	33
19386	44
19387	31
19388	37
19389	40
19390	31
19391	42
19392	42
19393	39
19394	32
19395	37
19396	34
19397	34
19398	36
19399	44
19400	41
19401	45
19402	33
19403	37
19404	37
19405	38
19406	45
19407	39
19408	35
19409	36
19410	44
19411	37
19412	33
19413	37
19414	39
19415	32
19416	27
19417	28
19418	25
19419	42
19420	42
19421	32
19422	37
19423	39
19424	38
19425	43
19426	32
19427	35
19428	41
19429	40
19430	36
19431	35
19432	26
19433	36
19434	43
19435	37
19436	31
19437	48
19438	38
19439	35
19440	35
19441	32
19442	46
19443	35
19444	23
19445	32
19446	31
19447	38
19448	33
19449	34
19450	35
19451	23
19452	32
19453	35
19454	40
19455	32
19456	40
19457	37
19458	41
19459	39
19460	36
19461	36
19462	32
19463	32
19464	27
19465	38
19466	33
19467	39
19468	36
19469	31
19470	47
19471	31
19472	30
19473	42
19474	25
19475	27
19476	31
19477	29
19478	48
19479	31
19480	33
19481	33
19482	34
19483	40
19484	35
19485	35
19486	33
19487	21
19488	33
19489	33
19490	38
19491	35
19492	46
19493	36
19494	48
19495	39
19496	34
19497	27
19498	43
19499	43
19500	32
19501	37
19502	35
19503	37
19504	45
19505	34
19506	32
19507	38
19508	30
19509	36
19510	43
19511	35
19512	34
19513	37
19514	35
19515	29
19516	42
19517	41
19518	40
19519	43
19520	32
19521	22
19522	39
19523	30
19524	30
19525	34
19526	38
19527	33
19528	40
19529	28
19530	38
19531	31
19532	37
19533	37
19534	33
19535	39
19536	39
19537	28
19538	36
19539	36
19540	30
19541	26
19542	35
19543	33
19544	35
19545	35
19546	39
19547	28
19548	32
19549	32
19550	33
19551	39
19552	25
19553	33
19554	38
19555	44
19556	35
19557	37
19558	33
19559	39
19560	38
19561	35
19562	30
19563	40
19564	38
19565	36
19566	34
19567	32
19568	37
19569	30
19570	38
19571	34
19572	44
19573	38
19574	30
19575	32
19576	26
19577	36
19578	23
19579	42
19580	32
19581	40
19582	33
19583	33
19584	34
19585	35
19586	28
19587	35
19588	44
19589	33
19590	31
19591	35
19592	28
19593	25
19594	36
19595	33
19596	36
19597	37
19598	40
19599	39
19600	39
19601	32
19602	30
19603	35
19604	31
19605	28
19606	32
19607	38
19608	31
19609	34
19610	48
19611	34
19612	37
19613	40
19614	32
19615	38
19616	35
19617	38
19618	45
19619	32
19620	36
19621	30
19622	36
19623	38
19624	36
19625	46
19626	35
19627	20
19628	22
19629	36
19630	32
19631	46
19632	47
19633	31
19634	33
19635	41
19636	34
19637	34
19638	37
19639	46
19640	30
19641	33
19642	35
19643	33
19644	33
19645	37
19646	35
19647	39
19648	31
19649	38
19650	36
19651	31
19652	32
19653	28
19654	42
19655	31
19656	36
19657	32
19658	28
19659	35
19660	31
19661	29
19662	34
19663	45
19664	25
19665	42
19666	35
19667	34
19668	32
19669	38
19670	32
19671	34
19672	27
19673	35
19674	35
19675	37
19676	36
19677	35
19678	37
19679	46
19680	37
19681	33
19682	42
19683	36
19684	25
19685	36
19686	31
19687	36
19688	45
19689	33
19690	29
19691	40
19692	36
19693	33
19694	33
19695	37
19696	23
19697	28
19698	20
19699	36
19700	31
19701	36
19702	35
19703	31
19704	39
19705	35
19706	32
19707	28
19708	22
19709	33
19710	31
19711	34
19712	33
19713	26
19714	33
19715	35
19716	25
19717	41
19718	41
19719	42
19720	38
19721	35
19722	30
19723	40
19724	34
19725	36
19726	24
19727	30
19728	34
19729	32
19730	32
19731	39
19732	40
19733	18
19734	22
19735	37
19736	40
19737	23
19738	33
19739	44
19740	36
19741	46
19742	25
19743	42
19744	30
19745	35
19746	34
19747	37
19748	34
19749	31
19750	31
19751	32
19752	32
19753	38
19754	36
19755	34
19756	41
19757	36
19758	25
19759	36
19760	34
19761	35
19762	31
19763	36
19764	36
19765	40
19766	32
19767	45
19768	35
19769	35
19770	36
19771	44
19772	39
19773	35
19774	31
19775	34
19776	38
19777	34
19778	39
19779	37
19780	35
19781	35
19782	38
19783	32
19784	35
19785	29
19786	42
19787	36
19788	33
19789	33
19790	36
19791	31
19792	34
19793	40
19794	32
19795	35
19796	33
19797	23
19798	36
19799	33
19800	43
19801	43
19802	36
19803	28
19804	21
19805	32
19806	38
19807	29
19808	29
19809	33
19810	39
19811	38
19812	21
19813	32
19814	34
19815	41
19816	39
19817	30
19818	41
19819	37
19820	36
19821	34
19822	21
19823	43
19824	50
19825	33
19826	32
19827	30
19828	37
19829	39
19830	42
19831	37
19832	33
19833	39
19834	32
19835	41
19836	29
19837	31
19838	27
19839	45
19840	31
19841	32
19842	32
19843	41
19844	32
19845	38
19846	29
19847	24
19848	33
19849	27
19850	36
19851	46
19852	47
19853	36
19854	43
19855	38
19856	33
19857	31
19858	24
19859	31
19860	34
19861	39
19862	32
19863	50
19864	43
19865	25
19866	33
19867	36
19868	31
19869	39
19870	29
19871	37
19872	40
19873	29
19874	39
19875	29
19876	32
19877	40
19878	32
19879	34
19880	39
19881	35
19882	31
19883	38
19884	32
19885	29
19886	33
19887	26
19888	29
19889	29
19890	35
19891	37
19892	37
19893	34
19894	27
19895	38
19896	33
19897	43
19898	29
19899	29
19900	25
19901	38
19902	21
19903	40
19904	30
19905	37
19906	29
19907	26
19908	26
19909	26
19910	33
19911	39
19912	25
19913	28
19914	32
19915	32
19916	28
19917	35
19918	28
19919	34
19920	29
19921	30
19922	30
19923	38
19924	35
19925	31
19926	41
19927	36
19928	28
19929	40
19930	27
19931	26
19932	34
19933	29
19934	38
19935	45
19936	46
19937	20
19938	36
19939	39
19940	26
19941	40
19942	41
19943	34
19944	36
19945	41
19946	27
19947	35
19948	41
19949	28
19950	27
19951	38
19952	33
19953	32
19954	36
19955	36
19956	31
19957	45
19958	38
19959	25
19960	33
19961	27
19962	38
19963	32
19964	36
19965	42
19966	44
19967	30
19968	47
19969	28
19970	36
19971	29
19972	23
19973	27
19974	31
19975	38
19976	33
19977	39
19978	38
19979	27
19980	25
19981	28
19982	27
19983	31
19984	21
19985	35
19986	43
19987	40
19988	33
19989	42
19990	37
19991	30
19992	44
19993	39
19994	29
19995	32
19996	30
19997	31
19998	27
19999	25
20000	32
20001	33
20002	32
20003	34
20004	27
20005	31
20006	29
20007	30
20008	26
20009	28
20010	35
20011	40
20012	28
20013	33
20014	34
20015	43
20016	38
20017	26
20018	21
20019	40
20020	35
20021	38
20022	40
20023	33
20024	27
20025	37
20026	27
20027	33
20028	25
20029	34
20030	36
20031	31
20032	34
20033	29
20034	45
20035	40
20036	21
20037	27
20038	30
20039	30
20040	34
20041	34
20042	39
20043	31
20044	20
20045	38
20046	39
20047	47
20048	36
20049	34
20050	36
20051	26
20052	29
20053	26
20054	31
20055	25
20056	31
20057	36
20058	38
20059	30
20060	21
20061	30
20062	34
20063	31
20064	25
20065	21
20066	27
20067	25
20068	46
20069	28
20070	34
20071	28
20072	31
20073	27
20074	32
20075	27
20076	26
20077	29
20078	40
20079	42
20080	28
20081	37
20082	19
20083	36
20084	35
20085	41
20086	34
20087	28
20088	23
20089	29
20090	31
20091	29
20092	34
20093	40
20094	33
20095	39
20096	29
20097	35
20098	37
20099	37
20100	34
20101	28
20102	30
20103	32
20104	32
20105	30
20106	25
20107	37
20108	38
20109	30
20110	36
20111	34
20112	28
20113	35
20114	31
20115	35
20116	32
20117	23
20118	58
20119	33
20120	32
20121	30
20122	34
20123	26
20124	31
20125	33
20126	39
20127	38
20128	42
20129	39
20130	43
20131	39
20132	30
20133	22
20134	37
20135	29
20136	30
20137	31
20138	36
20139	26
20140	38
20141	40
20142	39
20143	25
20144	27
20145	34
20146	29
20147	33
20148	27
20149	33
20150	22
20151	28
20152	38
20153	40
20154	29
20155	38
20156	21
20157	33
20158	33
20159	35
20160	29
20161	29
20162	33
20163	36
20164	17
20165	26
20166	33
20167	37
20168	25
20169	25
20170	35
20171	44
20172	30
20173	27
20174	25
20175	28
20176	33
20177	44
20178	22
20179	37
20180	26
20181	29
20182	32
20183	36
20184	20
20185	30
20186	28
20187	29
20188	39
20189	38
20190	25
20191	27
20192	28
20193	29
20194	25
20195	37
20196	25
20197	39
20198	30
20199	32
20200	31
20201	39
20202	30
20203	40
20204	30
20205	31
20206	50
20207	33
20208	40
20209	27
20210	37
20211	24
20212	31
20213	31
20214	33
20215	32
20216	29
20217	32
20218	33
20219	37
20220	29
20221	39
20222	34
20223	31
20224	41
20225	29
20226	26
20227	36
20228	22
20229	29
20230	29
20231	38
20232	26
20233	35
20234	26
20235	30
20236	40
20237	43
20238	30
20239	23
20240	41
20241	31
20242	28
20243	24
20244	37
20245	38
20246	32
20247	38
20248	25
20249	19
20250	22
20251	28
20252	25
20253	31
20254	36
20255	36
20256	30
20257	22
20258	37
20259	33
20260	40
20261	31
20262	22
20263	24
20264	24
20265	25
20266	30
20267	23
20268	34
20269	31
20270	35
20271	33
20272	27
20273	36
20274	23
20275	30
20276	24
20277	30
20278	31
20279	30
20280	33
20281	31
20282	35
20283	34
20284	27
20285	34
20286	35
20287	29
20288	33
20289	35
20290	29
20291	31
20292	22
20293	39
20294	34
20295	29
20296	41
20297	25
20298	21
20299	37
20300	25
20301	36
20302	28
20303	31
20304	28
20305	27
20306	36
20307	29
20308	26
20309	44
20310	43
20311	30
20312	41
20313	29
20314	32
20315	20
20316	31
20317	34
20318	40
20319	28
20320	30
20321	43
20322	32
20323	33
20324	35
20325	30
20326	37
20327	31
20328	30
20329	39
20330	29
20331	43
20332	31
20333	29
20334	31
20335	29
20336	34
20337	22
20338	30
20339	34
20340	38
20341	31
20342	27
20343	22
20344	27
20345	29
20346	32
20347	32
20348	32
20349	25
20350	23
20351	33
20352	40
20353	32
20354	33
20355	29
20356	33
20357	38
20358	28
20359	28
20360	34
20361	26
20362	37
20363	29
20364	28
20365	21
20366	24
20367	35
20368	37
20369	41
20370	30
20371	42
20372	29
20373	44
20374	28
20375	26
20376	32
20377	35
20378	43
20379	29
20380	29
20381	25
20382	40
20383	27
20384	25
20385	25
20386	21
20387	27
20388	29
20389	34
20390	28
20391	41
20392	39
20393	34
20394	43
20395	30
20396	35
20397	41
20398	40
20399	31
20400	41
20401	33
20402	21
20403	31
20404	31
20405	28
20406	30
20407	33
20408	38
20409	34
20410	36
20411	31
20412	25
20413	34
20414	41
20415	28
20416	30
20417	36
20418	36
20419	29
20420	35
20421	41
20422	28
20423	31
20424	26
20425	38
20426	38
20427	35
20428	24
20429	22
20430	30
20431	28
20432	37
20433	33
20434	26
20435	39
20436	25
20437	31
20438	38
20439	24
20440	26
20441	28
20442	24
20443	33
20444	29
20445	27
20446	24
20447	21
20448	28
20449	31
20450	41
20451	32
20452	31
20453	29
20454	22
20455	40
20456	37
20457	33
20458	36
20459	30
20460	33
20461	33
20462	25
20463	40
20464	31
20465	41
20466	33
20467	29
20468	28
20469	31
20470	19
20471	33
20472	29
20473	37
20474	27
20475	30
20476	33
20477	32
20478	34
20479	35
20480	23
20481	41
20482	25
20483	27
20484	34
20485	36
20486	26
20487	39
20488	32
20489	32
20490	36
20491	32
20492	38
20493	29
20494	37
20495	33
20496	31
20497	35
20498	37
20499	31
20500	31
20501	34
20502	40
20503	32
20504	35
20505	41
20506	23
20507	35
20508	38
20509	39
20510	41
20511	32
20512	24
20513	37
20514	30
20515	28
20516	34
20517	32
20518	37
20519	26
20520	28
20521	30
20522	31
20523	24
20524	38
20525	33
20526	27
20527	37
20528	39
20529	30
20530	33
20531	22
20532	26
20533	27
20534	36
20535	38
20536	37
20537	23
20538	34
20539	30
20540	32
20541	37
20542	37
20543	30
20544	33
20545	26
20546	33
20547	26
20548	25
20549	36
20550	31
20551	29
20552	23
20553	25
20554	34
20555	28
20556	29
20557	24
20558	32
20559	34
20560	41
20561	26
20562	37
20563	29
20564	33
20565	34
20566	33
20567	37
20568	38
20569	23
20570	33
20571	22
20572	40
20573	29
20574	23
20575	24
20576	32
20577	36
20578	30
20579	26
20580	33
20581	34
20582	32
20583	26
20584	33
20585	36
20586	29
20587	32
20588	29
20589	24
20590	29
20591	31
20592	41
20593	27
20594	31
20595	24
20596	27
20597	39
20598	34
20599	28
20600	36
20601	32
20602	26
20603	25
20604	33
20605	25
20606	31
20607	31
20608	17
20609	37
20610	28
20611	25
20612	27
20613	32
20614	34
20615	37
20616	31
20617	28
20618	39
20619	38
20620	31
20621	29
20622	26
20623	35
20624	29
20625	26
20626	32
20627	28
20628	23
20629	26
20630	25
20631	21
20632	28
20633	39
20634	22
20635	30
20636	25
20637	28
20638	34
20639	24
20640	25
20641	29
20642	24
20643	32
20644	26
20645	33
20646	28
20647	31
20648	29
20649	35
20650	42
20651	36
20652	33
20653	25
20654	24
20655	39
20656	32
20657	38
20658	31
20659	31
20660	30
20661	39
20662	19
20663	40
20664	22
20665	22
20666	26
20667	34
20668	21
20669	37
20670	34
20671	35
20672	22
20673	35
20674	31
20675	33
20676	24
20677	29
20678	30
20679	26
20680	34
20681	26
20682	27
20683	34
20684	35
20685	28
20686	39
20687	26
20688	38
20689	35
20690	27
20691	31
20692	47
20693	34
20694	30
20695	30
20696	22
20697	45
20698	25
20699	27
20700	36
20701	34
20702	40
20703	19
20704	27
20705	25
20706	30
20707	21
20708	35
20709	18
20710	29
20711	25
20712	42
20713	28
20714	30
20715	30
20716	36
20717	32
20718	25
20719	23
20720	38
20721	34
20722	17
20723	29
20724	25
20725	35
20726	31
20727	35
20728	33
20729	27
20730	28
20731	34
20732	34
20733	22
20734	31
20735	24
20736	34
20737	27
20738	25
20739	31
20740	30
20741	39
20742	42
20743	35
20744	21
20745	30
20746	33
20747	29
20748	24
20749	41
20750	16
20751	34
20752	27
20753	35
20754	36
20755	24
20756	22
20757	25
20758	16
20759	36
20760	27
20761	25
20762	23
20763	34
20764	23
20765	35
20766	26
20767	28
20768	24
20769	31
20770	19
20771	35
20772	46
20773	32
20774	32
20775	32
20776	29
20777	30
20778	28
20779	31
20780	26
20781	25
20782	26
20783	31
20784	27
20785	28
20786	29
20787	32
20788	36
20789	27
20790	27
20791	27
20792	35
20793	28
20794	36
20795	38
20796	32
20797	39
20798	37
20799	29
20800	27
20801	24
20802	29
20803	27
20804	28
20805	33
20806	32
20807	28
20808	23
20809	26
20810	36
20811	33
20812	41
20813	28
20814	26
20815	31
20816	36
20817	36
20818	34
20819	27
20820	35
20821	24
20822	33
20823	35
20824	23
20825	36
20826	31
20827	39
20828	33
20829	34
20830	20
20831	29
20832	29
20833	36
20834	26
20835	35
20836	30
20837	36
20838	21
20839	19
20840	20
20841	32
20842	25
20843	28
20844	26
20845	29
20846	35
20847	16
20848	33
20849	21
20850	32
20851	37
20852	29
20853	24
20854	21
20855	28
20856	25
20857	32
20858	29
20859	27
20860	34
20861	27
20862	28
20863	31
20864	21
20865	28
20866	29
20867	25
20868	20
20869	34
20870	28
20871	38
20872	30
20873	28
20874	20
20875	25
20876	27
20877	31
20878	32
20879	22
20880	25
20881	34
20882	28
20883	27
20884	21
20885	31
20886	31
20887	27
20888	15
20889	32
20890	30
20891	26
20892	27
20893	21
20894	24
20895	35
20896	37
20897	31
20898	31
20899	27
20900	26
20901	34
20902	27
20903	35
20904	36
20905	29
20906	24
20907	27
20908	34
20909	31
20910	23
20911	28
20912	33
20913	19
20914	24
20915	35
20916	27
20917	32
20918	20
20919	28
20920	20
20921	20
20922	24
20923	28
20924	25
20925	38
20926	35
20927	31
20928	32
20929	23
20930	26
20931	29
20932	34
20933	29
20934	20
20935	35
20936	25
20937	30
20938	29
20939	29
20940	28
20941	26
20942	19
20943	23
20944	20
20945	30
20946	27
20947	32
20948	23
20949	33
20950	36
20951	26
20952	17
20953	31
20954	36
20955	37
20956	32
20957	34
20958	27
20959	18
20960	28
20961	25
20962	23
20963	33
20964	39
20965	28
20966	28
20967	30
20968	32
20969	19
20970	17
20971	26
20972	29
20973	30
20974	22
20975	26
20976	29
20977	24
20978	31
20979	22
20980	27
20981	25
20982	13
20983	33
20984	29
20985	19
20986	24
20987	36
20988	31
20989	21
20990	25
20991	24
20992	24
20993	28
20994	32
20995	36
20996	29
20997	21
20998	27
20999	25
21000	22
21001	23
21002	29
21003	35
21004	29
21005	30
21006	26
21007	36
21008	25
21009	23
21010	29
21011	30
21012	32
21013	18
21014	23
21015	28
21016	22
21017	32
21018	31
21019	26
21020	18
21021	22
21022	29
21023	29
21024	25
21025	19
21026	32
21027	25
21028	25
21029	24
21030	28
21031	40
21032	37
21033	40
21034	36
21035	30
21036	26
21037	42
21038	26
21039	35
21040	30
21041	24
21042	25
21043	31
21044	28
21045	25
21046	27
21047	32
21048	33
21049	21
21050	26
21051	22
21052	26
21053	29
21054	36
21055	30
21056	18
21057	24
21058	26
21059	23
21060	31
21061	36
21062	26
21063	28
21064	34
21065	34
21066	25
21067	25
21068	38
21069	29
21070	30
21071	31
21072	26
21073	30
21074	24
21075	33
21076	21
21077	31
21078	31
21079	28
21080	24
21081	22
21082	34
21083	23
21084	37
21085	32
21086	30
21087	32
21088	43
21089	43
21090	33
21091	28
21092	29
21093	29
21094	22
21095	24
21096	29
21097	22
21098	27
21099	34
21100	31
21101	25
21102	26
21103	24
21104	19
21105	24
21106	25
21107	27
21108	15
21109	27
21110	26
21111	34
21112	27
21113	28
21114	37
21115	31
21116	29
21117	21
21118	29
21119	27
21120	28
21121	40
21122	24
21123	24
21124	29
21125	37
21126	22
21127	23
21128	31
21129	37
21130	30
21131	24
21132	23
21133	25
21134	38
21135	32
21136	39
21137	35
21138	26
21139	38
21140	24
21141	26
21142	26
21143	35
21144	32
21145	37
21146	30
21147	28
21148	16
21149	34
21150	30
21151	16
21152	30
21153	32
21154	28
21155	32
21156	13
21157	26
21158	36
21159	22
21160	29
21161	22
21162	35
21163	36
21164	30
21165	35
21166	25
21167	30
21168	27
21169	35
21170	17
21171	29
21172	29
21173	31
21174	27
21175	38
21176	37
21177	35
21178	26
21179	29
21180	27
21181	16
21182	25
21183	36
21184	32
21185	28
21186	35
21187	32
21188	26
21189	25
21190	20
21191	32
21192	24
21193	28
21194	32
21195	29
21196	31
21197	23
21198	17
21199	29
21200	28
21201	33
21202	28
21203	21
21204	32
21205	29
21206	30
21207	21
21208	29
21209	33
21210	30
21211	26
21212	23
21213	36
21214	32
21215	29
21216	34
21217	26
21218	28
21219	24
21220	30
21221	23
21222	26
21223	28
21224	28
21225	31
21226	33
21227	29
21228	20
21229	22
21230	16
21231	39
21232	25
21233	22
21234	25
21235	31
21236	29
21237	28
21238	24
21239	24
21240	24
21241	21
21242	24
21243	19
21244	26
21245	28
21246	26
21247	18
21248	24
21249	32
21250	33
21251	44
21252	25
21253	29
21254	23
21255	29
21256	20
21257	24
21258	36
21259	18
21260	30
21261	38
21262	25
21263	23
21264	17
21265	23
21266	26
21267	31
21268	19
21269	28
21270	22
21271	27
21272	28
21273	24
21274	23
21275	19
21276	21
21277	29
21278	35
21279	28
21280	19
21281	29
21282	28
21283	22
21284	26
21285	30
21286	22
21287	22
21288	36
21289	26
21290	22
21291	23
21292	28
21293	22
21294	34
21295	38
21296	27
21297	24
21298	26
21299	30
21300	31
21301	15
21302	30
21303	30
21304	35
21305	29
21306	23
21307	35
21308	23
21309	23
21310	29
21311	34
21312	38
21313	21
21314	23
21315	30
21316	29
21317	25
21318	30
21319	15
21320	20
21321	24
21322	24
21323	31
21324	29
21325	22
21326	35
21327	27
21328	30
21329	35
21330	32
21331	25
21332	29
21333	31
21334	22
21335	22
21336	23
21337	37
21338	26
21339	26
21340	31
21341	23
21342	25
21343	29
21344	21
21345	27
21346	28
21347	21
21348	27
21349	22
21350	26
21351	24
21352	22
21353	16
21354	28
21355	33
21356	24
21357	29
21358	34
21359	32
21360	18
21361	26
21362	29
21363	22
21364	25
21365	28
21366	31
21367	25
21368	32
21369	24
21370	27
21371	32
21372	24
21373	33
21374	28
21375	26
21376	33
21377	34
21378	24
21379	34
21380	19
21381	28
21382	38
21383	27
21384	34
21385	34
21386	20
21387	28
21388	33
21389	33
21390	32
21391	29
21392	17
21393	36
21394	31
21395	38
21396	27
21397	27
21398	27
21399	25
21400	26
21401	31
21402	25
21403	26
21404	28
21405	23
21406	24
21407	34
21408	30
21409	25
21410	19
21411	36
21412	28
21413	23
21414	18
21415	18
21416	39
21417	24
21418	31
21419	32
21420	24
21421	32
21422	27
21423	31
21424	15
21425	32
21426	34
21427	22
21428	26
21429	20
21430	29
21431	22
21432	25
21433	25
21434	27
21435	35
21436	24
21437	21
21438	26
21439	24
21440	40
21441	23
21442	28
21443	22
21444	27
21445	21
21446	21
21447	27
21448	34
21449	29
21450	18
21451	28
21452	21
21453	23
21454	24
21455	27
21456	27
21457	21
21458	23
21459	30
21460	35
21461	23
21462	26
21463	20
21464	29
21465	21
21466	25
21467	30
21468	35
21469	30
21470	32
21471	25
21472	37
21473	30
21474	34
21475	23
21476	23
21477	29
21478	24
21479	22
21480	32
21481	29
21482	30
21483	18
21484	22
21485	20
21486	23
21487	28
21488	27
21489	25
21490	32
21491	25
21492	20
21493	25
21494	29
21495	33
21496	23
21497	28
21498	25
21499	21
21500	23
21501	22
21502	35
21503	28
21504	28
21505	23
21506	27
21507	32
21508	21
21509	30
21510	21
21511	27
21512	19
21513	26
21514	27
21515	16
21516	18
21517	35
21518	31
21519	21
21520	36
21521	28
21522	35
21523	31
21524	25
21525	26
21526	31
21527	25
21528	32
21529	31
21530	24
21531	17
21532	39
21533	33
21534	25
21535	35
21536	33
21537	25
21538	34
21539	19
21540	23
21541	26
21542	20
21543	24
21544	25
21545	22
21546	22
21547	24
21548	34
21549	28
21550	29
21551	29
21552	28
21553	26
21554	32
21555	33
21556	34
21557	32
21558	27
21559	22
21560	39
21561	29
21562	27
21563	24
21564	31
21565	17
21566	24
21567	30
21568	28
21569	32
21570	30
21571	35
21572	31
21573	19
21574	19
21575	27
21576	29
21577	30
21578	21
21579	26
21580	33
21581	39
21582	32
21583	24
21584	37
21585	29
21586	30
21587	24
21588	31
21589	33
21590	32
21591	28
21592	39
21593	22
21594	31
21595	33
21596	38
21597	23
21598	24
21599	30
21600	33
21601	26
21602	23
21603	23
21604	20
21605	27
21606	27
21607	23
21608	37
21609	30
21610	25
21611	25
21612	23
21613	24
21614	28
21615	29
21616	33
21617	22
21618	21
21619	27
21620	27
21621	26
21622	23
21623	24
21624	36
21625	33
21626	19
21627	23
21628	28
21629	16
21630	26
21631	22
21632	26
21633	30
21634	22
21635	24
21636	24
21637	26
21638	29
21639	30
21640	23
21641	25
21642	32
21643	23
21644	26
21645	21
21646	21
21647	28
21648	26
21649	32
21650	18
21651	24
21652	29
21653	25
21654	28
21655	23
21656	31
21657	31
21658	32
21659	32
21660	33
21661	34
21662	28
21663	28
21664	27
21665	23
21666	27
21667	21
21668	24
21669	26
21670	31
21671	17
21672	30
21673	29
21674	23
21675	35
21676	19
21677	25
21678	29
21679	25
21680	34
21681	29
21682	27
21683	23
21684	26
21685	35
21686	30
21687	26
21688	23
21689	30
21690	30
21691	30
21692	29
21693	20
21694	27
21695	37
21696	17
21697	33
21698	32
21699	32
21700	27
21701	24
21702	28
21703	18
21704	22
21705	23
21706	35
21707	24
21708	30
21709	32
21710	28
21711	26
21712	26
21713	17
21714	22
21715	28
21716	34
21717	15
21718	27
21719	20
21720	30
21721	24
21722	27
21723	19
21724	24
21725	18
21726	18
21727	20
21728	21
21729	23
21730	32
21731	33
21732	16
21733	17
21734	13
21735	24
21736	27
21737	23
21738	22
21739	29
21740	28
21741	33
21742	28
21743	32
21744	21
21745	13
21746	23
21747	26
21748	21
21749	21
21750	27
21751	34
21752	21
21753	25
21754	29
21755	22
21756	24
21757	19
21758	21
21759	26
21760	29
21761	27
21762	16
21763	32
21764	22
21765	20
21766	20
21767	18
21768	33
21769	23
21770	25
21771	38
21772	25
21773	21
21774	30
21775	28
21776	21
21777	23
21778	34
21779	26
21780	31
21781	24
21782	26
21783	29
21784	19
21785	25
21786	31
21787	22
21788	34
21789	21
21790	19
21791	28
21792	27
21793	25
21794	30
21795	22
21796	13
21797	28
21798	37
21799	28
21800	28
21801	27
21802	21
21803	26
21804	14
21805	39
21806	27
21807	28
21808	20
21809	22
21810	21
21811	22
21812	18
21813	30
21814	28
21815	25
21816	26
21817	20
21818	17
21819	23
21820	23
21821	27
21822	27
21823	21
21824	18
21825	17
21826	30
21827	29
21828	32
21829	22
21830	27
21831	24
21832	29
21833	32
21834	22
21835	23
21836	24
21837	34
21838	23
21839	23
21840	24
21841	24
21842	24
21843	28
21844	23
21845	26
21846	29
21847	16
21848	24
21849	18
21850	32
21851	30
21852	21
21853	25
21854	27
21855	29
21856	25
21857	35
21858	24
21859	33
21860	26
21861	27
21862	19
21863	25
21864	28
21865	21
21866	25
21867	25
21868	22
21869	19
21870	24
21871	29
21872	25
21873	25
21874	22
21875	28
21876	34
21877	31
21878	21
21879	23
21880	24
21881	33
21882	20
21883	31
21884	23
21885	27
21886	25
21887	24
21888	30
21889	29
21890	31
21891	32
21892	26
21893	26
21894	19
21895	26
21896	20
21897	38
21898	34
21899	26
21900	33
21901	19
21902	32
21903	26
21904	24
21905	31
21906	27
21907	24
21908	21
21909	21
21910	26
21911	33
21912	18
21913	17
21914	34
21915	22
21916	41
21917	22
21918	22
21919	25
21920	19
21921	22
21922	27
21923	26
21924	22
21925	21
21926	34
21927	25
21928	22
21929	23
21930	28
21931	28
21932	24
21933	24
21934	19
21935	33
21936	20
21937	21
21938	33
21939	14
21940	22
21941	19
21942	26
21943	23
21944	25
21945	28
21946	17
21947	35
21948	20
21949	25
21950	35
21951	28
21952	26
21953	30
21954	29
21955	22
21956	26
21957	22
21958	28
21959	30
21960	26
21961	27
21962	23
21963	24
21964	27
21965	19
21966	26
21967	21
21968	26
21969	27
21970	23
21971	22
21972	25
21973	26
21974	22
21975	23
21976	20
21977	22
21978	18
21979	29
21980	22
21981	31
21982	27
21983	23
21984	20
21985	27
21986	32
21987	29
21988	34
21989	23
21990	24
21991	22
21992	24
21993	28
21994	24
21995	20
21996	25
21997	15
21998	19
21999	26
22000	23
22001	20
22002	22
22003	27
22004	28
22005	23
22006	22
22007	24
22008	23
22009	20
22010	27
22011	30
22012	32
22013	26
22014	22
22015	16
22016	29
22017	23
22018	27
22019	19
22020	31
22021	20
22022	19
22023	25
22024	26
22025	26
22026	13
22027	24
22028	23
22029	18
22030	23
22031	23
22032	19
22033	31
22034	27
22035	23
22036	21
22037	20
22038	31
22039	23
22040	26
22041	22
22042	30
22043	19
22044	27
22045	16
22046	23
22047	27
22048	23
22049	26
22050	20
22051	28
22052	12
22053	19
22054	25
22055	19
22056	18
22057	20
22058	22
22059	26
22060	25
22061	17
22062	18
22063	26
22064	25
22065	31
22066	21
22067	38
22068	12
22069	22
22070	27
22071	22
22072	27
22073	22
22074	21
22075	27
22076	18
22077	23
22078	20
22079	26
22080	31
22081	29
22082	19
22083	23
22084	32
22085	23
22086	27
22087	26
22088	24
22089	17
22090	18
22091	28
22092	16
22093	23
22094	24
22095	19
22096	25
22097	19
22098	25
22099	27
22100	26
22101	16
22102	21
22103	19
22104	29
22105	29
22106	21
22107	16
22108	23
22109	24
22110	21
22111	21
22112	28
22113	19
22114	22
22115	22
22116	20
22117	28
22118	33
22119	30
22120	27
22121	20
22122	28
22123	24
22124	23
22125	23
22126	30
22127	26
22128	23
22129	28
22130	24
22131	26
22132	22
22133	33
22134	22
22135	20
22136	27
22137	26
22138	25
22139	14
22140	31
22141	23
22142	25
22143	23
22144	27
22145	29
22146	20
22147	18
22148	17
22149	20
22150	30
22151	25
22152	14
22153	28
22154	22
22155	24
22156	27
22157	22
22158	26
22159	26
22160	24
22161	31
22162	25
22163	23
22164	15
22165	31
22166	27
22167	16
22168	25
22169	21
22170	23
22171	33
22172	20
22173	25
22174	21
22175	28
22176	34
22177	30
22178	24
22179	31
22180	37
22181	22
22182	25
22183	26
22184	35
22185	29
22186	17
22187	19
22188	20
22189	22
22190	25
22191	21
22192	25
22193	34
22194	30
22195	17
22196	29
22197	20
22198	23
22199	28
22200	30
22201	18
22202	19
22203	27
22204	14
22205	21
22206	25
22207	22
22208	24
22209	25
22210	31
22211	28
22212	20
22213	17
22214	24
22215	27
22216	18
22217	22
22218	25
22219	15
22220	22
22221	31
22222	17
22223	19
22224	20
22225	32
22226	30
22227	23
22228	27
22229	20
22230	16
22231	32
22232	18
22233	20
22234	30
22235	21
22236	16
22237	19
22238	21
22239	23
22240	24
22241	29
22242	29
22243	22
22244	23
22245	21
22246	25
22247	22
22248	18
22249	20
22250	26
22251	20
22252	20
22253	28
22254	37
22255	27
22256	19
22257	19
22258	29
22259	29
22260	26
22261	19
22262	16
22263	26
22264	29
22265	25
22266	24
22267	25
22268	24
22269	19
22270	16
22271	17
22272	27
22273	26
22274	21
22275	24
22276	21
22277	35
22278	29
22279	19
22280	28
22281	16
22282	27
22283	23
22284	25
22285	23
22286	25
22287	22
22288	22
22289	33
22290	18
22291	21
22292	30
22293	31
22294	18
22295	36
22296	25
22297	25
22298	26
22299	16
22300	26
22301	26
22302	21
22303	28
22304	27
22305	11
22306	17
22307	28
22308	21
22309	22
22310	22
22311	26
22312	21
22313	18
22314	18
22315	17
22316	25
22317	28
22318	18
22319	21
22320	22
22321	24
22322	16
22323	29
22324	19
22325	25
22326	17
22327	28
22328	25
22329	26
22330	27
22331	19
22332	27
22333	26
22334	24
22335	23
22336	25
22337	22
22338	14
22339	25
22340	31
22341	22
22342	29
22343	14
22344	22
22345	18
22346	22
22347	20
22348	24
22349	31
22350	26
22351	26
22352	22
22353	29
22354	18
22355	26
22356	19
22357	17
22358	24
22359	23
22360	24
22361	28
22362	30
22363	27
22364	23
22365	28
22366	22
22367	24
22368	16
22369	23
22370	27
22371	23
22372	17
22373	19
22374	16
22375	15
22376	31
22377	21
22378	25
22379	21
22380	26
22381	24
22382	18
22383	16
22384	25
22385	22
22386	14
22387	14
22388	24
22389	24
22390	24
22391	24
22392	29
22393	23
22394	29
22395	25
22396	19
22397	34
22398	21
22399	29
22400	15
22401	29
22402	26
22403	15
22404	29
22405	23
22406	28
22407	23
22408	18
22409	17
22410	24
22411	29
22412	23
22413	30
22414	29
22415	24
22416	14
22417	19
22418	22
22419	18
22420	29
22421	22
22422	33
22423	16
22424	18
22425	21
22426	29
22427	25
22428	26
22429	21
22430	21
22431	24
22432	17
22433	22
22434	27
22435	20
22436	16
22437	23
22438	26
22439	28
22440	21
22441	20
22442	19
22443	27
22444	28
22445	23
22446	23
22447	28
22448	18
22449	28
22450	26
22451	29
22452	16
22453	15
22454	12
22455	27
22456	16
22457	23
22458	25
22459	26
22460	33
22461	19
22462	16
22463	22
22464	29
22465	18
22466	26
22467	16
22468	16
22469	25
22470	17
22471	23
22472	20
22473	30
22474	20
22475	17
22476	24
22477	23
22478	23
22479	18
22480	23
22481	17
22482	28
22483	23
22484	25
22485	24
22486	18
22487	23
22488	35
22489	25
22490	26
22491	18
22492	28
22493	16
22494	33
22495	25
22496	21
22497	28
22498	22
22499	26
22500	19
22501	23
22502	25
22503	24
22504	19
22505	20
22506	25
22507	27
22508	23
22509	25
22510	26
22511	19
22512	21
22513	19
22514	31
22515	24
22516	28
22517	23
22518	31
22519	26
22520	20
22521	24
22522	23
22523	26
22524	23
22525	26
22526	14
22527	23
22528	16
22529	19
22530	18
22531	22
22532	31
22533	20
22534	28
22535	17
22536	18
22537	29
22538	15
22539	24
22540	20
22541	15
22542	30
22543	19
22544	26
22545	24
22546	16
22547	29
22548	23
22549	23
22550	13
22551	19
22552	20
22553	19
22554	21
22555	20
22556	21
22557	13
22558	18
22559	26
22560	28
22561	24
22562	24
22563	20
22564	22
22565	24
22566	25
22567	26
22568	15
22569	22
22570	23
22571	23
22572	21
22573	15
22574	18
22575	24
22576	27
22577	18
22578	21
22579	18
22580	20
22581	18
22582	25
22583	24
22584	17
22585	24
22586	20
22587	22
22588	23
22589	23
22590	20
22591	23
22592	25
22593	19
22594	18
22595	18
22596	26
22597	20
22598	42
22599	17
22600	25
22601	23
22602	21
22603	25
22604	29
22605	23
22606	25
22607	16
22608	21
22609	23
22610	28
22611	28
22612	29
22613	25
22614	22
22615	20
22616	26
22617	21
22618	25
22619	24
22620	25
22621	17
22622	23
22623	20
22624	16
22625	26
22626	19
22627	30
22628	19
22629	22
22630	23
22631	26
22632	26
22633	30
22634	18
22635	21
22636	18
22637	29
22638	28
22639	19
22640	17
22641	20
22642	19
22643	22
22644	35
22645	31
22646	17
22647	27
22648	18
22649	16
22650	20
22651	22
22652	17
22653	21
22654	22
22655	21
22656	23
22657	24
22658	20
22659	17
22660	20
22661	21
22662	20
22663	18
22664	25
22665	16
22666	27
22667	15
22668	24
22669	24
22670	23
22671	27
22672	21
22673	19
22674	24
22675	32
22676	19
22677	21
22678	22
22679	25
22680	25
22681	22
22682	21
22683	25
22684	26
22685	21
22686	21
22687	17
22688	19
22689	13
22690	25
22691	27
22692	30
22693	16
22694	21
22695	14
22696	21
22697	30
22698	28
22699	27
22700	26
22701	25
22702	28
22703	23
22704	20
22705	23
22706	13
22707	20
22708	25
22709	22
22710	19
22711	25
22712	19
22713	25
22714	19
22715	16
22716	28
22717	21
22718	29
22719	15
22720	18
22721	26
22722	20
22723	24
22724	13
22725	21
22726	20
22727	14
22728	24
22729	22
22730	28
22731	19
22732	20
22733	16
22734	25
22735	22
22736	14
22737	20
22738	25
22739	24
22740	29
22741	17
22742	26
22743	15
22744	29
22745	22
22746	23
22747	28
22748	31
22749	22
22750	19
22751	31
22752	20
22753	26
22754	21
22755	20
22756	20
22757	15
22758	28
22759	15
22760	23
22761	24
22762	21
22763	24
22764	29
22765	24
22766	29
22767	21
22768	17
22769	12
22770	18
22771	30
22772	29
22773	13
22774	20
22775	25
22776	26
22777	29
22778	22
22779	21
22780	29
22781	19
22782	29
22783	20
22784	20
22785	25
22786	25
22787	23
22788	24
22789	14
22790	24
22791	21
22792	29
22793	25
22794	20
22795	22
22796	19
22797	15
22798	19
22799	18
22800	21
22801	22
22802	25
22803	24
22804	20
22805	24
22806	21
22807	16
22808	22
22809	19
22810	16
22811	22
22812	19
22813	28
22814	20
22815	25
22816	25
22817	24
22818	21
22819	26
22820	12
22821	29
22822	17
22823	18
22824	29
22825	25
22826	29
22827	23
22828	14
22829	11
22830	28
22831	19
22832	18
22833	22
22834	24
22835	23
22836	28
22837	10
22838	21
22839	18
22840	28
22841	24
22842	21
22843	23
22844	16
22845	30
22846	26
22847	30
22848	26
22849	23
22850	25
22851	23
22852	22
22853	18
22854	22
22855	16
22856	24
22857	14
22858	23
22859	19
22860	27
22861	21
22862	17
22863	21
22864	23
22865	24
22866	19
22867	18
22868	25
22869	30
22870	20
22871	16
22872	29
22873	29
22874	18
22875	20
22876	21
22877	22
22878	17
22879	25
22880	29
22881	26
22882	22
22883	27
22884	20
22885	12
22886	15
22887	25
22888	21
22889	16
22890	21
22891	22
22892	20
22893	17
22894	22
22895	18
22896	13
22897	15
22898	23
22899	17
22900	22
22901	18
22902	14
22903	20
22904	19
22905	18
22906	18
22907	22
22908	21
22909	25
22910	26
22911	17
22912	23
22913	24
22914	21
22915	26
22916	21
22917	18
22918	26
22919	16
22920	25
22921	19
22922	26
22923	26
22924	21
22925	20
22926	22
22927	31
22928	24
22929	17
22930	29
22931	19
22932	27
22933	25
22934	19
22935	20
22936	20
22937	19
22938	26
22939	23
22940	13
22941	15
22942	20
22943	20
22944	15
22945	22
22946	20
22947	18
22948	23
22949	16
22950	22
22951	21
22952	14
22953	15
22954	18
22955	19
22956	20
22957	19
22958	13
22959	28
22960	26
22961	15
22962	18
22963	21
22964	18
22965	22
22966	19
22967	24
22968	27
22969	27
22970	27
22971	18
22972	18
22973	20
22974	30
22975	20
22976	10
22977	16
22978	18
22979	24
22980	23
22981	17
22982	20
22983	16
22984	25
22985	23
22986	16
22987	22
22988	18
22989	19
22990	24
22991	27
22992	17
22993	27
22994	21
22995	22
22996	21
22997	23
22998	21
22999	19
23000	12
23001	25
23002	18
23003	18
23004	23
23005	18
23006	26
23007	22
23008	30
23009	17
23010	15
23011	25
23012	24
23013	25
23014	23
23015	20
23016	15
23017	20
23018	20
23019	23
23020	19
23021	17
23022	22
23023	17
23024	17
23025	19
23026	26
23027	16
23028	24
23029	20
23030	18
23031	17
23032	22
23033	22
23034	21
23035	23
23036	27
23037	18
23038	23
23039	18
23040	25
23041	18
23042	27
23043	20
23044	17
23045	20
23046	16
23047	19
23048	14
23049	22
23050	28
23051	31
23052	25
23053	15
23054	18
23055	21
23056	12
23057	22
23058	23
23059	23
23060	20
23061	22
23062	22
23063	27
23064	25
23065	23
23066	22
23067	28
23068	10
23069	11
23070	17
23071	20
23072	20
23073	25
23074	24
23075	13
23076	20
23077	24
23078	23
23079	24
23080	24
23081	17
23082	20
23083	24
23084	22
23085	20
23086	19
23087	18
23088	22
23089	16
23090	19
23091	17
23092	18
23093	15
23094	19
23095	17
23096	18
23097	27
23098	22
23099	19
23100	22
23101	22
23102	17
23103	26
23104	25
23105	15
23106	32
23107	21
23108	15
23109	17
23110	13
23111	13
23112	19
23113	22
23114	22
23115	25
23116	20
23117	25
23118	19
23119	13
23120	19
23121	23
23122	18
23123	22
23124	18
23125	23
23126	27
23127	18
23128	24
23129	22
23130	12
23131	20
23132	18
23133	18
23134	19
23135	15
23136	28
23137	25
23138	21
23139	24
23140	21
23141	17
23142	21
23143	21
23144	25
23145	23
23146	16
23147	22
23148	26
23149	25
23150	15
23151	18
23152	19
23153	17
23154	15
23155	22
23156	13
23157	15
23158	16
23159	27
23160	17
23161	15
23162	21
23163	25
23164	19
23165	22
23166	20
23167	18
23168	24
23169	22
23170	29
23171	21
23172	17
23173	13
23174	16
23175	24
23176	15
23177	24
23178	29
23179	29
23180	16
23181	27
23182	28
23183	15
23184	16
23185	17
23186	27
23187	19
23188	23
23189	18
23190	25
23191	23
23192	18
23193	22
23194	20
23195	22
23196	18
23197	29
23198	18
23199	15
23200	19
23201	20
23202	22
23203	31
23204	24
23205	25
23206	23
23207	18
23208	19
23209	19
23210	22
23211	15
23212	8
23213	19
23214	15
23215	18
23216	21
23217	24
23218	23
23219	18
23220	20
23221	30
23222	19
23223	23
23224	26
23225	23
23226	25
23227	23
23228	23
23229	18
23230	15
23231	26
23232	15
23233	24
23234	27
23235	22
23236	27
23237	14
23238	21
23239	24
23240	28
23241	33
23242	19
23243	12
23244	23
23245	24
23246	17
23247	27
23248	13
23249	17
23250	22
23251	28
23252	18
23253	17
23254	13
23255	29
23256	16
23257	24
23258	16
23259	26
23260	34
23261	12
23262	20
23263	24
23264	19
23265	18
23266	22
23267	20
23268	22
23269	21
23270	23
23271	22
23272	23
23273	18
23274	30
23275	26
23276	23
23277	16
23278	25
23279	16
23280	29
23281	19
23282	26
23283	23
23284	17
23285	17
23286	26
23287	19
23288	18
23289	18
23290	20
23291	16
23292	17
23293	15
23294	23
23295	18
23296	18
23297	29
23298	19
23299	19
23300	13
23301	16
23302	20
23303	21
23304	14
23305	27
23306	15
23307	27
23308	16
23309	15
23310	18
23311	19
23312	18
23313	12
23314	26
23315	23
23316	20
23317	18
23318	18
23319	17
23320	18
23321	19
23322	18
23323	16
23324	22
23325	25
23326	16
23327	19
23328	14
23329	18
23330	21
23331	19
23332	23
23333	21
23334	22
23335	18
23336	18
23337	18
23338	22
23339	21
23340	22
23341	22
23342	18
23343	21
23344	18
23345	28
23346	20
23347	24
23348	19
23349	15
23350	16
23351	23
23352	26
23353	22
23354	22
23355	14
23356	23
23357	20
23358	29
23359	15
23360	25
23361	21
23362	20
23363	20
23364	13
23365	25
23366	19
23367	20
23368	19
23369	17
23370	16
23371	13
23372	30
23373	12
23374	23
23375	24
23376	12
23377	17
23378	19
23379	25
23380	16
23381	14
23382	20
23383	29
23384	19
23385	20
23386	32
23387	18
23388	26
23389	23
23390	18
23391	9
23392	17
23393	25
23394	15
23395	19
23396	19
23397	15
23398	19
23399	19
23400	22
23401	18
23402	21
23403	17
23404	22
23405	19
23406	19
23407	17
23408	16
23409	23
23410	25
23411	16
23412	25
23413	21
23414	20
23415	23
23416	15
23417	23
23418	13
23419	16
23420	22
23421	13
23422	15
23423	16
23424	18
23425	23
23426	25
23427	16
23428	30
23429	20
23430	22
23431	22
23432	19
23433	24
23434	20
23435	18
23436	18
23437	23
23438	26
23439	27
23440	15
23441	19
23442	30
23443	19
23444	22
23445	18
23446	24
23447	14
23448	14
23449	21
23450	22
23451	25
23452	16
23453	21
23454	14
23455	22
23456	20
23457	23
23458	18
23459	13
23460	23
23461	23
23462	20
23463	17
23464	22
23465	17
23466	14
23467	18
23468	16
23469	19
23470	30
23471	23
23472	15
23473	21
23474	14
23475	21
23476	18
23477	10
23478	15
23479	19
23480	14
23481	25
23482	19
23483	21
23484	24
23485	24
23486	23
23487	17
23488	12
23489	24
23490	21
23491	21
23492	13
23493	18
23494	20
23495	19
23496	19
23497	19
23498	13
23499	13
23500	18
23501	16
23502	19
23503	23
23504	24
23505	18
23506	29
23507	16
23508	28
23509	22
23510	20
23511	16
23512	17
23513	17
23514	15
23515	24
23516	15
23517	25
23518	19
23519	21
23520	22
23521	17
23522	25
23523	17
23524	15
23525	15
23526	25
23527	17
23528	21
23529	24
23530	17
23531	19
23532	20
23533	14
23534	18
23535	27
23536	22
23537	25
23538	19
23539	22
23540	18
23541	20
23542	12
23543	19
23544	26
23545	14
23546	21
23547	13
23548	15
23549	20
23550	23
23551	23
23552	23
23553	19
23554	12
23555	18
23556	12
23557	19
23558	19
23559	19
23560	18
23561	14
23562	20
23563	26
23564	27
23565	19
23566	23
23567	20
23568	13
23569	15
23570	17
23571	19
23572	14
23573	26
23574	15
23575	19
23576	19
23577	16
23578	24
23579	19
23580	14
23581	24
23582	22
23583	18
23584	14
23585	19
23586	23
23587	23
23588	22
23589	15
23590	22
23591	16
23592	16
23593	19
23594	20
23595	23
23596	19
23597	20
23598	24
23599	25
23600	18
23601	18
23602	23
23603	18
23604	16
23605	16
23606	15
23607	21
23608	17
23609	23
23610	20
23611	14
23612	26
23613	17
23614	18
23615	24
23616	19
23617	18
23618	13
23619	27
23620	24
23621	23
23622	13
23623	19
23624	10
23625	14
23626	15
23627	19
23628	15
23629	19
23630	20
23631	21
23632	29
23633	19
23634	23
23635	18
23636	19
23637	7
23638	11
23639	20
23640	20
23641	17
23642	16
23643	15
23644	16
23645	21
23646	25
23647	18
23648	17
23649	25
23650	19
23651	19
23652	33
23653	14
23654	17
23655	12
23656	16
23657	23
23658	18
23659	24
23660	15
23661	18
23662	14
23663	20
23664	25
23665	19
23666	23
23667	24
23668	16
23669	22
23670	17
23671	14
23672	15
23673	20
23674	18
23675	17
23676	15
23677	22
23678	22
23679	16
23680	24
23681	14
23682	26
23683	19
23684	15
23685	18
23686	23
23687	24
23688	15
23689	16
23690	19
23691	20
23692	17
23693	22
23694	15
23695	21
23696	19
23697	15
23698	12
23699	16
23700	20
23701	31
23702	15
23703	18
23704	20
23705	13
23706	15
23707	17
23708	18
23709	18
23710	24
23711	28
23712	17
23713	17
23714	26
23715	17
23716	15
23717	18
23718	16
23719	18
23720	13
23721	19
23722	16
23723	18
23724	22
23725	18
23726	16
23727	21
23728	17
23729	14
23730	22
23731	22
23732	9
23733	12
23734	18
23735	23
23736	18
23737	21
23738	15
23739	27
23740	8
23741	15
23742	16
23743	25
23744	16
23745	13
23746	18
23747	14
23748	32
23749	15
23750	16
23751	18
23752	23
23753	24
23754	15
23755	16
23756	16
23757	25
23758	12
23759	27
23760	21
23761	20
23762	16
23763	15
23764	18
23765	18
23766	22
23767	30
23768	23
23769	11
23770	7
23771	29
23772	32
23773	14
23774	25
23775	28
23776	18
23777	20
23778	17
23779	19
23780	24
23781	27
23782	19
23783	18
23784	16
23785	19
23786	9
23787	27
23788	13
23789	22
23790	18
23791	20
23792	17
23793	20
23794	16
23795	14
23796	16
23797	12
23798	20
23799	8
23800	20
23801	16
23802	18
23803	21
23804	16
23805	15
23806	16
23807	19
23808	19
23809	24
23810	17
23811	25
23812	20
23813	22
23814	15
23815	9
23816	16
23817	13
23818	14
23819	22
23820	27
23821	18
23822	26
23823	18
23824	16
23825	18
23826	19
23827	15
23828	15
23829	23
23830	20
23831	12
23832	29
23833	13
23834	15
23835	15
23836	16
23837	20
23838	21
23839	13
23840	16
23841	9
23842	13
23843	26
23844	19
23845	23
23846	22
23847	11
23848	22
23849	17
23850	11
23851	19
23852	21
23853	25
23854	11
23855	23
23856	24
23857	17
23858	13
23859	22
23860	29
23861	16
23862	14
23863	13
23864	33
23865	20
23866	18
23867	21
23868	16
23869	19
23870	20
23871	14
23872	19
23873	26
23874	12
23875	24
23876	23
23877	19
23878	20
23879	15
23880	27
23881	16
23882	12
23883	18
23884	22
23885	13
23886	13
23887	14
23888	9
23889	13
23890	16
23891	19
23892	11
23893	15
23894	18
23895	21
23896	22
23897	22
23898	12
23899	13
23900	14
23901	18
23902	10
23903	17
23904	14
23905	24
23906	14
23907	12
23908	16
23909	17
23910	17
23911	18
23912	17
23913	15
23914	12
23915	15
23916	25
23917	25
23918	16
23919	24
23920	12
23921	15
23922	11
23923	15
23924	19
23925	18
23926	12
23927	23
23928	30
23929	13
23930	17
23931	22
23932	26
23933	15
23934	19
23935	10
23936	18
23937	19
23938	18
23939	24
23940	21
23941	16
23942	11
23943	15
23944	23
23945	17
23946	19
23947	20
23948	18
23949	23
23950	18
23951	21
23952	17
23953	15
23954	17
23955	13
23956	31
23957	20
23958	20
23959	18
23960	21
23961	19
23962	18
23963	16
23964	18
23965	19
23966	11
23967	18
23968	15
23969	21
23970	12
23971	15
23972	21
23973	13
23974	15
23975	16
23976	12
23977	23
23978	21
23979	22
23980	20
23981	16
23982	23
23983	12
23984	13
23985	20
23986	17
23987	10
23988	21
23989	15
23990	21
23991	12
23992	20
23993	16
23994	21
23995	23
23996	11
23997	15
23998	16
23999	14
24000	25
24001	17
24002	12
24003	14
24004	18
24005	15
24006	18
24007	21
24008	20
24009	17
24010	20
24011	20
24012	19
24013	23
24014	20
24015	21
24016	12
24017	12
24018	26
24019	21
24020	10
24021	20
24022	16
24023	20
24024	18
24025	21
24026	23
24027	25
24028	14
24029	22
24030	19
24031	18
24032	14
24033	20
24034	22
24035	19
24036	13
24037	24
24038	16
24039	21
24040	10
24041	17
24042	14
24043	16
24044	20
24045	10
24046	18
24047	17
24048	19
24049	16
24050	24
24051	24
24052	19
24053	15
24054	17
24055	14
24056	15
24057	16
24058	15
24059	18
24060	10
24061	13
24062	25
24063	14
24064	26
24065	16
24066	19
24067	22
24068	17
24069	12
24070	21
24071	15
24072	30
24073	17
24074	18
24075	17
24076	15
24077	23
24078	19
24079	16
24080	22
24081	24
24082	18
24083	28
24084	21
24085	15
24086	19
24087	29
24088	9
24089	24
24090	20
24091	21
24092	26
24093	16
24094	15
24095	14
24096	14
24097	21
24098	17
24099	9
24100	20
24101	18
24102	22
24103	21
24104	15
24105	16
24106	11
24107	16
24108	14
24109	15
24110	20
24111	19
24112	19
24113	21
24114	12
24115	16
24116	22
24117	22
24118	15
24119	16
24120	22
24121	18
24122	12
24123	10
24124	14
24125	15
24126	16
24127	24
24128	21
24129	16
24130	21
24131	12
24132	16
24133	17
24134	20
24135	26
24136	23
24137	12
24138	24
24139	19
24140	16
24141	20
24142	15
24143	16
24144	15
24145	17
24146	24
24147	18
24148	18
24149	19
24150	9
24151	13
24152	15
24153	26
24154	22
24155	23
24156	14
24157	15
24158	14
24159	17
24160	21
24161	12
24162	19
24163	19
24164	16
24165	20
24166	15
24167	19
24168	21
24169	13
24170	20
24171	23
24172	19
24173	15
24174	14
24175	15
24176	17
24177	17
24178	15
24179	21
24180	8
24181	21
24182	17
24183	9
24184	16
24185	11
24186	17
24187	17
24188	15
24189	14
24190	17
24191	18
24192	16
24193	15
24194	17
24195	18
24196	19
24197	14
24198	14
24199	19
24200	10
24201	16
24202	17
24203	18
24204	24
24205	17
24206	20
24207	21
24208	19
24209	13
24210	16
24211	16
24212	16
24213	19
24214	16
24215	9
24216	30
24217	24
24218	14
24219	22
24220	14
24221	16
24222	20
24223	15
24224	16
24225	14
24226	29
24227	16
24228	21
24229	15
24230	22
24231	17
24232	17
24233	20
24234	15
24235	14
24236	13
24237	18
24238	21
24239	25
24240	21
24241	18
24242	11
24243	23
24244	11
24245	21
24246	21
24247	23
24248	13
24249	11
24250	12
24251	14
24252	16
24253	16
24254	20
24255	18
24256	18
24257	15
24258	18
24259	26
24260	25
24261	19
24262	15
24263	20
24264	19
24265	21
24266	15
24267	18
24268	23
24269	25
24270	23
24271	13
24272	12
24273	15
24274	17
24275	20
24276	12
24277	24
24278	12
24279	16
24280	12
24281	15
24282	16
24283	14
24284	19
24285	12
24286	22
24287	21
24288	25
24289	14
24290	11
24291	9
24292	16
24293	19
24294	16
24295	18
24296	19
24297	26
24298	15
24299	19
24300	17
24301	16
24302	13
24303	19
24304	21
24305	15
24306	20
24307	22
24308	19
24309	14
24310	10
24311	14
24312	14
24313	11
24314	23
24315	20
24316	23
24317	19
24318	20
24319	17
24320	15
24321	22
24322	13
24323	24
24324	19
24325	13
24326	15
24327	17
24328	17
24329	20
24330	18
24331	14
24332	14
24333	21
24334	26
24335	12
24336	9
24337	15
24338	16
24339	22
24340	17
24341	16
24342	12
24343	19
24344	15
24345	23
24346	16
24347	15
24348	17
24349	13
24350	19
24351	16
24352	13
24353	18
24354	16
24355	18
24356	16
24357	17
24358	10
24359	18
24360	12
24361	18
24362	13
24363	19
24364	19
24365	23
24366	31
24367	17
24368	15
24369	23
24370	15
24371	24
24372	13
24373	19
24374	17
24375	18
24376	19
24377	19
24378	15
24379	7
24380	10
24381	10
24382	19
24383	22
24384	8
24385	19
24386	19
24387	20
24388	15
24389	12
24390	14
24391	26
24392	21
24393	21
24394	21
24395	18
24396	16
24397	14
24398	14
24399	13
24400	21
24401	19
24402	17
24403	15
24404	19
24405	18
24406	19
24407	16
24408	25
24409	21
24410	19
24411	18
24412	23
24413	14
24414	13
24415	22
24416	15
24417	19
24418	10
24419	8
24420	20
24421	18
24422	21
24423	12
24424	15
24425	15
24426	17
24427	15
24428	19
24429	17
24430	17
24431	18
24432	22
24433	17
24434	23
24435	11
24436	12
24437	19
24438	16
24439	23
24440	14
24441	11
24442	16
24443	30
24444	20
24445	19
24446	26
24447	13
24448	20
24449	9
24450	14
24451	21
24452	16
24453	20
24454	12
24455	16
24456	15
24457	22
24458	17
24459	8
24460	14
24461	11
24462	22
24463	18
24464	19
24465	10
24466	10
24467	17
24468	18
24469	18
24470	25
24471	16
24472	9
24473	12
24474	18
24475	10
24476	14
24477	16
24478	18
24479	16
24480	13
24481	16
24482	17
24483	13
24484	23
24485	15
24486	17
24487	16
24488	17
24489	13
24490	14
24491	17
24492	23
24493	26
24494	19
24495	17
24496	22
24497	11
24498	15
24499	14
24500	15
24501	21
24502	14
24503	18
24504	18
24505	9
24506	13
24507	15
24508	26
24509	18
24510	15
24511	13
24512	11
24513	17
24514	17
24515	20
24516	23
24517	15
24518	21
24519	14
24520	9
24521	17
24522	18
24523	11
24524	16
24525	16
24526	13
24527	14
24528	18
24529	18
24530	17
24531	20
24532	13
24533	21
24534	17
24535	15
24536	21
24537	15
24538	14
24539	18
24540	9
24541	11
24542	16
24543	14
24544	14
24545	22
24546	27
24547	22
24548	11
24549	16
24550	9
24551	18
24552	15
24553	14
24554	20
24555	15
24556	25
24557	21
24558	18
24559	14
24560	21
24561	19
24562	17
24563	10
24564	20
24565	16
24566	17
24567	7
24568	20
24569	14
24570	13
24571	18
24572	17
24573	18
24574	15
24575	15
24576	14
24577	15
24578	20
24579	17
24580	22
24581	14
24582	26
24583	17
24584	16
24585	16
24586	16
24587	19
24588	27
24589	15
24590	15
24591	23
24592	20
24593	20
24594	16
24595	12
24596	14
24597	16
24598	13
24599	12
24600	23
24601	17
24602	15
24603	16
24604	22
24605	19
24606	12
24607	17
24608	14
24609	16
24610	13
24611	22
24612	18
24613	12
24614	13
24615	23
24616	20
24617	22
24618	14
24619	21
24620	13
24621	21
24622	17
24623	10
24624	9
24625	17
24626	20
24627	20
24628	14
24629	13
24630	12
24631	15
24632	14
24633	11
24634	13
24635	23
24636	11
24637	13
24638	19
24639	13
24640	11
24641	15
24642	11
24643	14
24644	19
24645	9
24646	11
24647	17
24648	14
24649	17
24650	15
24651	15
24652	17
24653	20
24654	14
24655	16
24656	16
24657	21
24658	21
24659	16
24660	15
24661	20
24662	14
24663	14
24664	24
24665	19
24666	11
24667	14
24668	18
24669	13
24670	18
24671	17
24672	20
24673	20
24674	13
24675	20
24676	20
24677	21
24678	9
24679	22
24680	12
24681	13
24682	24
24683	12
24684	19
24685	13
24686	17
24687	13
24688	17
24689	19
24690	12
24691	16
24692	19
24693	16
24694	11
24695	20
24696	15
24697	8
24698	15
24699	9
24700	15
24701	11
24702	25
24703	12
24704	9
24705	15
24706	19
24707	22
24708	19
24709	13
24710	12
24711	14
24712	13
24713	21
24714	11
24715	20
24716	18
24717	10
24718	13
24719	14
24720	18
24721	20
24722	20
24723	14
24724	20
24725	20
24726	11
24727	12
24728	13
24729	18
24730	15
24731	15
24732	6
24733	15
24734	11
24735	23
24736	11
24737	12
24738	19
24739	21
24740	15
24741	9
24742	15
24743	11
24744	17
24745	10
24746	14
24747	14
24748	18
24749	8
24750	16
24751	13
24752	14
24753	12
24754	10
24755	13
24756	12
24757	19
24758	22
24759	15
24760	17
24761	16
24762	22
24763	16
24764	19
24765	14
24766	14
24767	11
24768	12
24769	10
24770	16
24771	11
24772	13
24773	19
24774	24
24775	14
24776	8
24777	20
24778	15
24779	18
24780	16
24781	11
24782	14
24783	11
24784	17
24785	16
24786	19
24787	14
24788	16
24789	9
24790	17
24791	18
24792	13
24793	18
24794	14
24795	14
24796	12
24797	9
24798	9
24799	13
24800	19
24801	20
24802	21
24803	24
24804	25
24805	17
24806	13
24807	15
24808	13
24809	12
24810	16
24811	12
24812	11
24813	19
24814	16
24815	14
24816	10
24817	17
24818	14
24819	14
24820	15
24821	19
24822	9
24823	10
24824	16
24825	16
24826	21
24827	16
24828	17
24829	18
24830	12
24831	15
24832	15
24833	17
24834	16
24835	17
24836	13
24837	17
24838	10
24839	20
24840	13
24841	11
24842	17
24843	17
24844	15
24845	13
24846	14
24847	15
24848	16
24849	18
24850	18
24851	19
24852	18
24853	12
24854	16
24855	14
24856	20
24857	9
24858	15
24859	11
24860	17
24861	10
24862	22
24863	13
24864	11
24865	13
24866	13
24867	11
24868	21
24869	16
24870	18
24871	12
24872	18
24873	10
24874	16
24875	14
24876	15
24877	6
24878	19
24879	12
24880	19
24881	17
24882	12
24883	12
24884	12
24885	15
24886	24
24887	20
24888	19
24889	16
24890	14
24891	18
24892	16
24893	15
24894	12
24895	16
24896	14
24897	17
24898	13
24899	10
24900	16
24901	16
24902	13
24903	9
24904	12
24905	14
24906	15
24907	10
24908	19
24909	12
24910	5
24911	19
24912	15
24913	15
24914	12
24915	24
24916	19
24917	17
24918	23
24919	14
24920	25
24921	8
24922	17
24923	14
24924	10
24925	16
24926	18
24927	17
24928	13
24929	15
24930	22
24931	13
24932	18
24933	21
24934	11
24935	23
24936	13
24937	22
24938	15
24939	15
24940	17
24941	17
24942	9
24943	16
24944	17
24945	18
24946	16
24947	11
24948	11
24949	12
24950	17
24951	8
24952	12
24953	9
24954	13
24955	21
24956	9
24957	14
24958	17
24959	15
24960	18
24961	14
24962	17
24963	17
24964	17
24965	22
24966	18
24967	12
24968	19
24969	11
24970	17
24971	21
24972	19
24973	18
24974	12
24975	25
24976	15
24977	20
24978	17
24979	26
24980	21
24981	7
24982	11
24983	24
24984	13
24985	19
24986	11
24987	18
24988	20
24989	10
24990	16
24991	21
24992	14
24993	18
24994	19
24995	14
24996	17
24997	14
24998	17
24999	16
25000	13
25001	19
25002	17
25003	21
25004	13
25005	15
25006	19
25007	10
25008	13
25009	9
25010	13
25011	13
25012	14
25013	14
25014	11
25015	13
25016	14
25017	19
25018	14
25019	13
25020	10
25021	14
25022	20
25023	11
25024	9
25025	17
25026	18
25027	17
25028	12
25029	17
25030	17
25031	17
25032	13
25033	14
25034	21
25035	20
25036	11
25037	25
25038	15
25039	13
25040	21
25041	14
25042	11
25043	13
25044	17
25045	8
25046	11
25047	14
25048	15
25049	13
25050	14
25051	10
25052	18
25053	13
25054	18
25055	15
25056	19
25057	14
25058	14
25059	10
25060	11
25061	16
25062	13
25063	17
25064	21
25065	19
25066	12
25067	14
25068	18
25069	16
25070	12
25071	22
25072	16
25073	9
25074	14
25075	11
25076	12
25077	15
25078	9
25079	17
25080	16
25081	10
25082	9
25083	17
25084	10
25085	14
25086	19
25087	9
25088	15
25089	19
25090	13
25091	20
25092	22
25093	12
25094	15
25095	13
25096	9
25097	14
25098	19
25099	17
25100	16
25101	11
25102	20
25103	14
25104	15
25105	17
25106	6
25107	18
25108	12
25109	18
25110	13
25111	25
25112	14
25113	15
25114	17
25115	14
25116	17
25117	12
25118	14
25119	11
25120	19
25121	17
25122	18
25123	22
25124	15
25125	7
25126	17
25127	14
25128	11
25129	13
25130	14
25131	12
25132	17
25133	9
25134	17
25135	12
25136	14
25137	14
25138	17
25139	24
25140	16
25141	17
25142	11
25143	17
25144	13
25145	14
25146	13
25147	15
25148	13
25149	17
25150	13
25151	17
25152	18
25153	16
25154	13
25155	17
25156	8
25157	20
25158	14
25159	19
25160	8
25161	13
25162	10
25163	21
25164	12
25165	14
25166	17
25167	12
25168	21
25169	18
25170	19
25171	12
25172	19
25173	11
25174	7
25175	12
25176	13
25177	11
25178	14
25179	16
25180	20
25181	14
25182	13
25183	14
25184	9
25185	10
25186	13
25187	14
25188	18
25189	14
25190	21
25191	11
25192	13
25193	15
25194	10
25195	16
25196	8
25197	10
25198	12
25199	14
25200	7
25201	14
25202	14
25203	18
25204	15
25205	14
25206	15
25207	14
25208	15
25209	13
25210	16
25211	15
25212	16
25213	9
25214	20
25215	21
25216	18
25217	15
25218	16
25219	12
25220	13
25221	11
25222	16
25223	18
25224	14
25225	12
25226	16
25227	10
25228	18
25229	10
25230	20
25231	9
25232	17
25233	14
25234	9
25235	23
25236	13
25237	14
25238	13
25239	10
25240	13
25241	12
25242	13
25243	7
25244	11
25245	8
25246	22
25247	20
25248	10
25249	13
25250	14
25251	16
25252	19
25253	12
25254	14
25255	15
25256	18
25257	9
25258	12
25259	19
25260	18
25261	14
25262	10
25263	15
25264	11
25265	12
25266	10
25267	13
25268	17
25269	11
25270	16
25271	16
25272	12
25273	11
25274	16
25275	9
25276	16
25277	14
25278	12
25279	19
25280	22
25281	19
25282	12
25283	18
25284	15
25285	18
25286	16
25287	12
25288	8
25289	16
25290	17
25291	18
25292	11
25293	20
25294	18
25295	23
25296	14
25297	13
25298	15
25299	14
25300	19
25301	22
25302	16
25303	10
25304	16
25305	18
25306	13
25307	12
25308	9
25309	13
25310	12
25311	8
25312	12
25313	19
25314	17
25315	12
25316	12
25317	19
25318	8
25319	16
25320	11
25321	6
25322	10
25323	17
25324	9
25325	11
25326	13
25327	17
25328	8
25329	7
25330	12
25331	7
25332	17
25333	12
25334	15
25335	10
25336	18
25337	12
25338	20
25339	20
25340	19
25341	17
25342	9
25343	14
25344	15
25345	25
25346	18
25347	12
25348	18
25349	16
25350	11
25351	12
25352	14
25353	13
25354	11
25355	23
25356	10
25357	19
25358	17
25359	14
25360	12
25361	19
25362	17
25363	11
25364	14
25365	12
25366	22
25367	15
25368	7
25369	14
25370	16
25371	18
25372	10
25373	14
25374	17
25375	8
25376	17
25377	7
25378	13
25379	12
25380	10
25381	9
25382	20
25383	9
25384	12
25385	9
25386	15
25387	14
25388	13
25389	14
25390	14
25391	11
25392	13
25393	13
25394	9
25395	17
25396	9
25397	7
25398	9
25399	15
25400	16
25401	11
25402	15
25403	10
25404	9
25405	16
25406	10
25407	9
25408	14
25409	18
25410	13
25411	17
25412	13
25413	12
25414	16
25415	13
25416	15
25417	17
25418	16
25419	14
25420	13
25421	16
25422	10
25423	14
25424	13
25425	18
25426	19
25427	14
25428	11
25429	16
25430	16
25431	14
25432	17
25433	13
25434	10
25435	13
25436	12
25437	12
25438	11
25439	9
25440	11
25441	9
25442	11
25443	23
25444	22
25445	13
25446	13
25447	21
25448	19
25449	14
25450	12
25451	11
25452	12
25453	11
25454	14
25455	7
25456	10
25457	15
25458	12
25459	14
25460	12
25461	18
25462	15
25463	10
25464	15
25465	9
25466	6
25467	13
25468	13
25469	8
25470	14
25471	15
25472	11
25473	13
25474	14
25475	12
25476	17
25477	11
25478	7
25479	6
25480	14
25481	16
25482	18
25483	13
25484	17
25485	13
25486	10
25487	16
25488	14
25489	15
25490	12
25491	12
25492	12
25493	12
25494	12
25495	16
25496	17
25497	18
25498	16
25499	23
25500	11
25501	18
25502	18
25503	15
25504	10
25505	15
25506	14
25507	16
25508	14
25509	22
25510	17
25511	15
25512	10
25513	15
25514	14
25515	14
25516	9
25517	15
25518	10
25519	15
25520	11
25521	12
25522	16
25523	11
25524	14
25525	13
25526	9
25527	14
25528	8
25529	14
25530	12
25531	13
25532	14
25533	12
25534	10
25535	12
25536	12
25537	14
25538	13
25539	14
25540	14
25541	16
25542	10
25543	17
25544	16
25545	13
25546	12
25547	15
25548	10
25549	18
25550	17
25551	13
25552	12
25553	11
25554	14
25555	15
25556	17
25557	7
25558	8
25559	13
25560	12
25561	10
25562	12
25563	16
25564	19
25565	9
25566	11
25567	19
25568	13
25569	23
25570	10
25571	12
25572	10
25573	15
25574	22
25575	23
25576	14
25577	18
25578	17
25579	12
25580	12
25581	15
25582	14
25583	16
25584	19
25585	11
25586	7
25587	11
25588	11
25589	12
25590	14
25591	12
25592	13
25593	7
25594	13
25595	13
25596	9
25597	16
25598	13
25599	10
25600	13
25601	12
25602	10
25603	14
25604	16
25605	11
25606	12
25607	10
25608	15
25609	16
25610	15
25611	5
25612	15
25613	16
25614	11
25615	11
25616	4
25617	7
25618	9
25619	16
25620	9
25621	13
25622	13
25623	18
25624	16
25625	17
25626	17
25627	10
25628	10
25629	16
25630	7
25631	4
25632	14
25633	14
25634	16
25635	12
25636	18
25637	11
25638	15
25639	16
25640	6
25641	14
25642	18
25643	17
25644	21
25645	11
25646	14
25647	14
25648	12
25649	15
25650	14
25651	10
25652	15
25653	20
25654	15
25655	8
25656	6
25657	20
25658	17
25659	16
25660	15
25661	13
25662	19
25663	17
25664	13
25665	17
25666	3
25667	12
25668	11
25669	13
25670	13
25671	15
25672	11
25673	8
25674	14
25675	17
25676	17
25677	11
25678	12
25679	14
25680	13
25681	12
25682	18
25683	20
25684	11
25685	13
25686	11
25687	14
25688	10
25689	8
25690	23
25691	9
25692	16
25693	22
25694	17
25695	11
25696	9
25697	8
25698	12
25699	19
25700	15
25701	15
25702	19
25703	23
25704	16
25705	11
25706	17
25707	13
25708	11
25709	10
25710	13
25711	14
25712	7
25713	13
25714	15
25715	15
25716	13
25717	12
25718	11
25719	10
25720	14
25721	13
25722	16
25723	22
25724	12
25725	16
25726	14
25727	9
25728	6
25729	16
25730	16
25731	11
25732	13
25733	15
25734	15
25735	9
25736	13
25737	16
25738	16
25739	10
25740	15
25741	16
25742	16
25743	17
25744	19
25745	23
25746	10
25747	4
25748	21
25749	11
25750	12
25751	10
25752	14
25753	14
25754	13
25755	9
25756	18
25757	11
25758	18
25759	13
25760	17
25761	7
25762	13
25763	10
25764	12
25765	16
25766	16
25767	10
25768	15
25769	21
25770	17
25771	10
25772	9
25773	20
25774	9
25775	10
25776	9
25777	12
25778	12
25779	15
25780	15
25781	15
25782	13
25783	13
25784	15
25785	13
25786	10
25787	14
25788	9
25789	8
25790	11
25791	6
25792	16
25793	11
25794	14
25795	10
25796	15
25797	7
25798	17
25799	10
25800	9
25801	11
25802	13
25803	22
25804	11
25805	8
25806	16
25807	10
25808	19
25809	13
25810	11
25811	11
25812	9
25813	9
25814	15
25815	10
25816	15
25817	16
25818	16
25819	8
25820	10
25821	19
25822	12
25823	12
25824	12
25825	13
25826	10
25827	17
25828	10
25829	9
25830	16
25831	19
25832	10
25833	16
25834	10
25835	14
25836	16
25837	17
25838	15
25839	17
25840	9
25841	14
25842	17
25843	10
25844	8
25845	11
25846	14
25847	12
25848	15
25849	14
25850	12
25851	9
25852	12
25853	12
25854	17
25855	15
25856	19
25857	15
25858	18
25859	15
25860	21
25861	11
25862	15
25863	15
25864	20
25865	21
25866	16
25867	7
25868	10
25869	14
25870	10
25871	16
25872	13
25873	12
25874	8
25875	8
25876	9
25877	10
25878	13
25879	16
25880	11
25881	17
25882	9
25883	10
25884	9
25885	12
25886	7
25887	14
25888	8
25889	14
25890	9
25891	8
25892	18
25893	11
25894	15
25895	16
25896	13
25897	9
25898	10
25899	4
25900	15
25901	13
25902	16
25903	8
25904	18
25905	10
25906	14
25907	13
25908	17
25909	21
25910	9
25911	10
25912	8
25913	13
25914	14
25915	14
25916	14
25917	16
25918	9
25919	8
25920	17
25921	20
25922	10
25923	12
25924	6
25925	15
25926	10
25927	12
25928	13
25929	15
25930	12
25931	14
25932	10
25933	17
25934	11
25935	12
25936	14
25937	16
25938	19
25939	13
25940	18
25941	8
25942	16
25943	14
25944	8
25945	7
25946	11
25947	16
25948	5
25949	13
25950	12
25951	16
25952	18
25953	10
25954	16
25955	15
25956	8
25957	7
25958	12
25959	11
25960	13
25961	13
25962	8
25963	10
25964	9
25965	12
25966	16
25967	13
25968	15
25969	14
25970	11
25971	12
25972	16
25973	19
25974	9
25975	14
25976	13
25977	15
25978	8
25979	14
25980	12
25981	10
25982	12
25983	11
25984	16
25985	9
25986	17
25987	18
25988	18
25989	8
25990	13
25991	13
25992	9
25993	9
25994	13
25995	15
25996	14
25997	10
25998	12
25999	9
26000	11
26001	12
26002	10
26003	15
26004	10
26005	10
26006	8
26007	14
26008	14
26009	13
26010	25
26011	8
26012	6
26013	11
26014	11
26015	12
26016	12
26017	14
26018	16
26019	14
26020	8
26021	19
26022	12
26023	15
26024	14
26025	12
26026	15
26027	13
26028	13
26029	18
26030	14
26031	10
26032	10
26033	15
26034	16
26035	11
26036	9
26037	14
26038	8
26039	14
26040	19
26041	17
26042	10
26043	14
26044	12
26045	10
26046	10
26047	14
26048	21
26049	9
26050	12
26051	16
26052	10
26053	12
26054	17
26055	15
26056	12
26057	10
26058	6
26059	9
26060	11
26061	9
26062	13
26063	11
26064	12
26065	11
26066	15
26067	16
26068	9
26069	12
26070	10
26071	5
26072	15
26073	14
26074	14
26075	13
26076	6
26077	16
26078	8
26079	15
26080	9
26081	17
26082	8
26083	13
26084	9
26085	8
26086	9
26087	10
26088	12
26089	13
26090	7
26091	15
26092	12
26093	13
26094	14
26095	14
26096	17
26097	16
26098	10
26099	13
26100	12
26101	12
26102	14
26103	10
26104	14
26105	18
26106	13
26107	12
26108	9
26109	10
26110	9
26111	13
26112	11
26113	18
26114	17
26115	10
26116	11
26117	10
26118	11
26119	14
26120	8
26121	6
26122	10
26123	11
26124	16
26125	12
26126	17
26127	12
26128	12
26129	11
26130	11
26131	14
26132	14
26133	15
26134	17
26135	17
26136	12
26137	15
26138	8
26139	12
26140	14
26141	12
26142	12
26143	10
26144	15
26145	15
26146	13
26147	12
26148	18
26149	6
26150	7
26151	9
26152	13
26153	6
26154	14
26155	10
26156	8
26157	13
26158	10
26159	17
26160	13
26161	19
26162	9
26163	12
26164	9
26165	10
26166	12
26167	9
26168	11
26169	11
26170	13
26171	6
26172	13
26173	10
26174	15
26175	17
26176	14
26177	13
26178	16
26179	17
26180	11
26181	12
26182	6
26183	19
26184	13
26185	17
26186	15
26187	8
26188	9
26189	14
26190	8
26191	10
26192	6
26193	13
26194	11
26195	9
26196	11
26197	13
26198	14
26199	11
26200	18
26201	7
26202	14
26203	9
26204	12
26205	9
26206	10
26207	9
26208	13
26209	12
26210	11
26211	12
26212	12
26213	13
26214	11
26215	11
26216	15
26217	14
26218	7
26219	11
26220	9
26221	10
26222	13
26223	12
26224	15
26225	19
26226	13
26227	22
26228	8
26229	16
26230	11
26231	15
26232	8
26233	9
26234	8
26235	12
26236	18
26237	11
26238	16
26239	11
26240	12
26241	17
26242	15
26243	14
26244	10
26245	15
26246	13
26247	18
26248	7
26249	14
26250	10
26251	12
26252	9
26253	15
26254	16
26255	19
26256	6
26257	9
26258	12
26259	16
26260	12
26261	16
26262	10
26263	12
26264	12
26265	10
26266	11
26267	9
26268	9
26269	14
26270	14
26271	18
26272	9
26273	12
26274	15
26275	11
26276	11
26277	15
26278	12
26279	14
26280	11
26281	14
26282	8
26283	10
26284	14
26285	8
26286	14
26287	12
26288	14
26289	15
26290	12
26291	12
26292	15
26293	15
26294	8
26295	18
26296	10
26297	8
26298	20
26299	9
26300	14
26301	16
26302	11
26303	13
26304	11
26305	11
26306	18
26307	10
26308	15
26309	10
26310	10
26311	17
26312	12
26313	6
26314	7
26315	12
26316	17
26317	14
26318	14
26319	8
26320	12
26321	23
26322	11
26323	9
26324	17
26325	21
26326	6
26327	14
26328	10
26329	8
26330	10
26331	20
26332	13
26333	14
26334	20
26335	14
26336	8
26337	6
26338	9
26339	8
26340	9
26341	12
26342	14
26343	15
26344	11
26345	4
26346	12
26347	11
26348	10
26349	10
26350	7
26351	9
26352	11
26353	17
26354	9
26355	13
26356	17
26357	12
26358	13
26359	12
26360	12
26361	13
26362	10
26363	9
26364	13
26365	15
26366	12
26367	16
26368	8
26369	12
26370	14
26371	13
26372	14
26373	9
26374	13
26375	18
26376	14
26377	22
26378	6
26379	11
26380	11
26381	9
26382	9
26383	12
26384	10
26385	14
26386	12
26387	15
26388	17
26389	13
26390	11
26391	5
26392	12
26393	10
26394	13
26395	12
26396	8
26397	13
26398	13
26399	13
26400	8
26401	17
26402	15
26403	21
26404	8
26405	12
26406	15
26407	8
26408	16
26409	19
26410	13
26411	9
26412	11
26413	16
26414	18
26415	9
26416	12
26417	10
26418	12
26419	8
26420	5
26421	6
26422	10
26423	11
26424	10
26425	8
26426	12
26427	12
26428	15
26429	7
26430	22
26431	4
26432	15
26433	17
26434	12
26435	11
26436	15
26437	9
26438	14
26439	14
26440	11
26441	6
26442	10
26443	8
26444	12
26445	7
26446	14
26447	11
26448	5
26449	14
26450	6
26451	12
26452	11
26453	13
26454	16
26455	13
26456	14
26457	9
26458	6
26459	15
26460	11
26461	16
26462	15
26463	13
26464	10
26465	20
26466	6
26467	15
26468	15
26469	11
26470	2
26471	14
26472	8
26473	5
26474	10
26475	17
26476	8
26477	9
26478	9
26479	14
26480	14
26481	17
26482	10
26483	18
26484	13
26485	13
26486	11
26487	16
26488	9
26489	14
26490	9
26491	16
26492	8
26493	12
26494	18
26495	5
26496	11
26497	8
26498	13
26499	11
26500	14
26501	14
26502	9
26503	10
26504	13
26505	12
26506	8
26507	10
26508	9
26509	17
26510	10
26511	8
26512	11
26513	9
26514	7
26515	10
26516	13
26517	11
26518	14
26519	11
26520	7
26521	9
26522	15
26523	11
26524	11
26525	21
26526	16
26527	9
26528	7
26529	10
26530	16
26531	10
26532	10
26533	17
26534	14
26535	11
26536	10
26537	10
26538	10
26539	9
26540	7
26541	10
26542	10
26543	13
26544	12
26545	18
26546	15
26547	18
26548	13
26549	15
26550	8
26551	13
26552	13
26553	6
26554	9
26555	11
26556	15
26557	10
26558	9
26559	15
26560	7
26561	18
26562	11
26563	10
26564	15
26565	8
26566	9
26567	10
26568	12
26569	11
26570	9
26571	11
26572	7
26573	12
26574	17
26575	8
26576	12
26577	11
26578	7
26579	12
26580	10
26581	7
26582	14
26583	14
26584	6
26585	13
26586	10
26587	15
26588	9
26589	8
26590	6
26591	19
26592	16
26593	14
26594	6
26595	10
26596	14
26597	10
26598	7
26599	12
26600	12
26601	9
26602	13
26603	10
26604	14
26605	5
26606	11
26607	8
26608	7
26609	7
26610	11
26611	10
26612	16
26613	12
26614	14
26615	13
26616	13
26617	9
26618	9
26619	12
26620	11
26621	9
26622	11
26623	11
26624	13
26625	15
26626	8
26627	11
26628	18
26629	10
26630	9
26631	7
26632	7
26633	7
26634	10
26635	17
26636	12
26637	15
26638	6
26639	13
26640	10
26641	7
26642	14
26643	10
26644	17
26645	9
26646	9
26647	13
26648	12
26649	15
26650	11
26651	16
26652	17
26653	9
26654	6
26655	11
26656	10
26657	14
26658	8
26659	8
26660	6
26661	10
26662	9
26663	8
26664	11
26665	14
26666	10
26667	8
26668	20
26669	12
26670	12
26671	7
26672	6
26673	13
26674	9
26675	11
26676	14
26677	16
26678	10
26679	10
26680	9
26681	12
26682	12
26683	7
26684	13
26685	21
26686	8
26687	13
26688	8
26689	6
26690	7
26691	17
26692	13
26693	15
26694	7
26695	16
26696	18
26697	15
26698	12
26699	11
26700	8
26701	21
26702	10
26703	17
26704	9
26705	13
26706	11
26707	7
26708	7
26709	10
26710	11
26711	12
26712	7
26713	9
26714	11
26715	8
26716	3
26717	5
26718	14
26719	13
26720	11
26721	7
26722	15
26723	10
26724	12
26725	10
26726	13
26727	13
26728	12
26729	11
26730	10
26731	14
26732	11
26733	11
26734	22
26735	10
26736	15
26737	19
26738	10
26739	18
26740	14
26741	10
26742	11
26743	6
26744	10
26745	7
26746	10
26747	10
26748	11
26749	7
26750	14
26751	12
26752	16
26753	9
26754	15
26755	9
26756	9
26757	16
26758	15
26759	15
26760	7
26761	6
26762	14
26763	14
26764	14
26765	11
26766	11
26767	10
26768	11
26769	12
26770	5
26771	14
26772	7
26773	12
26774	10
26775	12
26776	14
26777	14
26778	7
26779	14
26780	15
26781	7
26782	8
26783	12
26784	13
26785	10
26786	9
26787	10
26788	5
26789	11
26790	13
26791	11
26792	11
26793	7
26794	12
26795	5
26796	15
26797	15
26798	3
26799	16
26800	9
26801	11
26802	14
26803	8
26804	13
26805	7
26806	13
26807	13
26808	9
26809	7
26810	13
26811	17
26812	6
26813	14
26814	10
26815	9
26816	16
26817	9
26818	13
26819	14
26820	8
26821	9
26822	11
26823	14
26824	10
26825	15
26826	10
26827	6
26828	19
26829	9
26830	11
26831	7
26832	11
26833	7
26834	6
26835	6
26836	6
26837	8
26838	10
26839	12
26840	13
26841	15
26842	11
26843	10
26844	9
26845	9
26846	16
26847	10
26848	5
26849	7
26850	13
26851	7
26852	10
26853	16
26854	5
26855	12
26856	13
26857	15
26858	12
26859	11
26860	10
26861	10
26862	13
26863	11
26864	14
26865	17
26866	10
26867	13
26868	17
26869	14
26870	11
26871	9
26872	12
26873	11
26874	9
26875	10
26876	11
26877	10
26878	10
26879	8
26880	11
26881	11
26882	6
26883	10
26884	15
26885	6
26886	12
26887	13
26888	20
26889	9
26890	4
26891	7
26892	8
26893	12
26894	7
26895	11
26896	10
26897	13
26898	8
26899	15
26900	10
26901	8
26902	11
26903	10
26904	12
26905	10
26906	17
26907	11
26908	10
26909	6
26910	8
26911	11
26912	8
26913	16
26914	13
26915	14
26916	16
26917	12
26918	7
26919	13
26920	7
26921	20
26922	16
26923	10
26924	9
26925	14
26926	11
26927	9
26928	11
26929	12
26930	14
26931	11
26932	16
26933	15
26934	8
26935	6
26936	16
26937	5
26938	5
26939	13
26940	6
26941	6
26942	13
26943	15
26944	18
26945	9
26946	13
26947	9
26948	14
26949	12
26950	3
26951	12
26952	11
26953	12
26954	13
26955	9
26956	17
26957	12
26958	13
26959	14
26960	17
26961	7
26962	9
26963	9
26964	13
26965	10
26966	12
26967	10
26968	9
26969	13
26970	11
26971	21
26972	13
26973	12
26974	8
26975	8
26976	14
26977	9
26978	10
26979	5
26980	12
26981	11
26982	13
26983	10
26984	13
26985	7
26986	13
26987	15
26988	9
26989	9
26990	11
26991	8
26992	9
26993	8
26994	9
26995	15
26996	12
26997	3
26998	17
26999	7
27000	9
27001	13
27002	10
27003	18
27004	6
27005	14
27006	14
27007	17
27008	6
27009	11
27010	11
27011	11
27012	7
27013	12
27014	8
27015	11
27016	12
27017	12
27018	5
27019	8
27020	12
27021	11
27022	10
27023	12
27024	10
27025	8
27026	9
27027	8
27028	6
27029	8
27030	5
27031	17
27032	4
27033	11
27034	10
27035	8
27036	11
27037	4
27038	11
27039	11
27040	9
27041	18
27042	11
27043	11
27044	14
27045	14
27046	18
27047	13
27048	8
27049	13
27050	16
27051	9
27052	12
27053	13
27054	8
27055	9
27056	7
27057	7
27058	10
27059	13
27060	11
27061	6
27062	9
27063	11
27064	10
27065	16
27066	5
27067	10
27068	6
27069	11
27070	8
27071	9
27072	7
27073	11
27074	11
27075	10
27076	9
27077	9
27078	10
27079	16
27080	12
27081	12
27082	10
27083	13
27084	18
27085	8
27086	7
27087	11
27088	13
27089	13
27090	9
27091	9
27092	11
27093	9
27094	16
27095	12
27096	7
27097	18
27098	13
27099	10
27100	11
27101	6
27102	11
27103	9
27104	7
27105	13
27106	8
27107	8
27108	15
27109	11
27110	9
27111	12
27112	10
27113	10
27114	4
27115	5
27116	9
27117	15
27118	11
27119	9
27120	8
27121	10
27122	10
27123	12
27124	8
27125	14
27126	13
27127	15
27128	11
27129	7
27130	10
27131	13
27132	12
27133	20
27134	8
27135	10
27136	12
27137	10
27138	9
27139	9
27140	7
27141	14
27142	12
27143	11
27144	8
27145	9
27146	11
27147	11
27148	7
27149	11
27150	7
27151	4
27152	12
27153	7
27154	9
27155	12
27156	11
27157	12
27158	15
27159	2
27160	11
27161	10
27162	7
27163	9
27164	9
27165	10
27166	8
27167	8
27168	10
27169	8
27170	8
27171	11
27172	15
27173	9
27174	9
27175	12
27176	14
27177	11
27178	8
27179	7
27180	14
27181	11
27182	7
27183	7
27184	17
27185	8
27186	9
27187	11
27188	15
27189	14
27190	14
27191	7
27192	7
27193	7
27194	10
27195	7
27196	11
27197	9
27198	13
27199	11
27200	12
27201	11
27202	10
27203	10
27204	6
27205	5
27206	10
27207	14
27208	15
27209	4
27210	15
27211	10
27212	7
27213	7
27214	9
27215	7
27216	6
27217	17
27218	11
27219	14
27220	11
27221	2
27222	10
27223	6
27224	14
27225	15
27226	23
27227	7
27228	8
27229	12
27230	6
27231	17
27232	11
27233	2
27234	12
27235	9
27236	8
27237	14
27238	12
27239	5
27240	16
27241	9
27242	10
27243	10
27244	7
27245	11
27246	9
27247	7
27248	6
27249	10
27250	12
27251	15
27252	7
27253	10
27254	5
27255	9
27256	13
27257	5
27258	13
27259	10
27260	13
27261	13
27262	7
27263	9
27264	14
27265	13
27266	12
27267	14
27268	9
27269	9
27270	11
27271	16
27272	10
27273	5
27274	9
27275	7
27276	13
27277	20
27278	7
27279	11
27280	9
27281	11
27282	6
27283	12
27284	12
27285	13
27286	12
27287	15
27288	10
27289	8
27290	14
27291	16
27292	8
27293	14
27294	10
27295	5
27296	5
27297	11
27298	6
27299	6
27300	7
27301	11
27302	14
27303	13
27304	10
27305	11
27306	12
27307	13
27308	6
27309	11
27310	7
27311	12
27312	8
27313	12
27314	19
27315	11
27316	13
27317	13
27318	7
27319	5
27320	8
27321	5
27322	9
27323	10
27324	5
27325	7
27326	8
27327	10
27328	6
27329	13
27330	11
27331	6
27332	14
27333	7
27334	13
27335	11
27336	16
27337	11
27338	12
27339	16
27340	13
27341	12
27342	7
27343	12
27344	4
27345	14
27346	10
27347	9
27348	13
27349	16
27350	10
27351	7
27352	12
27353	8
27354	14
27355	11
27356	8
27357	13
27358	13
27359	11
27360	14
27361	12
27362	10
27363	14
27364	5
27365	12
27366	5
27367	12
27368	9
27369	6
27370	11
27371	20
27372	9
27373	9
27374	16
27375	6
27376	13
27377	10
27378	9
27379	11
27380	11
27381	16
27382	7
27383	12
27384	7
27385	3
27386	6
27387	10
27388	9
27389	11
27390	10
27391	9
27392	13
27393	6
27394	11
27395	12
27396	7
27397	11
27398	5
27399	10
27400	8
27401	11
27402	8
27403	8
27404	15
27405	11
27406	10
27407	5
27408	7
27409	13
27410	13
27411	9
27412	10
27413	16
27414	11
27415	11
27416	9
27417	12
27418	7
27419	11
27420	13
27421	8
27422	8
27423	10
27424	6
27425	5
27426	9
27427	9
27428	11
27429	11
27430	8
27431	7
27432	12
27433	9
27434	7
27435	9
27436	8
27437	8
27438	9
27439	14
27440	7
27441	14
27442	11
27443	7
27444	11
27445	12
27446	11
27447	11
27448	17
27449	9
27450	10
27451	10
27452	7
27453	12
27454	3
27455	6
27456	7
27457	7
27458	8
27459	5
27460	11
27461	6
27462	11
27463	8
27464	8
27465	8
27466	7
27467	12
27468	9
27469	5
27470	9
27471	6
27472	8
27473	4
27474	8
27475	9
27476	7
27477	14
27478	8
27479	11
27480	3
27481	12
27482	2
27483	6
27484	10
27485	9
27486	7
27487	11
27488	12
27489	11
27490	9
27491	10
27492	9
27493	10
27494	7
27495	8
27496	15
27497	7
27498	10
27499	5
27500	11
27501	14
27502	12
27503	5
27504	14
27505	2
27506	6
27507	6
27508	12
27509	13
27510	14
27511	16
27512	12
27513	10
27514	11
27515	12
27516	8
27517	11
27518	9
27519	9
27520	5
27521	12
27522	10
27523	8
27524	8
27525	9
27526	4
27527	16
27528	15
27529	3
27530	3
27531	12
27532	15
27533	6
27534	9
27535	10
27536	11
27537	13
27538	9
27539	9
27540	8
27541	10
27542	12
27543	14
27544	9
27545	8
27546	11
27547	10
27548	10
27549	9
27550	15
27551	4
27552	10
27553	13
27554	7
27555	4
27556	7
27557	7
27558	7
27559	5
27560	15
27561	5
27562	8
27563	10
27564	6
27565	9
27566	4
27567	6
27568	11
27569	8
27570	11
27571	14
27572	7
27573	15
27574	9
27575	9
27576	10
27577	8
27578	8
27579	9
27580	6
27581	9
27582	12
27583	13
27584	13
27585	8
27586	8
27587	7
27588	5
27589	7
27590	16
27591	12
27592	8
27593	4
27594	8
27595	11
27596	7
27597	13
27598	13
27599	8
27600	12
27601	7
27602	7
27603	8
27604	6
27605	13
27606	5
27607	8
27608	17
27609	9
27610	12
27611	10
27612	10
27613	14
27614	9
27615	11
27616	9
27617	11
27618	16
27619	10
27620	17
27621	7
27622	11
27623	9
27624	11
27625	7
27626	11
27627	4
27628	8
27629	7
27630	14
27631	13
27632	12
27633	9
27634	12
27635	9
27636	5
27637	4
27638	9
27639	7
27640	8
27641	6
27642	4
27643	7
27644	6
27645	6
27646	7
27647	9
27648	10
27649	9
27650	6
27651	10
27652	10
27653	10
27654	8
27655	7
27656	10
27657	10
27658	15
27659	6
27660	7
27661	6
27662	9
27663	9
27664	12
27665	8
27666	6
27667	11
27668	8
27669	10
27670	9
27671	7
27672	9
27673	6
27674	6
27675	14
27676	8
27677	10
27678	8
27679	10
27680	8
27681	14
27682	16
27683	15
27684	6
27685	9
27686	9
27687	8
27688	10
27689	15
27690	9
27691	8
27692	9
27693	5
27694	5
27695	9
27696	8
27697	11
27698	10
27699	8
27700	7
27701	13
27702	11
27703	9
27704	6
27705	13
27706	8
27707	8
27708	7
27709	9
27710	11
27711	9
27712	8
27713	11
27714	5
27715	12
27716	9
27717	9
27718	4
27719	10
27720	8
27721	6
27722	12
27723	17
27724	15
27725	6
27726	13
27727	9
27728	11
27729	13
27730	4
27731	8
27732	7
27733	9
27734	10
27735	4
27736	7
27737	12
27738	8
27739	8
27740	9
27741	8
27742	14
27743	7
27744	19
27745	11
27746	10
27747	11
27748	9
27749	13
27750	6
27751	6
27752	11
27753	12
27754	9
27755	10
27756	8
27757	12
27758	12
27759	15
27760	6
27761	8
27762	13
27763	11
27764	9
27765	6
27766	9
27767	8
27768	8
27769	11
27770	11
27771	5
27772	7
27773	10
27774	7
27775	7
27776	13
27777	11
27778	13
27779	8
27780	7
27781	11
27782	10
27783	9
27784	9
27785	12
27786	3
27787	11
27788	14
27789	6
27790	8
27791	10
27792	10
27793	16
27794	7
27795	8
27796	5
27797	9
27798	10
27799	7
27800	12
27801	6
27802	5
27803	10
27804	9
27805	14
27806	8
27807	12
27808	6
27809	8
27810	13
27811	7
27812	7
27813	14
27814	7
27815	8
27816	5
27817	13
27818	3
27819	13
27820	4
27821	12
27822	5
27823	4
27824	5
27825	10
27826	7
27827	15
27828	15
27829	6
27830	23
27831	15
27832	8
27833	9
27834	7
27835	5
27836	7
27837	12
27838	7
27839	12
27840	9
27841	11
27842	9
27843	11
27844	6
27845	10
27846	8
27847	11
27848	6
27849	11
27850	8
27851	9
27852	5
27853	9
27854	10
27855	6
27856	9
27857	8
27858	8
27859	10
27860	8
27861	8
27862	8
27863	4
27864	9
27865	10
27866	7
27867	10
27868	6
27869	10
27870	10
27871	7
27872	5
27873	7
27874	9
27875	9
27876	7
27877	8
27878	14
27879	9
27880	5
27881	9
27882	7
27883	14
27884	12
27885	8
27886	6
27887	9
27888	16
27889	10
27890	6
27891	8
27892	7
27893	11
27894	11
27895	7
27896	12
27897	2
27898	6
27899	13
27900	11
27901	9
27902	7
27903	12
27904	9
27905	9
27906	5
27907	10
27908	10
27909	11
27910	8
27911	8
27912	8
27913	6
27914	12
27915	11
27916	6
27917	11
27918	9
27919	7
27920	5
27921	9
27922	13
27923	6
27924	8
27925	11
27926	6
27927	10
27928	11
27929	6
27930	10
27931	12
27932	8
27933	7
27934	13
27935	5
27936	10
27937	10
27938	4
27939	12
27940	6
27941	6
27942	15
27943	13
27944	10
27945	9
27946	9
27947	8
27948	6
27949	8
27950	9
27951	12
27952	9
27953	9
27954	15
27955	12
27956	10
27957	12
27958	8
27959	10
27960	10
27961	11
27962	12
27963	10
27964	12
27965	8
27966	5
27967	10
27968	8
27969	13
27970	11
27971	7
27972	10
27973	12
27974	13
27975	10
27976	9
27977	9
27978	11
27979	7
27980	9
27981	7
27982	6
27983	8
27984	9
27985	6
27986	6
27987	5
27988	5
27989	3
27990	11
27991	10
27992	9
27993	11
27994	11
27995	12
27996	11
27997	6
27998	15
27999	9
28000	10
28001	7
28002	12
28003	7
28004	7
28005	9
28006	10
28007	6
28008	3
28009	6
28010	12
28011	9
28012	5
28013	13
28014	8
28015	9
28016	8
28017	3
28018	11
28019	5
28020	3
28021	9
28022	5
28023	7
28024	6
28025	9
28026	11
28027	11
28028	11
28029	10
28030	7
28031	4
28032	10
28033	4
28034	8
28035	5
28036	7
28037	7
28038	7
28039	10
28040	15
28041	7
28042	11
28043	5
28044	4
28045	7
28046	11
28047	1
28048	11
28049	9
28050	12
28051	9
28052	3
28053	9
28054	6
28055	7
28056	12
28057	5
28058	4
28059	12
28060	6
28061	9
28062	8
28063	11
28064	6
28065	9
28066	15
28067	10
28068	15
28069	14
28070	12
28071	8
28072	9
28073	8
28074	7
28075	12
28076	7
28077	7
28078	3
28079	13
28080	7
28081	9
28082	10
28083	12
28084	5
28085	9
28086	6
28087	7
28088	9
28089	4
28090	6
28091	8
28092	8
28093	9
28094	11
28095	5
28096	9
28097	7
28098	4
28099	7
28100	14
28101	10
28102	11
28103	10
28104	8
28105	4
28106	13
28107	4
28108	8
28109	6
28110	11
28111	15
28112	10
28113	6
28114	9
28115	7
28116	9
28117	13
28118	13
28119	6
28120	11
28121	7
28122	10
28123	9
28124	9
28125	5
28126	8
28127	2
28128	8
28129	6
28130	5
28131	8
28132	7
28133	7
28134	5
28135	11
28136	9
28137	11
28138	8
28139	7
28140	12
28141	4
28142	12
28143	4
28144	9
28145	7
28146	8
28147	8
28148	8
28149	9
28150	12
28151	17
28152	16
28153	6
28154	11
28155	4
28156	15
28157	9
28158	8
28159	9
28160	6
28161	5
28162	15
28163	9
28164	12
28165	5
28166	11
28167	12
28168	7
28169	8
28170	12
28171	9
28172	10
28173	6
28174	8
28175	7
28176	5
28177	13
28178	8
28179	9
28180	10
28181	5
28182	15
28183	11
28184	8
28185	6
28186	8
28187	6
28188	10
28189	10
28190	16
28191	13
28192	12
28193	8
28194	12
28195	6
28196	7
28197	16
28198	8
28199	8
28200	9
28201	11
28202	6
28203	10
28204	5
28205	7
28206	11
28207	10
28208	3
28209	7
28210	7
28211	8
28212	7
28213	10
28214	8
28215	4
28216	6
28217	9
28218	12
28219	6
28220	8
28221	13
28222	8
28223	6
28224	12
28225	9
28226	11
28227	4
28228	7
28229	12
28230	12
28231	8
28232	8
28233	9
28234	9
28235	10
28236	13
28237	2
28238	6
28239	9
28240	16
28241	11
28242	6
28243	6
28244	5
28245	17
28246	10
28247	9
28248	7
28249	9
28250	10
28251	11
28252	12
28253	6
28254	4
28255	9
28256	10
28257	3
28258	12
28259	10
28260	9
28261	7
28262	12
28263	7
28264	3
28265	7
28266	9
28267	11
28268	10
28269	8
28270	13
28271	6
28272	15
28273	5
28274	8
28275	6
28276	5
28277	9
28278	7
28279	10
28280	6
28281	5
28282	8
28283	8
28284	11
28285	5
28286	11
28287	8
28288	13
28289	4
28290	10
28291	6
28292	11
28293	9
28294	5
28295	7
28296	7
28297	6
28298	18
28299	12
28300	10
28301	6
28302	11
28303	7
28304	9
28305	8
28306	9
28307	7
28308	8
28309	6
28310	3
28311	9
28312	7
28313	12
28314	9
28315	15
28316	9
28317	7
28318	8
28319	5
28320	7
28321	7
28322	14
28323	2
28324	10
28325	11
28326	12
28327	4
28328	5
28329	12
28330	13
28331	2
28332	8
28333	12
28334	11
28335	5
28336	9
28337	7
28338	4
28339	7
28340	7
28341	5
28342	11
28343	11
28344	6
28345	10
28346	8
28347	11
28348	9
28349	10
28350	9
28351	5
28352	5
28353	8
28354	5
28355	5
28356	6
28357	11
28358	4
28359	10
28360	4
28361	9
28362	6
28363	3
28364	16
28365	10
28366	2
28367	7
28368	6
28369	7
28370	8
28371	2
28372	14
28373	13
28374	8
28375	9
28376	6
28377	6
28378	6
28379	10
28380	8
28381	10
28382	9
28383	6
28384	9
28385	7
28386	10
28387	12
28388	11
28389	6
28390	6
28391	5
28392	9
28393	11
28394	10
28395	11
28396	7
28397	3
28398	8
28399	14
28400	7
28401	4
28402	6
28403	10
28404	8
28405	7
28406	14
28407	7
28408	13
28409	4
28410	7
28411	8
28412	7
28413	6
28414	10
28415	9
28416	9
28417	8
28418	5
28419	8
28420	4
28421	11
28422	6
28423	10
28424	4
28425	1
28426	9
28427	9
28428	7
28429	4
28430	10
28431	7
28432	7
28433	8
28434	5
28435	7
28436	9
28437	18
28438	10
28439	10
28440	8
28441	5
28442	5
28443	8
28444	5
28445	13
28446	8
28447	7
28448	9
28449	6
28450	9
28451	6
28452	5
28453	4
28454	9
28455	5
28456	8
28457	12
28458	7
28459	9
28460	12
28461	12
28462	5
28463	23
28464	6
28465	5
28466	12
28467	13
28468	11
28469	6
28470	7
28471	10
28472	7
28473	5
28474	7
28475	6
28476	7
28477	8
28478	6
28479	13
28480	5
28481	9
28482	9
28483	6
28484	5
28485	4
28486	5
28487	3
28488	8
28489	14
28490	2
28491	8
28492	12
28493	6
28494	8
28495	9
28496	10
28497	11
28498	7
28499	9
28500	6
28501	5
28502	9
28503	9
28504	6
28505	8
28506	7
28507	7
28508	8
28509	7
28510	5
28511	9
28512	11
28513	8
28514	7
28515	10
28516	6
28517	11
28518	3
28519	16
28520	6
28521	11
28522	5
28523	7
28524	11
28525	18
28526	9
28527	3
28528	11
28529	6
28530	6
28531	7
28532	5
28533	5
28534	6
28535	10
28536	9
28537	9
28538	6
28539	6
28540	2
28541	10
28542	11
28543	11
28544	6
28545	10
28546	12
28547	8
28548	6
28549	10
28550	8
28551	11
28552	11
28553	14
28554	6
28555	7
28556	5
28557	8
28558	7
28559	1
28560	6
28561	7
28562	8
28563	9
28564	4
28565	10
28566	7
28567	12
28568	9
28569	7
28570	9
28571	5
28572	5
28573	5
28574	7
28575	10
28576	7
28577	7
28578	6
28579	13
28580	2
28581	1
28582	14
28583	15
28584	8
28585	5
28586	7
28587	4
28588	9
28589	5
28590	9
28591	6
28592	8
28593	10
28594	9
28595	10
28596	9
28597	14
28598	8
28599	3
28600	4
28601	11
28602	6
28603	7
28604	8
28605	3
28606	3
28607	8
28608	4
28609	3
28610	7
28611	5
28612	10
28613	10
28614	9
28615	7
28616	10
28617	7
28618	6
28619	11
28620	4
28621	11
28622	10
28623	8
28624	3
28625	12
28626	4
28627	13
28628	5
28629	12
28630	8
28631	10
28632	4
28633	17
28634	6
28635	5
28636	9
28637	5
28638	6
28639	6
28640	9
28641	9
28642	13
28643	4
28644	7
28645	9
28646	6
28647	9
28648	8
28649	6
28650	10
28651	9
28652	6
28653	9
28654	6
28655	7
28656	4
28657	4
28658	4
28659	2
28660	8
28661	9
28662	6
28663	11
28664	13
28665	10
28666	9
28667	6
28668	8
28669	14
28670	7
28671	9
28672	7
28673	6
28674	3
28675	7
28676	5
28677	4
28678	7
28679	9
28680	11
28681	10
28682	10
28683	12
28684	5
28685	12
28686	7
28687	12
28688	8
28689	3
28690	9
28691	5
28692	7
28693	12
28694	12
28695	8
28696	7
28697	7
28698	8
28699	6
28700	7
28701	8
28702	9
28703	7
28704	8
28705	11
28706	6
28707	5
28708	9
28709	13
28710	5
28711	5
28712	14
28713	11
28714	7
28715	7
28716	7
28717	7
28718	15
28719	7
28720	10
28721	6
28722	5
28723	9
28724	7
28725	10
28726	16
28727	5
28728	7
28729	8
28730	11
28731	8
28732	6
28733	6
28734	6
28735	5
28736	9
28737	9
28738	8
28739	5
28740	10
28741	9
28742	9
28743	8
28744	12
28745	9
28746	7
28747	5
28748	10
28749	10
28750	6
28751	9
28753	7
28754	7
28755	5
28756	8
28757	13
28758	10
28759	10
28760	5
28761	10
28762	5
28763	5
28764	4
28765	8
28766	6
28767	4
28768	10
28769	7
28770	7
28771	5
28772	8
28773	6
28774	9
28775	10
28776	7
28777	9
28778	10
28779	8
28780	9
28781	9
28782	5
28783	13
28784	7
28785	6
28786	8
28787	5
28788	5
28789	11
28790	7
28791	9
28792	7
28793	16
28794	5
28795	10
28796	9
28797	5
28798	9
28799	6
28800	6
28801	5
28802	10
28803	4
28804	8
28805	12
28806	15
28807	5
28808	11
28809	7
28810	6
28811	6
28812	8
28813	7
28814	8
28815	8
28816	6
28817	4
28818	5
28819	4
28820	4
28821	6
28822	8
28823	6
28824	5
28825	8
28826	5
28827	8
28828	4
28829	8
28830	9
28831	5
28832	8
28833	10
28834	10
28835	7
28836	9
28837	7
28838	8
28839	13
28840	3
28841	7
28842	5
28843	7
28844	15
28845	9
28846	9
28847	6
28848	9
28849	9
28850	9
28851	5
28852	10
28853	6
28854	11
28855	6
28856	8
28857	9
28858	13
28859	9
28860	3
28861	9
28862	10
28863	7
28864	7
28865	8
28866	5
28867	7
28868	8
28869	7
28870	6
28871	9
28872	8
28873	6
28874	8
28875	13
28876	6
28877	4
28878	11
28879	7
28880	6
28881	8
28882	11
28883	9
28884	9
28885	5
28886	3
28887	8
28888	4
28889	6
28890	12
28891	8
28892	6
28893	5
28894	10
28895	7
28896	6
28897	9
28898	13
28899	10
28900	10
28901	7
28902	7
28903	10
28904	6
28905	6
28906	4
28907	7
28908	7
28909	3
28910	7
28911	9
28912	9
28913	8
28914	7
28915	8
28916	5
28917	6
28918	6
28919	7
28920	5
28921	13
28922	12
28923	7
28924	6
28925	8
28926	7
28927	10
28928	6
28929	5
28930	7
28931	7
28932	8
28933	9
28934	4
28935	6
28936	10
28937	9
28938	6
28939	9
28940	9
28941	5
28942	11
28943	10
28944	8
28945	11
28946	11
28947	7
28948	7
28949	8
28950	9
28951	8
28952	5
28953	9
28954	5
28955	5
28956	8
28957	2
28958	5
28959	9
28960	5
28961	7
28962	7
28963	11
28964	5
28965	12
28966	11
28967	8
28968	6
28969	6
28970	6
28971	10
28972	10
28973	6
28974	8
28975	6
28976	2
28977	9
28978	11
28979	5
28980	7
28981	12
28982	5
28983	7
28984	11
28985	7
28986	6
28987	8
28988	8
28989	12
28990	5
28991	6
28992	4
28993	6
28994	6
28995	12
28996	7
28997	8
28998	5
28999	3
29000	4
29001	8
29002	12
29003	7
29004	10
29005	10
29006	12
29007	9
29008	8
29009	10
29010	8
29011	5
29012	4
29013	6
29014	8
29015	6
29016	4
29017	11
29018	10
29019	9
29020	8
29021	10
29022	5
29023	5
29024	8
29025	8
29026	5
29027	9
29028	7
29029	7
29030	7
29031	7
29032	9
29033	7
29034	6
29035	7
29036	5
29037	9
29038	11
29039	7
29040	1
29041	8
29042	11
29043	4
29044	7
29045	5
29046	6
29047	5
29048	8
29049	12
29050	7
29051	8
29052	7
29053	7
29054	10
29055	3
29056	8
29057	5
29058	9
29059	8
29060	7
29061	6
29062	5
29063	10
29064	6
29065	7
29066	7
29067	8
29068	10
29069	3
29070	6
29071	6
29072	5
29073	3
29074	8
29075	7
29076	7
29077	6
29078	7
29079	11
29080	9
29081	8
29082	5
29083	6
29084	8
29085	6
29086	8
29087	6
29088	6
29089	3
29090	7
29091	8
29092	6
29093	10
29094	9
29095	11
29096	14
29097	7
29098	3
29099	10
29100	11
29101	7
29102	9
29103	8
29104	12
29105	13
29106	11
29107	3
29108	13
29109	7
29110	5
29111	12
29112	9
29113	8
29114	5
29115	7
29116	14
29117	7
29118	2
29119	7
29120	10
29121	8
29122	6
29123	4
29124	4
29125	6
29126	7
29127	6
29128	6
29129	7
29130	10
29131	8
29132	1
29133	9
29134	1
29135	9
29136	6
29137	9
29138	7
29139	11
29140	6
29141	5
29142	9
29143	7
29144	9
29145	10
29146	13
29147	7
29148	3
29149	9
29150	2
29151	7
29152	7
29153	5
29154	3
29155	4
29156	2
29157	8
29158	10
29159	4
29160	7
29161	11
29162	7
29163	5
29164	8
29165	8
29166	5
29167	4
29168	8
29169	13
29170	6
29171	6
29172	6
29173	2
29174	4
29175	8
29176	4
29177	7
29178	6
29179	11
29180	5
29181	7
29182	6
29183	4
29184	11
29185	9
29186	11
29187	11
29188	6
29189	11
29190	8
29191	6
29192	5
29193	10
29194	11
29195	3
29196	9
29197	10
29198	3
29199	10
29200	9
29201	12
29202	4
29203	6
29204	9
29205	10
29206	9
29207	4
29208	13
29209	6
29210	9
29211	11
29212	7
29213	9
29214	6
29215	6
29216	7
29217	8
29218	7
29219	4
29220	9
29221	6
29222	7
29223	6
29224	8
29225	9
29226	5
29227	8
29228	4
29229	5
29230	9
29231	10
29232	7
29233	5
29234	7
29235	5
29236	5
29237	5
29238	9
29239	8
29240	4
29241	7
29242	4
29243	5
29244	5
29245	6
29246	10
29247	6
29248	7
29249	5
29250	6
29251	9
29252	8
29253	7
29254	7
29255	14
29256	4
29257	4
29258	3
29259	7
29260	9
29261	10
29262	5
29263	4
29264	12
29265	5
29266	11
29267	6
29268	11
29269	3
29270	9
29271	8
29272	9
29273	9
29274	8
29275	5
29276	7
29277	8
29278	6
29279	9
29280	4
29281	4
29282	4
29283	9
29284	5
29285	5
29286	6
29287	7
29288	9
29289	7
29290	12
29291	4
29292	6
29293	10
29294	10
29295	6
29296	12
29297	4
29298	10
29299	4
29300	9
29301	4
29302	3
29303	7
29304	4
29305	8
29306	5
29307	6
29308	11
29309	7
29310	8
29311	3
29312	5
29313	10
29314	11
29315	7
29316	6
29317	6
29318	9
29319	5
29320	4
29321	3
29322	12
29323	11
29324	6
29325	7
29326	2
29327	8
29328	4
29329	10
29330	5
29331	4
29332	10
29333	6
29334	5
29335	7
29336	4
29337	6
29338	4
29339	9
29340	6
29341	6
29342	4
29343	5
29344	4
29345	7
29346	6
29347	7
29348	5
29349	7
29350	6
29351	10
29352	5
29353	8
29354	8
29355	6
29356	5
29357	8
29358	7
29359	7
29360	7
29361	8
29362	4
29363	10
29364	7
29365	4
29366	9
29367	6
29368	11
29369	9
29370	6
29371	6
29372	8
29373	4
29374	10
29375	8
29376	12
29377	12
29378	5
29379	6
29380	5
29381	11
29382	7
29383	8
29384	4
29385	5
29386	7
29387	4
29388	2
29389	11
29390	8
29391	11
29392	5
29393	5
29394	8
29395	12
29396	8
29397	7
29398	5
29399	7
29400	5
29401	5
29402	7
29403	6
29404	4
29405	2
29406	6
29407	5
29408	5
29409	4
29410	4
29411	9
29412	5
29413	8
29414	1
29415	7
29416	4
29417	11
29418	5
29419	9
29420	9
29421	2
29422	8
29423	10
29424	7
29425	8
29426	4
29427	6
29428	3
29429	5
29430	7
29431	12
29432	10
29433	8
29434	5
29435	8
29436	7
29437	6
29438	6
29439	10
29440	4
29441	10
29442	11
29443	7
29444	9
29445	11
29446	4
29447	9
29448	6
29449	6
29450	9
29451	8
29452	4
29453	3
29454	9
29455	8
29456	10
29457	4
29458	3
29459	3
29460	11
29461	5
29462	9
29463	8
29464	6
29465	12
29466	9
29467	8
29468	8
29469	7
29470	12
29471	1
29472	3
29473	3
29474	7
29475	8
29476	2
29477	7
29478	9
29479	5
29480	4
29481	5
29482	7
29483	5
29484	6
29485	12
29486	4
29487	6
29488	5
29489	8
29490	10
29491	7
29492	10
29493	7
29494	3
29495	4
29496	7
29497	4
29498	8
29499	3
29500	10
29501	2
29502	8
29503	3
29504	3
29505	9
29506	3
29507	5
29508	8
29509	8
29510	4
29511	9
29512	5
29513	6
29514	4
29515	4
29516	9
29517	5
29518	5
29519	9
29520	6
29521	6
29522	5
29523	5
29524	11
29525	6
29526	13
29527	7
29528	8
29529	17
29530	6
29531	10
29532	6
29533	5
29534	3
29535	4
29536	6
29537	11
29538	7
29539	7
29540	7
29541	4
29542	5
29543	8
29544	9
29545	9
29546	9
29547	9
29548	6
29549	6
29550	9
29551	7
29552	1
29553	7
29554	6
29555	7
29556	7
29557	5
29558	7
29559	6
29560	8
29561	8
29562	9
29563	2
29564	5
29565	5
29566	2
29567	8
29568	9
29569	7
29570	4
29571	5
29572	6
29573	5
29574	5
29575	5
29576	10
29577	9
29578	6
29579	7
29580	10
29581	9
29582	5
29583	7
29584	5
29585	5
29586	5
29587	6
29588	3
29589	6
29590	1
29591	6
29592	8
29593	6
29594	7
29595	5
29596	2
29597	8
29598	8
29599	5
29600	4
29601	8
29602	5
29603	9
29604	7
29605	7
29606	7
29607	4
29608	5
29609	9
29610	8
29611	5
29612	9
29613	5
29614	9
29615	3
29616	10
29617	4
29618	7
29619	8
29620	8
29621	8
29622	10
29623	3
29624	4
29625	2
29626	8
29627	4
29628	4
29629	10
29630	6
29631	8
29632	6
29633	8
29634	11
29635	7
29636	7
29637	5
29638	9
29639	6
29640	10
29641	8
29642	9
29643	8
29644	7
29645	9
29646	9
29647	2
29648	6
29649	4
29650	9
29651	5
29652	6
29653	13
29654	3
29655	9
29656	10
29657	10
29658	4
29659	9
29660	4
29661	7
29662	6
29663	4
29664	13
29665	7
29666	4
29667	9
29668	4
29669	5
29670	8
29671	6
29672	4
29673	7
29674	7
29675	9
29676	11
29677	11
29678	3
29679	12
29680	7
29681	5
29682	2
29683	6
29684	11
29685	3
29686	7
29687	7
29688	5
29689	7
29690	10
29691	6
29692	5
29693	5
29694	7
29695	9
29696	6
29697	2
29698	5
29699	2
29700	11
29701	6
29702	6
29703	9
29704	3
29705	7
29706	7
29707	6
29708	8
29709	4
29710	9
29711	8
29712	7
29713	10
29714	9
29715	11
29716	11
29717	10
29718	13
29719	2
29720	8
29721	6
29722	7
29723	9
29724	6
29725	7
29726	8
29727	5
29728	4
29729	1
29730	6
29731	5
29732	6
29733	5
29734	2
29735	8
29736	5
29737	4
29738	5
29739	7
29740	4
29741	8
29742	5
29743	14
29744	8
29745	8
29746	5
29747	2
29748	3
29749	4
29750	8
29751	12
29752	7
29753	7
29754	7
29755	9
29756	6
29757	4
29758	11
29759	4
29760	4
29761	7
29762	6
29763	4
29764	10
29765	8
29766	4
29767	13
29768	4
29769	9
29770	5
29771	3
29772	8
29773	5
29774	5
29775	6
29776	11
29777	8
29778	10
29779	2
29780	5
29781	2
29782	7
29783	12
29784	6
29785	6
29786	8
29787	3
29788	5
29789	10
29790	3
29791	12
29792	6
29793	6
29794	9
29795	9
29796	6
29797	6
29798	6
29799	3
29800	6
29801	2
29802	8
29803	10
29804	7
29805	3
29806	10
29807	5
29808	12
29809	4
29810	4
29811	7
29812	3
29813	3
29814	8
29815	6
29816	2
29817	4
29818	8
29819	4
29820	3
29821	7
29822	7
29823	7
29824	3
29825	6
29826	7
29827	5
29828	8
29829	7
29830	10
29831	7
29832	5
29833	7
29834	4
29835	6
29836	6
29837	4
29838	4
29839	9
29840	3
29841	3
29842	10
29843	7
29844	4
29845	3
29846	7
29847	5
29848	5
29849	8
29850	7
29851	4
29852	4
29853	2
29854	5
29855	8
29856	9
29857	7
29858	12
29859	10
29860	7
29861	10
29862	6
29863	3
29864	2
29865	6
29866	10
29867	4
29868	2
29869	2
29870	5
29871	5
29872	6
29873	6
29874	9
29875	3
29876	2
29877	9
29878	10
29879	12
29880	7
29881	4
29882	5
29883	5
29884	7
29885	9
29886	9
29887	6
29888	6
29889	5
29890	6
29891	9
29892	10
29893	2
29894	11
29895	7
29896	6
29897	6
29898	3
29899	5
29900	2
29901	3
29902	8
29903	10
29904	8
29905	12
29906	4
29907	8
29908	4
29909	6
29910	9
29911	1
29912	3
29913	5
29914	6
29915	5
29916	7
29917	9
29918	7
29919	3
29920	10
29921	5
29922	6
29923	6
29924	4
29925	4
29926	4
29927	2
29928	5
29929	11
29930	5
29931	8
29932	7
29933	8
29934	3
29935	4
29936	6
29937	3
29938	10
29939	9
29940	7
29941	5
29942	6
29943	5
29944	6
29945	8
29946	7
29947	5
29948	4
29949	8
29950	5
29951	11
29952	4
29953	10
29954	10
29955	6
29956	4
29957	3
29958	8
29959	6
29960	8
29961	4
29962	4
29963	2
29964	5
29965	10
29966	8
29967	6
29968	11
29969	6
29970	5
29971	4
29972	3
29973	8
29974	8
29975	5
29976	4
29977	8
29978	4
29979	5
29980	6
29981	5
29982	2
29983	6
29984	3
29985	4
29986	10
29987	6
29988	8
29989	4
29990	1
29991	9
29992	5
29993	5
29994	3
29995	7
29996	7
29997	7
29998	6
29999	7
30000	5
30001	7
30002	8
30003	10
30004	5
30005	4
30006	5
30007	6
30008	9
30009	8
30010	7
30011	7
30012	10
30013	9
30014	4
30015	4
30016	8
30017	4
30018	3
30019	3
30020	6
30021	8
30022	5
30023	5
30024	2
30025	6
30026	10
30027	5
30028	10
30029	6
30030	6
30031	8
30032	7
30033	3
30034	7
30035	8
30036	6
30037	9
30038	7
30039	4
30040	1
30041	9
30042	6
30043	9
30044	9
30045	6
30046	2
30047	5
30048	5
30049	5
30050	6
30051	6
30052	11
30053	4
30054	4
30055	6
30056	11
30057	8
30058	5
30059	6
30060	8
30061	9
30062	4
30063	3
30064	5
30065	4
30066	9
30067	10
30068	9
30069	10
30070	9
30071	3
30072	13
30073	5
30074	9
30075	7
30076	7
30077	7
30078	7
30079	5
30080	7
30081	7
30082	4
30084	7
30085	3
30086	2
30087	11
30088	9
30089	2
30090	12
30091	3
30092	2
30093	10
30094	6
30095	7
30096	5
30097	4
30098	11
30099	6
30100	5
30101	7
30102	6
30103	10
30104	7
30105	3
30106	4
30107	6
30108	5
30109	5
30110	3
30111	9
30112	5
30113	10
30114	5
30115	6
30116	7
30117	6
30118	11
30119	6
30120	9
30121	4
30122	2
30123	5
30124	3
30125	9
30126	8
30127	6
30128	10
30129	8
30130	3
30131	8
30132	7
30133	2
30134	5
30135	8
30136	6
30137	4
30138	3
30139	8
30140	3
30141	6
30142	5
30143	9
30144	4
30145	6
30146	8
30147	3
30148	7
30149	7
30150	3
30151	4
30152	10
30153	5
30154	8
30155	9
30156	7
30157	5
30158	6
30159	6
30160	4
30161	6
30162	6
30163	6
30164	7
30165	4
30166	4
30167	5
30168	8
30169	4
30170	10
30171	3
30172	8
30173	7
30174	5
30175	10
30176	4
30177	4
30178	8
30179	3
30180	3
30181	7
30182	7
30183	8
30184	4
30185	6
30186	11
30187	6
30188	8
30189	10
30190	6
30191	10
30192	7
30193	7
30194	1
30195	4
30196	6
30197	2
30198	4
30199	4
30200	1
30201	5
30202	7
30203	5
30204	5
30205	3
30206	6
30207	10
30208	6
30209	8
30210	5
30211	7
30212	2
30213	7
30214	5
30215	9
30216	2
30217	7
30218	2
30219	7
30220	3
30221	2
30222	4
30223	5
30224	5
30225	9
30226	6
30227	4
30228	3
30229	10
30230	5
30231	1
30232	6
30233	3
30234	7
30235	2
30236	5
30237	6
30238	2
30239	7
30240	5
30241	4
30242	6
30243	7
30244	6
30245	6
30246	5
30247	6
30248	3
30249	4
30250	5
30251	2
30252	7
30253	5
30254	5
30255	8
30256	5
30257	4
30258	4
30259	7
30260	4
30261	4
30262	5
30263	7
30264	8
30265	3
30266	7
30267	6
30268	7
30269	7
30270	6
30271	4
30272	5
30273	9
30274	5
30275	6
30276	5
30277	9
30278	10
30279	2
30280	6
30281	9
30282	10
30283	4
30284	4
30285	4
30286	6
30287	5
30288	5
30289	3
30290	11
30291	2
30292	9
30293	4
30294	3
30295	7
30296	5
30297	6
30298	4
30299	4
30300	8
30301	2
30302	2
30303	12
30304	3
30305	5
30306	2
30307	9
30308	4
30309	6
30310	10
30311	6
30312	8
30313	3
30314	5
30315	8
30316	4
30317	6
30318	4
30319	6
30320	6
30321	10
30322	11
30323	6
30324	2
30325	5
30326	6
30327	2
30328	7
30329	5
30330	9
30331	6
30332	4
30333	4
30334	9
30335	5
30336	9
30337	5
30338	9
30339	6
30340	7
30341	11
30342	4
30343	1
30344	9
30345	6
30346	12
30347	8
30348	5
30349	5
30350	4
30351	14
30352	3
30353	11
30354	8
30355	6
30356	13
30357	7
30358	6
30359	4
30360	4
30361	9
30362	7
30363	3
30364	4
30365	6
30366	8
30367	3
30368	3
30369	4
30370	10
30371	3
30372	5
30373	4
30374	1
30375	5
30376	6
30377	3
30378	4
30379	5
30380	4
30381	7
30382	5
30383	5
30384	6
30385	6
30386	1
30387	5
30388	6
30389	9
30390	2
30391	6
30392	8
30393	4
30394	7
30395	9
30396	6
30397	2
30398	10
30399	10
30400	10
30401	8
30402	7
30403	8
30404	6
30405	5
30406	2
30407	5
30408	7
30409	6
30410	2
30411	6
30412	4
30413	7
30414	3
30415	5
30416	7
30417	10
30418	4
30419	3
30420	9
30421	3
30422	7
30423	6
30424	5
30425	8
30426	5
30427	3
30428	8
30429	4
30430	3
30431	5
30432	3
30433	5
30435	3
30436	5
30437	11
30438	3
30439	2
30440	2
30441	3
30442	9
30443	4
30444	3
30445	5
30446	5
30447	4
30448	1
30449	4
30450	10
30451	2
30452	7
30453	7
30454	3
30455	4
30456	6
30457	9
30458	4
30459	5
30460	2
30461	5
30462	6
30463	3
30464	4
30465	3
30466	4
30467	10
30468	9
30469	5
30470	4
30471	7
30472	4
30473	6
30474	6
30475	6
30476	6
30477	6
30478	4
30479	1
30480	8
30481	4
30482	9
30483	8
30484	7
30485	7
30486	2
30487	2
30488	8
30489	2
30490	9
30491	8
30492	3
30493	6
30494	5
30495	8
30496	8
30497	3
30498	5
30499	6
30500	4
30501	4
30502	10
30503	4
30504	4
30505	6
30506	4
30507	6
30508	8
30509	7
30510	3
30511	11
30512	8
30513	5
30514	6
30515	10
30516	7
30517	8
30518	7
30519	3
30520	6
30521	3
30522	4
30523	4
30524	5
30525	6
30526	8
30527	8
30528	6
30529	2
30530	6
30531	6
30532	9
30533	9
30534	5
30535	6
30536	7
30537	5
30538	7
30539	8
30540	10
30541	2
30542	7
30543	9
30544	5
30545	6
30546	6
30547	8
30548	5
30549	7
30550	4
30551	9
30552	6
30553	5
30554	5
30555	8
30556	4
30557	4
30558	5
30559	8
30560	9
30561	6
30562	5
30563	7
30564	4
30565	6
30566	1
30567	5
30568	2
30569	4
30570	7
30571	5
30572	8
30573	6
30574	5
30575	7
30576	6
30577	7
30578	5
30579	7
30580	6
30581	7
30582	7
30583	3
30584	6
30585	11
30586	7
30587	9
30588	5
30589	4
30590	5
30591	6
30592	8
30593	2
30594	8
30596	4
30597	4
30598	5
30599	7
30600	5
30601	8
30602	7
30603	3
30604	7
30605	8
30606	5
30607	5
30608	6
30609	7
30610	6
30611	2
30612	2
30613	9
30614	3
30615	7
30616	5
30617	3
30618	7
30619	8
30620	2
30621	9
30622	3
30623	5
30624	9
30625	3
30626	1
30627	1
30628	1
30629	6
30630	3
30631	8
30632	5
30633	4
30634	6
30635	1
30636	8
30637	7
30638	5
30639	3
30640	6
30641	3
30642	4
30643	6
30644	4
30645	5
30646	4
30647	4
30648	5
30649	5
30650	6
30651	6
30652	8
30653	3
30654	5
30655	8
30656	6
30657	3
30658	3
30659	2
30660	5
30661	4
30662	5
30663	7
30664	5
30665	8
30666	3
30667	4
30668	5
30669	6
30670	2
30671	8
30672	4
30673	7
30674	4
30675	3
30676	5
30677	6
30678	1
30679	3
30680	9
30681	7
30682	2
30683	5
30684	9
30685	4
30686	4
30687	2
30688	6
30689	8
30690	6
30691	5
30692	4
30693	3
30694	5
30695	5
30696	6
30697	6
30698	5
30699	3
30700	3
30701	4
30702	6
30703	7
30704	6
30705	4
30706	4
30707	10
30708	10
30709	5
30710	4
30711	5
30712	5
30713	8
30714	5
30715	5
30716	5
30717	7
30718	4
30719	9
30720	4
30721	7
30722	4
30723	3
30724	5
30725	7
30726	3
30727	5
30728	5
30729	4
30730	11
30731	4
30732	7
30733	5
30734	8
30735	8
30736	4
30737	4
30738	5
30739	6
30740	5
30741	9
30742	6
30743	8
30744	6
30745	3
30746	3
30747	8
30748	4
30749	9
30750	5
30751	8
30752	4
30753	9
30754	5
30755	2
30756	5
30757	11
30758	4
30759	6
30760	4
30761	4
30762	5
30763	4
30764	3
30765	4
30766	5
30767	3
30768	3
30769	4
30770	4
30771	6
30772	2
30773	11
30774	7
30775	3
30776	5
30777	5
30778	5
30779	6
30780	8
30781	5
30782	5
30783	2
30784	4
30785	5
30786	4
30787	3
30788	6
30789	8
30790	4
30791	5
30792	4
30793	4
30794	5
30795	5
30796	3
30797	3
30798	5
30799	10
30800	7
30801	5
30802	5
30803	7
30804	3
30805	10
30806	3
30807	6
30808	5
30809	4
30810	8
30811	6
30812	6
30813	3
30814	2
30815	4
30816	4
30817	5
30818	3
30819	4
30820	6
30821	8
30822	4
30823	11
30824	3
30825	6
30826	6
30827	3
30828	5
30829	9
30830	5
30831	5
30832	8
30833	7
30834	3
30835	3
30836	4
30837	5
30838	6
30839	7
30840	3
30841	7
30842	7
30843	6
30844	2
30845	5
30846	4
30847	5
30848	4
30849	3
30850	7
30851	3
30852	6
30853	5
30854	6
30855	4
30856	3
30857	6
30858	9
30859	4
30860	3
30861	4
30862	3
30863	5
30864	8
30865	4
30866	10
30867	3
30868	11
30869	2
30870	7
30871	10
30872	7
30873	3
30874	4
30875	4
30876	4
30877	6
30878	6
30879	4
30880	3
30881	6
30882	6
30883	3
30884	3
30885	2
30886	5
30887	12
30888	5
30889	2
30890	3
30891	6
30892	4
30893	6
30894	3
30895	3
30896	7
30897	7
30898	5
30899	10
30900	2
30901	3
30902	3
30903	2
30904	7
30905	5
30906	4
30907	3
30908	6
30909	11
30910	2
30911	4
30912	4
30913	4
30914	3
30916	4
30917	6
30918	5
30919	6
30920	6
30921	4
30922	8
30923	3
30924	3
30925	3
30926	5
30927	7
30928	4
30929	2
30930	5
30931	2
30932	6
30933	2
30934	6
30935	4
30936	5
30938	4
30939	3
30940	5
30941	7
30942	7
30943	7
30944	5
30945	6
30946	2
30947	9
30948	4
30949	6
30950	6
30951	3
30953	4
30954	6
30955	4
30956	4
30957	1
30958	2
30959	1
30960	3
30961	7
30962	5
30963	2
30964	12
30965	1
30966	3
30967	2
30968	4
30969	10
30970	1
30971	4
30972	5
30973	1
30974	4
30975	4
30976	9
30977	3
30978	5
30979	4
30980	3
30981	6
30982	6
30983	5
30984	3
30985	1
30986	1
30987	6
30988	9
30989	4
30990	8
30991	5
30992	6
30993	4
30994	3
30995	8
30996	7
30997	4
30998	4
30999	1
31000	5
31001	5
31002	6
31003	2
31004	4
31005	6
31006	3
31007	5
31008	11
31009	9
31010	5
31011	6
31012	5
31013	7
31014	7
31015	4
31016	2
31017	6
31018	3
31019	3
31020	5
31021	7
31022	2
31023	5
31024	5
31025	8
31026	5
31027	6
31029	11
31030	7
31031	4
31032	2
31033	1
31034	5
31035	7
31036	5
31037	6
31038	4
31039	4
31040	5
31041	5
31042	3
31043	3
31044	3
31045	3
31046	4
31047	3
31048	8
31049	8
31050	7
31051	4
31052	1
31053	4
31054	6
31055	7
31056	7
31057	3
31058	5
31059	5
31060	4
31061	4
31062	3
31063	6
31064	7
31065	4
31066	3
31067	6
31068	4
31069	8
31070	8
31071	4
31072	3
31073	5
31074	5
31075	4
31076	5
31077	5
31078	2
31079	3
31080	1
31081	2
31082	5
31083	3
31084	5
31085	5
31086	3
31087	5
31088	8
31089	2
31090	8
31091	4
31092	3
31093	9
31094	5
31095	5
31096	6
31097	4
31098	6
31099	4
31100	5
31101	7
31102	5
31103	4
31104	7
31105	5
31106	9
31107	6
31108	5
31109	4
31110	8
31111	8
31112	2
31113	8
31114	5
31115	7
31116	3
31117	5
31118	5
31119	4
31120	6
31121	3
31122	5
31123	5
31124	4
31125	8
31126	5
31127	2
31128	5
31130	5
31131	1
31132	7
31133	7
31134	4
31135	4
31136	1
31137	3
31138	3
31139	7
31140	7
31141	5
31142	2
31143	7
31144	5
31145	5
31146	4
31147	10
31148	9
31149	3
31150	3
31151	7
31152	4
31153	7
31154	4
31155	3
31156	1
31157	2
31158	1
31159	5
31160	5
31161	6
31162	2
31163	5
31164	6
31165	7
31166	3
31167	4
31168	3
31169	4
31170	3
31171	9
31172	9
31173	7
31174	7
31175	5
31176	10
31177	4
31178	4
31179	6
31180	3
31181	6
31182	2
31183	3
31184	4
31185	4
31186	9
31187	9
31188	6
31189	6
31190	5
31191	7
31192	9
31193	6
31194	1
31195	2
31196	1
31197	2
31198	2
31199	6
31200	2
31201	7
31202	5
31203	2
31205	3
31206	3
31207	5
31208	5
31209	4
31210	5
31211	7
31212	5
31213	5
31214	2
31215	4
31216	5
31217	6
31218	4
31219	2
31220	7
31221	5
31222	4
31223	4
31224	5
31225	2
31226	6
31227	6
31228	3
31229	4
31230	5
31231	5
31232	5
31233	1
31234	8
31235	2
31236	2
31237	4
31238	5
31239	3
31240	6
31241	5
31242	3
31243	8
31244	1
31245	3
31246	3
31247	2
31248	6
31249	4
31250	6
31251	5
31252	3
31253	8
31254	4
31255	1
31256	3
31257	6
31258	8
31259	3
31260	4
31261	3
31262	4
31263	3
31264	2
31265	3
31266	4
31267	4
31268	4
31269	4
31270	6
31271	8
31272	5
31273	2
31274	3
31276	4
31277	4
31278	7
31279	5
31280	5
31281	5
31282	1
31283	1
31284	1
31285	3
31286	8
31287	5
31288	4
31289	4
31290	3
31291	6
31292	5
31293	7
31294	4
31295	2
31296	4
31297	7
31298	4
31299	8
31300	4
31301	4
31302	2
31303	5
31304	6
31305	5
31306	5
31307	3
31308	6
31309	9
31310	3
31311	7
31312	5
31313	11
31314	5
31315	2
31316	6
31317	5
31318	1
31319	4
31320	6
31321	9
31322	8
31323	6
31324	4
31325	3
31326	3
31327	2
31328	7
31329	5
31330	6
31331	4
31332	5
31333	4
31334	8
31335	3
31336	4
31337	4
31338	2
31339	8
31340	7
31341	3
31342	4
31343	4
31344	6
31345	3
31346	4
31347	3
31348	6
31349	5
31350	3
31351	5
31352	8
31353	5
31354	6
31355	7
31356	7
31357	6
31358	6
31359	5
31360	1
31361	7
31362	5
31363	3
31364	2
31365	4
31366	5
31367	6
31368	5
31369	6
31370	3
31371	7
31372	5
31373	4
31374	3
31375	5
31376	4
31377	2
31378	5
31379	5
31380	3
31381	2
31382	7
31383	4
31384	4
31385	4
31386	5
31387	2
31388	5
31389	4
31390	5
31391	8
31392	3
31393	2
31394	8
31395	1
31396	6
31397	4
31398	4
31399	4
31400	2
31401	2
31402	8
31403	2
31404	5
31405	5
31406	6
31407	4
31408	6
31409	6
31410	4
31411	6
31412	8
31413	2
31414	4
31415	2
31416	3
31417	4
31418	3
31419	4
31420	7
31422	4
31423	7
31424	4
31425	3
31426	5
31427	7
31428	6
31429	4
31430	5
31431	7
31432	4
31433	7
31434	3
31435	4
31437	5
31438	4
31439	4
31440	1
31441	6
31442	2
31443	3
31444	9
31445	5
31446	6
31447	4
31448	2
31449	5
31450	8
31451	4
31452	4
31453	2
31454	4
31455	10
31456	7
31457	4
31458	5
31459	1
31460	3
31461	7
31462	1
31463	7
31464	5
31465	1
31466	4
31467	4
31468	4
31469	4
31470	1
31471	4
31472	5
31473	6
31474	5
31475	1
31476	3
31477	3
31478	1
31479	4
31480	3
31481	6
31482	3
31483	7
31484	1
31485	3
31486	4
31487	5
31488	2
31489	1
31490	5
31491	4
31492	5
31493	3
31494	3
31495	5
31496	6
31497	4
31498	6
31499	2
31500	5
31501	1
31502	5
31503	4
31504	5
31505	3
31506	5
31507	2
31508	5
31509	4
31510	7
31511	6
31512	7
31513	5
31514	9
31515	5
31516	4
31517	3
31518	1
31519	5
31520	4
31521	2
31522	2
31524	3
31525	5
31526	5
31527	3
31528	2
31529	4
31530	6
31531	2
31532	4
31533	3
31534	6
31535	5
31536	5
31537	3
31538	1
31539	2
31540	3
31541	3
31542	4
31543	2
31544	9
31545	3
31546	3
31547	6
31548	3
31549	5
31550	2
31551	2
31552	4
31553	4
31554	4
31555	5
31556	3
31557	1
31558	3
31559	5
31560	9
31561	4
31562	4
31563	3
31564	4
31565	9
31566	3
31567	3
31568	9
31569	5
31570	5
31571	2
31572	8
31573	3
31574	4
31575	5
31576	2
31577	4
31578	8
31579	3
31580	4
31581	7
31582	5
31583	5
31584	2
31585	3
31586	3
31587	1
31588	6
31589	4
31590	2
31591	6
31592	6
31593	2
31594	7
31595	3
31596	6
31597	6
31598	3
31599	3
31600	1
31601	2
31602	4
31603	3
31604	3
31605	4
31606	1
31607	2
31608	8
31609	1
31610	6
31611	4
31612	12
31613	4
31614	3
31615	9
31616	6
31617	4
31618	4
31619	3
31620	5
31621	3
31622	3
31623	3
31624	3
31625	8
31626	4
31627	2
31628	3
31629	4
31630	6
31631	5
31632	4
31633	4
31634	6
31635	4
31636	7
31637	2
31638	7
31639	6
31640	6
31641	2
31642	7
31643	4
31644	6
31645	3
31646	1
31647	5
31648	3
31649	2
31650	7
31651	4
31652	4
31653	2
31654	3
31655	3
31656	6
31657	4
31658	4
31659	3
31660	6
31661	6
31662	4
31663	5
31664	1
31665	6
31666	5
31667	5
31668	6
31669	6
31670	4
31671	3
31672	3
31673	6
31674	4
31675	5
31676	9
31677	4
31678	5
31679	1
31680	3
31681	7
31682	7
31683	6
31684	3
31685	9
31686	10
31687	4
31688	7
31689	6
31690	5
31691	4
31692	6
31693	4
31694	3
31695	6
31696	3
31697	8
31698	5
31699	1
31700	9
31701	6
31702	2
31703	5
31704	3
31705	3
31706	7
31707	7
31708	4
31709	2
31710	4
31711	6
31712	4
31713	3
31714	6
31715	3
31716	4
31717	3
31718	5
31719	5
31720	5
31721	3
31722	5
31723	4
31724	4
31725	1
31726	5
31727	5
31728	5
31729	3
31730	5
31731	4
31732	4
31733	1
31734	4
31735	4
31736	4
31737	9
31738	6
31739	6
31740	5
31741	2
31742	3
31743	5
31744	2
31745	3
31746	6
31747	3
31748	4
31749	2
31751	5
31752	6
31753	3
31754	5
31755	4
31756	3
31757	4
31758	9
31759	4
31760	3
31761	5
31762	3
31763	7
31764	7
31765	3
31766	4
31767	4
31768	3
31769	6
31770	3
31771	6
31772	2
31773	4
31774	2
31775	7
31776	4
31777	4
31778	4
31779	6
31780	5
31781	5
31782	7
31783	5
31784	3
31785	4
31786	2
31787	5
31788	6
31790	4
31791	3
31792	5
31793	3
31794	5
31795	7
31796	4
31797	4
31798	5
31799	3
31800	5
31801	3
31802	2
31803	5
31804	2
31805	2
31806	3
31807	3
31808	3
31809	4
31810	4
31811	4
31812	5
31813	4
31814	4
31815	2
31816	4
31817	1
31818	8
31819	2
31820	2
31821	6
31822	6
31823	3
31824	1
31825	4
31826	3
31827	3
31828	5
31829	6
31830	2
31831	2
31832	5
31833	1
31834	3
31835	3
31836	5
31837	1
31838	2
31839	5
31840	5
31841	9
31842	2
31843	6
31844	3
31845	6
31846	6
31847	7
31848	8
31849	4
31850	2
31852	5
31853	5
31854	4
31855	2
31856	5
31857	4
31858	5
31859	6
31860	4
31861	5
31862	2
31863	3
31864	2
31865	2
31866	4
31867	2
31868	4
31869	3
31870	3
31871	4
31872	5
31873	11
31874	4
31875	5
31876	6
31877	6
31878	3
31879	4
31880	3
31881	6
31882	3
31883	1
31884	2
31885	2
31886	3
31887	4
31888	5
31889	2
31890	5
31891	5
31892	2
31893	1
31894	4
31895	4
31897	3
31898	4
31899	2
31900	4
31901	2
31902	2
31903	6
31904	3
31905	6
31906	4
31907	2
31908	4
31909	4
31910	4
31911	6
31912	5
31913	1
31914	4
31915	2
31916	4
31917	6
31918	5
31919	1
31920	2
31921	5
31922	6
31923	1
31924	5
31925	5
31926	2
31927	7
31928	5
31929	6
31930	6
31931	1
31932	4
31933	3
31934	6
31935	6
31936	5
31937	7
31940	3
31941	4
31942	9
31943	1
31944	3
31945	2
31946	2
31947	6
31948	5
31949	3
31951	5
31952	5
31953	3
31954	2
31955	7
31956	3
31957	4
31958	3
31959	5
31960	1
31961	3
31962	4
31963	6
31964	2
31965	4
31966	5
31967	4
31968	5
31969	1
31970	4
31971	4
31972	3
31973	6
31974	4
31975	4
31976	8
31977	5
31978	6
31979	5
31980	5
31981	4
31982	4
31983	4
31984	3
31985	4
31986	7
31987	3
31988	5
31989	4
31990	7
31991	3
31992	4
31993	10
31994	4
31995	6
31996	2
31997	5
31998	3
31999	5
32000	7
32001	2
32002	3
32003	4
32004	4
32005	6
32006	7
32007	6
32008	4
32009	5
32010	5
32011	2
32012	6
32013	3
32014	6
32015	4
32016	4
32017	4
32018	2
32019	6
32020	3
32021	3
32022	6
32023	5
32024	3
32025	4
32026	4
32027	7
32028	7
32029	5
32030	3
32031	6
32032	3
32033	5
32034	5
32035	1
32036	5
32037	2
32038	4
32039	8
32040	5
32041	6
32042	7
32043	3
32044	9
32045	7
32046	3
32047	5
32048	4
32049	7
32051	9
32052	1
32053	8
32054	1
32055	1
32056	3
32057	7
32058	2
32059	4
32060	3
32061	6
32062	3
32063	5
32064	2
32065	2
32066	1
32067	5
32068	1
32069	3
32070	8
32071	1
32072	5
32073	5
32074	3
32075	3
32076	3
32077	3
32078	5
32079	3
32080	3
32081	5
32082	9
32083	7
32084	5
32085	2
32086	3
32087	3
32088	2
32089	2
32090	4
32091	1
32092	6
32093	3
32094	5
32095	4
32096	2
32097	4
32098	1
32099	3
32100	5
32101	3
32102	5
32103	3
32104	1
32105	6
32106	3
32107	5
32108	5
32109	4
32110	1
32111	4
32112	5
32113	4
32114	3
32115	2
32116	2
32117	8
32118	4
32119	2
32120	1
32121	1
32122	4
32123	3
32124	5
32126	10
32127	3
32128	4
32129	4
32130	6
32131	6
32132	7
32133	4
32134	4
32135	7
32136	5
32137	3
32138	5
32139	2
32140	4
32141	1
32142	2
32143	3
32144	6
32145	3
32146	3
32147	3
32148	6
32149	4
32150	5
32151	1
32152	7
32153	2
32154	6
32155	6
32156	3
32157	1
32158	4
32159	2
32160	3
32161	4
32162	4
32163	7
32164	7
32165	6
32166	5
32167	7
32168	8
32169	2
32170	3
32171	8
32172	4
32173	6
32174	3
32175	3
32176	4
32178	3
32179	5
32180	2
32181	2
32182	6
32183	5
32184	3
32185	2
32186	1
32187	5
32188	6
32189	3
32190	2
32191	1
32192	3
32193	4
32195	3
32196	4
32197	3
32198	4
32199	4
32200	2
32201	2
32202	6
32203	5
32204	5
32205	3
32206	5
32207	4
32208	5
32210	7
32211	1
32212	4
32213	1
32214	6
32215	6
32216	1
32217	7
32218	2
32219	12
32220	5
32221	4
32222	5
32223	2
32224	4
32225	3
32226	5
32227	4
32228	6
32229	2
32231	3
32232	4
32233	7
32234	5
32235	2
32236	2
32237	1
32238	6
32239	1
32240	2
32241	1
32242	1
32243	2
32244	2
32245	2
32246	5
32247	3
32248	4
32249	5
32250	3
32251	2
32252	6
32253	2
32254	6
32255	7
32256	4
32257	4
32258	4
32259	3
32260	7
32261	5
32262	3
32263	3
32264	4
32265	3
32266	3
32268	7
32269	4
32270	5
32272	4
32273	5
32274	4
32275	4
32276	6
32277	4
32278	3
32279	2
32280	4
32281	5
32282	6
32283	6
32284	8
32285	1
32286	5
32287	3
32288	1
32289	5
32290	3
32291	5
32292	5
32294	6
32295	3
32296	8
32297	6
32298	4
32299	3
32300	1
32301	2
32302	3
32303	1
32304	5
32305	5
32306	4
32307	5
32308	4
32309	6
32310	3
32311	4
32312	11
32313	1
32314	3
32315	6
32316	5
32317	8
32318	5
32319	1
32320	5
32321	1
32322	3
32323	3
32324	6
32325	3
32326	5
32327	3
32328	6
32329	4
32330	3
32332	3
32333	4
32334	3
32335	3
32336	5
32337	5
32338	2
32339	3
32340	5
32341	7
32342	2
32343	6
32344	3
32345	1
32346	1
32347	2
32348	2
32349	5
32350	3
32351	4
32352	4
32353	3
32354	3
32355	6
32356	7
32357	5
32358	3
32359	2
32360	3
32361	2
32362	4
32363	8
32364	2
32365	3
32366	2
32367	4
32368	5
32369	7
32370	2
32371	6
32372	7
32373	4
32374	2
32375	6
32376	4
32377	1
32378	4
32379	5
32380	6
32381	3
32382	4
32383	4
32384	6
32385	2
32386	3
32387	1
32388	2
32389	3
32390	2
32391	5
32392	4
32393	4
32394	4
32395	4
32396	2
32397	4
32398	9
32399	7
32400	3
32401	5
32402	2
32403	3
32404	6
32405	4
32406	4
32407	2
32408	1
32409	3
32410	5
32412	5
32413	4
32414	1
32415	5
32416	5
32417	2
32418	6
32419	3
32420	2
32421	3
32422	3
32423	1
32424	3
32425	3
32426	3
32427	5
32428	4
32429	4
32430	3
32431	6
32432	5
32433	3
32434	7
32435	2
32436	2
32437	3
32438	2
32439	2
32440	7
32441	4
32443	4
32444	2
32445	1
32446	2
32447	5
32448	5
32449	4
32450	2
32451	2
32453	4
32454	3
32455	2
32456	3
32457	3
32458	1
32459	6
32460	2
32461	3
32462	5
32463	4
32464	4
32465	5
32466	3
32467	4
32468	4
32469	6
32470	8
32471	5
32472	3
32473	7
32474	4
32475	3
32476	5
32477	9
32478	8
32479	3
32480	2
32481	2
32482	6
32483	3
32484	1
32485	3
32486	3
32487	6
32488	1
32489	4
32490	5
32491	5
32492	3
32493	3
32494	9
32495	4
32496	4
32497	4
32498	6
32499	5
32500	3
32501	3
32502	3
32504	5
32505	1
32506	5
32507	8
32508	5
32509	6
32510	7
32511	1
32512	9
32513	5
32514	4
32515	4
32516	4
32518	5
32519	2
32520	4
32521	1
32522	7
32523	5
32524	4
32525	2
32526	7
32527	4
32528	3
32529	4
32530	4
32531	3
32532	5
32533	5
32534	4
32535	5
32536	5
32537	1
32538	2
32539	2
32540	2
32541	9
32542	3
32544	2
32545	4
32546	5
32547	5
32548	1
32549	6
32550	4
32551	3
32552	3
32553	4
32554	4
32555	3
32556	4
32557	2
32558	7
32559	4
32560	3
32561	4
32562	7
32563	2
32564	3
32565	1
32566	3
32567	1
32568	3
32569	5
32570	2
32571	3
32572	4
32573	2
32574	4
32575	4
32576	2
32577	1
32578	6
32579	4
32580	2
32581	3
32582	3
32584	4
32585	2
32587	6
32588	4
32589	6
32590	2
32592	7
32593	6
32594	2
32595	5
32596	3
32597	2
32598	1
32599	8
32600	6
32601	4
32602	3
32603	4
32604	6
32605	1
32606	6
32607	4
32608	3
32609	3
32610	6
32611	9
32612	4
32613	1
32614	3
32616	6
32617	3
32618	1
32619	4
32620	2
32621	3
32622	6
32623	3
32624	3
32625	6
32626	5
32627	4
32628	2
32629	4
32630	4
32631	3
32632	3
32633	3
32634	4
32635	1
32636	1
32637	1
32638	1
32639	3
32640	4
32641	3
32642	2
32643	3
32644	7
32645	6
32646	5
32647	4
32648	7
32649	3
32650	3
32651	4
32652	1
32653	3
32654	6
32655	1
32656	1
32657	3
32658	2
32659	2
32660	7
32662	3
32663	3
32664	6
32666	3
32667	3
32669	3
32670	1
32671	3
32672	5
32673	5
32675	3
32676	4
32677	2
32678	3
32679	3
32680	3
32681	2
32682	8
32683	5
32684	3
32685	4
32686	2
32687	6
32688	5
32689	1
32690	4
32691	3
32692	2
32693	4
32694	4
32695	5
32696	4
32697	3
32698	2
32699	5
32700	4
32701	2
32702	7
32703	1
32704	4
32705	6
32706	1
32707	4
32708	4
32709	4
32710	3
32711	5
32712	2
32713	1
32714	5
32715	2
32716	8
32718	4
32719	3
32720	6
32721	2
32722	5
32723	4
32724	2
32725	3
32726	3
32727	4
32728	2
32729	3
32730	3
32731	2
32732	5
32733	1
32734	5
32735	2
32736	6
32737	1
32738	2
32739	3
32740	7
32741	2
32742	1
32743	2
32744	4
32745	3
32746	4
32747	1
32748	4
32749	2
32750	3
32751	3
32752	5
32753	4
32754	1
32755	5
32756	2
32757	5
32758	2
32760	5
32761	1
32762	1
32763	1
32764	2
32765	5
32766	2
32767	7
32768	6
32769	3
32770	4
32771	2
32772	3
32773	2
32774	3
32775	6
32776	3
32777	3
32778	4
32779	4
32780	3
32781	4
32782	1
32783	2
32784	2
32785	2
32786	6
32787	3
32788	4
32789	1
32791	4
32793	2
32794	2
32795	3
32796	4
32797	2
32798	2
32799	2
32800	2
32801	1
32802	2
32803	2
32804	3
32805	4
32806	5
32807	4
32808	3
32809	2
32810	1
32811	5
32812	2
32813	4
32814	3
32816	9
32817	5
32818	2
32819	3
32820	4
32821	3
32822	2
32823	2
32824	5
32825	4
32826	5
32827	6
32828	1
32829	4
32830	4
32831	2
32832	6
32833	1
32834	6
32835	4
32836	5
32837	7
32838	2
32839	2
32840	6
32841	3
32843	2
32844	5
32846	2
32848	2
32849	2
32850	3
32851	4
32852	2
32853	6
32854	4
32855	5
32856	3
32857	2
32858	3
32859	3
32861	2
32862	3
32863	2
32864	2
32865	5
32866	3
32867	1
32868	5
32869	4
32870	7
32871	3
32872	4
32873	6
32874	1
32875	1
32876	5
32877	3
32878	5
32879	3
32880	1
32881	3
32882	1
32883	2
32884	5
32885	5
32886	5
32887	8
32888	3
32889	4
32890	1
32891	1
32893	3
32894	3
32895	4
32896	1
32897	4
32898	5
32899	3
32900	2
32901	2
32902	3
32903	3
32904	2
32905	1
32906	2
32907	3
32908	2
32909	3
32910	3
32911	5
32912	6
32913	4
32914	6
32915	3
32916	4
32917	3
32918	3
32919	3
32920	3
32921	2
32922	4
32923	4
32924	2
32925	5
32926	4
32927	3
32928	3
32929	6
32930	2
32931	4
32932	2
32933	8
32934	7
32935	4
32936	3
32937	7
32938	5
32939	5
32940	4
32941	3
32942	2
32943	2
32944	3
32945	8
32946	6
32947	2
32948	3
32949	3
32950	3
32951	1
32952	2
32953	2
32954	5
32955	1
32956	1
32957	2
32958	2
32959	2
32960	1
32961	1
32962	4
32963	4
32964	3
32965	2
32966	1
32967	4
32968	6
32970	3
32971	2
32972	3
32973	4
32974	2
32975	1
32976	4
32977	3
32978	7
32979	6
32980	1
32981	3
32982	8
32983	4
32984	2
32985	4
32986	4
32987	3
32988	5
32989	4
32990	1
32991	3
32992	1
32993	4
32994	4
32995	4
32996	1
32997	2
32998	4
32999	6
33000	2
33001	2
33002	2
33004	2
33005	6
33006	5
33007	4
33008	2
33009	6
33010	6
33011	3
33012	3
33013	3
33014	2
33015	3
33016	3
33017	1
33018	1
33019	1
33020	4
33021	2
33022	5
33023	5
33024	4
33025	1
33026	1
33027	1
33028	5
33029	5
33030	9
33031	5
33032	2
33033	5
33034	3
33035	10
33037	6
33038	2
33039	4
33040	2
33041	3
33042	2
33043	2
33044	2
33045	2
33047	1
33048	5
33050	3
33051	3
33052	3
33053	4
33054	3
33055	2
33056	3
33057	5
33058	6
33059	9
33060	5
33062	1
33063	5
33064	1
33065	3
33066	3
33067	3
33068	3
33069	6
33070	2
33071	4
33072	7
33073	4
33074	3
33075	5
33076	2
33077	3
33078	6
33079	4
33080	3
33081	5
33082	4
33083	1
33084	3
33085	4
33086	1
33087	4
33088	4
33090	3
33091	1
33092	1
33093	2
33094	6
33095	2
33096	4
33097	1
33098	2
33099	4
33100	1
33101	4
33102	1
33103	6
33104	2
33105	3
33106	2
33109	5
33110	1
33111	3
33112	2
33113	5
33114	4
33116	4
33117	1
33118	1
33119	1
33120	4
33121	1
33122	3
33123	2
33125	5
33126	1
33127	3
33128	3
33129	6
33130	3
33131	2
33132	4
33133	1
33134	2
33135	2
33136	2
33137	3
33138	2
33139	5
33140	4
33141	4
33142	6
33143	3
33144	3
33145	3
33146	7
33147	2
33148	3
33150	2
33151	2
33152	8
33153	4
33154	3
33155	1
33156	1
33157	6
33158	3
33159	1
33160	6
33161	3
33162	1
33163	5
33164	1
33165	5
33166	7
33167	5
33168	2
33169	5
33170	2
33171	2
33172	1
33173	5
33174	2
33175	2
33176	4
33177	4
33178	4
33179	2
33180	3
33181	2
33182	2
33183	1
33184	3
33185	3
33186	1
33187	2
33188	2
33189	4
33190	4
33191	3
33192	2
33193	3
33194	5
33195	3
33196	2
33197	4
33198	3
33199	2
33201	3
33202	1
33203	1
33204	5
33205	2
33206	5
33207	3
33208	1
33209	1
33210	1
33211	2
33212	6
33213	3
33214	2
33215	3
33216	3
33217	7
33218	1
33219	3
33220	5
33221	2
33222	2
33223	1
33224	4
33225	4
33226	1
33227	2
33228	1
33229	6
33230	3
33231	7
33232	6
33233	4
33234	1
33235	3
33236	8
33237	6
33238	6
33239	5
33240	6
33241	5
33242	1
33243	1
33244	3
33245	2
33246	6
33247	2
33248	2
33249	1
33250	5
33251	3
33252	2
33253	1
33254	1
33255	1
33256	4
33257	4
33258	3
33259	5
33260	2
33261	2
33262	1
33263	4
33264	3
33265	3
33266	2
33267	5
33268	2
33269	5
33270	2
33271	4
33272	2
33273	1
33274	2
33275	3
33276	3
33277	1
33278	3
33279	5
33280	4
33281	5
33282	3
33283	3
33284	4
33285	7
33286	3
33287	3
33288	1
33289	3
33290	1
33291	1
33292	4
33293	7
33294	2
33295	5
33296	1
33297	5
33299	1
33300	3
33301	2
33302	1
33303	4
33304	1
33305	3
33306	2
33307	1
33308	1
33309	3
33310	1
33312	2
33313	2
33314	3
33315	2
33316	3
33318	2
33319	3
33320	1
33322	3
33323	3
33324	4
33325	1
33326	6
33328	7
33329	5
33330	3
33331	3
33332	3
33333	1
33334	1
33335	1
33336	2
33337	4
33338	4
33339	4
33340	4
33341	1
33342	5
33343	1
33344	6
33345	4
33346	5
33348	2
33349	4
33350	1
33351	2
33352	5
33353	2
33354	3
33355	3
33356	2
33357	1
33358	2
33359	5
33360	1
33361	4
33362	5
33363	2
33365	1
33366	4
33367	2
33368	4
33369	1
33370	1
33371	2
33372	3
33373	1
33374	2
33375	3
33376	4
33377	2
33378	2
33379	5
33380	1
33381	6
33382	2
33383	2
33384	6
33385	3
33386	3
33387	5
33388	5
33390	5
33391	2
33392	3
33393	4
33394	1
33395	1
33396	3
33397	1
33398	3
33399	4
33400	5
33401	3
33402	5
33403	9
33404	1
33405	3
33406	1
33407	3
33408	4
33409	3
33410	8
33411	3
33412	5
33413	4
33414	2
33415	3
33416	6
33417	1
33418	2
33419	3
33420	4
33421	5
33422	2
33423	4
33424	3
33425	3
33426	4
33427	2
33428	1
33429	4
33430	2
33431	3
33432	1
33433	4
33434	5
33435	6
33436	2
33437	3
33438	4
33439	10
33440	4
33441	4
33442	2
33443	3
33444	6
33445	3
33446	1
33447	1
33448	1
33449	3
33450	4
33451	2
33452	2
33453	3
33454	3
33455	3
33456	4
33458	3
33459	2
33460	3
33461	4
33462	3
33463	4
33464	6
33465	2
33466	1
33467	3
33468	1
33469	4
33470	4
33471	1
33472	4
33473	1
33474	3
33475	2
33476	4
33477	2
33478	5
33479	5
33480	4
33481	2
33482	2
33483	3
33484	4
33485	4
33486	2
33487	3
33488	2
33489	1
33491	3
33492	4
33494	3
33495	2
33496	1
33497	5
33498	2
33499	4
33500	4
33501	6
33502	4
33503	4
33504	3
33505	1
33507	2
33508	5
33509	4
33510	3
33511	1
33512	2
33513	3
33515	1
33516	1
33517	1
33518	1
33519	3
33520	4
33521	2
33522	3
33523	1
33524	4
33525	1
33526	6
33527	2
33529	5
33530	2
33531	7
33532	1
33533	3
33534	2
33535	5
33536	5
33537	2
33538	4
33541	2
33542	2
33543	3
33544	6
33545	2
33546	1
33547	5
33548	2
33550	2
33551	3
33552	2
33553	3
33554	2
33555	2
33556	4
33557	2
33558	3
33559	1
33560	2
33561	3
33562	1
33563	3
33565	2
33567	2
33568	2
33569	3
33570	5
33571	1
33572	4
33573	4
33574	2
33575	5
33576	2
33577	1
33578	3
33579	1
33580	2
33581	4
33582	3
33583	5
33584	1
33585	2
33586	6
33587	3
33588	3
33589	3
33590	1
33591	1
33592	1
33593	2
33594	4
33595	1
33596	4
33598	1
33599	1
33600	4
33601	8
33602	1
33603	2
33604	1
33605	6
33606	5
33607	1
33608	3
33609	5
33610	2
33611	3
33612	4
33613	2
33614	3
33615	1
33616	3
33617	4
33618	2
33619	6
33620	2
33621	5
33622	3
33623	3
33624	2
33625	2
33626	4
33627	2
33628	4
33629	5
33630	2
33631	1
33633	5
33634	3
33635	3
33636	2
33637	1
33638	1
33639	4
33640	2
33641	4
33642	2
33643	5
33644	1
33645	2
33646	4
33647	3
33648	2
33649	3
33650	7
33651	7
33652	3
33653	2
33654	3
33655	3
33656	4
33657	3
33658	3
33660	3
33661	2
33662	2
33663	3
33664	2
33665	4
33666	6
33667	2
33668	5
33669	2
33670	2
33671	2
33672	4
33673	2
33675	1
33676	4
33677	4
33679	3
33682	6
33683	1
33684	4
33685	1
33686	1
33687	3
33689	2
33691	3
33692	5
33693	4
33694	4
33695	4
33696	2
33697	1
33698	7
33699	3
33701	2
33702	5
33703	1
33704	2
33705	2
33706	1
33707	4
33708	3
33709	2
33710	1
33711	1
33712	1
33714	3
33715	2
33716	2
33717	1
33718	6
33719	3
33720	2
33721	2
33722	4
33723	2
33724	1
33725	2
33726	2
33727	5
33728	1
33729	4
33731	5
33732	1
33733	4
33734	4
33735	1
33736	2
33737	4
33739	2
33740	4
33741	1
33742	2
33743	2
33744	2
33745	5
33746	5
33747	2
33748	2
33749	3
33750	2
33751	2
33752	1
33753	1
33754	7
33755	2
33757	3
33758	2
33760	4
33761	3
33762	2
33763	1
33764	1
33765	6
33766	2
33767	1
33768	3
33769	2
33770	4
33771	2
33772	1
33773	4
33774	4
33775	2
33776	6
33777	1
33778	2
33779	2
33780	6
33781	2
33782	1
33783	1
33784	1
33785	2
33786	3
33787	6
33788	4
33789	5
33790	2
33791	6
33792	3
33793	4
33794	5
33795	3
33796	3
33797	4
33798	1
33799	5
33800	5
33801	2
33803	3
33805	3
33806	3
33807	2
33808	3
33809	3
33810	4
33811	1
33812	5
33813	2
33814	1
33815	3
33816	6
33817	6
33818	2
33819	2
33820	2
33821	1
33822	6
33823	3
33824	4
33825	3
33826	3
33827	4
33828	1
33829	3
33830	1
33831	2
33832	6
33833	2
33834	1
33835	2
33837	7
33838	4
33840	1
33841	4
33842	3
33843	2
33844	3
33845	4
33846	1
33847	2
33848	3
33849	1
33850	3
33851	1
33852	1
33853	5
33854	2
33855	2
33856	2
33857	3
33858	2
33859	4
33860	6
33861	6
33863	8
33864	1
33865	2
33866	2
33867	2
33868	3
33869	4
33870	2
33872	2
33873	7
33874	1
33875	2
33876	2
33877	5
33878	1
33879	5
33880	5
33881	2
33882	2
33883	2
33884	3
33885	1
33886	1
33887	3
33888	3
33889	2
33890	4
33891	2
33892	3
33893	2
33894	4
33895	1
33896	1
33897	4
33898	3
33899	1
33900	3
33901	3
33902	2
33903	1
33904	3
33905	3
33906	4
33907	6
33910	3
33911	1
33912	2
33913	3
33914	2
33915	4
33916	6
33917	2
33919	3
33920	2
33921	1
33922	3
33923	3
33924	1
33925	1
33926	1
33927	2
33928	3
33929	1
33930	5
33931	2
33932	1
33933	2
33934	3
33935	1
33936	1
33937	2
33938	1
33939	4
33940	4
33941	2
33942	4
33943	5
33944	1
33945	2
33946	3
33947	2
33948	5
33949	7
33950	3
33951	7
33952	2
33953	2
33954	1
33956	1
33957	4
33958	4
33959	3
33960	4
33961	1
33962	2
33963	2
33964	1
33965	2
33966	1
33967	1
33968	1
33971	5
33973	5
33975	1
33976	1
33977	2
33978	1
33979	2
33980	4
33981	1
33982	1
33983	5
33984	4
33985	3
33986	2
33987	3
33988	2
33989	3
33990	4
33992	2
33993	1
33994	2
33995	1
33996	3
33997	2
33998	3
33999	3
34000	2
34001	4
34002	3
34003	1
34004	2
34005	2
34006	1
34007	4
34008	1
34009	3
34010	4
34011	8
34012	1
34013	2
34014	1
34015	1
34016	5
34017	2
34018	2
34019	2
34020	1
34021	2
34022	4
34023	1
34024	3
34025	2
34026	2
34027	1
34028	1
34029	3
34030	3
34031	2
34032	1
34033	5
34034	3
34035	2
34037	3
34038	1
34039	3
34040	4
34041	1
34043	3
34044	1
34045	1
34046	1
34047	4
34048	3
34049	2
34050	4
34051	2
34052	2
34053	2
34054	2
34055	3
34056	2
34057	3
34058	2
34059	2
34060	1
34061	3
34062	2
34063	2
34064	2
34065	2
34066	2
34067	4
34068	2
34069	3
34070	2
34071	2
34072	1
34073	3
34074	1
34075	2
34076	2
34077	1
34078	8
34079	2
34080	2
34081	3
34082	1
34083	4
34084	3
34085	1
34086	4
34087	4
34088	4
34089	1
34090	1
34091	1
34092	2
34093	3
34094	5
34096	1
34097	3
34099	2
34100	2
34101	4
34103	4
34104	4
34105	2
34106	1
34107	5
34108	3
34109	6
34110	5
34111	2
34112	3
34113	2
34114	4
34115	3
34116	2
34117	1
34118	2
34119	3
34120	1
34121	8
34122	2
34123	1
34124	2
34125	2
34126	5
34127	4
34128	4
34131	2
34132	5
34133	1
34134	1
34135	5
34136	2
34137	3
34138	3
34140	2
34141	2
34142	1
34143	3
34144	2
34145	2
34146	1
34147	3
34149	1
34150	3
34151	1
34152	2
34153	4
34155	3
34156	2
34157	3
34158	3
34159	3
34160	2
34161	3
34163	3
34164	3
34165	4
34166	2
34167	4
34168	2
34169	5
34171	2
34172	4
34173	3
34174	3
34175	2
34176	4
34177	5
34179	2
34180	2
34181	2
34182	2
34183	1
34184	1
34185	5
34186	4
34187	4
34188	2
34189	4
34190	3
34191	3
34192	1
34193	1
34194	2
34195	2
34196	3
34198	2
34199	3
34200	4
34201	5
34203	4
34204	1
34206	4
34207	2
34208	2
34209	2
34210	4
34211	6
34212	4
34213	1
34214	2
34215	3
34216	2
34217	2
34218	6
34219	4
34220	4
34221	3
34222	5
34224	1
34225	1
34226	2
34227	2
34228	1
34229	5
34230	3
34231	3
34232	1
34233	5
34234	1
34235	2
34236	2
34237	5
34238	4
34239	4
34240	2
34241	4
34242	2
34243	3
34244	2
34245	1
34246	2
34247	2
34248	3
34249	3
34250	1
34251	2
34252	1
34253	1
34254	4
34255	3
34256	5
34257	2
34258	4
34259	1
34260	1
34261	2
34262	2
34263	2
34264	4
34265	2
34266	3
34267	1
34268	1
34269	2
34270	5
34271	2
34272	1
34275	2
34276	2
34277	2
34278	3
34279	1
34280	3
34281	4
34282	1
34283	3
34284	3
34285	2
34286	1
34287	1
34288	1
34289	3
34290	1
34292	1
34293	1
34294	5
34296	3
34297	3
34298	1
34299	3
34300	2
34301	2
34302	2
34303	3
34304	1
34305	2
34306	2
34308	2
34310	5
34312	1
34313	3
34314	2
34315	1
34316	1
34317	1
34318	3
34319	3
34320	1
34321	1
34322	4
34323	1
34324	1
34325	3
34326	1
34327	3
34328	1
34329	2
34330	2
34332	3
34333	4
34334	1
34335	2
34336	1
34337	2
34338	2
34339	2
34340	1
34341	1
34342	2
34343	2
34344	2
34346	1
34347	3
34348	4
34349	1
34350	2
34351	3
34352	4
34353	3
34354	2
34355	4
34356	2
34357	5
34358	7
34359	2
34360	3
34361	3
34362	3
34363	4
34364	1
34365	1
34366	5
34367	3
34368	2
34369	3
34370	3
34371	1
34372	2
34374	3
34375	3
34376	1
34377	2
34378	2
34379	1
34380	2
34381	2
34382	3
34383	2
34384	3
34385	3
34386	3
34387	2
34390	4
34392	4
34393	1
34394	3
34395	3
34396	2
34397	2
34398	2
34399	4
34400	7
34401	1
34402	2
34403	2
34404	1
34405	1
34406	1
34407	4
34408	1
34409	2
34410	4
34411	4
34412	4
34413	1
34414	4
34415	3
34416	2
34418	6
34419	5
34420	1
34421	6
34422	1
34423	5
34424	2
34425	6
34427	1
34428	4
34429	2
34430	1
34431	2
34432	2
34433	2
34434	4
34435	3
34436	4
34437	3
34438	6
34439	1
34441	3
34442	3
34443	4
34444	3
34445	2
34446	1
34447	1
34448	1
34450	5
34452	4
34453	1
34454	1
34455	6
34456	2
34457	4
34458	1
34459	3
34460	2
34461	2
34462	2
34463	5
34464	4
34465	3
34466	3
34467	6
34468	1
34469	1
34470	4
34471	1
34472	4
34473	2
34474	1
34475	2
34476	2
34477	1
34480	4
34481	2
34482	3
34483	5
34484	2
34485	3
34486	2
34487	1
34488	4
34489	1
34490	1
34491	1
34492	3
34493	4
34494	1
34495	1
34496	6
34497	4
34498	2
34499	2
34500	3
34501	2
34502	1
34504	3
34505	3
34507	2
34508	4
34509	2
34510	2
34511	1
34512	3
34513	2
34514	3
34515	2
34516	1
34518	2
34519	1
34521	1
34522	7
34523	1
34524	4
34526	3
34529	5
34530	2
34531	1
34532	2
34533	3
34534	1
34535	4
34537	6
34538	2
34539	3
34540	2
34542	4
34544	3
34545	2
34546	1
34547	1
34548	3
34549	2
34550	1
34551	2
34552	6
34554	2
34555	2
34556	1
34557	2
34558	4
34559	2
34560	1
34561	3
34562	4
34564	3
34565	2
34566	3
34567	2
34569	1
34570	1
34571	4
34572	3
34573	1
34574	3
34575	1
34577	3
34578	3
34579	2
34580	1
34581	2
34582	2
34584	2
34585	3
34586	2
34587	5
34588	2
34589	2
34590	2
34591	1
34592	3
34594	2
34595	3
34596	2
34597	2
34600	3
34602	3
34603	3
34605	3
34606	3
34607	2
34608	2
34609	1
34610	2
34611	2
34612	3
34613	1
34614	3
34615	2
34616	2
34618	1
34619	3
34621	1
34622	2
34623	1
34624	1
34626	1
34628	1
34629	4
34630	3
34631	1
34632	3
34633	2
34634	2
34635	4
34636	3
34637	2
34638	2
34639	2
34641	2
34642	3
34644	2
34646	3
34647	1
34649	1
34651	2
34652	4
34653	1
34654	1
34655	1
34656	2
34657	3
34658	2
34659	2
34662	3
34666	4
34667	1
34668	4
34669	1
34670	1
34671	2
34673	1
34674	1
34675	1
34676	3
34677	1
34678	2
34679	4
34681	1
34682	5
34683	3
34685	2
34686	2
34687	2
34688	2
34689	1
34690	1
34691	1
34692	4
34694	1
34695	3
34696	3
34698	1
34699	3
34700	2
34701	3
34702	5
34703	3
34704	1
34705	2
34706	5
34708	2
34709	2
34710	2
34711	1
34712	4
34713	1
34714	2
34715	6
34716	2
34717	3
34718	2
34719	1
34720	4
34721	1
34722	1
34723	4
34725	3
34726	3
34728	4
34729	1
34730	1
34732	1
34733	1
34734	2
34735	1
34737	1
34738	1
34740	1
34741	3
34742	1
34744	1
34745	3
34746	1
34747	1
34748	2
34749	2
34750	4
34751	2
34753	1
34754	2
34755	3
34756	2
34757	2
34758	4
34759	2
34760	1
34761	1
34762	3
34763	7
34764	4
34765	4
34766	4
34768	3
34769	1
34770	2
34771	2
34772	1
34773	3
34774	3
34775	4
34776	1
34777	4
34778	2
34779	2
34780	3
34781	3
34782	1
34784	1
34785	4
34786	1
34787	5
34789	5
34790	1
34791	3
34793	2
34794	1
34795	1
34796	2
34798	1
34799	4
34800	5
34801	3
34802	1
34803	4
34804	1
34807	1
34808	2
34809	2
34810	3
34811	3
34812	2
34813	4
34814	1
34815	1
34816	2
34817	1
34818	1
34819	2
34820	3
34822	3
34823	2
34824	1
34825	3
34826	6
34827	3
34828	3
34830	5
34831	3
34832	2
34833	1
34834	3
34835	1
34836	2
34837	3
34838	3
34839	2
34840	2
34841	3
34842	3
34843	2
34844	4
34845	1
34846	1
34848	2
34849	1
34850	3
34851	2
34852	4
34854	2
34855	5
34856	4
34857	2
34858	2
34859	2
34860	3
34861	1
34862	1
34863	1
34864	1
34866	3
34867	1
34868	1
34869	2
34870	2
34871	4
34872	1
34873	2
34874	2
34875	2
34877	3
34878	5
34879	3
34880	1
34881	1
34882	1
34883	3
34884	1
34885	3
34886	3
34887	3
34888	2
34889	1
34891	1
34893	1
34894	3
34895	1
34896	1
34897	2
34898	2
34899	2
34900	1
34901	2
34902	1
34903	2
34904	1
34905	3
34906	1
34907	3
34908	2
34909	2
34911	1
34912	5
34913	2
34914	1
34917	3
34918	1
34919	1
34921	1
34922	2
34923	1
34925	3
34926	4
34928	1
34929	1
34930	4
34931	1
34932	2
34933	1
34934	3
34935	4
34936	2
34937	3
34938	2
34940	6
34941	3
34942	4
34943	3
34944	3
34945	3
34946	2
34947	1
34949	2
34950	1
34951	1
34952	1
34953	3
34954	4
34955	3
34956	4
34957	3
34958	5
34960	1
34962	2
34963	2
34964	3
34965	3
34966	2
34967	1
34968	1
34969	3
34970	4
34971	2
34972	4
34975	2
34977	6
34978	1
34979	2
34980	1
34981	1
34983	2
34984	1
34985	2
34986	1
34987	2
34988	1
34989	3
34990	3
34991	3
34992	1
34993	3
34994	2
34996	3
34997	3
34998	1
34999	2
35000	2
35001	1
35002	4
35003	3
35004	1
35005	6
35006	2
35007	1
35008	2
35010	1
35011	2
35012	3
35013	2
35014	2
35016	1
35017	1
35018	2
35019	3
35020	2
35023	2
35024	2
35025	3
35026	2
35027	3
35030	1
35031	1
35033	2
35034	1
35035	2
35036	1
35038	3
35039	2
35040	3
35041	1
35042	2
35044	1
35045	1
35046	4
35047	2
35049	4
35050	3
35051	1
35052	1
35053	1
35054	2
35055	3
35056	4
35058	1
35059	2
35060	4
35061	2
35062	1
35063	1
35064	1
35065	3
35066	1
35067	5
35068	2
35071	1
35072	4
35076	1
35077	1
35078	3
35079	2
35081	2
35082	3
35083	1
35084	2
35085	1
35086	1
35087	2
35089	2
35092	1
35093	1
35094	1
35095	1
35096	2
35098	2
35099	1
35100	3
35101	4
35102	1
35103	2
35104	2
35105	1
35110	1
35111	1
35112	1
35113	2
35115	3
35117	2
35118	2
35120	4
35121	1
35122	1
35125	2
35126	1
35127	1
35128	1
35129	2
35130	1
35131	1
35132	2
35133	2
35134	7
35135	4
35136	1
35137	2
35138	2
35139	8
35140	3
35141	3
35143	3
35144	1
35146	3
35147	2
35148	2
35149	2
35150	3
35151	1
35152	4
35154	1
35155	1
35156	2
35157	4
35158	1
35159	1
35160	3
35162	1
35163	2
35164	5
35165	1
35166	3
35167	2
35168	1
35169	4
35170	2
35171	3
35172	1
35173	1
35174	1
35175	6
35176	3
35178	2
35179	2
35180	2
35181	1
35182	3
35183	2
35184	2
35185	3
35186	1
35187	4
35188	1
35189	1
35190	1
35191	3
35192	1
35193	3
35195	1
35197	4
35198	3
35199	2
35200	2
35201	2
35202	2
35204	1
35205	1
35207	2
35208	2
35209	1
35211	1
35212	3
35213	2
35214	1
35215	3
35216	2
35217	2
35218	2
35219	2
35220	2
35221	1
35223	3
35224	2
35225	1
35226	2
35228	1
35229	2
35230	3
35231	1
35232	2
35233	2
35234	5
35235	1
35236	1
35237	1
35238	2
35239	3
35240	1
35242	2
35244	1
35247	2
35248	1
35249	1
35250	2
35251	2
35252	1
35253	2
35254	1
35255	2
35256	1
35257	2
35258	1
35260	3
35262	4
35263	2
35264	4
35265	1
35266	1
35267	3
35268	3
35269	2
35270	3
35272	2
35274	3
35275	4
35276	2
35277	1
35279	2
35281	1
35282	1
35283	1
35284	1
35285	4
35286	5
35287	2
35288	1
35289	2
35290	1
35291	2
35292	1
35293	2
35294	3
35296	2
35297	2
35299	2
35300	3
35301	1
35302	1
35304	1
35305	1
35306	3
35307	5
35308	3
35309	2
35310	3
35312	1
35313	3
35314	1
35316	2
35317	3
35318	1
35319	3
35320	2
35321	1
35323	2
35324	4
35327	2
35328	2
35329	5
35330	3
35331	2
35332	1
35333	1
35334	3
35335	1
35336	1
35337	3
35340	5
35342	3
35343	1
35344	3
35345	2
35346	1
35347	1
35348	3
35349	1
35350	2
35351	1
35352	1
35353	2
35354	1
35355	2
35356	2
35357	2
35358	1
35359	2
35361	2
35362	1
35363	1
35365	3
35366	2
35367	4
35368	1
35369	2
35371	1
35373	2
35374	1
35376	3
35377	1
35378	2
35379	1
35381	1
35382	1
35384	1
35385	2
35387	3
35388	1
35389	1
35390	1
35391	4
35392	2
35393	2
35394	1
35395	5
35396	1
35397	2
35398	2
35399	4
35401	1
35402	3
35403	2
35404	2
35407	3
35409	1
35411	1
35412	1
35413	2
35414	2
35415	4
35416	1
35418	5
35421	3
35423	1
35424	3
35425	1
35427	2
35428	1
35429	2
35430	1
35432	2
35433	1
35434	1
35435	1
35436	3
35437	1
35441	1
35442	1
35443	1
35444	2
35445	1
35447	1
35450	2
35451	4
35452	2
35454	3
35455	2
35456	3
35457	1
35458	3
35459	2
35460	2
35461	2
35462	1
35464	3
35465	2
35466	3
35467	2
35468	3
35469	2
35470	2
35471	3
35472	1
35473	3
35474	2
35475	2
35479	3
35480	3
35481	3
35482	3
35483	3
35485	1
35486	3
35487	2
35488	2
35489	3
35490	4
35491	2
35494	2
35496	2
35497	1
35498	2
35499	2
35500	1
35502	2
35503	1
35504	1
35505	3
35506	1
35507	2
35508	4
35510	1
35511	3
35512	3
35513	1
35514	1
35516	4
35518	2
35519	1
35520	6
35521	1
35523	1
35524	2
35526	1
35527	1
35528	1
35529	3
35530	2
35531	1
35532	1
35533	4
35534	2
35535	3
35536	3
35537	1
35538	3
35539	1
35541	3
35542	2
35543	1
35544	2
35545	1
35546	1
35547	1
35548	1
35549	3
35550	3
35552	2
35554	2
35556	1
35559	1
35560	2
35562	2
35563	3
35565	1
35566	2
35567	1
35568	3
35569	2
35570	1
35571	3
35572	1
35573	1
35575	1
35576	1
35577	2
35578	1
35579	1
35580	1
35581	1
35583	1
35584	2
35586	2
35587	1
35588	3
35589	1
35590	2
35591	4
35593	2
35594	1
35595	4
35596	1
35598	3
35600	1
35601	3
35602	2
35604	3
35606	2
35607	1
35608	1
35609	1
35612	2
35613	2
35614	2
35615	1
35616	1
35617	2
35618	2
35619	3
35620	2
35621	1
35622	2
35623	1
35625	1
35626	1
35627	1
35628	2
35629	3
35633	2
35634	1
35635	2
35637	1
35638	1
35640	3
35641	3
35643	1
35644	1
35645	2
35646	2
35648	1
35649	1
35650	3
35651	2
35652	5
35653	3
35654	1
35655	1
35656	2
35657	5
35658	2
35659	1
35660	2
35661	1
35662	1
35663	2
35665	2
35666	2
35667	1
35668	3
35669	1
35670	2
35671	2
35673	1
35675	1
35680	1
35682	2
35683	2
35685	5
35686	1
35688	3
35692	1
35693	1
35694	3
35695	1
35696	2
35697	2
35698	2
35699	1
35700	1
35703	3
35704	1
35706	3
35707	1
35708	2
35709	4
35712	3
35713	1
35715	2
35716	2
35719	1
35720	2
35721	2
35722	2
35723	1
35724	2
35726	2
35728	3
35730	1
35733	1
35734	2
35736	2
35738	2
35742	3
35743	3
35744	1
35746	2
35748	4
35749	1
35750	2
35751	2
35753	2
35754	2
35755	1
35757	1
35759	5
35760	3
35761	3
35762	1
35763	3
35764	1
35765	2
35768	3
35769	2
35770	1
35771	4
35774	2
35775	1
35778	2
35779	3
35780	1
35781	1
35782	1
35783	2
35784	1
35785	3
35786	2
35787	1
35788	2
35792	1
35795	1
35796	1
35797	2
35798	1
35799	2
35800	1
35801	1
35803	3
35804	2
35805	1
35806	4
35807	1
35808	2
35810	5
35811	1
35812	2
35813	2
35814	1
35815	1
35816	3
35817	2
35818	3
35819	3
35821	3
35822	1
35823	1
35824	2
35825	2
35826	2
35828	2
35829	1
35830	2
35831	1
35832	1
35833	1
35835	2
35837	1
35838	3
35839	1
35840	1
35841	3
35843	2
35844	2
35845	1
35846	1
35847	1
35848	4
35849	1
35850	1
35851	4
35852	1
35853	1
35854	1
35857	2
35858	1
35859	2
35860	1
35861	2
35862	3
35865	1
35867	4
35868	1
35869	1
35870	1
35872	5
35873	3
35874	1
35876	1
35880	1
35881	4
35883	2
35884	3
35885	2
35887	2
35888	1
35892	2
35895	1
35896	2
35897	2
35898	1
35899	1
35900	2
35901	3
35902	2
35904	2
35905	1
35906	1
35907	3
35908	1
35909	1
35910	1
35911	1
35912	3
35913	2
35914	1
35915	3
35916	5
35917	2
35918	1
35920	1
35921	1
35923	2
35924	1
35925	2
35926	1
35927	4
35928	2
35929	1
35930	1
35932	3
35934	1
35935	1
35936	3
35937	2
35939	2
35940	2
35941	2
35943	2
35944	1
35945	1
35946	1
35947	1
35948	1
35949	2
35950	2
35952	1
35953	1
35954	2
35955	1
35956	3
35957	2
35958	1
35960	1
35963	1
35964	1
35966	3
35968	1
35971	2
35972	3
35973	2
35974	1
35975	4
35976	1
35977	2
35979	1
35980	2
35982	1
35984	1
35985	3
35986	1
35987	2
35988	1
35990	2
35992	1
35993	2
35995	1
35996	2
35997	2
35999	1
36000	1
36002	1
36003	3
36004	1
36005	1
36006	3
36007	1
36008	1
36009	1
36010	1
36011	1
36012	2
36014	2
36015	4
36016	2
36017	3
36018	2
36019	3
36020	3
36021	1
36022	3
36024	1
36027	1
36031	3
36032	1
36033	5
36034	3
36035	1
36037	1
36038	4
36040	2
36041	1
36042	2
36043	1
36044	2
36045	1
36046	2
36047	2
36048	3
36051	3
36054	2
36055	1
36056	3
36057	1
36058	1
36059	2
36061	2
36062	3
36063	4
36064	2
36065	2
36066	2
36069	2
36071	1
36072	3
36073	1
36074	1
36076	2
36077	1
36078	2
36079	1
36080	1
36081	3
36082	1
36083	2
36084	1
36087	1
36088	2
36089	2
36090	1
36091	3
36094	1
36101	1
36102	1
36103	1
36104	2
36106	1
36107	1
36109	1
36110	1
36112	1
36113	2
36114	3
36115	4
36116	3
36117	1
36119	1
36120	1
36122	1
36123	2
36124	2
36125	1
36127	1
36128	3
36129	1
36132	3
36133	1
36134	1
36135	1
36138	1
36139	2
36140	3
36141	2
36143	1
36144	3
36145	2
36146	3
36148	1
36149	3
36150	1
36152	1
36153	2
36154	2
36155	2
36157	1
36158	2
36159	2
36161	3
36162	1
36163	1
36164	2
36166	1
36168	1
36169	4
36170	2
36171	1
36172	2
36173	2
36174	2
36176	4
36179	1
36180	1
36181	5
36182	3
36183	3
36184	1
36185	2
36186	3
36187	1
36188	3
36189	1
36192	2
36193	1
36196	1
36197	1
36199	1
36200	1
36201	2
36203	2
36204	2
36205	1
36206	2
36207	1
36208	1
36209	1
36210	1
36211	2
36214	2
36215	1
36217	1
36219	2
36220	1
36221	1
36222	1
36224	1
36227	2
36228	2
36230	2
36232	4
36233	1
36234	1
36236	1
36237	1
36239	1
36241	3
36243	3
36244	4
36246	2
36247	1
36248	2
36249	1
36251	2
36252	1
36253	3
36256	1
36258	4
36259	2
36261	1
36263	1
36265	1
36266	2
36268	2
36269	3
36270	4
36271	1
36272	5
36273	3
36274	3
36275	3
36276	1
36279	2
36280	1
36281	1
36282	2
36284	1
36285	3
36286	4
36287	2
36288	3
36289	3
36290	2
36291	1
36292	1
36293	3
36294	4
36295	1
36297	1
36299	2
36300	1
36301	2
36302	1
36303	1
36304	1
36305	3
36306	3
36307	2
36308	1
36309	1
36310	2
36311	2
36312	2
36313	1
36316	1
36317	3
36318	2
36319	1
36321	1
36323	3
36325	2
36326	2
36327	2
36333	1
36334	2
36335	1
36336	2
36337	2
36338	1
36339	2
36340	1
36343	1
36345	1
36346	1
36347	3
36349	2
36351	1
36353	1
36355	2
36357	2
36358	1
36359	1
36360	1
36362	1
36363	1
36364	2
36365	2
36367	1
36368	1
36369	2
36371	2
36372	1
36373	2
36374	1
36376	2
36377	2
36378	2
36380	2
36381	1
36382	2
36383	1
36384	3
36385	1
36386	2
36387	1
36388	2
36389	1
36392	2
36393	2
36396	2
36397	1
36399	1
36400	1
36401	1
36402	1
36404	1
36405	3
36406	2
36407	1
36408	1
36409	1
36410	1
36413	1
36414	4
36417	2
36418	3
36419	2
36420	3
36421	2
36422	1
36423	1
36424	1
36427	2
36428	2
36430	1
36431	2
36436	2
36439	1
36441	1
36442	4
36443	2
36444	3
36450	2
36451	4
36453	1
36454	1
36457	1
36458	2
36459	2
36460	2
36461	1
36462	2
36463	2
36464	2
36466	4
36468	4
36470	1
36472	1
36477	2
36478	1
36480	2
36482	2
36483	1
36484	1
36485	2
36487	1
36488	1
36489	3
36490	2
36492	1
36494	2
36496	2
36498	2
36499	2
36500	1
36501	1
36503	1
36504	2
36505	2
36507	3
36508	3
36509	3
36510	2
36513	2
36516	1
36517	1
36518	1
36519	1
36520	1
36523	1
36524	1
36525	1
36526	3
36527	1
36528	1
36531	1
36535	1
36537	2
36538	2
36540	1
36541	4
36542	2
36544	1
36548	1
36549	1
36550	3
36551	1
36554	3
36555	1
36556	1
36557	1
36559	1
36560	2
36561	3
36562	4
36564	1
36565	1
36566	1
36567	1
36568	1
36570	2
36571	2
36572	1
36573	1
36574	1
36575	2
36577	3
36578	3
36580	2
36581	3
36582	1
36583	1
36584	1
36585	1
36586	2
36587	1
36588	3
36589	2
36590	1
36591	3
36593	1
36595	2
36597	2
36598	1
36599	1
36600	2
36601	1
36602	2
36604	3
36605	1
36607	1
36608	1
36609	1
36611	1
36612	1
36613	2
36614	1
36615	2
36618	3
36619	1
36622	1
36625	1
36626	1
36628	3
36629	4
36630	1
36632	2
36633	1
36635	2
36637	1
36638	1
36639	3
36642	1
36643	1
36644	1
36645	1
36646	1
36648	3
36652	1
36653	1
36654	2
36655	1
36656	2
36658	3
36661	3
36662	1
36664	2
36666	2
36667	2
36668	1
36670	1
36672	1
36673	2
36675	1
36677	3
36678	1
36679	1
36685	1
36687	4
36688	1
36689	3
36690	1
36692	1
36693	1
36695	2
36696	1
36697	1
36698	1
36699	3
36701	3
36702	1
36703	2
36704	3
36705	1
36707	1
36708	3
36709	1
36710	2
36711	1
36712	4
36713	1
36716	1
36717	1
36720	1
36721	2
36723	1
36724	1
36725	6
36726	2
36727	2
36728	1
36729	2
36731	1
36732	3
36734	1
36735	1
36736	2
36737	4
36738	1
36741	2
36742	1
36743	1
36744	3
36745	1
36748	1
36750	2
36752	1
36755	1
36757	1
36758	1
36759	1
36764	1
36765	2
36766	1
36767	1
36768	1
36769	1
36770	1
36772	1
36773	2
36774	1
36775	1
36776	2
36777	1
36778	3
36782	2
36783	2
36784	1
36786	3
36788	2
36789	2
36790	2
36792	1
36795	2
36796	1
36798	1
36800	3
36801	2
36802	1
36804	3
36805	1
36809	1
36811	2
36812	1
36813	1
36815	1
36816	1
36817	2
36818	3
36819	1
36820	1
36822	1
36824	2
36825	3
36827	1
36829	1
36833	1
36834	1
36836	2
36839	1
36842	1
36843	1
36844	1
36847	2
36848	1
36849	1
36850	1
36852	2
36853	1
36855	3
36856	1
36858	2
36859	1
36860	1
36861	1
36862	1
36863	1
36864	1
36867	1
36868	1
36869	3
36870	1
36871	2
36872	2
36874	2
36877	1
36878	1
36881	2
36883	2
36884	1
36885	1
36886	1
36887	2
36888	1
36889	2
36890	3
36892	1
36893	3
36894	2
36895	2
36897	1
36904	3
36908	1
36909	2
36910	2
36911	1
36913	2
36914	2
36915	1
36917	1
36921	3
36922	1
36923	1
36924	2
36926	3
36927	1
36928	2
36929	2
36930	1
36932	1
36933	1
36934	1
36935	1
36936	1
36937	2
36939	1
36940	1
36941	1
36942	1
36944	1
36945	2
36948	1
36949	1
36951	1
36952	1
36953	2
36954	1
36956	1
36957	2
36958	1
36959	2
36960	1
36962	2
36964	2
36965	2
36966	1
36967	1
36971	2
36973	2
36975	1
36976	1
36978	3
36985	1
36987	1
36989	2
36990	2
36991	1
36993	1
36994	1
36996	3
36997	2
36998	1
36999	2
37000	1
37001	2
37002	2
37006	1
37007	1
37008	2
37009	3
37010	1
37012	2
37016	1
37017	3
37018	5
37022	1
37023	1
37024	1
37025	2
37026	2
37028	2
37029	2
37031	3
37032	1
37034	1
37035	1
37037	3
37038	1
37039	2
37042	2
37044	1
37048	2
37049	1
37050	1
37051	1
37056	1
37058	3
37059	2
37061	1
37062	4
37063	1
37064	2
37067	2
37069	2
37070	3
37072	1
37074	1
37076	2
37077	1
37080	1
37082	1
37083	1
37084	2
37085	2
37087	1
37088	1
37089	1
37090	1
37092	2
37098	1
37099	2
37101	1
37102	2
37103	1
37105	2
37106	1
37107	3
37110	2
37111	2
37112	1
37114	1
37115	2
37119	1
37120	1
37122	1
37123	1
37124	1
37125	2
37126	2
37131	1
37133	1
37134	1
37135	1
37136	2
37139	1
37141	4
37142	1
37143	2
37145	2
37146	2
37148	1
37149	2
37154	1
37156	2
37160	2
37161	1
37162	2
37163	1
37164	1
37165	2
37166	1
37167	1
37168	4
37171	2
37174	1
37176	6
37177	2
37179	2
37180	1
37182	1
37183	1
37186	2
37190	1
37192	1
37193	1
37196	2
37198	1
37199	1
37200	2
37201	2
37203	2
37204	2
37207	1
37209	2
37210	4
37212	1
37213	1
37217	1
37218	1
37219	2
37222	1
37225	1
37229	1
37230	2
37232	1
37233	3
37234	2
37236	3
37238	1
37240	1
37241	1
37242	1
37244	1
37246	1
37247	2
37248	2
37254	2
37256	1
37257	1
37260	2
37262	1
37263	1
37267	1
37272	2
37273	1
37277	1
37278	2
37280	1
37283	1
37284	1
37285	2
37286	1
37289	1
37290	1
37291	3
37292	2
37293	1
37294	1
37295	1
37296	2
37297	2
37298	1
37299	1
37301	1
37302	1
37303	2
37304	1
37305	1
37306	1
37308	1
37312	2
37314	1
37315	4
37317	1
37318	1
37319	1
37320	1
37323	2
37325	1
37327	1
37328	1
37330	3
37331	1
37334	2
37335	2
37340	3
37343	1
37344	1
37345	1
37346	1
37347	1
37350	1
37352	1
37354	1
37355	1
37356	3
37357	1
37359	2
37360	3
37361	1
37362	1
37363	1
37364	1
37365	1
37367	2
37368	1
37370	1
37373	1
37375	2
37376	1
37379	1
37384	3
37385	3
37387	1
37388	1
37390	1
37391	3
37394	1
37396	1
37399	1
37400	3
37401	1
37403	2
37405	2
37406	1
37409	3
37411	1
37412	2
37416	1
37418	2
37420	1
37422	1
37424	2
37426	1
37431	1
37434	1
37435	2
37437	1
37439	2
37442	1
37443	2
37445	1
37446	1
37447	1
37450	2
37451	2
37452	4
37453	3
37457	4
37458	2
37460	2
37463	1
37465	1
37467	1
37468	1
37469	1
37470	1
37471	2
37474	1
37475	1
37476	2
37477	3
37480	3
37481	1
37488	1
37492	1
37493	2
37495	1
37496	2
37498	1
37502	1
37504	1
37506	1
37507	1
37508	2
37510	1
37513	2
37514	3
37517	2
37518	1
37521	1
37522	1
37523	1
37524	1
37526	1
37527	2
37529	3
37530	4
37531	3
37533	1
37534	1
37535	1
37538	2
37541	2
37542	3
37543	2
37544	2
37545	2
37546	1
37548	2
37549	1
37552	2
37555	3
37556	2
37558	1
37559	1
37561	1
37562	2
37566	1
37573	1
37575	1
37580	1
37581	1
37584	1
37585	4
37586	1
37587	3
37588	1
37593	2
37594	1
37595	3
37596	2
37598	1
37599	1
37606	1
37607	2
37609	1
37610	1
37614	1
37617	1
37619	2
37620	1
37624	1
37625	2
37626	2
37627	1
37631	1
37635	1
37641	2
37643	3
37646	1
37647	2
37653	2
37656	2
37658	2
37659	1
37660	1
37661	2
37663	1
37666	1
37668	1
37669	1
37674	2
37675	2
37676	2
37683	1
37684	2
37685	2
37686	2
37689	2
37693	1
37697	1
37699	4
37703	1
37704	1
37707	1
37709	1
37711	1
37714	1
37715	1
37716	2
37717	1
37718	1
37719	1
37720	2
37723	1
37724	3
37725	1
37728	1
37730	1
37732	1
37733	1
37734	2
37736	1
37739	1
37740	1
37741	1
37743	2
37744	2
37745	1
37747	1
37748	3
37750	1
37751	2
37753	1
37754	1
37755	1
37756	2
37757	2
37759	1
37761	2
37763	1
37765	2
37766	2
37767	2
37768	1
37770	4
37771	1
37772	1
37773	1
37776	2
37777	4
37778	1
37780	1
37786	2
37789	1
37790	1
37792	1
37794	1
37795	3
37796	2
37800	1
37801	3
37802	1
37804	1
37809	1
37810	1
37811	1
37812	1
37813	1
37814	1
37815	1
37816	1
37817	2
37819	1
37820	1
37821	1
37822	1
37828	2
37830	1
37831	1
37832	3
37833	1
37836	1
37837	1
37838	2
37840	1
37842	1
37843	1
37844	1
37845	1
37846	2
37849	1
37850	2
37852	2
37853	2
37855	1
37856	1
37857	3
37858	1
37861	1
37868	1
37869	5
37870	2
37873	1
37875	1
37881	1
37882	2
37885	1
37888	3
37891	1
37893	1
37894	1
37896	1
37900	1
37902	1
37903	1
37904	1
37907	1
37908	2
37913	1
37916	1
37917	1
37918	1
37921	1
37922	2
37925	1
37926	1
37928	1
37929	1
37931	1
37933	1
37935	1
37936	1
37938	2
37940	2
37941	1
37947	1
37948	1
37949	1
37950	1
37951	1
37956	1
37958	1
37960	1
37962	1
37963	1
37968	1
37972	1
37973	1
37977	2
37978	1
37979	1
37981	1
37982	1
37983	1
37984	1
37986	1
37987	1
37988	1
37989	1
37991	1
37993	3
37996	2
37997	2
37998	3
38000	1
38002	3
38003	2
38004	1
38005	2
38007	1
38009	1
38010	1
38011	1
38013	1
38014	1
38015	2
38017	2
38020	1
38022	1
38027	2
38029	1
38031	2
38032	1
38033	1
38034	1
38036	1
38037	1
38039	2
38041	1
38043	1
38044	1
38045	1
38048	1
38050	1
38051	4
38053	1
38055	2
38057	1
38059	2
38060	2
38070	1
38072	1
38073	1
38075	1
38076	1
38077	1
38078	1
38079	1
38080	2
38083	3
38085	1
38088	2
38090	3
38091	1
38093	1
38095	3
38096	2
38097	1
38098	2
38101	1
38102	1
38104	3
38106	1
38107	1
38109	1
38111	2
38112	1
38113	1
38114	1
38117	1
38119	1
38120	1
38125	1
38126	1
38128	1
38129	1
38136	1
38142	2
38146	2
38153	2
38155	1
38156	1
38159	2
38163	1
38164	1
38167	1
38169	2
38170	1
38172	1
38178	1
38180	2
38181	1
38184	2
38185	1
38186	1
38187	1
38192	1
38193	1
38196	1
38197	2
38198	1
38199	1
38203	1
38204	2
38206	1
38207	1
38210	1
38212	1
38214	1
38215	1
38216	1
38219	1
38221	2
38222	1
38224	1
38226	1
38229	1
38230	1
38234	1
38237	1
38238	2
38240	1
38246	1
38251	1
38252	1
38257	1
38261	3
38262	1
38263	1
38264	2
38266	1
38267	4
38268	1
38269	1
38270	1
38275	1
38277	1
38279	2
38282	1
38288	2
38290	2
38293	2
38298	1
38299	1
38306	1
38307	1
38309	2
38311	1
38315	2
38318	1
38320	2
38321	1
38322	1
38325	3
38328	2
38331	1
38332	1
38336	1
38337	1
38341	2
38342	2
38343	1
38344	1
38345	1
38347	1
38349	1
38351	1
38356	2
38357	1
38358	1
38362	1
38363	1
38366	2
38368	1
38369	1
38370	1
38375	1
38376	1
38379	1
38382	2
38384	2
38385	1
38386	1
38387	2
38388	2
38389	1
38392	1
38393	1
38394	1
38397	2
38398	1
38399	1
38403	1
38404	1
38405	1
38406	1
38410	1
38412	2
38415	1
38416	1
38420	1
38421	1
38423	2
38428	2
38429	1
38435	1
38436	1
38437	1
38438	1
38439	2
38442	3
38443	1
38445	1
38446	1
38449	1
38451	1
38452	1
38454	2
38455	1
38456	1
38461	1
38463	2
38464	1
38468	1
38471	1
38473	1
38474	2
38476	1
38481	1
38482	1
38483	2
38487	1
38488	2
38490	1
38491	1
38494	1
38496	1
38497	2
38500	1
38501	1
38506	1
38507	1
38511	1
38513	3
38515	1
38516	1
38517	1
38518	1
38520	1
38522	1
38525	1
38526	3
38527	1
38528	2
38529	1
38530	1
38532	2
38539	1
38543	1
38545	1
38546	1
38549	1
38550	2
38551	1
38553	1
38554	2
38556	1
38558	1
38560	1
38563	3
38570	2
38572	1
38573	1
38575	2
38578	1
38581	2
38586	1
38587	1
38588	2
38589	2
38590	1
38596	1
38597	1
38598	2
38599	1
38602	1
38604	1
38607	2
38609	2
38611	3
38612	1
38613	2
38615	1
38616	1
38617	4
38620	1
38621	2
38622	1
38623	1
38626	1
38628	1
38629	1
38631	1
38634	1
38637	1
38640	1
38641	2
38644	1
38647	1
38650	1
38651	1
38657	1
38660	1
38662	1
38663	1
38667	1
38671	1
38674	1
38676	2
38678	2
38679	1
38682	1
38683	1
38684	2
38687	1
38689	1
38692	1
38693	2
38694	1
38695	1
38696	1
38697	3
38698	1
38700	1
38701	2
38702	1
38703	1
38706	1
38714	1
38716	1
38719	2
38722	1
38725	1
38727	1
38728	2
38730	1
38731	1
38733	1
38739	1
38741	2
38742	1
38745	2
38749	1
38750	1
38751	2
38752	1
38753	1
38759	1
38761	2
38762	1
38763	1
38771	1
38775	1
38778	1
38781	1
38782	1
38785	1
38787	1
38788	1
38789	1
38790	1
38792	1
38794	2
38795	2
38798	1
38799	2
38802	2
38805	1
38806	1
38809	2
38813	1
38814	1
38815	1
38816	1
38817	1
38818	2
38819	1
38820	1
38821	2
38822	1
38831	2
38834	1
38835	1
38836	2
38839	2
38840	1
38841	1
38846	1
38847	2
38849	1
38850	1
38851	1
38856	2
38859	1
38860	1
38863	1
38864	1
38866	2
38868	1
38869	1
38870	1
38871	1
38872	2
38874	1
38878	2
38879	1
38888	1
38889	2
38893	1
38896	1
38898	1
38901	1
38905	1
38907	2
38908	1
38911	3
38914	1
38917	1
38926	1
38930	1
38933	1
38935	1
38937	2
38942	1
38945	2
38946	1
38947	1
38950	1
38951	1
38954	1
38955	1
38958	1
38962	1
38966	2
38967	1
38972	1
38975	1
38981	1
38983	1
38988	1
38989	1
38990	1
38993	1
38995	1
38998	1
39002	1
39005	1
39006	2
39008	1
39011	1
39014	2
39020	1
39023	1
39024	1
39025	1
39026	1
39028	1
39029	1
39032	2
39035	1
39039	1
39040	1
39042	1
39045	2
39050	1
39051	1
39052	1
39053	1
39056	1
39058	1
39059	1
39060	1
39061	1
39063	1
39064	1
39070	1
39071	1
39073	1
39074	1
39075	1
39083	1
39087	1
39092	1
39095	1
39102	1
39104	4
39106	2
39107	1
39109	2
39114	1
39115	1
39117	1
39123	1
39126	1
39128	1
39131	1
39133	2
39134	1
39135	1
39136	1
39137	1
39140	1
39145	1
39148	2
39152	1
39154	1
39156	2
39159	1
39161	1
39162	1
39165	1
39166	1
39167	1
39168	1
39171	1
39175	1
39177	1
39188	1
39189	1
39192	1
39194	1
39197	1
39204	1
39205	1
39207	1
39208	1
39210	1
39213	1
39215	1
39218	1
39222	1
39225	1
39227	1
39229	1
39230	1
39232	1
39233	2
39235	1
39240	1
39241	2
39242	1
39246	1
39247	1
39250	2
39253	1
39257	1
39259	1
39260	1
39263	1
39264	1
39266	1
39267	1
39268	1
39277	1
39278	1
39282	3
39283	1
39286	1
39294	1
39295	2
39298	1
39300	1
39308	1
39309	1
39315	1
39317	1
39328	1
39331	1
39333	1
39335	1
39338	1
39340	1
39347	1
39348	2
39350	1
39353	3
39354	3
39356	2
39364	1
39367	1
39374	1
39375	2
39376	1
39377	1
39382	1
39384	1
39401	1
39407	1
39408	1
39410	2
39412	1
39421	1
39425	2
39427	1
39431	1
39432	1
39438	1
39439	1
39443	2
39444	1
39446	2
39448	1
39450	1
39453	1
39458	1
39460	1
39461	2
39473	1
39474	1
39475	1
39479	1
39483	1
39485	1
39486	1
39488	1
39489	2
39496	1
39498	1
39499	1
39502	1
39507	2
39508	1
39511	1
39516	1
39517	1
39518	1
39520	1
39529	2
39530	1
39532	2
39534	2
39535	1
39538	1
39540	1
39541	1
39542	1
39548	3
39552	2
39554	1
39556	1
39559	1
39561	1
39572	1
39579	2
39583	1
39584	1
39588	1
39590	1
39595	1
39596	2
39600	1
39604	1
39610	1
39615	1
39619	2
39622	1
39629	1
39633	2
39634	1
39641	1
39642	2
39649	1
39650	1
39651	1
39653	1
39654	1
39655	1
39657	1
39658	1
39659	2
39662	1
39668	1
39672	1
39675	2
39677	1
39680	2
39683	2
39687	1
39689	1
39691	1
39693	1
39694	1
39696	1
39697	1
39699	1
39704	1
39706	2
39707	1
39708	1
39709	1
39711	1
39712	1
39715	1
39716	2
39717	2
39720	1
39723	1
39724	1
39733	1
39736	1
39737	2
39738	1
39739	1
39740	1
39746	1
39750	1
39754	1
39757	1
39764	1
39774	2
39775	2
39778	2
39779	1
39783	1
39796	1
39797	1
39800	1
39807	1
39808	1
39810	1
39812	1
39814	1
39815	2
39816	1
39817	1
39823	1
39828	1
39831	2
39832	1
39833	1
39836	2
39840	1
39843	1
39844	1
39846	1
39850	1
39853	1
39854	1
39856	1
39857	3
39861	1
39865	1
39866	1
39867	2
39874	1
39888	1
39889	1
39894	1
39900	1
39901	1
39904	1
39908	1
39917	1
39922	1
39925	1
39934	1
39937	1
39939	1
39942	1
39947	1
39949	1
39951	1
39956	1
39960	2
39961	1
39965	1
39971	1
39972	1
39978	1
39979	1
39983	1
39989	1
39995	3
39997	1
40000	1
40002	1
40003	1
40004	1
40006	2
40007	1
40011	1
40013	2
40019	1
40020	1
40025	1
40039	1
40044	1
40057	1
40072	1
40075	1
40077	1
40079	1
40081	1
40084	1
40085	1
40099	1
40103	1
40109	1
40110	1
40113	2
40117	1
40118	1
40120	1
40127	2
40128	1
40133	1
40134	1
40136	1
40139	1
40146	1
40150	1
40155	1
40161	2
40163	1
40164	1
40169	1
40172	2
40178	1
40179	1
40181	1
40186	1
40191	1
40192	2
40196	1
40197	1
40203	2
40206	1
40216	1
40217	1
40221	1
40222	1
40225	2
40229	1
40230	1
40245	1
40248	1
40249	1
40258	1
40263	1
40264	2
40266	1
40270	1
40274	1
40275	1
40278	1
40279	1
40285	1
40293	2
40295	2
40300	1
40303	1
40305	1
40308	1
40312	1
40314	2
40319	1
40321	1
40323	1
40324	1
40325	1
40331	1
40347	1
40348	1
40350	1
40365	1
40366	1
40367	1
40368	1
40371	1
40373	2
40375	1
40380	1
40381	1
40393	1
40398	1
40403	1
40405	1
40408	1
40411	1
40420	1
40421	1
40426	1
40428	1
40429	1
40430	1
40440	1
40442	2
40450	1
40454	1
40458	2
40461	2
40462	1
40470	1
40481	1
40489	1
40500	1
40515	1
40519	2
40521	1
40537	1
40538	1
40541	1
40546	1
40549	1
40557	2
40558	1
40559	2
40564	1
40568	1
40581	1
40583	2
40587	1
40593	1
40596	1
40599	1
40611	1
40612	1
40616	1
40618	1
40628	1
40630	2
40632	1
40637	1
40647	1
40650	2
40655	1
40657	1
40661	1
40662	1
40666	1
40667	1
40669	2
40678	2
40682	1
40683	1
40691	1
40698	1
40700	1
40704	1
40706	1
40724	2
40729	1
40736	1
40738	1
40740	1
40746	1
40752	1
40754	1
40757	1
40768	1
40772	1
40782	1
40784	1
40796	1
40804	1
40812	1
40813	1
40814	1
40817	1
40818	2
40833	1
40834	1
40840	1
40846	1
40856	1
40859	1
40866	1
40880	1
40881	1
40882	1
40892	1
40905	1
40944	2
40949	1
40957	1
40958	1
40961	1
40968	2
40969	1
40971	1
40972	1
40979	1
40982	1
40983	1
40990	1
40992	1
40994	1
40996	1
41001	1
41007	1
41018	1
41020	1
41041	1
41047	1
41048	1
41050	1
41055	1
41058	1
41059	1
41060	1
41072	1
41075	1
41079	1
41084	1
41092	1
41093	1
41095	1
41097	1
41106	1
41110	1
41113	1
41114	2
41121	1
41127	1
41133	1
41135	1
41141	1
41143	1
41144	1
41146	1
41149	1
41150	1
41163	1
41172	1
41203	1
41206	1
41208	1
41219	1
41233	1
41238	2
41240	1
41247	1
41250	1
41257	1
41259	1
41269	1
41303	1
41316	1
41329	2
41331	1
41358	1
41359	1
41364	1
41367	1
41372	1
41378	1
41394	1
41406	1
41407	1
41410	1
41416	1
41420	1
41425	2
41439	1
41443	1
41446	1
41447	1
41452	1
41474	1
41476	1
41502	1
41521	1
41525	1
41559	1
41560	1
41572	1
41574	3
41585	1
41589	1
41592	1
41593	1
41595	1
41604	1
41608	1
41619	1
41621	1
41632	1
41650	1
41652	1
41653	1
41661	1
41665	1
41667	1
41669	1
41675	1
41683	1
41697	1
41700	1
41702	1
41706	1
41709	1
41715	1
41718	1
41725	1
41726	1
41741	1
41746	1
41762	1
41776	1
41830	1
41870	1
41884	1
41897	1
41938	2
41950	1
41954	2
41967	1
41978	1
41989	1
42005	1
42023	1
42026	1
42052	1
42066	1
42074	1
42082	1
42089	1
42095	1
42105	1
42118	1
42121	1
42137	1
42148	1
42173	1
42179	1
42181	1
42187	1
42201	1
42210	1
42217	1
42218	1
42224	1
42229	1
42246	1
42252	1
42254	1
42267	1
42271	1
42273	1
42280	1
42284	1
42291	1
42294	1
42301	1
42311	1
42330	1
42339	2
42350	1
42351	1
42360	1
42387	1
42389	1
42401	1
42403	1
42404	1
42414	1
42419	1
42426	1
42431	1
42444	1
42449	1
42471	1
42484	1
42485	1
42517	1
42523	1
42535	1
42542	1
42547	1
42548	1
42565	1
42568	1
42576	1
42608	1
42610	1
42619	1
42626	2
42633	1
42638	1
42656	1
42671	1
42682	1
42697	1
42739	1
42779	1
42782	1
42804	1
42824	1
42853	1
42865	1
42902	2
42906	1
42907	1
42937	1
42946	2
42950	1
42956	1
42959	1
42987	1
43009	1
43034	1
43040	1
43042	1
43051	1
43058	1
43064	1
43066	1
43073	1
43087	1
43093	1
43115	1
43121	1
43127	1
43137	1
43148	1
43155	1
43163	1
43164	1
43173	1
43192	1
43197	1
43203	1
43205	1
43207	2
43208	1
43215	1
43248	2
43251	1
43290	1
43295	1
43348	1
43364	1
43374	1
43399	1
43401	1
43448	1
43466	2
43472	1
43477	1
43480	1
43495	1
43505	1
43544	1
43546	1
43568	1
43606	1
43613	1
43622	1
43672	1
43689	1
43717	1
43726	1
43748	1
43751	1
43761	1
43768	1
43799	1
43804	1
43807	1
43814	1
43826	1
43845	1
43847	1
43862	1
43904	1
43910	1
43955	1
43957	1
43970	1
43976	1
43988	1
43996	1
44054	1
44093	1
44098	1
44100	1
44148	1
44154	1
44165	1
44174	1
44205	1
44214	1
44253	1
44258	1
44296	1
44343	1
44359	1
44398	1
44402	1
44403	1
44423	1
44493	1
44515	1
44521	1
44532	1
44561	1
44562	1
44576	1
44614	1
44637	1
44650	1
44671	1
44719	1
44739	1
44787	1
44788	1
44839	1
44851	1
44888	1
44916	1
44917	1
44933	1
45026	1
45073	1
45180	1
45221	1
45256	1
45262	1
45504	1
45575	1
45588	1
45736	1
45755	1
45781	1
45790	1
45825	1
45911	1
45917	1
45926	1
45968	1
46024	1
46087	1
46160	1
46167	1
46233	1
46341	1
46421	1
46468	1
46667	1
46775	1
46804	1
46833	1
47006	1
47079	1
47138	1
47144	1
47182	1
47233	1
47279	1
47330	1
47415	1
47476	1
47615	1
47635	1
47670	1
47815	1
47876	1
47896	1
48102	1
48310	1
48316	1
48347	1
48530	1
48621	1
48789	1
48861	1
48881	1
49259	1
49333	1
49453	1
50112	1
50285	1
51022	1
51029	1
52206	1
52935	1
54182	1
57186	1
