length_bp	read_count
372	1
456	1
474	1
524	1
537	1
553	2
585	1
632	1
633	1
647	1
651	1
677	1
695	1
707	1
728	1
736	1
764	1
765	1
766	1
768	1
771	1
773	1
795	1
798	1
801	1
802	1
821	1
828	1
831	1
835	1
837	1
840	2
888	1
893	1
905	1
912	1
934	1
950	1
976	1
1001	1
1003	1
1048	1
1064	1
1074	1
1077	1
1099	1
1115	1
1130	1
1140	1
1153	1
1161	1
1169	1
1242	1
1283	1
1300	1
1333	1
1337	1
1339	1
1344	1
1370	1
1373	1
1375	1
1391	1
1394	1
1399	1
1407	1
1414	1
1415	1
1444	1
1449	1
1486	1
1492	1
1493	1
1513	1
1514	1
1532	1
1535	1
1541	1
1549	1
1558	1
1589	1
1612	1
1639	1
1670	1
1675	1
1697	2
1728	1
1749	1
1751	1
1761	1
1770	1
1777	1
1779	1
1791	1
1795	1
1805	1
1806	1
1807	1
1813	1
1818	1
1835	1
1843	1
1848	1
1853	1
1855	1
1859	1
1863	1
1872	1
1880	1
1889	1
1903	1
1913	1
1939	1
1940	1
1968	1
1986	1
1990	1
2025	1
2035	1
2039	1
2075	1
2094	1
2117	1
2121	1
2127	1
2129	1
2138	1
2145	1
2150	1
2151	1
2187	1
2197	1
2219	1
2230	1
2231	1
2249	1
2254	1
2278	1
2299	1
2305	1
2309	1
2327	1
2351	1
2375	1
2387	1
2402	1
2411	2
2414	1
2422	1
2426	1
2432	1
2449	2
2451	1
2452	2
2457	1
2473	1
2491	1
2502	1
2532	1
2533	1
2552	1
2569	1
2580	1
2585	1
2602	1
2603	1
2625	1
2634	2
2645	2
2662	1
2671	1
2673	2
2674	1
2685	1
2690	1
2694	1
2698	1
2708	1
2709	1
2724	1
2733	1
2737	1
2744	1
2749	1
2759	1
2772	1
2776	1
2781	1
2783	1
2801	1
2835	1
2847	1
2858	1
2859	1
2860	1
2866	1
2869	1
2894	1
2896	1
2916	1
2925	1
2930	1
2945	1
2949	1
2952	1
2958	1
2977	1
3009	1
3045	1
3057	1
3061	1
3084	1
3092	1
3098	1
3099	1
3103	1
3111	2
3119	1
3136	1
3138	1
3178	1
3205	1
3224	1
3244	1
3254	1
3255	1
3259	1
3265	1
3266	1
3276	2
3289	1
3292	1
3293	1
3299	1
3303	1
3305	1
3308	1
3313	1
3337	2
3341	1
3345	1
3348	1
3360	1
3381	1
3385	1
3394	1
3412	1
3417	1
3418	1
3437	1
3439	1
3445	1
3447	1
3453	1
3456	1
3459	1
3462	1
3471	1
3477	1
3479	1
3493	1
3495	1
3496	1
3503	1
3506	1
3518	1
3536	1
3548	1
3549	1
3555	1
3566	1
3574	1
3582	1
3601	1
3606	1
3624	1
3636	1
3641	1
3651	1
3660	1
3677	1
3678	1
3688	1
3689	1
3699	1
3707	1
3718	1
3719	2
3720	1
3732	1
3748	1
3754	1
3755	1
3773	1
3784	1
3791	1
3801	1
3810	1
3813	1
3816	1
3834	2
3839	1
3846	1
3851	1
3854	1
3858	1
3865	1
3870	1
3877	1
3885	2
3886	1
3890	1
3893	1
3897	1
3898	1
3905	1
3924	1
3926	1
3942	1
3948	1
3965	1
3969	1
3974	1
3996	1
4006	1
4008	1
4016	1
4017	1
4020	1
4023	1
4030	1
4031	1
4036	1
4056	1
4064	1
4079	1
4082	2
4083	1
4088	1
4092	1
4117	1
4123	1
4132	1
4133	1
4134	1
4139	1
4155	1
4158	1
4173	1
4196	1
4203	2
4214	1
4231	1
4242	1
4253	1
4254	1
4258	1
4267	1
4268	1
4309	1
4319	1
4320	1
4323	1
4328	1
4330	1
4337	1
4340	1
4342	1
4346	1
4348	1
4349	1
4373	1
4375	1
4403	1
4412	1
4422	1
4431	1
4444	1
4445	1
4449	1
4457	1
4463	2
4469	1
4477	1
4503	1
4518	2
4520	1
4523	2
4525	1
4527	1
4529	1
4537	1
4539	1
4562	1
4586	1
4594	1
4604	1
4617	1
4646	1
4666	1
4668	2
4684	1
4701	1
4709	1
4711	1
4716	2
4717	1
4719	1
4724	1
4733	1
4736	1
4737	1
4739	1
4750	1
4752	1
4755	1
4762	1
4782	1
4790	1
4807	1
4824	1
4843	1
4855	1
4862	1
4863	1
4885	1
4886	1
4887	1
4900	1
4906	1
4909	1
4918	1
4920	1
4921	1
4928	1
4929	2
4931	1
4937	2
4942	1
4956	1
5006	2
5009	1
5015	1
5018	1
5019	1
5031	2
5032	1
5039	1
5044	1
5052	1
5053	1
5060	1
5062	1
5069	1
5081	1
5085	1
5093	1
5106	1
5112	2
5117	1
5150	1
5153	1
5165	1
5168	1
5182	1
5202	1
5211	1
5222	1
5234	1
5242	2
5253	1
5255	1
5262	1
5276	1
5277	1
5280	1
5293	1
5295	1
5299	1
5301	1
5321	1
5322	1
5324	1
5335	1
5341	1
5343	1
5349	1
5351	1
5367	1
5369	1
5370	1
5405	1
5410	1
5447	1
5448	1
5457	1
5474	1
5478	1
5498	2
5525	1
5527	1
5532	1
5547	1
5564	1
5587	1
5589	1
5598	1
5614	1
5617	1
5618	1
5619	1
5653	1
5656	2
5672	1
5678	1
5680	1
5689	1
5695	1
5703	1
5709	1
5731	1
5745	1
5746	1
5750	1
5752	1
5753	1
5755	1
5779	1
5789	1
5790	1
5803	1
5804	1
5807	1
5808	1
5809	1
5816	1
5821	1
5829	1
5834	1
5837	1
5838	1
5844	1
5848	1
5852	1
5860	1
5870	1
5878	1
5884	2
5886	1
5896	1
5897	1
5916	1
5927	1
5929	1
5944	1
5948	1
5949	1
5955	1
5967	1
5978	1
5982	1
5989	1
5996	1
6017	1
6034	1
6035	1
6040	1
6045	2
6047	1
6050	1
6051	1
6061	1
6064	1
6070	2
6071	1
6084	1
6088	1
6099	1
6102	1
6108	1
6118	1
6121	1
6135	1
6137	1
6144	1
6165	1
6175	1
6179	1
6184	1
6188	1
6196	1
6199	1
6215	1
6222	1
6224	1
6231	1
6246	2
6248	1
6251	1
6252	1
6253	1
6254	1
6259	2
6269	1
6275	1
6296	1
6297	1
6301	1
6303	1
6307	1
6317	1
6319	1
6331	1
6336	1
6345	1
6346	1
6354	1
6361	1
6371	1
6382	2
6390	2
6415	1
6441	1
6461	1
6465	1
6514	2
6522	1
6529	1
6536	1
6549	1
6559	1
6563	1
6568	1
6583	1
6596	1
6604	1
6614	1
6616	1
6626	1
6627	1
6632	1
6633	1
6641	1
6656	1
6660	1
6677	1
6681	1
6682	1
6690	1
6697	1
6714	1
6720	1
6722	1
6728	1
6736	1
6748	1
6770	1
6771	1
6789	1
6797	2
6799	2
6800	1
6804	1
6810	1
6827	1
6834	1
6850	1
6856	1
6867	1
6868	2
6885	1
6890	1
6906	1
6914	1
6930	1
6948	1
6967	1
6983	1
6984	1
6987	1
6993	1
6995	1
7005	1
7023	1
7043	1
7048	1
7051	1
7052	1
7062	1
7092	1
7095	1
7101	1
7103	1
7111	1
7124	1
7168	1
7172	1
7178	1
7188	2
7193	1
7195	1
7206	1
7211	1
7249	2
7254	1
7266	1
7274	1
7277	1
7281	1
7285	1
7288	1
7305	1
7308	1
7309	1
7314	2
7331	1
7336	1
7337	1
7362	1
7363	1
7381	1
7382	2
7388	2
7400	1
7402	1
7406	1
7411	1
7417	1
7440	1
7446	1
7448	1
7479	1
7480	1
7500	1
7505	2
7513	1
7514	1
7522	1
7528	1
7529	1
7530	1
7539	1
7549	1
7555	1
7559	1
7564	1
7576	1
7588	1
7596	1
7599	1
7614	1
7617	2
7637	1
7639	1
7645	1
7646	1
7648	1
7656	1
7669	1
7672	1
7673	1
7674	1
7678	1
7683	2
7687	1
7690	1
7692	1
7725	1
7728	1
7740	1
7750	1
7763	1
7768	2
7780	1
7803	1
7806	2
7813	2
7825	1
7850	1
7851	1
7878	2
7883	1
7884	1
7888	1
7895	1
7902	1
7907	1
7910	1
7946	1
7959	1
7968	1
7974	1
7984	2
8000	1
8004	1
8010	1
8020	2
8021	1
8023	1
8024	1
8028	1
8029	1
8048	1
8056	1
8068	1
8071	2
8072	2
8073	1
8100	1
8102	1
8104	1
8116	1
8121	1
8143	1
8156	1
8162	1
8169	1
8173	1
8174	1
8180	1
8186	1
8195	2
8204	1
8206	1
8207	1
8209	1
8216	2
8224	2
8237	1
8238	1
8241	1
8243	1
8252	1
8256	1
8259	1
8266	1
8269	1
8271	1
8272	1
8275	1
8276	1
8278	1
8280	1
8281	1
8283	1
8284	1
8295	1
8302	1
8317	1
8318	1
8319	1
8327	1
8331	1
8338	4
8347	1
8357	1
8361	1
8367	1
8389	1
8399	1
8410	1
8414	1
8417	1
8432	1
8436	1
8451	1
8453	1
8476	1
8478	1
8483	1
8500	3
8507	1
8514	1
8531	1
8539	1
8549	1
8556	1
8563	1
8566	1
8568	1
8571	1
8572	1
8581	1
8596	1
8598	2
8600	1
8603	1
8620	1
8621	1
8623	1
8627	1
8630	1
8641	1
8653	1
8655	1
8662	1
8667	1
8671	1
8681	1
8685	1
8689	1
8703	1
8704	1
8705	1
8713	1
8722	3
8726	1
8731	1
8732	1
8736	1
8741	1
8747	1
8764	1
8770	1
8773	1
8786	1
8788	1
8791	1
8798	1
8799	1
8804	3
8806	2
8810	1
8811	1
8822	1
8826	1
8832	1
8837	1
8838	2
8839	1
8844	1
8853	1
8856	1
8860	1
8863	1
8867	2
8871	1
8888	1
8895	1
8898	2
8903	1
8915	1
8923	1
8935	1
8954	2
8957	1
8963	1
8965	1
8975	1
8977	1
8982	1
8983	1
8999	1
9000	1
9025	1
9026	1
9042	1
9054	1
9059	1
9062	1
9066	1
9068	1
9085	1
9092	1
9094	1
9097	1
9105	1
9108	1
9117	1
9128	1
9137	1
9139	1
9144	1
9148	2
9151	1
9153	1
9160	1
9161	1
9163	1
9171	1
9175	1
9176	1
9179	1
9180	1
9192	1
9194	1
9195	1
9201	1
9205	1
9207	2
9209	1
9210	1
9213	2
9214	1
9215	1
9224	1
9234	1
9240	1
9246	1
9248	1
9252	1
9259	1
9278	1
9280	1
9292	1
9293	1
9294	1
9299	1
9309	1
9312	1
9325	1
9326	1
9330	1
9331	1
9336	1
9340	1
9345	2
9346	1
9360	1
9361	2
9364	1
9371	1
9373	1
9381	1
9383	1
9384	1
9389	1
9395	1
9408	1
9413	3
9416	1
9420	2
9428	1
9430	1
9435	1
9438	1
9440	1
9442	1
9447	1
9454	1
9456	1
9463	1
9464	1
9465	1
9468	1
9476	1
9478	1
9490	1
9491	1
9495	1
9496	1
9497	1
9502	1
9506	1
9509	1
9514	1
9516	1
9518	1
9519	1
9521	2
9522	1
9524	1
9526	1
9531	1
9533	1
9534	1
9536	1
9540	1
9542	2
9546	1
9558	1
9561	1
9565	1
9567	1
9568	1
9574	1
9582	1
9595	1
9599	1
9605	1
9607	1
9608	1
9610	1
9615	1
9618	2
9623	1
9624	1
9625	1
9631	1
9636	1
9638	1
9639	1
9647	1
9649	1
9658	3
9667	1
9673	1
9675	1
9688	1
9692	1
9700	1
9701	1
9708	1
9711	1
9714	1
9716	1
9726	1
9734	1
9747	1
9753	1
9756	1
9764	2
9766	1
9767	1
9772	1
9778	1
9779	1
9784	1
9786	3
9787	1
9788	1
9791	1
9795	2
9798	2
9800	1
9803	1
9807	1
9808	1
9810	1
9816	1
9818	1
9820	1
9821	1
9823	2
9825	2
9829	2
9832	1
9836	1
9837	1
9838	2
9842	1
9843	1
9846	2
9848	1
9860	1
9865	1
9866	1
9872	1
9873	1
9877	1
9883	1
9886	4
9891	1
9895	1
9896	1
9901	1
9904	2
9910	1
9922	1
9924	2
9930	3
9934	1
9941	1
9947	1
9956	1
9958	1
9965	1
9966	1
9968	1
9970	1
9997	1
10006	1
10008	1
10010	1
10014	1
10016	2
10019	1
10021	1
10029	1
10031	1
10036	1
10039	1
10045	1
10050	2
10053	1
10054	1
10059	1
10060	1
10070	1
10073	1
10076	1
10090	1
10096	1
10098	1
10118	1
10122	2
10123	2
10127	1
10128	1
10131	1
10132	1
10140	1
10146	1
10167	1
10170	1
10171	1
10185	1
10186	1
10190	2
10191	1
10193	1
10194	1
10196	1
10199	1
10204	1
10205	1
10210	1
10211	1
10217	1
10241	1
10244	2
10245	1
10256	1
10259	1
10261	3
10265	1
10271	1
10276	1
10278	1
10284	1
10292	1
10294	1
10298	1
10304	2
10313	1
10316	1
10329	1
10330	1
10334	1
10339	1
10346	1
10348	1
10350	1
10357	1
10359	1
10361	1
10362	1
10363	1
10366	2
10372	1
10374	1
10386	1
10388	1
10389	1
10390	2
10394	1
10395	2
10399	1
10403	2
10405	1
10409	2
10410	1
10411	1
10426	1
10427	1
10429	1
10431	1
10443	1
10444	1
10445	1
10447	1
10448	1
10449	1
10454	1
10459	1
10465	2
10466	1
10467	1
10468	1
10472	1
10476	1
10477	1
10479	2
10481	1
10487	1
10488	1
10490	1
10491	1
10494	1
10495	1
10499	1
10503	1
10507	2
10512	1
10513	1
10516	1
10517	1
10518	1
10519	1
10529	1
10531	1
10535	1
10537	2
10542	1
10547	1
10549	1
10550	2
10551	1
10552	1
10553	1
10554	2
10558	2
10564	1
10565	1
10574	2
10575	2
10576	1
10583	1
10594	1
10598	1
10599	1
10601	2
10603	1
10610	1
10616	1
10618	1
10628	1
10629	1
10631	1
10634	1
10641	1
10647	1
10648	1
10651	1
10652	1
10653	2
10654	1
10660	1
10666	1
10668	1
10671	1
10672	2
10674	1
10676	1
10677	1
10678	1
10679	1
10682	1
10685	1
10687	1
10689	1
10690	1
10698	1
10701	1
10703	1
10704	2
10705	1
10707	1
10708	1
10709	2
10714	1
10718	1
10719	1
10720	1
10723	1
10724	1
10728	1
10732	4
10733	2
10734	3
10735	1
10737	1
10738	2
10739	1
10740	1
10743	1
10753	1
10754	2
10756	2
10758	1
10759	1
10760	1
10762	1
10764	1
10769	1
10770	2
10773	1
10776	2
10778	1
10782	1
10783	1
10786	1
10791	2
10792	1
10793	1
10795	1
10799	1
10801	2
10804	1
10813	1
10814	1
10816	1
10818	1
10822	1
10827	1
10828	1
10829	1
10833	3
10834	3
10836	1
10837	1
10838	1
10840	1
10842	1
10843	1
10844	1
10847	3
10848	1
10849	1
10850	1
10851	1
10861	1
10863	1
10865	1
10867	1
10868	2
10869	5
10870	1
10871	1
10875	1
10876	3
10878	1
10887	2
10888	1
10892	2
10893	1
10895	1
10896	2
10901	1
10902	1
10905	1
10906	3
10907	1
10908	1
10909	1
10911	1
10915	1
10920	1
10922	2
10926	1
10927	3
10928	1
10929	1
10930	2
10931	2
10932	1
10934	2
10936	2
10937	1
10939	1
10941	1
10942	1
10944	1
10945	3
10946	1
10947	2
10948	1
10949	1
10951	1
10956	3
10957	1
10960	1
10961	1
10963	1
10965	3
10966	1
10967	1
10971	1
10973	1
10976	2
10979	1
10984	1
10985	2
10986	1
10987	1
10991	1
10992	2
10993	2
10994	1
10998	1
10999	1
11003	1
11004	1
11006	1
11007	3
11008	1
11011	1
11014	1
11015	1
11017	1
11021	1
11022	1
11023	1
11024	1
11025	2
11026	1
11027	1
11028	1
11029	1
11030	1
11031	1
11032	4
11033	1
11035	1
11036	3
11037	3
11040	2
11041	3
11043	1
11048	1
11050	1
11052	1
11053	2
11055	2
11060	1
11062	1
11063	1
11066	2
11067	1
11068	2
11070	2
11071	1
11072	1
11073	2
11074	2
11075	1
11076	1
11078	1
11079	3
11080	2
11081	1
11083	1
11086	2
11087	1
11091	1
11093	1
11095	1
11097	1
11098	1
11099	2
11100	1
11102	2
11103	2
11104	1
11106	1
11108	1
11110	1
11111	1
11112	1
11113	3
11116	1
11118	2
11123	2
11124	1
11125	1
11127	1
11129	2
11131	1
11132	1
11133	4
11134	2
11135	2
11136	2
11137	1
11139	1
11141	1
11142	1
11143	1
11144	2
11145	1
11146	2
11147	1
11148	1
11149	1
11150	1
11151	2
11154	5
11155	1
11156	1
11157	1
11159	1
11160	1
11163	1
11165	3
11166	2
11167	1
11169	1
11173	2
11174	1
11176	2
11177	2
11178	1
11179	2
11180	2
11181	2
11182	1
11183	1
11184	1
11185	2
11187	2
11189	1
11190	1
11191	1
11193	1
11194	3
11195	1
11196	5
11197	4
11198	2
11199	1
11200	2
11201	1
11202	1
11203	2
11204	3
11205	2
11206	1
11207	2
11208	1
11209	3
11210	3
11211	1
11214	1
11215	1
11216	5
11217	1
11218	1
11219	2
11220	1
11221	2
11222	1
11223	1
11225	4
11226	1
11227	1
11228	2
11229	1
11230	2
11232	3
11233	3
11234	2
11235	2
11237	2
11238	1
11239	2
11240	1
11241	1
11242	1
11243	1
11244	2
11245	4
11247	1
11248	3
11249	3
11251	1
11252	2
11253	1
11255	2
11256	2
11257	1
11259	2
11260	5
11261	1
11262	2
11263	1
11264	1
11265	3
11267	1
11268	2
11269	2
11270	1
11271	1
11272	2
11273	2
11274	1
11278	1
11279	2
11280	2
11281	4
11282	1
11283	1
11284	2
11285	2
11286	2
11287	1
11288	4
11289	3
11290	1
11291	1
11292	5
11293	3
11294	5
11295	1
11297	1
11298	1
11299	2
11300	1
11301	2
11302	1
11303	3
11304	1
11305	2
11306	1
11307	3
11308	1
11310	4
11311	1
11312	2
11313	4
11314	1
11315	1
11316	2
11317	1
11318	1
11319	1
11320	1
11321	2
11323	4
11324	1
11325	2
11326	2
11327	1
11328	4
11329	3
11330	1
11331	2
11332	2
11333	2
11334	3
11335	1
11336	1
11337	1
11338	1
11340	2
11341	2
11342	1
11343	3
11344	2
11345	4
11346	1
11347	1
11348	4
11349	2
11350	1
11351	2
11352	2
11353	2
11354	3
11356	1
11357	2
11358	4
11359	2
11360	3
11361	4
11362	2
11363	2
11364	2
11365	1
11366	4
11367	2
11368	3
11369	2
11370	3
11371	2
11372	2
11374	1
11375	1
11377	3
11378	3
11379	2
11380	3
11381	2
11382	1
11383	1
11384	3
11385	1
11386	1
11387	1
11388	1
11389	3
11390	1
11391	3
11392	1
11394	1
11395	1
11396	2
11397	1
11398	1
11400	2
11404	4
11405	3
11406	2
11407	3
11408	1
11409	2
11411	1
11412	1
11413	1
11415	1
11417	3
11418	5
11420	1
11421	4
11422	1
11423	4
11424	1
11425	2
11427	3
11428	1
11429	3
11430	1
11431	2
11432	3
11433	2
11434	1
11436	3
11437	2
11438	5
11439	1
11440	2
11441	1
11442	3
11443	3
11444	1
11445	3
11447	1
11448	2
11449	2
11450	2
11451	1
11452	2
11453	1
11454	1
11455	2
11456	1
11458	4
11459	4
11460	1
11461	3
11462	5
11463	1
11464	2
11465	3
11466	3
11467	3
11468	1
11469	1
11470	2
11471	2
11472	2
11473	2
11475	3
11476	4
11477	3
11478	7
11479	1
11480	3
11481	2
11482	2
11483	1
11484	4
11485	1
11486	2
11487	3
11488	1
11489	4
11490	4
11491	2
11492	1
11493	3
11494	2
11495	2
11496	2
11497	3
11498	2
11499	4
11501	1
11502	2
11503	2
11506	3
11507	3
11508	2
11509	1
11510	1
11511	4
11512	3
11513	1
11514	1
11515	1
11516	5
11517	2
11518	2
11519	3
11520	3
11522	4
11523	2
11524	3
11525	4
11526	1
11527	1
11528	1
11529	7
11530	1
11531	1
11533	3
11534	1
11535	2
11536	2
11537	4
11538	4
11539	6
11541	1
11542	3
11543	2
11544	4
11545	2
11546	3
11547	2
11548	3
11550	5
11551	2
11552	1
11553	1
11554	1
11555	2
11556	4
11558	1
11559	3
11560	1
11561	4
11562	4
11563	4
11564	4
11565	4
11567	4
11568	1
11569	2
11570	2
11571	3
11572	2
11573	3
11574	3
11575	1
11576	3
11577	3
11578	3
11579	9
11580	4
11581	2
11582	1
11583	4
11584	2
11585	1
11586	2
11588	3
11590	1
11592	5
11593	6
11594	6
11595	1
11596	3
11597	5
11598	3
11599	2
11601	6
11602	1
11603	3
11604	2
11605	1
11606	1
11607	4
11608	6
11609	4
11610	2
11611	3
11612	1
11613	1
11614	3
11616	5
11617	2
11618	2
11619	2
11620	1
11621	2
11622	1
11624	6
11625	8
11626	1
11627	2
11628	3
11629	1
11630	1
11631	2
11632	2
11633	2
11634	2
11635	2
11636	1
11637	4
11638	1
11639	1
11640	1
11641	3
11642	3
11643	2
11644	5
11645	4
11646	2
11647	3
11648	2
11649	4
11650	3
11651	3
11652	3
11653	3
11654	4
11655	7
11656	2
11657	2
11658	3
11659	2
11660	3
11661	5
11662	3
11664	5
11665	3
11666	2
11667	3
11668	1
11669	3
11670	2
11671	4
11672	4
11673	6
11674	2
11675	1
11676	4
11677	1
11678	1
11679	3
11680	2
11681	1
11682	2
11683	2
11684	4
11685	1
11686	5
11687	3
11688	4
11689	3
11690	2
11691	3
11692	2
11693	3
11694	9
11695	1
11696	3
11697	2
11698	3
11699	2
11700	6
11701	1
11702	5
11703	1
11704	1
11705	6
11706	3
11707	5
11708	4
11709	3
11710	2
11711	5
11712	3
11713	7
11714	2
11715	7
11716	4
11717	2
11718	5
11720	4
11721	5
11722	3
11723	2
11724	2
11725	5
11726	1
11727	3
11728	3
11729	3
11730	3
11731	1
11732	2
11733	2
11734	3
11735	2
11736	2
11737	3
11738	6
11739	3
11740	3
11741	2
11742	2
11743	3
11744	5
11745	2
11746	1
11747	2
11748	2
11749	6
11751	7
11752	5
11753	3
11754	2
11755	5
11756	4
11757	4
11758	6
11759	2
11760	3
11761	1
11762	3
11763	1
11764	4
11765	3
11766	3
11767	4
11768	4
11769	6
11770	4
11771	3
11772	2
11773	2
11774	3
11776	2
11777	2
11778	2
11779	2
11780	3
11781	3
11782	3
11783	1
11784	3
11786	2
11787	3
11788	5
11789	2
11790	3
11791	1
11792	3
11793	2
11794	2
11795	2
11796	3
11797	4
11798	1
11800	3
11801	2
11802	2
11803	3
11804	4
11805	4
11806	4
11807	4
11808	1
11809	2
11811	5
11812	7
11813	3
11814	7
11815	7
11816	5
11817	2
11818	1
11819	1
11820	3
11821	3
11822	3
11823	7
11824	6
11825	5
11826	2
11827	5
11828	5
11829	3
11830	7
11831	4
11832	3
11833	8
11834	2
11835	1
11836	3
11837	2
11838	2
11839	8
11840	3
11841	3
11842	3
11843	5
11844	2
11845	6
11846	5
11847	3
11848	1
11849	6
11850	2
11851	3
11852	3
11853	4
11854	2
11855	4
11856	3
11857	3
11858	3
11859	5
11860	2
11862	2
11863	6
11864	3
11865	2
11866	2
11867	6
11868	2
11869	2
11870	5
11871	4
11872	4
11873	2
11874	5
11875	4
11877	4
11878	5
11879	2
11880	4
11881	1
11882	2
11883	1
11884	3
11885	2
11886	2
11887	3
11888	5
11889	6
11890	1
11891	7
11892	1
11893	4
11894	2
11895	3
11896	4
11897	1
11898	4
11899	4
11900	3
11901	2
11902	3
11903	4
11904	2
11905	2
11906	4
11907	3
11908	4
11909	2
11910	5
11911	4
11913	4
11914	5
11915	4
11916	3
11917	4
11918	7
11919	3
11920	1
11921	3
11922	6
11923	3
11924	7
11925	3
11927	4
11928	1
11929	6
11930	2
11931	3
11932	5
11933	3
11934	3
11935	2
11936	4
11937	4
11938	3
11939	1
11940	6
11941	3
11942	2
11943	6
11944	3
11945	7
11946	3
11947	3
11948	4
11949	3
11950	4
11951	8
11952	3
11953	4
11954	5
11955	2
11956	2
11957	6
11958	1
11959	3
11960	2
11961	6
11962	7
11963	3
11964	7
11965	3
11966	2
11967	1
11968	2
11969	4
11970	3
11971	7
11972	7
11973	5
11974	1
11975	5
11976	4
11977	5
11978	6
11979	6
11980	3
11981	4
11982	5
11983	2
11984	1
11985	1
11986	4
11987	5
11988	5
11989	6
11990	1
11991	2
11992	3
11993	2
11994	5
11995	3
11996	3
11997	1
11998	3
11999	2
12000	4
12001	3
12002	3
12003	3
12004	7
12005	6
12006	5
12007	2
12008	8
12009	1
12010	3
12011	4
12012	3
12013	2
12014	1
12015	4
12016	8
12017	2
12018	3
12019	6
12020	2
12021	1
12022	2
12023	5
12024	3
12025	1
12026	5
12027	6
12028	2
12029	4
12030	2
12031	1
12032	6
12033	5
12034	3
12035	2
12036	7
12038	2
12039	7
12040	5
12041	2
12042	2
12043	2
12044	3
12045	1
12046	6
12047	4
12048	1
12049	3
12050	1
12051	7
12052	3
12053	3
12054	4
12055	4
12056	3
12057	3
12058	3
12059	6
12060	6
12061	6
12062	3
12063	8
12064	4
12065	5
12066	3
12067	5
12068	3
12069	6
12070	4
12071	2
12072	2
12073	2
12074	3
12075	1
12076	3
12077	5
12078	7
12079	3
12080	6
12081	5
12082	3
12083	6
12084	2
12085	3
12087	8
12088	6
12089	6
12090	2
12091	3
12092	6
12093	2
12094	3
12095	3
12096	2
12097	1
12098	5
12099	1
12100	2
12101	3
12102	5
12103	6
12104	5
12105	4
12106	5
12107	6
12108	1
12109	3
12110	5
12111	4
12112	3
12113	2
12114	4
12115	3
12116	2
12117	7
12118	2
12119	4
12120	1
12121	4
12122	3
12123	5
12124	2
12125	3
12126	6
12127	2
12128	3
12129	5
12130	1
12131	3
12132	4
12133	5
12134	4
12135	3
12136	2
12137	5
12138	3
12139	6
12140	5
12141	5
12142	4
12143	3
12144	4
12145	3
12146	6
12147	4
12148	3
12149	9
12150	4
12152	5
12153	1
12154	5
12155	5
12156	5
12157	7
12158	4
12159	1
12160	4
12161	3
12162	2
12163	4
12164	5
12165	4
12166	1
12167	3
12168	3
12169	3
12170	3
12171	4
12172	4
12173	4
12174	2
12175	2
12176	7
12177	2
12178	3
12179	2
12180	3
12181	2
12182	6
12183	8
12184	4
12185	3
12186	7
12187	2
12188	5
12189	3
12190	5
12191	4
12192	1
12193	6
12194	9
12195	2
12196	6
12197	6
12198	3
12199	2
12200	3
12201	4
12202	3
12203	5
12204	5
12205	4
12206	2
12207	7
12208	1
12209	2
12210	3
12211	6
12212	9
12213	2
12214	1
12215	3
12216	4
12217	5
12218	4
12219	3
12220	1
12221	1
12222	2
12223	7
12224	5
12225	4
12226	6
12227	7
12228	6
12229	5
12230	5
12231	5
12232	3
12233	4
12234	3
12235	6
12236	3
12237	6
12238	1
12239	6
12240	3
12241	5
12242	3
12243	5
12244	5
12245	2
12246	10
12247	3
12248	2
12249	4
12250	8
12251	2
12252	6
12253	5
12254	4
12255	4
12256	6
12257	5
12258	3
12259	2
12260	1
12261	10
12262	3
12263	4
12264	4
12265	6
12266	6
12267	5
12268	3
12269	9
12270	2
12271	2
12272	5
12273	1
12274	10
12275	7
12276	5
12277	7
12278	3
12279	1
12280	3
12281	3
12282	3
12283	6
12284	3
12285	4
12286	3
12287	3
12288	4
12289	8
12290	5
12291	5
12292	1
12293	3
12294	1
12295	2
12296	5
12297	4
12298	6
12299	3
12300	5
12301	6
12302	5
12303	5
12304	1
12305	8
12306	1
12307	6
12308	4
12309	7
12310	5
12311	4
12312	3
12313	1
12314	5
12315	3
12316	3
12317	1
12318	8
12319	1
12320	5
12321	1
12322	9
12323	4
12324	7
12325	1
12326	3
12327	7
12328	8
12329	6
12330	10
12331	3
12332	6
12333	4
12334	2
12335	4
12337	4
12338	3
12339	2
12340	5
12341	6
12342	4
12343	5
12344	4
12345	6
12346	3
12347	1
12348	4
12349	3
12350	5
12351	3
12352	4
12353	4
12354	5
12355	3
12356	4
12357	2
12358	8
12359	11
12360	6
12361	6
12362	6
12363	6
12364	4
12365	4
12366	5
12367	3
12368	4
12369	2
12370	5
12371	3
12372	4
12374	6
12375	6
12376	4
12377	5
12378	6
12379	5
12380	5
12381	9
12382	2
12383	6
12384	2
12385	3
12386	7
12387	10
12388	6
12389	4
12390	3
12391	8
12392	3
12393	4
12394	7
12395	8
12396	6
12397	6
12398	4
12399	2
12400	1
12401	2
12402	3
12403	3
12404	7
12405	5
12406	4
12407	8
12408	6
12409	3
12410	8
12411	1
12412	2
12413	4
12414	2
12415	8
12416	4
12417	5
12418	5
12419	4
12420	5
12421	5
12422	2
12423	7
12424	4
12425	4
12426	4
12427	7
12428	3
12429	4
12430	3
12431	4
12432	6
12433	6
12434	6
12435	3
12436	3
12437	3
12438	5
12439	5
12440	4
12441	3
12442	8
12443	3
12444	5
12445	6
12446	2
12447	3
12448	2
12449	4
12450	4
12451	4
12452	4
12453	7
12454	6
12455	2
12456	6
12457	7
12458	5
12459	4
12460	7
12461	2
12462	7
12463	7
12464	5
12465	5
12466	1
12467	3
12468	5
12469	6
12470	3
12471	13
12472	7
12473	1
12474	5
12475	7
12476	9
12477	6
12478	2
12479	5
12480	5
12481	4
12482	4
12483	5
12484	5
12485	3
12486	5
12487	9
12488	4
12489	4
12490	4
12491	4
12492	2
12493	5
12494	7
12495	3
12496	3
12497	4
12498	3
12499	4
12500	1
12501	4
12502	5
12503	4
12504	4
12505	5
12506	2
12507	5
12508	6
12509	4
12510	7
12511	5
12512	3
12513	3
12514	2
12515	2
12516	1
12517	9
12518	6
12519	3
12520	2
12521	5
12522	8
12523	4
12524	3
12525	2
12526	6
12527	8
12528	7
12529	5
12530	8
12531	5
12532	2
12533	3
12534	5
12535	2
12536	6
12537	4
12538	4
12539	4
12540	4
12541	5
12542	5
12543	4
12544	4
12545	6
12546	5
12547	6
12548	10
12549	2
12550	6
12551	4
12552	3
12553	4
12554	6
12555	3
12556	6
12557	7
12558	6
12559	6
12560	6
12561	6
12562	4
12563	6
12564	8
12565	4
12566	6
12567	5
12568	2
12569	9
12570	3
12571	7
12572	4
12573	4
12574	3
12575	1
12576	4
12577	2
12578	3
12579	1
12580	8
12581	4
12582	3
12583	5
12584	2
12585	6
12586	2
12587	3
12588	2
12589	4
12590	4
12591	4
12592	2
12593	6
12594	7
12595	4
12596	4
12597	3
12598	8
12599	5
12600	5
12601	7
12602	4
12603	6
12604	7
12605	5
12606	6
12607	2
12608	5
12609	7
12610	5
12611	9
12612	5
12613	2
12614	2
12615	7
12616	2
12617	4
12618	2
12619	2
12620	1
12621	2
12622	6
12623	6
12624	3
12625	4
12626	6
12627	2
12628	4
12629	8
12630	4
12631	4
12632	9
12633	5
12634	2
12635	5
12637	5
12638	7
12639	4
12640	3
12641	8
12642	4
12643	5
12644	9
12645	5
12646	4
12647	2
12648	5
12649	3
12650	5
12651	7
12652	6
12653	8
12654	4
12655	6
12656	4
12657	7
12658	3
12659	4
12660	4
12661	11
12662	5
12663	6
12664	3
12665	1
12666	4
12667	5
12668	4
12669	4
12670	6
12671	4
12672	4
12673	11
12674	4
12675	4
12676	7
12677	3
12678	2
12679	4
12680	4
12681	2
12682	2
12683	3
12684	4
12685	5
12686	5
12687	3
12688	6
12689	3
12690	5
12691	6
12692	4
12693	7
12694	6
12695	4
12696	7
12697	5
12698	7
12699	5
12700	5
12701	2
12702	7
12703	3
12704	8
12705	1
12706	5
12707	4
12708	3
12709	6
12710	3
12711	4
12712	2
12713	1
12714	6
12715	7
12716	3
12717	5
12718	2
12719	6
12720	4
12721	2
12722	7
12723	6
12724	3
12725	7
12726	5
12727	6
12728	9
12729	7
12730	3
12731	4
12732	2
12733	3
12734	4
12735	2
12736	2
12737	1
12738	5
12739	4
12740	9
12741	6
12742	7
12743	2
12744	1
12745	11
12746	8
12747	6
12748	3
12749	7
12750	7
12751	2
12752	4
12753	3
12754	6
12755	8
12756	6
12757	5
12758	8
12759	2
12760	12
12761	3
12762	5
12763	3
12764	3
12765	6
12766	6
12767	3
12768	3
12769	6
12770	1
12771	7
12772	5
12773	6
12774	9
12775	6
12776	1
12777	7
12778	3
12779	5
12780	8
12781	4
12782	8
12783	6
12784	4
12785	3
12786	3
12787	4
12788	3
12789	2
12790	4
12791	2
12792	6
12793	4
12794	4
12795	5
12796	5
12797	2
12798	7
12799	6
12800	3
12801	6
12802	2
12803	4
12804	4
12805	2
12806	2
12807	13
12808	5
12809	8
12810	8
12811	4
12812	5
12813	5
12814	4
12815	1
12816	5
12817	7
12818	7
12819	5
12820	5
12821	8
12822	7
12823	2
12824	4
12825	7
12826	5
12827	7
12828	7
12829	6
12830	1
12831	9
12832	13
12833	3
12834	3
12835	8
12836	5
12837	9
12838	7
12839	7
12840	4
12841	11
12842	3
12843	6
12844	4
12845	2
12846	6
12847	5
12848	5
12849	6
12850	2
12851	5
12852	4
12853	6
12854	6
12855	4
12856	6
12857	2
12858	6
12859	7
12860	4
12861	5
12862	3
12863	6
12864	4
12865	7
12866	10
12867	6
12868	6
12869	7
12870	3
12871	5
12872	5
12873	4
12874	7
12875	4
12876	7
12877	5
12878	1
12879	5
12880	10
12881	7
12882	3
12883	3
12884	5
12885	8
12886	6
12887	4
12888	4
12889	4
12890	2
12891	3
12892	7
12893	6
12894	3
12895	8
12896	3
12897	7
12898	5
12899	9
12900	7
12901	10
12902	1
12903	7
12904	5
12905	12
12906	5
12907	4
12908	4
12909	8
12910	7
12911	3
12912	6
12913	4
12914	4
12915	5
12916	1
12917	4
12918	5
12919	6
12920	6
12921	4
12922	4
12923	4
12924	4
12925	4
12926	5
12927	5
12928	4
12929	4
12930	2
12931	3
12932	3
12933	5
12934	5
12935	7
12936	7
12937	3
12938	5
12939	3
12940	7
12941	6
12942	4
12943	6
12944	4
12945	7
12946	6
12947	3
12948	6
12949	4
12950	4
12951	4
12952	4
12953	5
12954	10
12955	1
12956	5
12957	9
12958	2
12959	3
12960	3
12961	6
12962	5
12963	9
12964	3
12965	8
12966	4
12967	4
12968	4
12969	5
12970	7
12971	5
12972	4
12973	4
12974	3
12975	9
12976	6
12977	3
12978	4
12979	5
12980	7
12981	7
12982	4
12983	4
12984	7
12985	4
12986	6
12987	5
12989	6
12990	8
12991	5
12992	4
12993	6
12994	6
12995	4
12996	3
12997	5
12998	3
12999	2
13000	9
13001	4
13002	4
13003	2
13004	7
13005	3
13006	5
13007	9
13008	6
13009	5
13010	2
13011	6
13012	4
13013	6
13014	8
13015	6
13016	8
13017	5
13018	6
13019	6
13020	5
13021	3
13022	6
13023	3
13024	5
13025	6
13026	6
13027	2
13028	1
13029	3
13030	3
13031	3
13032	5
13033	6
13034	5
13035	6
13036	4
13037	4
13038	5
13039	4
13040	5
13041	2
13042	8
13043	7
13044	8
13045	7
13046	4
13047	8
13048	4
13049	3
13050	8
13051	4
13052	3
13053	3
13054	5
13055	7
13056	9
13057	5
13058	2
13059	8
13060	5
13061	3
13062	4
13063	2
13064	5
13065	3
13066	2
13067	3
13068	4
13069	7
13070	2
13071	8
13072	2
13073	4
13074	7
13075	3
13076	11
13077	3
13078	3
13079	7
13080	1
13081	3
13082	4
13083	4
13084	7
13085	5
13086	4
13087	2
13088	5
13089	4
13090	4
13091	6
13092	7
13093	2
13094	9
13095	6
13096	2
13097	7
13098	6
13099	7
13100	9
13101	4
13102	11
13103	5
13104	4
13105	8
13106	12
13107	4
13108	7
13109	3
13110	7
13111	6
13112	5
13113	4
13114	3
13115	6
13116	4
13117	6
13118	4
13119	5
13120	6
13121	4
13122	3
13123	9
13124	4
13125	3
13126	7
13127	2
13128	3
13129	6
13130	5
13131	6
13132	6
13133	5
13134	3
13135	5
13136	6
13137	8
13138	6
13139	3
13140	2
13141	6
13142	7
13143	11
13144	5
13145	1
13146	4
13147	4
13148	4
13149	7
13150	6
13151	3
13152	6
13153	7
13154	6
13155	6
13156	5
13157	3
13158	4
13159	3
13160	8
13161	4
13162	7
13163	2
13164	5
13165	5
13166	8
13167	5
13168	6
13169	6
13170	6
13171	3
13172	5
13173	5
13174	7
13175	5
13176	5
13177	5
13178	4
13179	4
13180	5
13181	4
13182	4
13183	5
13184	6
13185	3
13186	6
13187	5
13188	7
13189	11
13190	4
13191	9
13192	6
13193	5
13194	5
13195	5
13196	7
13197	7
13198	10
13199	6
13200	6
13201	5
13202	4
13203	5
13204	4
13205	7
13206	2
13207	4
13208	2
13209	6
13210	5
13211	4
13212	2
13213	3
13214	3
13215	3
13216	11
13217	1
13218	3
13219	7
13220	9
13221	5
13222	5
13224	5
13225	6
13226	3
13227	7
13228	4
13229	6
13230	4
13231	8
13232	5
13233	2
13234	4
13235	4
13236	6
13237	5
13238	2
13239	4
13240	3
13241	4
13242	3
13243	6
13244	6
13245	4
13246	9
13247	1
13248	4
13249	5
13250	3
13251	5
13252	2
13253	5
13254	1
13255	4
13256	6
13257	10
13258	7
13259	6
13260	8
13261	4
13262	3
13263	5
13264	9
13265	10
13266	7
13267	4
13268	6
13269	4
13270	3
13271	1
13272	8
13273	5
13274	5
13275	5
13276	5
13277	5
13278	8
13279	4
13280	4
13281	3
13282	5
13283	4
13284	4
13285	7
13286	5
13287	9
13288	8
13289	6
13290	4
13291	3
13292	7
13293	5
13294	2
13295	6
13296	4
13297	8
13298	5
13299	6
13300	2
13301	2
13302	4
13303	6
13304	7
13306	2
13307	6
13308	4
13309	5
13310	5
13311	4
13312	8
13313	5
13314	5
13315	8
13316	4
13317	2
13318	5
13319	6
13320	2
13321	4
13322	2
13323	4
13324	5
13325	3
13326	2
13327	5
13329	6
13330	2
13331	3
13332	5
13333	6
13334	9
13335	3
13336	10
13337	7
13338	9
13339	7
13340	6
13341	6
13342	6
13343	5
13344	6
13345	3
13346	5
13347	1
13348	6
13349	3
13351	6
13352	6
13353	5
13354	3
13355	7
13356	8
13357	5
13358	6
13359	8
13360	2
13361	4
13362	6
13363	4
13364	7
13365	8
13366	4
13367	7
13368	6
13369	8
13370	6
13371	4
13372	3
13373	4
13374	3
13375	9
13376	10
13377	6
13378	3
13379	5
13380	3
13381	12
13382	9
13383	7
13384	2
13385	5
13386	5
13387	4
13388	4
13389	6
13390	4
13391	5
13392	4
13393	3
13394	6
13395	8
13396	2
13397	2
13398	3
13399	6
13400	1
13401	6
13402	4
13403	4
13404	3
13405	4
13406	5
13407	4
13408	7
13409	9
13410	2
13411	4
13412	8
13413	5
13414	7
13415	6
13416	4
13417	4
13419	1
13420	4
13421	5
13422	8
13423	6
13424	7
13425	3
13426	3
13427	4
13428	9
13429	4
13430	3
13431	3
13432	6
13433	2
13434	7
13435	8
13436	2
13437	6
13438	6
13439	3
13440	7
13441	5
13442	4
13443	6
13444	6
13445	4
13446	9
13447	6
13448	4
13449	5
13450	6
13451	5
13452	4
13453	7
13454	8
13455	3
13456	5
13457	4
13458	6
13459	5
13460	2
13461	3
13462	6
13463	6
13464	4
13465	4
13466	6
13467	3
13468	3
13469	1
13470	6
13471	5
13472	4
13473	3
13474	8
13475	9
13476	11
13477	3
13478	2
13479	5
13480	6
13481	6
13482	6
13483	2
13484	3
13485	5
13486	3
13487	5
13488	5
13489	5
13490	6
13491	7
13492	7
13493	3
13494	5
13495	4
13496	3
13497	4
13498	6
13499	6
13500	5
13501	5
13502	7
13503	6
13504	5
13505	8
13506	5
13507	4
13508	5
13509	2
13510	8
13511	3
13512	3
13513	3
13514	2
13515	5
13516	4
13517	6
13518	3
13519	6
13520	3
13521	3
13522	1
13523	8
13524	6
13525	3
13526	11
13527	5
13528	5
13529	8
13530	3
13531	6
13532	5
13533	6
13534	6
13535	1
13536	4
13537	6
13538	3
13539	6
13540	1
13541	4
13542	6
13543	2
13544	3
13545	3
13546	5
13547	6
13548	5
13549	6
13550	3
13551	6
13552	6
13553	4
13554	3
13555	4
13556	3
13557	2
13558	7
13559	5
13560	3
13561	6
13562	9
13563	6
13564	1
13565	3
13566	5
13567	10
13568	2
13569	5
13570	3
13571	5
13572	2
13573	5
13574	6
13575	6
13576	4
13577	6
13578	5
13579	5
13580	3
13581	4
13582	4
13583	3
13584	4
13585	4
13586	3
13587	3
13588	6
13589	5
13590	1
13591	6
13592	7
13593	2
13594	3
13595	5
13596	3
13597	3
13598	3
13599	5
13600	3
13601	7
13602	9
13603	5
13604	4
13605	9
13606	10
13607	6
13608	8
13609	7
13610	5
13611	5
13612	8
13613	4
13614	6
13615	5
13616	8
13617	6
13618	8
13619	9
13620	3
13621	6
13622	2
13623	4
13624	3
13625	4
13626	5
13627	7
13628	9
13629	5
13630	1
13631	8
13632	5
13633	5
13635	7
13636	9
13637	6
13638	7
13639	4
13640	11
13641	3
13642	5
13643	4
13644	8
13645	6
13646	8
13647	6
13648	5
13649	5
13650	2
13651	6
13652	11
13653	6
13654	2
13655	4
13656	3
13657	9
13658	4
13659	5
13660	4
13661	7
13662	4
13663	5
13664	7
13665	8
13666	6
13667	7
13668	6
13669	8
13670	7
13671	5
13672	5
13673	6
13674	5
13675	2
13676	2
13677	5
13678	2
13679	4
13680	4
13681	5
13682	5
13683	5
13684	5
13685	5
13686	7
13687	2
13688	6
13689	3
13690	5
13691	4
13692	3
13693	4
13694	1
13695	2
13696	6
13697	3
13698	6
13699	10
13700	3
13701	3
13702	11
13703	10
13704	6
13705	5
13706	4
13707	5
13708	7
13709	3
13710	2
13711	7
13712	5
13713	6
13714	1
13715	9
13716	5
13717	4
13718	5
13719	6
13720	6
13721	4
13722	3
13723	5
13724	1
13725	3
13726	2
13727	4
13728	8
13729	7
13730	4
13731	3
13732	2
13733	4
13734	2
13735	5
13736	4
13737	6
13738	5
13739	7
13740	5
13741	4
13742	6
13743	7
13744	9
13745	10
13746	4
13747	3
13748	4
13749	3
13750	8
13751	9
13752	7
13753	5
13754	3
13755	4
13756	9
13757	9
13758	4
13759	6
13760	7
13761	8
13762	4
13763	6
13764	6
13765	6
13766	5
13767	6
13768	4
13769	10
13770	8
13771	6
13772	6
13773	5
13774	8
13775	6
13776	5
13777	6
13778	7
13779	5
13780	3
13781	7
13782	4
13783	5
13784	5
13785	4
13786	6
13787	4
13788	9
13789	6
13790	3
13791	5
13792	7
13793	4
13794	6
13795	7
13796	5
13797	5
13798	4
13799	10
13800	7
13801	4
13802	8
13803	11
13804	4
13805	6
13806	6
13807	5
13808	8
13809	7
13810	10
13811	4
13812	9
13813	2
13814	5
13815	5
13816	5
13817	3
13818	6
13819	8
13821	9
13822	2
13823	5
13824	6
13825	4
13826	5
13827	3
13828	2
13829	4
13830	4
13831	9
13832	3
13833	4
13834	1
13835	8
13836	10
13837	6
13838	4
13839	5
13840	5
13841	3
13842	2
13843	3
13844	5
13845	8
13846	3
13847	3
13848	5
13849	4
13850	6
13851	6
13852	6
13853	4
13854	2
13855	1
13856	3
13857	9
13858	8
13859	4
13860	7
13861	8
13862	6
13863	7
13864	3
13865	3
13866	5
13867	3
13868	5
13869	3
13870	7
13871	5
13872	2
13873	1
13874	4
13875	4
13876	5
13877	7
13878	7
13879	3
13880	3
13881	4
13882	7
13883	3
13884	9
13885	4
13886	7
13887	9
13888	9
13889	7
13890	1
13891	9
13892	6
13893	4
13894	2
13895	3
13896	5
13897	4
13898	1
13899	8
13900	8
13901	7
13902	2
13903	7
13904	5
13905	7
13906	4
13907	4
13908	5
13909	12
13910	6
13911	4
13912	5
13913	6
13914	3
13915	6
13916	5
13917	4
13918	6
13919	2
13920	6
13921	6
13922	5
13923	6
13924	4
13925	7
13926	4
13927	1
13928	5
13929	3
13930	8
13931	3
13932	5
13933	4
13934	2
13935	2
13936	5
13937	7
13938	2
13939	10
13940	4
13941	8
13942	6
13943	3
13944	4
13945	7
13946	10
13947	8
13948	6
13949	6
13950	2
13951	3
13952	10
13953	4
13954	8
13955	7
13956	7
13957	6
13958	3
13959	5
13960	6
13961	7
13962	7
13963	4
13964	4
13965	5
13966	6
13967	3
13968	4
13969	4
13970	6
13971	4
13972	5
13973	6
13974	7
13975	6
13976	3
13977	6
13978	6
13979	8
13980	2
13981	5
13982	9
13983	3
13984	7
13985	5
13986	6
13987	8
13988	4
13989	5
13990	4
13991	5
13992	4
13993	4
13994	9
13995	6
13996	6
13997	9
13998	3
13999	4
14000	5
14001	4
14002	3
14003	5
14004	7
14005	7
14006	3
14007	6
14008	5
14009	8
14010	6
14011	6
14012	9
14013	7
14014	3
14015	1
14016	3
14017	5
14018	5
14019	3
14020	10
14021	5
14022	6
14023	4
14024	1
14025	4
14026	6
14027	5
14028	2
14029	5
14030	6
14031	7
14032	6
14033	3
14034	5
14035	4
14036	8
14037	7
14038	3
14039	4
14040	5
14041	6
14042	4
14043	5
14044	4
14045	5
14046	4
14047	4
14048	4
14049	7
14050	11
14051	6
14052	5
14053	5
14054	3
14055	5
14056	3
14057	8
14058	4
14059	4
14060	2
14061	4
14062	7
14063	4
14064	3
14065	5
14066	4
14067	3
14068	4
14069	5
14070	2
14071	4
14072	7
14073	10
14074	3
14075	8
14076	6
14077	3
14078	7
14079	7
14080	1
14081	4
14082	4
14083	9
14084	11
14085	5
14086	9
14087	2
14088	8
14089	6
14090	5
14091	3
14092	5
14093	4
14094	4
14095	7
14096	2
14097	4
14098	7
14099	3
14100	5
14101	4
14102	7
14103	2
14104	7
14105	5
14106	13
14107	3
14108	4
14109	3
14110	1
14111	5
14112	9
14113	7
14114	2
14115	2
14116	8
14117	8
14118	6
14119	3
14120	5
14121	1
14122	9
14123	5
14124	6
14125	6
14126	4
14127	10
14128	6
14129	3
14130	5
14131	3
14132	9
14133	5
14134	7
14135	5
14136	5
14137	2
14138	6
14139	4
14140	5
14141	7
14142	6
14143	4
14144	8
14145	4
14146	6
14147	6
14148	7
14149	4
14150	3
14151	10
14152	6
14153	5
14154	9
14155	5
14156	4
14157	5
14158	3
14159	2
14160	3
14161	8
14162	11
14163	11
14164	5
14165	5
14166	4
14167	5
14168	8
14169	5
14170	5
14171	7
14172	6
14173	4
14174	4
14175	4
14176	5
14177	6
14178	2
14179	5
14180	8
14181	6
14182	5
14183	4
14184	6
14185	5
14186	11
14187	10
14188	6
14189	5
14190	8
14191	4
14192	9
14193	10
14194	2
14195	11
14196	7
14197	3
14198	6
14199	3
14200	5
14201	2
14202	7
14203	4
14204	8
14205	6
14206	5
14208	8
14209	5
14210	8
14211	3
14212	7
14213	4
14214	3
14215	6
14216	7
14217	2
14218	3
14219	8
14220	6
14221	5
14222	4
14223	6
14224	6
14225	5
14226	4
14227	5
14228	5
14229	6
14230	5
14231	5
14232	10
14233	1
14234	8
14235	5
14236	5
14237	7
14238	4
14239	4
14240	5
14241	6
14242	4
14243	6
14244	5
14245	9
14246	9
14247	6
14248	5
14249	5
14250	7
14251	2
14252	2
14253	3
14254	3
14255	6
14256	3
14257	6
14258	3
14259	6
14260	1
14261	7
14262	5
14263	4
14264	7
14265	3
14266	1
14267	4
14268	6
14269	3
14270	7
14272	3
14273	4
14274	2
14275	4
14276	4
14277	4
14278	8
14279	6
14280	8
14281	5
14282	6
14283	3
14284	4
14285	3
14286	6
14287	4
14288	9
14289	6
14290	6
14291	9
14292	3
14293	3
14294	3
14295	6
14296	4
14297	4
14298	5
14299	5
14300	4
14301	8
14302	3
14303	5
14304	8
14305	5
14306	2
14307	8
14308	1
14309	2
14310	8
14311	4
14312	6
14313	7
14314	3
14315	4
14316	4
14317	5
14318	6
14319	2
14320	6
14321	7
14322	3
14323	4
14324	5
14325	5
14326	6
14327	4
14328	7
14329	6
14330	1
14331	11
14332	6
14333	1
14334	8
14335	4
14336	6
14337	4
14338	6
14339	9
14340	4
14341	1
14342	4
14343	7
14344	10
14345	8
14346	6
14347	5
14348	3
14349	5
14350	4
14351	7
14352	7
14353	9
14354	4
14355	6
14356	1
14357	4
14358	3
14359	5
14360	6
14361	3
14362	4
14363	4
14364	11
14365	8
14366	5
14367	3
14368	1
14369	4
14370	10
14371	10
14372	6
14373	7
14374	7
14375	4
14376	5
14377	4
14378	7
14379	3
14380	5
14381	2
14382	4
14383	7
14384	3
14385	4
14386	6
14387	4
14388	7
14389	5
14390	4
14392	6
14393	11
14394	5
14395	5
14396	6
14397	1
14398	7
14399	9
14400	3
14401	4
14402	7
14403	1
14404	3
14405	4
14406	10
14407	6
14408	5
14409	2
14410	6
14411	4
14412	2
14413	4
14414	8
14415	5
14416	6
14417	1
14418	9
14419	4
14420	4
14421	8
14422	1
14423	2
14424	6
14425	8
14426	8
14427	4
14428	4
14429	3
14430	5
14431	8
14432	7
14433	6
14434	2
14435	3
14436	5
14437	4
14438	2
14439	8
14440	5
14441	5
14442	4
14443	5
14444	9
14445	4
14446	4
14447	4
14448	9
14449	6
14450	1
14451	3
14452	2
14453	3
14454	2
14455	7
14456	3
14457	9
14458	3
14459	4
14460	1
14461	2
14462	6
14463	5
14464	5
14465	6
14466	7
14467	6
14468	7
14469	5
14470	2
14471	4
14472	5
14473	3
14474	6
14475	5
14476	5
14477	2
14478	6
14479	6
14480	5
14481	3
14482	7
14483	6
14484	3
14485	6
14486	6
14487	5
14488	7
14489	8
14490	4
14491	4
14492	5
14493	7
14494	5
14495	3
14496	7
14497	3
14498	4
14499	9
14500	9
14501	8
14502	9
14503	4
14504	6
14505	4
14506	6
14507	4
14508	2
14509	5
14510	4
14511	6
14512	6
14513	3
14514	11
14515	9
14516	5
14517	2
14518	4
14519	6
14520	4
14521	2
14522	10
14523	3
14524	5
14525	8
14526	6
14527	5
14528	3
14529	7
14530	9
14531	9
14532	9
14533	4
14534	2
14535	8
14536	4
14537	4
14538	6
14539	4
14540	8
14541	3
14542	5
14543	7
14544	6
14545	7
14546	4
14547	3
14548	3
14549	10
14550	4
14551	2
14552	4
14553	3
14554	9
14555	6
14556	5
14557	4
14558	11
14559	5
14560	5
14561	8
14562	5
14563	3
14564	4
14565	7
14566	4
14567	8
14568	2
14569	7
14570	6
14571	5
14572	4
14573	6
14574	8
14575	6
14576	6
14577	5
14578	6
14579	6
14580	4
14581	2
14582	3
14583	4
14584	6
14585	6
14586	12
14587	6
14588	4
14589	5
14590	5
14591	11
14592	6
14593	8
14594	6
14595	5
14596	5
14597	2
14598	3
14599	5
14600	7
14601	3
14602	9
14603	5
14604	4
14605	5
14606	6
14607	5
14608	8
14609	4
14610	5
14611	7
14612	6
14613	5
14614	6
14615	5
14616	4
14617	4
14618	6
14619	2
14620	3
14621	7
14622	3
14623	5
14624	9
14625	4
14626	5
14627	4
14628	6
14629	6
14630	5
14631	7
14632	4
14633	2
14634	4
14635	3
14636	3
14637	4
14638	5
14639	4
14640	2
14641	6
14642	2
14643	9
14644	7
14645	2
14646	5
14647	5
14648	5
14649	6
14650	8
14651	3
14652	6
14653	6
14654	5
14655	6
14656	5
14657	7
14658	5
14659	8
14660	2
14661	8
14662	6
14663	5
14664	6
14665	4
14666	7
14667	4
14668	5
14669	6
14670	4
14671	5
14672	11
14673	3
14674	8
14675	5
14676	6
14677	8
14678	5
14679	8
14680	7
14681	7
14682	3
14683	3
14684	1
14685	8
14686	4
14687	7
14688	6
14689	6
14690	7
14691	3
14692	6
14693	5
14694	4
14695	3
14696	7
14697	6
14698	4
14699	6
14700	6
14701	2
14702	5
14703	3
14704	2
14705	6
14706	7
14707	6
14708	5
14709	8
14710	9
14711	4
14712	5
14713	5
14714	7
14715	3
14716	4
14717	8
14718	7
14719	6
14720	7
14721	4
14723	8
14724	4
14725	6
14726	7
14727	3
14728	6
14729	6
14730	4
14731	8
14732	3
14733	6
14734	5
14735	4
14736	4
14737	2
14738	6
14739	8
14741	4
14742	5
14743	10
14744	7
14745	6
14746	5
14747	3
14748	4
14749	4
14750	9
14751	6
14752	3
14753	2
14754	4
14755	7
14756	7
14757	2
14758	5
14759	1
14760	4
14761	5
14762	5
14763	2
14764	7
14765	6
14766	4
14767	5
14768	5
14769	4
14770	11
14771	4
14772	5
14773	3
14774	9
14775	6
14776	4
14777	8
14778	6
14779	2
14780	4
14781	8
14782	10
14783	5
14784	2
14785	6
14786	8
14787	5
14788	3
14789	5
14790	5
14791	2
14792	4
14793	4
14794	5
14795	6
14796	9
14797	6
14798	2
14799	7
14800	7
14802	5
14803	6
14804	5
14805	1
14806	4
14807	4
14808	6
14809	4
14810	4
14811	6
14812	4
14813	5
14814	4
14815	4
14816	3
14817	7
14818	8
14819	5
14820	4
14821	5
14822	5
14823	5
14824	3
14825	6
14826	5
14827	4
14828	3
14829	7
14830	4
14831	5
14832	6
14833	7
14834	11
14835	5
14836	9
14837	6
14838	5
14839	7
14840	4
14841	5
14842	5
14843	5
14844	6
14845	7
14846	1
14847	5
14848	7
14849	8
14850	6
14851	6
14852	5
14853	8
14854	2
14855	4
14856	8
14857	8
14858	8
14859	4
14860	3
14861	4
14862	7
14863	2
14864	6
14865	8
14866	6
14867	2
14868	7
14869	7
14870	4
14871	6
14872	10
14873	10
14874	5
14875	7
14876	6
14877	7
14878	9
14879	9
14880	3
14881	5
14882	3
14883	5
14884	3
14885	7
14886	4
14887	9
14888	3
14889	9
14890	5
14891	5
14892	5
14893	4
14894	6
14895	7
14896	5
14897	11
14898	4
14899	4
14900	4
14901	2
14902	8
14903	8
14904	8
14905	2
14906	5
14907	5
14908	4
14909	5
14910	4
14911	5
14912	5
14913	6
14914	6
14915	7
14916	4
14917	4
14918	6
14919	2
14920	8
14921	4
14922	3
14923	6
14924	6
14925	4
14926	9
14927	3
14929	3
14930	5
14931	5
14932	2
14933	2
14934	3
14935	7
14936	4
14937	6
14938	2
14939	1
14940	2
14941	1
14942	9
14943	3
14944	5
14945	5
14946	7
14947	9
14948	4
14949	6
14950	4
14951	2
14952	8
14953	4
14954	4
14955	2
14956	6
14957	3
14958	6
14959	4
14960	3
14961	3
14962	3
14963	12
14964	2
14965	6
14966	10
14967	6
14968	4
14969	6
14970	10
14971	5
14972	7
14973	6
14974	5
14975	7
14976	5
14977	9
14978	5
14979	6
14980	3
14981	5
14982	10
14983	9
14984	6
14985	4
14986	6
14987	4
14988	2
14989	4
14990	8
14991	4
14992	7
14993	1
14994	11
14995	6
14996	4
14997	3
14998	8
14999	8
15000	2
15001	8
15002	9
15003	4
15004	6
15005	8
15006	7
15007	7
15008	8
15009	4
15010	11
15011	5
15012	12
15013	6
15014	4
15016	8
15017	6
15018	5
15019	6
15020	3
15021	5
15022	7
15023	4
15024	3
15025	6
15026	5
15027	6
15028	6
15029	7
15030	3
15031	2
15032	8
15033	5
15034	6
15035	5
15036	8
15037	4
15038	2
15039	5
15040	4
15041	3
15042	6
15043	11
15044	4
15045	6
15046	6
15047	6
15048	5
15049	4
15050	4
15051	5
15052	9
15053	5
15054	3
15055	6
15056	4
15057	9
15058	6
15059	10
15060	6
15061	3
15062	6
15063	4
15064	1
15065	7
15066	8
15067	4
15068	9
15069	9
15070	8
15071	1
15072	10
15073	6
15074	5
15075	5
15076	8
15077	3
15078	8
15079	5
15080	1
15081	5
15082	3
15083	4
15084	6
15085	6
15086	10
15087	3
15088	6
15089	5
15090	5
15091	4
15092	7
15093	3
15094	1
15095	4
15096	7
15097	11
15098	1
15099	6
15100	7
15102	5
15103	3
15104	4
15105	3
15106	5
15108	5
15109	3
15110	3
15111	7
15112	6
15113	8
15114	4
15115	3
15116	4
15117	8
15118	6
15119	6
15120	10
15121	2
15122	6
15123	1
15124	8
15125	5
15126	5
15127	4
15128	3
15129	5
15130	2
15131	4
15132	7
15133	3
15134	3
15135	5
15136	6
15137	5
15138	5
15139	4
15140	4
15141	6
15142	4
15143	4
15144	12
15145	4
15146	8
15147	3
15148	7
15149	3
15150	5
15151	7
15152	6
15153	1
15154	5
15155	4
15156	1
15157	6
15158	1
15159	11
15160	9
15161	7
15162	6
15163	3
15164	9
15165	10
15166	4
15167	7
15168	5
15169	9
15170	3
15171	6
15172	6
15173	5
15174	4
15175	2
15176	4
15177	9
15178	5
15179	3
15180	3
15181	7
15182	5
15183	3
15184	2
15185	2
15186	7
15187	5
15188	8
15189	5
15190	11
15191	11
15192	3
15193	5
15194	2
15195	3
15196	5
15197	7
15198	12
15199	4
15200	3
15201	3
15202	7
15203	4
15204	5
15205	9
15206	7
15207	4
15208	7
15209	9
15210	3
15211	9
15212	5
15213	3
15214	4
15215	6
15216	7
15217	4
15218	3
15219	3
15220	4
15221	2
15222	7
15223	4
15224	2
15225	5
15226	5
15227	8
15228	10
15229	4
15230	3
15231	7
15232	4
15233	6
15234	6
15235	7
15236	12
15237	5
15238	3
15239	6
15240	4
15241	5
15242	2
15243	3
15244	7
15245	5
15246	2
15247	1
15248	4
15249	3
15250	5
15251	3
15252	9
15253	3
15254	7
15255	5
15256	1
15257	3
15258	6
15259	4
15260	4
15261	5
15262	7
15263	5
15264	5
15265	9
15266	6
15267	6
15268	5
15269	6
15270	3
15271	8
15272	2
15273	3
15274	7
15275	8
15276	5
15277	2
15278	11
15279	6
15280	1
15281	3
15282	5
15283	5
15284	5
15285	4
15286	1
15287	3
15288	9
15289	4
15290	3
15291	4
15292	7
15293	3
15294	5
15295	7
15296	6
15297	7
15298	1
15299	5
15300	10
15301	2
15302	4
15303	8
15304	4
15305	6
15306	3
15307	7
15308	7
15309	7
15310	8
15311	4
15312	6
15313	2
15314	6
15315	6
15316	3
15317	8
15318	5
15319	6
15320	7
15321	8
15322	1
15323	5
15324	4
15325	4
15326	4
15327	6
15328	6
15329	4
15330	1
15331	3
15332	6
15333	2
15334	1
15335	7
15336	10
15337	6
15338	4
15339	5
15340	8
15341	11
15342	2
15343	7
15344	8
15345	7
15346	6
15347	5
15348	6
15349	4
15350	3
15351	9
15352	8
15353	5
15354	9
15355	5
15356	6
15357	14
15358	3
15359	7
15360	5
15361	2
15362	4
15363	7
15364	5
15365	5
15366	2
15367	6
15368	8
15369	6
15370	5
15371	4
15372	5
15373	4
15374	8
15375	8
15376	4
15377	2
15378	3
15379	2
15380	9
15381	4
15382	6
15383	5
15384	7
15385	3
15386	6
15387	3
15388	9
15389	4
15390	4
15391	3
15392	8
15393	10
15394	6
15395	7
15396	2
15397	4
15398	7
15399	8
15400	4
15401	7
15402	5
15403	5
15404	3
15405	5
15406	10
15407	5
15408	3
15409	3
15410	6
15411	3
15412	6
15413	5
15414	6
15415	4
15416	3
15417	10
15418	6
15419	4
15420	2
15422	6
15423	4
15424	3
15425	5
15426	8
15427	2
15428	5
15429	4
15430	2
15431	6
15432	6
15433	3
15434	6
15435	5
15436	4
15437	1
15438	2
15439	3
15440	4
15441	7
15442	4
15443	9
15444	8
15445	8
15446	6
15447	7
15448	5
15449	1
15450	7
15451	8
15452	3
15453	2
15454	4
15455	3
15456	5
15457	2
15458	6
15459	4
15460	5
15461	5
15462	1
15463	8
15464	6
15465	9
15466	7
15467	10
15468	2
15469	8
15470	6
15471	6
15472	6
15473	6
15474	9
15475	4
15476	6
15477	10
15478	4
15479	4
15480	7
15481	6
15482	7
15483	4
15484	3
15485	6
15486	10
15487	4
15488	7
15489	3
15490	3
15491	7
15492	2
15493	5
15494	3
15495	5
15496	2
15497	4
15498	3
15499	4
15500	6
15501	3
15502	5
15503	5
15504	3
15505	5
15506	3
15507	4
15508	8
15509	5
15510	6
15511	5
15512	4
15513	6
15514	9
15515	5
15516	8
15517	2
15518	5
15519	6
15520	8
15521	5
15522	5
15523	2
15524	5
15525	11
15526	7
15527	4
15528	4
15529	6
15530	6
15531	5
15532	2
15533	3
15534	8
15535	3
15536	7
15537	4
15538	4
15539	5
15540	5
15541	4
15542	4
15543	5
15544	2
15545	6
15546	7
15547	11
15548	4
15549	5
15550	2
15551	6
15552	3
15553	7
15554	7
15555	8
15556	9
15557	2
15558	4
15559	3
15560	2
15561	3
15562	2
15563	6
15564	5
15565	7
15566	5
15567	4
15568	2
15569	4
15570	6
15571	3
15572	4
15573	7
15574	6
15575	4
15576	7
15577	10
15578	5
15579	5
15580	7
15581	6
15582	5
15583	4
15584	4
15585	8
15586	10
15587	6
15588	7
15589	6
15590	4
15591	5
15592	2
15593	7
15594	3
15595	4
15596	3
15597	10
15598	3
15599	7
15600	3
15601	7
15602	2
15603	3
15604	8
15605	2
15606	4
15607	5
15608	4
15609	4
15610	7
15611	4
15612	3
15613	6
15614	2
15615	6
15616	9
15617	4
15618	5
15619	5
15620	8
15621	1
15622	6
15623	7
15624	4
15625	5
15626	4
15627	2
15628	9
15629	4
15630	7
15631	3
15632	5
15633	8
15634	3
15635	8
15636	4
15637	6
15638	3
15639	3
15640	9
15641	8
15642	2
15643	3
15644	5
15645	5
15646	5
15647	8
15648	6
15649	6
15650	3
15651	4
15652	8
15653	4
15654	7
15655	9
15656	8
15657	7
15658	4
15659	4
15660	7
15661	6
15662	4
15663	4
15664	4
15665	3
15666	9
15667	4
15668	6
15669	4
15670	6
15671	5
15672	8
15673	4
15674	7
15675	8
15676	2
15677	5
15678	7
15679	6
15680	2
15681	6
15682	4
15683	4
15684	8
15685	5
15686	4
15687	4
15688	5
15689	5
15690	3
15691	4
15692	5
15693	6
15694	6
15695	4
15696	3
15697	4
15698	6
15699	2
15700	9
15701	7
15702	4
15703	3
15704	8
15705	8
15706	4
15707	2
15708	5
15709	3
15710	5
15711	5
15712	6
15713	11
15714	5
15715	4
15716	9
15717	6
15718	7
15719	5
15720	3
15721	4
15722	3
15723	3
15724	3
15725	6
15726	8
15727	3
15728	5
15729	4
15730	13
15731	1
15732	4
15733	5
15734	5
15735	4
15736	5
15737	3
15738	5
15739	7
15740	10
15741	5
15742	3
15743	7
15744	10
15745	7
15746	6
15747	6
15748	5
15749	4
15750	4
15751	6
15752	6
15753	6
15754	4
15755	5
15756	4
15757	8
15758	7
15759	10
15760	3
15761	6
15762	6
15763	4
15764	4
15765	4
15766	6
15767	4
15768	6
15769	3
15770	4
15771	4
15772	7
15773	6
15774	3
15775	6
15776	6
15777	6
15778	5
15779	6
15780	7
15781	5
15782	8
15783	2
15784	5
15785	6
15786	6
15787	4
15788	10
15789	4
15790	5
15791	9
15792	2
15793	2
15794	9
15795	6
15796	3
15797	6
15798	2
15799	6
15800	5
15801	6
15802	3
15803	6
15804	5
15805	8
15806	6
15807	1
15808	7
15809	4
15810	6
15811	3
15812	9
15813	6
15814	4
15815	5
15816	8
15817	6
15818	5
15819	4
15820	1
15821	3
15822	4
15823	5
15824	5
15825	6
15826	5
15827	5
15828	8
15829	2
15830	7
15831	5
15832	8
15833	3
15834	3
15835	3
15836	3
15837	4
15838	9
15839	7
15840	7
15841	4
15842	8
15843	4
15844	10
15845	5
15846	1
15847	5
15848	5
15849	3
15850	8
15851	11
15852	3
15853	6
15854	6
15855	5
15856	3
15857	9
15858	3
15859	9
15860	2
15861	6
15862	7
15863	3
15864	5
15865	3
15866	4
15867	4
15868	5
15869	5
15870	8
15871	6
15872	2
15874	6
15875	2
15876	4
15877	2
15878	5
15879	5
15880	3
15881	3
15882	9
15883	4
15884	10
15885	3
15886	3
15887	5
15888	2
15889	6
15890	3
15891	4
15892	4
15893	14
15894	6
15895	5
15896	2
15897	5
15898	4
15899	7
15900	6
15901	2
15902	2
15903	2
15904	7
15905	6
15906	3
15907	10
15908	3
15909	3
15910	4
15911	6
15912	9
15913	6
15914	6
15915	4
15916	4
15917	10
15918	6
15919	7
15920	4
15921	8
15922	5
15923	6
15924	4
15925	6
15926	6
15927	7
15928	8
15929	2
15930	4
15931	7
15932	4
15933	4
15934	6
15935	4
15936	4
15937	6
15938	6
15939	6
15940	6
15941	7
15942	6
15943	2
15944	3
15945	3
15946	2
15947	1
15948	3
15949	3
15950	9
15951	4
15952	7
15953	3
15954	1
15955	2
15956	6
15957	6
15958	5
15959	7
15960	4
15961	1
15962	2
15963	8
15964	6
15965	5
15966	9
15967	1
15968	7
15969	6
15970	7
15971	8
15972	6
15973	8
15974	6
15975	1
15976	4
15977	5
15978	5
15979	5
15980	3
15981	1
15982	10
15983	4
15984	5
15985	5
15986	7
15987	6
15988	11
15989	8
15990	8
15991	5
15992	3
15993	10
15994	8
15995	3
15996	3
15997	6
15998	7
15999	4
16000	1
16001	5
16002	1
16003	5
16004	5
16005	7
16006	10
16007	4
16008	2
16009	5
16010	8
16011	5
16012	6
16013	5
16014	2
16015	2
16016	3
16017	3
16018	3
16019	7
16020	4
16021	1
16022	8
16023	5
16024	7
16025	8
16026	5
16027	6
16028	7
16029	4
16030	3
16031	1
16032	7
16033	5
16034	7
16035	3
16036	7
16037	3
16038	1
16039	5
16040	7
16041	8
16042	6
16043	8
16044	2
16045	5
16046	1
16047	4
16048	6
16049	5
16050	5
16051	7
16052	7
16053	3
16054	1
16055	3
16056	9
16057	4
16058	4
16059	3
16060	4
16061	3
16062	4
16063	6
16064	9
16065	7
16066	4
16067	6
16068	8
16069	3
16070	6
16071	4
16072	7
16073	8
16074	10
16075	7
16076	4
16077	2
16078	5
16079	3
16080	8
16081	4
16082	2
16083	4
16084	6
16085	6
16087	4
16088	2
16089	4
16090	5
16091	4
16092	3
16093	9
16094	5
16095	4
16096	4
16097	6
16098	7
16099	3
16100	4
16101	3
16102	4
16103	2
16104	4
16105	3
16106	6
16107	4
16108	2
16109	3
16110	5
16111	7
16112	4
16113	5
16114	6
16115	8
16116	3
16117	5
16118	7
16119	6
16120	5
16121	5
16122	5
16123	10
16124	6
16125	3
16126	3
16127	10
16128	4
16129	4
16130	9
16131	7
16132	4
16133	4
16134	6
16135	5
16136	5
16137	9
16138	8
16139	5
16140	11
16141	8
16142	5
16143	5
16144	7
16145	3
16146	4
16147	7
16148	7
16149	5
16150	5
16151	3
16152	3
16153	2
16154	6
16155	5
16156	2
16157	10
16158	6
16159	4
16160	5
16161	6
16162	6
16163	5
16164	7
16165	6
16166	5
16167	5
16168	3
16169	5
16170	4
16171	10
16172	3
16173	6
16174	7
16175	4
16176	7
16177	5
16178	2
16179	6
16180	7
16181	3
16182	5
16183	1
16184	4
16185	10
16186	6
16187	9
16188	5
16189	3
16190	6
16191	4
16192	6
16193	2
16194	2
16195	2
16196	3
16197	8
16198	5
16199	11
16200	6
16201	4
16202	4
16203	4
16204	4
16205	4
16206	6
16207	5
16208	2
16209	1
16210	9
16211	3
16212	3
16213	7
16214	3
16215	3
16216	7
16217	10
16218	3
16219	7
16220	4
16221	5
16222	6
16223	2
16225	1
16226	5
16227	4
16228	5
16229	4
16230	3
16231	3
16232	3
16233	7
16234	8
16235	8
16236	2
16237	8
16238	3
16239	3
16240	9
16241	2
16242	5
16243	8
16244	4
16245	5
16246	4
16247	8
16248	3
16249	6
16250	7
16251	8
16252	8
16253	3
16254	5
16255	6
16256	7
16257	7
16258	5
16259	5
16260	14
16261	8
16262	6
16263	7
16264	8
16265	3
16266	5
16267	5
16268	1
16269	5
16270	7
16271	8
16272	5
16273	5
16274	8
16275	9
16276	9
16278	8
16279	6
16280	4
16281	4
16282	6
16283	4
16284	4
16285	3
16286	5
16287	4
16288	5
16289	2
16290	7
16291	5
16292	6
16293	6
16294	5
16295	12
16296	6
16297	5
16298	4
16299	5
16300	6
16301	9
16302	7
16303	5
16304	5
16305	3
16306	12
16307	7
16308	7
16309	9
16310	9
16311	8
16312	4
16313	3
16314	5
16315	1
16316	6
16317	8
16318	5
16319	5
16320	2
16321	6
16322	9
16323	2
16324	3
16325	5
16326	3
16327	5
16328	1
16329	6
16330	5
16331	5
16332	8
16333	4
16334	6
16335	2
16336	5
16337	4
16338	5
16339	4
16340	4
16341	7
16342	7
16343	3
16344	7
16345	2
16346	7
16347	5
16348	6
16349	7
16350	4
16351	6
16352	5
16353	6
16354	3
16355	5
16356	5
16357	8
16358	6
16359	7
16360	5
16361	6
16362	8
16363	4
16364	5
16365	4
16366	3
16367	6
16368	5
16369	6
16370	3
16371	6
16372	3
16373	3
16374	6
16375	6
16376	2
16377	8
16378	5
16379	4
16380	10
16381	3
16382	2
16383	2
16384	10
16385	5
16386	5
16387	6
16388	8
16389	7
16390	3
16391	5
16392	6
16393	6
16394	2
16395	3
16396	3
16397	9
16398	4
16399	4
16400	2
16401	3
16402	2
16403	5
16404	6
16405	5
16406	3
16407	3
16408	3
16409	2
16410	2
16411	6
16412	8
16413	4
16414	5
16415	7
16416	4
16417	2
16418	3
16419	8
16420	5
16421	6
16422	2
16423	11
16424	5
16425	3
16426	5
16427	5
16428	2
16429	4
16430	8
16431	5
16432	3
16433	3
16434	6
16435	7
16436	3
16437	5
16438	3
16439	9
16440	6
16441	8
16442	5
16443	9
16444	4
16445	4
16446	4
16447	6
16448	3
16449	5
16450	3
16451	4
16452	6
16453	5
16454	6
16455	10
16456	5
16457	7
16458	4
16459	7
16460	4
16461	8
16462	3
16463	8
16464	10
16465	4
16466	4
16467	5
16468	6
16469	6
16470	5
16471	5
16472	3
16473	6
16474	7
16475	2
16476	5
16477	5
16478	11
16479	7
16480	5
16481	5
16482	9
16483	7
16484	4
16485	6
16486	6
16487	7
16488	9
16489	5
16490	3
16491	3
16492	6
16493	4
16494	5
16495	8
16496	4
16497	9
16498	10
16499	3
16500	3
16501	6
16502	3
16503	7
16504	5
16505	9
16506	4
16507	5
16508	4
16509	2
16510	8
16511	5
16512	7
16513	6
16514	5
16515	4
16516	1
16517	3
16518	7
16519	3
16520	10
16521	4
16522	2
16523	3
16524	4
16525	7
16526	6
16527	9
16528	4
16529	10
16530	5
16531	5
16532	8
16533	1
16534	4
16535	4
16536	12
16537	3
16538	3
16539	7
16540	5
16541	6
16542	5
16543	5
16544	6
16545	5
16546	3
16547	4
16548	4
16549	2
16550	6
16551	4
16552	5
16553	5
16554	6
16555	7
16556	3
16557	9
16558	7
16559	4
16560	5
16561	1
16562	9
16563	8
16564	3
16565	8
16566	3
16567	7
16568	4
16569	5
16570	4
16571	5
16572	7
16573	4
16574	6
16575	5
16576	4
16577	6
16578	4
16579	3
16580	9
16581	7
16582	3
16583	6
16584	5
16585	6
16586	7
16587	4
16588	4
16589	6
16590	6
16591	4
16592	7
16593	3
16594	3
16595	2
16596	7
16597	12
16598	1
16599	10
16600	8
16601	8
16602	4
16603	4
16604	3
16605	9
16606	3
16607	10
16608	5
16609	3
16610	6
16611	3
16612	6
16613	4
16614	5
16615	7
16616	7
16617	10
16618	12
16619	6
16620	7
16621	5
16622	3
16623	4
16624	5
16625	5
16626	4
16627	6
16628	6
16629	4
16630	5
16631	6
16632	4
16633	5
16634	4
16635	3
16636	5
16637	7
16638	5
16639	4
16640	6
16641	3
16642	2
16643	7
16644	6
16645	5
16646	8
16647	5
16648	6
16649	4
16650	7
16651	4
16652	4
16654	3
16655	4
16656	6
16657	4
16658	6
16659	2
16660	5
16661	4
16662	3
16663	7
16664	4
16665	5
16666	3
16667	1
16668	6
16669	3
16670	5
16671	10
16672	7
16674	5
16675	4
16676	4
16677	6
16678	4
16679	12
16680	6
16681	4
16682	5
16683	2
16684	2
16685	5
16686	5
16687	4
16688	5
16689	9
16690	6
16691	7
16692	1
16693	3
16694	2
16695	8
16696	5
16697	7
16698	3
16699	5
16700	7
16701	3
16702	6
16703	6
16704	7
16705	3
16706	4
16707	4
16708	1
16709	3
16710	2
16711	9
16712	5
16713	7
16714	3
16715	9
16716	3
16717	8
16718	2
16719	7
16720	4
16721	5
16722	5
16723	5
16724	6
16725	2
16726	4
16727	8
16728	5
16729	5
16730	7
16731	3
16732	5
16733	5
16734	3
16735	10
16736	6
16737	1
16738	3
16739	3
16740	5
16741	10
16742	5
16743	6
16744	4
16745	6
16746	2
16747	5
16748	4
16749	7
16750	3
16751	5
16752	4
16753	7
16754	5
16755	8
16756	9
16757	7
16758	6
16759	5
16760	1
16761	6
16762	5
16763	5
16764	6
16765	3
16766	4
16767	5
16768	6
16769	5
16770	3
16771	3
16772	4
16773	6
16774	2
16775	8
16776	3
16777	2
16778	6
16779	6
16780	6
16782	10
16783	5
16784	2
16785	1
16786	3
16787	7
16788	3
16789	5
16790	6
16791	7
16792	4
16793	6
16794	3
16795	5
16796	8
16797	4
16798	7
16799	9
16800	10
16801	8
16802	5
16803	5
16804	4
16805	5
16806	3
16807	5
16808	4
16809	2
16810	6
16811	5
16812	4
16813	3
16814	12
16815	5
16816	4
16817	9
16818	3
16819	10
16820	3
16821	8
16822	2
16823	5
16824	7
16825	4
16826	7
16827	6
16828	5
16829	7
16830	1
16831	2
16832	5
16833	5
16834	6
16835	7
16836	4
16837	8
16838	6
16839	5
16840	7
16841	5
16842	4
16843	5
16844	3
16845	8
16846	4
16847	6
16848	5
16849	5
16850	3
16851	8
16852	7
16853	7
16854	1
16855	5
16856	3
16857	6
16858	3
16859	7
16860	3
16861	6
16862	3
16863	3
16864	4
16865	5
16866	3
16867	3
16868	6
16869	3
16870	5
16871	3
16872	1
16873	6
16874	6
16875	5
16876	2
16877	3
16878	6
16879	7
16880	4
16881	6
16882	5
16883	5
16884	4
16885	1
16886	6
16887	2
16888	5
16889	7
16890	4
16891	7
16892	6
16893	3
16894	9
16895	4
16896	6
16897	4
16898	5
16899	7
16900	5
16901	2
16902	5
16903	6
16904	6
16905	3
16906	5
16907	5
16908	6
16909	8
16910	5
16911	10
16912	8
16913	3
16914	3
16915	5
16916	4
16917	3
16918	2
16919	1
16920	7
16921	5
16922	4
16923	8
16924	8
16925	5
16926	6
16927	6
16928	4
16929	6
16930	6
16931	3
16932	1
16933	4
16934	3
16935	6
16936	4
16937	9
16938	10
16939	5
16940	8
16941	2
16942	4
16943	9
16944	3
16945	6
16946	3
16947	5
16948	2
16949	7
16950	6
16951	2
16952	6
16953	5
16954	6
16955	3
16956	3
16957	7
16958	5
16959	6
16960	5
16961	2
16962	3
16963	2
16964	8
16965	3
16966	6
16967	4
16968	7
16969	7
16970	11
16971	8
16972	6
16973	7
16974	2
16975	4
16976	10
16977	6
16978	6
16979	7
16980	3
16981	6
16982	6
16983	3
16984	8
16985	7
16986	9
16987	5
16988	8
16989	4
16990	3
16991	4
16992	4
16993	1
16994	4
16995	6
16996	6
16997	8
16998	7
16999	5
17000	6
17001	3
17002	3
17003	3
17004	3
17005	6
17006	5
17007	4
17008	5
17009	6
17010	3
17011	5
17012	4
17013	2
17014	4
17015	8
17016	8
17017	2
17018	10
17019	4
17020	6
17021	4
17022	5
17023	8
17024	5
17025	2
17027	6
17028	3
17029	5
17030	5
17031	6
17032	3
17033	4
17034	6
17035	4
17036	3
17037	2
17038	2
17039	3
17040	2
17041	4
17042	3
17043	5
17044	4
17045	7
17046	7
17047	5
17048	7
17049	7
17050	2
17051	3
17052	5
17053	7
17054	8
17055	5
17056	7
17057	3
17058	5
17059	4
17060	8
17061	7
17062	5
17063	5
17064	5
17065	6
17066	8
17067	2
17068	6
17069	8
17070	5
17071	5
17072	5
17073	5
17074	5
17075	6
17076	3
17077	7
17078	3
17079	3
17080	2
17081	5
17082	2
17083	2
17084	6
17085	2
17086	3
17087	7
17088	7
17089	4
17090	3
17091	6
17092	5
17093	7
17094	6
17095	5
17096	5
17097	3
17098	6
17099	5
17100	3
17101	5
17103	2
17104	6
17105	7
17106	5
17107	7
17108	7
17109	1
17110	6
17111	5
17112	8
17113	5
17114	12
17115	4
17116	6
17117	5
17118	3
17119	5
17120	3
17121	5
17122	3
17123	5
17124	5
17125	7
17126	6
17127	6
17128	3
17129	3
17131	3
17132	7
17133	4
17134	8
17135	1
17136	4
17137	5
17138	3
17139	6
17140	15
17141	6
17142	6
17143	2
17144	4
17145	7
17146	3
17147	6
17148	4
17149	6
17150	7
17151	8
17152	1
17153	5
17154	6
17155	3
17156	7
17157	3
17158	3
17159	4
17160	7
17161	3
17162	5
17163	3
17164	1
17165	6
17166	3
17167	6
17168	3
17169	4
17170	2
17171	3
17172	4
17173	2
17174	1
17175	6
17176	5
17177	10
17178	10
17179	6
17180	3
17181	7
17182	3
17183	3
17184	6
17185	5
17186	3
17187	3
17188	8
17189	7
17190	4
17191	2
17192	2
17193	2
17194	7
17195	4
17196	8
17197	8
17198	8
17199	3
17200	7
17201	2
17202	5
17203	6
17204	8
17205	5
17206	7
17207	4
17208	4
17209	4
17210	5
17211	3
17212	7
17214	1
17215	2
17216	6
17217	7
17218	5
17219	5
17220	5
17221	5
17222	8
17223	4
17224	6
17225	7
17226	6
17227	7
17228	2
17229	6
17230	6
17231	6
17232	5
17233	8
17234	7
17235	2
17236	5
17237	8
17238	6
17239	14
17240	4
17241	4
17242	7
17243	6
17245	3
17246	5
17247	1
17248	4
17249	1
17250	4
17251	3
17252	6
17253	5
17254	5
17255	5
17256	7
17257	4
17258	2
17259	2
17260	4
17261	5
17262	3
17263	3
17264	6
17265	3
17266	6
17267	10
17268	2
17269	3
17270	3
17271	3
17272	4
17273	4
17274	8
17275	5
17276	8
17277	4
17278	2
17279	4
17280	4
17281	5
17282	5
17283	5
17284	7
17285	5
17286	4
17287	4
17288	6
17289	7
17290	3
17291	7
17292	2
17293	4
17294	5
17295	3
17296	3
17297	6
17298	3
17299	4
17300	1
17301	9
17302	2
17303	6
17304	3
17305	5
17306	6
17307	1
17308	2
17309	4
17310	6
17311	7
17312	3
17313	4
17314	5
17315	2
17316	2
17317	6
17318	6
17319	6
17320	6
17321	7
17322	4
17323	5
17324	4
17325	8
17326	4
17327	6
17328	4
17329	2
17330	8
17331	5
17332	3
17333	4
17334	2
17335	2
17336	2
17337	4
17338	5
17339	5
17340	4
17341	1
17342	2
17343	6
17344	2
17345	7
17346	8
17347	10
17348	10
17349	9
17350	3
17351	5
17352	3
17353	7
17354	1
17355	6
17356	5
17357	2
17358	5
17359	6
17360	3
17361	4
17362	7
17363	5
17365	4
17366	6
17367	9
17368	5
17369	5
17370	4
17371	3
17372	5
17373	4
17374	2
17375	4
17376	6
17377	2
17378	5
17379	6
17380	2
17381	5
17382	3
17383	6
17384	3
17385	8
17386	7
17387	5
17388	10
17389	4
17390	6
17391	2
17392	4
17393	3
17394	6
17395	4
17396	5
17397	4
17398	1
17399	4
17400	2
17401	8
17402	2
17403	6
17404	5
17405	3
17406	4
17407	7
17408	6
17409	5
17410	8
17411	4
17412	2
17413	1
17414	6
17415	3
17416	1
17417	3
17418	6
17419	5
17420	4
17421	5
17422	6
17423	6
17424	5
17425	3
17426	5
17427	3
17428	2
17429	6
17430	9
17431	5
17432	6
17433	6
17434	5
17435	7
17436	2
17437	9
17438	6
17439	5
17440	4
17441	3
17442	8
17443	4
17444	5
17445	6
17446	6
17447	4
17448	1
17449	2
17450	4
17451	10
17452	5
17453	6
17454	2
17455	5
17456	4
17457	3
17458	4
17459	5
17460	6
17461	4
17462	4
17463	4
17464	2
17465	4
17466	8
17467	5
17468	5
17469	4
17470	6
17471	4
17472	3
17473	4
17474	4
17475	4
17476	1
17477	9
17478	3
17479	3
17480	6
17481	3
17482	7
17483	2
17484	6
17485	8
17486	5
17487	6
17488	7
17489	6
17490	6
17491	7
17492	7
17493	2
17494	12
17495	2
17496	3
17497	2
17498	2
17499	2
17500	5
17501	6
17502	1
17503	3
17504	8
17505	5
17506	3
17507	5
17508	5
17509	6
17510	3
17511	5
17512	5
17513	3
17514	10
17515	11
17516	3
17517	3
17518	3
17519	1
17520	1
17521	5
17522	4
17523	4
17524	7
17525	5
17526	4
17527	5
17528	1
17529	2
17530	5
17531	7
17532	2
17533	7
17534	5
17535	5
17536	5
17537	3
17538	2
17539	7
17540	6
17541	4
17542	6
17543	7
17544	5
17545	3
17546	9
17547	7
17548	7
17549	3
17550	1
17551	4
17552	3
17553	5
17554	1
17555	4
17556	5
17557	6
17558	5
17559	1
17560	4
17561	5
17562	4
17563	7
17564	7
17565	4
17566	8
17567	6
17568	5
17569	4
17570	6
17571	2
17572	2
17573	7
17574	4
17575	6
17576	4
17578	7
17579	7
17580	3
17581	6
17582	6
17583	2
17584	6
17585	4
17586	3
17587	6
17588	5
17589	2
17590	3
17591	5
17592	4
17593	6
17594	5
17595	4
17596	5
17597	3
17598	6
17599	3
17600	2
17601	6
17602	6
17603	5
17604	3
17605	5
17606	1
17607	1
17608	10
17609	3
17610	3
17611	5
17612	3
17613	5
17614	3
17615	3
17616	3
17617	6
17618	7
17619	8
17620	4
17621	4
17622	6
17623	5
17624	5
17625	5
17626	5
17627	7
17628	3
17629	8
17630	5
17631	11
17632	9
17633	3
17634	9
17635	8
17636	7
17637	3
17638	5
17639	5
17640	7
17641	5
17642	8
17643	5
17644	6
17645	4
17646	7
17647	2
17648	5
17649	2
17650	4
17651	6
17652	6
17653	3
17654	4
17655	9
17656	7
17657	4
17658	3
17659	2
17660	5
17661	4
17662	7
17663	7
17664	1
17665	3
17666	5
17667	6
17668	3
17669	3
17670	5
17671	4
17672	2
17673	5
17674	4
17675	5
17676	2
17677	7
17678	3
17679	5
17680	5
17681	8
17682	9
17683	3
17684	3
17685	1
17686	7
17687	5
17688	3
17689	5
17690	4
17691	8
17692	4
17693	3
17695	5
17696	6
17697	4
17698	7
17699	3
17700	3
17701	7
17702	6
17703	2
17704	7
17705	8
17706	6
17707	9
17708	3
17709	5
17710	7
17711	5
17712	3
17713	4
17714	7
17715	1
17716	7
17717	8
17718	6
17719	6
17720	4
17721	5
17722	3
17723	6
17724	4
17725	6
17726	3
17727	3
17728	3
17729	6
17730	2
17731	8
17732	4
17733	5
17734	5
17735	6
17737	9
17738	5
17739	6
17740	4
17741	6
17742	5
17743	1
17744	7
17745	1
17746	7
17747	5
17748	4
17749	6
17750	1
17751	8
17752	6
17753	5
17754	6
17755	2
17757	2
17758	3
17759	6
17760	8
17761	5
17762	6
17763	6
17764	4
17765	2
17766	4
17767	3
17768	5
17769	5
17770	4
17771	5
17772	7
17773	5
17774	3
17775	4
17776	5
17777	4
17778	8
17779	5
17780	5
17781	5
17782	3
17783	7
17784	4
17785	4
17786	1
17787	6
17788	4
17789	5
17790	3
17791	2
17792	4
17793	3
17794	5
17795	4
17796	4
17797	5
17798	6
17799	7
17800	7
17801	4
17802	5
17804	4
17805	8
17806	4
17807	7
17808	6
17809	2
17810	4
17811	3
17812	5
17813	5
17814	8
17815	5
17816	4
17817	5
17818	7
17819	5
17821	2
17822	8
17823	7
17824	5
17825	3
17826	6
17827	2
17828	5
17829	5
17830	5
17831	4
17832	7
17833	5
17834	7
17835	8
17836	4
17837	6
17838	3
17839	6
17840	3
17841	4
17842	3
17843	2
17844	6
17845	6
17846	7
17847	5
17848	4
17849	7
17850	5
17851	11
17852	4
17853	4
17854	4
17855	4
17856	6
17857	3
17858	5
17859	5
17860	5
17861	5
17862	2
17863	5
17864	6
17865	5
17866	8
17867	3
17868	3
17869	4
17870	4
17871	7
17872	5
17873	2
17874	9
17875	3
17876	5
17877	3
17878	2
17879	7
17880	3
17881	6
17882	3
17883	4
17884	4
17885	5
17886	2
17887	4
17888	8
17889	3
17890	5
17891	10
17892	9
17893	3
17894	5
17895	7
17896	4
17897	5
17898	4
17899	3
17900	5
17901	4
17902	5
17903	4
17904	6
17905	1
17906	4
17907	4
17908	4
17909	7
17910	2
17911	4
17912	9
17913	6
17914	4
17915	3
17916	7
17917	7
17918	4
17919	2
17920	3
17921	4
17922	5
17923	2
17924	5
17925	5
17926	6
17927	10
17928	4
17929	5
17930	9
17931	3
17932	6
17933	6
17934	3
17935	5
17936	6
17937	4
17938	2
17939	4
17940	4
17941	4
17942	5
17943	5
17944	5
17945	8
17946	3
17947	3
17948	6
17949	4
17950	5
17951	4
17952	2
17953	2
17954	4
17955	4
17956	4
17957	3
17958	2
17959	5
17960	2
17961	4
17962	3
17963	3
17964	4
17965	1
17966	7
17967	5
17968	2
17969	7
17970	4
17971	2
17972	4
17973	3
17974	6
17975	2
17976	8
17977	2
17978	6
17979	6
17980	4
17981	1
17982	8
17983	4
17984	2
17985	7
17986	4
17987	3
17988	6
17989	4
17990	4
17991	5
17992	8
17993	5
17994	3
17995	4
17996	4
17997	5
17998	5
17999	2
18000	6
18001	6
18002	5
18003	6
18004	4
18005	4
18006	2
18007	4
18008	1
18009	8
18010	9
18011	2
18012	2
18013	7
18014	3
18015	8
18016	3
18017	2
18018	8
18019	7
18020	5
18021	2
18022	7
18023	4
18024	4
18025	4
18027	6
18028	7
18029	6
18030	5
18031	5
18032	2
18033	3
18034	4
18035	4
18036	9
18037	6
18038	5
18039	7
18040	9
18041	6
18042	5
18043	2
18044	2
18045	3
18046	4
18047	5
18048	3
18049	1
18050	6
18051	3
18052	4
18053	5
18054	3
18055	3
18056	5
18057	7
18058	6
18059	2
18060	3
18061	9
18062	1
18063	5
18064	3
18065	2
18066	3
18067	2
18068	2
18069	3
18070	6
18071	2
18072	3
18073	5
18074	4
18075	4
18076	4
18077	5
18078	2
18079	2
18080	2
18081	4
18082	5
18083	4
18084	3
18085	3
18086	10
18087	5
18088	2
18089	5
18090	4
18091	3
18092	4
18093	5
18094	8
18095	6
18096	5
18097	5
18098	1
18099	5
18100	7
18101	3
18102	6
18103	9
18104	4
18105	3
18106	2
18107	5
18108	5
18109	4
18111	5
18112	1
18113	3
18114	6
18115	1
18116	3
18117	3
18118	6
18119	7
18120	4
18121	4
18122	8
18123	5
18124	4
18125	2
18126	3
18127	5
18128	4
18129	2
18130	7
18131	2
18133	9
18134	1
18135	3
18136	7
18137	6
18138	8
18139	5
18140	4
18141	4
18142	3
18143	2
18144	3
18145	5
18146	2
18147	2
18148	6
18149	1
18150	4
18151	4
18152	4
18153	2
18154	2
18155	7
18156	1
18157	3
18158	5
18159	3
18160	5
18161	1
18162	8
18163	5
18164	4
18165	4
18166	5
18167	5
18168	5
18169	5
18170	9
18171	4
18172	4
18173	2
18174	3
18175	2
18176	4
18177	8
18178	4
18179	7
18180	3
18181	5
18182	2
18183	7
18184	4
18185	2
18186	4
18187	2
18188	6
18189	7
18191	3
18192	1
18193	4
18194	2
18195	7
18196	10
18197	6
18198	2
18199	4
18200	4
18201	6
18202	6
18203	3
18204	4
18205	3
18206	3
18207	1
18208	9
18209	3
18210	4
18211	9
18212	7
18213	5
18214	5
18215	1
18216	7
18217	5
18218	5
18219	3
18220	4
18221	7
18222	5
18223	3
18224	4
18225	5
18226	1
18227	7
18229	4
18230	6
18231	5
18232	7
18234	4
18235	7
18236	2
18237	4
18238	1
18239	7
18240	8
18241	6
18242	3
18243	6
18244	3
18245	8
18246	4
18247	4
18248	4
18249	7
18250	13
18251	4
18252	4
18253	6
18254	8
18255	5
18256	2
18257	4
18258	4
18259	8
18260	7
18261	4
18262	5
18263	5
18264	5
18265	4
18266	2
18267	2
18268	3
18269	1
18270	3
18271	5
18272	3
18273	5
18274	4
18275	2
18276	2
18277	6
18278	2
18279	4
18280	3
18281	5
18282	2
18283	2
18284	5
18285	11
18286	5
18287	6
18288	5
18289	5
18290	4
18291	4
18292	5
18293	4
18294	1
18295	1
18296	4
18297	4
18298	3
18299	1
18300	5
18301	2
18302	5
18303	5
18304	3
18305	8
18306	8
18307	6
18308	6
18309	6
18310	2
18311	5
18312	8
18313	1
18314	4
18315	6
18316	4
18317	3
18318	6
18319	7
18320	3
18321	5
18322	5
18323	6
18324	6
18325	5
18326	5
18327	4
18328	8
18329	9
18330	2
18331	4
18332	7
18333	2
18334	1
18335	7
18336	4
18337	5
18338	4
18339	7
18340	7
18341	4
18342	6
18343	3
18344	6
18345	6
18346	2
18347	3
18348	5
18349	7
18350	4
18351	3
18352	2
18353	3
18354	4
18355	4
18356	5
18357	4
18358	3
18359	1
18360	3
18361	6
18362	4
18363	4
18364	1
18365	4
18366	3
18367	3
18368	4
18369	3
18370	4
18371	9
18372	3
18373	4
18374	4
18375	5
18376	4
18377	5
18378	4
18379	4
18380	5
18381	6
18382	6
18383	5
18384	5
18385	3
18386	3
18387	8
18388	5
18389	4
18390	2
18391	2
18392	4
18393	2
18394	4
18396	4
18397	5
18398	4
18399	5
18400	5
18401	4
18402	4
18403	5
18404	6
18405	8
18406	3
18407	3
18408	3
18409	6
18410	4
18411	4
18412	7
18413	5
18414	8
18415	4
18416	5
18417	5
18418	2
18420	4
18421	6
18422	6
18423	8
18424	3
18425	3
18426	8
18427	1
18428	3
18429	8
18430	6
18431	6
18432	3
18433	4
18434	8
18435	4
18436	5
18437	3
18438	10
18439	3
18440	3
18441	2
18442	2
18443	6
18444	5
18445	2
18446	4
18447	5
18448	4
18449	6
18450	3
18451	5
18452	6
18453	1
18454	6
18455	3
18456	6
18457	5
18458	4
18459	1
18460	5
18461	2
18462	4
18463	4
18464	3
18465	4
18466	2
18467	3
18468	1
18469	5
18470	4
18471	5
18472	5
18473	5
18474	5
18475	4
18476	7
18477	4
18478	2
18479	4
18480	3
18481	4
18482	3
18483	2
18484	4
18485	5
18486	2
18487	4
18488	4
18489	3
18490	8
18491	6
18492	4
18493	5
18495	4
18496	6
18498	4
18499	5
18500	3
18501	5
18502	3
18503	3
18504	9
18505	3
18506	4
18507	3
18508	5
18509	3
18510	5
18511	5
18512	2
18513	7
18514	3
18515	3
18516	5
18517	5
18518	4
18519	2
18520	3
18521	5
18522	6
18523	3
18524	5
18526	5
18527	2
18528	6
18529	7
18530	2
18531	5
18532	5
18533	3
18534	7
18535	2
18536	7
18537	2
18538	3
18539	4
18540	7
18541	5
18542	2
18543	5
18544	6
18545	6
18546	6
18547	4
18549	5
18550	2
18551	2
18552	4
18553	4
18554	2
18556	9
18557	5
18558	3
18559	3
18560	4
18561	6
18562	4
18563	2
18564	6
18565	4
18566	4
18567	4
18568	6
18569	4
18570	4
18571	4
18572	5
18573	2
18574	3
18575	2
18576	6
18577	2
18578	4
18579	3
18580	6
18581	2
18582	3
18583	3
18584	3
18585	3
18586	4
18587	2
18588	6
18589	2
18590	1
18591	2
18592	4
18593	6
18594	4
18595	6
18597	4
18598	6
18599	4
18600	7
18601	3
18603	7
18604	3
18605	8
18606	6
18607	9
18608	3
18609	4
18611	7
18612	2
18613	4
18614	5
18615	4
18616	5
18617	4
18618	7
18619	3
18620	3
18621	1
18622	3
18623	5
18624	5
18625	3
18626	1
18627	3
18628	7
18629	3
18630	2
18631	4
18632	4
18633	3
18634	4
18635	2
18636	7
18637	2
18638	5
18639	5
18640	1
18641	4
18642	6
18643	5
18644	3
18645	2
18646	1
18647	13
18648	3
18649	4
18650	7
18651	9
18652	3
18653	5
18654	5
18655	7
18656	3
18657	2
18658	4
18659	2
18660	3
18661	6
18662	2
18663	3
18664	4
18665	4
18666	4
18667	5
18668	6
18669	4
18670	3
18671	4
18672	5
18674	3
18676	3
18677	3
18678	7
18679	5
18680	4
18681	4
18682	4
18683	6
18684	3
18685	6
18686	6
18687	3
18688	9
18689	7
18690	5
18691	6
18692	5
18693	7
18694	8
18695	5
18696	3
18697	4
18698	2
18699	4
18700	2
18701	4
18702	2
18703	4
18704	3
18705	3
18706	5
18707	4
18708	6
18709	8
18711	3
18712	6
18713	7
18714	6
18715	4
18716	6
18717	2
18718	2
18719	3
18720	5
18721	3
18722	9
18723	2
18724	5
18725	4
18726	1
18727	5
18728	6
18729	5
18730	8
18731	4
18732	4
18733	4
18734	6
18735	7
18736	2
18737	6
18738	4
18739	1
18740	3
18741	2
18742	9
18743	1
18744	4
18745	8
18746	3
18747	3
18748	3
18749	2
18750	4
18751	6
18752	1
18753	4
18754	2
18755	4
18756	10
18757	3
18758	1
18759	6
18760	2
18761	3
18762	7
18763	3
18764	4
18765	4
18766	5
18767	5
18768	1
18770	4
18771	3
18772	4
18773	3
18774	2
18775	4
18776	2
18777	3
18778	6
18779	4
18780	6
18781	4
18782	4
18783	6
18784	4
18785	3
18786	5
18787	2
18788	10
18789	2
18790	4
18791	6
18792	7
18793	5
18794	1
18795	3
18796	3
18797	1
18798	2
18799	4
18800	9
18801	1
18802	5
18803	3
18804	1
18805	6
18806	5
18807	2
18808	8
18809	5
18810	2
18811	3
18812	7
18813	6
18814	3
18815	2
18816	7
18817	3
18818	4
18819	6
18820	7
18821	4
18822	4
18823	4
18824	6
18825	1
18826	4
18827	8
18828	3
18829	7
18830	6
18831	5
18832	3
18833	2
18834	3
18835	5
18836	4
18837	4
18838	6
18839	4
18840	4
18841	4
18842	3
18843	4
18844	3
18845	4
18846	7
18847	2
18848	6
18849	3
18850	4
18851	3
18852	6
18853	4
18854	6
18855	2
18856	4
18857	4
18858	1
18859	3
18860	2
18861	5
18862	4
18863	4
18864	5
18866	5
18867	5
18868	6
18869	9
18870	4
18871	3
18872	2
18873	5
18874	2
18875	5
18876	3
18877	7
18878	2
18879	4
18880	5
18881	3
18882	6
18883	6
18884	3
18885	1
18886	4
18887	3
18889	3
18890	6
18891	2
18892	5
18893	6
18894	4
18895	4
18896	4
18897	2
18898	4
18899	6
18900	2
18902	4
18903	1
18904	4
18905	2
18906	4
18907	5
18908	4
18909	4
18910	3
18911	6
18912	5
18913	6
18914	8
18915	2
18916	6
18917	3
18918	3
18919	4
18920	1
18921	2
18922	7
18923	7
18924	8
18925	2
18926	3
18927	5
18928	2
18929	2
18930	4
18931	5
18932	3
18933	4
18934	3
18935	5
18936	2
18937	7
18938	2
18939	4
18940	3
18941	3
18942	2
18943	3
18944	2
18945	2
18946	6
18947	1
18948	7
18949	4
18950	4
18951	2
18952	3
18953	2
18954	4
18955	5
18956	5
18957	2
18958	3
18959	2
18960	3
18961	2
18962	9
18963	6
18964	4
18965	3
18966	2
18967	7
18968	7
18969	3
18970	4
18971	2
18972	3
18973	2
18974	4
18975	7
18976	5
18977	2
18978	4
18979	3
18980	4
18981	6
18982	6
18983	4
18984	2
18985	6
18986	9
18987	3
18988	3
18989	5
18990	3
18991	6
18992	4
18993	3
18994	6
18995	3
18996	6
18997	1
18998	2
18999	4
19000	3
19001	7
19002	8
19003	6
19004	2
19005	7
19006	3
19007	3
19008	3
19009	3
19010	6
19011	2
19012	3
19013	5
19014	3
19015	6
19016	5
19017	7
19018	7
19019	4
19020	2
19021	2
19022	6
19023	5
19024	3
19025	2
19026	3
19027	3
19028	3
19029	5
19030	4
19031	5
19032	3
19033	7
19034	11
19035	3
19036	3
19037	3
19038	4
19039	2
19040	4
19041	1
19042	2
19043	5
19044	5
19045	5
19046	3
19047	5
19048	4
19049	1
19050	7
19051	2
19052	4
19053	4
19054	4
19055	7
19056	2
19057	4
19058	2
19059	5
19060	6
19061	4
19062	6
19063	4
19064	6
19065	7
19066	1
19067	2
19068	7
19069	7
19070	4
19071	4
19072	1
19073	2
19074	5
19075	2
19076	4
19077	6
19078	3
19079	4
19080	2
19081	5
19082	2
19083	2
19084	5
19085	2
19086	1
19087	4
19088	4
19089	5
19090	4
19091	6
19092	5
19093	1
19094	5
19095	6
19096	5
19097	3
19098	3
19099	2
19100	3
19101	6
19102	2
19103	5
19104	1
19105	4
19106	2
19107	1
19108	3
19109	4
19110	5
19111	3
19113	5
19114	5
19115	4
19116	3
19117	2
19118	8
19119	3
19120	6
19121	4
19122	4
19123	2
19124	5
19125	3
19126	6
19127	4
19128	3
19129	6
19130	7
19131	3
19132	6
19133	2
19134	3
19135	4
19136	8
19137	7
19138	2
19139	5
19140	1
19141	6
19142	3
19143	5
19144	3
19145	5
19146	4
19147	5
19148	5
19149	6
19150	4
19151	4
19152	2
19153	8
19154	3
19155	3
19156	3
19157	4
19158	6
19159	5
19160	6
19161	3
19162	4
19163	3
19164	2
19165	4
19166	1
19167	3
19169	3
19170	1
19171	3
19172	5
19173	8
19174	3
19175	3
19176	4
19178	4
19179	4
19180	5
19181	3
19182	5
19183	9
19184	5
19185	4
19186	4
19187	4
19188	4
19189	7
19190	12
19191	1
19192	4
19193	7
19194	6
19195	2
19196	3
19197	3
19198	4
19199	1
19200	3
19201	3
19202	4
19203	3
19204	8
19205	3
19206	1
19207	6
19208	3
19209	5
19210	3
19211	2
19212	4
19213	4
19214	1
19215	4
19216	4
19217	5
19218	5
19219	4
19220	4
19221	4
19222	7
19223	6
19224	5
19225	3
19226	2
19227	4
19228	4
19229	1
19230	6
19231	2
19232	6
19233	6
19234	4
19235	3
19236	1
19237	9
19238	6
19239	5
19240	3
19241	5
19242	7
19243	3
19244	2
19245	4
19246	5
19247	3
19248	3
19249	6
19250	7
19251	2
19252	3
19253	4
19254	5
19255	4
19256	7
19257	7
19258	4
19259	4
19260	5
19261	1
19262	2
19263	5
19264	7
19265	3
19266	6
19267	5
19268	5
19269	5
19270	4
19271	4
19272	3
19273	2
19274	3
19275	4
19276	3
19277	5
19278	7
19279	4
19280	5
19281	3
19282	5
19283	7
19284	3
19285	2
19286	5
19287	3
19288	4
19289	5
19290	1
19291	4
19292	4
19293	4
19294	4
19295	3
19296	6
19297	6
19298	5
19299	4
19300	6
19301	3
19302	8
19303	3
19304	5
19305	8
19306	5
19307	4
19309	2
19310	9
19311	5
19312	1
19313	10
19314	3
19315	1
19316	4
19317	1
19318	3
19319	6
19320	6
19321	1
19322	4
19323	6
19324	5
19325	5
19326	3
19327	5
19328	4
19329	5
19330	8
19331	4
19332	8
19333	4
19334	3
19335	7
19336	6
19337	3
19338	3
19339	6
19340	1
19341	3
19342	3
19343	1
19344	3
19345	6
19346	4
19347	8
19348	1
19349	3
19350	1
19351	5
19352	7
19353	4
19354	4
19355	4
19356	2
19357	2
19358	4
19359	1
19360	2
19361	4
19362	2
19363	3
19364	3
19365	3
19366	2
19367	1
19368	3
19369	9
19370	6
19371	2
19372	1
19373	6
19374	6
19375	3
19376	2
19377	4
19378	5
19379	5
19380	2
19381	3
19382	5
19383	7
19384	2
19385	6
19386	5
19387	1
19388	1
19389	7
19390	2
19391	6
19392	1
19393	3
19394	2
19395	5
19396	7
19398	3
19399	2
19400	1
19401	4
19402	4
19403	7
19404	5
19405	4
19406	3
19407	6
19408	2
19409	7
19410	3
19411	3
19412	4
19413	2
19414	2
19415	2
19416	3
19417	1
19418	6
19419	4
19420	7
19421	2
19422	6
19423	8
19424	7
19425	2
19426	1
19427	3
19428	5
19429	5
19430	2
19431	2
19432	1
19433	4
19434	6
19435	3
19436	5
19437	3
19439	3
19440	9
19441	5
19442	3
19443	6
19444	1
19445	3
19446	2
19447	2
19448	4
19449	7
19450	2
19451	1
19452	4
19453	2
19454	4
19455	2
19456	6
19457	6
19458	6
19459	3
19460	2
19461	1
19462	4
19463	3
19464	2
19465	7
19466	4
19467	1
19468	3
19469	3
19470	4
19471	4
19472	1
19473	2
19474	3
19475	4
19476	2
19477	6
19478	6
19479	6
19480	2
19481	5
19482	7
19483	4
19484	5
19485	4
19486	1
19487	2
19488	3
19489	2
19490	5
19491	4
19492	7
19493	3
19494	8
19495	3
19496	2
19497	4
19498	5
19499	5
19500	4
19501	7
19502	2
19503	3
19504	5
19505	2
19506	3
19507	9
19508	3
19509	5
19510	3
19511	4
19512	3
19513	6
19514	4
19515	4
19516	7
19517	5
19518	3
19519	7
19520	4
19521	1
19522	8
19523	2
19524	4
19525	7
19526	2
19527	7
19528	3
19529	3
19530	4
19531	4
19532	3
19533	6
19534	5
19535	5
19536	2
19537	2
19538	8
19539	4
19540	2
19541	2
19542	3
19543	3
19544	4
19545	4
19546	5
19547	3
19548	4
19549	4
19550	3
19551	1
19552	3
19553	3
19554	5
19555	4
19556	5
19557	5
19558	3
19559	2
19560	5
19561	8
19562	3
19563	5
19564	7
19565	4
19566	4
19567	3
19568	4
19569	4
19570	11
19571	3
19572	7
19573	4
19574	1
19575	2
19576	3
19577	5
19578	2
19579	7
19580	1
19581	3
19582	2
19583	2
19584	8
19585	4
19586	3
19587	4
19588	5
19589	3
19590	2
19591	2
19592	4
19593	1
19594	5
19595	3
19596	1
19597	6
19598	4
19599	3
19600	5
19601	8
19602	6
19603	4
19604	2
19605	2
19606	2
19607	2
19608	1
19609	3
19610	4
19611	5
19612	3
19613	6
19614	6
19615	3
19616	1
19617	4
19618	7
19620	4
19621	3
19622	2
19623	4
19624	4
19625	5
19626	3
19627	2
19628	3
19629	3
19630	1
19631	7
19632	1
19633	1
19634	2
19635	9
19636	3
19637	4
19638	3
19639	4
19640	5
19641	2
19642	3
19643	1
19644	4
19645	3
19646	4
19647	2
19648	3
19649	5
19650	5
19651	2
19652	2
19653	4
19654	7
19655	4
19656	5
19657	4
19658	4
19659	7
19660	4
19661	6
19662	7
19663	6
19664	2
19665	2
19666	4
19667	3
19668	3
19669	3
19670	2
19671	5
19672	5
19673	5
19674	3
19675	1
19676	1
19677	5
19678	5
19679	4
19680	6
19681	4
19682	5
19683	4
19684	1
19685	5
19686	4
19687	5
19688	8
19689	2
19690	2
19691	3
19692	4
19693	1
19694	7
19695	5
19696	6
19697	4
19698	2
19699	3
19700	3
19701	3
19702	3
19703	4
19704	6
19705	6
19706	4
19707	1
19708	6
19709	4
19710	4
19711	5
19712	7
19713	1
19714	5
19715	1
19716	5
19717	3
19718	8
19719	9
19720	3
19721	3
19722	5
19723	5
19724	2
19725	8
19726	3
19727	2
19728	3
19729	3
19730	6
19731	3
19732	3
19735	3
19736	3
19737	3
19738	8
19739	4
19740	3
19741	7
19742	5
19743	4
19744	7
19745	3
19746	4
19747	4
19748	4
19749	3
19750	3
19751	3
19752	3
19753	3
19754	5
19755	3
19756	7
19757	2
19758	1
19759	7
19760	2
19761	3
19762	5
19763	5
19764	4
19765	7
19766	3
19767	5
19768	4
19769	5
19770	2
19771	5
19772	7
19773	8
19774	4
19775	1
19776	4
19777	6
19778	5
19779	4
19781	5
19782	6
19783	4
19784	1
19785	3
19786	4
19787	2
19788	4
19789	3
19790	6
19791	6
19792	2
19793	6
19794	3
19795	3
19796	5
19797	1
19798	4
19799	4
19800	3
19801	6
19802	2
19803	1
19804	2
19805	5
19806	6
19807	1
19808	1
19809	2
19810	2
19811	5
19812	3
19813	1
19815	7
19816	7
19817	1
19818	4
19819	5
19820	6
19821	4
19822	2
19823	8
19824	4
19825	4
19826	1
19827	4
19828	6
19829	6
19830	8
19831	2
19832	4
19833	3
19834	2
19835	6
19836	2
19837	4
19838	3
19840	6
19841	2
19842	2
19843	4
19844	5
19845	4
19846	4
19847	2
19848	7
19849	2
19850	2
19851	4
19852	5
19853	5
19854	6
19855	3
19856	3
19857	3
19858	3
19859	3
19860	5
19861	4
19862	5
19863	3
19864	5
19865	4
19866	4
19867	4
19868	2
19869	4
19870	5
19871	2
19872	6
19873	3
19874	6
19875	6
19876	4
19877	6
19878	5
19879	2
19880	2
19881	3
19882	4
19883	6
19884	2
19885	3
19887	5
19888	4
19889	3
19890	6
19891	3
19892	5
19893	2
19894	3
19895	4
19896	1
19897	6
19898	4
19899	2
19900	2
19901	4
19902	1
19903	3
19904	2
19905	6
19906	1
19907	2
19908	3
19909	5
19910	5
19911	6
19912	2
19913	3
19914	2
19917	3
19918	1
19919	4
19920	3
19921	3
19922	7
19923	5
19924	3
19925	5
19926	5
19927	4
19928	3
19930	4
19931	3
19932	2
19933	3
19934	5
19935	6
19936	5
19937	1
19938	7
19939	2
19940	3
19941	6
19942	4
19943	5
19944	4
19945	2
19946	3
19947	4
19948	4
19949	4
19950	3
19951	6
19952	2
19953	2
19954	7
19955	3
19956	2
19957	4
19958	2
19960	3
19961	1
19962	2
19963	1
19964	9
19965	4
19966	4
19967	6
19968	4
19969	3
19970	1
19971	4
19972	4
19973	1
19974	2
19975	3
19976	1
19977	5
19978	3
19979	2
19980	1
19981	1
19982	1
19983	6
19984	2
19985	2
19986	9
19987	5
19988	4
19989	4
19990	5
19991	3
19992	5
19993	2
19994	4
19995	2
19996	2
19997	3
19998	2
19999	1
20000	1
20001	3
20002	3
20003	2
20004	3
20005	2
20006	4
20007	2
20008	4
20009	2
20010	4
20011	4
20012	3
20013	5
20014	6
20015	7
20016	4
20017	4
20018	2
20019	6
20020	6
20021	3
20022	2
20023	3
20024	1
20025	4
20026	3
20027	2
20028	2
20029	4
20030	3
20031	4
20032	6
20033	8
20034	5
20035	7
20036	4
20037	5
20038	5
20039	6
20040	2
20041	4
20042	4
20043	3
20045	4
20046	4
20047	3
20048	3
20049	3
20050	3
20051	3
20052	6
20053	6
20054	4
20055	3
20056	4
20057	2
20058	5
20059	2
20060	2
20061	3
20062	5
20063	3
20064	3
20065	5
20066	4
20067	2
20068	4
20069	6
20070	3
20071	5
20072	4
20073	2
20074	4
20075	3
20076	2
20077	6
20078	4
20079	8
20080	4
20081	2
20082	3
20083	2
20084	5
20085	8
20086	4
20087	1
20088	2
20089	3
20090	5
20091	4
20092	2
20093	3
20094	3
20095	6
20096	3
20097	5
20098	5
20099	3
20100	7
20101	3
20103	2
20104	6
20105	1
20106	6
20107	4
20108	3
20109	4
20110	4
20111	5
20112	4
20113	4
20114	5
20115	7
20116	3
20117	2
20118	7
20119	5
20120	4
20121	4
20122	5
20123	5
20124	7
20125	2
20126	3
20127	1
20128	4
20129	3
20130	3
20131	5
20132	3
20134	3
20135	4
20136	2
20137	4
20138	2
20139	6
20140	3
20141	4
20142	3
20143	1
20144	3
20145	5
20146	3
20147	2
20149	4
20150	1
20151	2
20152	5
20153	2
20154	7
20155	1
20156	3
20157	4
20158	3
20159	1
20160	6
20161	3
20162	5
20163	2
20164	1
20165	6
20166	3
20167	2
20168	2
20169	1
20170	3
20171	8
20172	2
20173	4
20174	1
20175	4
20176	2
20177	2
20179	5
20180	3
20181	2
20182	6
20183	7
20184	4
20185	4
20186	3
20187	4
20188	5
20189	8
20190	2
20191	4
20192	6
20193	3
20194	2
20195	5
20196	2
20197	2
20198	5
20199	4
20200	5
20201	6
20202	3
20203	4
20204	5
20205	1
20206	3
20207	2
20208	3
20209	2
20210	4
20211	2
20212	1
20213	5
20214	4
20215	2
20216	1
20217	4
20218	3
20219	3
20220	3
20221	3
20222	3
20223	6
20224	4
20225	2
20226	4
20227	6
20228	1
20229	4
20230	2
20231	4
20232	3
20233	5
20234	2
20235	5
20236	2
20237	5
20238	2
20239	4
20240	5
20241	3
20242	3
20243	3
20244	3
20245	3
20246	1
20247	7
20248	2
20250	5
20251	2
20252	1
20253	6
20254	4
20255	1
20256	4
20257	2
20258	4
20259	3
20260	6
20261	1
20262	2
20263	3
20264	3
20265	4
20266	6
20267	1
20268	3
20269	5
20270	2
20271	6
20272	3
20273	7
20274	3
20275	4
20276	2
20277	2
20278	6
20279	2
20280	4
20281	5
20282	4
20283	4
20284	3
20285	3
20286	2
20287	5
20288	3
20289	6
20290	4
20291	1
20292	2
20293	5
20294	6
20295	1
20296	7
20297	4
20298	1
20299	1
20300	3
20301	5
20302	3
20303	3
20304	4
20305	3
20306	7
20307	5
20308	3
20309	4
20310	4
20311	1
20312	3
20313	1
20314	5
20315	1
20316	5
20317	3
20318	7
20319	1
20320	4
20321	3
20322	4
20323	4
20324	4
20325	3
20326	6
20327	8
20328	5
20329	6
20330	3
20331	4
20332	5
20333	4
20334	6
20335	3
20336	3
20337	5
20338	2
20339	1
20340	4
20341	3
20342	4
20343	5
20344	1
20345	2
20346	4
20347	8
20348	5
20349	1
20350	3
20351	3
20352	4
20353	4
20354	4
20355	3
20356	3
20357	6
20358	5
20359	5
20360	4
20361	5
20362	8
20363	4
20364	3
20365	1
20366	3
20367	2
20368	4
20369	5
20370	7
20371	5
20372	3
20373	7
20374	3
20375	2
20376	3
20377	2
20378	3
20379	2
20380	2
20381	1
20382	4
20383	8
20384	4
20385	3
20386	1
20387	4
20388	3
20389	4
20390	4
20391	6
20392	5
20393	4
20394	3
20395	2
20396	6
20397	3
20398	3
20399	5
20400	8
20401	2
20402	1
20403	3
20404	3
20405	2
20406	8
20407	4
20408	8
20409	6
20410	6
20411	2
20412	4
20413	4
20414	2
20415	4
20416	5
20417	3
20418	2
20419	3
20420	4
20421	4
20422	5
20423	2
20424	5
20425	3
20426	2
20427	2
20428	2
20429	2
20430	6
20431	4
20432	2
20433	6
20434	1
20435	5
20436	4
20437	2
20438	6
20439	4
20440	3
20441	4
20442	1
20443	2
20444	3
20445	1
20446	3
20447	3
20448	6
20449	6
20450	4
20451	2
20452	1
20453	4
20454	3
20455	6
20456	3
20457	4
20458	3
20459	3
20460	3
20461	6
20462	3
20463	9
20464	3
20465	6
20466	2
20467	2
20468	3
20469	6
20470	1
20471	5
20472	4
20473	4
20474	2
20475	5
20476	3
20477	7
20478	3
20479	5
20480	2
20481	3
20482	1
20483	2
20484	4
20485	3
20486	1
20487	2
20489	3
20490	6
20491	5
20492	2
20493	1
20494	8
20495	3
20496	4
20497	3
20498	6
20500	3
20501	2
20502	7
20503	7
20504	5
20505	5
20506	1
20507	1
20508	3
20509	5
20510	3
20511	3
20512	2
20513	4
20515	4
20516	1
20517	1
20518	5
20519	1
20520	1
20521	3
20522	3
20523	3
20524	2
20525	6
20526	1
20527	7
20528	3
20529	2
20530	3
20531	1
20533	1
20534	3
20535	5
20537	6
20538	6
20539	1
20540	4
20541	6
20542	4
20543	3
20544	1
20545	4
20546	4
20547	6
20548	4
20549	3
20550	3
20551	4
20552	1
20553	1
20554	3
20555	3
20556	4
20557	2
20558	6
20559	1
20560	4
20561	5
20562	3
20563	7
20564	3
20565	3
20566	2
20568	4
20569	2
20570	4
20571	2
20572	3
20573	3
20574	3
20575	6
20576	2
20577	3
20578	6
20579	2
20580	2
20581	5
20582	8
20583	4
20584	3
20585	1
20586	3
20587	3
20588	2
20590	1
20591	3
20592	2
20593	2
20594	4
20595	3
20596	2
20597	4
20598	6
20599	3
20600	2
20601	1
20602	1
20603	2
20604	6
20605	4
20606	2
20607	3
20609	2
20611	2
20612	2
20613	3
20614	5
20615	2
20616	4
20617	2
20618	5
20619	7
20620	3
20621	5
20622	3
20623	5
20624	3
20625	7
20626	5
20627	3
20628	1
20629	7
20630	3
20631	1
20632	1
20633	4
20634	3
20635	2
20636	4
20637	1
20638	2
20639	1
20640	2
20641	8
20642	1
20643	4
20644	3
20645	3
20646	2
20647	5
20648	3
20649	3
20650	6
20651	5
20652	3
20653	5
20654	3
20656	5
20657	8
20658	3
20659	3
20661	1
20662	2
20663	4
20664	1
20665	2
20666	2
20667	3
20669	3
20671	6
20672	2
20673	2
20674	3
20675	4
20676	5
20677	3
20678	1
20679	3
20680	4
20681	2
20682	5
20683	2
20684	3
20685	2
20686	1
20687	3
20688	6
20689	10
20690	4
20691	1
20692	3
20693	5
20694	2
20695	4
20696	4
20697	4
20698	5
20699	2
20700	2
20701	4
20702	3
20703	4
20704	2
20705	1
20706	4
20707	3
20708	5
20710	3
20711	4
20712	4
20713	6
20714	5
20715	2
20716	3
20717	6
20718	3
20719	4
20720	4
20721	6
20722	3
20723	2
20724	2
20725	5
20726	2
20727	6
20728	6
20729	2
20730	3
20731	2
20732	2
20733	1
20734	3
20735	3
20736	2
20737	2
20738	8
20739	5
20740	3
20741	6
20742	4
20743	2
20744	4
20745	3
20746	1
20747	2
20748	2
20749	2
20750	1
20751	5
20753	7
20754	2
20755	5
20756	3
20757	2
20758	2
20759	6
20760	1
20761	2
20762	3
20763	2
20764	3
20765	7
20766	2
20767	3
20769	3
20770	2
20771	6
20772	7
20773	5
20774	4
20775	6
20776	3
20777	1
20778	4
20779	6
20780	5
20781	3
20782	1
20783	4
20784	2
20785	3
20786	3
20787	2
20788	6
20789	3
20790	1
20791	2
20792	2
20793	6
20794	5
20795	3
20796	5
20797	2
20798	4
20799	3
20800	1
20801	3
20802	1
20803	4
20804	2
20805	4
20806	5
20807	2
20809	7
20810	2
20811	1
20812	3
20813	5
20814	3
20815	4
20816	1
20817	3
20818	2
20819	2
20820	6
20821	4
20822	4
20824	3
20825	7
20826	3
20827	7
20828	4
20829	3
20830	2
20831	5
20832	1
20833	3
20834	2
20835	6
20836	8
20837	1
20839	2
20840	3
20841	5
20842	6
20843	1
20844	2
20845	4
20846	3
20847	1
20848	4
20849	1
20850	5
20851	1
20852	1
20853	2
20854	4
20855	5
20856	6
20857	4
20858	5
20860	3
20861	3
20862	4
20863	6
20865	3
20866	5
20867	7
20868	2
20869	4
20870	1
20871	5
20872	3
20873	2
20874	3
20876	5
20877	3
20878	3
20879	2
20880	4
20881	5
20882	1
20883	2
20884	1
20885	3
20886	5
20887	2
20889	2
20890	1
20891	1
20892	2
20893	2
20894	4
20895	4
20896	3
20897	3
20898	4
20899	4
20900	2
20901	3
20902	2
20903	3
20904	4
20905	1
20906	1
20907	4
20908	3
20909	3
20911	2
20912	9
20913	3
20914	2
20915	7
20916	3
20917	3
20918	2
20919	2
20920	2
20921	1
20922	4
20923	4
20925	4
20926	5
20927	6
20928	3
20929	3
20930	6
20931	5
20932	3
20933	3
20934	1
20935	2
20936	1
20937	3
20938	2
20939	1
20940	2
20941	3
20942	3
20944	1
20945	3
20946	4
20947	2
20948	2
20949	6
20950	2
20951	3
20952	2
20953	5
20955	4
20956	7
20957	3
20958	2
20959	4
20960	1
20961	1
20962	4
20963	5
20964	7
20965	3
20966	2
20967	4
20968	5
20969	3
20970	1
20971	3
20972	2
20973	5
20974	5
20975	1
20976	5
20977	2
20978	4
20979	2
20980	3
20981	3
20982	4
20983	2
20984	4
20985	2
20986	5
20987	3
20988	2
20989	5
20990	2
20991	1
20992	3
20993	5
20994	4
20995	2
20996	1
20997	4
20998	6
20999	1
21000	3
21001	3
21003	4
21004	2
21005	4
21006	5
21007	6
21008	4
21009	4
21010	2
21011	5
21012	2
21013	2
21014	4
21015	3
21016	3
21017	2
21018	4
21019	3
21020	2
21021	3
21022	1
21023	3
21024	8
21025	1
21026	4
21027	2
21028	2
21029	3
21030	5
21031	4
21032	4
21033	3
21034	3
21035	2
21036	3
21037	9
21038	1
21039	6
21040	3
21041	2
21042	1
21043	5
21044	1
21045	4
21046	3
21047	6
21048	4
21049	2
21050	2
21051	3
21052	1
21053	3
21054	3
21055	4
21056	2
21057	1
21058	2
21059	4
21060	5
21061	6
21064	1
21065	3
21066	1
21067	2
21068	1
21069	6
21070	1
21072	4
21073	1
21074	1
21075	1
21076	4
21077	1
21078	2
21079	4
21080	3
21081	4
21082	5
21084	7
21085	2
21086	5
21087	2
21088	5
21089	6
21090	3
21091	5
21092	3
21093	6
21094	2
21095	1
21096	4
21097	2
21098	7
21099	3
21100	2
21101	2
21102	1
21103	1
21104	1
21105	1
21106	3
21107	3
21108	1
21109	3
21110	2
21111	7
21112	1
21113	6
21114	4
21115	1
21116	8
21117	4
21118	2
21119	1
21120	3
21121	6
21122	3
21123	5
21124	5
21125	3
21126	2
21127	2
21128	5
21129	2
21130	4
21132	3
21133	6
21134	3
21135	1
21136	3
21137	4
21138	2
21139	6
21140	5
21141	5
21142	1
21143	6
21144	1
21145	6
21146	5
21147	3
21148	2
21149	5
21150	5
21151	4
21152	6
21153	3
21154	4
21155	2
21157	3
21158	3
21160	1
21161	2
21162	4
21163	5
21164	3
21165	2
21166	5
21167	2
21168	5
21170	2
21171	1
21172	4
21173	3
21174	3
21175	3
21176	5
21177	2
21178	3
21179	4
21180	1
21181	2
21182	4
21183	4
21184	4
21185	3
21186	4
21187	4
21188	3
21189	4
21190	2
21191	3
21192	4
21193	3
21194	3
21195	2
21196	2
21197	3
21198	1
21199	2
21200	3
21201	2
21203	1
21204	3
21205	3
21206	6
21207	1
21208	3
21209	3
21210	3
21211	3
21213	4
21214	5
21215	2
21216	4
21217	3
21218	1
21219	4
21220	4
21221	1
21222	3
21223	7
21224	2
21225	7
21226	7
21227	2
21228	3
21229	5
21230	1
21231	1
21232	5
21233	3
21234	8
21235	4
21236	5
21237	2
21238	1
21239	1
21240	4
21242	1
21244	3
21245	9
21246	4
21248	7
21249	5
21250	6
21251	10
21252	5
21253	4
21254	4
21255	2
21257	2
21258	4
21259	2
21260	4
21261	5
21262	4
21264	2
21265	4
21266	2
21267	7
21268	3
21269	3
21270	3
21271	3
21272	5
21273	2
21274	3
21275	3
21276	5
21277	2
21278	3
21279	2
21280	1
21281	2
21282	5
21283	4
21284	4
21285	1
21286	4
21287	5
21288	8
21289	4
21290	6
21291	2
21292	3
21293	4
21294	5
21295	5
21296	7
21297	1
21298	4
21299	2
21300	3
21301	1
21302	2
21303	1
21304	7
21305	1
21307	3
21308	3
21309	1
21310	3
21311	5
21312	3
21313	4
21314	6
21315	4
21316	2
21317	1
21318	3
21320	4
21321	2
21322	3
21323	7
21324	7
21325	1
21326	5
21327	7
21328	1
21329	3
21330	2
21331	3
21332	2
21333	2
21334	1
21335	2
21336	3
21337	3
21338	3
21339	3
21340	2
21341	3
21343	1
21344	3
21345	1
21346	1
21347	1
21348	3
21349	1
21350	5
21351	2
21352	4
21353	1
21354	3
21355	6
21356	4
21357	5
21358	2
21359	3
21360	2
21361	3
21362	5
21363	4
21364	6
21365	6
21366	4
21367	1
21368	4
21369	4
21370	3
21371	4
21372	1
21373	3
21374	5
21375	4
21376	5
21377	3
21378	2
21379	2
21380	3
21381	3
21382	5
21383	2
21384	3
21385	3
21386	3
21387	4
21388	4
21389	3
21390	3
21391	4
21392	1
21393	7
21394	1
21395	4
21396	3
21397	1
21398	5
21399	2
21400	2
21401	2
21402	4
21403	2
21404	4
21406	2
21407	8
21408	1
21409	5
21410	3
21411	5
21412	1
21413	2
21415	2
21416	6
21417	1
21418	1
21419	4
21422	1
21423	2
21424	1
21425	1
21426	2
21427	4
21428	3
21429	6
21430	2
21431	5
21432	4
21433	2
21434	7
21435	1
21436	5
21437	2
21438	2
21439	2
21440	4
21441	3
21442	2
21443	3
21444	2
21445	1
21446	3
21447	4
21448	5
21449	2
21450	2
21451	3
21452	4
21453	4
21454	5
21455	3
21456	4
21458	2
21459	2
21460	2
21461	1
21462	1
21464	1
21465	3
21466	5
21467	1
21468	1
21469	3
21470	5
21471	3
21472	3
21473	3
21474	5
21475	1
21476	1
21477	1
21478	5
21479	5
21480	3
21481	2
21482	6
21483	1
21484	3
21485	2
21486	1
21487	3
21488	3
21489	1
21490	3
21491	4
21492	3
21493	1
21494	3
21495	3
21496	4
21498	3
21499	2
21500	2
21501	2
21502	3
21503	2
21504	3
21505	3
21507	3
21508	2
21509	3
21510	1
21511	3
21512	2
21513	3
21514	2
21515	5
21516	3
21517	7
21518	2
21519	3
21520	6
21521	5
21522	7
21523	4
21524	2
21525	5
21526	2
21527	3
21528	2
21529	2
21530	3
21531	3
21532	6
21533	3
21534	3
21535	7
21536	2
21537	3
21538	3
21539	4
21540	3
21543	5
21544	4
21545	2
21546	4
21547	1
21549	4
21550	1
21551	6
21552	4
21553	3
21554	3
21555	5
21556	3
21557	1
21558	3
21559	1
21560	6
21561	2
21562	3
21563	2
21564	1
21566	2
21568	3
21569	2
21570	2
21571	7
21572	3
21573	1
21575	1
21576	5
21577	4
21578	1
21579	3
21580	3
21581	2
21582	2
21583	3
21584	5
21585	2
21586	7
21587	1
21588	3
21589	2
21590	1
21591	2
21592	5
21593	1
21594	5
21595	1
21596	10
21597	3
21598	4
21599	2
21600	3
21601	1
21602	2
21603	1
21604	3
21605	2
21606	2
21607	1
21608	3
21609	6
21610	4
21611	4
21612	2
21613	7
21614	4
21615	4
21616	1
21617	2
21618	1
21619	3
21620	4
21621	3
21622	3
21623	3
21624	3
21625	2
21626	5
21627	4
21628	3
21629	3
21630	1
21631	1
21632	5
21633	2
21634	2
21635	1
21637	6
21638	1
21639	4
21640	4
21641	4
21642	1
21643	3
21644	4
21645	2
21646	4
21647	1
21648	4
21649	5
21650	1
21651	2
21652	5
21653	2
21654	2
21655	1
21656	4
21657	2
21658	5
21659	4
21660	6
21661	6
21662	3
21663	8
21664	2
21666	2
21667	4
21668	3
21669	2
21670	5
21672	5
21673	5
21674	3
21675	6
21676	2
21677	3
21678	1
21679	4
21680	4
21681	6
21682	1
21683	5
21684	2
21685	8
21686	3
21687	1
21688	3
21689	1
21690	5
21691	2
21692	1
21693	1
21694	3
21695	1
21696	4
21697	3
21698	6
21699	2
21700	3
21701	1
21702	2
21703	3
21704	2
21705	3
21706	3
21707	5
21708	7
21709	4
21710	3
21711	5
21712	5
21713	2
21714	2
21715	2
21716	4
21717	3
21718	5
21719	4
21720	4
21721	2
21722	2
21723	2
21724	1
21725	2
21726	1
21728	4
21729	1
21730	2
21731	2
21732	4
21733	2
21735	4
21736	2
21737	3
21738	1
21739	1
21740	5
21741	6
21742	5
21743	3
21744	2
21745	2
21746	1
21747	3
21749	2
21750	5
21751	6
21752	1
21753	1
21754	4
21755	2
21756	5
21757	2
21758	3
21759	1
21760	2
21761	2
21762	5
21763	4
21764	1
21765	4
21768	2
21769	6
21770	3
21771	2
21772	6
21773	2
21774	2
21775	4
21776	4
21777	4
21778	3
21779	3
21780	1
21781	2
21782	2
21783	2
21784	2
21785	2
21786	3
21787	2
21788	4
21789	4
21790	1
21791	2
21792	2
21793	4
21794	2
21795	2
21796	1
21797	3
21798	5
21799	5
21801	2
21802	3
21803	3
21804	1
21805	7
21806	5
21807	3
21808	1
21809	1
21810	1
21811	4
21812	3
21813	2
21814	3
21815	3
21816	1
21817	3
21818	1
21819	1
21820	4
21821	2
21822	4
21824	2
21825	3
21826	3
21827	2
21828	2
21829	3
21830	3
21831	2
21832	4
21833	3
21834	4
21835	1
21836	5
21837	3
21838	4
21839	3
21841	1
21842	2
21843	4
21844	1
21845	2
21846	2
21847	5
21848	3
21849	1
21850	6
21851	3
21852	3
21853	6
21854	4
21855	2
21856	1
21857	5
21858	4
21859	1
21860	1
21861	6
21862	1
21863	4
21864	1
21865	2
21866	1
21867	4
21868	3
21869	3
21870	3
21871	2
21872	2
21873	2
21874	3
21875	3
21876	4
21877	4
21878	1
21879	1
21880	4
21881	7
21882	2
21883	2
21884	4
21885	4
21886	5
21887	3
21888	2
21889	2
21890	3
21891	6
21892	3
21893	2
21894	1
21896	3
21897	4
21898	4
21899	2
21900	2
21901	2
21902	4
21903	2
21904	3
21905	2
21906	2
21907	2
21908	1
21909	4
21910	1
21911	4
21912	2
21914	4
21915	3
21916	7
21919	5
21920	1
21921	1
21922	5
21923	4
21924	1
21925	2
21926	3
21927	2
21928	2
21930	3
21931	2
21933	2
21934	1
21935	2
21936	2
21937	2
21940	2
21941	3
21942	2
21943	1
21944	3
21945	5
21946	2
21947	4
21948	2
21949	5
21950	1
21951	1
21952	1
21953	3
21954	4
21955	3
21956	2
21957	6
21958	4
21959	1
21960	1
21961	3
21962	4
21963	1
21964	6
21965	1
21966	6
21967	1
21968	2
21969	1
21970	1
21971	2
21972	4
21973	5
21974	3
21976	1
21977	2
21978	1
21979	2
21980	3
21981	2
21982	3
21983	2
21984	3
21985	3
21986	2
21988	4
21989	4
21990	4
21991	2
21992	5
21993	4
21994	3
21995	5
21996	2
21997	1
21998	2
21999	3
22000	2
22001	4
22003	5
22004	6
22005	3
22006	4
22007	3
22009	1
22010	4
22011	4
22012	5
22013	3
22014	2
22015	3
22016	4
22017	3
22018	3
22019	1
22020	2
22021	2
22022	2
22024	2
22025	2
22026	1
22027	4
22028	2
22029	3
22030	4
22032	2
22033	5
22034	1
22035	2
22036	2
22037	2
22038	2
22039	1
22040	3
22041	1
22042	4
22043	3
22044	5
22045	3
22046	1
22047	5
22048	3
22049	2
22050	1
22051	2
22053	3
22054	5
22055	2
22056	1
22057	2
22058	5
22059	2
22060	1
22061	1
22062	1
22063	3
22064	1
22065	2
22066	1
22067	8
22068	1
22069	2
22070	1
22071	2
22073	3
22074	1
22075	3
22076	3
22077	1
22078	1
22079	1
22080	2
22081	3
22082	4
22083	1
22084	2
22085	4
22086	2
22087	4
22088	3
22089	2
22090	4
22091	5
22092	1
22093	2
22094	1
22095	2
22096	1
22097	4
22098	1
22099	5
22100	1
22101	2
22102	1
22103	2
22104	4
22105	4
22106	3
22107	2
22108	4
22109	2
22110	3
22111	4
22112	2
22113	2
22114	2
22115	4
22116	1
22117	5
22118	1
22119	2
22120	6
22121	4
22123	4
22124	3
22125	1
22126	1
22127	1
22128	4
22129	4
22130	4
22131	2
22132	2
22133	1
22134	3
22135	1
22136	1
22137	2
22138	1
22139	1
22140	1
22142	2
22143	2
22144	3
22145	4
22146	2
22147	1
22148	1
22149	1
22150	3
22151	2
22152	2
22153	6
22154	2
22155	4
22156	6
22157	5
22158	2
22159	3
22160	2
22161	2
22162	3
22163	4
22164	2
22165	3
22166	4
22167	3
22168	4
22169	2
22170	3
22171	2
22172	3
22173	3
22174	2
22175	5
22176	4
22177	2
22178	3
22179	1
22180	3
22181	1
22182	3
22183	3
22184	3
22185	1
22186	2
22187	3
22188	3
22189	4
22190	1
22191	2
22192	7
22193	2
22194	2
22195	1
22196	4
22197	1
22198	3
22199	4
22200	1
22201	2
22202	1
22203	3
22205	1
22206	4
22207	3
22208	1
22209	3
22210	7
22211	3
22212	2
22213	1
22214	1
22215	4
22217	3
22219	1
22220	1
22221	3
22222	1
22223	2
22224	1
22226	7
22227	2
22229	4
22231	8
22232	1
22233	1
22234	2
22235	2
22236	2
22237	1
22238	4
22239	1
22240	2
22241	4
22242	1
22243	3
22245	2
22246	1
22247	6
22248	1
22249	1
22250	1
22251	2
22252	2
22253	2
22254	2
22255	4
22256	1
22257	1
22258	3
22259	6
22260	1
22261	3
22262	1
22263	5
22264	3
22265	2
22266	1
22267	3
22268	2
22269	2
22270	2
22271	2
22272	3
22273	5
22274	1
22275	3
22276	2
22277	3
22278	3
22281	3
22282	2
22284	3
22285	2
22286	3
22288	3
22289	6
22290	6
22291	2
22292	5
22293	3
22294	2
22296	1
22297	3
22298	1
22300	3
22301	3
22302	1
22303	3
22304	1
22305	1
22306	3
22307	6
22308	2
22309	2
22310	6
22311	4
22312	1
22315	1
22316	2
22317	2
22318	1
22319	6
22320	3
22321	2
22322	2
22323	5
22324	2
22325	2
22326	1
22327	4
22328	2
22329	2
22330	6
22331	1
22332	4
22333	5
22334	2
22335	3
22336	2
22337	3
22339	6
22340	4
22341	3
22342	6
22344	2
22345	2
22346	5
22348	3
22349	2
22350	5
22351	3
22352	1
22353	3
22354	2
22355	5
22356	2
22357	2
22358	1
22359	3
22361	4
22362	3
22363	5
22365	10
22366	2
22367	2
22369	3
22370	3
22371	2
22372	1
22373	4
22374	1
22375	1
22376	1
22377	6
22378	1
22379	1
22380	4
22381	1
22382	3
22383	1
22384	2
22385	1
22386	1
22387	1
22388	4
22389	1
22390	3
22391	5
22392	3
22393	4
22394	3
22395	2
22396	3
22397	1
22398	1
22399	4
22401	3
22402	5
22403	5
22404	6
22405	3
22406	1
22407	1
22408	2
22409	1
22410	2
22411	1
22412	9
22413	6
22414	3
22415	3
22417	1
22418	2
22419	1
22420	2
22421	1
22422	4
22424	2
22425	2
22426	4
22427	4
22428	2
22429	2
22430	3
22431	4
22432	1
22433	5
22434	2
22435	3
22436	1
22437	2
22438	1
22439	3
22440	3
22441	3
22442	2
22443	3
22444	4
22445	3
22446	3
22447	2
22448	3
22449	1
22450	1
22451	2
22452	2
22453	2
22454	1
22455	4
22456	4
22457	3
22458	1
22459	5
22460	5
22461	2
22462	1
22463	2
22464	4
22466	6
22467	1
22468	2
22469	3
22470	1
22471	3
22472	2
22473	6
22474	2
22475	1
22476	1
22477	6
22478	3
22479	4
22480	3
22481	5
22482	5
22483	4
22484	3
22485	3
22486	4
22487	1
22488	3
22489	2
22490	7
22491	3
22492	8
22493	2
22494	3
22496	1
22497	3
22498	3
22499	2
22500	4
22501	1
22502	1
22503	3
22504	3
22505	1
22506	5
22507	2
22508	2
22509	3
22511	2
22512	2
22513	4
22514	6
22515	4
22516	2
22517	3
22518	3
22519	6
22520	1
22521	2
22522	4
22523	2
22524	1
22525	5
22526	2
22527	1
22529	4
22530	2
22531	2
22532	4
22533	3
22534	3
22536	1
22537	5
22538	2
22539	2
22540	2
22541	2
22542	2
22543	1
22544	4
22545	1
22546	3
22547	3
22548	3
22549	2
22550	3
22551	1
22552	3
22553	1
22554	3
22555	1
22556	1
22558	3
22559	1
22560	4
22561	2
22563	1
22565	3
22566	2
22567	1
22568	2
22569	3
22570	2
22571	2
22572	1
22573	3
22574	5
22575	2
22576	5
22577	2
22578	1
22579	1
22580	4
22581	1
22582	6
22583	2
22584	2
22585	4
22587	4
22588	4
22589	2
22590	3
22591	5
22593	3
22594	1
22595	2
22596	4
22597	3
22598	4
22600	1
22601	3
22602	1
22603	4
22604	4
22605	2
22606	1
22607	3
22608	2
22610	6
22611	2
22612	1
22613	3
22614	6
22615	1
22616	1
22617	3
22618	2
22620	2
22622	4
22623	2
22624	1
22625	3
22626	3
22627	2
22628	1
22629	1
22630	1
22631	4
22632	2
22633	6
22634	1
22635	1
22636	2
22637	3
22638	4
22639	2
22640	3
22641	1
22642	3
22643	5
22644	5
22645	5
22646	1
22647	2
22648	1
22649	1
22651	1
22652	3
22654	2
22655	2
22656	1
22657	2
22658	2
22660	2
22661	1
22662	2
22663	2
22664	1
22665	2
22666	4
22667	2
22668	1
22669	1
22670	2
22671	1
22672	3
22675	3
22676	3
22677	1
22678	2
22679	2
22681	5
22682	5
22683	2
22684	4
22685	3
22686	3
22687	2
22688	2
22689	2
22690	5
22691	3
22692	1
22693	2
22694	2
22695	1
22696	4
22697	3
22698	4
22699	1
22700	4
22701	1
22702	4
22703	2
22704	2
22705	2
22706	1
22707	1
22708	3
22709	8
22710	5
22711	4
22713	4
22714	2
22715	1
22716	4
22717	2
22718	4
22719	2
22720	3
22721	2
22722	1
22723	3
22726	2
22727	3
22728	4
22729	2
22730	5
22733	1
22734	1
22735	4
22736	1
22737	3
22739	3
22740	3
22741	5
22742	3
22743	2
22744	4
22745	2
22746	1
22747	3
22748	3
22750	1
22751	3
22752	1
22753	5
22754	1
22755	3
22756	1
22758	4
22759	4
22760	6
22761	4
22762	4
22763	4
22764	1
22765	5
22766	2
22767	6
22768	2
22769	1
22771	3
22772	2
22773	2
22774	1
22776	2
22777	4
22778	4
22779	2
22780	4
22781	1
22782	2
22783	4
22784	1
22785	1
22786	5
22787	1
22788	3
22789	3
22790	3
22791	2
22792	2
22793	2
22794	2
22795	1
22798	3
22800	3
22801	4
22802	2
22804	1
22805	2
22806	3
22807	3
22808	3
22809	2
22811	4
22812	1
22813	3
22814	2
22815	2
22816	4
22817	1
22818	4
22819	2
22820	1
22821	4
22822	1
22823	5
22824	5
22825	3
22826	2
22827	2
22828	1
22829	3
22830	3
22831	3
22832	4
22834	1
22836	4
22838	2
22839	1
22840	8
22841	1
22842	3
22843	3
22844	3
22845	4
22847	2
22848	3
22849	1
22850	3
22851	2
22852	4
22853	2
22854	2
22855	3
22856	3
22857	2
22858	2
22859	4
22860	2
22862	3
22863	1
22864	2
22865	3
22866	1
22867	2
22868	2
22869	9
22870	3
22871	1
22872	1
22873	3
22874	2
22875	3
22876	1
22877	3
22878	4
22879	1
22880	3
22881	5
22882	4
22883	3
22884	1
22886	1
22887	4
22888	3
22889	5
22890	4
22891	2
22892	3
22893	3
22894	2
22895	3
22898	4
22899	2
22901	4
22902	2
22903	1
22904	3
22905	2
22907	4
22908	2
22909	3
22910	2
22911	5
22912	3
22913	2
22914	3
22915	1
22916	2
22917	1
22918	2
22919	3
22920	2
22921	2
22922	2
22923	3
22924	3
22925	4
22926	5
22927	2
22928	2
22929	1
22930	1
22931	2
22932	2
22933	3
22934	2
22935	2
22937	2
22938	1
22939	4
22940	1
22941	1
22943	6
22945	1
22946	1
22948	2
22949	2
22950	2
22951	2
22952	1
22953	3
22954	1
22955	3
22958	3
22959	2
22960	5
22961	1
22962	3
22963	2
22964	2
22965	3
22966	2
22967	2
22968	4
22969	3
22970	4
22971	1
22972	2
22973	2
22974	3
22975	1
22977	2
22978	1
22979	1
22980	4
22982	3
22983	3
22984	1
22985	3
22987	2
22988	3
22989	1
22990	4
22991	5
22993	2
22994	2
22995	3
22996	5
22997	1
22998	2
22999	4
23001	3
23002	3
23003	3
23004	2
23006	2
23007	3
23008	1
23009	2
23010	3
23011	2
23012	2
23013	3
23014	4
23015	3
23017	2
23019	1
23020	3
23021	3
23022	4
23023	3
23024	3
23025	4
23026	2
23027	2
23028	1
23029	3
23030	3
23031	1
23032	4
23033	4
23036	3
23037	3
23038	3
23039	2
23040	3
23041	3
23042	2
23043	2
23044	3
23045	1
23046	1
23048	3
23049	5
23050	3
23051	5
23052	3
23053	3
23054	1
23055	1
23056	1
23057	5
23058	1
23059	7
23060	5
23061	1
23062	4
23063	2
23064	3
23065	7
23066	2
23067	3
23068	2
23069	2
23070	3
23071	1
23072	4
23073	2
23074	3
23076	2
23078	1
23079	1
23080	2
23081	1
23082	2
23083	1
23084	1
23086	2
23087	1
23088	3
23089	1
23090	2
23091	1
23092	1
23094	2
23095	2
23096	2
23098	4
23099	2
23100	4
23101	2
23102	1
23103	1
23104	1
23105	2
23106	2
23108	2
23109	1
23110	2
23111	1
23113	3
23114	2
23115	4
23117	3
23118	2
23119	1
23121	3
23123	3
23124	2
23125	2
23126	7
23128	3
23129	2
23130	1
23131	1
23132	1
23133	1
23134	1
23135	1
23137	2
23138	3
23139	7
23140	3
23142	2
23143	3
23144	5
23145	3
23146	2
23147	4
23148	1
23149	4
23150	2
23151	2
23152	1
23153	2
23154	2
23155	4
23156	2
23157	2
23158	4
23159	5
23160	2
23161	2
23162	2
23163	2
23164	1
23165	1
23166	1
23167	4
23168	1
23169	4
23171	1
23173	1
23174	1
23175	5
23177	1
23178	6
23179	4
23180	3
23181	5
23182	2
23183	1
23184	1
23185	3
23186	1
23187	2
23188	2
23189	3
23191	2
23192	2
23193	2
23195	1
23196	2
23197	1
23199	3
23200	3
23201	2
23202	2
23203	4
23204	4
23205	4
23206	1
23207	2
23208	1
23209	1
23210	2
23211	1
23212	1
23213	2
23215	1
23216	3
23217	3
23218	2
23219	4
23220	3
23221	3
23222	3
23223	1
23224	5
23225	1
23226	5
23227	5
23228	1
23229	2
23230	2
23231	4
23232	3
23233	2
23234	2
23235	2
23236	2
23237	2
23238	2
23240	1
23241	2
23243	2
23244	3
23246	3
23247	1
23248	2
23249	1
23250	4
23251	3
23252	2
23253	4
23254	1
23255	2
23256	1
23257	3
23258	2
23259	1
23260	6
23262	2
23264	3
23265	4
23268	4
23269	2
23270	1
23271	1
23273	3
23274	3
23275	3
23276	2
23277	2
23278	5
23279	1
23280	2
23281	2
23282	3
23283	4
23284	2
23286	3
23287	2
23288	1
23289	1
23290	2
23291	4
23292	1
23293	1
23294	5
23295	4
23296	2
23297	5
23299	1
23300	3
23301	2
23302	1
23303	4
23304	1
23305	2
23306	1
23307	3
23308	3
23309	1
23310	2
23311	1
23312	2
23313	1
23314	1
23315	2
23316	3
23317	2
23319	2
23321	1
23322	2
23323	3
23324	3
23325	5
23326	1
23327	3
23328	2
23329	2
23330	1
23331	2
23333	3
23334	5
23336	4
23337	3
23338	5
23339	5
23340	1
23341	3
23342	1
23343	3
23344	3
23345	2
23346	2
23347	4
23348	1
23349	3
23351	2
23352	1
23353	4
23354	1
23355	1
23356	4
23357	4
23358	3
23359	1
23360	1
23361	2
23362	3
23363	3
23364	1
23365	3
23366	2
23367	1
23369	1
23370	1
23371	2
23372	5
23373	3
23374	6
23375	3
23376	2
23377	4
23378	4
23379	3
23380	1
23381	1
23382	5
23383	3
23384	7
23385	3
23386	3
23387	1
23388	3
23389	1
23391	1
23392	4
23393	1
23394	1
23395	3
23397	3
23399	4
23400	3
23401	2
23402	2
23403	1
23404	3
23405	1
23406	2
23407	2
23408	2
23409	2
23410	2
23411	1
23412	2
23413	2
23414	4
23415	3
23416	2
23417	2
23418	2
23419	1
23421	1
23422	3
23423	4
23424	2
23425	1
23426	6
23427	2
23428	2
23429	2
23430	2
23431	5
23432	1
23433	4
23434	4
23435	1
23436	3
23437	1
23438	7
23439	3
23440	1
23441	1
23442	5
23443	1
23444	1
23445	3
23446	3
23447	1
23448	1
23449	1
23450	1
23451	2
23452	2
23453	3
23454	1
23455	1
23456	4
23457	2
23458	1
23459	1
23460	4
23461	2
23462	2
23463	1
23464	3
23465	2
23466	4
23467	3
23468	2
23469	1
23470	5
23471	1
23472	3
23473	3
23474	3
23476	1
23477	1
23478	1
23480	3
23481	4
23482	2
23483	2
23484	2
23485	3
23486	1
23487	6
23488	2
23489	2
23490	2
23491	3
23492	4
23493	5
23494	3
23495	1
23497	1
23498	2
23499	1
23500	2
23501	2
23502	3
23503	2
23504	2
23505	2
23506	4
23507	1
23508	2
23509	3
23510	2
23511	2
23512	2
23513	2
23514	1
23515	3
23518	1
23520	2
23521	2
23522	3
23523	2
23524	2
23525	1
23526	3
23527	2
23528	3
23529	1
23531	2
23532	1
23533	1
23534	4
23535	5
23536	1
23537	2
23538	2
23539	3
23540	2
23541	5
23543	1
23544	3
23545	2
23546	1
23547	2
23549	2
23550	2
23551	2
23552	2
23553	2
23554	2
23555	3
23556	1
23557	1
23558	1
23559	2
23561	5
23562	1
23563	3
23564	1
23565	3
23566	3
23567	1
23568	1
23569	2
23570	1
23571	1
23572	1
23573	4
23574	1
23575	3
23577	4
23578	3
23579	4
23580	1
23581	1
23582	1
23583	3
23585	2
23586	3
23587	2
23588	4
23589	2
23590	2
23591	2
23592	1
23593	3
23594	1
23595	3
23596	1
23597	1
23598	2
23599	2
23601	1
23602	2
23603	1
23604	1
23606	4
23609	1
23610	4
23611	1
23612	1
23613	1
23614	1
23615	2
23616	2
23617	3
23619	5
23620	3
23621	1
23622	3
23623	2
23624	3
23625	2
23627	3
23628	2
23629	1
23630	2
23631	2
23632	2
23634	3
23635	3
23636	3
23637	1
23638	3
23639	1
23640	3
23641	2
23642	1
23643	3
23644	1
23645	3
23646	5
23647	1
23648	1
23649	4
23650	5
23651	2
23652	3
23653	2
23654	1
23656	2
23657	4
23658	1
23659	2
23660	1
23661	2
23662	1
23663	1
23664	5
23665	2
23666	1
23667	3
23668	1
23669	3
23670	3
23672	2
23673	4
23674	4
23676	2
23677	1
23678	2
23679	5
23680	3
23681	2
23682	2
23683	1
23684	1
23685	3
23686	1
23687	6
23688	1
23689	4
23690	1
23691	2
23692	3
23693	5
23694	3
23695	2
23696	1
23697	2
23698	1
23699	1
23700	2
23701	5
23702	4
23703	3
23704	4
23705	1
23707	2
23709	3
23710	5
23711	2
23712	1
23714	1
23715	2
23716	1
23717	4
23718	1
23719	4
23720	1
23721	3
23723	1
23725	2
23726	3
23727	2
23730	3
23731	2
23732	2
23733	1
23734	2
23735	1
23736	1
23737	4
23738	1
23739	7
23741	1
23742	2
23743	1
23745	1
23746	2
23748	1
23749	1
23750	1
23751	1
23752	4
23753	3
23754	2
23755	1
23757	3
23758	1
23759	2
23760	4
23761	3
23762	2
23763	2
23764	2
23765	2
23767	7
23768	3
23769	2
23770	2
23771	2
23772	3
23773	2
23774	1
23775	6
23776	1
23777	3
23778	2
23779	2
23781	4
23783	4
23784	2
23785	5
23787	3
23788	1
23789	1
23790	1
23791	1
23793	2
23794	1
23795	1
23796	4
23797	2
23798	1
23799	1
23800	2
23801	2
23802	2
23803	2
23804	4
23805	1
23806	1
23807	5
23808	1
23809	1
23810	1
23811	1
23812	2
23813	4
23814	2
23815	2
23816	2
23817	1
23818	3
23819	1
23820	1
23821	2
23822	4
23823	1
23824	1
23825	3
23826	2
23827	2
23828	2
23829	4
23830	3
23831	2
23832	3
23833	2
23834	3
23835	3
23836	1
23837	2
23838	3
23839	2
23840	2
23842	1
23843	3
23844	3
23845	5
23846	4
23848	1
23849	1
23850	1
23851	4
23852	4
23853	3
23854	1
23856	2
23857	1
23858	2
23859	4
23860	2
23861	3
23862	3
23863	3
23864	4
23865	3
23866	1
23867	2
23868	5
23869	1
23870	2
23871	2
23872	3
23873	1
23874	2
23875	2
23876	4
23877	3
23878	3
23879	2
23880	4
23882	1
23883	1
23884	5
23885	1
23886	2
23889	1
23890	1
23891	2
23893	2
23894	1
23895	2
23896	4
23897	2
23900	4
23901	2
23902	2
23903	2
23904	1
23905	6
23906	2
23907	3
23908	2
23909	1
23910	5
23911	3
23912	1
23913	4
23914	2
23915	1
23916	1
23917	2
23918	2
23919	2
23920	2
23921	2
23922	2
23923	2
23924	1
23925	4
23927	3
23928	1
23929	3
23930	2
23931	1
23932	2
23933	1
23934	2
23936	1
23938	1
23939	1
23940	3
23943	1
23944	3
23945	2
23946	1
23947	2
23948	3
23949	3
23950	3
23955	1
23956	4
23957	1
23958	4
23961	2
23962	3
23963	1
23964	1
23965	2
23968	4
23969	1
23970	1
23971	2
23972	4
23974	2
23975	3
23978	1
23979	5
23980	1
23981	3
23982	2
23983	1
23984	1
23985	2
23986	1
23987	1
23988	3
23989	1
23990	1
23991	2
23992	2
23993	2
23994	1
23995	3
23997	5
23998	1
23999	1
24000	6
24001	2
24002	4
24003	5
24005	3
24006	2
24007	4
24008	3
24009	3
24010	5
24011	2
24012	2
24013	3
24014	2
24015	3
24016	1
24017	1
24018	5
24019	2
24020	3
24021	3
24022	1
24024	1
24025	4
24026	4
24027	3
24029	3
24030	3
24031	2
24032	1
24033	3
24034	2
24035	2
24037	3
24038	1
24039	3
24040	1
24041	5
24042	2
24043	3
24044	1
24045	3
24046	2
24049	1
24050	1
24051	3
24053	1
24054	2
24055	1
24057	2
24058	4
24059	1
24060	2
24061	2
24062	4
24063	1
24064	4
24066	2
24067	1
24068	2
24069	2
24070	1
24071	2
24072	1
24073	2
24074	1
24075	4
24076	3
24077	1
24078	4
24079	2
24081	2
24082	2
24083	6
24085	5
24086	2
24087	4
24088	1
24089	3
24090	1
24091	2
24092	6
24093	1
24094	2
24096	1
24097	2
24098	2
24099	1
24100	4
24101	1
24103	5
24104	2
24108	1
24111	3
24112	2
24113	1
24114	1
24115	2
24116	1
24117	2
24118	2
24119	1
24120	3
24122	2
24125	2
24126	1
24127	4
24128	4
24129	2
24130	2
24131	2
24133	1
24134	2
24135	2
24136	1
24137	2
24138	8
24139	1
24140	3
24141	2
24142	2
24144	1
24145	3
24146	2
24147	2
24148	2
24149	1
24151	2
24153	1
24155	2
24156	2
24157	3
24159	2
24160	1
24161	1
24162	2
24163	2
24164	3
24167	2
24168	1
24169	3
24170	3
24171	3
24172	2
24173	2
24174	1
24175	1
24177	2
24178	2
24179	2
24181	2
24183	2
24184	6
24186	3
24187	2
24188	2
24189	1
24192	4
24193	3
24194	1
24195	2
24196	2
24198	1
24199	2
24200	1
24203	3
24204	1
24205	3
24206	4
24207	2
24208	2
24209	1
24210	2
24211	2
24212	3
24213	4
24214	2
24216	3
24217	3
24218	2
24219	3
24220	2
24221	2
24223	2
24226	2
24228	2
24229	1
24230	4
24231	3
24233	2
24235	1
24236	1
24237	2
24238	3
24239	3
24240	3
24241	1
24242	3
24246	4
24249	1
24250	2
24251	2
24252	2
24253	1
24254	2
24255	2
24256	1
24257	2
24258	2
24259	4
24260	3
24261	4
24262	2
24263	2
24264	1
24265	3
24266	2
24267	4
24268	1
24269	3
24270	3
24271	2
24272	1
24274	2
24275	2
24276	1
24277	1
24278	3
24279	1
24280	2
24281	1
24282	1
24284	2
24285	3
24286	1
24287	3
24288	3
24289	3
24290	2
24293	3
24294	4
24295	3
24296	1
24297	1
24299	2
24300	1
24302	2
24303	4
24305	1
24307	3
24308	3
24309	3
24310	2
24311	3
24312	1
24314	2
24315	2
24316	5
24317	1
24318	4
24319	4
24320	1
24321	2
24322	1
24323	4
24324	5
24325	2
24326	1
24327	1
24329	2
24330	3
24331	2
24332	1
24333	3
24334	2
24335	3
24336	1
24337	1
24338	1
24339	5
24340	2
24341	1
24343	2
24345	2
24346	1
24347	2
24348	2
24349	4
24350	2
24351	1
24352	2
24353	2
24354	1
24355	1
24356	2
24358	1
24359	4
24360	1
24362	1
24363	2
24364	1
24365	3
24366	1
24367	2
24368	1
24369	4
24370	3
24371	2
24373	4
24374	2
24375	1
24376	4
24377	2
24379	1
24381	1
24382	3
24383	3
24384	1
24385	4
24386	3
24387	1
24388	2
24389	1
24391	4
24393	2
24394	4
24395	2
24396	2
24397	3
24398	4
24399	1
24400	3
24401	2
24402	2
24403	3
24404	2
24405	4
24407	2
24408	4
24409	3
24410	4
24411	1
24412	2
24413	3
24415	3
24416	1
24417	1
24418	1
24420	1
24421	1
24423	4
24424	3
24425	2
24426	2
24427	1
24428	2
24429	1
24430	1
24431	3
24434	7
24436	2
24437	5
24438	2
24439	2
24440	1
24441	1
24442	2
24443	4
24444	3
24445	1
24446	1
24447	2
24448	3
24450	4
24452	3
24453	1
24454	2
24456	2
24457	1
24458	1
24459	2
24460	1
24461	3
24462	3
24463	4
24464	1
24466	2
24467	2
24468	5
24469	2
24470	3
24471	2
24474	3
24475	1
24476	1
24477	1
24478	1
24479	1
24480	1
24481	4
24482	2
24483	2
24484	1
24485	1
24486	3
24487	1
24488	1
24489	2
24490	1
24492	4
24493	3
24494	1
24495	2
24496	1
24497	2
24498	2
24499	1
24500	2
24501	2
24502	1
24503	2
24504	1
24506	3
24507	3
24508	3
24509	3
24510	3
24511	2
24512	2
24513	1
24514	2
24515	3
24516	2
24517	1
24518	1
24520	1
24521	2
24522	2
24524	1
24525	3
24527	2
24528	3
24529	2
24530	1
24531	1
24532	1
24533	2
24535	3
24536	4
24538	3
24539	4
24540	1
24541	1
24542	2
24543	2
24544	1
24545	3
24546	3
24547	1
24550	1
24551	3
24552	1
24553	1
24554	2
24555	2
24556	2
24557	2
24558	3
24559	3
24560	3
24561	1
24562	1
24563	1
24564	4
24566	1
24567	1
24569	1
24571	4
24572	5
24573	4
24574	3
24575	2
24576	3
24577	4
24579	1
24580	3
24581	2
24582	3
24583	2
24584	2
24585	1
24586	3
24587	4
24588	2
24589	1
24590	2
24591	1
24592	3
24594	2
24595	3
24596	1
24597	1
24598	2
24600	2
24601	1
24602	1
24603	4
24604	3
24606	2
24607	2
24608	6
24609	4
24610	2
24611	2
24612	1
24614	1
24615	3
24616	2
24617	5
24618	1
24619	3
24621	1
24622	4
24623	2
24624	1
24625	1
24626	5
24628	1
24629	3
24630	1
24631	1
24632	2
24633	2
24636	1
24638	1
24639	2
24640	3
24641	2
24642	1
24643	1
24644	4
24645	1
24646	1
24648	1
24650	1
24651	4
24652	2
24653	3
24654	3
24655	2
24656	2
24657	4
24658	3
24659	1
24661	1
24662	2
24664	2
24665	1
24667	1
24668	1
24669	2
24670	2
24671	2
24672	1
24673	3
24674	3
24675	2
24676	2
24677	3
24678	1
24679	3
24681	1
24682	1
24684	2
24685	3
24686	2
24688	1
24689	1
24690	1
24691	1
24692	1
24695	4
24696	3
24697	1
24700	2
24701	4
24702	3
24704	1
24706	6
24707	5
24708	5
24709	2
24710	1
24711	2
24712	2
24713	2
24714	2
24715	2
24716	1
24717	2
24718	1
24719	2
24722	2
24724	3
24726	1
24728	1
24729	2
24730	3
24731	2
24733	1
24734	1
24735	3
24736	3
24738	4
24739	1
24740	1
24741	2
24742	1
24744	1
24745	1
24747	1
24748	2
24749	1
24750	2
24751	1
24752	2
24753	1
24754	2
24755	2
24756	1
24757	2
24758	2
24759	2
24760	4
24761	2
24762	4
24763	1
24764	1
24765	3
24767	2
24768	1
24769	1
24770	1
24771	2
24772	1
24773	1
24774	3
24775	1
24777	2
24779	3
24780	1
24781	2
24782	3
24783	1
24784	2
24785	3
24786	3
24787	2
24789	2
24790	2
24791	1
24792	1
24793	3
24794	1
24795	1
24798	1
24799	1
24800	3
24801	2
24802	1
24803	5
24804	2
24805	3
24807	1
24809	1
24810	1
24811	4
24812	2
24813	2
24815	1
24817	1
24818	1
24819	1
24820	2
24821	3
24822	1
24824	2
24825	2
24826	1
24827	2
24828	3
24829	2
24830	3
24831	2
24832	2
24833	2
24834	1
24837	2
24838	2
24839	2
24840	2
24841	3
24842	3
24843	1
24844	3
24845	2
24847	3
24848	1
24849	2
24850	3
24851	1
24852	3
24853	2
24854	1
24855	3
24856	1
24858	1
24859	2
24860	3
24862	1
24863	1
24864	3
24865	3
24866	2
24867	2
24869	1
24870	2
24871	1
24872	5
24874	1
24876	2
24878	1
24879	3
24880	1
24881	1
24882	1
24884	1
24886	3
24887	1
24888	2
24889	1
24890	1
24891	3
24892	2
24893	2
24894	1
24895	1
24896	1
24897	4
24898	3
24900	1
24901	2
24903	2
24904	1
24905	2
24907	2
24908	2
24909	2
24910	1
24911	1
24912	3
24913	2
24915	3
24916	2
24917	2
24918	1
24919	2
24920	7
24922	1
24923	1
24925	2
24927	2
24928	1
24929	2
24930	2
24931	1
24932	3
24933	2
24935	2
24936	1
24937	3
24938	1
24939	2
24940	3
24941	1
24943	1
24944	3
24945	2
24948	2
24949	2
24950	1
24952	1
24953	2
24954	2
24955	3
24956	1
24957	3
24958	1
24959	3
24960	3
24962	2
24963	3
24964	2
24965	2
24966	2
24968	3
24969	2
24971	2
24973	1
24974	1
24975	4
24976	2
24977	5
24978	2
24979	2
24980	2
24982	1
24983	3
24985	4
24986	2
24988	6
24989	1
24990	3
24991	5
24992	3
24993	2
24994	2
24995	3
24996	1
24998	2
24999	1
25001	2
25002	1
25003	3
25005	2
25006	3
25007	3
25008	1
25009	2
25011	1
25012	3
25013	2
25014	1
25015	1
25016	2
25017	2
25019	2
25020	2
25022	1
25023	2
25024	2
25025	2
25026	1
25027	2
25028	2
25029	3
25031	3
25033	2
25034	5
25035	1
25037	1
25038	3
25039	1
25040	2
25041	3
25042	4
25043	4
25044	2
25046	1
25048	2
25049	1
25050	2
25052	1
25054	3
25056	2
25058	3
25059	2
25060	3
25061	2
25062	2
25063	1
25065	1
25066	3
25067	2
25068	1
25069	1
25070	1
25071	3
25072	4
25073	1
25074	1
25075	1
25077	3
25079	3
25080	1
25081	3
25083	1
25085	1
25087	2
25089	4
25091	3
25092	1
25093	3
25094	3
25095	3
25096	2
25097	2
25098	7
25099	1
25100	2
25101	1
25102	3
25103	2
25104	1
25105	1
25107	1
25108	1
25109	2
25110	3
25111	5
25112	1
25113	1
25114	3
25115	1
25117	2
25119	3
25120	2
25122	2
25123	5
25124	1
25125	1
25126	1
25128	1
25129	3
25131	1
25132	3
25133	1
25134	1
25135	1
25138	1
25139	2
25141	3
25142	1
25144	3
25145	2
25146	1
25147	2
25148	1
25150	2
25151	3
25152	2
25153	3
25154	2
25155	1
25157	6
25159	1
25160	1
25161	2
25162	2
25163	2
25165	1
25166	2
25167	2
25168	3
25169	3
25170	1
25172	4
25176	1
25177	2
25178	1
25179	3
25180	3
25182	2
25183	1
25184	1
25185	2
25187	3
25188	3
25189	4
25190	9
25191	1
25192	1
25193	2
25194	1
25195	2
25196	1
25197	2
25199	1
25200	3
25201	2
25202	2
25203	3
25204	2
25206	1
25207	3
25208	1
25209	3
25210	2
25212	2
25213	2
25214	3
25215	4
25216	2
25218	4
25219	2
25220	2
25222	3
25223	1
25224	1
25225	1
25226	3
25227	2
25228	4
25230	2
25231	2
25233	1
25234	2
25235	6
25238	1
25240	1
25241	1
25243	2
25244	2
25246	4
25247	1
25249	1
25250	1
25251	2
25253	1
25255	3
25256	3
25257	2
25259	4
25260	2
25261	2
25263	1
25264	2
25265	4
25266	1
25267	2
25268	3
25269	1
25270	3
25272	1
25273	1
25274	2
25275	2
25276	3
25279	3
25280	4
25281	2
25282	1
25283	4
25284	1
25285	2
25287	1
25289	2
25290	3
25291	1
25292	3
25293	2
25294	3
25295	4
25296	3
25297	1
25298	1
25299	1
25300	2
25301	2
25303	2
25304	3
25305	3
25309	2
25310	1
25311	1
25312	2
25314	2
25315	2
25316	1
25317	2
25318	3
25319	2
25321	1
25322	1
25323	4
25324	1
25325	2
25326	2
25328	3
25331	3
25332	3
25333	3
25334	1
25335	1
25337	1
25338	2
25339	3
25341	4
25343	2
25345	3
25346	1
25347	2
25348	2
25349	1
25350	1
25351	1
25353	3
25354	2
25355	2
25357	4
25358	3
25360	3
25361	2
25362	1
25363	1
25364	1
25365	2
25366	4
25367	3
25368	1
25369	4
25370	2
25371	2
25373	1
25374	1
25375	1
25376	2
25377	1
25378	2
25379	2
25380	1
25381	1
25382	5
25384	2
25388	3
25389	2
25390	1
25393	1
25395	1
25396	1
25397	1
25399	2
25400	3
25402	1
25403	2
25405	1
25407	1
25409	2
25410	4
25411	1
25412	1
25415	1
25416	2
25418	1
25419	2
25420	5
25421	3
25422	3
25423	2
25424	1
25425	3
25426	3
25427	2
25428	3
25429	4
25430	1
25431	2
25432	1
25433	1
25434	1
25435	1
25437	2
25438	2
25439	2
25440	1
25443	2
25444	1
25449	1
25450	1
25453	1
25454	2
25456	1
25458	2
25461	1
25462	5
25463	2
25464	1
25465	1
25467	1
25468	2
25469	1
25470	2
25471	1
25472	1
25473	1
25475	2
25476	2
25477	2
25478	1
25479	1
25480	1
25482	1
25485	1
25486	2
25487	1
25488	1
25489	3
25490	1
25492	1
25494	3
25495	1
25496	2
25497	1
25498	2
25499	2
25500	1
25501	3
25502	1
25503	3
25505	2
25506	1
25507	2
25509	2
25510	2
25511	1
25512	1
25513	3
25514	2
25515	1
25516	2
25517	1
25519	2
25520	1
25521	1
25524	2
25526	1
25528	2
25529	2
25530	3
25531	4
25532	5
25533	1
25534	2
25535	1
25536	2
25537	3
25538	2
25540	1
25541	2
25542	2
25543	1
25544	3
25545	2
25546	1
25547	4
25548	1
25549	2
25550	1
25551	1
25554	2
25555	2
25556	1
25557	1
25558	1
25562	3
25563	2
25565	1
25566	1
25567	1
25568	1
25569	1
25570	1
25571	2
25572	1
25574	2
25575	4
25577	1
25578	1
25581	1
25582	2
25583	1
25584	1
25585	1
25586	1
25587	2
25588	1
25589	2
25590	2
25591	1
25592	2
25593	2
25594	1
25595	1
25596	1
25597	2
25598	1
25600	2
25602	2
25603	1
25604	2
25605	1
25606	1
25607	1
25608	1
25609	1
25610	2
25611	1
25613	1
25614	1
25615	1
25618	1
25619	1
25621	1
25622	1
25623	1
25624	4
25626	6
25628	2
25629	1
25630	2
25633	3
25634	1
25635	2
25637	2
25638	1
25639	1
25640	1
25642	4
25643	3
25644	1
25646	2
25647	1
25648	1
25649	1
25650	1
25651	1
25652	3
25653	1
25654	3
25655	1
25656	1
25657	3
25660	3
25661	3
25662	2
25663	1
25664	1
25665	2
25667	3
25668	3
25669	1
25670	1
25671	3
25673	1
25674	3
25675	1
25676	1
25679	2
25680	2
25681	1
25682	3
25685	1
25687	2
25690	2
25691	1
25692	5
25693	3
25694	3
25695	2
25696	2
25697	1
25698	1
25700	1
25701	3
25702	1
25703	1
25704	3
25706	2
25707	2
25708	1
25709	1
25710	2
25711	1
25712	1
25713	3
25714	1
25715	2
25719	1
25721	1
25722	1
25723	1
25724	2
25725	1
25726	2
25727	1
25728	1
25729	2
25730	2
25731	3
25733	1
25734	1
25736	1
25737	2
25739	1
25740	1
25741	2
25742	1
25743	3
25744	1
25745	3
25746	1
25747	1
25748	3
25750	1
25752	3
25753	1
25754	4
25756	4
25757	3
25759	2
25760	2
25761	1
25762	4
25763	1
25764	3
25766	2
25767	2
25768	1
25769	3
25770	2
25772	1
25773	5
25775	3
25776	2
25777	1
25778	1
25779	2
25781	1
25783	1
25784	2
25785	1
25786	1
25788	1
25789	1
25790	4
25792	2
25793	2
25794	1
25795	1
25796	4
25798	1
25799	2
25802	1
25803	3
25804	3
25805	1
25807	2
25808	2
25809	1
25810	1
25811	1
25812	2
25813	1
25814	1
25815	1
25816	2
25817	2
25819	2
25820	2
25821	1
25822	1
25823	1
25824	1
25826	1
25827	2
25828	2
25829	2
25830	1
25831	2
25833	4
25834	1
25835	1
25837	3
25838	2
25839	2
25841	5
25842	4
25843	2
25846	2
25847	4
25849	1
25850	2
25851	1
25852	2
25853	1
25854	2
25855	1
25856	4
25857	2
25858	3
25859	1
25860	3
25861	2
25862	1
25863	1
25864	1
25865	2
25866	3
25867	1
25868	2
25870	2
25871	2
25872	1
25873	1
25874	1
25875	1
25876	4
25877	1
25878	2
25879	3
25880	1
25881	2
25882	2
25883	1
25885	1
25887	1
25888	1
25889	1
25890	1
25894	1
25895	4
25896	1
25897	1
25898	2
25900	3
25901	1
25902	3
25904	1
25905	1
25906	1
25908	1
25909	3
25911	2
25913	2
25916	1
25917	3
25918	2
25920	2
25921	4
25922	2
25923	1
25925	1
25926	2
25927	1
25928	1
25929	3
25930	1
25931	1
25933	1
25934	2
25936	4
25937	1
25938	3
25939	2
25940	1
25942	3
25943	1
25944	3
25945	1
25946	3
25947	1
25950	2
25951	1
25952	1
25953	2
25954	3
25955	1
25956	1
25957	1
25958	2
25959	5
25960	2
25961	1
25963	1
25964	2
25965	1
25966	2
25968	3
25969	1
25970	2
25971	1
25972	3
25973	3
25975	4
25976	2
25977	2
25978	1
25980	1
25981	1
25982	2
25984	5
25985	1
25986	2
25987	3
25988	1
25990	1
25991	1
25992	1
25993	1
25994	1
25995	1
25997	4
25998	2
25999	1
26000	1
26001	1
26002	1
26003	1
26005	1
26006	3
26008	2
26009	1
26010	3
26011	3
26012	1
26013	3
26015	1
26016	3
26017	2
26018	2
26020	1
26021	3
26022	1
26023	1
26024	2
26025	1
26029	1
26030	4
26031	2
26033	2
26034	1
26035	1
26036	1
26037	1
26039	2
26040	3
26041	2
26042	1
26044	1
26045	4
26047	1
26048	1
26049	1
26050	1
26051	3
26052	1
26053	1
26054	2
26055	3
26056	2
26059	1
26060	1
26061	1
26063	1
26064	1
26065	3
26067	3
26069	1
26070	1
26072	4
26073	3
26074	3
26075	2
26076	1
26077	3
26079	1
26080	1
26081	2
26085	1
26086	2
26087	2
26088	1
26089	2
26090	2
26092	1
26093	1
26094	1
26095	3
26096	2
26097	1
26098	2
26099	1
26101	1
26103	2
26104	1
26105	2
26107	1
26110	1
26111	3
26112	1
26113	1
26114	2
26116	2
26117	1
26118	1
26120	2
26122	2
26123	3
26124	1
26126	1
26127	1
26129	2
26131	1
26132	3
26133	3
26134	2
26135	1
26137	1
26139	1
26140	1
26144	3
26145	2
26147	1
26148	4
26149	2
26151	1
26153	1
26154	1
26155	2
26157	3
26158	1
26159	4
26161	3
26162	1
26163	2
26164	2
26165	1
26166	3
26167	1
26168	1
26169	2
26170	1
26171	3
26174	2
26175	2
26176	1
26177	2
26178	4
26179	3
26180	1
26181	2
26183	2
26184	3
26186	1
26187	1
26188	1
26189	2
26190	1
26191	4
26192	1
26193	2
26194	1
26195	1
26196	3
26197	1
26199	1
26200	2
26201	1
26202	3
26205	1
26207	1
26208	3
26209	1
26210	1
26211	1
26212	5
26213	2
26214	3
26215	2
26216	1
26217	1
26219	1
26220	3
26221	2
26222	1
26223	3
26224	2
26226	1
26227	6
26228	2
26229	3
26230	1
26231	2
26232	1
26233	1
26235	1
26236	3
26237	1
26238	1
26240	1
26243	2
26244	2
26245	2
26246	1
26247	3
26249	3
26250	1
26253	2
26254	3
26255	2
26257	1
26259	2
26260	3
26261	2
26265	2
26267	1
26268	1
26270	2
26271	3
26272	1
26274	2
26275	1
26276	2
26277	1
26278	2
26280	1
26281	3
26282	1
26283	2
26284	2
26285	2
26286	1
26287	1
26288	2
26291	4
26292	2
26294	1
26295	3
26296	1
26297	2
26298	2
26299	1
26300	1
26301	2
26302	1
26303	2
26304	1
26305	1
26306	3
26307	3
26308	2
26311	1
26313	1
26314	1
26315	1
26317	2
26318	2
26319	2
26320	1
26321	3
26322	1
26323	1
26324	2
26325	2
26326	1
26327	1
26328	2
26331	2
26332	1
26334	3
26335	1
26336	2
26338	1
26339	1
26340	3
26341	2
26342	1
26343	2
26344	1
26345	1
26346	4
26347	3
26348	1
26351	3
26352	1
26353	4
26354	2
26356	3
26357	1
26361	1
26362	4
26363	1
26364	2
26366	1
26367	2
26368	1
26369	3
26370	3
26371	1
26372	1
26375	4
26377	2
26379	1
26380	1
26382	2
26383	2
26384	1
26385	1
26386	2
26387	1
26388	4
26392	4
26393	1
26395	1
26396	1
26397	2
26398	3
26399	2
26400	1
26402	2
26403	2
26404	2
26405	3
26406	1
26407	2
26408	3
26409	3
26410	3
26412	1
26413	1
26414	1
26416	1
26417	2
26418	2
26419	2
26420	1
26421	2
26423	1
26424	2
26425	3
26426	1
26427	1
26428	2
26429	2
26430	2
26431	1
26434	1
26435	1
26436	3
26437	1
26438	3
26439	2
26440	1
26442	1
26443	1
26444	2
26445	1
26446	3
26447	1
26448	1
26449	2
26451	1
26452	1
26453	2
26454	2
26455	3
26456	1
26457	2
26458	1
26461	1
26462	1
26463	2
26464	2
26465	3
26467	1
26469	1
26471	3
26474	1
26475	1
26479	3
26480	1
26481	1
26482	2
26483	2
26485	3
26487	3
26488	2
26489	5
26491	2
26492	1
26493	2
26494	3
26496	1
26497	2
26498	1
26499	3
26501	1
26502	2
26505	1
26506	2
26508	1
26509	1
26512	1
26513	1
26514	1
26515	3
26516	1
26518	1
26520	3
26521	2
26522	2
26523	2
26524	1
26525	3
26528	1
26529	1
26530	2
26531	3
26534	1
26535	3
26536	1
26539	1
26540	1
26543	1
26546	2
26547	1
26548	1
26549	3
26550	2
26554	1
26556	2
26557	1
26561	2
26562	1
26563	2
26564	1
26565	1
26567	2
26568	1
26570	2
26573	1
26576	2
26579	2
26580	1
26582	3
26583	1
26585	2
26586	1
26587	2
26589	1
26590	1
26591	3
26592	2
26593	2
26594	1
26595	1
26596	3
26597	2
26599	2
26600	2
26602	2
26603	2
26604	1
26605	3
26606	2
26607	1
26608	1
26610	1
26611	3
26612	3
26613	3
26614	1
26615	1
26616	1
26617	1
26618	1
26620	1
26621	3
26622	1
26623	2
26624	1
26625	1
26626	1
26627	2
26629	1
26630	2
26632	1
26634	2
26635	1
26636	1
26638	1
26639	1
26640	1
26641	1
26642	3
26643	2
26644	2
26645	1
26647	1
26648	3
26651	2
26655	3
26656	1
26657	1
26658	1
26659	1
26662	2
26663	1
26664	6
26665	1
26666	2
26669	1
26670	1
26673	1
26674	2
26675	3
26677	3
26678	1
26680	1
26681	5
26682	1
26683	1
26684	1
26685	3
26687	2
26688	1
26689	1
26690	1
26691	1
26692	2
26693	1
26695	2
26696	3
26697	1
26698	1
26699	2
26701	2
26703	2
26704	1
26705	1
26707	1
26709	3
26710	1
26711	1
26712	1
26715	1
26717	1
26718	1
26719	3
26720	2
26721	1
26722	1
26723	1
26724	1
26725	2
26726	5
26727	1
26729	1
26732	2
26733	1
26734	1
26735	1
26736	4
26737	2
26739	2
26740	1
26742	1
26743	1
26744	1
26746	2
26747	1
26748	1
26749	2
26750	1
26751	1
26752	3
26753	1
26754	2
26755	1
26756	1
26758	1
26759	3
26762	1
26764	1
26765	1
26767	2
26771	1
26772	1
26773	2
26775	1
26776	2
26777	3
26778	1
26779	1
26782	1
26783	3
26784	1
26785	2
26786	1
26787	2
26789	2
26790	1
26791	2
26792	1
26794	2
26796	2
26797	3
26799	1
26801	1
26802	3
26804	2
26806	3
26807	2
26811	1
26812	1
26813	1
26814	1
26815	2
26816	5
26817	1
26818	2
26819	1
26820	2
26822	1
26823	2
26824	2
26826	3
26827	2
26828	2
26830	3
26832	1
26834	1
26838	1
26839	3
26841	1
26842	1
26843	2
26844	1
26845	1
26846	5
26847	1
26848	2
26849	1
26850	1
26852	2
26853	4
26855	4
26856	2
26857	1
26858	2
26861	2
26862	3
26863	1
26865	2
26868	1
26869	3
26870	4
26871	2
26872	1
26873	1
26874	4
26875	1
26879	1
26880	2
26883	1
26884	3
26886	1
26887	3
26888	1
26889	3
26890	1
26891	1
26896	1
26898	1
26899	3
26900	2
26901	1
26902	1
26903	1
26904	2
26906	2
26907	1
26908	2
26909	1
26913	2
26914	3
26915	3
26916	1
26918	1
26919	1
26920	1
26921	2
26922	2
26926	1
26927	3
26929	2
26930	1
26933	3
26936	2
26938	1
26939	1
26940	1
26942	2
26943	4
26944	2
26945	1
26946	1
26947	1
26948	1
26949	1
26950	1
26951	1
26952	1
26953	3
26954	3
26956	2
26957	1
26958	2
26959	2
26960	1
26961	1
26962	1
26963	1
26964	1
26965	2
26967	2
26968	1
26969	1
26970	2
26972	1
26973	2
26974	2
26975	1
26976	1
26977	3
26978	1
26979	1
26980	1
26981	1
26982	2
26983	2
26984	2
26985	1
26986	2
26987	6
26988	1
26989	1
26991	1
26995	1
26996	3
26998	1
26999	1
27000	1
27001	2
27003	3
27004	2
27005	1
27006	4
27007	2
27008	2
27009	2
27010	1
27011	2
27015	1
27016	3
27018	1
27019	1
27020	3
27021	1
27022	1
27023	2
27024	4
27025	1
27027	1
27028	1
27029	1
27031	2
27033	2
27034	2
27035	1
27038	1
27039	2
27040	1
27041	2
27042	1
27044	2
27045	4
27046	3
27047	2
27048	1
27050	4
27051	1
27052	2
27053	3
27054	1
27057	1
27059	1
27060	1
27061	1
27063	1
27064	1
27065	1
27066	1
27067	1
27068	2
27069	1
27070	2
27072	1
27073	2
27075	1
27076	1
27077	1
27078	1
27079	1
27080	2
27081	1
27082	1
27085	2
27088	4
27089	1
27090	4
27091	2
27092	1
27093	2
27094	3
27095	3
27097	1
27100	1
27101	1
27102	1
27103	1
27105	2
27106	2
27108	5
27109	1
27111	1
27113	2
27117	1
27118	1
27122	1
27123	1
27126	2
27127	5
27131	1
27133	4
27135	2
27136	4
27137	1
27139	1
27140	1
27142	1
27143	1
27144	1
27146	2
27149	1
27150	2
27152	1
27154	1
27155	1
27156	1
27157	1
27158	1
27160	1
27161	3
27162	1
27164	3
27165	2
27167	2
27168	1
27169	1
27171	2
27172	1
27174	1
27175	1
27176	1
27177	3
27178	3
27179	1
27181	1
27182	2
27184	2
27185	2
27186	1
27187	1
27188	1
27189	1
27190	2
27192	3
27193	2
27194	1
27195	1
27197	1
27198	1
27199	3
27200	1
27201	1
27203	1
27204	1
27205	2
27206	4
27207	1
27211	2
27212	1
27213	1
27215	2
27216	1
27217	2
27218	2
27219	1
27220	1
27222	2
27224	2
27225	1
27226	2
27229	2
27231	1
27232	3
27234	1
27235	1
27236	1
27237	3
27238	2
27240	3
27242	2
27243	2
27244	1
27245	2
27246	1
27249	3
27252	1
27255	1
27256	3
27258	1
27260	4
27261	1
27262	1
27264	3
27265	3
27266	1
27267	2
27270	1
27272	3
27273	1
27277	1
27278	1
27281	1
27283	1
27284	1
27286	1
27287	3
27288	3
27289	2
27290	3
27291	1
27292	1
27293	2
27294	1
27295	1
27296	1
27298	3
27299	1
27300	1
27302	2
27303	1
27306	3
27307	1
27308	2
27309	1
27312	1
27314	1
27316	2
27317	2
27321	1
27323	2
27324	1
27327	1
27328	2
27329	1
27332	3
27333	2
27334	3
27336	2
27338	1
27339	2
27340	1
27343	1
27345	3
27346	1
27347	1
27348	1
27350	1
27351	1
27352	1
27353	2
27358	1
27360	2
27361	4
27363	1
27364	1
27365	1
27366	1
27367	1
27368	1
27370	1
27371	3
27372	1
27374	6
27377	1
27378	1
27380	1
27381	1
27383	3
27388	1
27390	3
27391	1
27394	1
27395	2
27396	2
27398	2
27400	1
27401	1
27404	2
27406	1
27409	2
27412	2
27413	2
27414	1
27415	3
27416	1
27417	3
27418	1
27420	1
27422	2
27424	1
27426	1
27429	1
27431	1
27432	2
27435	2
27436	2
27437	2
27441	3
27443	1
27444	1
27447	1
27448	1
27449	1
27450	2
27451	2
27452	2
27453	1
27456	1
27458	1
27460	1
27463	1
27464	1
27466	1
27467	1
27468	2
27470	2
27472	1
27474	1
27481	4
27485	1
27486	1
27487	2
27489	1
27490	1
27491	1
27492	3
27493	1
27494	1
27495	1
27496	1
27497	1
27500	1
27501	3
27502	2
27507	2
27509	1
27510	2
27511	4
27512	3
27513	1
27514	2
27515	1
27517	1
27518	2
27519	1
27521	1
27522	3
27524	1
27525	2
27526	2
27527	1
27531	2
27532	1
27533	2
27535	3
27537	2
27538	2
27542	2
27543	1
27544	2
27545	1
27547	1
27548	2
27549	2
27550	1
27551	1
27552	1
27553	3
27554	1
27558	1
27559	2
27563	2
27564	1
27567	1
27569	1
27570	1
27571	1
27572	1
27573	5
27574	1
27575	1
27576	1
27577	2
27578	1
27580	1
27582	2
27583	2
27584	1
27587	1
27588	1
27589	1
27590	3
27591	2
27593	1
27594	2
27595	2
27596	1
27597	2
27598	6
27599	1
27600	1
27601	1
27603	1
27604	1
27605	2
27607	1
27608	2
27609	1
27610	1
27611	1
27612	1
27613	2
27614	1
27615	1
27616	1
27617	1
27618	2
27620	1
27621	1
27622	2
27623	2
27624	3
27625	1
27628	1
27631	3
27634	1
27637	2
27638	2
27639	2
27640	2
27645	1
27647	3
27648	1
27650	2
27652	2
27654	1
27658	4
27659	1
27664	3
27665	1
27667	1
27670	1
27672	3
27673	1
27674	1
27675	2
27677	2
27678	2
27680	2
27681	3
27682	2
27685	2
27688	3
27689	1
27690	2
27691	1
27692	1
27693	2
27694	1
27696	3
27697	2
27698	3
27699	2
27700	1
27701	1
27702	1
27703	1
27705	3
27706	1
27707	2
27708	1
27710	4
27711	1
27712	1
27713	1
27715	2
27716	1
27718	1
27719	1
27721	1
27722	1
27723	1
27724	2
27727	1
27729	1
27733	1
27734	2
27737	1
27739	2
27740	1
27744	2
27745	2
27746	2
27748	2
27749	2
27750	1
27752	1
27753	1
27755	1
27756	1
27757	1
27759	1
27764	1
27766	1
27768	2
27769	4
27770	2
27772	2
27773	2
27774	1
27775	1
27776	1
27777	1
27778	1
27779	2
27783	1
27784	1
27785	1
27787	1
27788	1
27789	2
27793	2
27794	1
27796	1
27797	1
27798	1
27799	1
27800	1
27803	2
27804	1
27806	1
27809	1
27810	4
27811	2
27813	2
27814	1
27817	2
27819	1
27823	1
27825	2
27826	1
27827	2
27828	4
27829	2
27830	5
27833	1
27834	2
27836	1
27838	2
27839	2
27840	2
27842	1
27847	7
27849	2
27850	1
27851	3
27852	1
27853	2
27858	1
27861	1
27862	3
27865	1
27866	1
27867	1
27868	2
27869	2
27871	2
27874	3
27875	2
27877	2
27878	1
27879	2
27880	1
27882	1
27883	2
27885	1
27886	1
27887	1
27888	1
27889	2
27892	2
27893	1
27894	1
27895	1
27896	2
27898	1
27900	2
27901	1
27902	1
27903	1
27904	1
27905	2
27907	1
27909	2
27911	1
27914	1
27917	1
27918	1
27920	1
27922	2
27924	1
27925	5
27927	3
27928	2
27929	1
27930	1
27931	1
27932	1
27933	2
27936	2
27938	1
27939	4
27940	3
27941	3
27942	4
27945	2
27946	2
27948	1
27950	2
27955	2
27956	2
27957	2
27958	2
27959	3
27960	1
27961	1
27962	1
27964	1
27966	1
27967	1
27968	1
27970	1
27971	1
27972	1
27974	4
27975	2
27976	1
27977	3
27978	1
27979	2
27980	1
27981	1
27983	2
27986	2
27987	1
27988	1
27990	5
27991	1
27992	1
27993	1
27994	1
27995	2
27996	1
27998	3
27999	1
28001	1
28003	2
28006	1
28007	2
28009	2
28010	3
28011	1
28013	2
28014	2
28015	1
28016	1
28018	1
28021	1
28023	2
28025	1
28026	1
28028	2
28029	3
28034	1
28035	1
28036	1
28042	1
28043	2
28044	1
28046	1
28049	1
28050	1
28051	2
28053	2
28059	1
28062	1
28063	1
28065	1
28067	2
28068	2
28073	1
28074	1
28076	2
28078	1
28079	1
28080	3
28081	1
28082	2
28083	1
28085	3
28087	4
28088	4
28089	1
28090	2
28091	1
28094	1
28095	1
28096	2
28097	1
28100	1
28103	2
28104	1
28105	1
28106	1
28108	1
28109	1
28113	1
28115	1
28117	1
28118	1
28120	3
28122	1
28123	1
28124	1
28126	1
28129	1
28131	1
28132	2
28137	2
28139	2
28140	1
28143	1
28144	1
28148	1
28149	1
28150	1
28151	1
28152	2
28153	1
28155	1
28156	1
28157	4
28158	3
28159	1
28162	1
28163	1
28164	1
28167	3
28169	1
28170	2
28171	1
28173	3
28174	1
28176	1
28177	3
28178	3
28179	3
28180	2
28182	3
28183	2
28184	1
28191	2
28192	2
28194	3
28196	1
28197	3
28198	1
28199	1
28200	2
28201	1
28204	2
28205	1
28206	2
28210	1
28211	1
28214	1
28216	1
28218	1
28221	2
28222	1
28224	1
28226	2
28230	2
28233	2
28234	1
28235	2
28236	1
28240	1
28241	4
28245	6
28246	1
28247	2
28249	1
28251	2
28252	3
28253	2
28254	1
28255	1
28256	1
28259	1
28260	2
28261	1
28262	3
28264	2
28265	1
28266	1
28267	1
28268	3
28270	1
28271	1
28272	1
28274	2
28277	1
28278	2
28281	1
28282	1
28283	2
28284	2
28285	1
28286	1
28288	2
28291	2
28293	1
28294	1
28296	1
28297	1
28298	5
28299	2
28302	3
28303	2
28304	1
28305	1
28306	1
28308	3
28311	1
28316	3
28322	1
28324	1
28325	2
28326	1
28327	1
28329	1
28330	3
28333	1
28334	1
28339	1
28341	1
28342	2
28343	1
28346	1
28347	1
28349	2
28350	2
28352	1
28353	2
28356	1
28357	1
28358	1
28359	1
28364	1
28365	1
28367	1
28370	2
28371	1
28372	3
28374	1
28378	1
28381	1
28382	1
28384	1
28385	1
28387	2
28388	3
28392	1
28393	1
28395	1
28398	1
28399	1
28401	1
28403	1
28404	1
28406	4
28410	1
28412	1
28414	1
28415	2
28416	2
28419	1
28423	3
28424	2
28425	1
28426	2
28429	2
28431	1
28435	1
28437	1
28438	1
28442	1
28443	2
28445	2
28447	2
28449	1
28450	1
28452	2
28453	1
28455	1
28456	1
28457	1
28459	1
28460	2
28461	2
28462	1
28463	2
28464	1
28466	1
28467	2
28468	2
28469	1
28471	1
28472	1
28474	1
28475	1
28476	1
28480	1
28481	1
28483	2
28485	1
28489	2
28491	1
28492	2
28493	2
28494	1
28497	1
28499	2
28500	1
28502	3
28503	2
28505	1
28506	2
28508	1
28509	2
28510	1
28511	1
28514	1
28515	2
28517	1
28518	1
28519	1
28521	2
28525	4
28529	1
28531	1
28534	1
28535	1
28536	2
28537	2
28538	1
28542	2
28543	2
28544	1
28545	1
28546	3
28547	1
28549	2
28552	2
28554	1
28557	2
28564	2
28565	2
28566	2
28567	3
28570	3
28573	1
28574	1
28575	1
28577	1
28579	2
28582	2
28583	2
28584	2
28585	1
28586	3
28587	1
28588	3
28591	1
28592	1
28593	3
28594	1
28595	2
28596	2
28597	4
28600	1
28601	2
28602	1
28603	1
28605	1
28608	2
28612	1
28613	2
28614	4
28615	1
28616	2
28618	1
28619	2
28621	1
28622	1
28625	1
28626	1
28627	1
28629	1
28631	1
28632	1
28633	2
28634	1
28635	2
28636	2
28638	2
28639	1
28640	3
28641	1
28642	2
28643	1
28644	1
28645	1
28646	1
28648	2
28649	1
28650	4
28651	2
28653	2
28654	1
28655	1
28661	1
28662	1
28663	2
28664	1
28665	2
28668	1
28669	3
28671	1
28673	1
28674	1
28677	1
28681	2
28683	2
28685	4
28688	1
28689	1
28692	1
28693	1
28695	1
28696	2
28697	2
28698	3
28699	1
28700	1
28702	1
28704	2
28707	1
28708	2
28713	2
28714	1
28715	1
28716	3
28718	3
28719	1
28720	1
28721	1
28724	1
28725	1
28729	1
28730	2
28734	3
28737	2
28738	1
28739	1
28741	1
28742	1
28743	2
28744	2
28748	2
28749	1
28750	1
28751	1
28753	2
28755	1
28756	1
28757	1
28758	3
28759	1
28760	2
28761	1
28762	1
28763	2
28764	1
28765	1
28767	1
28772	2
28773	1
28774	1
28777	2
28778	2
28779	1
28781	2
28784	1
28787	1
28791	2
28792	1
28793	3
28796	2
28798	1
28799	1
28805	2
28806	2
28807	1
28809	1
28812	1
28813	1
28818	2
28819	1
28820	1
28821	1
28823	1
28825	1
28829	1
28830	3
28832	2
28833	1
28836	1
28837	1
28839	1
28840	1
28843	1
28844	2
28845	2
28846	2
28848	1
28849	1
28850	1
28852	2
28853	1
28854	2
28855	1
28856	2
28858	2
28859	1
28862	1
28864	1
28865	2
28867	1
28868	2
28874	1
28875	2
28877	1
28878	1
28879	1
28881	1
28883	3
28885	1
28887	1
28890	3
28891	1
28894	1
28897	1
28898	2
28899	1
28900	1
28903	1
28904	3
28908	1
28909	1
28911	1
28912	2
28917	2
28918	3
28919	3
28921	1
28922	3
28924	3
28925	3
28926	1
28927	1
28928	1
28931	1
28932	2
28934	1
28935	1
28936	1
28937	1
28939	1
28940	2
28941	1
28942	1
28943	1
28945	3
28946	2
28947	1
28948	1
28949	1
28950	3
28951	1
28952	2
28956	1
28959	1
28960	1
28962	3
28963	3
28965	2
28968	1
28969	1
28971	1
28972	1
28974	1
28978	2
28981	1
28982	1
28984	1
28985	1
28987	2
28989	1
28991	1
28993	1
28995	2
28996	1
28997	2
28999	1
29002	3
29003	1
29004	3
29005	4
29006	1
29007	1
29009	1
29010	1
29011	2
29013	2
29015	1
29017	1
29018	1
29021	1
29025	2
29027	1
29028	2
29029	1
29031	1
29032	1
29035	3
29036	1
29037	2
29038	1
29041	1
29043	2
29049	1
29050	2
29051	1
29053	2
29054	4
29058	2
29059	1
29060	2
29061	1
29065	1
29067	1
29068	1
29070	1
29074	1
29075	1
29076	2
29078	1
29079	1
29080	1
29084	1
29088	1
29089	1
29091	1
29092	1
29093	1
29094	1
29095	1
29099	1
29100	1
29102	6
29103	1
29104	1
29105	1
29106	1
29109	1
29110	1
29111	1
29116	2
29119	1
29120	1
29121	1
29124	1
29125	1
29126	2
29128	1
29129	1
29130	3
29135	2
29136	1
29138	1
29139	2
29140	1
29143	2
29144	3
29146	1
29147	1
29149	2
29150	1
29151	1
29152	1
29153	1
29154	1
29158	1
29159	1
29160	1
29162	2
29165	1
29168	1
29169	1
29172	1
29175	1
29176	1
29177	1
29179	1
29181	1
29185	1
29186	2
29187	3
29188	1
29194	2
29196	2
29197	2
29199	3
29201	3
29202	1
29203	1
29204	1
29206	1
29208	1
29211	1
29212	3
29214	1
29215	1
29216	1
29218	3
29220	2
29221	1
29222	1
29224	3
29225	2
29226	1
29231	3
29233	1
29234	2
29235	2
29237	1
29239	2
29241	1
29245	2
29247	1
29248	3
29251	1
29252	1
29255	1
29256	2
29259	1
29260	1
29261	2
29264	1
29265	1
29267	1
29268	1
29272	2
29273	1
29277	1
29278	2
29279	4
29286	2
29287	1
29288	1
29289	2
29290	2
29294	3
29295	3
29296	3
29297	1
29298	2
29301	1
29303	1
29305	1
29306	1
29308	2
29310	1
29311	1
29313	1
29314	1
29319	1
29322	1
29323	2
29324	1
29325	1
29328	2
29329	2
29330	1
29333	1
29335	4
29338	3
29339	1
29340	1
29341	1
29345	1
29347	1
29348	2
29352	1
29353	1
29354	2
29357	2
29358	2
29359	1
29360	1
29364	1
29365	1
29366	1
29367	1
29371	2
29372	2
29374	1
29375	1
29376	3
29377	1
29380	1
29381	1
29382	3
29383	2
29385	1
29391	1
29394	2
29396	1
29400	1
29402	1
29406	1
29413	1
29414	1
29417	1
29419	2
29420	1
29421	1
29422	2
29423	1
29424	1
29425	2
29426	1
29431	3
29432	2
29433	1
29434	1
29435	3
29436	2
29439	3
29441	2
29442	2
29443	1
29444	1
29445	2
29447	1
29449	1
29451	2
29455	1
29456	3
29458	2
29460	2
29462	1
29463	2
29465	2
29466	4
29467	1
29468	3
29470	2
29474	1
29476	1
29477	1
29478	1
29480	1
29481	2
29485	1
29487	2
29489	1
29490	3
29491	2
29492	1
29493	1
29496	1
29498	2
29500	1
29502	1
29504	2
29506	1
29507	1
29509	1
29511	2
29512	1
29513	1
29514	1
29521	1
29522	1
29525	2
29526	3
29527	2
29528	1
29529	2
29531	1
29532	1
29534	1
29535	1
29536	1
29538	1
29540	1
29543	1
29544	2
29545	1
29546	1
29547	1
29549	1
29550	2
29554	2
29558	2
29560	2
29561	1
29562	1
29567	2
29568	1
29569	1
29574	1
29575	2
29577	2
29580	1
29581	1
29582	1
29583	1
29584	1
29585	2
29586	3
29587	1
29588	1
29592	3
29597	2
29598	1
29603	1
29604	1
29606	1
29609	1
29610	1
29611	1
29612	2
29613	1
29614	2
29615	1
29618	2
29620	3
29621	1
29622	2
29624	1
29626	2
29627	1
29628	1
29629	1
29633	3
29635	1
29636	1
29637	1
29638	1
29639	1
29641	1
29642	2
29644	1
29646	2
29647	1
29648	1
29649	1
29651	1
29655	2
29657	1
29658	1
29659	1
29660	1
29661	2
29663	1
29664	2
29668	1
29670	1
29673	1
29674	1
29675	2
29676	1
29677	1
29678	1
29679	1
29685	1
29686	1
29687	3
29688	1
29690	1
29691	2
29692	1
29694	1
29695	1
29697	1
29699	1
29700	3
29701	1
29702	1
29704	1
29705	2
29706	1
29707	2
29710	1
29713	2
29714	2
29715	4
29716	1
29717	2
29718	1
29720	1
29721	1
29723	1
29730	1
29731	2
29735	2
29739	1
29740	1
29742	2
29744	3
29745	1
29746	1
29748	1
29749	3
29750	1
29751	3
29753	1
29754	2
29755	1
29758	2
29760	1
29767	1
29769	2
29772	1
29773	2
29774	1
29775	2
29776	2
29777	3
29778	2
29782	2
29783	1
29784	1
29785	1
29789	1
29791	4
29793	1
29795	1
29798	1
29799	1
29805	1
29806	2
29810	1
29815	1
29816	1
29818	1
29819	1
29822	1
29823	1
29824	1
29825	2
29826	2
29831	2
29832	1
29833	1
29838	1
29839	2
29842	2
29846	1
29847	1
29849	2
29853	1
29855	2
29856	2
29857	1
29859	1
29860	1
29862	1
29863	1
29872	2
29873	1
29878	1
29879	2
29880	2
29882	1
29883	1
29884	2
29885	2
29887	1
29888	1
29889	1
29890	1
29891	1
29892	1
29894	1
29895	1
29897	1
29902	2
29905	2
29907	2
29908	1
29910	1
29914	1
29915	1
29916	1
29920	2
29921	2
29922	1
29924	1
29925	1
29928	2
29929	1
29931	2
29933	1
29936	2
29939	4
29940	1
29945	3
29948	1
29949	2
29952	1
29953	1
29954	1
29957	1
29958	1
29959	1
29960	2
29965	3
29966	1
29967	2
29970	1
29971	1
29973	1
29974	1
29977	1
29978	2
29985	1
29988	1
29992	1
29995	1
29996	1
30003	2
30004	1
30005	1
30009	2
30013	3
30019	1
30020	2
30021	1
30022	2
30025	1
30026	1
30027	1
30028	2
30029	3
30031	2
30033	1
30034	1
30036	1
30039	1
30041	1
30043	2
30044	3
30045	1
30047	1
30049	1
30050	1
30056	2
30057	3
30059	1
30060	1
30066	2
30067	1
30069	3
30074	2
30076	2
30077	2
30080	1
30081	3
30084	1
30086	1
30087	1
30090	1
30092	1
30093	1
30094	1
30096	1
30097	1
30099	2
30102	2
30105	1
30109	1
30111	1
30113	2
30114	1
30116	1
30117	2
30118	1
30119	1
30120	2
30123	2
30125	2
30128	1
30129	1
30131	1
30132	1
30138	1
30144	1
30145	1
30146	2
30148	1
30149	1
30150	1
30153	2
30154	2
30155	1
30162	3
30167	2
30170	1
30171	1
30172	1
30173	1
30175	3
30176	2
30177	1
30178	2
30179	1
30180	1
30181	2
30182	1
30183	1
30185	1
30186	1
30187	1
30188	2
30189	2
30190	1
30191	1
30192	1
30193	1
30195	1
30196	1
30198	1
30200	1
30202	2
30206	2
30207	1
30209	3
30211	1
30214	1
30217	1
30222	1
30223	1
30225	1
30227	1
30228	1
30229	2
30230	1
30232	2
30234	2
30235	1
30236	1
30241	1
30244	1
30245	1
30247	1
30252	2
30253	1
30254	1
30258	2
30259	1
30260	2
30264	3
30265	1
30266	2
30267	1
30268	1
30269	1
30274	2
30275	2
30277	3
30280	1
30281	2
30282	2
30286	1
30291	1
30292	1
30293	3
30297	1
30302	1
30303	2
30304	2
30305	1
30310	1
30316	1
30319	1
30320	1
30321	2
30322	1
30323	2
30325	1
30328	1
30329	1
30331	1
30333	1
30334	1
30338	2
30344	2
30345	1
30346	3
30349	1
30350	1
30351	2
30353	1
30355	1
30357	1
30358	1
30362	1
30364	1
30365	1
30366	1
30367	2
30372	2
30377	2
30381	1
30382	1
30383	1
30384	1
30385	1
30388	2
30391	1
30396	2
30397	2
30398	1
30399	1
30400	1
30403	1
30408	1
30411	1
30413	1
30415	2
30416	2
30421	1
30422	1
30423	1
30426	1
30427	1
30428	1
30431	3
30432	1
30436	1
30437	1
30438	1
30441	1
30444	1
30445	1
30452	1
30454	1
30457	1
30459	2
30461	2
30462	1
30463	1
30465	1
30466	1
30467	1
30469	1
30470	2
30471	2
30473	1
30475	1
30477	1
30480	2
30482	1
30483	2
30484	1
30485	1
30486	1
30489	1
30490	1
30491	1
30493	1
30495	2
30499	1
30500	1
30502	1
30504	1
30511	1
30512	1
30516	1
30518	1
30520	1
30522	2
30523	1
30524	1
30525	1
30528	2
30529	1
30531	1
30532	1
30535	1
30536	2
30537	2
30538	1
30539	2
30540	1
30542	1
30544	1
30545	1
30546	2
30548	2
30549	2
30551	1
30554	1
30557	1
30559	1
30560	1
30562	2
30570	1
30571	2
30572	1
30573	2
30575	1
30576	1
30578	3
30580	1
30581	1
30584	1
30587	2
30592	1
30594	1
30598	1
30600	2
30601	2
30602	3
30603	1
30607	1
30612	1
30614	1
30615	2
30616	2
30617	1
30618	1
30624	1
30631	1
30634	1
30635	1
30636	3
30637	1
30638	1
30645	1
30646	2
30648	1
30649	1
30653	1
30657	1
30660	1
30663	1
30665	1
30667	1
30668	1
30671	1
30676	1
30677	1
30680	3
30681	2
30682	1
30683	1
30684	2
30686	1
30688	2
30690	2
30694	3
30696	1
30697	1
30699	1
30701	1
30703	3
30705	1
30707	2
30708	2
30713	1
30718	1
30719	2
30721	1
30724	1
30725	1
30727	1
30733	1
30734	1
30738	1
30740	1
30742	2
30743	1
30744	2
30748	1
30752	1
30757	2
30758	1
30759	2
30760	1
30761	2
30764	2
30766	1
30768	2
30770	1
30773	1
30774	1
30775	1
30777	2
30778	1
30784	1
30788	1
30789	1
30790	2
30791	1
30793	2
30794	1
30800	2
30801	1
30807	1
30809	1
30811	1
30815	1
30816	1
30817	1
30821	1
30823	1
30829	1
30830	1
30831	1
30832	1
30835	1
30837	1
30838	1
30839	1
30840	1
30841	1
30843	1
30849	1
30854	1
30856	1
30858	1
30859	2
30861	1
30864	2
30866	1
30870	1
30876	1
30882	1
30887	1
30888	1
30893	1
30896	2
30897	1
30898	1
30901	2
30907	1
30911	1
30912	2
30913	1
30916	1
30918	1
30921	1
30922	1
30927	1
30930	1
30934	2
30936	2
30941	1
30942	1
30943	1
30944	1
30948	2
30951	1
30954	1
30955	2
30961	1
30964	2
30969	1
30977	1
30981	1
30982	2
30983	1
30984	1
30990	2
30992	2
30993	1
30995	1
30999	1
31000	1
31002	1
31005	2
31008	1
31009	1
31015	1
31017	1
31023	2
31024	3
31026	3
31029	2
31030	2
31031	1
31034	1
31035	1
31036	1
31037	1
31039	3
31042	1
31043	1
31045	1
31046	1
31048	2
31051	1
31052	1
31055	2
31056	1
31058	1
31059	1
31060	1
31063	2
31067	1
31069	1
31070	1
31071	1
31073	1
31074	2
31076	1
31078	1
31079	1
31082	2
31083	1
31084	2
31087	1
31088	1
31094	1
31099	1
31100	1
31101	2
31102	1
31104	1
31105	1
31106	1
31107	1
31111	2
31114	1
31115	1
31116	1
31119	1
31121	1
31123	1
31124	1
31125	1
31134	1
31137	1
31140	3
31147	1
31148	1
31150	1
31151	1
31152	1
31153	2
31161	2
31163	1
31171	1
31174	2
31176	1
31177	1
31181	1
31182	1
31186	1
31187	2
31191	1
31192	1
31196	1
31201	2
31205	1
31210	1
31212	2
31213	1
31215	1
31216	2
31219	1
31227	1
31230	1
31234	2
31235	2
31236	1
31237	1
31240	1
31243	2
31250	1
31251	1
31253	1
31255	1
31257	2
31258	1
31260	1
31261	1
31262	1
31267	1
31268	1
31271	1
31272	1
31276	1
31277	1
31279	1
31281	1
31285	2
31286	1
31287	1
31288	1
31291	1
31293	1
31294	1
31298	1
31300	1
31303	1
31305	1
31311	1
31313	2
31316	1
31319	2
31323	1
31329	1
31330	2
31334	1
31339	1
31343	1
31345	2
31347	1
31348	1
31352	1
31354	1
31355	1
31356	1
31358	1
31361	1
31364	1
31365	1
31366	1
31367	1
31372	1
31374	1
31375	2
31382	2
31386	1
31387	1
31389	1
31391	1
31396	2
31397	1
31398	1
31400	1
31401	1
31402	1
31406	1
31408	2
31411	1
31412	2
31413	1
31414	1
31419	1
31430	2
31433	2
31435	2
31437	1
31439	1
31440	1
31444	1
31445	1
31447	1
31450	1
31453	1
31455	4
31457	1
31461	1
31464	1
31471	1
31473	2
31476	2
31477	1
31482	1
31483	1
31485	1
31493	1
31495	1
31499	1
31502	1
31508	1
31509	1
31510	1
31514	3
31516	1
31526	1
31529	1
31532	2
31534	1
31535	2
31536	2
31539	2
31543	1
31544	1
31545	1
31548	1
31549	1
31553	1
31554	2
31555	1
31556	1
31559	1
31560	3
31562	1
31563	1
31564	1
31565	1
31569	1
31572	1
31574	1
31575	1
31580	1
31581	2
31582	1
31586	1
31589	1
31591	1
31592	1
31598	1
31599	2
31602	1
31604	1
31605	1
31607	1
31608	1
31612	1
31613	1
31614	1
31615	2
31620	3
31624	1
31626	3
31629	1
31631	1
31634	2
31636	1
31638	1
31639	1
31642	1
31645	1
31647	1
31649	1
31650	2
31655	1
31659	1
31660	1
31661	1
31662	1
31667	1
31670	1
31671	3
31681	1
31686	2
31690	1
31695	1
31701	2
31707	1
31708	1
31711	2
31714	1
31716	1
31718	1
31719	1
31724	1
31726	1
31732	1
31738	1
31743	1
31745	1
31747	1
31754	1
31755	2
31756	1
31757	1
31758	2
31763	1
31764	1
31766	1
31768	2
31771	1
31779	1
31781	2
31782	1
31786	1
31791	1
31792	1
31794	1
31795	1
31799	1
31800	1
31801	1
31802	1
31803	1
31806	1
31807	1
31811	1
31814	1
31823	1
31825	1
31827	1
31828	3
31829	1
31832	1
31836	1
31837	1
31839	2
31843	1
31845	1
31847	1
31848	1
31853	2
31855	1
31857	2
31858	1
31864	1
31871	1
31872	2
31875	1
31877	1
31878	1
31889	1
31890	2
31891	1
31895	1
31900	1
31901	1
31905	2
31908	1
31909	1
31912	1
31914	1
31917	2
31918	1
31920	1
31922	1
31927	1
31930	2
31932	1
31935	2
31940	1
31941	1
31942	1
31943	1
31947	2
31949	1
31951	2
31955	2
31957	1
31959	2
31961	1
31964	1
31966	1
31968	1
31971	1
31974	1
31976	1
31979	2
31982	1
31983	1
31986	2
31987	1
31993	1
31997	1
31999	1
32000	1
32005	1
32006	1
32007	1
32009	1
32010	1
32011	1
32014	1
32016	1
32017	1
32023	1
32027	1
32028	1
32032	2
32033	1
32034	1
32036	1
32037	1
32039	1
32040	1
32042	1
32045	1
32047	1
32051	2
32053	2
32057	2
32062	1
32064	1
32065	1
32070	1
32072	1
32074	1
32077	1
32080	1
32082	1
32084	2
32092	2
32103	1
32112	1
32117	2
32122	2
32127	2
32131	1
32133	1
32137	1
32138	1
32140	2
32144	1
32145	1
32148	1
32150	2
32152	2
32155	1
32158	1
32163	1
32164	1
32166	1
32167	1
32171	1
32172	1
32173	2
32179	1
32184	1
32187	1
32191	1
32204	1
32212	1
32214	1
32215	2
32217	1
32218	1
32219	1
32220	1
32221	2
32227	1
32228	2
32232	1
32233	1
32236	1
32247	1
32252	1
32254	1
32255	2
32258	1
32259	1
32262	1
32269	1
32273	1
32275	1
32276	3
32278	1
32280	1
32282	1
32290	1
32294	1
32297	1
32298	1
32304	1
32315	1
32316	1
32317	1
32318	1
32319	1
32322	1
32324	1
32328	1
32333	1
32343	1
32349	1
32351	1
32354	1
32356	1
32357	1
32362	1
32363	1
32369	2
32370	1
32371	2
32373	1
32374	1
32375	1
32376	1
32378	1
32382	1
32386	1
32392	2
32397	1
32398	2
32399	1
32403	1
32404	2
32406	1
32409	1
32410	1
32413	1
32416	1
32418	5
32419	2
32425	1
32426	1
32432	2
32434	1
32440	1
32441	1
32443	3
32453	1
32454	1
32455	1
32459	1
32461	1
32465	1
32466	1
32468	1
32469	1
32477	1
32478	2
32482	1
32483	1
32489	1
32491	1
32494	1
32495	1
32498	2
32504	1
32506	2
32508	1
32509	2
32513	2
32518	1
32520	1
32526	1
32528	1
32532	1
32535	1
32537	1
32541	2
32545	1
32547	1
32550	1
32556	2
32557	1
32562	1
32568	1
32569	1
32571	1
32574	2
32578	1
32584	1
32587	1
32588	1
32592	2
32593	1
32595	1
32599	1
32602	1
32603	1
32606	1
32607	2
32610	1
32611	1
32612	1
32616	1
32619	1
32622	1
32625	1
32626	1
32630	1
32632	1
32634	1
32644	1
32645	1
32647	1
32648	1
32651	1
32653	1
32663	1
32664	1
32667	1
32671	1
32672	1
32678	1
32684	1
32687	1
32688	1
32693	1
32700	1
32702	1
32708	2
32712	1
32715	1
32716	1
32718	1
32719	2
32722	1
32730	1
32732	2
32734	1
32736	1
32738	1
32741	1
32743	1
32748	1
32752	1
32753	1
32757	1
32765	1
32767	1
32770	1
32773	1
32779	1
32781	1
32786	1
32794	2
32796	1
32797	1
32805	1
32811	1
32816	1
32821	1
32826	1
32832	1
32836	1
32837	1
32844	1
32853	1
32854	1
32862	1
32868	2
32870	2
32874	1
32880	1
32883	1
32887	2
32889	1
32898	1
32899	1
32902	1
32906	1
32912	2
32913	1
32914	1
32918	1
32921	1
32925	3
32928	1
32929	3
32931	1
32932	1
32936	1
32937	2
32938	1
32941	1
32943	1
32945	1
32951	1
32957	1
32958	1
32959	1
32962	1
32963	2
32964	1
32967	1
32968	3
32970	1
32977	1
32982	1
32983	2
32991	1
32995	2
32999	1
33000	1
33002	1
33005	1
33006	1
33007	1
33013	1
33030	1
33035	1
33037	1
33041	1
33044	1
33045	1
33047	1
33048	1
33051	2
33063	1
33064	1
33069	1
33070	1
33072	2
33075	1
33077	1
33081	1
33082	1
33085	1
33087	1
33090	1
33091	1
33094	1
33103	1
33109	1
33110	1
33113	1
33116	1
33118	1
33120	1
33121	1
33125	2
33129	2
33133	1
33135	1
33137	1
33139	1
33145	1
33146	1
33152	2
33154	1
33158	1
33160	1
33163	1
33165	1
33166	2
33168	1
33171	1
33173	1
33174	1
33178	1
33189	2
33191	1
33193	1
33194	2
33195	1
33197	1
33205	1
33208	1
33212	1
33219	1
33220	1
33222	1
33225	1
33230	2
33232	1
33235	1
33236	1
33237	2
33241	1
33244	1
33246	1
33250	1
33251	1
33261	1
33267	1
33268	1
33269	2
33275	1
33278	1
33280	1
33281	1
33288	1
33297	1
33303	2
33323	1
33326	1
33328	1
33329	2
33330	2
33331	1
33336	1
33337	2
33340	2
33342	1
33343	1
33346	1
33349	1
33354	1
33368	1
33374	1
33379	2
33381	1
33384	1
33385	1
33387	1
33390	1
33391	1
33392	1
33393	1
33395	1
33396	1
33400	1
33402	1
33403	1
33404	1
33407	1
33412	1
33421	1
33426	1
33430	1
33434	1
33435	1
33438	1
33439	2
33440	1
33441	1
33442	1
33443	1
33444	1
33446	1
33450	2
33453	1
33462	1
33469	1
33472	1
33475	1
33476	1
33479	1
33480	1
33481	1
33483	1
33488	1
33494	1
33495	1
33500	2
33505	1
33520	1
33529	1
33542	1
33544	1
33547	1
33550	1
33552	1
33553	1
33569	1
33571	1
33573	2
33575	1
33578	1
33582	1
33583	3
33585	1
33588	1
33594	1
33606	1
33608	1
33609	1
33617	1
33621	1
33622	1
33626	3
33631	1
33633	3
33637	1
33641	1
33643	2
33644	1
33646	1
33654	1
33655	1
33657	1
33658	1
33665	1
33666	1
33668	1
33675	1
33679	1
33682	2
33687	1
33689	1
33691	1
33699	1
33702	1
33706	1
33714	1
33715	1
33718	1
33731	1
33733	1
33734	1
33740	1
33749	1
33760	1
33778	1
33786	1
33787	1
33789	1
33791	2
33795	1
33796	1
33797	1
33799	1
33803	1
33806	1
33811	1
33813	1
33815	1
33816	3
33822	1
33824	1
33825	1
33829	1
33832	1
33833	1
33837	2
33838	3
33850	1
33854	1
33860	1
33861	1
33867	1
33868	2
33873	1
33875	1
33877	2
33879	1
33884	1
33893	2
33894	1
33896	1
33901	1
33904	1
33906	1
33916	1
33923	2
33930	1
33934	1
33937	1
33940	2
33948	2
33949	1
33950	1
33951	2
33953	1
33957	2
33958	1
33960	1
33964	1
33965	1
33971	1
33984	1
33988	1
33990	1
34000	1
34002	2
34007	1
34010	1
34011	2
34017	1
34022	1
34026	1
34029	1
34031	1
34035	1
34039	1
34056	1
34059	1
34061	1
34063	1
34070	1
34073	1
34078	2
34080	1
34084	1
34093	1
34097	1
34104	1
34107	2
34108	1
34109	1
34111	1
34113	1
34116	2
34119	1
34126	1
34132	1
34157	1
34158	1
34163	1
34168	1
34176	1
34182	1
34190	1
34199	1
34206	1
34207	1
34210	1
34213	1
34222	1
34225	1
34229	2
34233	1
34237	1
34238	1
34239	1
34247	2
34251	1
34254	1
34258	1
34263	1
34276	2
34278	1
34281	2
34283	1
34286	1
34294	1
34301	1
34303	1
34308	1
34314	1
34319	1
34320	1
34322	1
34324	1
34325	1
34327	1
34332	1
34333	1
34347	1
34354	1
34355	1
34357	1
34358	1
34359	1
34362	1
34366	1
34367	2
34372	1
34374	1
34384	1
34385	1
34390	1
34392	1
34395	1
34396	1
34397	1
34398	1
34400	1
34401	1
34403	1
34405	1
34407	1
34409	1
34411	1
34414	1
34419	2
34425	2
34428	1
34441	1
34442	1
34445	1
34456	1
34458	1
34463	1
34464	1
34483	1
34495	1
34496	2
34498	1
34499	1
34501	1
34504	1
34505	1
34508	2
34511	1
34513	1
34522	1
34524	2
34526	1
34529	1
34535	1
34544	1
34545	1
34550	1
34552	1
34555	1
34559	1
34566	1
34567	1
34571	1
34574	1
34585	1
34587	2
34589	1
34590	1
34594	1
34595	1
34600	1
34607	1
34610	1
34616	1
34636	1
34638	1
34644	1
34646	1
34658	1
34662	1
34668	1
34678	1
34688	1
34694	1
34699	1
34704	1
34710	1
34715	1
34716	1
34722	1
34725	1
34728	2
34733	1
34735	1
34749	1
34750	1
34755	1
34764	2
34765	1
34766	1
34771	1
34779	1
34782	1
34789	1
34796	1
34800	1
34809	1
34811	1
34813	1
34814	1
34817	1
34825	1
34826	1
34830	1
34834	1
34836	2
34837	1
34839	1
34841	1
34842	1
34844	1
34852	1
34867	1
34870	1
34871	1
34873	1
34883	1
34885	1
34897	1
34904	1
34912	2
34925	1
34926	1
34928	1
34930	1
34934	1
34935	2
34942	1
34943	1
34944	1
34945	1
34956	1
34957	1
34962	1
34966	1
34969	1
34970	1
34972	1
34975	2
34988	1
35003	1
35004	1
35011	1
35012	1
35014	1
35019	1
35033	1
35034	1
35035	1
35050	1
35054	1
35056	2
35059	1
35060	1
35065	1
35098	1
35099	1
35101	1
35102	1
35103	1
35115	1
35118	1
35126	1
35131	1
35134	2
35135	1
35147	1
35154	1
35164	1
35176	1
35180	1
35184	1
35190	1
35195	1
35198	1
35215	2
35217	1
35223	2
35233	1
35234	1
35235	1
35239	1
35251	1
35253	1
35272	1
35274	2
35279	1
35283	1
35285	2
35286	1
35287	1
35299	1
35305	1
35312	1
35316	1
35320	1
35324	1
35329	1
35334	1
35337	1
35340	1
35343	1
35344	1
35353	1
35357	1
35369	1
35384	1
35385	1
35387	1
35391	1
35394	1
35403	1
35407	1
35413	1
35415	1
35418	1
35435	1
35442	1
35450	1
35454	1
35456	1
35464	1
35466	1
35467	1
35472	1
35474	1
35480	1
35481	1
35486	1
35490	1
35496	1
35497	1
35508	1
35512	1
35524	1
35530	1
35536	1
35549	1
35562	1
35568	1
35593	1
35595	1
35598	3
35609	1
35617	1
35627	1
35641	1
35649	1
35653	2
35659	1
35662	1
35668	1
35670	1
35671	1
35692	1
35698	1
35706	1
35707	1
35709	2
35719	1
35721	1
35728	1
35733	1
35736	1
35742	1
35746	1
35748	1
35750	1
35781	1
35817	1
35826	1
35830	1
35831	1
35838	1
35841	1
35862	1
35867	1
35872	1
35873	1
35881	1
35885	1
35900	1
35913	1
35915	2
35916	2
35923	1
35932	1
35934	1
35937	1
35941	1
35956	1
35964	1
35975	1
35987	1
36004	1
36005	1
36017	1
36021	1
36037	1
36038	1
36044	1
36045	1
36046	2
36059	1
36064	1
36066	1
36069	1
36079	1
36083	1
36110	1
36113	1
36114	2
36116	1
36117	1
36123	1
36125	1
36128	1
36139	1
36144	1
36154	1
36155	1
36158	1
36173	1
36174	1
36179	1
36188	1
36205	1
36207	1
36209	1
36214	1
36215	1
36222	1
36224	1
36227	1
36232	1
36239	1
36241	1
36248	1
36268	1
36271	1
36272	1
36275	1
36276	1
36307	1
36309	1
36313	1
36325	1
36326	2
36327	1
36345	1
36367	1
36381	1
36387	1
36400	1
36406	1
36407	1
36409	1
36418	1
36421	1
36431	1
36436	1
36441	1
36451	1
36453	1
36460	1
36466	1
36480	1
36498	1
36510	1
36519	1
36523	1
36528	1
36537	1
36544	1
36582	1
36591	1
36608	1
36648	1
36658	1
36685	1
36704	1
36713	1
36716	1
36726	1
36727	1
36732	1
36737	1
36744	1
36748	1
36768	1
36784	1
36789	1
36796	1
36818	1
36825	1
36827	1
36842	1
36843	1
36848	1
36855	1
36856	1
36858	1
36859	1
36868	1
36874	1
36877	1
36908	1
36911	1
36929	1
36932	1
36937	1
36945	1
36959	1
36965	1
36978	1
36991	1
36997	1
36998	1
36999	1
37037	2
37048	1
37064	1
37074	1
37131	1
37141	1
37143	1
37146	1
37149	2
37160	1
37165	1
37196	1
37209	1
37230	1
37233	1
37236	1
37262	1
37290	1
37296	1
37312	1
37327	1
37335	1
37350	1
37352	1
37365	1
37387	1
37394	1
37403	1
37416	1
37447	1
37465	1
37480	1
37496	1
37506	1
37529	1
37531	1
37538	1
37546	1
37558	1
37561	1
37581	1
37584	1
37587	1
37594	1
37595	1
37614	1
37661	1
37675	1
37699	2
37715	1
37744	1
37745	1
37748	2
37757	1
37770	1
37777	1
37780	1
37786	1
37801	1
37810	1
37815	1
37817	1
37819	1
37822	1
37830	1
37844	1
37845	1
37846	1
37868	1
37869	1
37940	1
37951	1
37972	1
37977	1
37993	1
37997	1
38002	1
38010	1
38022	1
38031	1
38041	1
38045	1
38059	1
38060	1
38076	1
38077	1
38078	1
38088	1
38153	1
38155	1
38159	1
38163	1
38167	1
38172	1
38180	1
38181	1
38185	1
38187	1
38196	1
38207	1
38215	1
38221	1
38230	1
38238	1
38267	1
38298	1
38311	1
38315	1
38343	1
38387	1
38404	1
38420	1
38423	1
38439	1
38471	1
38501	1
38511	1
38513	1
38528	1
38575	2
38588	2
38598	1
38612	1
38628	1
38637	1
38641	1
38674	1
38706	1
38722	1
38742	1
38761	1
38778	1
38792	1
38805	1
38817	1
38839	1
38866	1
38872	1
38942	1
38954	1
38962	1
38966	1
39026	1
39029	1
39050	1
39052	1
39095	1
39133	2
39154	1
39156	1
39162	1
39204	1
39227	1
39240	1
39241	1
39294	1
39335	1
39353	1
39446	1
39461	1
39489	1
39507	1
39530	1
39556	1
39588	1
39595	1
39634	1
39657	1
39680	1
39739	1
39740	1
39774	1
39783	1
39836	1
39942	1
39960	1
39965	1
39983	1
39995	1
40006	1
40025	1
40110	1
40133	1
40139	1
40172	1
40181	1
40191	1
40293	1
40308	1
40314	1
40365	1
40371	1
40426	1
40440	1
40454	1
40458	1
40557	1
40587	1
40618	1
40650	1
40667	1
40678	1
40738	1
40754	1
40768	1
40784	1
40846	1
40856	1
40881	1
40971	1
41141	1
41316	1
41410	1
41420	1
41447	1
41559	1
41560	1
41589	1
41608	1
41632	1
41697	1
41884	1
41938	1
42089	1
42201	1
42210	1
42218	1
42291	1
42401	1
42426	1
42633	1
42682	1
42902	1
43034	1
43051	1
43087	1
43127	1
43163	1
43173	1
43248	1
43466	1
43477	1
43544	1
43613	1
43768	1
43970	1
44054	1
44100	1
44154	1
44253	1
44839	1
45781	1
45790	1
45911	1
47079	1
47815	1
51022	1
